endTime,artistName,trackName,msPlayed,genre
2024-02-07 20:50,Salim–Sulaiman,Tujh Mein Rab Dikhta Hai,170667,bollywood
2024-02-09 21:21,Maggie Lindemann,Couple of Kids,1700,pop
2024-03-14 16:45,Post Malone,I Like You (A Happier Song) (with Doja Cat),192840,Hip-Hop
2024-03-14 17:05,Noah Kahan,Dial Drunk (with Post Malone),88348,indie
2024-03-14 17:09,Kendrick Lamar,All The Stars (with SZA),232186,hip hop
2024-03-14 17:13,Juice WRLD,Lucid Dreams,239835,melodic rap
2024-03-14 17:16,Travis Scott,HIGHEST IN THE ROOM,175720,rap
2024-03-14 17:20,French Montana,Unforgettable,233901,Hip-Hop
2024-03-14 17:24,ZAYN,I Don’t Wanna Live Forever (Fifty Shades Darker),247160,pop
2024-03-14 17:26,Trevor Daniel,Falling,159381,pop
2024-03-14 17:30,Travis Scott,goosebumps,243836,rap
2024-03-14 17:38,Powfu,death bed (coffee for your head),173333,Hip-Hop
2024-03-14 17:41,XXXTENTACION,SAD!,166605,emo rap
2024-03-14 17:43,XXXTENTACION,Everybody Dies In Their Nightmares,95466,emo rap
2024-03-14 17:45,mgk,my ex's best friend (with blackbear),139460,opera
2024-03-14 17:49,Lil Nas X,INDUSTRY BABY (feat. Jack Harlow),212352,Hip-Hop
2024-03-14 17:51,Jack Harlow,Lovin On Me,138411,rap
2024-03-14 17:53,XXXTENTACION,Revenge,120026,emo rap
2024-03-14 17:56,Post Malone,Hollywood's Bleeding,156266,Hip-Hop
2024-03-14 17:59,Frank Ocean,Pink + White,184516,rnb
2024-03-14 18:02,The Weeknd,Heartless,198266,rnb
2024-03-14 18:05,Post Malone,Motley Crew,184213,Hip-Hop
2024-03-14 18:08,Post Malone,Cooped Up (with Roddy Ricch),185857,Hip-Hop
2024-03-14 18:11,Jonas Brothers,Sucker,181026,pop
2024-03-14 18:15,The Weeknd,Die For You (with Ariana Grande) - Remix,232857,rnb
2024-03-14 18:18,Halsey,Bad At Love,181279,pop
2024-03-14 18:21,"Tyler, The Creator",See You Again (feat. Kali Uchis),180386,Hip-Hop
2024-03-14 18:23,Tory Lanez,Hurts Me,140800,rnb
2024-03-14 18:27,The Weeknd,Can't Feel My Face,213520,rnb
2024-03-14 18:30,blackbear,hot girl bummer,188343,electronic
2024-03-14 18:34,Eminem,Godzilla (feat. Juice WRLD),210800,rap
2024-03-14 18:38,The Weeknd,Starboy,230453,rnb
2024-03-14 18:42,G-Eazy,Him & I (with Halsey),15567,Hip-Hop
2024-03-14 18:42,Glass Animals,Heat Waves,238805,electronic
2024-03-14 18:45,LE SSERAFIM,EASY,164545,k-pop
2024-03-14 18:46,Sabrina Carpenter,Nonsense,85281,pop
2024-03-14 18:49,LE SSERAFIM,EASY,166054,k-pop
2024-03-14 18:52,Sabrina Carpenter,Nonsense,163648,pop
2024-03-14 18:55,Jung Kook,Standing Next to You,206019,k-pop
2024-03-14 18:57,Tate McRae,greedy,131872,pop
2024-03-14 19:01,BTS,Run BTS,204939,k-pop
2024-03-14 19:04,BLACKPINK,How You Like That,182956,k-pop
2024-03-14 19:08,The Weeknd,"One Of The Girls (with JENNIE, Lily Rose Depp)",244684,rnb
2024-03-14 19:11,Sabrina Carpenter,Feather,185552,pop
2024-03-14 19:14,Jung Kook,Yes or No,129262,k-pop
2024-03-14 19:17,SZA,Snooze,201800,rnb
2024-03-14 19:21,H.E.R.,Could've Been (feat. Bryson Tiller),252746,r&b
2024-03-14 19:25,GIVĒON,For Tonight,193821,r&b
2024-03-14 19:28,Vedo,You Got It,203144,rnb
2024-03-14 19:31,KAYTRANADA,Intimidated (feat. H.E.R.),207840,seen live
2024-03-14 19:42,Tems,Found (feat. Brent Faiyaz),56507,afrobeats
2024-03-15 22:22,Anuv Jain,Alag Aasmaan,799,indian indie
2024-03-15 22:22,Anuv Jain,Alag Aasmaan,2458,indian indie
2024-03-15 22:27,Anuv Jain,Riha,287312,indian indie
2024-03-15 22:30,Anuv Jain,Husn,217894,indian indie
2024-03-15 22:35,Anuv Jain,Riha,287312,indian indie
2024-03-15 22:39,Anuv Jain,Alag Aasmaan,212750,indian indie
2024-03-15 22:44,Anuv Jain,Riha,325662,indian indie
2024-03-15 22:48,Anuv Jain,Husn,217894,indian indie
2024-03-15 22:53,Anuv Jain,Riha,287312,indian indie
2024-03-15 22:56,Anuv Jain,Alag Aasmaan,212750,indian indie
2024-03-15 23:08,Anuv Jain,Riha,101558,indian indie
2024-03-23 06:45,Anuv Jain,Husn,3260,indian indie
2024-03-23 17:23,New West,Those Eyes,220750,seen live
2024-03-23 17:24,Anuv Jain,Riha,63090,indian indie
2024-03-23 17:28,Travis Scott,MY EYES,251249,rap
2024-03-23 17:33,Travis Scott,goosebumps,243836,rap
2024-03-23 17:37,Anuv Jain,Husn,960,indian indie
2024-03-23 17:37,Anuv Jain,Riha,1100,indian indie
2024-03-23 17:37,Anuv Jain,Riha,960,indian indie
2024-03-23 17:37,Anuv Jain,Alag Aasmaan,55569,indian indie
2024-03-24 17:24,Idina Menzel,Show Yourself,580,musicals
2024-03-24 17:24,Paravi,Skeleton,120780,USA
2024-03-28 17:05,Olivia Rodrigo,vampire,219724,pop
2024-03-28 17:08,Olivia Rodrigo,bad idea right?,184783,pop
2024-03-28 17:12,Ruth B.,Dandelions,233720,pop
2024-03-28 17:14,Olivia Rodrigo,favorite crime,152666,pop
2024-03-28 17:18,Olivia Rodrigo,deja vu,215506,pop
2024-03-28 17:20,OneRepublic,I Ain't Worried,148485,soft pop
2024-03-28 17:25,Travis Scott,MY EYES,251249,rap
2024-03-28 17:27,Olivia Rodrigo,all-american bitch,165833,pop
2024-03-28 17:31,Shawn Mendes,There's Nothing Holdin' Me Back,199440,pop
2024-03-28 17:34,Billie Eilish,watch,177523,pop
2024-03-28 17:36,Belle Sisoski,Hold On,135891,hip hop
2024-03-28 17:40,Ace of Base,Happy Nation,255413,eurodance
2024-03-28 17:43,Benson Boone,Beautiful Things,180304,pop
2024-03-28 17:45,Richy Mitch & The Coal Miners,Evergreen,87000,folk
2024-03-28 17:46,S3BZS,MONTAGEM - PR FUNK,61673,phonk
2024-03-28 17:47,CURSEDEVIL,TUCA DONKA,75692,phonk
2024-03-28 17:50,The Neighbourhood,Softcore,206280,indie
2024-03-28 17:55,Travis Scott,MY EYES,251249,rap
2024-03-28 17:57,Isabel LaRosa,older,137778,pop
2024-03-28 18:00,Eurythmics,Sweet Dreams (Are Made of This) - 2005 Remaster,216933,new wave
2024-03-28 18:02,SUICIDAL-IDOL,ecstacy (slowed),119120,hyperpop
2024-03-28 18:04,Bee Gees,Stayin' Alive - Edited Version,92866,disco
2024-03-28 18:07,Elley Duhé,MIDDLE OF THE NIGHT,184453,pop
2024-03-28 18:11,Eminem,Mockingbird,250760,rap
2024-03-28 18:14,Icona Pop,I Love It (feat. Charli XCX),157152,electronic
2024-03-28 18:16,Artemas,i like the way you kiss me,142514,pop
2024-03-28 18:19,SMiLE.dk,Butterfly,177453,europop
2024-03-28 18:21,Tate McRae,greedy,131872,pop
2024-03-28 18:24,Djo,End of Beginning,159245,psychedelic pop
2024-03-28 18:28,The Weeknd,"One Of The Girls (with JENNIE, Lily Rose Depp)",244684,rnb
2024-03-28 18:31,Kali Uchis,Moonlight,187723,rnb
2024-03-28 18:43,Rihanna,Diamonds,120508,pop
2024-03-30 16:36,美波,カワキヲアメク,8405,anime
2024-03-30 20:51,美波,カワキヲアメク,228289,anime
2024-03-30 20:55,LiSA,紅蓮華,237586,k-pop
2024-03-30 20:59,TK from Ling tosite sigure,unravel,238360,anime
2024-03-30 21:03,BriCie,Unravel (English Version),243140,anime
2024-03-30 21:20,yama,色彩,192175,Stoner Rock
2024-03-30 21:31,Goose house,光るなら,43279,anime
2024-04-02 17:17,yama,色彩,192175,Stoner Rock
2024-04-02 17:21,RADWIMPS,Suzume,238560,anime
2024-04-02 17:23,Linked Horizon,Shinzo wo Sasageyo! - TV Size,90000,anime
2024-04-02 17:27,Goose house,光るなら,254133,anime
2024-04-02 17:31,美波,カワキヲアメク,251933,anime
2024-04-02 17:49,Akano,"Gurenge (From ""Demon Slayer: Kimetsu no Yaiba"")",59,anime
2024-04-02 20:52,Travis Scott,MY EYES,251249,rap
2024-04-02 20:54,Artemas,i like the way you kiss me,142514,pop
2024-04-02 20:55,Travis Scott,MY EYES,1705,rap
2024-04-02 20:55,Travis Scott,TOPIA TWINS (feat. Rob49 & 21 Savage),48267,rap
2024-04-02 20:55,New West,Those Eyes,1148,seen live
2024-04-02 20:55,New West,Those Eyes,5331,seen live
2024-04-02 20:55,The Weeknd,Reminder,53,rnb
2024-04-02 20:59,The Weeknd,Reminder,218880,rnb
2024-04-02 21:03,Grimes,Kill V. Maim,246013,art pop
2024-04-02 21:06,The Buttress,Brutus (Instrumental),200000,Horrorcore
2024-04-02 21:09,XXXTENTACION,Moonlight,135090,emo rap
2024-04-02 21:12,Anuv Jain,Husn,217894,indian indie
2024-04-02 21:17,Anuv Jain,Riha,287312,indian indie
2024-04-02 21:20,A Boogie Wit da Hoodie,Drowning (feat. Kodak Black),209269,melodic rap
2024-04-02 21:23,Noah Cyrus,July,156106,pop
2024-04-02 21:26,Lou Bliss,Killing Butterflies,170000,
2024-04-02 21:30,Niall Horan,This Town,232852,pop
2024-04-02 21:33,Caroline Polachek,Sunset,162909,art pop
2024-04-02 21:35,SZA,Kill Bill,153946,rnb
2024-04-02 21:37,Madison Beer,Good In Goodbye,141949,pop
2024-04-02 21:40,Post Malone,Hollywood's Bleeding,156266,Hip-Hop
2024-04-02 21:43,League of Legends,Burn It All Down,201840,Soundtrack
2024-04-02 21:47,Kendrick Lamar,LOVE. FEAT. ZACARI.,213400,hip hop
2024-04-02 21:50,Lizzy McAlpine,ceilings,182887,indie pop
2024-04-02 21:53,All Time Low,Monsters (feat. blackbear),174067,pop punk
2024-04-02 21:56,Jagwar Twin,Happy Face,169760,electronic
2024-04-02 22:00,MAGIC!,Rude,224840,reggae
2024-04-02 22:08,Kali Uchis,Melting,15773,rnb
2024-04-03 16:49,Olivia Rodrigo,vampire,219724,pop
2024-04-03 16:52,Arctic Monkeys,I Wanna Be Yours,183956,indie
2024-04-03 16:57,Otaku,Kyoran Hey Kids!! (Noragami Aragoto),109732,lo-fi
2024-04-03 17:01,Paris Paloma,labour,237744,seen live
2024-04-03 17:20,The Weeknd,Stargirl Interlude,73560,rnb
2024-04-04 15:59,The Weeknd,Stargirl Interlude,38080,rnb
2024-04-04 16:02,Mitski,My Love Mine All Mine,137773,seen live
2024-04-04 16:06,Mitski,First Love/Late Spring,278640,seen live
2024-04-04 16:10,Mitski,Washing Machine Heart,128198,seen live
2024-04-04 16:20,Olivia Rodrigo,traitor,229226,pop
2024-04-04 16:24,The Weeknd,"One Of The Girls (with JENNIE, Lily Rose Depp)",244684,rnb
2024-04-04 16:27,Olivia Rodrigo,bad idea right?,184783,pop
2024-04-04 16:30,Alec Benjamin,If We Have Each Other,181522,pop
2024-04-04 16:34,Seafret,Atlantis,229173,indie
2024-04-04 16:37,Olivia Rodrigo,"jealousy, jealousy",173160,pop
2024-04-04 16:40,Harry Styles,As It Was,167303,pop
2024-04-04 16:42,Olivia Rodrigo,favorite crime,152666,pop
2024-04-04 16:45,Imagine Dragons,Demons,175200,indie
2024-04-04 16:49,d4vd,Here With Me,242484,rnb
2024-04-04 16:52,Stephen Sanchez,Until I Found You (with Em Beihold) - Em Beihold Version,176440,folk
2024-04-04 17:09,Olivia Rodrigo,deja vu,136603,pop
2024-04-04 17:12,Olivia Rodrigo,all-american bitch,165833,pop
2024-04-04 17:14,Tate McRae,greedy,131872,pop
2024-04-04 17:19,Hozier,Too Sweet,251424,blues
2024-04-04 17:20,Zeph,could you love me while i hate myself,60333,indie
2024-04-04 17:22,d4vd,Romantic Homicide,132630,rnb
2024-04-04 17:24,Olivia Rodrigo,favorite crime,152666,pop
2024-04-04 17:28,Ashe,Till Forever Falls Apart,222926,midwest emo
2024-04-04 17:31,Alec Benjamin,If We Have Each Other,181522,pop
2024-04-04 17:33,Isabel LaRosa,older,137778,pop
2024-04-04 17:37,Billie Eilish,when the party's over,196077,pop
2024-04-04 17:40,Olivia Rodrigo,Can’t Catch Me Now - from The Hunger Games: The Ballad of Songbirds & Snakes,205483,pop
2024-04-04 17:43,Chance Peña,i am not who i was,145438,folk
2024-04-04 17:45,Djo,End of Beginning,159245,psychedelic pop
2024-04-04 17:48,Alec Benjamin,Let Me Down Slowly,169353,pop
2024-04-04 17:50,The Weeknd,Stargirl Interlude,111626,rnb
2024-04-04 17:53,Billie Eilish,idontwannabeyouanymore,203569,pop
2024-04-04 17:56,Em Beihold,Numb Little Bug,169237,indie pop
2024-04-04 17:59,Olivia Rodrigo,brutal,143746,pop
2024-04-04 18:01,Stephen Sanchez,High,161567,folk
2024-04-04 18:05,Beach Weather,"Sex, Drugs, Etc.",196784,indie
2024-04-04 18:07,Isabel LaRosa,favorite,133608,pop
2024-04-04 18:11,Billie Eilish,everything i wanted,245425,pop
2024-04-04 18:14,Troye Sivan,Strawberries & Cigarettes,201538,pop
2024-04-04 18:17,Olivia Rodrigo,bad idea right?,184783,pop
2024-04-04 18:20,Alec Benjamin,King Size Bed,164184,pop
2024-04-04 18:23,Stephen Sanchez,Until I Found You (with Em Beihold) - Em Beihold Version,176440,folk
2024-04-04 18:26,Sabrina Carpenter,Feather,185552,pop
2024-04-04 18:29,Gracie Abrams,"I miss you, I’m sorry",167538,seen live
2024-04-04 18:32,Olivia Rodrigo,"jealousy, jealousy",173160,pop
2024-04-04 18:35,Melanie Martinez,Cake,199681,pop
2024-04-04 18:38,SZA,Kill Bill,153946,rnb
2024-04-04 18:41,Tate McRae,you broke me first,170226,pop
2024-04-04 18:44,Ashe,Moral of the Story (feat. Niall Horan) - Bonus Track,198515,midwest emo
2024-04-04 18:49,Olivia Rodrigo,teenage dream,222358,pop
2024-04-04 18:53,James Arthur,Train Wreck,208826,soft pop
2024-04-04 18:56,Dasha,Austin (Boots Stop Workin'),171782,pop
2024-04-04 18:58,Sabrina Carpenter,Nonsense,163648,pop
2024-04-04 19:02,Tate McRae,One Day,202340,pop
2024-04-04 19:05,Olivia Rodrigo,obsessed,170541,pop
2024-04-04 19:10,Billie Eilish,Happier Than Ever,298899,pop
2024-04-04 19:13,Lana Del Rey,Doin' Time,202192,female vocalists
2024-04-04 19:16,Benson Boone,Beautiful Things,180304,pop
2024-04-04 19:19,Noah Cyrus,July,156106,pop
2024-04-04 19:21,Olivia Rodrigo,"1 step forward, 3 steps back",163586,pop
2024-04-04 19:25,The Weeknd,"One Of The Girls (with JENNIE, Lily Rose Depp)",244684,rnb
2024-04-04 19:28,Tate McRae,that way,175026,pop
2024-04-04 19:31,Lauren Spencer Smith,Fingers Crossed,175344,pop
2024-04-04 19:34,Arctic Monkeys,I Wanna Be Yours,183956,indie
2024-04-04 19:38,Olivia Rodrigo,vampire,219724,pop
2024-04-04 19:42,Taylor Swift,Don’t Blame Me,236413,country
2024-04-04 19:44,Olivia Rodrigo,brutal,143746,pop
2024-04-04 19:48,Paris Paloma,labour,237744,seen live
2024-04-04 19:51,Isabel LaRosa,older,137778,pop
2024-04-04 19:54,Ashe,Till Forever Falls Apart,222926,midwest emo
2024-04-04 19:58,New West,Those Eyes,220750,seen live
2024-04-04 20:01,Olivia Rodrigo,Can’t Catch Me Now - from The Hunger Games: The Ballad of Songbirds & Snakes,205483,pop
2024-04-04 20:04,Djo,End of Beginning,159245,psychedelic pop
2024-04-04 20:06,d4vd,Romantic Homicide,132630,rnb
2024-04-04 20:10,Hozier,Too Sweet,251424,blues
2024-04-04 20:14,Ashe,Moral of the Story,201016,midwest emo
2024-04-04 20:16,Olivia Rodrigo,favorite crime,152666,pop
2024-04-04 20:20,Tate McRae,she's all i wanna be,207120,pop
2024-04-04 20:23,Doja Cat,Kiss Me More (feat. SZA),208666,pop
2024-04-04 20:27,Ruth B.,Dandelions,233720,pop
2024-04-04 20:30,The Weeknd,Save Your Tears (Remix) (with Ariana Grande) - Bonus Track,191013,rnb
2024-04-04 20:33,Olivia Rodrigo,all-american bitch,165833,pop
2024-04-04 20:37,d4vd,Here With Me,242484,rnb
2024-04-04 20:39,Tate McRae,greedy,131872,pop
2024-04-04 20:43,Lana Del Rey,Say Yes To Heaven,209156,female vocalists
2024-04-04 20:46,Miley Cyrus,Angels Like You,196453,pop
2024-04-04 20:49,Olivia Rodrigo,"All I Want - From ""High School Musical: The Musical: The Series""",177322,pop
2024-04-04 20:53,Billie Eilish,"What Was I Made For? [From The Motion Picture ""Barbie""]",222369,pop
2024-04-04 20:56,SZA,Nobody Gets Me,180853,rnb
2024-04-04 20:59,Tate McRae,exes,159400,pop
2024-04-04 21:01,Madison Beer,Good In Goodbye,141949,pop
2024-04-04 21:05,Olivia Rodrigo,get him back!,211141,pop
2024-04-04 21:07,Labrinth,Never Felt So Alone,160166,electronic
2024-04-04 21:10,Stephen Sanchez,High,161567,folk
2024-04-04 21:12,The Weeknd,Stargirl Interlude,111626,rnb
2024-04-04 21:15,James Arthur,Say You Won't Let Go,211466,soft pop
2024-04-04 21:19,Olivia Rodrigo,deja vu,215506,pop
2024-04-04 21:22,Lizzy McAlpine,ceilings,182887,indie pop
2024-04-04 21:25,Conan Gray,Wish You Were Sober,168880,seen live
2024-04-04 21:28,Billie Eilish,when the party's over,196077,pop
2024-04-04 21:31,Benson Boone,Ghost Town,193733,pop
2024-04-04 21:35,Olivia Rodrigo,ballad of a homeschooled girl,203369,pop
2024-04-04 21:37,Good Neighbours,Home,157485,indie
2024-04-04 21:40,Mitski,My Love Mine All Mine,137773,seen live
2024-04-04 21:43,Selena Gomez,Lose You To Love Me,206458,pop
2024-04-04 21:47,One Direction,Night Changes,226600,pop
2024-04-04 21:50,Sabrina Carpenter,Looking at Me,181120,pop
2024-04-04 21:53,Olivia Rodrigo,happier,175933,pop
2024-04-04 21:55,Conan Gray,People Watching,158536,seen live
2024-04-04 21:58,Kenya Grace,Strangers,172964,rnb
2024-04-04 22:16,Selena Gomez,People You Know,16297,pop
2024-04-05 22:57,Selena Gomez,People You Know,179614,pop
2024-04-05 23:00,Sarah Cothran,As the World Caves In,161612,pop
2024-04-05 23:03,Olivia Rodrigo,lacy,177212,pop
2024-04-05 23:07,Benson Boone,In The Stars,216410,pop
2024-04-05 23:11,James Arthur,Car's Outside,248373,soft pop
2024-04-05 23:14,Billie Eilish,Bored,180933,pop
2024-04-05 23:21,Olivia Rodrigo,bad idea right?,184783,pop
2024-04-05 23:25,Beach Weather,"Sex, Drugs, Etc.",196784,indie
2024-04-05 23:30,Beach House,Space Song,320466,dream pop
2024-04-05 23:34,Hozier,Would That I,268293,blues
2024-04-05 23:36,Coldplay,Sparks,104464,rock
2024-04-05 23:42,Lana Del Rey,Brooklyn Baby,351640,female vocalists
2024-04-05 23:48,Beach House,Space Song,263617,dream pop
2024-04-05 23:48,Stephen Sanchez,Until I Found You (with Em Beihold) - Em Beihold Version,1206,folk
2024-04-05 23:48,Sabrina Carpenter,Feather,1314,pop
2024-04-05 23:51,New West,Those Eyes - Sped Up,167658,seen live
2024-04-05 23:54,Olivia Rodrigo,"jealousy, jealousy",173160,pop
2024-04-05 23:57,The Weeknd,Die For You (with Ariana Grande) - Remix,232857,rnb
2024-04-06 00:00,Billie Eilish,watch,177523,pop
2024-04-06 00:03,Isabel LaRosa,favorite,133608,pop
2024-04-06 00:05,Tate McRae,Teenage Mind,155205,pop
2024-04-06 00:08,Stephen Sanchez,Until I Found You,176666,folk
2024-04-06 00:11,Olivia Rodrigo,good 4 u,178146,pop
2024-04-06 00:14,David Kushner,Mr. Forgettable,187293,indie
2024-04-06 00:18,Billie Eilish,lovely (with Khalid),200185,pop
2024-04-06 00:22,Lana Del Rey,Young And Beautiful,236053,female vocalists
2024-04-06 00:34,Ariana Grande,One Last Time,164093,pop
2024-04-06 03:09,Olivia Rodrigo,logical,231907,pop
2024-04-06 03:11,JVKE,this is what falling in love feels like,120308,indie pop
2024-04-06 03:14,Taylor Swift,Karma,204852,country
2024-04-06 03:17,Billie Eilish,Happier Than Ever - Edit,151444,pop
2024-04-06 03:20,David Kushner,Burn,179173,indie
2024-04-06 03:32,Olivia Rodrigo,enough for you,163994,pop
2024-04-08 14:48,Olivia Rodrigo,enough for you,40846,pop
2024-04-08 14:50,Alec Benjamin,King Size Bed,164184,pop
2024-04-08 14:53,Chance Peña,In My Room,177609,folk
2024-04-08 14:57,Conan Gray,Heather,198040,seen live
2024-04-08 15:01,Billie Eilish,everything i wanted,245425,pop
2024-04-08 15:04,Rachel Zegler,The Hanging Tree - from The Hunger Games: The Ballad of Songbirds & Snakes,143988,soul
2024-04-08 15:08,Olivia Rodrigo,traitor,229226,pop
2024-04-08 15:11,Alec Benjamin,If I Killed Someone For You,185122,pop
2024-04-08 15:32,Dua Lipa,Houdini,151055,pop
2024-04-09 01:38,David Kushner,Daylight,212953,indie
2024-04-09 01:41,Billie Eilish,idontwannabeyouanymore,203569,pop
2024-04-09 01:45,Sara Kays,Remember That Night?,227186,indie pop
2024-04-09 01:48,Em Beihold,Numb Little Bug,169237,indie pop
2024-04-09 01:51,Alec Benjamin,Different Kind Of Beautiful,2388,pop
2024-04-09 01:51,Olivia Rodrigo,stranger,1125,pop
2024-04-09 01:51,Olivia Rodrigo,stranger,192771,pop
2024-04-09 01:55,Alec Benjamin,Different Kind Of Beautiful,201007,pop
2024-04-09 01:57,Benson Boone,Slow It Down,161831,pop
2024-04-09 02:00,The Neighbourhood,You Get Me So High,153000,indie
2024-04-09 02:02,MARINA,Bubblegum Bitch,154666,pop
2024-04-09 02:06,Billie Eilish,ocean eyes,200560,pop
2024-04-09 02:36,Conan Gray,Maniac,10751,seen live
2024-04-10 19:27,Hozier,Too Sweet,251424,blues
2024-04-10 19:29,Olivia Rodrigo,love is embarrassing,154516,pop
2024-04-10 19:32,Alec Benjamin,Devil Doesn’t Bargain,163613,pop
2024-04-10 19:36,Ariana Grande,bloodline,216893,pop
2024-04-10 19:38,Artemas,i like the way you kiss me,142514,pop
2024-04-10 19:40,Chance Peña,i am not who i was,145438,folk
2024-04-10 19:44,Harry Styles,Falling,240133,pop
2024-04-10 19:49,The Neighbourhood,Daddy Issues,260173,indie
2024-04-10 19:52,Olivia Rodrigo,All I Want - Love That Lasts Mix,175388,pop
2024-04-10 19:55,Alec Benjamin,If We Have Each Other,181522,pop
2024-04-10 19:59,Olivia Rodrigo,drivers license,242013,pop
2024-04-10 20:00,Zeph,could you love me while i hate myself,60333,indie
2024-04-10 20:03,Billie Eilish,bellyache,179172,pop
2024-04-10 20:06,The Walters,I Love You So,160239,indie rock
2024-04-10 20:10,Camila Cabello,Shameless,219742,pop
2024-04-10 20:25,Seafret,Atlantis,90302,indie
2024-04-11 02:11,Seafret,Atlantis,140468,indie
2024-04-11 02:14,Olivia Rodrigo,the grudge,189386,pop
2024-04-11 02:18,Melanie Martinez,Cake,199681,pop
2024-04-11 02:21,Melanie Martinez,Pacify Her,220013,pop
2024-04-11 02:24,Beach Bunny,Prom Queen,136562,indie rock
2024-04-11 02:28,Conan Gray,Memories,248818,seen live
2024-04-11 02:32,Tom Odell,Another Love,244360,indie
2024-04-11 02:35,Gracie Abrams,"I miss you, I’m sorry",167538,seen live
2024-04-11 02:38,Sabrina Carpenter,Skin,177500,pop
2024-04-11 02:41,Olivia Rodrigo,pretty isn’t pretty,199422,pop
2024-04-11 02:42,Beach Bunny,Cloud 9,53417,indie rock
2024-04-11 02:43,Beach Bunny,Cloud 9,93934,indie rock
2024-04-11 02:47,Lyn Lapid,In My Mind,162794,pop
2024-04-11 02:49,Alec Benjamin,Let Me Down Slowly,121234,pop
2024-04-11 02:51,Conan Gray,Bourgeoisieses,151738,seen live
2024-04-11 02:57,Fitz and The Tantrums,Out of My League,209386,soul
2024-04-11 03:00,Troye Sivan,Strawberries & Cigarettes,201538,pop
2024-04-11 03:05,Selena Gomez,Single Soon,171655,pop
2024-04-11 03:09,Olivia Rodrigo,hope ur ok,209560,pop
2024-04-11 03:12,Stephen Sanchez,Evangeline,177677,folk
2024-04-11 03:15,Alec Benjamin,Pick Me,178707,pop
2024-04-11 03:18,Laufey,From The Start,169573,jazz
2024-04-11 03:22,Nessa Barrett,dying on the inside,204847,pop
2024-04-11 03:27,Lana Del Rey,Summertime Sadness,264773,female vocalists
2024-04-11 03:30,kenzie,anatomy,182073,electronic
2024-04-11 03:35,Olivia Rodrigo,making the bed,198866,pop
2024-04-11 03:47,Benson Boone,Beautiful Things,104886,pop
2024-04-11 04:26,Benson Boone,Beautiful Things,2474,pop
2024-04-11 04:28,Chive,Fiona,142626,Stoner Rock
2024-04-11 04:48,beabadoobee,Glue Song,119698,bedroom pop
2024-04-12 20:45,Suki Waterhouse,Good Looking,214800,indie pop
2024-04-12 20:47,Mitski,Washing Machine Heart,128198,seen live
2024-04-12 20:50,Lana Del Rey,Radio,214586,female vocalists
2024-04-12 20:54,Omar Apollo,Evergreen (You Didn’t Deserve Me At All),216680,bedroom pop
2024-04-12 20:57,Olivia Rodrigo,so american,169717,pop
2024-04-12 21:00,Alex Warren,Before You Leave Me,176178,pop
2024-04-12 21:03,Billie Eilish,The 30th,216448,pop
2024-04-12 21:07,Sabrina Carpenter,because i liked a boy,196458,pop
2024-04-12 21:10,SZA,Saturn,186191,rnb
2024-04-12 21:13,Coldplay,Sparks,227093,rock
2024-04-12 21:18,ZAYN,I Don’t Wanna Live Forever (Fifty Shades Darker),247160,pop
2024-04-12 21:20,Olivia Rodrigo,girl i’ve always been,121354,pop
2024-04-12 21:32,Ariana Grande,we can't be friends (wait for your love),123739,pop
2024-04-13 15:48,Ariana Grande,we can't be friends (wait for your love),1320,pop
2024-04-13 16:14,Paris Paloma,LABOUR - the cacophony,542334,seen live
2024-04-13 16:18,Billie Eilish,i love you,291796,pop
2024-04-13 16:30,Lana Del Rey,West Coast,103216,female vocalists
2024-04-14 22:33,Lana Del Rey,West Coast,258891,female vocalists
2024-04-14 22:36,Harry Styles,As It Was,167303,pop
2024-04-14 22:40,Taylor Swift,Lover,221306,country
2024-04-14 22:45,Clairo,Sofia,188386,bedroom pop
2024-04-14 22:47,Tate McRae,run for the hills,5014,pop
2024-04-14 22:47,Olivia Rodrigo,scared of my guitar,143097,pop
2024-04-14 22:49,Olivia Rodrigo,"The Best Part - From ""High School Musical: The Musical: The Series (Season 2)""",107276,pop
2024-04-14 22:53,The Weeknd,"One Of The Girls (with JENNIE, Lily Rose Depp)",244684,rnb
2024-04-14 22:57,Alec Benjamin,Water Fountain,218893,pop
2024-04-14 23:00,Bea Miller,feel something,180161,pop
2024-04-14 23:02,EMELINE,cinderella's dead,120666,pop
2024-04-14 23:05,Wallows,Are You Bored Yet? (feat. Clairo),178000,indie
2024-04-14 23:20,The Neighbourhood,Reflections,241992,indie
2024-04-15 20:22,The Neighbourhood,Reflections,686,indie
2024-04-15 20:24,Arctic Monkeys,Why'd You Only Call Me When You're High?,161123,indie
2024-04-15 20:29,Noah Kahan,Stick Season,182346,indie
2024-04-15 20:33,Billie Eilish,Halley's Comet,234761,pop
2024-04-15 20:36,Benson Boone,To Love Someone,196260,pop
2024-04-15 20:39,Taylor Swift,Cruel Summer,178426,country
2024-04-15 20:41,Natalie Jane,Seven,124373,pop
2024-04-15 20:45,The Neighbourhood,Sweater Weather,240400,indie
2024-04-15 20:49,Olivia Rodrigo,"Wondering - From ""High School Musical: The Musical: The Series""",225381,pop
2024-04-15 20:54,Billie Eilish,TV,281380,pop
2024-04-15 21:12,Benson Boone,Cry,166946,pop
2024-04-15 22:47,Benson Boone,Cry,19431,pop
2024-04-15 22:51,Hozier,Work Song,229720,blues
2024-04-15 23:01,Conan Gray,Family Line,32301,seen live
2024-04-16 00:35,Conan Gray,Family Line,183803,seen live
2024-04-16 00:37,Conan Gray,Bourgeoisieses,151738,seen live
2024-04-16 00:40,Troye Sivan,Rush,156391,pop
2024-04-16 00:40,Olivia Rodrigo,"The Rose Song - From ""High School Musical: The Musical: The Series (Season 2)""",24867,pop
2024-04-16 00:41,Olivia Rodrigo,"The Rose Song - From ""High School Musical: The Musical: The Series (Season 2)""",59174,pop
2024-04-16 00:45,Billie Eilish,listen before i go,242652,pop
2024-04-16 00:48,Benson Boone,Slow It Down,161831,pop
2024-04-16 00:51,The Neighbourhood,Softcore,206280,indie
2024-04-16 00:54,The Lumineers,Ophelia,160097,folk pop
2024-04-16 00:58,Miley Cyrus,Party In The U.S.A.,202066,pop
2024-04-16 01:00,Shawn Mendes,Wonder,172692,pop
2024-04-16 01:03,Gracie Abrams,Mess It Up,171280,seen live
2024-04-16 01:10,David Kushner,Skin and Bones,214632,indie
2024-04-16 01:14,Pritam,"What Jhumka ? (From ""Rocky Aur Rani Kii Prem Kahaani"")",213611,bollywood
2024-04-16 01:16,Dove Cameron,Boyfriend,153000,pop
2024-04-16 01:20,Conan Gray,The Exit,221054,seen live
2024-04-16 01:24,Benson Boone,In The Stars,216410,pop
2024-04-16 01:27,Lewis Capaldi,Before You Go,215106,soft pop
2024-04-16 01:31,Ariana Grande,Dangerous Woman,235946,pop
2024-04-16 01:34,Mark Ambor,Belong Together,148317,indie
2024-04-16 01:38,Melanie Martinez,Teacher's Pet,241893,pop
2024-04-16 01:41,JVKE,golden hour,209259,indie pop
2024-04-16 01:45,5 Seconds of Summer,Ghost Of You,197411,pop rock
2024-04-16 01:47,Dove Cameron,Breakfast,148470,pop
2024-04-16 01:50,THE ANXIETY,Meet Me At Our Spot,162680,indie rock
2024-04-16 01:52,Dean Lewis,How Do I Say Goodbye,163603,indie
2024-04-16 01:56,Tom Rosenthal,Lights Are On,193749,folk
2024-04-16 01:58,Reneé Rapp,Pretty Girls,146234,seen live
2024-04-16 02:06,Hozier,Take Me to Church,474898,blues
2024-04-16 02:09,MARINA,Oh No!,182586,pop
2024-04-16 02:12,Melanie Martinez,Play Date,179867,pop
2024-04-16 02:16,One Direction,Story of My Life,245493,pop
2024-04-16 02:29,Katy Perry,The One That Got Away,145379,pop
2024-04-16 17:07,Katy Perry,The One That Got Away,2237,pop
2024-04-16 17:07,Gracie Abrams,Stay,1216,seen live
2024-04-16 17:07,Rachel Zegler,Nothing You Can Take From Me (Boot-Stompin' Version) - from The Hunger Games: The Ballad of Songbirds & Snakes,762,soul
2024-04-16 17:15,Olivia Rodrigo,obsessed,170541,pop
2024-04-16 17:20,Hozier,Too Sweet,251424,blues
2024-04-16 17:22,Isabel LaRosa,favorite,133608,pop
2024-04-16 17:24,THE ANXIETY,Meet Me At Our Spot,162680,indie rock
2024-04-16 17:27,Tate McRae,greedy,131872,pop
2024-04-16 17:29,Olivia Rodrigo,favorite crime,152666,pop
2024-04-16 17:32,Benson Boone,Cry,186359,pop
2024-04-16 17:35,Artemas,i like the way you kiss me,142514,pop
2024-04-16 17:37,Noah Cyrus,July,156106,pop
2024-04-16 17:40,Isabel LaRosa,older,137778,pop
2024-04-16 17:43,Olivia Rodrigo,stranger,192771,pop
2024-04-16 17:44,Zeph,could you love me while i hate myself,60333,indie
2024-04-16 17:47,Benson Boone,Slow It Down,161831,pop
2024-04-16 17:50,Stephen Sanchez,High,161567,folk
2024-04-16 17:51,The Weeknd,Stargirl Interlude,111626,rnb
2024-04-16 17:54,Olivia Rodrigo,bad idea right?,184783,pop
2024-04-16 17:59,Ariana Grande,Dangerous Woman,235946,pop
2024-04-16 18:01,Chance Peña,i am not who i was,145438,folk
2024-04-16 18:04,Alec Benjamin,If We Have Each Other,181522,pop
2024-04-16 18:07,Billie Eilish,watch,177523,pop
2024-04-16 18:10,Olivia Rodrigo,so american,169717,pop
2024-04-16 18:13,Tate McRae,you broke me first,170226,pop
2024-04-16 18:15,Natalie Jane,Seven,124373,pop
2024-04-16 18:19,Paris Paloma,labour,237744,seen live
2024-04-16 18:22,Alec Benjamin,King Size Bed,164184,pop
2024-04-16 18:25,Olivia Rodrigo,all-american bitch,165833,pop
2024-04-16 18:28,Billie Eilish,when the party's over,196077,pop
2024-04-16 18:31,Dean Lewis,How Do I Say Goodbye,163603,indie
2024-04-16 18:33,Conan Gray,Bourgeoisieses,151738,seen live
2024-04-16 18:36,Djo,End of Beginning,159245,psychedelic pop
2024-04-16 18:38,Olivia Rodrigo,girl i’ve always been,121354,pop
2024-04-16 18:40,d4vd,Romantic Homicide,132630,rnb
2024-04-16 18:43,Billie Eilish,bellyache,179172,pop
2024-04-16 18:46,Sasha Alex Sloan,Dancing With Your Ghost,197732,indie pop
2024-04-16 18:51,The Weeknd,"One Of The Girls (with JENNIE, Lily Rose Depp)",244684,rnb
2024-04-16 18:53,Olivia Rodrigo,"jealousy, jealousy",173160,pop
2024-04-16 18:57,Beach Weather,"Sex, Drugs, Etc.",196784,indie
2024-04-16 19:00,Dasha,Austin (Boots Stop Workin'),171782,pop
2024-04-16 19:03,Billie Eilish,lovely (with Khalid),200185,pop
2024-04-16 19:06,Lewis Capaldi,Forever,210863,soft pop
2024-04-16 19:10,Olivia Rodrigo,vampire,219724,pop
2024-04-16 19:13,Beach Bunny,Cloud 9,147350,indie rock
2024-04-16 19:16,Tate McRae,she's all i wanna be,207120,pop
2024-04-16 19:19,Melanie Martinez,Cake,199681,pop
2024-04-16 19:23,Billie Eilish,idontwannabeyouanymore,203569,pop
2024-04-16 19:25,Olivia Rodrigo,brutal,143746,pop
2024-04-16 19:29,Adele,Set Fire to the Rain,242973,dangdut
2024-04-16 19:33,Ruth B.,Dandelions,233720,pop
2024-04-16 19:36,The Walters,I Love You So,160239,indie rock
2024-04-16 19:38,Tate McRae,Teenage Mind,155205,pop
2024-04-16 19:42,The Weeknd,Die For You (with Ariana Grande) - Remix,232857,rnb
2024-04-16 19:45,Billie Eilish,watch,177523,pop
2024-04-16 19:48,Isabel LaRosa,favorite,133608,pop
2024-04-16 19:50,Tate McRae,Teenage Mind,155205,pop
2024-04-16 19:53,Stephen Sanchez,Until I Found You,176666,folk
2024-04-16 19:56,Olivia Rodrigo,good 4 u,178146,pop
2024-04-16 19:59,David Kushner,Mr. Forgettable,187293,indie
2024-04-16 20:03,Billie Eilish,lovely (with Khalid),200185,pop
2024-04-16 20:06,Lana Del Rey,Young And Beautiful,236053,female vocalists
2024-04-16 20:10,Ariana Grande,One Last Time,197266,pop
2024-04-16 20:14,Olivia Rodrigo,logical,231907,pop
2024-04-16 20:16,JVKE,this is what falling in love feels like,120308,indie pop
2024-04-16 20:19,Taylor Swift,Karma,204852,country
2024-04-16 20:22,Billie Eilish,Happier Than Ever - Edit,151444,pop
2024-04-16 20:25,David Kushner,Burn,179173,indie
2024-04-16 20:28,Olivia Rodrigo,enough for you,202826,pop
2024-04-16 20:31,Alec Benjamin,King Size Bed,164184,pop
2024-04-16 20:34,Chance Peña,In My Room,177609,folk
2024-04-16 20:37,Conan Gray,Heather,198040,seen live
2024-04-16 20:41,Billie Eilish,everything i wanted,245425,pop
2024-04-16 20:44,Rachel Zegler,The Hanging Tree - from The Hunger Games: The Ballad of Songbirds & Snakes,143988,soul
2024-04-16 20:47,Olivia Rodrigo,traitor,229226,pop
2024-04-16 20:52,Alec Benjamin,If I Killed Someone For You,291437,pop
2024-04-16 20:55,Dua Lipa,Houdini,185917,pop
2024-04-16 20:59,David Kushner,Daylight,212953,indie
2024-04-16 21:02,Billie Eilish,idontwannabeyouanymore,203569,pop
2024-04-16 21:06,Sara Kays,Remember That Night?,227186,indie pop
2024-04-16 21:09,Em Beihold,Numb Little Bug,169237,indie pop
2024-04-16 21:12,Olivia Rodrigo,stranger,192771,pop
2024-04-16 21:15,Alec Benjamin,Different Kind Of Beautiful,201007,pop
2024-04-16 21:18,Benson Boone,Slow It Down,161831,pop
2024-04-16 21:21,The Neighbourhood,You Get Me So High,153000,indie
2024-04-16 21:23,MARINA,Bubblegum Bitch,154666,pop
2024-04-16 21:27,Billie Eilish,ocean eyes,200560,pop
2024-04-16 21:30,Conan Gray,Maniac,185773,seen live
2024-04-16 21:32,Olivia Rodrigo,love is embarrassing,154516,pop
2024-04-16 21:35,Alec Benjamin,Devil Doesn’t Bargain,163613,pop
2024-04-16 21:39,Ariana Grande,bloodline,216893,pop
2024-04-16 21:41,Artemas,i like the way you kiss me,142514,pop
2024-04-16 21:44,Chance Peña,i am not who i was,145438,folk
2024-04-16 21:48,Harry Styles,Falling,240133,pop
2024-04-16 21:52,The Neighbourhood,Daddy Issues,260173,indie
2024-04-16 21:55,Olivia Rodrigo,All I Want - Love That Lasts Mix,175388,pop
2024-04-16 21:58,Alec Benjamin,If We Have Each Other,181522,pop
2024-04-16 22:16,Olivia Rodrigo,drivers license,153443,pop
2024-04-18 16:07,Olivia Rodrigo,obsessed,170541,pop
2024-04-18 16:08,Zeph,could you love me while i hate myself,60333,indie
2024-04-18 16:11,Billie Eilish,bellyache,179172,pop
2024-04-18 16:14,The Walters,I Love You So,160239,indie rock
2024-04-18 16:18,Camila Cabello,Shameless,219742,pop
2024-04-18 16:21,Seafret,Atlantis,229173,indie
2024-04-18 16:25,Olivia Rodrigo,the grudge,189386,pop
2024-04-18 16:28,Melanie Martinez,Cake,199681,pop
2024-04-18 16:30,Beach Bunny,Prom Queen,136562,indie rock
2024-04-18 16:34,Conan Gray,Memories,248818,seen live
2024-04-18 16:39,Tom Odell,Another Love,244360,indie
2024-04-18 16:41,Gracie Abrams,"I miss you, I’m sorry",167538,seen live
2024-04-18 16:44,Sabrina Carpenter,Skin,177500,pop
2024-04-18 16:48,Olivia Rodrigo,pretty isn’t pretty,199422,pop
2024-04-18 16:50,Beach Bunny,Cloud 9,147350,indie rock
2024-04-18 16:53,Lyn Lapid,In My Mind,162794,pop
2024-04-18 16:56,Alec Benjamin,Let Me Down Slowly,169353,pop
2024-04-18 16:59,Fitz and The Tantrums,Out of My League,209386,soul
2024-04-18 17:02,Troye Sivan,Strawberries & Cigarettes,201538,pop
2024-04-18 17:05,Selena Gomez,Single Soon,171655,pop
2024-04-18 17:26,Stephen Sanchez,Evangeline,2386,folk
2024-04-18 17:26,Olivia Rodrigo,hope ur ok,101830,pop
2024-04-18 17:26,Alec Benjamin,Pick Me,798,pop
2024-04-18 17:29,Stephen Sanchez,Evangeline,177677,folk
2024-04-18 17:32,Alec Benjamin,Pick Me,178707,pop
2024-04-18 17:34,Laufey,From The Start,169573,jazz
2024-04-18 17:38,Nessa Barrett,dying on the inside,204847,pop
2024-04-18 17:42,Lana Del Rey,Summertime Sadness,264773,female vocalists
2024-04-18 17:45,kenzie,anatomy,182073,electronic
2024-04-18 17:49,Olivia Rodrigo,making the bed,198866,pop
2024-04-18 17:52,Benson Boone,Beautiful Things,180304,pop
2024-04-18 17:54,beabadoobee,Glue Song,135066,bedroom pop
2024-04-18 17:57,Suki Waterhouse,Good Looking,214800,indie pop
2024-04-18 18:00,Mitski,Washing Machine Heart,128198,seen live
2024-04-18 18:03,Lana Del Rey,Radio,214586,female vocalists
2024-04-18 18:07,Omar Apollo,Evergreen (You Didn’t Deserve Me At All),216680,bedroom pop
2024-04-18 18:10,Olivia Rodrigo,so american,169717,pop
2024-04-18 18:13,Alex Warren,Before You Leave Me,176178,pop
2024-04-18 18:16,Billie Eilish,The 30th,216448,pop
2024-04-18 18:19,Sabrina Carpenter,because i liked a boy,196458,pop
2024-04-18 18:23,SZA,Saturn,186191,rnb
2024-04-18 18:26,Coldplay,Sparks,227093,rock
2024-04-18 18:31,ZAYN,I Don’t Wanna Live Forever (Fifty Shades Darker),247160,pop
2024-04-18 18:33,Olivia Rodrigo,girl i’ve always been,121354,pop
2024-04-18 18:36,Ariana Grande,we can't be friends (wait for your love),228639,pop
2024-04-18 18:41,Billie Eilish,i love you,291796,pop
2024-04-18 18:46,Lana Del Rey,West Coast,256760,female vocalists
2024-04-18 18:48,Harry Styles,As It Was,167303,pop
2024-04-18 18:52,Taylor Swift,Lover,221306,country
2024-04-18 18:55,Clairo,Sofia,188386,bedroom pop
2024-04-18 19:00,Olivia Rodrigo,scared of my guitar,263928,pop
2024-04-18 19:02,Tate McRae,run for the hills,143940,pop
2024-04-18 19:04,Olivia Rodrigo,"The Best Part - From ""High School Musical: The Musical: The Series (Season 2)""",107276,pop
2024-04-18 19:08,The Weeknd,"One Of The Girls (with JENNIE, Lily Rose Depp)",244684,rnb
2024-04-18 19:12,Alec Benjamin,Water Fountain,218893,pop
2024-04-18 19:15,Bea Miller,feel something,180161,pop
2024-04-18 19:17,EMELINE,cinderella's dead,120666,pop
2024-04-18 19:20,Wallows,Are You Bored Yet? (feat. Clairo),178000,indie
2024-04-18 19:24,The Neighbourhood,Reflections,244013,indie
2024-04-18 19:26,Arctic Monkeys,Why'd You Only Call Me When You're High?,161123,indie
2024-04-18 19:29,Noah Kahan,Stick Season,182346,indie
2024-04-18 19:33,Billie Eilish,Halley's Comet,234761,pop
2024-04-18 19:37,Benson Boone,To Love Someone,196260,pop
2024-04-18 19:40,Taylor Swift,Cruel Summer,178426,country
2024-04-18 19:42,Natalie Jane,Seven,124373,pop
2024-04-18 19:46,The Neighbourhood,Sweater Weather,240400,indie
2024-04-18 19:50,Olivia Rodrigo,"Wondering - From ""High School Musical: The Musical: The Series""",225381,pop
2024-04-18 19:54,Billie Eilish,TV,281380,pop
2024-04-18 19:57,Benson Boone,Cry,186359,pop
2024-04-18 20:01,Hozier,Work Song,229720,blues
2024-04-18 20:05,Conan Gray,Family Line,216094,seen live
2024-04-18 20:08,Troye Sivan,Rush,156391,pop
2024-04-18 20:10,Olivia Rodrigo,"The Rose Song - From ""High School Musical: The Musical: The Series (Season 2)""",174380,pop
2024-04-18 20:14,Billie Eilish,listen before i go,242652,pop
2024-04-18 20:17,Benson Boone,Slow It Down,161831,pop
2024-04-18 20:21,The Neighbourhood,Softcore,206280,indie
2024-04-18 20:23,The Lumineers,Ophelia,160097,folk pop
2024-04-18 20:27,Miley Cyrus,Party In The U.S.A.,202066,pop
2024-04-18 20:30,Shawn Mendes,Wonder,172692,pop
2024-04-18 20:32,Gracie Abrams,Mess It Up,171280,seen live
2024-04-18 20:36,David Kushner,Skin and Bones,214632,indie
2024-04-18 20:39,Dove Cameron,Boyfriend,153000,pop
2024-04-18 20:42,Conan Gray,The Exit,221054,seen live
2024-04-18 20:46,Benson Boone,In The Stars,216410,pop
2024-04-18 20:49,Lewis Capaldi,Before You Go,215106,soft pop
2024-04-18 20:53,Ariana Grande,Dangerous Woman,235946,pop
2024-04-18 20:56,Mark Ambor,Belong Together,148317,indie
2024-04-18 21:00,Melanie Martinez,Teacher's Pet,241893,pop
2024-04-18 21:03,JVKE,golden hour,209259,indie pop
2024-04-18 21:07,5 Seconds of Summer,Ghost Of You,197411,pop rock
2024-04-18 21:09,Dove Cameron,Breakfast,146976,pop
2024-04-18 21:09,Ashe,Moral of the Story,81,midwest emo
2024-04-18 21:22,Hozier,Too Sweet,27800,blues
2024-04-19 00:06,Hozier,Too Sweet,517,blues
2024-04-19 00:21,Paris Paloma,labour,164380,seen live
2024-04-19 01:17,Alec Benjamin,Boy In The Bubble,3869,pop
2024-04-19 01:17,Olivia Rodrigo,bad idea right?,8006,pop
2024-04-19 01:17,Paris Paloma,labour,523,seen live
2024-04-19 01:17,Ashe,Moral of the Story,812,midwest emo
2024-04-19 01:17,Isabel LaRosa,eyes don't lie,1060,pop
2024-04-19 01:20,Olivia Rodrigo,bad idea right?,184783,pop
2024-04-19 01:23,Alec Benjamin,Boy In The Bubble,181705,pop
2024-04-19 01:25,Halsey,Walls Could Talk,101789,pop
2024-04-19 01:28,Melanie Martinez,Mad Hatter,201520,pop
2024-04-19 01:30,Tate McRae,greedy,131872,pop
2024-04-19 01:33,Conan Gray,People Watching,158536,seen live
2024-04-19 01:35,Olivia Rodrigo,brutal,143746,pop
2024-04-19 01:39,Tate McRae,she's all i wanna be,207120,pop
2024-04-19 01:42,CHINCHILLA,Little Girl Gone,188596,Power metal
2024-04-19 01:45,Sabrina Carpenter,Nonsense,163648,pop
2024-04-19 01:48,Halsey,Gasoline,199593,pop
2024-04-19 01:52,Taylor Swift,Look What You Made Me Do,211853,country
2024-04-19 01:55,Alec Benjamin,If We Have Each Other,181522,pop
2024-04-19 01:58,Billie Eilish,Bored,180933,pop
2024-04-19 02:01,Camila Cabello,Shameless,219742,pop
2024-04-19 02:04,Isabel LaRosa,i'm yours,145667,pop
2024-04-19 02:07,Beach Weather,"Sex, Drugs, Etc.",196784,indie
2024-04-19 02:10,Sabrina Carpenter,Espresso,175459,pop
2024-04-19 02:13,Dove Cameron,Breakfast,148470,pop
2024-04-19 02:16,Melanie Martinez,Pity Party,204085,pop
2024-04-19 02:19,Taylor Swift,...Ready For It?,208186,country
2024-04-19 02:22,Måneskin,I WANNA BE YOUR SLAVE,173346,rock
2024-04-19 02:25,Dove Cameron,Girl Like Me,149456,pop
2024-04-19 02:28,Jagwar Twin,Happy Face,169760,electronic
2024-04-19 02:31,Olivia Rodrigo,good 4 u,178146,pop
2024-04-19 02:34,Sabrina Carpenter,Looking at Me,181120,pop
2024-04-19 02:36,Chloe Adams,Dirty Thoughts,129698,british
2024-04-19 02:39,Madison Beer,Good In Goodbye,141949,pop
2024-04-19 02:42,Olivia Rodrigo,all-american bitch,165833,pop
2024-04-19 02:45,Billie Eilish,you should see me in a crown,180952,pop
2024-04-19 02:47,Isabel LaRosa,older,137778,pop
2024-04-19 02:50,Billie Eilish,Happier Than Ever - Edit,151444,pop
2024-04-19 02:53,Olivia Rodrigo,"jealousy, jealousy",173160,pop
2024-04-19 02:56,Olivia Rodrigo,obsessed,170541,pop
2024-04-19 02:58,Dove Cameron,Boyfriend,153000,pop
2024-04-19 03:02,Melanie Martinez,Teacher's Pet,241893,pop
2024-04-19 03:06,Olivia Rodrigo,traitor,229226,pop
2024-04-19 03:06,Olivia Rodrigo,vampire,20825,pop
2024-04-19 03:08,EMELINE,cinderella's dead,120666,pop
2024-04-19 03:12,Olivia Rodrigo,favorite crime,152666,pop
2024-04-19 03:23,Isabel LaRosa,favorite,33547,pop
2024-04-20 15:50,Em Beihold,Numb Little Bug,169237,indie pop
2024-04-20 15:53,Billie Eilish,my strange addiction,179889,pop
2024-04-20 15:54,Ariana Grande,we can't be friends (wait for your love),91061,pop
2024-04-20 15:57,Ariana Grande,we can't be friends (wait for your love),137590,pop
2024-04-20 16:00,Sabrina Carpenter,Skin,177500,pop
2024-04-20 16:02,Natalie Jane,Seven,124373,pop
2024-04-20 16:05,Benson Boone,Cry,186359,pop
2024-04-20 16:07,Tate McRae,exes,159400,pop
2024-04-20 16:10,Alec Benjamin,If We Have Each Other,181522,pop
2024-04-20 16:13,Olivia Rodrigo,brutal,143746,pop
2024-04-20 16:16,Conan Gray,People Watching,158536,seen live
2024-04-20 16:19,Nessa Barrett,dying on the inside,204847,pop
2024-04-20 16:20,Sabrina Carpenter,Nonsense,76113,pop
2024-04-20 16:22,Tate McRae,greedy,131872,pop
2024-04-20 16:25,Gracie Abrams,Mess It Up,171280,seen live
2024-04-20 16:28,Olivia Rodrigo,"1 step forward, 3 steps back",163586,pop
2024-04-20 16:32,Alec Benjamin,If I Killed Someone For You,185122,pop
2024-04-20 16:33,Labrinth,Formula,91869,electronic
2024-04-20 16:36,Billie Eilish,Bored,180933,pop
2024-04-20 16:40,Tate McRae,she's all i wanna be,207120,pop
2024-04-20 16:43,Sabrina Carpenter,because i liked a boy,196458,pop
2024-04-20 16:56,Olivia Rodrigo,Can’t Catch Me Now - from The Hunger Games: The Ballad of Songbirds & Snakes,174174,pop
2024-04-20 21:07,Olivia Rodrigo,Can’t Catch Me Now - from The Hunger Games: The Ballad of Songbirds & Snakes,206892,pop
2024-04-20 21:09,Isabel LaRosa,i'm yours sped up,127780,pop
2024-04-20 21:13,Melanie Martinez,Cake,199681,pop
2024-04-20 21:16,Billie Eilish,NDA,195776,pop
2024-04-20 21:18,SZA,Kill Bill,153946,rnb
2024-04-20 21:22,Hozier,Eat Your Young,243946,blues
2024-04-20 21:26,Conan Gray,The Exit,221054,seen live
2024-04-20 21:29,Olivia Rodrigo,so american,169717,pop
2024-04-20 21:32,Lizzy McAlpine,ceilings,182887,indie pop
2024-04-20 21:35,MARINA,Bubblegum Bitch,154666,pop
2024-04-20 21:38,Camila Cabello,Shameless,219742,pop
2024-04-20 21:42,Billie Eilish,The 30th,216448,pop
2024-04-20 21:45,Conan Gray,Wish You Were Sober,168880,seen live
2024-04-20 21:48,Olivia Rodrigo,deja vu,215506,pop
2024-04-20 21:52,Selena Gomez,People You Know,194900,pop
2024-04-20 21:55,Melanie Martinez,Pacify Her,220013,pop
2024-04-20 21:59,Ariana Grande,Dangerous Woman,235946,pop
2024-04-20 22:03,Alec Benjamin,Water Fountain,218893,pop
2024-04-20 22:14,Isabel LaRosa,HEARTBEAT,79342,pop
2024-04-21 03:25,Olivia Rodrigo,get him back!,1286,pop
2024-04-21 03:25,Isabel LaRosa,HEARTBEAT,569,pop
2024-04-21 03:27,Tate McRae,what would you do?,151473,pop
2024-04-21 03:42,Halsey,Walls Could Talk,179391,pop
2024-04-21 03:46,Conan Gray,Memories,248818,seen live
2024-04-21 03:51,Melanie Martinez,"Tag, You're It",189026,pop
2024-04-21 03:53,iamnotshane,Maybe My Soulmate Died,114375,pop
2024-04-21 04:13,EMELINE,STRUT,1,pop
2024-04-21 04:13,Ashnikko,Daisy,21448,Hip-Hop
2024-04-21 04:13,MARINA,Oh No!,166935,pop
2024-04-21 04:16,Ashnikko,Daisy,146523,Hip-Hop
2024-04-21 04:18,Labrinth,Mount Everest,157497,electronic
2024-04-21 04:21,Olivia Rodrigo,brutal,143746,pop
2024-04-21 04:24,Billie Eilish,Therefore I Am,173539,pop
2024-04-21 04:35,Tate McRae,you broke me first,96972,pop
2024-04-21 17:04,Olivia Rodrigo,get him back!,22303,pop
2024-04-21 17:15,Taylor Swift,imgonnagetyouback,57040,country
2024-04-25 15:49,Taylor Swift,imgonnagetyouback,27684,country
2024-04-25 15:53,Taylor Swift,I Hate It Here,243875,country
2024-04-25 15:57,Taylor Swift,The Prophecy,249807,country
2024-04-25 16:01,Ariana Grande,bloodline,216893,pop
2024-04-25 16:04,Nessa Barrett,i hope ur miserable until ur dead,177582,pop
2024-04-25 16:07,Olivia Rodrigo,"jealousy, jealousy",173160,pop
2024-04-25 16:11,Melanie Martinez,Teacher's Pet,241893,pop
2024-04-25 16:14,Melanie Martinez,"Tag, You're It",189026,pop
2024-04-25 16:18,Melanie Martinez,Pacify Her,220013,pop
2024-04-25 16:24,Melanie Martinez,EVIL,375848,pop
2024-04-25 16:33,Melanie Martinez,DEATH,438077,pop
2024-04-25 16:36,Sabrina Carpenter,Looking at Me,181120,pop
2024-04-25 16:40,Ariana Grande,Dangerous Woman,235946,pop
2024-04-25 16:43,MARINA,Bubblegum Bitch,154666,pop
2024-04-25 16:45,Ashnikko,Worms,148690,Hip-Hop
2024-04-25 16:48,Billie Eilish,all the good girls go to hell,168839,pop
2024-04-25 16:49,Camila Cabello,Shameless,42050,pop
2024-04-25 16:52,Ariana Grande,7 rings,178626,pop
2024-04-25 16:54,UPSAHL,Drugs,155866,pop
2024-04-25 17:06,YUNGBLUD,parents,98182,indie rock
2024-04-25 21:55,YUNGBLUD,parents,73722,indie rock
2024-04-25 21:59,blackbear,idfc,207026,electronic
2024-04-25 22:02,Bea Miller,THAT BITCH,201101,pop
2024-04-25 22:04,Lil Nas X,MONTERO (Call Me By Your Name),137704,Hip-Hop
2024-04-25 22:08,Conan Gray,Maniac,185773,seen live
2024-04-25 22:10,Neoni,DARKSIDE,168000,indie
2024-04-25 22:14,Billie Eilish,NDA,195776,pop
2024-04-25 22:17,Billie Eilish,bellyache,179172,pop
2024-04-25 22:19,Leah Kate,10 Things I Hate About You,157138,pop
2024-04-25 22:23,The Neighbourhood,Sweater Weather,240400,indie
2024-04-25 22:31,Dove Cameron,Breakfast,148470,pop
2024-04-25 22:34,Alec Benjamin,If I Killed Someone For You,185122,pop
2024-04-25 22:37,Alec Benjamin,Boy In The Bubble,181705,pop
2024-04-25 22:39,EMELINE,cinderella's dead,120666,pop
2024-04-25 22:42,Jagwar Twin,Happy Face,169760,electronic
2024-04-25 22:45,Billie Eilish,my strange addiction,179889,pop
2024-04-25 22:47,Madison Beer,Good In Goodbye,141949,pop
2024-04-25 22:50,Isabel LaRosa,favorite,133608,pop
2024-04-25 22:53,CARYS,Princesses Don't Cry,212106,pop
2024-04-25 22:55,Halsey,Walls Could Talk,101789,pop
2024-04-25 22:59,Olivia Rodrigo,good 4 u,178146,pop
2024-04-25 23:02,Elley Duhé,MIDDLE OF THE NIGHT,184453,pop
2024-04-25 23:05,Dove Cameron,Boyfriend,153000,pop
2024-04-25 23:08,Ariana Grande,"break up with your girlfriend, i'm bored",190440,pop
2024-04-25 23:13,Billie Eilish,Happier Than Ever,298899,pop
2024-04-25 23:15,Bella Poarch,Dolls,132793,pop
2024-04-25 23:19,Olivia Rodrigo,drivers license,242013,pop
2024-04-25 23:22,MARINA,Oh No!,182586,pop
2024-04-25 23:25,Ariana Grande,positions,172324,pop
2024-04-25 23:28,Billie Eilish,Bored,180933,pop
2024-04-25 23:32,Olivia Rodrigo,deja vu,215506,pop
2024-04-25 23:35,Måneskin,I WANNA BE YOUR SLAVE,173346,rock
2024-04-25 23:38,Billie Eilish,you should see me in a crown,180952,pop
2024-04-25 23:39,Labrinth,Formula,91869,electronic
2024-04-25 23:42,Sohodolls,Bang Bang Bang Bang,181640,electronic
2024-04-25 23:45,Olivia Rodrigo,brutal,143746,pop
2024-04-25 23:48,Billie Eilish,Therefore I Am,173539,pop
2024-04-25 23:50,MARINA,Bubblegum Bitch,154666,pop
2024-04-25 23:53,Tate McRae,you broke me first,170226,pop
2024-04-25 23:57,Lana Del Rey,Doin' Time,202192,female vocalists
2024-04-25 23:59,Chloe Adams,Dirty Thoughts,129698,british
2024-04-26 00:02,Olivia Rodrigo,"jealousy, jealousy",173160,pop
2024-04-26 00:04,Billie Eilish,all the good girls go to hell,168839,pop
2024-04-26 00:08,CHINCHILLA,Little Girl Gone,188596,Power metal
2024-04-26 00:10,Labrinth,Mount Everest,157497,electronic
2024-04-26 00:14,Alec Benjamin,Water Fountain,218893,pop
2024-04-26 00:17,Bea Miller,feel something,180161,pop
2024-04-26 00:20,Ariana Grande,bloodline,216893,pop
2024-04-26 00:24,Billie Eilish,COPYCAT,194711,pop
2024-04-26 00:27,Lou Bliss,Killing Butterflies,170000,
2024-04-26 00:29,Camila Cabello,My Oh My (feat. DaBaby),170746,pop
2024-04-26 00:34,The Neighbourhood,Daddy Issues,260173,indie
2024-04-26 00:37,Halsey,Gasoline,199593,pop
2024-04-26 00:41,Ariana Grande,Dangerous Woman,235946,pop
2024-04-26 00:45,Billie Eilish,everything i wanted,245425,pop
2024-04-26 00:48,Labrinth,Still Don't Know My Name,153294,electronic
2024-04-26 00:50,Royal & the Serpent,overwhelmed,159293,orchestra
2024-04-26 00:54,blackbear,hot girl bummer,188343,electronic
2024-04-26 00:56,Ashnikko,Tantrum,140010,Hip-Hop
2024-04-26 00:59,Ariana Grande,7 rings,178626,pop
2024-04-26 01:02,Billie Eilish,my boy,170852,pop
2024-04-26 01:05,Labrinth,All For Us,191710,electronic
2024-04-26 01:07,mgk,my ex's best friend (with blackbear),139460,opera
2024-04-26 01:08,Ariana Grande,God is a woman,1287,pop
2024-04-26 01:08,Ashnikko,STUPID (feat. Yung Baby Tate),53567,Hip-Hop
2024-04-26 01:08,Bea Miller,like that,1870,pop
2024-04-26 01:11,Billie Eilish,bury a friend,193143,pop
2024-04-26 01:15,Nessa Barrett,la di die (feat. Jaden Hossler),195191,pop
2024-04-26 01:17,Ashnikko,Toxic,162758,Hip-Hop
2024-04-26 01:19,EMELINE,STRUT,117727,pop
2024-04-26 01:33,Claire Rosinkranz,Backyard Boy,84459,pop
2024-04-29 18:15,Olivia Rodrigo,All I Want,177322,pop
2024-04-29 18:18,Ariana Grande,34+35,173710,pop
2024-04-29 18:21,Billie Eilish,Oxytocin,210232,pop
2024-04-29 18:24,Billie Eilish,Everybody Dies,206622,pop
2024-04-29 18:35,Ashnikko,Daisy 2.0 (feat. Hatsune Miku),34411,Hip-Hop
2024-04-30 01:26,The Last Dinner Party,Nothing Matters,182623,seen live
2024-04-30 01:30,Chappell Roan,"Good Luck, Babe!",218423,pop
2024-04-30 01:34,The Last Dinner Party,The Feminine Urge,206571,seen live
2024-04-30 01:37,The Last Dinner Party,Sinner,176707,seen live
2024-04-30 01:39,Conan Gray,Bourgeoisieses,151738,seen live
2024-04-30 01:42,Olivia Rodrigo,obsessed,170541,pop
2024-04-30 01:44,Artemas,i like the way you kiss me,142514,pop
2024-04-30 01:47,Mark Ambor,Belong Together,148317,indie
2024-04-30 01:50,Olivia Rodrigo,love is embarrassing,154516,pop
2024-04-30 01:52,Artemas,if u think i'm pretty,128205,pop
2024-04-30 01:55,Olivia Rodrigo,vampire,219724,pop
2024-04-30 01:58,Djo,End of Beginning,159245,psychedelic pop
2024-04-30 02:01,Benson Boone,Beautiful Things,180304,pop
2024-04-30 02:04,Wallows,Are You Bored Yet? (feat. Clairo),178000,indie
2024-04-30 02:07,Troye Sivan,Rush,156391,pop
2024-04-30 02:10,Benson Boone,Cry,186359,pop
2024-04-30 02:13,Nessa Barrett,i hope ur miserable until ur dead,177582,pop
2024-04-30 02:16,Two Feet,I Feel Like I'm Drowning,185520,indie
2024-04-30 02:18,Bella Poarch,Build a Bitch,122772,pop
2024-04-30 02:20,Sub Urban,INFERNO,133133,noise
2024-04-30 02:22,Ashnikko,Cry (feat. Grimes),126663,Hip-Hop
2024-04-30 02:26,Bishop Briggs,River,216133,indie
2024-04-30 02:27,UPSAHL,People I Don't Like,42770,pop
2024-04-30 02:30,Fitz and The Tantrums,Out of My League,209386,soul
2024-04-30 02:34,Chappell Roan,"Good Luck, Babe!",218423,pop
2024-04-30 02:37,Ellie Goulding,Hate Me,188066,female vocalists
2024-04-30 02:48,MARINA,Are You Satisfied?,48431,pop
2024-04-30 17:04,Chappell Roan,"Good Luck, Babe!",218423,pop
2024-04-30 17:08,The Weeknd,"One Of The Girls (with JENNIE, Lily Rose Depp)",244684,rnb
2024-04-30 17:11,Post Malone,Hollywood's Bleeding,156266,Hip-Hop
2024-04-30 17:16,Cigarettes After Sex,Apocalypse,290616,dream pop
2024-04-30 17:19,The Buttress,Brutus (Instrumental),200000,Horrorcore
2024-04-30 17:22,Olivia Rodrigo,obsessed,170541,pop
2024-04-30 17:25,girl in red,we fell in love in october,184153,bedroom pop
2024-04-30 17:29,Grimes,Kill V. Maim,246013,art pop
2024-04-30 17:32,Anne-Marie,PSYCHO,162666,pop
2024-04-30 17:36,Olivia Rodrigo,traitor,229226,pop
2024-04-30 17:39,BLACKPINK,Kill This Love,191050,k-pop
2024-04-30 17:43,Rebel Moves,Every When,260527,turkish
2024-04-30 17:47,Ruth B.,Dandelions,233720,pop
2024-04-30 17:50,BoyWithUke,Sick of U (with Oliver Tree),168676,indie pop
2024-04-30 17:52,Noah Cyrus,July,156106,pop
2024-04-30 17:55,Arctic Monkeys,Why'd You Only Call Me When You're High?,161123,indie
2024-04-30 17:56,Sachin-Jigar,Saibo,21974,gujarati pop
2024-04-30 18:00,Halsey,Colors,249499,pop
2024-04-30 18:03,Billie Eilish,ocean eyes,200560,pop
2024-04-30 18:06,The Kid LAROI,WITHOUT YOU,161384,rap
2024-04-30 18:09,lovelytheband,broken,204878,indie pop
2024-04-30 18:13,ZAYN,I Don’t Wanna Live Forever (Fifty Shades Darker),247160,pop
2024-04-30 18:16,All Time Low,Monsters (feat. blackbear),174067,pop punk
2024-04-30 18:19,Harry Styles,Watermelon Sugar,174000,pop
2024-04-30 18:23,Taylor Swift,Fortnight (feat. Post Malone),228965,country
2024-04-30 18:26,Imagine Dragons,Believer,204346,indie
2024-04-30 18:30,Taylor Swift,cardigan,239560,country
2024-04-30 18:34,Kendrick Lamar,All The Stars (with SZA),232186,hip hop
2024-04-30 18:38,GROUPLOVE,Tongue Tied,218013,indie
2024-04-30 18:42,John Legend,All of Me,269560,soft pop
2024-04-30 18:43,Justin Bieber,Beauty And A Beat,51354,pop
2024-04-30 18:47,Calvin Harris,One Kiss (with Dua Lipa),214846,edm
2024-04-30 18:51,Mark Ronson,Uptown Funk (feat. Bruno Mars),269666,funk
2024-04-30 18:54,OneRepublic,I Ain't Worried,148485,soft pop
2024-04-30 18:57,Taylor Swift,this is me trying,195097,country
2024-04-30 19:00,Jessica Darrow,Surface Pressure,202226,USA
2024-04-30 19:04,Doja Cat,Need to Know,210560,pop
2024-04-30 19:08,Passenger,Let Her Go,252733,folk pop
2024-04-30 19:12,Post Malone,I Fall Apart,223346,Hip-Hop
2024-04-30 19:16,The Weeknd,Die For You,260253,rnb
2024-04-30 19:20,Taylor Swift,Blank Space,231826,country
2024-04-30 19:24,Rihanna,Diamonds,225146,pop
2024-04-30 19:27,Marshmello,Silence,180822,edm
2024-04-30 19:31,Avicii,Waiting For Love,230613,edm
2024-04-30 19:35,Maroon 5,Sugar,235493,pop
2024-04-30 19:37,Tate McRae,greedy,131872,pop
2024-04-30 19:41,Ed Sheeran,Supermarket Flowers,221106,soft pop
2024-04-30 19:44,Post Malone,Congratulations,220293,Hip-Hop
2024-04-30 19:48,Camila Cabello,Never Be the Same,226973,pop
2024-04-30 19:52,The Weeknd,Can't Feel My Face,213520,rnb
2024-04-30 19:55,Gym Class Heroes,Stereo Hearts (feat. Adam Levine),210960,Hip-Hop
2024-04-30 19:59,Bruno Mars,Locked out of Heaven,233478,pop
2024-04-30 20:03,Maroon 5,One More Night,219466,pop
2024-04-30 20:05,Lil Nas X,THATS WHAT I WANT,143901,Hip-Hop
2024-04-30 20:08,Arctic Monkeys,I Wanna Be Yours,183956,indie
2024-04-30 20:12,Katy Perry,Roar,223546,pop
2024-04-30 20:15,Måneskin,Beggin',211560,rock
2024-04-30 20:20,The Weeknd,I Was Never There,241066,rnb
2024-04-30 20:22,XXXTENTACION,SAD!,166605,emo rap
2024-04-30 20:26,Paris Paloma,labour,237744,seen live
2024-04-30 20:30,The Neighbourhood,Softcore,206280,indie
2024-04-30 20:33,Imagine Dragons,Thunder,187146,indie
2024-04-30 20:36,Charlie Puth,Attention,208786,soft pop
2024-04-30 20:40,Shawn Mendes,There's Nothing Holdin' Me Back,199440,pop
2024-04-30 20:43,Taylor Swift,Wildest Dreams (Taylor's Version),220433,country
2024-04-30 20:47,Camila Cabello,Bam Bam (feat. Ed Sheeran),206070,pop
2024-04-30 20:51,Ed Sheeran,Shape of You,233712,soft pop
2024-04-30 20:54,Ed Sheeran,Happier,207520,soft pop
2024-04-30 20:58,Stromae,Papaoutai,232146,french pop
2024-04-30 21:01,Harry Styles,As It Was,167303,pop
2024-04-30 21:05,Naughty Boy,No One’s Here To Sleep,272547,rnb
2024-04-30 21:15,Maroon 5,Daylight,4382,pop
2024-05-02 16:01,Chappell Roan,"Good Luck, Babe!",232017,pop
2024-05-02 16:06,Travis Scott,MY EYES,251249,rap
2024-05-02 16:10,Anuv Jain,Husn,217894,indian indie
2024-05-02 16:13,Alec Benjamin,If We Have Each Other,181522,pop
2024-05-02 16:22,New West,Those Eyes,220750,seen live
2024-05-02 16:26,Belle Sisoski,Hold On,270595,hip hop
2024-05-02 16:31,Clairo,Sofia,188386,bedroom pop
2024-05-02 16:34,Olivia Rodrigo,bad idea right?,184783,pop
2024-05-02 16:37,Olivia Rodrigo,favorite crime,152666,pop
2024-05-02 16:40,MARINA,Oh No!,182586,pop
2024-05-02 16:43,Caroline Polachek,Sunset,162909,art pop
2024-05-02 16:46,League of Legends,Burn It All Down,201840,Soundtrack
2024-05-02 16:50,Selena Gomez,Lose You To Love Me,206458,pop
2024-05-02 16:53,Fitz and The Tantrums,Out of My League,209386,soul
2024-05-02 16:57,Kali Uchis,Melting,208853,rnb
2024-05-02 17:14,Christina Perri,a thousand years,139999,soft pop
2024-05-02 17:14,Billie Eilish,watch,307,pop
2024-05-02 17:24,Christina Perri,a thousand years,2860,soft pop
2024-05-05 01:57,Christina Perri,a thousand years,1318,soft pop
2024-05-05 02:00,Olivia Rodrigo,obsessed,170541,pop
2024-05-05 02:05,Anuv Jain,Riha,287312,indian indie
2024-05-05 02:09,Taylor Swift,Don’t Blame Me,236413,country
2024-05-05 02:11,Ashnikko,Daisy,146523,Hip-Hop
2024-05-05 02:14,Lewis Capaldi,Hold Me While You Wait,205686,soft pop
2024-05-05 02:18,Billie Eilish,Oxytocin,210232,pop
2024-05-05 02:21,Olivia Rodrigo,all-american bitch,165833,pop
2024-05-05 02:24,Shawn Mendes,Mercy,208733,pop
2024-05-05 02:28,Fitz and The Tantrums,Out of My League,209386,soul
2024-05-05 02:31,MAGIC!,Rude,224840,reggae
2024-05-05 02:59,WALK THE MOON,Shut Up and Dance,169041,indie rock
2024-05-06 16:25,Alec Benjamin,Sacrifice Tomorrow,1523,pop
2024-05-06 16:30,YUNGBLUD,I Was Made For Lovin’ You - from The Fall Guy,261520,indie rock
2024-05-06 16:33,Laufey,From The Start,169573,jazz
2024-05-06 16:37,Chappell Roan,"Good Luck, Babe!",218423,pop
2024-05-06 16:40,Olivia Rodrigo,all-american bitch,165833,pop
2024-05-06 16:43,Alec Benjamin,I Sent My Therapist To Therapy,180923,pop
2024-05-06 16:46,Alec Benjamin,Pick Me,178707,pop
2024-05-06 16:49,Alec Benjamin,King Size Bed,164184,pop
2024-05-06 16:52,Alec Benjamin,Different Kind Of Beautiful,201007,pop
2024-05-06 16:55,Olivia Rodrigo,obsessed,170541,pop
2024-05-06 16:58,Benson Boone,Cry,186359,pop
2024-05-06 17:01,Alec Benjamin,If We Have Each Other,181522,pop
2024-05-06 17:05,Nessa Barrett,dying on the inside,204847,pop
2024-05-06 17:08,Conan Gray,The Exit,221054,seen live
2024-05-06 17:11,Em Beihold,Numb Little Bug,169237,indie pop
2024-05-06 17:15,Olivia Rodrigo,Can’t Catch Me Now - from The Hunger Games: The Ballad of Songbirds & Snakes,205483,pop
2024-05-06 17:17,Benson Boone,Slow It Down,161831,pop
2024-05-06 17:21,Alec Benjamin,If I Killed Someone For You,185122,pop
2024-05-06 17:23,Tate McRae,exes,159400,pop
2024-05-06 17:34,Conan Gray,People Watching,43829,seen live
2024-05-06 17:40,David Kushner,Skin and Bones,214632,indie
2024-05-06 17:43,Olivia Rodrigo,the grudge,189386,pop
2024-05-06 17:47,Benson Boone,To Love Someone,196260,pop
2024-05-06 17:50,YUNGBLUD,parents,171880,indie rock
2024-05-06 17:53,5 Seconds of Summer,Valentine,196628,pop rock
2024-05-06 17:57,Alec Benjamin,Water Fountain,218893,pop
2024-05-06 17:59,Alex Warren,Before You Leave Me,176178,pop
2024-05-06 18:10,Conan Gray,Family Line,7568,seen live
2024-05-06 18:52,Billie Eilish,Oxytocin,13419,pop
2024-05-06 18:55,Billie Eilish,Oxytocin,196813,pop
2024-05-06 18:56,Troye Sivan,Rush,57927,pop
2024-05-06 19:14,Melanie Martinez,Training Wheels,190760,pop
2024-05-07 17:01,Chappell Roan,"Good Luck, Babe!",71130,pop
2024-05-07 17:02,The Neighbourhood,Sweater Weather,2273,indie
2024-05-07 17:02,The Neighbourhood,Sweater Weather,27960,indie
2024-05-07 17:06,YUNGBLUD,I Was Made For Lovin’ You - from The Fall Guy,261520,indie rock
2024-05-07 17:10,Travis Scott,MY EYES,251249,rap
2024-05-07 17:15,The Weeknd,"One Of The Girls (with JENNIE, Lily Rose Depp)",244684,rnb
2024-05-07 17:19,Travis Scott,goosebumps,243836,rap
2024-05-07 17:22,Kendrick Lamar,All The Stars (with SZA),232186,hip hop
2024-05-07 17:26,Post Malone,Congratulations,220293,Hip-Hop
2024-05-07 17:30,Chappell Roan,"Good Luck, Babe!",218423,pop
2024-05-07 17:33,Fitz and The Tantrums,Out of My League,209386,soul
2024-05-07 17:37,Olivia Rodrigo,deja vu,215506,pop
2024-05-07 17:40,Billie Eilish,when the party's over,196077,pop
2024-05-07 17:43,Olivia Rodrigo,obsessed,170541,pop
2024-05-07 17:46,Olivia Rodrigo,bad idea right?,184783,pop
2024-05-07 17:49,Arctic Monkeys,Why'd You Only Call Me When You're High?,161123,indie
2024-05-07 17:51,Olivia Rodrigo,favorite crime,152666,pop
2024-05-07 17:55,New West,Those Eyes,220750,seen live
2024-05-07 18:03,Sabrina Carpenter,Espresso,10027,pop
2024-05-07 18:07,Anuv Jain,Alag Aasmaan,212750,indian indie
2024-05-07 18:10,Imagine Dragons,Demons,175200,indie
2024-05-07 18:12,Dove Cameron,Breakfast,148470,pop
2024-05-07 18:16,Taylor Swift,Lavender Haze,202395,country
2024-05-07 18:20,French Montana,Unforgettable,233901,Hip-Hop
2024-05-07 18:23,One Direction,Night Changes,226600,pop
2024-05-07 18:26,Daisy the Great,Record Player (with AJR),149538,indie pop
2024-05-07 18:30,Lady Gaga,Shallow,215733,art pop
2024-05-07 18:33,Arctic Monkeys,I Wanna Be Yours,183956,indie
2024-05-07 18:36,Billie Eilish,Six Feet Under,189613,pop
2024-05-07 18:39,Lou Bliss,Killing Butterflies,170000,
2024-05-07 18:43,Coldplay,Paradise,278719,rock
2024-05-07 18:48,Ed Sheeran,Thinking out Loud,281560,soft pop
2024-05-07 18:51,Lizzy McAlpine,ceilings,182887,indie pop
2024-05-07 18:55,Niall Horan,This Town,232852,pop
2024-05-07 18:58,Half an Orange,Blink 182,184000,indie
2024-05-07 19:02,The Weeknd,Starboy,230453,rnb
2024-05-07 19:05,Benson Boone,In The Stars,216410,pop
2024-05-07 19:08,Imagine Dragons,Enemy (with JID) - from the series Arcane League of Legends,173381,indie
2024-05-07 19:12,The Weeknd,Blinding Lights,200040,rnb
2024-05-07 19:15,Shawn Mendes,There's Nothing Holdin' Me Back,199440,pop
2024-05-07 19:19,Maroon 5,Daylight,225306,pop
2024-05-07 19:22,The Buttress,Brutus (Instrumental),200000,Horrorcore
2024-05-07 19:26,The Chainsmokers,Closer,244960,electronic
2024-05-07 19:29,Noah Cyrus,July,156106,pop
2024-05-07 19:33,One Direction,Perfect,230333,pop
2024-05-07 19:36,Ariana Grande,One Last Time,197266,pop
2024-05-07 19:40,Doja Cat,Kiss Me More (feat. SZA),208666,pop
2024-05-07 19:42,SAINt JHN,Roses - Imanbek Remix,176840,Hip-Hop
2024-05-07 19:46,SYML,Where's My Love,202000,indie
2024-05-07 19:50,Imagine Dragons,Smoke And Mirrors,260866,indie
2024-05-07 19:54,Taylor Swift,Delicate,232253,country
2024-05-07 19:57,Gracie Abrams,"I miss you, I’m sorry",167538,seen live
2024-05-07 20:01,Taylor Swift,I Did Something Bad,238253,country
2024-05-07 20:05,BTS,ON,246380,k-pop
2024-05-07 20:10,Adele,Someone Like You,285240,dangdut
2024-05-07 20:13,Alan Walker,Faded,212626,electronic
2024-05-07 20:22,Ed Sheeran,Give Me Love,526386,soft pop
2024-05-07 20:26,Harry Styles,Adore You,207133,pop
2024-05-07 20:29,Tove Lo,Habits (Stay High),209160,pop
2024-05-07 20:32,Trevor Daniel,Falling,159381,pop
2024-05-07 20:35,Lorde,Team,193058,pop
2024-05-07 20:38,Panic! At The Disco,This Is Gospel,187186,emo
2024-05-07 20:42,Ellie Goulding,Burn,231213,female vocalists
2024-05-07 20:45,Rosa Linn,SNAP,179551,pop
2024-05-07 20:50,Halsey,Castle,277623,pop
2024-05-07 20:53,The Chainsmokers,Sick Boy,193200,electronic
2024-05-07 20:57,Olivia Rodrigo,traitor,229226,pop
2024-05-07 21:01,Jaymes Young,Infinity,237720,indie
2024-05-07 21:04,One Direction,Rock Me,200266,pop
2024-05-07 21:08,Calvin Harris,This Is What You Came For,222160,edm
2024-05-07 21:10,Trevor Daniel,Falling,159381,pop
2024-05-07 21:15,Taylor Swift,Back To December,293026,country
2024-05-07 21:19,Ruth B.,Dandelions,233720,pop
2024-05-07 21:22,Dua Lipa,Boys Will Be Boys,166266,pop
2024-05-07 21:25,Shawn Mendes,Treat You Better,187973,pop
2024-05-07 21:29,Selena Gomez,Back To You - From 13 Reasons Why – Season 2 Soundtrack,207904,pop
2024-05-07 21:31,Post Malone,Sunflower - Spider-Man: Into the Spider-Verse,157560,Hip-Hop
2024-05-07 21:35,Taylor Swift,the lakes,211798,country
2024-05-07 21:38,Billie Eilish,ocean eyes,200560,pop
2024-05-07 21:41,Imagine Dragons,Warriors,171333,indie
2024-05-07 21:45,OneRepublic,If I Lose Myself,241640,soft pop
2024-05-07 21:49,Train,"Hey, Soul Sister",216773,rock
2024-05-07 21:52,Justin Bieber,Sorry,200786,pop
2024-05-07 21:57,Imagine Dragons,Battle Cry,273640,indie
2024-05-07 22:01,ZAYN,I Don’t Wanna Live Forever (Fifty Shades Darker),247160,pop
2024-05-07 22:05,Ruth B.,Lost Boy,276066,pop
2024-05-07 22:09,MARINA,Purge The Poison,196573,pop
2024-05-07 22:12,Miley Cyrus,Party In The U.S.A.,202066,pop
2024-05-07 22:16,grandson,Blood // Water,216720,alternative rock
2024-05-07 22:19,Destiny,Je me casse,178500,metalcore
2024-05-07 22:23,P!nk,Just Give Me a Reason (feat. Nate Ruess),242733,opera
2024-05-07 22:35,Rachel Platten,Fight Song,122856,pop
2024-05-07 22:58,Marshmello,Silence,23,edm
2024-05-07 22:58,Rachel Platten,Fight Song,1000,pop
2024-05-07 22:58,Janani K. Jha,Achilles Heel,42,indie
2024-05-07 22:58,Owl City,Good Time,1000,electronic
2024-05-07 23:07,Ruelle,Carry You,268906,pop
2024-05-07 23:09,Harry Styles,As It Was,167303,pop
2024-05-07 23:14,Ed Sheeran,The A Team,258373,soft pop
2024-05-07 23:17,Bea Miller,making bad decisions,203002,pop
2024-05-07 23:21,Sam Smith,I'm Not The Only One,239316,soft pop
2024-05-07 23:25,Zara Larsson,Never Forget You,213427,pop
2024-05-07 23:28,Avicii,The Nights,176658,edm
2024-05-07 23:31,Bruno Mars,Just the Way You Are,220734,pop
2024-05-07 23:35,Paris Paloma,labour,237744,seen live
2024-05-07 23:47,Thirty Seconds To Mars,This Is War,80013,modern rock
2024-05-08 01:49,Olivia Rodrigo,obsessed,261,pop
2024-05-08 01:51,Olivia Rodrigo,obsessed,170541,pop
2024-05-08 01:54,Stephen Sanchez,Until I Found You (with Em Beihold) - Em Beihold Version,176440,folk
2024-05-08 01:58,Billie Eilish,Oxytocin,210232,pop
2024-05-08 02:02,Lana Del Rey,Young And Beautiful,236053,female vocalists
2024-05-08 02:06,RAYE,Escapism.,272373,pop
2024-05-08 02:09,Bryce Fox,Golden Boy,168555,alternative
2024-05-08 02:14,Lana Del Rey,Summertime Sadness,264773,female vocalists
2024-05-08 02:17,James Arthur,Say You Won't Let Go,211466,soft pop
2024-05-08 02:21,Vance Joy,Riptide,204280,folk pop
2024-05-08 02:24,Ariana Grande,7 rings,178626,pop
2024-05-08 02:27,Twenty One Pilots,Ride,214506,electronic
2024-05-08 02:30,Maroon 5,Memories,189486,pop
2024-05-08 02:44,Sean Paul,No Lie,176963,dancehall
2024-05-08 21:59,BLACKPINK,How You Like That,775,k-pop
2024-05-08 21:59,The Weeknd,Save Your Tears (with Ariana Grande) (Remix),780,rnb
2024-05-08 21:59,Troye Sivan,Strawberries & Cigarettes,1032,pop
2024-05-08 21:59,Ed Sheeran,Photograph,1486,soft pop
2024-05-08 21:59,Anuv Jain,Riha,1020,indian indie
2024-05-08 21:59,Stephen Sanchez,Until I Found You,950,folk
2024-05-08 22:04,Anuv Jain,Riha,287312,indian indie
2024-05-08 22:08,Troye Sivan,TALK ME DOWN,237464,pop
2024-05-08 22:15,Beach Bunny,Cloud 9,147350,indie rock
2024-05-08 22:18,Imagine Dragons,Warriors,171333,indie
2024-05-08 22:22,Olivia Rodrigo,deja vu,215506,pop
2024-05-08 22:33,Taylor Swift,Delicate,43628,country
2024-05-08 22:46,SPYAIR,イマジネーション,1728,anime
2024-05-08 22:46,Taylor Swift,Delicate,3520,country
2024-05-08 22:46,The Weeknd,Can't Feel My Face,1660,rnb
2024-05-08 22:46,Bea Miller,making bad decisions,8849,pop
2024-05-08 22:49,The Weeknd,Can't Feel My Face,213520,rnb
2024-05-08 22:53,Lauv,I Like Me Better,197436,pop
2024-05-08 23:11,Post Malone,I Fall Apart,114371,Hip-Hop
2024-05-09 03:17,Olivia Rodrigo,teenage dream,222358,pop
2024-05-09 03:20,Laufey,From The Start,169573,jazz
2024-05-09 03:23,Laufey,Falling Behind,173640,jazz
2024-05-09 03:26,Chappell Roan,"Good Luck, Babe!",218423,pop
2024-05-09 03:30,Lana Del Rey,Young And Beautiful,236053,female vocalists
2024-05-09 03:35,Lana Del Rey,Art Deco,295066,female vocalists
2024-05-09 03:38,Troye Sivan,YOUTH,185194,pop
2024-05-09 03:43,Troye Sivan,HEAVEN,261114,pop
2024-05-09 03:46,Troye Sivan,WILD,227871,pop
2024-05-09 03:59,Troye Sivan,Lucky Strike,145820,pop
2024-05-13 04:01,Arijit Singh,Aayat,13168,hindi pop
2024-05-13 04:01,Pritam,Tujhe Sochta Hoon,6157,bollywood
2024-05-13 04:02,Vishal-Shekhar,Bahara,13256,bollywood
2024-05-13 04:02,Atif Aslam,O Saathi,13317,bollywood
2024-05-13 04:03,Javed-Mohsin,"Kabhii Tumhhe (From ""Shershaah"")",17852,bollywood
2024-05-13 04:03,Atif Aslam,"Darasal (From ""Raabta"")",34589,bollywood
2024-05-13 04:03,Shreya Ghoshal,Saathiyaa,8056,bollywood
2024-05-13 04:04,Ankit Tiwari,Tu Hai Ki Nahi,7729,bollywood
2024-05-13 04:04,A.R. Rahman,"Tum Tak (From ""Raanjhanaa"")",12717,tamil pop
2024-05-13 04:04,Ami Mishra,Hasi - Male Version,49312,bollywood
2024-05-13 04:05,Sachin-Jigar,Gulabi,8562,gujarati pop
2024-05-13 04:05,Arko,Nazm Nazm,14956,hindi pop
2024-05-13 04:05,Sona Mohapatra,Naina,16216,bollywood
2024-05-13 04:05,Amaal Mallik,Main Rahoon Ya Na Rahoon,12930,bollywood
2024-05-13 04:06,Amit Trivedi,Naina Da Kya Kasoor,18454,bollywood
2024-05-13 04:06,Vishal Mishra,Manjha,21504,hindi pop
2024-05-13 04:06,Sachin-Jigar,Judaai,16251,gujarati pop
2024-05-13 04:07,Atif Aslam,Dekhte Dekhte,31154,bollywood
2024-05-13 04:07,A.R. Rahman,Nadaan Parinde,12401,tamil pop
2024-05-13 04:07,Darshan Raval,Mujhe Peene Do,2892,gujarati garba
2024-05-13 04:07,Shafqat Amanat Ali,Darmiyaan,8919,bollywood
2024-05-13 04:08,Mithoon,"Humnava (From ""Hamari Adhuri Kahani"")",10166,bollywood
2024-05-13 04:08,Atif Aslam,Be Intehaan,7058,bollywood
2024-05-13 04:08,Pritam,Teri Jhuki Nazar,14528,bollywood
2024-05-13 04:08,A.R. Rahman,"Rait Zara Si (From ""Atrangi Re"")",11106,tamil pop
2024-05-13 04:09,Chappell Roan,"Good Luck, Babe!",1828,pop
2024-05-13 04:09,Rashid Khan,Aaoge Jab Tum,21333,sufi
2024-05-13 06:31,Chappell Roan,"Good Luck, Babe!",216625,pop
2024-05-13 06:33,Olivia Rodrigo,obsessed,120004,pop
2024-05-13 06:37,Olivia Rodrigo,obsessed,168856,pop
2024-05-13 06:39,Olivia Rodrigo,obsessed,120002,pop
2024-05-13 21:33,Olivia Rodrigo,ballad of a homeschooled girl,140,pop
2024-05-13 21:33,Olivia Rodrigo,scared of my guitar,966,pop
2024-05-13 21:33,Olivia Rodrigo,stranger,24,pop
2024-05-13 21:36,Olivia Rodrigo,obsessed,170541,pop
2024-05-13 21:39,Olivia Rodrigo,so american,169717,pop
2024-05-13 21:41,Olivia Rodrigo,girl i’ve always been,121354,pop
2024-05-13 21:51,Olivia Rodrigo,teenage dream,222358,pop
2024-05-13 21:55,Olivia Rodrigo,ballad of a homeschooled girl,203369,pop
2024-05-13 21:58,Olivia Rodrigo,stranger,192771,pop
2024-05-13 22:02,Olivia Rodrigo,scared of my guitar,263928,pop
2024-05-13 22:05,Olivia Rodrigo,love is embarrassing,154516,pop
2024-05-13 22:08,Olivia Rodrigo,bad idea right?,184783,pop
2024-05-13 22:11,Olivia Rodrigo,the grudge,189386,pop
2024-05-13 22:15,Olivia Rodrigo,logical,231907,pop
2024-05-13 22:18,Olivia Rodrigo,making the bed,198866,pop
2024-05-13 22:22,Olivia Rodrigo,vampire,219724,pop
2024-05-13 22:26,Olivia Rodrigo,get him back!,211141,pop
2024-05-13 22:38,Olivia Rodrigo,lacy,136094,pop
2024-05-14 17:03,Olivia Rodrigo,lacy,42146,pop
2024-05-14 17:05,Olivia Rodrigo,obsessed,170541,pop
2024-05-14 17:08,Olivia Rodrigo,all-american bitch,165833,pop
2024-05-14 17:11,Olivia Rodrigo,so american,169717,pop
2024-05-14 17:14,Olivia Rodrigo,pretty isn’t pretty,199422,pop
2024-05-14 17:16,Olivia Rodrigo,girl i’ve always been,121354,pop
2024-05-14 17:28,Benson Boone,Slow It Down,75944,pop
2024-05-14 17:56,Benson Boone,Slow It Down,85904,pop
2024-05-14 17:58,Tate McRae,exes,159400,pop
2024-05-14 18:01,Olivia Rodrigo,all-american bitch,165833,pop
2024-05-14 18:05,Chappell Roan,"Good Luck, Babe!",218423,pop
2024-05-14 18:09,Melanie Martinez,Teacher's Pet,241893,pop
2024-05-14 18:12,Nessa Barrett,dying on the inside,204847,pop
2024-05-14 18:14,Isabel LaRosa,favorite,133608,pop
2024-05-14 18:17,Sabrina Carpenter,Espresso,175459,pop
2024-05-14 18:20,Olivia Rodrigo,brutal,143746,pop
2024-05-14 18:24,The Weeknd,"One Of The Girls (with JENNIE, Lily Rose Depp)",244684,rnb
2024-05-14 18:27,Billie Eilish,watch,177523,pop
2024-05-14 18:29,Beach Bunny,Cloud 9,147350,indie rock
2024-05-14 18:32,Dasha,Austin (Boots Stop Workin'),171782,pop
2024-05-14 18:34,Artemas,i like the way you kiss me,142514,pop
2024-05-14 18:37,Olivia Rodrigo,good 4 u,178146,pop
2024-05-14 18:41,Benson Boone,Cry,186359,pop
2024-05-14 18:44,Billie Eilish,Bored,180933,pop
2024-05-14 18:46,Tate McRae,greedy,131872,pop
2024-05-14 18:48,Lay Bankz,Tell Ur Girlfriend,124444,jersey club
2024-05-14 18:51,David Kushner,Skin and Bones,214632,indie
2024-05-14 18:54,Olivia Rodrigo,love is embarrassing,154516,pop
2024-05-14 18:56,Chance Peña,i am not who i was,145438,folk
2024-05-14 19:00,Billie Eilish,ocean eyes,200560,pop
2024-05-14 19:03,Conan Gray,Maniac,185773,seen live
2024-05-14 19:05,Isabel LaRosa,older,137778,pop
2024-05-14 19:07,Beach Bunny,Prom Queen,136562,indie rock
2024-05-14 19:11,Olivia Rodrigo,deja vu,215506,pop
2024-05-14 19:14,Mark Ambor,Belong Together,148317,indie
2024-05-14 19:17,MARINA,Oh No!,182586,pop
2024-05-14 19:20,Conan Gray,The Exit,221054,seen live
2024-05-14 19:23,Djo,End of Beginning,159245,psychedelic pop
2024-05-14 19:26,Stephen Sanchez,High,161567,folk
2024-05-14 19:29,Olivia Rodrigo,the grudge,189386,pop
2024-05-14 19:31,The Weeknd,Stargirl Interlude,111626,rnb
2024-05-14 19:33,MARINA,Bubblegum Bitch,154666,pop
2024-05-14 19:36,Conan Gray,Wish You Were Sober,168880,seen live
2024-05-14 19:39,Wallows,Are You Bored Yet? (feat. Clairo),178000,indie
2024-05-14 19:43,Lana Del Rey,Young And Beautiful,236053,female vocalists
2024-05-14 19:46,Olivia Rodrigo,"1 step forward, 3 steps back",163586,pop
2024-05-14 19:48,Rachel Zegler,The Hanging Tree - from The Hunger Games: The Ballad of Songbirds & Snakes,143988,soul
2024-05-14 19:51,Sabrina Carpenter,Feather,185552,pop
2024-05-14 19:54,Conan Gray,People Watching,158536,seen live
2024-05-14 19:58,New West,Those Eyes,220750,seen live
2024-05-14 20:02,Lana Del Rey,West Coast,256760,female vocalists
2024-05-14 20:05,Olivia Rodrigo,"jealousy, jealousy",173160,pop
2024-05-14 20:10,Billie Eilish,TV,281380,pop
2024-05-14 20:13,Sabrina Carpenter,Looking at Me,181120,pop
2024-05-14 20:16,Conan Gray,Heather,198040,seen live
2024-05-14 20:18,Dove Cameron,Breakfast,148470,pop
2024-05-14 20:21,Noah Cyrus,July,156106,pop
2024-05-14 20:23,Olivia Rodrigo,favorite crime,152666,pop
2024-05-14 20:26,Alex Warren,Before You Leave Me,176178,pop
2024-05-14 20:30,Billie Eilish,listen before i go,242652,pop
2024-05-14 20:32,Ariana Grande,intro (end of the world),92400,pop
2024-05-14 20:35,Conan Gray,Bourgeoisieses,151738,seen live
2024-05-14 20:38,Clairo,Sofia,188386,bedroom pop
2024-05-14 20:41,Olivia Rodrigo,enough for you,202826,pop
2024-05-14 20:44,Dove Cameron,Boyfriend,153000,pop
2024-05-14 20:49,Billie Eilish,Happier Than Ever,298899,pop
2024-05-14 20:52,Tate McRae,she's all i wanna be,207120,pop
2024-05-14 20:55,Laufey,From The Start,169573,jazz
2024-05-14 20:57,Dominic Fike,Babydoll,97960,indie
2024-05-14 21:01,Olivia Rodrigo,drivers license,242013,pop
2024-05-14 21:04,Ariana Grande,the boy is mine,173639,pop
2024-05-14 21:07,Billie Eilish,Halley's Comet,234761,pop
2024-05-14 21:10,Gracie Abrams,Mess It Up,171280,seen live
2024-05-14 21:14,Benson Boone,To Love Someone,196260,pop
2024-05-14 21:16,Selena Gomez,Single Soon,171655,pop
2024-05-14 21:20,Olivia Rodrigo,pretty isn’t pretty,199422,pop
2024-05-14 21:23,Troye Sivan,Rush,156391,pop
2024-05-14 21:26,Conan Gray,Family Line,216094,seen live
2024-05-14 21:27,Zeph,could you love me while i hate myself,60333,indie
2024-05-14 21:30,Gracie Abrams,"I miss you, I’m sorry",167538,seen live
2024-05-14 21:34,David Kushner,Daylight,212953,indie
2024-05-14 21:37,Olivia Rodrigo,Can’t Catch Me Now - from The Hunger Games: The Ballad of Songbirds & Snakes,205483,pop
2024-05-14 21:40,The Last Dinner Party,Nothing Matters,182623,seen live
2024-05-14 21:42,beabadoobee,Glue Song,135066,bedroom pop
2024-05-14 21:44,Mitski,Washing Machine Heart,128198,seen live
2024-05-14 21:48,Sabrina Carpenter,because i liked a boy,196458,pop
2024-05-14 21:52,Hozier,Work Song,229720,blues
2024-05-14 21:55,Olivia Rodrigo,making the bed,198866,pop
2024-05-14 21:58,Lizzy McAlpine,ceilings,182887,indie pop
2024-05-14 22:02,Paris Paloma,LABOUR - the cacophony,247445,seen live
2024-05-14 22:06,Ricky Montgomery,Mr. Loverman,216880,indie
2024-05-14 22:16,Conan Gray,Memories,17307,seen live
2024-05-15 19:12,Conan Gray,Memories,231527,seen live
2024-05-15 19:24,Billie Eilish,"What Was I Made For? [From The Motion Picture ""Barbie""]",128302,pop
2024-05-16 02:46,Billie Eilish,"What Was I Made For? [From The Motion Picture ""Barbie""]",94103,pop
2024-05-16 02:53,Olivia Rodrigo,traitor,229226,pop
2024-05-16 02:55,SZA,Kill Bill,153946,rnb
2024-05-16 02:58,Noah Kahan,Stick Season,182346,indie
2024-05-16 03:01,Troye Sivan,One Of Your Girls,181481,pop
2024-05-16 03:06,beabadoobee,the perfect pair,298054,bedroom pop
2024-05-16 03:19,Melanie Martinez,EVIL,136855,pop
2024-05-17 01:19,lilster,Barbie (Can You Play Ken?),10090,jersey club
2024-05-17 16:38,Lana Del Rey,Thunder,24640,female vocalists
2024-05-17 18:48,Olivia Rodrigo,"All I Want - From ""High School Musical: The Musical: The Series""",1301,pop
2024-05-17 18:49,Lana Del Rey,Say Yes To Heaven,64145,female vocalists
2024-05-17 18:53,Olivia Rodrigo,teenage dream,222358,pop
2024-05-17 18:56,Olivia Rodrigo,ballad of a homeschooled girl,203369,pop
2024-05-17 18:57,Olivia Rodrigo,scared of my guitar,7442,pop
2024-05-17 18:57,Olivia Rodrigo,stranger,52951,pop
2024-05-17 19:01,Olivia Rodrigo,stranger,192771,pop
2024-05-17 19:04,lilster,Barbie (Can You Play Ken?),173735,jersey club
2024-05-17 19:08,Lana Del Rey,Young And Beautiful,236053,female vocalists
2024-05-17 19:11,Olivia Rodrigo,ballad of a homeschooled girl,203369,pop
2024-05-17 19:15,Olivia Rodrigo,teenage dream,222358,pop
2024-05-17 19:26,Olivia Rodrigo,ballad of a homeschooled girl,57866,pop
2024-05-19 20:40,Shankar Mahadevan,Uff Teri Adaa,304088,bollywood
2024-05-19 20:47,Rashid Ali,Kabhi Kabhi Aditi,434047,bollywood
2024-05-19 20:53,Ajay-Atul,Abhi Mujh Mein Kahin,364786,marathi pop
2024-05-19 20:57,Alyssa Mendonsa,Khaabon Ke Parinday,251704,bollywood
2024-05-19 21:02,Vishal Dadlani,Ik Junoon (Paint It Red),299119,bollywood
2024-05-19 21:08,Ajay-Atul,"Sapna Jahan (From ""Brothers"")",341780,marathi pop
2024-05-19 21:11,Darshan Raval,Mannat,159600,gujarati garba
2024-05-19 21:15,Amit Trivedi,Yeh Fitoor Mera,283070,bollywood
2024-05-19 21:20,Armaan Malik,Besabriyaan,255738,hindi pop
2024-05-19 21:23,Darshan Raval,Asal Mein,224240,gujarati garba
2024-05-19 21:28,Ami Mishra,Hasi - Male Version,272668,bollywood
2024-05-19 21:33,Pritam,Teri Jhuki Nazar,279186,bollywood
2024-05-19 21:36,Jasleen Royal,Sang Rahiyo (feat. Ujjwal Kashyap),213288,hindi pop
2024-05-19 21:40,Joi Barua,Dil Dhadakne Do,230318,bollywood
2024-05-19 21:52,Ankit Tiwari,Tu Hai Ki Nahi,88917,bollywood
2024-05-20 02:36,Arctic Monkeys,505,63471,indie
2024-05-20 02:36,Arctic Monkeys,Why'd You Only Call Me When You're High?,10797,indie
2024-05-20 02:37,Arctic Monkeys,R U Mine?,23990,indie
2024-05-20 02:39,Arctic Monkeys,I Wanna Be Yours,4315,indie
2024-05-20 02:57,Declan McKenna,Brazil,1280,seen live
2024-05-20 03:02,Arctic Monkeys,505,253586,indie
2024-05-20 03:04,Arctic Monkeys,Why'd You Only Call Me When You're High?,161123,indie
2024-05-20 03:06,Billie Eilish,LUNCH,76719,pop
2024-05-20 03:10,Melanie Martinez,Teacher's Pet,241893,pop
2024-05-20 03:21,Måneskin,I WANNA BE YOUR SLAVE,61235,rock
2024-05-20 06:48,Måneskin,I WANNA BE YOUR SLAVE,958,rock
2024-05-20 06:50,Melanie Martinez,Pacify Her,10367,pop
2024-05-20 06:50,Pritam,Kabira,2304,bollywood
2024-05-20 06:50,Beach Bunny,Cloud 9,147350,indie rock
2024-05-20 06:56,Ankit Tiwari,Tu Hai Ki Nahi,333922,bollywood
2024-05-20 07:00,Pritam,Kabira,223459,bollywood
2024-05-20 07:03,Sachin-Jigar,Gulabi,230661,gujarati pop
2024-05-20 07:08,Sachin-Jigar,Judaai,272772,gujarati pop
2024-05-20 07:12,Sachet Tandon,Maiyya Mainu,231575,bhajan
2024-05-20 07:17,Vishal-Shekhar,Bahara,325706,bollywood
2024-05-20 07:24,A.R. Rahman,Nadaan Parinde,384000,tamil pop
2024-05-20 07:29,Atif Aslam,Tere Sang Yaara,286380,bollywood
2024-05-20 07:33,Arijit Singh,Aayat,261996,hindi pop
2024-05-20 07:38,Atif Aslam,Be Intehaan,290867,bollywood
2024-05-20 07:42,Neeraj Shridhar,Tum Hi Ho Bandhu,283693,bollywood
2024-05-20 07:48,Anu Malik,Moh Moh Ke Dhaage (Female),322899,bollywood
2024-05-20 07:51,Dabzee,"Manavaalan Thug - From ""Thallumaala""",200000,malayalam hip hop
2024-05-20 07:54,Shaarib Toshi,"Bandeya - From ""Dil Juunglee""",184666,bollywood
2024-05-20 08:01,Mithoon,"Darkhaast (feat. Arijit Singh, Sunidhi Chauhan)",374205,bollywood
2024-05-20 08:04,Shae Gill,Pasoori,224146,desi
2024-05-20 08:09,Jatin-Lalit,Chand Sifarish,275931,bollywood
2024-05-20 08:13,Vishal-Shekhar,Duaa,260138,bollywood
2024-05-20 08:19,Pritam,Tum Se Hi,321225,bollywood
2024-05-20 08:39,Sachet Tandon,"Bekhayali (From ""Kabir Singh"")",107066,bhajan
2024-05-20 22:26,Sachet Tandon,"Bekhayali (From ""Kabir Singh"")",265749,bhajan
2024-05-20 22:32,A.R. Rahman,Tere Bina,309640,tamil pop
2024-05-20 22:35,Ritviz,Baaraat,222096,indian indie
2024-05-20 22:39,Pritam,Subhanallah,249707,bollywood
2024-05-20 22:43,Rochak Kohli,Paniyon Sa,236239,bollywood
2024-05-20 22:47,Vishal-Shekhar,Ajab Si,241668,bollywood
2024-05-20 22:53,Pritam,Tum Mile,343786,bollywood
2024-05-20 22:58,Shankar-Ehsaan-Loy,Tere Naina,278546,bollywood
2024-05-20 23:02,Pritam,Ilahi,228982,bollywood
2024-05-20 23:05,Sanam,Gulabi Aankhen,197759,hindi pop
2024-05-20 23:09,Shafqat Amanat Ali,Dildaara (Stand By Me),249660,bollywood
2024-05-20 23:15,Pritam,Bulleya,348965,bollywood
2024-05-20 23:19,Vishal-Shekhar,Dard - E - Disco,268712,bollywood
2024-05-20 23:24,Pritam,Mere Bina,289560,bollywood
2024-05-20 23:28,Farhan Akhtar,Senorita,229575,bollywood
2024-05-20 23:33,Vishal-Shekhar,Aas Paas Khuda,319115,bollywood
2024-05-20 23:38,Sona Mohapatra,Ambarsariya,248182,bollywood
2024-05-20 23:48,KK,Dil Kyun Yeh Mera,615386,Hindi
2024-05-20 23:49,Gajendra Verma,Ik Kahani,60007,hindi pop
2024-05-21 17:04,Arctic Monkeys,505,253586,indie
2024-05-21 17:07,Olivia Rodrigo,obsessed,170541,pop
2024-05-21 17:10,Billie Eilish,Oxytocin,210232,pop
2024-05-21 17:14,Ashe,Till Forever Falls Apart,222926,midwest emo
2024-05-21 17:18,Travis Scott,MY EYES,251249,rap
2024-05-21 17:21,lilster,Barbie (Can You Play Ken?),173735,jersey club
2024-05-21 17:25,Hozier,Too Sweet,251424,blues
2024-05-21 17:28,Olivia Rodrigo,all-american bitch,165833,pop
2024-05-21 17:32,Seafret,Atlantis,229173,indie
2024-05-21 17:35,Alec Benjamin,If We Have Each Other,181522,pop
2024-05-21 17:38,Sia,Unstoppable,217746,female vocalists
2024-05-21 17:42,Billie Eilish,lovely (with Khalid),200185,pop
2024-05-21 17:45,Ariana Grande,7 rings,178626,pop
2024-05-21 17:49,Tom Odell,Another Love,244360,indie
2024-05-21 17:52,One Direction,What Makes You Beautiful,199986,pop
2024-05-21 17:55,Olivia Rodrigo,so american,169717,pop
2024-05-21 17:58,Caroline Polachek,Sunset,162909,art pop
2024-05-21 18:01,Suki Waterhouse,Good Looking,214800,indie pop
2024-05-21 18:04,Harry Styles,As It Was,167303,pop
2024-05-21 18:10,Harry Styles,Sign of the Times,340706,pop
2024-05-21 18:14,Foster The People,Pumped Up Kicks,239600,indie
2024-05-21 18:18,The Weeknd,Die For You,260253,rnb
2024-05-21 18:22,Eminem,Lucky You (feat. Joyner Lucas),244679,rap
2024-05-21 18:26,One Direction,Drag Me Down,192120,pop
2024-05-21 18:29,Ruth B.,Dandelions,233720,pop
2024-05-21 18:33,ILLENIUM,Story Of My Life (feat. Trippie Redd),191124,melodic bass
2024-05-21 18:34,BTS,Life Goes On,100349,k-pop
2024-05-21 18:37,ZICO,SPOT!,167706,Korean
2024-05-21 18:40,Shawn Mendes,There's Nothing Holdin' Me Back,199440,pop
2024-05-21 18:43,Surf Curse,Freaks,147062,indie
2024-05-21 18:47,Paris Paloma,labour,237744,seen live
2024-05-21 18:50,Conan Gray,Family Line,216094,seen live
2024-05-21 18:54,The Weeknd,Call Out My Name,228373,rnb
2024-05-21 18:58,Katy Perry,The One That Got Away,227333,pop
2024-05-21 19:01,girl in red,we fell in love in october,184153,bedroom pop
2024-05-21 19:06,BTS,We are Bulletproof : the Eternal,261542,k-pop
2024-05-21 19:08,Doja Cat,Get Into It (Yuh),138293,pop
2024-05-21 19:11,Em Beihold,Numb Little Bug,169237,indie pop
2024-05-21 19:15,Kygo,Stargazing,236853,tropical house
2024-05-21 19:18,Taylor Swift,Style,231000,country
2024-05-21 19:21,Sabrina Carpenter,Espresso,175459,pop
2024-05-21 19:26,Rihanna,Umbrella,275986,pop
2024-05-21 19:30,The Weeknd,The Hills,242253,rnb
2024-05-21 19:32,Beach Bunny,Prom Queen,136562,indie rock
2024-05-21 19:35,JNR CHOI,TO THE MOON,152137,gambia
2024-05-21 19:39,Ruelle,War Of Hearts,226216,pop
2024-05-21 19:42,Clairo,Sofia,188386,bedroom pop
2024-05-21 19:45,Major Lazer,Powerful (feat. Ellie Goulding & Tarrus Riley),206327,moombahton
2024-05-21 19:49,Maroon 5,This Love,206200,pop
2024-05-21 19:52,Ariana Grande,One Last Time,197266,pop
2024-05-21 19:56,Sean Paul,Temperature,218573,dancehall
2024-05-21 19:59,Major Lazer,Lean On,176561,moombahton
2024-05-21 20:03,Taylor Swift,Don’t Blame Me,236413,country
2024-05-21 20:06,OneRepublic,Rich Love (with Seeb),201256,soft pop
2024-05-21 20:10,Justin Bieber,Love Yourself,233720,pop
2024-05-21 20:14,ZAYN,I Don’t Wanna Live Forever (Fifty Shades Darker),247160,pop
2024-05-21 20:17,Drake,One Dance,173986,rap
2024-05-21 20:21,Twenty One Pilots,Jumpsuit,238560,electronic
2024-05-21 20:25,Sam Smith,I'm Not The Only One,239316,soft pop
2024-05-21 20:28,Lewis Capaldi,Someone You Loved,182160,soft pop
2024-05-21 20:31,Stephen Sanchez,Until I Found You (with Em Beihold) - Em Beihold Version,176440,folk
2024-05-21 20:35,Olivia Rodrigo,traitor,229226,pop
2024-05-21 20:38,Dua Lipa,Don't Start Now,183290,pop
2024-05-21 20:41,CKay,love nwantiti (feat. Dj Yo! & AX'EL) - Remix,188368,afrobeats
2024-05-21 20:45,Sara Kays,Remember That Night?,227186,indie pop
2024-05-21 20:49,Halsey,Nightmare,231998,pop
2024-05-21 20:52,Måneskin,ZITTI E BUONI,194786,rock
2024-05-21 20:55,Billie Eilish,when the party's over,196077,pop
2024-05-21 20:58,Post Malone,Motley Crew,184213,Hip-Hop
2024-05-21 21:00,Doja Cat,Boss Bitch,134239,pop
2024-05-21 21:05,Lana Del Rey,Summertime Sadness,264773,female vocalists
2024-05-21 21:09,Halsey,Sorry,220540,pop
2024-05-21 21:11,Anne-Marie,PSYCHO,162666,pop
2024-05-21 21:15,Niall Horan,This Town,232852,pop
2024-05-21 21:19,Dua Lipa,Levitating (feat. DaBaby),203064,pop
2024-05-21 21:23,Ellie Goulding,"Love Me Like You Do - From ""Fifty Shades Of Grey""",252534,female vocalists
2024-05-21 21:27,Adele,Someone Like You,285240,dangdut
2024-05-21 21:32,Rebel Moves,Every When,260527,turkish
2024-05-21 21:35,Bad Bunny,DÁKITI,205090,reggaeton
2024-05-21 21:39,ZAYN,PILLOWTALK,202746,pop
2024-05-21 21:43,OneRepublic,Counting Stars,257266,soft pop
2024-05-21 21:46,Jordan Clarke,Freaks,174800,british
2024-05-21 21:49,Shawn Mendes,Mercy,208733,pop
2024-05-21 21:54,AURORA,Runaway,248826,norwegian pop
2024-05-21 21:56,Harry Styles,Watermelon Sugar,174000,pop
2024-05-21 22:01,The Chainsmokers,Closer,244960,electronic
2024-05-21 22:04,Ellise,911,188386,indie pop
2024-05-21 22:18,Maluma,Hawái,39822,reggaeton
2024-05-21 22:49,Joel Corry,Head & Heart (feat. MNEK),995,dance pop
2024-05-21 22:49,One Direction,Night Changes,1187,pop
2024-05-21 22:53,Hozier,Take Me to Church,241693,blues
2024-05-21 22:56,YUNGBLUD,parents,171880,indie rock
2024-05-21 23:00,AViVA,GRRRLS,228904,nightcore
2024-05-21 23:02,Jason Derulo,Lifestyle (feat. Adam Levine),153865,rnb
2024-05-21 23:06,Selena Gomez,Lose You To Love Me,206458,pop
2024-05-21 23:09,Theory of a Deadman,Angel,202205,post-grunge
2024-05-21 23:13,Ed Sheeran,Bad Habits,230746,soft pop
2024-05-21 23:17,Calvin Harris,This Is What You Came For,222160,edm
2024-05-21 23:20,Post Malone,Goodbyes (feat. Young Thug),174853,Hip-Hop
2024-05-21 23:22,Charlotte Lawrence,Why Do You Love Me,171908,pop
2024-05-21 23:26,Bruno Mars,Just the Way You Are,220734,pop
2024-05-21 23:30,Au/Ra,Panic Room,237772,pop
2024-05-21 23:36,Two Steps from Hell,Star Sky,330579,orchestra
2024-05-21 23:39,Powfu,death bed (coffee for your head),173333,Hip-Hop
2024-05-21 23:42,Ashe,Moral of the Story,201083,midwest emo
2024-05-21 23:45,Bryce Fox,Golden Boy,168555,alternative
2024-05-21 23:50,Christina Perri,a thousand years,285120,soft pop
2024-05-21 23:53,ZAYN,Entertainer,202600,pop
2024-05-21 23:57,Natasha Blume,Black Sea,253513,indie pop
2024-05-22 00:01,The Script,Hall of Fame (feat. will.i.am),202533,pop rock
2024-05-22 00:04,Jaymes Young,Feel Something,217400,indie
2024-05-22 00:07,Cheat Codes,Only You,189401,electronic
2024-05-22 00:12,Coldplay,Hymn for the Weekend,258266,rock
2024-05-22 00:15,Serhat Durmus,Hislerim,214204,turkish
2024-05-22 00:20,John Legend,All of Me,269560,soft pop
2024-05-22 00:22,The Kid LAROI,STAY (with Justin Bieber),141805,rap
2024-05-22 00:25,Tate McRae,One Day,202340,pop
2024-05-22 00:30,RAYE,Escapism.,272373,pop
2024-05-22 00:33,WALK THE MOON,Shut Up and Dance,199080,indie rock
2024-05-22 00:37,Kurt Hugo Schneider,Sweater Weather,228387,youtube
2024-05-22 00:40,Kim Dracula,Paparazzi,192358,Trap Metal
2024-05-22 00:44,Wiz Khalifa,See You Again (feat. Charlie Puth),229525,rap
2024-05-22 00:48,MARINA,About Love - From The Netflix Film “To All The Boys: P.S. I Still Love You”,214040,pop
2024-05-22 00:51,Calvin Harris,How Deep Is Your Love,212640,edm
2024-05-22 00:55,Ed Sheeran,Shape of You,233712,soft pop
2024-05-22 00:56,Sachin-Jigar,Saibo,26676,gujarati pop
2024-05-22 00:59,Alan Walker,"Alone, Pt. II",179052,electronic
2024-05-22 01:02,Train,"Hey, Soul Sister",216773,rock
2024-05-22 01:06,Selena Gomez,Back To You - From 13 Reasons Why – Season 2 Soundtrack,1687,pop
2024-05-22 01:06,Ed Sheeran,Beautiful People (feat. Khalid),197866,soft pop
2024-05-22 01:06,Karthik,Aahatein,27589,telugu pop
2024-05-22 01:11,Twenty One Pilots,Chlorine,324466,electronic
2024-05-22 01:15,League of Legends,RISE,192881,Soundtrack
2024-05-22 01:18,James Arthur,Rewrite The Stars (with James Arthur & Anne-Marie),218293,soft pop
2024-05-22 01:22,Travis Scott,goosebumps,243836,rap
2024-05-22 01:27,The Weeknd,Prisoner,274960,rnb
2024-05-22 01:30,Stephen Sanchez,Until I Found You,176666,folk
2024-05-22 01:33,The Kid LAROI,WITHOUT YOU,161384,rap
2024-05-22 01:36,Marshmello,Be Kind (with Halsey),172761,edm
2024-05-22 01:40,Chase Atlantic,Friends,230010,rnb
2024-05-22 01:44,Shawn Mendes,I Know What You Did Last Summer,223853,pop
2024-05-22 01:47,ZAYN,There You Are,199600,pop
2024-05-22 01:50,Conan Gray,Wish You Were Sober,168880,seen live
2024-05-22 01:54,Zac Efron,Rewrite The Stars,217440,musicals
2024-05-22 01:57,Astrid S,Hurts So Good,208728,norwegian pop
2024-05-22 02:01,Harry Styles,Adore You,207133,pop
2024-05-22 02:04,Camila Cabello,Easy,194686,pop
2024-05-22 02:06,Halsey,Walls Could Talk,101789,pop
2024-05-22 02:09,Ava Max,Sweet but Psycho,187436,pop
2024-05-22 02:12,5 Seconds of Summer,Youngblood,203417,pop rock
2024-05-22 02:16,Sabrina Carpenter,Paris,218080,pop
2024-05-22 02:19,Katy Perry,Dark Horse,215672,pop
2024-05-22 02:23,Billie Eilish,my future,208155,pop
2024-05-22 02:26,The Chainsmokers,Don't Let Me Down,208373,electronic
2024-05-22 02:29,Olivia Rodrigo,"All I Want - From ""High School Musical: The Musical: The Series""",177322,pop
2024-05-22 02:33,James Arthur,Say You Won't Let Go,211466,soft pop
2024-05-22 02:36,Doja Cat,Say So (feat. Nicki Minaj),206220,pop
2024-05-22 02:40,Charlie Puth,How Long,200853,soft pop
2024-05-22 02:43,Bruno Mars,Count on Me,197469,pop
2024-05-22 02:46,Imagine Dragons,Demons,175200,indie
2024-05-22 02:49,Demi Lovato,Heart Attack,210840,pop
2024-05-22 02:53,Astrid S,It's Ok If You Forget Me,204989,norwegian pop
2024-05-22 02:57,Why Don't We,Fallin’ (Adrenaline),216504,pop
2024-05-22 03:00,Lewis Capaldi,Hold Me While You Wait,205686,soft pop
2024-05-22 03:04,Dua Lipa,New Rules,209320,pop
2024-05-22 03:07,Fall Out Boy,Centuries,228360,emo
2024-05-22 03:18,Shawn Mendes,Señorita,24219,pop
2024-05-22 18:57,Shawn Mendes,Señorita,716,pop
2024-05-22 18:57,Maroon 5,Maps,725,pop
2024-05-22 18:57,Ed Sheeran,South of the Border (feat. Camila Cabello & Cardi B),784,soft pop
2024-05-22 18:57,Lord Huron,The Night We Met,545,folk
2024-05-22 19:00,EXO,Love Shot,200306,k-pop
2024-05-22 19:04,Shawn Mendes,Stitches,206880,pop
2024-05-22 19:07,American Authors,Best Day Of My Life,194240,indie
2024-05-22 19:11,Taylor Swift,You Belong With Me (Taylor’s Version),231124,country
2024-05-22 19:14,Ed Sheeran,Lego House,185093,soft pop
2024-05-22 19:18,NF,Let You Down,212120,Hip-Hop
2024-05-22 19:21,LISA,MONEY,168227,k-pop
2024-05-22 19:23,GAYLE,abcdefu,168601,worship
2024-05-22 19:25,Bruno Mars,Talking to the Moon,90364,pop
2024-05-23 00:12,Zedd,365,0,edm
2024-05-23 00:12,Maroon 5,Payphone,6693,pop
2024-05-23 00:14,Macklemore,Glorious (feat. Skylar Grey),41297,Hip-Hop
2024-05-23 00:16,Farruko,Pepas,81883,reggaeton
2024-05-23 00:20,Conan Gray,Family Line,216094,seen live
2024-05-23 00:25,Ed Sheeran,Cross Me (feat. Chance the Rapper & PnB Rock),206186,soft pop
2024-05-23 00:29,Rag'n'Bone Man,Human,200186,soul
2024-05-23 00:32,Lewis Capaldi,Before You Go,215106,soft pop
2024-05-23 00:36,Imagine Dragons,Who We Are,249346,indie
2024-05-23 00:40,Avicii,Without You (feat. Sandro Cavazza),181672,edm
2024-05-23 00:52,Imagine Dragons,Gold,155561,indie
2024-05-23 02:43,Conan Gray,Family Line,34525,seen live
2024-05-23 02:47,Conan Gray,Family Line,216094,seen live
2024-05-23 02:50,Conan Gray,Summer Child,179967,seen live
2024-05-23 03:03,Conan Gray,Footnote,176544,seen live
2024-05-24 18:57,Conan Gray,Footnote,678,seen live
2024-05-24 18:57,Conan Gray,Memories,4098,seen live
2024-05-24 18:57,Conan Gray,Family Line,13551,seen live
2024-05-24 18:57,Conan Gray,The Exit,690,seen live
2024-05-24 19:01,Conan Gray,Family Line,216094,seen live
2024-05-24 19:05,Arctic Monkeys,505,253586,indie
2024-05-24 19:08,lilster,Barbie (Can You Play Ken?),173735,jersey club
2024-05-24 19:13,Lana Del Rey,Young And Beautiful,236053,female vocalists
2024-05-24 19:16,Olivia Rodrigo,ballad of a homeschooled girl,203369,pop
2024-05-24 19:19,Olivia Rodrigo,obsessed,170541,pop
2024-05-24 19:22,Chappell Roan,"Good Luck, Babe!",218423,pop
2024-05-24 19:27,Billie Eilish,Oxytocin,210232,pop
2024-05-24 19:29,Ashnikko,Daisy,146523,Hip-Hop
2024-05-24 19:32,Fitz and The Tantrums,Out of My League,209386,soul
2024-05-24 19:37,Travis Scott,MY EYES,251249,rap
2024-05-24 19:40,New West,Those Eyes,220750,seen live
2024-05-24 19:45,Anuv Jain,Riha,287312,indian indie
2024-05-24 19:49,Anuv Jain,Husn,217894,indian indie
2024-05-24 19:51,Olivia Rodrigo,favorite crime,152666,pop
2024-05-24 19:54,Olivia Rodrigo,all-american bitch,165833,pop
2024-05-24 19:58,Olivia Rodrigo,deja vu,215506,pop
2024-05-24 20:01,Olivia Rodrigo,bad idea right?,184783,pop
2024-05-24 20:04,Olivia Rodrigo,vampire,219724,pop
2024-05-24 20:09,The Weeknd,"One Of The Girls (with JENNIE, Lily Rose Depp)",244684,rnb
2024-05-24 20:11,Post Malone,Hollywood's Bleeding,156266,Hip-Hop
2024-05-24 20:15,The Buttress,Brutus (Instrumental),200000,Horrorcore
2024-05-24 20:20,Belle Sisoski,Hold On,336000,hip hop
2024-05-24 20:24,Grimes,Kill V. Maim,246013,art pop
2024-05-24 20:27,Caroline Polachek,Sunset,162909,art pop
2024-05-24 20:30,Lou Bliss,Killing Butterflies,170000,
2024-05-24 20:33,Billie Eilish,watch,177523,pop
2024-05-24 20:36,League of Legends,Burn It All Down,201840,Soundtrack
2024-05-24 20:38,Otaku,Kyoran Hey Kids!! (Noragami Aragoto),109732,lo-fi
2024-05-24 20:41,Noah Cyrus,July,156106,pop
2024-05-24 20:43,All Time Low,Monsters (feat. blackbear),174067,pop punk
2024-05-24 20:47,MAGIC!,Rude,224840,reggae
2024-05-24 20:50,Bryce Fox,Golden Boy,168555,alternative
2024-05-24 20:54,Paris Paloma,labour,237744,seen live
2024-05-24 20:58,Kali Uchis,Melting,208853,rnb
2024-05-24 21:01,Lizzy McAlpine,ceilings,182887,indie pop
2024-05-24 21:04,BLACKPINK,Kill This Love,191050,k-pop
2024-05-24 21:08,Rebel Moves,Every When,260527,turkish
2024-05-24 21:13,RAYE,Escapism.,272373,pop
2024-05-24 21:15,SZA,Kill Bill,153946,rnb
2024-05-24 21:18,Anne-Marie,PSYCHO,162666,pop
2024-05-24 21:21,Stephen Sanchez,Until I Found You (with Em Beihold) - Em Beihold Version,176440,folk
2024-05-24 21:24,Oliver Tree,Miss You - Bonus Track,206000,electronic
2024-05-24 21:27,BoyWithUke,Sick of U (with Oliver Tree),168676,indie pop
2024-05-24 21:30,Sachin-Jigar,Saibo,195253,gujarati pop
2024-05-24 21:34,Taylor Swift,Lavender Haze,202395,country
2024-05-24 21:37,WILLOW,Wait a Minute!,196520,post-rock
2024-05-24 21:40,Daisy the Great,Record Player (with AJR),149538,indie pop
2024-05-24 21:43,Sia,Unstoppable,217746,female vocalists
2024-05-24 21:46,ILLENIUM,Story Of My Life (feat. Trippie Redd),191124,melodic bass
2024-05-24 21:50,Half an Orange,Blink 182,184000,indie
2024-05-24 21:52,The Kid LAROI,WITHOUT YOU,161384,rap
2024-05-24 21:56,Lana Del Rey,Summertime Sadness (Lana Del Rey Vs. Cedric Gervais) - Cedric Gervais Remix,214912,female vocalists
2024-05-24 22:00,Halsey,Colors,249499,pop
2024-05-24 22:03,Conan Gray,People Watching,158536,seen live
2024-05-24 22:06,Olivia Rodrigo,happier,175933,pop
2024-05-24 22:10,Conan Gray,Memories,248818,seen live
2024-05-24 22:13,Panic! At The Disco,House of Memories,208706,emo
2024-05-24 22:17,Eminem,Lucky You (feat. Joyner Lucas),244679,rap
2024-05-24 22:20,Dove Cameron,Boyfriend,153000,pop
2024-05-24 22:23,Suki Waterhouse,Good Looking,214800,indie pop
2024-05-24 22:27,lovelytheband,broken,204878,indie pop
2024-05-24 22:30,Billie Eilish,Six Feet Under,189613,pop
2024-05-24 22:34,Anuv Jain,Alag Aasmaan,212750,indian indie
2024-05-24 22:37,BTS,Life Goes On,207481,k-pop
2024-05-24 22:51,BTS,We are Bulletproof : the Eternal,219814,k-pop
2024-05-27 14:27,BTS,We are Bulletproof : the Eternal,42997,k-pop
2024-05-27 14:28,BTS,Dope,63530,k-pop
2024-05-27 14:28,Conan Gray,Family Line,1097,seen live
2024-05-27 14:31,Conan Gray,Family Line,216094,seen live
2024-05-27 14:35,Lana Del Rey,Young And Beautiful,236053,female vocalists
2024-05-27 14:39,Kendrick Lamar,All The Stars (with SZA),232186,hip hop
2024-05-27 14:43,Arctic Monkeys,505,253586,indie
2024-05-27 14:47,Chappell Roan,"Good Luck, Babe!",218423,pop
2024-05-27 14:50,Harry Styles,As It Was,167303,pop
2024-05-27 14:53,Olivia Rodrigo,obsessed,170541,pop
2024-05-27 14:56,lilster,Barbie (Can You Play Ken?),173735,jersey club
2024-05-27 14:59,Troye Sivan,Strawberries & Cigarettes,201538,pop
2024-05-27 15:02,Fitz and The Tantrums,Out of My League,209386,soul
2024-05-27 15:06,Billie Eilish,Oxytocin,210232,pop
2024-05-27 15:09,JP Saxe,If the World Was Ending (feat. Julia Michaels),209493,pop
2024-05-27 15:12,Ashnikko,Daisy,146523,Hip-Hop
2024-05-27 15:16,Travis Scott,MY EYES,251249,rap
2024-05-27 15:35,J. Cole,No Role Modelz,272943,rap
2024-05-27 18:40,J. Cole,No Role Modelz,2340,rap
2024-05-27 18:44,Olivia Rodrigo,ballad of a homeschooled girl,203369,pop
2024-05-27 18:47,New West,Those Eyes,220750,seen live
2024-05-27 18:50,YUNGBLUD,parents,171880,indie rock
2024-05-27 18:54,Taylor Swift,Lover,221306,country
2024-05-27 18:58,One Direction,Story of My Life,245493,pop
2024-05-27 19:02,Hozier,Too Sweet,251424,blues
2024-05-27 19:06,Post Malone,Circles,215280,Hip-Hop
2024-05-27 19:10,The Neighbourhood,Daddy Issues,260173,indie
2024-05-27 19:14,Coldplay,Viva La Vida,242373,rock
2024-05-27 19:17,Elley Duhé,MIDDLE OF THE NIGHT,184447,pop
2024-05-27 19:28,The Weeknd,"One Of The Girls (with JENNIE, Lily Rose Depp)",30696,rnb
2024-05-27 21:42,The Weeknd,"One Of The Girls (with JENNIE, Lily Rose Depp)",215002,rnb
2024-05-27 21:44,Arctic Monkeys,Why'd You Only Call Me When You're High?,161123,indie
2024-05-27 21:48,Sam Smith,Too Good At Goodbyes,201000,soft pop
2024-05-27 21:54,Queen,Bohemian Rhapsody - Remastered 2011,354320,classic rock
2024-05-27 21:58,Olivia Rodrigo,traitor,229226,pop
2024-05-27 22:02,Anuv Jain,Riha,287312,indian indie
2024-05-27 22:05,Olivia Rodrigo,bad idea right?,184783,pop
2024-05-27 22:06,Metro Boomin,Creepin' (with The Weeknd & 21 Savage),1001,trap
2024-05-27 23:50,Lady Gaga,Poker Face,20462,art pop
2024-05-27 23:50,Conan Gray,Family Line,216094,seen live
2024-05-27 23:53,Billie Eilish,Oxytocin,210232,pop
2024-05-27 23:57,Panic! At The Disco,High Hopes,190946,emo
2024-05-28 00:11,Drake,Jimmy Cooks (feat. 21 Savage),102860,rap
2024-05-28 22:40,Billie Eilish,BIRDS OF A FEATHER,210373,pop
2024-05-28 22:46,Billie Eilish,BLUE,343120,pop
2024-05-28 22:52,Billie Eilish,BITTERSUITE,298440,pop
2024-05-28 22:56,Billie Eilish,WILDFLOWER,261466,pop
2024-05-28 22:59,Billie Eilish,THE DINER,186346,pop
2024-05-28 23:04,Billie Eilish,CHIHIRO,303440,pop
2024-05-28 23:16,Billie Eilish,THE GREATEST,119944,pop
2024-05-28 23:20,Billie Eilish,THE GREATEST,137715,pop
2024-05-28 23:21,Chappell Roan,"Good Luck, Babe!",9318,pop
2024-05-28 23:21,Billie Eilish,L’AMOUR DE MA VIE,0,pop
2024-05-28 23:21,Billie Eilish,CHIHIRO,44388,pop
2024-05-28 23:21,Billie Eilish,LUNCH,222,pop
2024-05-28 23:21,Billie Eilish,SKINNY,160,pop
2024-05-28 23:21,Olivia Rodrigo,obsessed,1300,pop
2024-05-28 23:21,Olivia Rodrigo,obsessed,438,pop
2024-05-28 23:33,Billie Eilish,LUNCH,98300,pop
2024-05-29 18:47,Billie Eilish,LUNCH,179924,pop
2024-05-29 18:52,Billie Eilish,CHIHIRO,303440,pop
2024-05-29 18:57,Billie Eilish,BIRDS OF A FEATHER,210373,pop
2024-05-29 19:01,Billie Eilish,WILDFLOWER,253417,pop
2024-05-29 19:01,Billie Eilish,WILDFLOWER,1298,pop
2024-05-29 19:05,Conan Gray,Family Line,216094,seen live
2024-05-29 19:09,lilster,Barbie (Can You Play Ken?),206016,jersey club
2024-05-29 19:20,Post Malone,I Had Some Help (Feat. Morgan Wallen),59297,Hip-Hop
2024-05-30 01:44,Post Malone,I Had Some Help (Feat. Morgan Wallen),1058,Hip-Hop
2024-05-30 01:47,Billie Eilish,THE DINER,186346,pop
2024-05-30 01:51,YUNGBLUD,I Was Made For Lovin’ You - from The Fall Guy,261520,indie rock
2024-05-30 01:55,Anuv Jain,Husn,217894,indian indie
2024-05-30 01:57,Dove Cameron,Breakfast,148470,pop
2024-05-30 02:00,Olivia Rodrigo,all-american bitch,165833,pop
2024-05-30 02:04,Olivia Rodrigo,deja vu,215506,pop
2024-05-30 02:07,Gracie Abrams,"I miss you, I’m sorry",167538,seen live
2024-05-30 02:09,Ashnikko,Daisy,146523,Hip-Hop
2024-05-30 02:12,Olivia Rodrigo,favorite crime,152666,pop
2024-05-30 02:16,Lana Del Rey,Summertime Sadness,264773,female vocalists
2024-05-30 02:31,Travis Scott,MY EYES,36021,rap
2024-05-30 22:48,Travis Scott,MY EYES,216242,rap
2024-05-30 22:52,Imagine Dragons,Believer,204346,indie
2024-05-30 22:56,P!nk,Just Give Me a Reason (feat. Nate Ruess),242733,opera
2024-05-30 22:58,Conan Gray,Bourgeoisieses,151738,seen live
2024-05-30 23:02,Conan Gray,Astronomy,243907,seen live
2024-05-30 23:06,Olivia Rodrigo,vampire,219724,pop
2024-05-30 23:09,Calvin Harris,One Kiss (with Dua Lipa),214846,edm
2024-05-30 23:13,Arctic Monkeys,I Wanna Be Yours,183956,indie
2024-05-30 23:18,New West,Those Eyes,220750,seen live
2024-05-30 23:31,Mark Ronson,Uptown Funk (feat. Bruno Mars),134745,funk
2024-05-31 00:24,Conan Gray,Movies,214100,seen live
2024-05-31 00:27,Conan Gray,Generation Why,219680,seen live
2024-05-31 00:30,Conan Gray,Eye Of The Night,141312,seen live
2024-05-31 00:33,Conan Gray,Maniac,185773,seen live
2024-05-31 00:36,Conan Gray,Comfort Crowd,174680,seen live
2024-05-31 00:38,Conan Gray,Boys & Girls,142856,seen live
2024-05-31 00:42,Conan Gray,Alley Rose,208489,seen live
2024-05-31 00:44,Conan Gray,People Watching,158536,seen live
2024-05-31 00:47,Conan Gray,Summer Child,179967,seen live
2024-05-31 00:50,Conan Gray,Overdrive,183070,seen live
2024-05-31 00:54,Conan Gray,Footnote,224295,seen live
2024-05-31 00:58,Conan Gray,Lookalike,220866,seen live
2024-05-31 01:01,Conan Gray,Fainted Love,170754,seen live
2024-05-31 01:04,Conan Gray,Heather,198040,seen live
2024-05-31 01:11,Conan Gray,Family Line,216094,seen live
2024-05-31 01:15,Conan Gray,The Story,245266,seen live
2024-05-31 01:18,Conan Gray,Bourgeoisieses,151738,seen live
2024-05-31 01:20,Conan Gray,Lonely Dancers,148439,seen live
2024-05-31 01:24,Conan Gray,Idle Town,237920,seen live
2024-05-31 01:27,Conan Gray,Checkmate,148280,seen live
2024-05-31 01:30,Conan Gray,The Exit,221054,seen live
2024-05-31 01:33,Conan Gray,The Other Side,172933,seen live
2024-05-31 01:37,Conan Gray,The Cut That Always Bleeds,231920,seen live
2024-05-31 01:41,Conan Gray,Grow,224080,seen live
2024-05-31 01:45,Conan Gray,Greek God,236746,seen live
2024-05-31 01:48,Conan Gray,Crush Culture,204120,seen live
2024-05-31 01:51,Olivia Rodrigo,obsessed,170541,pop
2024-05-31 01:55,Chappell Roan,"Good Luck, Babe!",218423,pop
2024-05-31 01:58,Benson Boone,Slow It Down,161831,pop
2024-05-31 02:00,Noah Cyrus,July,156106,pop
2024-05-31 02:03,Conan Gray,People Watching,158536,seen live
2024-05-31 02:06,Sabrina Carpenter,Espresso,175459,pop
2024-05-31 02:09,Olivia Rodrigo,all-american bitch,165833,pop
2024-05-31 02:12,Billie Eilish,BIRDS OF A FEATHER,210373,pop
2024-05-31 02:15,Beach Bunny,Cloud 9,147350,indie rock
2024-05-31 02:18,Lana Del Rey,Young And Beautiful,236053,female vocalists
2024-05-31 02:21,Conan Gray,Wish You Were Sober,168880,seen live
2024-05-31 02:24,Harry Styles,As It Was,167303,pop
2024-05-31 02:27,Olivia Rodrigo,favorite crime,152666,pop
2024-05-31 02:30,Alec Benjamin,If We Have Each Other,181522,pop
2024-05-31 02:32,Beach Bunny,Prom Queen,136562,indie rock
2024-05-31 02:35,Billie Eilish,Bored,180933,pop
2024-05-31 02:39,Conan Gray,Heather,198040,seen live
2024-05-31 02:42,SYML,Where's My Love,202000,indie
2024-05-31 02:45,Olivia Rodrigo,love is embarrassing,154516,pop
2024-05-31 02:46,Zeph,could you love me while i hate myself,60333,indie
2024-05-31 02:49,Harry Styles,Adore You,207133,pop
2024-05-31 02:53,Benson Boone,Cry,186359,pop
2024-05-31 02:58,Conan Gray,Family Line,216094,seen live
2024-05-31 03:03,Sabrina Carpenter,Feather,185552,pop
2024-05-31 03:06,Olivia Rodrigo,so american,169717,pop
2024-05-31 03:10,Melanie Martinez,Teacher's Pet,241893,pop
2024-05-31 03:13,Sara Kays,Remember That Night?,227186,indie pop
2024-05-31 03:16,Em Beihold,Numb Little Bug,169237,indie pop
2024-05-31 03:19,Conan Gray,Maniac,185773,seen live
2024-05-31 03:23,Sabrina Carpenter,because i liked a boy,196458,pop
2024-05-31 03:25,Olivia Rodrigo,brutal,143746,pop
2024-05-31 03:29,Alec Benjamin,Water Fountain,218893,pop
2024-05-31 03:32,Ashe,Till Forever Falls Apart,222926,midwest emo
2024-05-31 03:36,Paris Paloma,LABOUR - the cacophony,247445,seen live
2024-05-31 03:41,Conan Gray,Memories,248818,seen live
2024-05-31 03:44,Billie Eilish,ocean eyes,200560,pop
2024-05-31 03:47,Olivia Rodrigo,"jealousy, jealousy",173160,pop
2024-05-31 03:50,Clairo,Sofia,188386,bedroom pop
2024-05-31 03:53,Arctic Monkeys,I Wanna Be Yours,183956,indie
2024-05-31 03:57,YUNGBLUD,I Was Made For Lovin’ You - from The Fall Guy,261520,indie rock
2024-05-31 04:01,Ruth B.,Dandelions,233720,pop
2024-05-31 04:06,Billie Eilish,Happier Than Ever,298899,pop
2024-05-31 04:10,Olivia Rodrigo,traitor,229226,pop
2024-05-31 04:14,New West,Those Eyes,220750,seen live
2024-05-31 04:17,Dove Cameron,Boyfriend,153000,pop
2024-05-31 04:20,Melanie Martinez,Pacify Her,220013,pop
2024-05-31 04:24,Ruelle,War Of Hearts,226216,pop
2024-05-31 04:28,Billie Eilish,"What Was I Made For? [From The Motion Picture ""Barbie""]",222369,pop
2024-05-31 04:30,Olivia Rodrigo,the grudge,109548,pop
2024-05-31 04:33,Suki Waterhouse,Good Looking,214800,indie pop
2024-05-31 04:36,Billie Eilish,LUNCH,179586,pop
2024-05-31 04:39,Olivia Rodrigo,pretty isn’t pretty,199422,pop
2024-05-31 04:43,Lizzy McAlpine,ceilings,182887,indie pop
2024-05-31 04:46,One Direction,Night Changes,226600,pop
2024-05-31 04:50,Seafret,Atlantis,229173,indie
2024-05-31 04:53,Wallows,Are You Bored Yet? (feat. Clairo),178000,indie
2024-05-31 04:56,Billie Eilish,THE DINER,186346,pop
2024-05-31 04:59,Olivia Rodrigo,lacy,177212,pop
2024-05-31 05:02,Djo,End of Beginning,159245,psychedelic pop
2024-05-31 05:06,Lana Del Rey,Summertime Sadness,264773,female vocalists
2024-05-31 05:09,Gracie Abrams,"I miss you, I’m sorry",167538,seen live
2024-05-31 05:12,Stephen Sanchez,Until I Found You,176666,folk
2024-05-31 05:15,Billie Eilish,idontwannabeyouanymore,203569,pop
2024-05-31 05:18,Olivia Rodrigo,happier,175933,pop
2024-05-31 05:22,The Neighbourhood,Sweater Weather,240400,indie
2024-05-31 05:27,Alec Benjamin,If I Killed Someone For You,185122,pop
2024-05-31 05:29,Mitski,Washing Machine Heart,128198,seen live
2024-05-31 05:32,Melanie Martinez,Training Wheels,205680,pop
2024-05-31 05:36,Ricky Montgomery,Mr. Loverman,216880,indie
2024-05-31 05:40,Olivia Rodrigo,deja vu,215506,pop
2024-05-31 05:45,Billie Eilish,WILDFLOWER,261466,pop
2024-05-31 05:48,Troye Sivan,Strawberries & Cigarettes,201538,pop
2024-05-31 05:51,The Walters,I Love You So,160239,indie rock
2024-05-31 05:53,d4vd,Romantic Homicide,132630,rnb
2024-05-31 05:56,girl in red,we fell in love in october,184153,bedroom pop
2024-05-31 05:59,Olivia Rodrigo,"1 step forward, 3 steps back",163586,pop
2024-05-31 06:03,Billie Eilish,TV,281380,pop
2024-05-31 06:14,Melanie Martinez,Mrs. Potato Head,51804,pop
2024-05-31 18:53,Melanie Martinez,Mrs. Potato Head,208635,pop
2024-05-31 18:56,Nessa Barrett,die first,177108,pop
2024-05-31 19:13,Lana Del Rey,Say Yes To Heaven,69098,female vocalists
2024-05-31 21:44,Jaymes Young,Feel Something,776,indie
2024-05-31 21:44,Jaymes Young,Feel Something,481,indie
2024-05-31 21:44,Ashe,Moral of the Story (feat. Niall Horan) - Bonus Track,482,midwest emo
2024-05-31 21:44,Ashe,Moral of the Story (feat. Niall Horan) - Bonus Track,575,midwest emo
2024-05-31 21:44,Olivia Rodrigo,good 4 u,668,pop
2024-05-31 21:44,Conan Gray,Astronomy,760,seen live
2024-05-31 21:44,Conan Gray,Astronomy,0,seen live
2024-05-31 21:44,Conan Gray,Astronomy,621,seen live
2024-05-31 21:44,Taylor Swift,cardigan,838,country
2024-05-31 21:44,Gracie Abrams,Mess It Up,777,seen live
2024-05-31 21:44,Billie Eilish,listen before i go,580,pop
2024-05-31 21:48,Ashe,Moral of the Story (feat. Niall Horan) - Bonus Track,198515,midwest emo
2024-05-31 21:52,Conan Gray,Astronomy,243907,seen live
2024-05-31 22:32,Jaymes Young,Feel Something,108112,indie
2024-06-02 16:32,Ankit Tiwari,Tu Hai Ki Nahi,333922,bollywood
2024-06-02 16:33,Ami Mishra,Hasi - Male Version,64094,bollywood
2024-06-02 16:37,Arijit Singh,"Mere Yaaraa (From ""Sooryavanshi"")",285163,hindi pop
2024-06-02 16:42,Shankar Mahadevan,Uff Teri Adaa,304088,bollywood
2024-06-02 16:49,Ajay-Atul,Abhi Mujh Mein Kahin,364786,marathi pop
2024-06-02 16:53,Sona Mohapatra,Ambarsariya,248182,bollywood
2024-06-02 16:58,Vishal Dadlani,Ik Junoon (Paint It Red),299119,bollywood
2024-06-02 17:04,Rashid Ali,Kabhi Kabhi Aditi,405062,bollywood
2024-06-02 17:10,Mansheel Gujral,"Channa Ve - From ""Bhoot - Part One: The Haunted Ship""",211578,hindi pop
2024-06-02 17:24,Pritam,Teri Jhuki Nazar,216340,bollywood
2024-06-04 20:40,Vishal-Shekhar,Tujhe Bhula Diya,1665,bollywood
2024-06-04 20:40,Pritam,Teri Jhuki Nazar,4036,bollywood
2024-06-04 20:47,Vishal Dadlani,Ik Junoon (Paint It Red),299119,bollywood
2024-06-04 20:53,Ajay-Atul,Abhi Mujh Mein Kahin,364786,marathi pop
2024-06-04 20:59,Atif Aslam,"Aadat - From ""Kalyug""",333740,bollywood
2024-06-04 21:03,Anu Malik,Moh Moh Ke Dhaage (Female),2461,bollywood
2024-06-04 21:03,Joi Barua,Dil Dhadakne Do,1267,bollywood
2024-06-04 21:03,Joi Barua,Dil Dhadakne Do,230318,bollywood
2024-06-04 21:03,Atif Aslam,"Aadat - From ""Kalyug""",2245,bollywood
2024-06-04 21:14,Joi Barua,Dil Dhadakne Do,64492,bollywood
2024-06-06 21:30,Joi Barua,Dil Dhadakne Do,232444,bollywood
2024-06-06 21:36,Sachet Tandon,"Bekhayali (From ""Kabir Singh"")",371790,bhajan
2024-06-06 21:42,Pritam,Tum Mile,343786,bollywood
2024-06-06 21:47,Shankar-Ehsaan-Loy,Tere Naina,176565,bollywood
2024-06-07 15:55,Arijit Singh,"Itni Si Baat Hain (From ""Azhar"")",1011,hindi pop
2024-06-07 15:55,Ritviz,Baaraat,1568,indian indie
2024-06-07 15:55,Anu Malik,Moh Moh Ke Dhaage (Female),967,bollywood
2024-06-07 15:55,Shankar-Ehsaan-Loy,Tere Naina,203,bollywood
2024-06-07 15:55,A.R. Rahman,Tere Bina,4606,tamil pop
2024-06-07 16:00,Farhan Akhtar,Senorita,229575,bollywood
2024-06-07 16:04,Vishal-Shekhar,Duaa,260138,bollywood
2024-06-07 16:09,Sona Mohapatra,Ambarsariya,248182,bollywood
2024-06-07 16:20,Vishal-Shekhar,Dard - E - Disco,97152,bollywood
2024-06-07 23:42,Vishal-Shekhar,Dard - E - Disco,1998,bollywood
2024-06-07 23:46,Vishal-Shekhar,Ajab Si,241668,bollywood
2024-06-07 23:50,Rito Riba,Heer Ranjha,223107,indian indie
2024-06-07 23:54,Pritam,Ilahi,228982,bollywood
2024-06-08 00:00,Pritam,Bulleya,348965,bollywood
2024-06-08 00:04,Shafqat Amanat Ali,Dildaara (Stand By Me),249660,bollywood
2024-06-08 00:08,Joi Barua,Dil Dhadakne Do,230318,bollywood
2024-06-08 00:24,Mithoon,"Darkhaast (feat. Arijit Singh, Sunidhi Chauhan)",347789,bollywood
2024-06-08 04:57,Catbreath?,fun playlist,15240,folk punk
2024-06-08 05:01,fun.,Carry On,278373,indie pop
2024-06-08 05:13,Panic! At The Disco,C'mon - Single Version,88446,emo
2024-06-09 16:02,fun.,Carry On,278373,indie pop
2024-06-09 16:05,Billie Eilish,BIRDS OF A FEATHER,210373,pop
2024-06-09 16:09,Metro Boomin,Creepin' (with The Weeknd & 21 Savage),221520,trap
2024-06-09 16:15,Billie Eilish,L’AMOUR DE MA VIE,333986,pop
2024-06-09 16:19,Conan Gray,Astronomy,243907,seen live
2024-06-09 16:24,Chappell Roan,"Good Luck, Babe!",218423,pop
2024-06-09 16:30,Tate McRae,greedy,131872,pop
2024-06-09 16:33,Billie Eilish,Oxytocin,210232,pop
2024-06-09 16:37,Fitz and The Tantrums,Out of My League,209386,soul
2024-06-09 17:06,Arctic Monkeys,Why'd You Only Call Me When You're High?,161123,indie
2024-06-09 17:10,Anuv Jain,Riha,287312,indian indie
2024-06-09 17:14,Anuv Jain,Husn,217894,indian indie
2024-06-09 17:25,Beach Weather,"Sex, Drugs, Etc.",77670,indie
2024-06-09 19:30,Beach Weather,"Sex, Drugs, Etc.",1075,indie
2024-06-09 19:33,Olivia Rodrigo,all-american bitch,165833,pop
2024-06-09 20:06,Olivia Rodrigo,deja vu,109807,pop
2024-06-09 23:41,Arctic Monkeys,I Wanna Be Yours,183956,indie
2024-06-09 23:45,Arctic Monkeys,505,253586,indie
2024-06-09 23:49,Grimes,Kill V. Maim,246013,art pop
2024-06-09 23:52,Maroon 5,Memories,189486,pop
2024-06-09 23:56,Taylor Swift,Cruel Summer,178426,country
2024-06-10 00:06,Taylor Swift,Blank Space,27285,country
2024-06-10 18:15,Arctic Monkeys,I Wanna Be Yours,183956,indie
2024-06-10 18:19,Arctic Monkeys,505,253586,indie
2024-06-10 18:23,Taylor Swift,Wonderland (Taylor's Version),245566,country
2024-06-10 18:39,Arctic Monkeys,505,253586,indie
2024-06-10 18:42,Jagwar Twin,Happy Face,169760,electronic
2024-06-10 18:46,Ed Sheeran,Thinking out Loud,281560,soft pop
2024-06-10 18:49,SZA,Kill Bill,153946,rnb
2024-06-10 18:52,Imagine Dragons,Whatever It Takes,201240,indie
2024-06-10 19:05,Rihanna,Diamonds,62945,pop
2024-06-10 22:30,Rihanna,Diamonds,2726,pop
2024-06-10 22:33,Doja Cat,Kiss Me More (feat. SZA),208666,pop
2024-06-10 22:42,Alec Benjamin,If We Have Each Other,181522,pop
2024-06-10 22:45,Olivia Rodrigo,get him back!,211141,pop
2024-06-10 22:49,Avicii,Waiting For Love,230613,edm
2024-06-10 22:52,Imagine Dragons,Enemy (with JID) - from the series Arcane League of Legends,173381,indie
2024-06-10 22:56,Lana Del Rey,Summertime Sadness,264773,female vocalists
2024-06-10 23:00,Lady Gaga,Shallow,215733,art pop
2024-06-10 23:04,Maroon 5,Sugar,235493,pop
2024-06-10 23:07,Zara Larsson,Lush Life,201122,pop
2024-06-10 23:11,Maroon 5,One More Night,219466,pop
2024-06-10 23:15,One Direction,Perfect,230333,pop
2024-06-10 23:16,OMI,Cheerleader (Felix Jaehn Remix) - Radio Edit,90004,reggae
2024-06-14 02:33,Trevor Daniel,Falling,6862,pop
2024-06-14 02:33,Trevor Daniel,Falling,1650,pop
2024-06-14 02:44,Lorde,Supercut,277506,pop
2024-06-14 02:48,Lorde,Perfect Places,221874,pop
2024-06-14 03:00,Chappell Roan,My Kink Is Karma,137587,pop
2024-06-14 03:05,Chappell Roan,My Kink Is Karma,84995,pop
2024-06-14 03:33,Chappell Roan,Naked In Manhattan,185772,pop
2024-06-15 16:42,Chappell Roan,Red Wine Supernova,36836,pop
2024-06-15 16:43,Indosoul by Karthick Iyer,Two Sides of Karma,35717,tamil indie
2024-06-15 16:48,Daniel Jang,Holy Forever,281649,violin
2024-06-15 16:58,Billie Eilish,BIRDS OF A FEATHER,44990,pop
2024-06-15 17:48,Benson Boone,Beautiful Things,1480,pop
2024-06-15 17:51,Benson Boone,Beautiful Things,180304,pop
2024-06-15 17:54,Shaboozey,A Bar Song (Tipsy),171291,country
2024-06-15 17:56,Mitski,My Love Mine All Mine,137773,seen live
2024-06-15 18:00,beabadoobee,A Night To Remember,233388,bedroom pop
2024-06-15 18:04,Billie Eilish,BIRDS OF A FEATHER,210373,pop
2024-06-15 18:08,fun.,Carry On,278373,indie pop
2024-06-15 18:19,Billie Eilish,L’AMOUR DE MA VIE,41866,pop
2024-06-15 18:37,Joel Sunny,Luminary,189000,violin
2024-06-15 18:40,Olivia Rodrigo,the grudge,189386,pop
2024-06-15 18:43,Billie Eilish,THE DINER,186346,pop
2024-06-15 18:47,Billie Eilish,WILDFLOWER,261466,pop
2024-06-15 18:51,Metro Boomin,Creepin' (with The Weeknd & 21 Savage),221520,trap
2024-06-15 18:55,Conan Gray,Family Line,216094,seen live
2024-06-15 18:59,Arctic Monkeys,505,253586,indie
2024-06-15 19:00,lilster,Barbie (Can You Play Ken?),74917,jersey club
2024-06-15 19:00,Arctic Monkeys,505,747,indie
2024-06-15 19:04,Conan Gray,Family Line,216094,seen live
2024-06-15 19:08,Arctic Monkeys,505,253586,indie
2024-06-15 19:11,lilster,Barbie (Can You Play Ken?),173735,jersey club
2024-06-15 19:15,Lana Del Rey,Young And Beautiful,236053,female vocalists
2024-06-15 19:18,Olivia Rodrigo,ballad of a homeschooled girl,203369,pop
2024-06-15 19:21,Olivia Rodrigo,obsessed,170541,pop
2024-06-15 19:25,Chappell Roan,"Good Luck, Babe!",218423,pop
2024-06-15 19:29,Chappell Roan,My Kink Is Karma,222578,pop
2024-06-15 19:32,Billie Eilish,Oxytocin,210232,pop
2024-06-15 19:32,Ashnikko,Daisy,16591,Hip-Hop
2024-06-15 19:36,Yo Yo Honey Singh,Manali Trance,203206,bollywood
2024-06-15 19:39,Fitz and The Tantrums,Out of My League,209386,soul
2024-06-15 19:41,Travis Scott,MY EYES,126209,rap
2024-06-15 19:52,New West,Those Eyes,42587,seen live
2024-06-17 18:50,Chappell Roan,My Kink Is Karma,222578,pop
2024-06-17 18:53,Benson Boone,Beautiful Things,180304,pop
2024-06-17 18:56,Shaboozey,A Bar Song (Tipsy),171291,country
2024-06-17 19:12,Mitski,My Love Mine All Mine,61887,seen live
2024-06-18 00:52,Mitski,My Love Mine All Mine,75899,seen live
2024-06-18 00:56,beabadoobee,A Night To Remember,233388,bedroom pop
2024-06-18 01:00,Billie Eilish,BIRDS OF A FEATHER,210373,pop
2024-06-18 01:04,fun.,Carry On,278373,indie pop
2024-06-18 01:10,Billie Eilish,L’AMOUR DE MA VIE,333986,pop
2024-06-18 01:13,Olivia Rodrigo,the grudge,189386,pop
2024-06-18 01:16,Billie Eilish,THE DINER,186346,pop
2024-06-18 01:20,Billie Eilish,WILDFLOWER,261466,pop
2024-06-18 01:24,Metro Boomin,Creepin' (with The Weeknd & 21 Savage),221520,trap
2024-06-18 01:37,Conan Gray,Family Line,71638,seen live
2024-06-19 19:01,Glass Animals,Youth,230693,electronic
2024-06-19 19:05,Glass Animals,Youth,230693,electronic
2024-06-19 19:17,Benson Boone,Slow It Down,107856,pop
2024-06-19 21:42,Glass Animals,Youth,2940,electronic
2024-06-19 22:03,Glass Animals,Youth,228775,electronic
2024-06-19 22:06,Benson Boone,Slow It Down,161831,pop
2024-06-19 22:09,Benson Boone,Cry,186359,pop
2024-06-19 22:14,Billie Eilish,CHIHIRO,303440,pop
2024-06-19 22:17,Charli xcx,Club classics,153526,hyperpop
2024-06-19 22:30,Chappell Roan,My Kink Is Karma,215167,pop
2024-06-19 23:28,Benson Boone,Beautiful Things,180304,pop
2024-06-19 23:31,Shaboozey,A Bar Song (Tipsy),171291,country
2024-06-19 23:34,Mitski,My Love Mine All Mine,137773,seen live
2024-06-19 23:38,beabadoobee,A Night To Remember,233388,bedroom pop
2024-06-19 23:41,Billie Eilish,BIRDS OF A FEATHER,210373,pop
2024-06-19 23:46,fun.,Carry On,278373,indie pop
2024-06-19 23:51,Billie Eilish,L’AMOUR DE MA VIE,333986,pop
2024-06-19 23:54,Olivia Rodrigo,the grudge,189386,pop
2024-06-19 23:58,Billie Eilish,THE DINER,186346,pop
2024-06-20 00:08,Billie Eilish,WILDFLOWER,4641,pop
2024-06-21 09:20,Kabin Crew,The Spark,146384,ireland
2024-06-21 09:21,Metro Boomin,Creepin' (with The Weeknd & 21 Savage),56047,trap
2024-06-21 09:31,Conan Gray,Family Line,16580,seen live
2024-06-21 18:19,Benson Boone,Slow It Down,161831,pop
2024-06-21 18:24,Chappell Roan,Pink Pony Club,258034,pop
2024-06-21 18:27,Benson Boone,Cry,186359,pop
2024-06-21 18:32,Billie Eilish,CHIHIRO,303440,pop
2024-06-21 18:35,Charli xcx,Club classics,153526,hyperpop
2024-06-21 18:39,Chappell Roan,My Kink Is Karma,222578,pop
2024-06-21 18:51,Benson Boone,Beautiful Things,142289,pop
2024-06-21 23:21,Benson Boone,Beautiful Things,181724,pop
2024-06-21 23:22,Shaboozey,A Bar Song (Tipsy),28124,country
2024-06-21 23:22,Mitski,My Love Mine All Mine,2192,seen live
2024-06-21 23:25,Shaboozey,A Bar Song (Tipsy),171291,country
2024-06-21 23:27,Mitski,My Love Mine All Mine,137773,seen live
2024-06-21 23:32,beabadoobee,A Night To Remember,233388,bedroom pop
2024-06-21 23:33,Billie Eilish,BIRDS OF A FEATHER,71328,pop
2024-06-22 17:18,Benson Boone,Cry,240744,pop
2024-06-22 17:19,Billie Eilish,CHIHIRO,99997,pop
2024-06-22 17:22,Benson Boone,Beautiful Things,180304,pop
2024-06-22 17:23,Shaboozey,A Bar Song (Tipsy),0,country
2024-06-22 17:37,Vishal-Shekhar,Duaa,260624,bollywood
2024-06-22 22:27,Vishal-Shekhar,Duaa,256666,bollywood
2024-06-22 22:30,Chappell Roan,My Kink Is Karma,222578,pop
2024-06-22 22:33,Benson Boone,Cry,186359,pop
2024-06-22 22:36,Mitski,My Love Mine All Mine,137773,seen live
2024-06-22 22:39,beabadoobee,A Night To Remember,216998,bedroom pop
2024-06-22 22:41,sped up + slowed,Another Love (Tom Odell) - sped up,81809,death industrial
2024-06-22 22:43,sapientdream,Past Lives,114974,electronic
2024-06-22 22:47,Travis Scott,goosebumps,243836,rap
2024-06-22 22:50,Arctic Monkeys,I Wanna Be Yours,183956,indie
2024-06-22 23:27,alt-J,Breezeblocks,138312,indie
2024-06-23 02:10,alt-J,Breezeblocks,36410,indie
2024-06-23 02:11,Djo,End of Beginning,63278,psychedelic pop
2024-06-23 02:16,Glass Animals,Take A Slice,55699,electronic
2024-06-23 02:20,The Neighbourhood,Softcore,206280,indie
2024-06-23 02:26,Dr. Dog,Where'd All the Time Go?,364194,seen live
2024-06-23 02:36,Mac DeMarco,For the First Time,30305,indie
2024-06-23 02:40,Dimash Qudaibergen,Smoke,158066,pop
2024-06-23 02:53,TV Girl,Cigarettes out the Window,1986,indie pop
2024-06-23 15:23,TV Girl,Cigarettes out the Window,731,indie pop
2024-06-23 15:26,The Last Dinner Party,Nothing Matters,182623,seen live
2024-06-23 15:29,Phoebe Bridgers,Motion Sickness,229760,seen live
2024-06-23 15:32,d4vd,Romantic Homicide,132630,rnb
2024-06-23 15:35,Beach Weather,"Sex, Drugs, Etc.",196784,indie
2024-06-23 15:40,The Strokes,The Adults Are Talking,309053,garage rock
2024-06-23 15:44,Vacations,Telephones,212432,indie
2024-06-23 15:47,Bakar,Hell N Back,213573,french rap
2024-06-23 15:51,Tame Impala,Borderline,237800,indie
2024-06-23 15:54,Royel Otis,Murder on the Dance Floor - triple j Like A Version,180872,indie
2024-06-23 15:58,TV Girl,Lovers Rock,213920,indie pop
2024-06-23 16:01,Mareux,The Perfect Girl,194423,darkwave
2024-06-23 16:06,Cigarettes After Sex,Apocalypse,290616,dream pop
2024-06-23 16:10,Her's,What Once Was,255067,rock en español
2024-06-23 16:13,Current Joys,Blondie,194733,indie
2024-06-23 16:16,Noah Kahan,Stick Season,182346,indie
2024-06-23 17:44,Wallows,Are You Bored Yet? (feat. Clairo),4713,indie
2024-06-23 18:05,Wallows,Are You Bored Yet? (feat. Clairo),175190,indie
2024-06-23 18:08,Rashid Ali,Kabhi Kabhi Aditi,218836,bollywood
2024-06-23 18:11,Vampire Weekend,A-Punk,137760,indie
2024-06-23 18:17,MGMT,Kids,302840,indie
2024-06-23 18:19,Dominic Fike,Babydoll,97960,indie
2024-06-23 18:22,The Walters,I Love You So,160239,indie rock
2024-06-23 18:27,Beach House,Space Song,320466,dream pop
2024-06-23 18:29,KXLLSWXTCH,WASTE,130552,dark trap
2024-06-23 18:33,Cafuné,Tek It,191823,indie pop
2024-06-23 18:34,Pinegrove,Need 2,105557,midwest emo
2024-06-23 18:37,Dominic Fike,Mama's Boy,155721,indie
2024-06-23 18:45,NAALAYAK,Sawan,262036,indian indie
2024-06-23 18:48,NAALAYAK,Umeedein,218159,indian indie
2024-06-23 19:06,Nikhil D'Souza,Sitaare,122962,bollywood
2024-06-24 02:33,Nikhil D'Souza,Sitaare,10299,bollywood
2024-06-24 02:38,Foster The People,Pumped Up Kicks,239600,indie
2024-06-24 02:41,Imagine Dragons,Demons,175200,indie
2024-06-24 02:45,Train,"Hey, Soul Sister",216773,rock
2024-06-24 02:48,BTS,Life Goes On,207481,k-pop
2024-06-24 02:55,SZA,Kill Bill,153946,rnb
2024-06-24 02:59,Calvin Harris,This Is What You Came For,222160,edm
2024-06-24 03:04,lovelytheband,broken,204878,indie pop
2024-06-24 03:06,Måneskin,I WANNA BE YOUR SLAVE,173346,rock
2024-06-24 03:08,The Chainsmokers,Closer,112740,electronic
2024-06-24 03:12,The Weeknd,Blinding Lights,200040,rnb
2024-06-24 03:24,Surf Curse,Freaks,114405,indie
2024-06-24 17:55,Surf Curse,Freaks,546,indie
2024-06-24 17:56,Miley Cyrus,Party In The U.S.A.,717,pop
2024-06-24 17:56,Lorde,Team,4670,pop
2024-06-24 17:56,Taylor Swift,Blank Space,1307,country
2024-06-24 17:56,The Weeknd,Can't Feel My Face,1260,rnb
2024-06-24 17:56,Billie Eilish,lovely (with Khalid),823,pop
2024-06-24 18:00,Tom Odell,Another Love,244360,indie
2024-06-24 18:03,Stephen Sanchez,Until I Found You,176666,folk
2024-06-24 18:06,One Direction,Drag Me Down,192120,pop
2024-06-24 18:10,GROUPLOVE,Tongue Tied,218013,indie
2024-06-24 18:14,Sara Kays,Remember That Night?,227186,indie pop
2024-06-24 18:17,One Direction,What Makes You Beautiful,199986,pop
2024-06-24 18:39,Halsey,Colors,192787,pop
2024-06-24 19:21,Harry Styles,Adore You,25662,pop
2024-06-24 19:21,Halsey,Colors,418,pop
2024-06-24 19:22,Half an Orange,Blink 182,1255,indie
2024-06-24 19:25,Taylor Swift,this is me trying,195097,country
2024-06-24 19:35,XXXTENTACION,Fuck Love,26172,emo rap
2024-06-24 23:34,XXXTENTACION,Fuck Love,842,emo rap
2024-06-24 23:36,Halsey,Walls Could Talk,101789,pop
2024-06-24 23:40,Måneskin,Beggin',211560,rock
2024-06-24 23:43,girl in red,we fell in love in october,184153,bedroom pop
2024-06-24 23:51,Ed Sheeran,Photograph,495006,soft pop
2024-06-24 23:55,Conan Gray,Memories,248818,seen live
2024-06-24 23:59,Troye Sivan,Strawberries & Cigarettes,201538,pop
2024-06-25 00:02,Tove Lo,Habits (Stay High),209160,pop
2024-06-25 00:05,SAINt JHN,Roses - Imanbek Remix,176840,Hip-Hop
2024-06-25 00:10,Coldplay,Yellow,266773,rock
2024-06-25 00:12,Lil Nas X,THATS WHAT I WANT,143901,Hip-Hop
2024-06-25 00:16,Passenger,Let Her Go,252733,folk pop
2024-06-25 00:31,Roddy Ricch,The Box,149281,melodic rap
2024-06-25 18:34,Roddy Ricch,The Box,405,melodic rap
2024-06-25 18:34,Marshmello,Silence,2721,edm
2024-06-25 18:34,Panic! At The Disco,High Hopes,617,emo
2024-06-25 18:34,Miley Cyrus,Angels Like You,1038,pop
2024-06-25 18:34,One Direction,Story of My Life,802,pop
2024-06-25 18:38,Twenty One Pilots,Ride,214506,electronic
2024-06-25 18:41,Post Malone,Circles,215280,Hip-Hop
2024-06-25 18:45,Sia,Chandelier,216120,female vocalists
2024-06-25 18:49,The Neighbourhood,Daddy Issues,260173,indie
2024-06-25 19:04,Queen,Bohemian Rhapsody - Remastered 2011,283376,classic rock
2024-06-25 19:25,Queen,Bohemian Rhapsody - Remastered 2011,71934,classic rock
2024-06-25 19:28,DNCE,Cake By The Ocean,219146,pop
2024-06-25 19:34,Harry Styles,Sign of the Times,340706,pop
2024-06-25 19:38,Lady Gaga,Poker Face,237200,art pop
2024-06-25 19:44,24kGoldn,Mood (feat. iann dior),140533,Hip-Hop
2024-06-25 19:51,Kygo,Stargazing,236853,tropical house
2024-06-25 19:55,Maroon 5,Daylight,225306,pop
2024-06-25 19:57,The Kid LAROI,STAY (with Justin Bieber),141805,rap
2024-06-25 20:01,Sam Smith,Too Good At Goodbyes,201000,soft pop
2024-06-25 20:05,Maroon 5,Animals,231013,pop
2024-06-25 20:08,Axwell /\ Ingrosso,More Than You Know,203000,swedish
2024-06-25 20:19,XXXTENTACION,SAD!,85625,emo rap
2024-06-26 00:03,XXXTENTACION,SAD!,80999,emo rap
2024-06-26 00:06,Ed Sheeran,Supermarket Flowers,221106,soft pop
2024-06-26 00:10,Ava Max,Sweet but Psycho,187436,pop
2024-06-26 00:13,Lewis Capaldi,Bruises,220492,soft pop
2024-06-26 00:17,Katy Perry,The One That Got Away,227333,pop
2024-06-26 00:42,Wiz Khalifa,See You Again (feat. Charlie Puth),186910,rap
2024-06-26 19:12,Wiz Khalifa,See You Again (feat. Charlie Puth),3541,rap
2024-06-26 19:12,Chappell Roan,Casual,3747,pop
2024-06-26 19:16,Chappell Roan,Casual,232796,pop
2024-06-26 19:23,Chappell Roan,Pink Pony Club,427673,pop
2024-06-26 19:27,Chappell Roan,My Kink Is Karma,222578,pop
2024-06-26 19:30,Chappell Roan,Red Wine Supernova,192720,pop
2024-06-26 19:38,Wallows,Are You Bored Yet? (feat. Clairo),178000,indie
2024-06-26 19:41,The Last Dinner Party,Nothing Matters,182623,seen live
2024-06-26 19:43,Benson Boone,Slow It Down,122459,pop
2024-06-26 19:54,Benson Boone,Cry,28631,pop
2024-06-27 00:02,Benson Boone,Cry,187938,pop
2024-06-27 00:11,Billie Eilish,CHIHIRO,303440,pop
2024-06-27 00:21,Benson Boone,Beautiful Things,3892,pop
2024-06-27 00:21,Charli xcx,Club classics,35655,hyperpop
2024-06-27 00:23,Shaboozey,A Bar Song (Tipsy),171291,country
2024-06-27 00:25,Mitski,My Love Mine All Mine,83986,seen live
2024-06-27 21:50,Mitski,My Love Mine All Mine,53787,seen live
2024-06-27 21:54,beabadoobee,A Night To Remember,233388,bedroom pop
2024-06-27 21:57,Billie Eilish,BIRDS OF A FEATHER,210373,pop
2024-06-27 22:02,fun.,Carry On,278373,indie pop
2024-06-27 22:08,Billie Eilish,L’AMOUR DE MA VIE,333986,pop
2024-06-27 22:11,Olivia Rodrigo,the grudge,189386,pop
2024-06-27 22:14,Billie Eilish,THE DINER,186346,pop
2024-06-27 22:17,Billie Eilish,WILDFLOWER,184424,pop
2024-06-27 22:17,Billie Eilish,THE DINER,1950,pop
2024-06-27 22:27,Billie Eilish,WILDFLOWER,3397,pop
2024-06-28 18:34,Billie Eilish,WILDFLOWER,259099,pop
2024-06-28 18:38,Metro Boomin,Creepin' (with The Weeknd & 21 Savage),221520,trap
2024-06-28 18:41,Billie Eilish,"What Was I Made For? [From The Motion Picture ""Barbie""]",222369,pop
2024-06-28 18:45,Conan Gray,Family Line,216094,seen live
2024-06-28 18:49,Arctic Monkeys,505,253586,indie
2024-06-28 18:52,lilster,Barbie (Can You Play Ken?),173735,jersey club
2024-06-28 18:56,Lana Del Rey,Young And Beautiful,236053,female vocalists
2024-06-28 18:59,Olivia Rodrigo,ballad of a homeschooled girl,203369,pop
2024-06-28 19:02,Olivia Rodrigo,obsessed,170541,pop
2024-06-28 19:06,Chappell Roan,"Good Luck, Babe!",218423,pop
2024-06-28 19:09,Billie Eilish,Oxytocin,210232,pop
2024-06-28 19:12,Travis Scott,MY EYES,1115,rap
2024-06-28 19:12,Fitz and The Tantrums,Out of My League,3304,soul
2024-06-28 19:12,New West,Those Eyes,1462,seen live
2024-06-28 19:12,Ashnikko,Daisy,146523,Hip-Hop
2024-06-28 19:27,Anuv Jain,Riha,232005,indian indie
2024-06-28 19:31,Carolina Gaitán,We Don't Talk About Bruno,229241,pop
2024-06-28 19:44,Anuv Jain,Husn,156710,indian indie
2024-06-29 00:18,Anuv Jain,Husn,218684,indian indie
2024-06-29 00:21,Olivia Rodrigo,favorite crime,152666,pop
2024-06-29 00:23,Olivia Rodrigo,all-american bitch,165833,pop
2024-06-29 00:27,Olivia Rodrigo,deja vu,215506,pop
2024-06-29 00:30,Olivia Rodrigo,bad idea right?,184783,pop
2024-06-29 00:42,Olivia Rodrigo,vampire,90804,pop
2024-06-29 02:47,Olivia Rodrigo,vampire,130022,pop
2024-06-29 02:59,The Weeknd,"One Of The Girls (with JENNIE, Lily Rose Depp)",122150,rnb
2024-06-29 03:10,The Weeknd,"One Of The Girls (with JENNIE, Lily Rose Depp)",5687,rnb
2024-06-29 03:11,Post Malone,Hollywood's Bleeding,25358,Hip-Hop
2024-06-29 03:24,The Buttress,Brutus (Instrumental),23816,Horrorcore
2024-06-29 20:50,Caroline Polachek,Sunset,1296,art pop
2024-06-29 20:50,Grimes,Kill V. Maim,701,art pop
2024-06-29 20:50,Billie Eilish,watch,1540,pop
2024-06-29 20:50,Lou Bliss,Killing Butterflies,1016,
2024-06-29 20:50,Lou Bliss,Killing Butterflies,470,
2024-06-29 20:50,The Buttress,Brutus (Instrumental),75,Horrorcore
2024-06-29 20:50,Belle Sisoski,Hold On,156,hip hop
2024-06-29 20:51,Billie Eilish,watch,4825,pop
2024-06-29 20:51,Otaku,Kyoran Hey Kids!! (Noragami Aragoto),570,lo-fi
2024-06-29 20:51,Noah Cyrus,July,574,pop
2024-06-29 20:51,League of Legends,Burn It All Down,715,Soundtrack
2024-06-29 20:52,Otaku,Kyoran Hey Kids!! (Noragami Aragoto),109732,lo-fi
2024-06-29 20:55,Noah Cyrus,July,156106,pop
2024-06-29 20:58,All Time Low,Monsters (feat. blackbear),174067,pop punk
2024-06-29 21:02,MAGIC!,Rude,224840,reggae
2024-06-29 21:05,Bryce Fox,Golden Boy,168555,alternative
2024-06-29 21:08,Paris Paloma,labour,237744,seen live
2024-06-29 21:12,Kali Uchis,Melting,208853,rnb
2024-06-29 21:15,Lizzy McAlpine,ceilings,182887,indie pop
2024-06-29 21:18,BLACKPINK,Kill This Love,191050,k-pop
2024-06-29 21:23,Rebel Moves,Every When,260527,turkish
2024-06-29 21:27,RAYE,Escapism.,272373,pop
2024-06-29 21:30,SZA,Kill Bill,153946,rnb
2024-06-29 21:32,Anne-Marie,PSYCHO,162666,pop
2024-06-29 21:35,Stephen Sanchez,Until I Found You (with Em Beihold) - Em Beihold Version,176440,folk
2024-06-29 21:39,Oliver Tree,Miss You - Bonus Track,206000,electronic
2024-06-29 21:42,BoyWithUke,Sick of U (with Oliver Tree),168676,indie pop
2024-06-29 21:45,Sachin-Jigar,Saibo,195253,gujarati pop
2024-06-29 21:48,Taylor Swift,Lavender Haze,202395,country
2024-06-29 21:52,WILLOW,Wait a Minute!,196520,post-rock
2024-06-29 21:54,Daisy the Great,Record Player (with AJR),149538,indie pop
2024-06-29 21:58,Sia,Unstoppable,217746,female vocalists
2024-06-29 22:01,ILLENIUM,Story Of My Life (feat. Trippie Redd),191124,melodic bass
2024-06-29 22:04,Half an Orange,Blink 182,184000,indie
2024-06-29 22:07,The Kid LAROI,WITHOUT YOU,161384,rap
2024-06-29 22:10,Lana Del Rey,Summertime Sadness (Lana Del Rey Vs. Cedric Gervais) - Cedric Gervais Remix,214912,female vocalists
2024-06-29 22:14,Halsey,Colors,249499,pop
2024-06-29 22:17,Conan Gray,People Watching,158536,seen live
2024-06-29 22:20,Olivia Rodrigo,happier,175933,pop
2024-06-29 22:24,Conan Gray,Memories,248818,seen live
2024-06-29 22:28,Panic! At The Disco,House of Memories,208706,emo
2024-06-29 22:32,Eminem,Lucky You (feat. Joyner Lucas),244679,rap
2024-06-29 22:34,Dove Cameron,Boyfriend,153000,pop
2024-06-29 22:38,Suki Waterhouse,Good Looking,214800,indie pop
2024-06-29 22:41,lovelytheband,broken,204878,indie pop
2024-06-29 22:45,Billie Eilish,Six Feet Under,189613,pop
2024-06-29 22:48,Anuv Jain,Alag Aasmaan,212750,indian indie
2024-06-29 22:52,BTS,Life Goes On,207481,k-pop
2024-06-29 22:56,BTS,We are Bulletproof : the Eternal,261542,k-pop
2024-06-29 23:07,BTS,Dope,55296,k-pop
2024-06-29 23:56,BTS,Dope,762,k-pop
2024-06-29 23:56,BTS,ON,1662,k-pop
2024-06-29 23:56,BTS,Burning Up (Fire),1752,k-pop
2024-06-30 00:00,Vance Joy,Riptide,204280,folk pop
2024-06-30 00:02,Imagine Dragons,Demons,175200,indie
2024-06-30 00:06,Kygo,Stargazing,236853,tropical house
2024-06-30 00:13,Carolina Gaitán,We Don't Talk About Bruno,364690,pop
2024-06-30 00:16,Jessica Darrow,Surface Pressure,202226,USA
2024-06-30 00:20,Naughty Boy,No One’s Here To Sleep,272547,rnb
2024-06-30 00:24,Seafret,Atlantis,229173,indie
2024-06-30 00:28,GROUPLOVE,Tongue Tied,218013,indie
2024-06-30 00:37,Conan Gray,People Watching,158536,seen live
2024-06-30 00:41,Ruelle,War Of Hearts,226216,pop
2024-06-30 01:01,Camila Cabello,Bam Bam (feat. Ed Sheeran),206070,pop
2024-06-30 01:04,Elley Duhé,MIDDLE OF THE NIGHT,184447,pop
2024-06-30 01:14,Eminem,Venom - Music From The Motion Picture,269573,rap
2024-06-30 01:16,Olivia Rodrigo,brutal,143746,pop
2024-06-30 01:20,One Direction,Rock Me,200266,pop
2024-06-30 01:23,Taylor Swift,the lakes,211798,country
2024-06-30 01:26,Taylor Swift,this is me trying,195097,country
2024-06-30 01:29,Dua Lipa,Boys Will Be Boys,166266,pop
2024-06-30 01:33,EXO,Love Shot,200306,k-pop
2024-06-30 01:45,BTS,Spring Day,137260,k-pop
2024-06-30 19:50,BTS,Spring Day,3718,k-pop
2024-06-30 19:52,Bishop Briggs,River,127507,indie
2024-06-30 19:56,Stromae,Papaoutai,232146,french pop
2024-06-30 19:58,Ariana Grande,God is a woman,106126,pop
2024-06-30 20:00,Doja Cat,Get Into It (Yuh),138293,pop
2024-06-30 20:04,One Direction,Perfect,230333,pop
2024-06-30 20:16,One Direction,Drag Me Down,106493,pop
2024-06-30 20:48,OneRepublic,If I Lose Myself,600,soft pop
2024-06-30 20:48,One Direction,Drag Me Down,711,pop
2024-06-30 20:48,One Direction,What Makes You Beautiful,536,pop
2024-06-30 20:48,One Direction,Story of My Life,734,pop
2024-06-30 20:52,OneRepublic,Rich Love (with Seeb),201256,soft pop
2024-06-30 20:58,Harry Styles,Sign of the Times,340706,pop
2024-06-30 21:02,Harry Styles,Watermelon Sugar,174000,pop
2024-06-30 21:07,Lady Gaga,Poker Face,237200,art pop
2024-06-30 21:10,Lady Gaga,Shallow,215733,art pop
2024-06-30 21:14,Rihanna,Unfaithful,226973,pop
2024-06-30 21:18,Rihanna,Diamonds,225146,pop
2024-06-30 21:25,Taylor Swift,I Did Something Bad,238253,country
2024-06-30 21:50,Avicii,Waiting For Love,66919,edm
2024-07-01 01:53,Avicii,Waiting For Love,174,edm
2024-07-01 01:53,Maroon 5,Daylight,776,pop
2024-07-01 01:53,Gym Class Heroes,Stereo Hearts (feat. Adam Levine),4012,Hip-Hop
2024-07-01 01:53,Maroon 5,Cold (feat. Future),1965,pop
2024-07-01 01:53,Maroon 5,Payphone,943,pop
2024-07-01 01:53,Maroon 5,Animals,550,pop
2024-07-01 01:53,Maroon 5,One More Night,467,pop
2024-07-01 01:57,Maroon 5,Animals,231013,pop
2024-07-01 02:01,Maroon 5,Payphone,231386,pop
2024-07-01 02:04,Maroon 5,This Love,206200,pop
2024-07-01 02:08,Maroon 5,Sugar,235493,pop
2024-07-01 02:11,Maroon 5,Maps,189960,pop
2024-07-01 02:15,Maroon 5,Memories,189486,pop
2024-07-01 02:17,Zedd,Beautiful Now,4121,edm
2024-07-01 02:17,Zedd,Beautiful Now,110686,edm
2024-07-01 02:17,Zedd,365,1704,edm
2024-07-01 02:20,Zedd,365,181899,edm
2024-07-01 02:23,Katy Perry,Hot N Cold,220226,pop
2024-07-01 02:27,Katy Perry,The One That Got Away,227333,pop
2024-07-01 02:31,Katy Perry,Roar,223546,pop
2024-07-01 02:53,Major Lazer,Powerful (feat. Ellie Goulding & Tarrus Riley),72714,moombahton
2024-07-01 23:58,Ellie Goulding,Hate Me (with Juice WRLD),1532,female vocalists
2024-07-01 23:58,Ellie Goulding,Burn,2437,female vocalists
2024-07-01 23:58,Taylor Swift,Delicate,564,country
2024-07-01 23:58,Taylor Swift,Wildest Dreams (Taylor's Version),448,country
2024-07-01 23:58,Taylor Swift,You Belong With Me (Taylor’s Version),759,country
2024-07-01 23:58,Major Lazer,Powerful (feat. Ellie Goulding & Tarrus Riley),691,moombahton
2024-07-01 23:58,Taylor Swift,Style,691,country
2024-07-01 23:58,Taylor Swift,cardigan,690,country
2024-07-02 00:01,Taylor Swift,Lover,221306,country
2024-07-02 00:06,Billie Eilish,CHIHIRO,303440,pop
2024-07-02 00:10,Billie Eilish,BIRDS OF A FEATHER,210373,pop
2024-07-02 00:18,Olivia Rodrigo,traitor,199634,pop
2024-07-05 00:08,Wallows,Are You Bored Yet? (feat. Clairo),947,indie
2024-07-05 00:08,Wallows,Are You Bored Yet? (feat. Clairo),990,indie
2024-07-05 00:08,Sabrina Carpenter,Espresso,772,pop
2024-07-05 00:08,Sabrina Carpenter,Espresso,795,pop
2024-07-05 00:08,Benson Boone,Beautiful Things,4611,pop
2024-07-05 00:08,Benson Boone,Cry,800,pop
2024-07-05 00:11,Shaboozey,A Bar Song (Tipsy),171291,country
2024-07-05 00:16,YUNGBLUD,parents,171880,indie rock
2024-07-05 00:18,Mitski,My Love Mine All Mine,137773,seen live
2024-07-05 00:29,Benson Boone,Slow It Down,94550,pop
2024-07-05 19:00,Benson Boone,Slow It Down,6625,pop
2024-07-05 19:05,Chappell Roan,Pink Pony Club,258034,pop
2024-07-05 19:08,Chappell Roan,My Kink Is Karma,222578,pop
2024-07-05 19:12,Billie Eilish,BIRDS OF A FEATHER,210373,pop
2024-07-05 19:15,Benson Boone,Cry,186359,pop
2024-07-05 19:18,Olivia Rodrigo,obsessed,170541,pop
2024-07-05 19:22,Chappell Roan,"Good Luck, Babe!",27130,pop
2024-07-05 19:22,Paris Paloma,labour,237744,seen live
2024-07-05 19:25,Conan Gray,People Watching,158536,seen live
2024-07-05 19:32,The Last Dinner Party,Nothing Matters,182623,seen live
2024-07-05 19:35,Wallows,Are You Bored Yet? (feat. Clairo),178000,indie
2024-07-05 19:37,Olivia Rodrigo,brutal,143746,pop
2024-07-05 19:41,Chappell Roan,Casual,232796,pop
2024-07-05 19:47,Billie Eilish,L’AMOUR DE MA VIE,333986,pop
2024-07-05 19:50,Suki Waterhouse,Good Looking,214800,indie pop
2024-07-05 19:53,Shaboozey,A Bar Song (Tipsy),171291,country
2024-07-05 19:58,Noah Kahan,Stick Season,299417,indie
2024-07-05 20:01,Olivia Rodrigo,all-american bitch,165833,pop
2024-07-05 20:04,Chappell Roan,Red Wine Supernova,192720,pop
2024-07-05 20:07,Billie Eilish,THE DINER,186346,pop
2024-07-05 20:09,Mitski,Strawberry Blond,114277,seen live
2024-07-05 20:12,Sabrina Carpenter,Espresso,175459,pop
2024-07-05 20:15,Lizzy McAlpine,ceilings,182887,indie pop
2024-07-05 20:18,Olivia Rodrigo,bad idea right?,184783,pop
2024-07-05 20:22,Chappell Roan,Naked In Manhattan,211057,pop
2024-07-05 20:25,Billie Eilish,LUNCH,179586,pop
2024-07-05 20:29,Taylor Swift,Fortnight (feat. Post Malone),228965,country
2024-07-05 20:31,Sabrina Carpenter,Nonsense,163648,pop
2024-07-05 20:34,Reneé Rapp,Pretty Girls,146234,seen live
2024-07-05 20:37,Olivia Rodrigo,ballad of a homeschooled girl,203369,pop
2024-07-05 20:40,Chappell Roan,HOT TO GO!,184841,pop
2024-07-05 20:45,Billie Eilish,CHIHIRO,303440,pop
2024-07-05 20:48,Mitski,Liquid Smooth,169773,seen live
2024-07-05 20:52,Paris Paloma,the fruits,209698,seen live
2024-07-05 20:55,Sabrina Carpenter,Feather,185552,pop
2024-07-05 20:58,Olivia Rodrigo,get him back!,211141,pop
2024-07-05 21:01,Chappell Roan,Picture You,187130,pop
2024-07-05 21:06,Billie Eilish,WILDFLOWER,261466,pop
2024-07-05 21:11,Lana Del Rey,Margaret (feat. Bleachers),339890,female vocalists
2024-07-05 21:14,Mitski,Washing Machine Heart,128198,seen live
2024-07-05 21:17,Sabrina Carpenter,Please Please Please,186365,pop
2024-07-05 21:30,Olivia Rodrigo,Can’t Catch Me Now - from The Hunger Games: The Ballad of Songbirds & Snakes,172218,pop
2024-07-06 18:54,Olivia Rodrigo,Can’t Catch Me Now - from The Hunger Games: The Ballad of Songbirds & Snakes,2824,pop
2024-07-07 04:21,Olivia Rodrigo,Can’t Catch Me Now - from The Hunger Games: The Ballad of Songbirds & Snakes,30479,pop
2024-07-07 04:24,Taylor Swift,imgonnagetyouback,222072,country
2024-07-07 04:28,Chappell Roan,Femininomenon,219710,pop
2024-07-07 04:32,Hozier,Too Sweet,251424,blues
2024-07-07 04:35,Kabin Crew,The Spark,146384,ireland
2024-07-07 04:36,Phoebe Bridgers,Motion Sickness,41896,seen live
2024-07-08 17:50,Sabrina Carpenter,because i liked a boy,1646,pop
2024-07-08 17:50,Lorde,Supercut,389,pop
2024-07-08 17:50,Chappell Roan,After Midnight,2208,pop
2024-07-08 17:50,Phoebe Bridgers,Motion Sickness,452,seen live
2024-07-08 17:50,Olivia Rodrigo,lacy,2293,pop
2024-07-08 17:51,Dominic Fike,misses,74378,indie
2024-07-08 17:53,Mitski,My Love Mine All Mine,137773,seen live
2024-07-08 17:57,Olivia Rodrigo,teenage dream,206459,pop
2024-07-08 18:01,Chappell Roan,Kaleidoscope,222650,pop
2024-07-08 18:03,Djo,End of Beginning,159245,psychedelic pop
2024-07-08 18:06,Troye Sivan,One Of Your Girls,181481,pop
2024-07-08 18:10,Ariana Grande,we can't be friends (wait for your love),228639,pop
2024-07-08 18:12,Charli xcx,360,133805,hyperpop
2024-07-08 18:15,Olivia Rodrigo,love is embarrassing,154516,pop
2024-07-08 18:18,Chappell Roan,Coffee,205520,pop
2024-07-08 18:20,Sabrina Carpenter,emails i can’t send,104408,pop
2024-07-08 18:24,Taylor Swift,I Can Do It With a Broken Heart,218004,country
2024-07-08 18:44,Ariana Grande,the boy is mine,173639,pop
2024-07-08 18:47,Maggie Rogers,Alaska,188000,seen live
2024-07-08 18:51,Olivia Rodrigo,making the bed,198866,pop
2024-07-08 18:54,Chappell Roan,Super Graphic Ultra Modern Girl,183888,pop
2024-07-08 18:55,girl in red,girls,55200,bedroom pop
2024-07-08 18:55,Lana Del Rey,Let The Light In (feat. Father John Misty),1943,female vocalists
2024-07-08 18:56,Taylor Swift,Who’s Afraid of Little Old Me?,97394,country
2024-07-08 18:59,Troye Sivan,Rush,156391,pop
2024-07-08 19:02,Billie Eilish,you should see me in a crown,180952,pop
2024-07-08 19:13,Billie Eilish,bury a friend,60386,pop
2024-07-08 21:37,Billie Eilish,bury a friend,132758,pop
2024-07-08 21:40,Olivia Rodrigo,so american,169717,pop
2024-07-08 21:44,Chappell Roan,School Nights,249236,pop
2024-07-08 21:46,Sabrina Carpenter,Vicious,149890,pop
2024-07-08 21:49,Noah Kahan,You’re Gonna Go Far,176176,indie
2024-07-08 21:52,Taylor Swift,Guilty as Sin?,171842,country
2024-07-08 21:55,Clairo,Sofia,188386,bedroom pop
2024-07-08 21:59,Olivia Rodrigo,stranger,192771,pop
2024-07-08 22:02,Conan Gray,Bourgeoisieses,6626,seen live
2024-07-08 22:02,Chappell Roan,Love Me Anyway,267,pop
2024-07-08 22:02,Chappell Roan,Love Me Anyway,2313,pop
2024-07-08 22:02,Suki Waterhouse,Moves,667,indie pop
2024-07-08 22:02,Conan Gray,Lonely Dancers,4124,seen live
2024-07-08 22:02,Conan Gray,Lonely Dancers,148439,seen live
2024-07-08 22:03,Conan Gray,Bourgeoisieses,67813,seen live
2024-07-08 22:05,Conan Gray,Bourgeoisieses,83762,seen live
2024-07-08 22:08,Chappell Roan,Love Me Anyway,233325,pop
2024-07-08 22:12,Suki Waterhouse,Moves,193031,indie pop
2024-07-08 22:14,Taylor Swift,Down Bad,136326,country
2024-07-08 22:17,LISA,Rockstar,138213,k-pop
2024-07-08 22:20,Olivia Rodrigo,pretty isn’t pretty,199422,pop
2024-07-08 22:20,Conan Gray,Alley Rose,9189,seen live
2024-07-09 00:27,Conan Gray,Alley Rose,6564,seen live
2024-07-09 00:31,Hozier,Work Song,229720,blues
2024-07-09 00:35,Chappell Roan,California,198089,pop
2024-07-09 00:38,Mitski,Nobody,193429,seen live
2024-07-09 00:42,Chappell Roan,Pink Pony Club,258034,pop
2024-07-09 00:43,Reneé Rapp,Not My Fault (with Megan Thee Stallion),30594,seen live
2024-07-09 00:45,Reneé Rapp,Not My Fault (with Megan Thee Stallion),139949,seen live
2024-07-09 00:46,Olivia Rodrigo,scared of my guitar,30015,pop
2024-07-09 00:48,Glass Animals,Creatures in Heaven,120004,electronic
2024-07-09 00:52,Glass Animals,Creatures in Heaven,173976,electronic
2024-07-09 00:57,Billie Eilish,BLUE,343120,pop
2024-07-09 01:01,girl in red,Serotonin,182426,bedroom pop
2024-07-09 01:04,Chappell Roan,Meantime,183440,pop
2024-07-09 01:17,Lorde,Ribs,979,pop
2024-07-09 01:17,Reneé Rapp,Too Well,109778,seen live
2024-07-09 01:17,Billie Eilish,BITTERSUITE,649,pop
2024-07-09 01:17,Mitski,I Bet on Losing Dogs,926,seen live
2024-07-09 01:17,Conan Gray,Fainted Love,704,seen live
2024-07-09 01:17,Olivia Rodrigo,girl i’ve always been,740,pop
2024-07-09 01:30,Chappell Roan,Die Young,207156,pop
2024-07-09 19:29,beabadoobee,A Night To Remember,233388,bedroom pop
2024-07-09 19:32,Charli xcx,Club classics,153526,hyperpop
2024-07-09 19:34,Tate McRae,greedy,131872,pop
2024-07-09 19:38,Metro Boomin,Creepin' (with The Weeknd & 21 Savage),221520,trap
2024-07-09 19:42,Arctic Monkeys,505,253586,indie
2024-07-09 19:47,Conan Gray,Family Line,216094,seen live
2024-07-09 19:50,Olivia Rodrigo,the grudge,189386,pop
2024-07-09 19:53,Billie Eilish,Oxytocin,210232,pop
2024-07-09 20:08,Lana Del Rey,Young And Beautiful,23034,female vocalists
2024-07-09 20:29,Lana Del Rey,Young And Beautiful,214187,female vocalists
2024-07-09 20:47,fun.,Carry On,234226,indie pop
2024-07-10 17:33,lilster,Barbie (Can You Play Ken?),764,jersey club
2024-07-10 17:33,Lana Del Rey,Summertime Sadness,713,female vocalists
2024-07-10 17:33,Lana Del Rey,Summertime Sadness,602,female vocalists
2024-07-10 17:33,Travis Scott,MY EYES,533,rap
2024-07-10 17:33,Olivia Rodrigo,favorite crime,1257,pop
2024-07-10 17:33,Harry Styles,As It Was,537,pop
2024-07-10 17:33,Olivia Rodrigo,deja vu,398,pop
2024-07-10 17:33,Anuv Jain,Husn,655,indian indie
2024-07-10 17:33,The Weeknd,"One Of The Girls (with JENNIE, Lily Rose Depp)",1254,rnb
2024-07-10 17:33,Alec Benjamin,If We Have Each Other,594,pop
2024-07-10 17:33,Fitz and The Tantrums,Out of My League,1713,soul
2024-07-10 17:33,Arctic Monkeys,Why'd You Only Call Me When You're High?,872,indie
2024-07-10 17:33,Olivia Rodrigo,vampire,756,pop
2024-07-10 17:33,New West,Those Eyes,740,seen live
2024-07-10 17:33,Anuv Jain,Riha,580,indian indie
2024-07-10 17:33,Anuv Jain,Riha,895,indian indie
2024-07-10 17:33,Ashnikko,Daisy,724,Hip-Hop
2024-07-10 17:33,Sabrina Carpenter,Looking at Me,1149,pop
2024-07-10 17:38,Anuv Jain,Riha,287312,indian indie
2024-07-10 17:41,Anuv Jain,Husn,217894,indian indie
2024-07-10 17:45,Ruth B.,Dandelions,233720,pop
2024-07-10 17:49,Anuv Jain,Alag Aasmaan,212750,indian indie
2024-07-10 17:52,Olivia Rodrigo,"jealousy, jealousy",173160,pop
2024-07-10 18:43,James Arthur,Say You Won't Let Go,172765,soft pop
2024-07-10 18:56,James Arthur,Say You Won't Let Go,40746,soft pop
2024-07-10 19:00,Billie Eilish,when the party's over,196077,pop
2024-07-10 19:03,Imagine Dragons,Believer,204346,indie
2024-07-10 19:07,Olivia Rodrigo,good 4 u,178146,pop
2024-07-10 19:12,Ariana Grande,One Last Time,197266,pop
2024-07-10 19:18,Calvin Harris,One Kiss (with Dua Lipa),183948,edm
2024-07-10 19:18,Mark Ronson,Uptown Funk (feat. Bruno Mars),2771,funk
2024-07-10 19:29,Benson Boone,In The Stars,174246,pop
2024-07-11 08:41,Kesha,JOYRIDE,150000,pop
2024-07-11 08:45,John Legend,All of Me,269560,soft pop
2024-07-11 08:49,The Neighbourhood,Sweater Weather,240400,indie
2024-07-11 08:54,P!nk,Just Give Me a Reason (feat. Nate Ruess),242733,opera
2024-07-11 08:56,Billie Eilish,Bored,66691,pop
2024-07-11 18:39,Kesha,JOYRIDE,150000,pop
2024-07-11 18:43,Chappell Roan,Femininomenon,219710,pop
2024-07-11 18:45,Ariana Grande,the boy is mine,173639,pop
2024-07-11 18:49,Olivia Rodrigo,teenage dream,222358,pop
2024-07-11 18:53,Chappell Roan,Casual,232796,pop
2024-07-11 18:56,Chappell Roan,Red Wine Supernova,192720,pop
2024-07-11 18:59,Wallows,Are You Bored Yet? (feat. Clairo),178000,indie
2024-07-11 19:02,The Last Dinner Party,Nothing Matters,182623,seen live
2024-07-11 19:05,Benson Boone,Slow It Down,161831,pop
2024-07-11 19:09,Chappell Roan,Pink Pony Club,258034,pop
2024-07-11 19:12,Benson Boone,Cry,186359,pop
2024-07-11 19:18,Billie Eilish,CHIHIRO,303440,pop
2024-07-11 19:20,Charli xcx,Club classics,153526,hyperpop
2024-07-11 19:24,Chappell Roan,My Kink Is Karma,222578,pop
2024-07-11 19:27,Benson Boone,Beautiful Things,180304,pop
2024-07-11 19:30,Shaboozey,A Bar Song (Tipsy),171291,country
2024-07-11 19:32,Mitski,My Love Mine All Mine,137773,seen live
2024-07-11 19:36,beabadoobee,A Night To Remember,233388,bedroom pop
2024-07-11 19:39,Billie Eilish,BIRDS OF A FEATHER,210373,pop
2024-07-11 19:44,fun.,Carry On,278373,indie pop
2024-07-11 19:50,Billie Eilish,L’AMOUR DE MA VIE,333986,pop
2024-07-11 19:53,Olivia Rodrigo,the grudge,189386,pop
2024-07-11 19:56,Billie Eilish,THE DINER,186346,pop
2024-07-11 20:00,Billie Eilish,WILDFLOWER,261466,pop
2024-07-11 20:04,Metro Boomin,Creepin' (with The Weeknd & 21 Savage),221520,trap
2024-07-11 20:08,Conan Gray,Family Line,216094,seen live
2024-07-11 20:12,Arctic Monkeys,505,253586,indie
2024-07-11 20:15,lilster,Barbie (Can You Play Ken?),173735,jersey club
2024-07-11 20:19,Lana Del Rey,Young And Beautiful,236053,female vocalists
2024-07-11 20:21,Olivia Rodrigo,ballad of a homeschooled girl,155019,pop
2024-07-12 16:03,Maroon 5,Maps,1817,pop
2024-07-12 16:03,Billie Eilish,Bored,871,pop
2024-07-12 16:09,Conan Gray,Memories,248818,seen live
2024-07-12 16:13,BTS,Spring Day,274097,k-pop
2024-07-12 16:16,Olivia Rodrigo,happier,175933,pop
2024-07-12 16:19,Tom Walker,Leave a Light On,185863,indie
2024-07-12 16:29,Lady Gaga,Shallow,215733,art pop
2024-07-12 16:32,Dua Lipa,New Rules,209320,pop
2024-07-12 16:33,Troye Sivan,YOUTH,507,pop
2024-07-12 16:33,Candace,The Universe Is Against Me,1500,shoegaze
2024-07-12 16:33,Metro Boomin,Creepin' (with The Weeknd & 21 Savage),30599,trap
2024-07-12 16:33,Lauv,I Like Me Better,958,pop
2024-07-12 16:37,Naughty Boy,No One’s Here To Sleep,272547,rnb
2024-07-12 16:40,The Last Dinner Party,Nothing Matters,182623,seen live
2024-07-12 16:44,The Weeknd,Blinding Lights,200040,rnb
2024-07-12 16:55,The Weeknd,Can't Feel My Face,92174,rnb
2024-07-13 01:33,Måneskin,Beggin',4205,rock
2024-07-13 01:33,Alec Benjamin,Must Have Been The Wind,27737,pop
2024-07-13 01:33,Alessia Cara,How Far I'll Go - Alessia Cara Version,1657,pop
2024-07-13 01:33,Joel Adams,Please Don't Go,2293,soft pop
2024-07-13 01:33,The Chainsmokers,All We Know,822,electronic
2024-07-13 01:38,Måneskin,Beggin',678,rock
2024-07-13 01:42,Billie Eilish,Six Feet Under,189613,pop
2024-07-13 01:45,lilster,Barbie (Can You Play Ken?),173735,jersey club
2024-07-13 01:48,BTS,Life Goes On,207481,k-pop
2024-07-13 01:52,Charli xcx,Club classics,153526,hyperpop
2024-07-13 01:55,Alessia Cara,Scars To Your Beautiful,230226,pop
2024-07-13 01:58,Anne-Marie,Her,177568,pop
2024-07-13 02:02,Cartoon,On & On,207068,Progressive rock
2024-07-13 02:06,Taylor Swift,I Did Something Bad,238253,country
2024-07-13 02:09,Post Malone,Circles,215280,Hip-Hop
2024-07-13 02:13,Katy Perry,Roar,223546,pop
2024-07-13 02:17,Zac Efron,Rewrite The Stars,217440,musicals
2024-07-13 02:21,Katy Perry,Hot N Cold,267479,pop
2024-07-13 02:25,Halsey,Without Me,201660,pop
2024-07-13 02:29,Kygo,Stargazing,236853,tropical house
2024-07-13 02:32,Imagine Dragons,Believer,204346,indie
2024-07-13 02:37,Stromae,Papaoutai,245159,french pop
2024-07-13 02:40,Ruelle,War Of Hearts,226216,pop
2024-07-13 02:43,Ariana Grande,the boy is mine,173639,pop
2024-07-13 02:47,BTS,Dope,240020,k-pop
2024-07-13 02:52,Little Mix,"Secret Love Song, Pt. II",266925,pop
2024-07-13 02:56,One Direction,Story of My Life,245493,pop
2024-07-13 02:59,Sub Urban,Cradles,209829,noise
2024-07-13 03:03,The Chainsmokers,Something Just Like This,247626,electronic
2024-07-13 03:06,Conan Gray,People Watching,158536,seen live
2024-07-13 03:10,Dream Note,Waqt Ki Baatein,243310,indian indie
2024-07-13 03:13,Benson Boone,Beautiful Things,180304,pop
2024-07-13 03:17,Astrid S,Hurts So Good,208728,norwegian pop
2024-07-13 03:21,Mark Ronson,Uptown Funk (feat. Bruno Mars),269666,funk
2024-07-13 03:26,Eminem,Venom - Music From The Motion Picture,269573,rap
2024-07-13 03:30,Troye Sivan,HEAVEN,261114,pop
2024-07-13 03:34,Lindsey Stirling,The Arena,232280,violin
2024-07-13 03:38,Fall Out Boy,Centuries,228360,emo
2024-07-13 03:40,Lil Nas X,Old Town Road (feat. Billy Ray Cyrus) - Remix,157066,Hip-Hop
2024-07-13 03:43,Shawn Mendes,In My Blood,147653,pop
2024-07-14 08:12,Jaspreen Singh Kathpal,Eh Munde Pagal Ne Saare (Insane),65780,Indian
2024-07-15 16:45,Conan Gray,Family Line,94,seen live
2024-07-15 17:07,New West,Those Eyes,7272,seen live
2024-07-15 17:08,Jaspreen Singh Kathpal,Eh Munde Pagal Ne Saare (Insane),22799,Indian
2024-07-15 17:11,Halsey,Colors,231282,pop
2024-07-15 17:15,Chappell Roan,"Good Luck, Babe!",218423,pop
2024-07-15 17:19,Chappell Roan,Femininomenon,219710,pop
2024-07-15 17:22,Chappell Roan,Red Wine Supernova,192720,pop
2024-07-15 17:26,Chappell Roan,Casual,232796,pop
2024-07-15 17:30,Chappell Roan,My Kink Is Karma,222578,pop
2024-07-15 17:34,Chappell Roan,Pink Pony Club,258034,pop
2024-07-15 17:37,Chappell Roan,HOT TO GO!,184841,pop
2024-07-15 17:40,Billie Eilish,BIRDS OF A FEATHER,210373,pop
2024-07-15 17:43,Mitski,My Love Mine All Mine,137773,seen live
2024-07-15 17:46,The Last Dinner Party,Nothing Matters,182623,seen live
2024-07-15 17:49,Wallows,Are You Bored Yet? (feat. Clairo),178000,indie
2024-07-15 17:53,Paris Paloma,labour,237744,seen live
2024-07-15 17:56,Olivia Rodrigo,obsessed,170541,pop
2024-07-15 17:59,Billie Eilish,THE DINER,186346,pop
2024-07-15 18:01,Conan Gray,People Watching,158536,seen live
2024-07-15 18:05,Sabrina Carpenter,Please Please Please,186365,pop
2024-07-15 18:08,GROUPLOVE,Tongue Tied,218013,indie
2024-07-15 18:13,Suki Waterhouse,Good Looking,106847,indie pop
2024-07-15 18:16,Chappell Roan,My Kink Is Karma,210008,pop
2024-07-15 18:59,Chappell Roan,My Kink Is Karma,12326,pop
2024-07-15 19:04,Chappell Roan,Pink Pony Club,258034,pop
2024-07-15 19:07,Chappell Roan,Naked In Manhattan,211057,pop
2024-07-15 19:10,Sabrina Carpenter,Espresso,175459,pop
2024-07-15 19:26,Olivia Rodrigo,all-american bitch,165833,pop
2024-07-15 19:28,LISA,Rockstar,138213,k-pop
2024-07-15 19:29,Charli xcx,Club classics,57078,hyperpop
2024-07-15 19:34,Chappell Roan,School Nights,249236,pop
2024-07-15 19:36,Kesha,JOYRIDE,150000,pop
2024-07-15 19:39,Ariana Grande,the boy is mine,173639,pop
2024-07-15 20:06,Olivia Rodrigo,bad idea right?,144358,pop
2024-07-18 22:22,Megan Thee Stallion,Mamushi (feat. Yuki Chiba),156988,rap
2024-07-18 22:25,Sabrina Carpenter,Nonsense,163648,pop
2024-07-18 23:04,Billie Eilish,CHIHIRO,273055,pop
2024-07-23 23:23,Billie Eilish,L’AMOUR DE MA VIE,333986,pop
2024-07-23 23:25,Mitski,Washing Machine Heart,128198,seen live
2024-07-23 23:27,Charli xcx,Von dutch,87926,hyperpop
2024-07-23 23:30,Suki Waterhouse,Moves,193031,indie pop
2024-07-23 23:32,Chappell Roan,Super Graphic Ultra Modern Girl,132778,pop
2024-07-23 23:49,Chappell Roan,Pink Pony Club,258034,pop
2024-07-23 23:52,Lizzy McAlpine,ceilings,182887,indie pop
2024-07-24 00:42,Billie Eilish,LUNCH,131233,pop
2024-07-24 19:40,Troye Sivan,One Of Your Girls,708,pop
2024-07-24 19:40,Reneé Rapp,Not My Fault (with Megan Thee Stallion),1114,seen live
2024-07-24 19:40,Chappell Roan,Die Young,1578,pop
2024-07-24 19:40,Olivia Rodrigo,vampire,2170,pop
2024-07-24 19:43,Kabin Crew,The Spark,146384,ireland
2024-07-24 19:47,Billie Eilish,WILDFLOWER,261466,pop
2024-07-24 19:51,Olivia Rodrigo,Can’t Catch Me Now - from The Hunger Games: The Ballad of Songbirds & Snakes,205483,pop
2024-07-24 19:55,Ariana Grande,we can't be friends (wait for your love),228639,pop
2024-07-24 19:58,Noah Kahan,Stick Season,182346,indie
2024-07-24 20:01,Conan Gray,Family Line,216094,seen live
2024-07-24 20:04,Troye Sivan,Rush,156391,pop
2024-07-24 20:08,Hozier,Too Sweet,251424,blues
2024-07-24 20:12,Clairo,Sofia,188386,bedroom pop
2024-07-24 20:15,Olivia Rodrigo,get him back!,211141,pop
2024-07-24 20:23,Sabrina Carpenter,because i liked a boy,176337,pop
2024-07-25 16:08,Dirty Heads,Oxygen,185380,reggae rock
2024-07-25 18:11,Dirty Heads,Oxygen,226031,reggae rock
2024-07-25 18:15,Chappell Roan,Picture You,187130,pop
2024-07-25 18:16,Dominic Fike,misses,74378,indie
2024-07-25 18:18,Djo,End of Beginning,159245,psychedelic pop
2024-07-25 18:19,Reneé Rapp,Pretty Girls,22825,seen live
2024-07-25 18:21,Olivia Rodrigo,love is embarrassing,154516,pop
2024-07-25 18:24,Conan Gray,Never Ending Song,154606,seen live
2024-07-25 18:27,Chappell Roan,California,198089,pop
2024-07-25 18:31,Mitski,Nobody,193429,seen live
2024-07-25 18:34,Phoebe Bridgers,Motion Sickness,229760,seen live
2024-07-25 18:36,Sabrina Carpenter,emails i can’t send,104408,pop
2024-07-25 18:39,Olivia Rodrigo,so american,169717,pop
2024-07-25 18:43,Chappell Roan,Love Me Anyway,233325,pop
2024-07-25 18:47,Lana Del Rey,Diet Mountain Dew,222920,female vocalists
2024-07-25 18:50,Chappell Roan,HOT TO GO!,184841,pop
2024-07-25 18:53,Billie Eilish,BIRDS OF A FEATHER,210373,pop
2024-07-25 18:56,Conan Gray,People Watching,158536,seen live
2024-07-25 18:59,The Last Dinner Party,Nothing Matters,182623,seen live
2024-07-25 19:03,Paris Paloma,labour,237744,seen live
2024-07-25 19:06,Wallows,Are You Bored Yet? (feat. Clairo),178000,indie
2024-07-25 19:08,Mitski,My Love Mine All Mine,137773,seen live
2024-07-25 19:11,Olivia Rodrigo,brutal,143746,pop
2024-07-25 19:14,Billie Eilish,THE DINER,186346,pop
2024-07-25 19:17,Suki Waterhouse,Good Looking,214800,indie pop
2024-07-25 19:20,Sabrina Carpenter,Please Please Please,186365,pop
2024-07-25 19:24,GROUPLOVE,Tongue Tied,218013,indie
2024-07-25 19:26,Mitski,Strawberry Blond,114277,seen live
2024-07-25 19:29,Olivia Rodrigo,obsessed,170541,pop
2024-07-25 19:31,Megan Thee Stallion,Mamushi (feat. Yuki Chiba),156988,rap
2024-07-25 19:35,Chappell Roan,Coffee,205520,pop
2024-07-25 19:39,Glass Animals,Creatures in Heaven,221670,electronic
2024-07-25 19:41,Sabrina Carpenter,Vicious,149890,pop
2024-07-25 19:45,Lana Del Rey,National Anthem,230533,female vocalists
2024-07-25 19:49,Olivia Rodrigo,teenage dream,222358,pop
2024-07-25 19:52,Paris Paloma,the fruits,209698,seen live
2024-07-25 19:56,Chappell Roan,Kaleidoscope,222650,pop
2024-07-25 19:58,Conan Gray,Lonely Dancers,148439,seen live
2024-07-25 20:01,Mitski,Liquid Smooth,169773,seen live
2024-07-25 20:07,Lana Del Rey,Margaret (feat. Bleachers),339890,female vocalists
2024-07-25 20:10,Olivia Rodrigo,stranger,192771,pop
2024-07-25 20:16,Billie Eilish,BLUE,343120,pop
2024-07-25 20:19,Chappell Roan,After Midnight,204857,pop
2024-07-25 20:23,Sabrina Carpenter,Read your Mind,207849,pop
2024-07-25 20:26,Taylor Swift,Fortnight (feat. Post Malone),228965,country
2024-07-25 20:31,Lana Del Rey,Cinnamon Girl,300683,female vocalists
2024-07-25 20:34,Olivia Rodrigo,lacy,177212,pop
2024-07-25 20:38,Conan Gray,Alley Rose,208489,seen live
2024-07-25 20:40,beabadoobee,Glue Song,135066,bedroom pop
2024-07-25 20:44,Billie Eilish,SKINNY,219733,pop
2024-07-25 20:47,Ariana Grande,"yes, and?",214994,pop
2024-07-25 20:51,Troye Sivan,Got Me Started,198448,pop
2024-07-25 20:54,Olivia Rodrigo,making the bed,198866,pop
2024-07-25 21:03,Lana Del Rey,Brooklyn Baby,351640,female vocalists
2024-07-25 21:05,Taylor Swift,Now That We Don't Talk (Taylor's Version) (From The Vault),146436,country
2024-07-25 21:10,Billie Eilish,BITTERSUITE,298440,pop
2024-07-25 21:13,Ariana Grande,bye,164927,pop
2024-07-25 21:16,Suki Waterhouse,OMG,178569,indie pop
2024-07-25 21:20,Olivia Rodrigo,pretty isn’t pretty,199422,pop
2024-07-25 21:25,Lana Del Rey,Let The Light In (feat. Father John Misty),278126,female vocalists
2024-07-25 21:28,Taylor Swift,"You're On Your Own, Kid",194206,country
2024-07-25 21:31,Gracie Abrams,"I miss you, I’m sorry",167538,seen live
2024-07-25 21:36,Billie Eilish,THE GREATEST,293840,pop
2024-07-25 21:39,Sabrina Carpenter,Fast Times,174539,pop
2024-07-25 21:42,Mitski,I Want You,183792,seen live
2024-07-25 21:45,Chappell Roan,Good Hurt,192223,pop
2024-07-25 21:48,Taylor Swift,Bejeweled,194165,country
2024-07-25 21:52,Lana Del Rey,Norman fucking Rockwell,248934,female vocalists
2024-07-25 21:55,Reneé Rapp,Too Well,156631,seen live
2024-07-25 21:57,Artemas,if u think i'm pretty,128205,pop
2024-07-25 22:02,Noah Kahan,You’re Gonna Go Far,286369,indie
2024-07-25 22:04,beabadoobee,Glue Song (feat. Clairo),135066,bedroom pop
2024-07-25 22:08,Taylor Swift,my tears ricochet,255893,country
2024-07-25 23:31,Sabrina Carpenter,Already Over,112234,pop
2024-07-26 03:31,Chappell Roan,Pink Pony Club,57296,pop
2024-07-26 04:03,League of Legends,Burn It All Down,5160,Soundtrack
2024-07-27 18:42,League of Legends,Burn It All Down,196699,Soundtrack
2024-07-27 18:45,Shaboozey,A Bar Song (Tipsy),171291,country
2024-07-27 18:48,Benson Boone,Beautiful Things,180304,pop
2024-07-27 18:51,Shawn Mendes,There's Nothing Holdin' Me Back,199440,pop
2024-07-27 18:55,Benson Boone,Cry,186359,pop
2024-07-27 18:57,Benson Boone,Slow It Down,161831,pop
2024-07-27 19:00,Em Beihold,Numb Little Bug,169237,indie pop
2024-07-27 19:04,beabadoobee,A Night To Remember,233388,bedroom pop
2024-07-27 19:07,Olivia Rodrigo,the grudge,189386,pop
2024-07-27 19:11,Lewis Capaldi,Hold Me While You Wait,205686,soft pop
2024-07-27 19:15,Lana Del Rey,Young And Beautiful,236053,female vocalists
2024-07-27 19:19,Arctic Monkeys,505,253586,indie
2024-07-27 19:22,George Ezra,Budapest,200733,indie
2024-07-27 19:27,fun.,Carry On,278373,indie pop
2024-07-27 19:30,Metro Boomin,Creepin' (with The Weeknd & 21 Savage),205398,trap
2024-07-27 20:04,League of Legends,Burn It All Down,114777,Soundtrack
2024-07-27 20:07,Shaboozey,A Bar Song (Tipsy),171291,country
2024-07-27 21:21,Benson Boone,Beautiful Things,166803,pop
2024-07-28 01:28,Benson Boone,Beautiful Things,14512,pop
2024-07-28 01:32,Shawn Mendes,There's Nothing Holdin' Me Back,199440,pop
2024-07-28 01:35,Benson Boone,Cry,186359,pop
2024-07-28 01:37,Em Beihold,Numb Little Bug,270,indie pop
2024-07-28 01:37,Benson Boone,Slow It Down,137332,pop
2024-07-28 01:37,beabadoobee,A Night To Remember,647,bedroom pop
2024-07-28 01:40,Olivia Rodrigo,the grudge,189386,pop
2024-07-28 01:43,Arctic Monkeys,505,9571,indie
2024-07-28 01:43,fun.,Carry On,2,indie pop
2024-07-28 01:43,Lewis Capaldi,Hold Me While You Wait,138765,soft pop
2024-07-28 01:43,Metro Boomin,Creepin' (with The Weeknd & 21 Savage),2,trap
2024-07-28 01:43,George Ezra,Budapest,2,indie
2024-07-28 01:43,Lana Del Rey,Young And Beautiful,38732,female vocalists
2024-07-28 01:44,lilster,Barbie (Can You Play Ken?),1,jersey club
2024-07-28 01:44,The Lumineers,Ho Hey,133,folk pop
2024-07-28 01:44,Fitz and The Tantrums,Out of My League,2,soul
2024-07-28 01:44,Olivia Rodrigo,ballad of a homeschooled girl,2,pop
2024-07-28 01:44,Billie Eilish,Oxytocin,2,pop
2024-07-28 01:44,Zara Larsson,Lush Life,95,pop
2024-07-28 01:47,Travis Scott,MY EYES,205545,rap
2024-07-28 01:49,Ashnikko,Daisy,146523,Hip-Hop
2024-07-28 01:53,Arctic Monkeys,I Wanna Be Yours,183956,indie
2024-07-28 01:57,The Weeknd,"One Of The Girls (with JENNIE, Lily Rose Depp)",244684,rnb
2024-07-28 02:00,New West,Those Eyes,220750,seen live
2024-07-28 02:23,The Lumineers,Ophelia,108898,folk pop
2024-07-28 05:59,The Lumineers,Ophelia,408,folk pop
2024-07-28 06:00,Olivia Rodrigo,deja vu,25281,pop
2024-07-28 06:03,*NSYNC,Bye Bye Bye - From Deadpool and Wolverine Soundtrack,200400,pop
2024-07-28 06:07,Anuv Jain,Husn,217894,indian indie
2024-07-28 06:08,Ed Sheeran,Shape of You,68106,soft pop
2024-07-28 06:11,Olivia Rodrigo,favorite crime,152666,pop
2024-07-28 06:16,Anuv Jain,Riha,287312,indian indie
2024-07-28 06:19,Niall Horan,Slow Hands,188174,pop
2024-07-28 06:22,Post Malone,Hollywood's Bleeding,156266,Hip-Hop
2024-07-28 06:24,Noah Cyrus,July,156106,pop
2024-07-28 06:29,Niall Horan,This Town,232852,pop
2024-07-28 06:32,SZA,Kill Bill,153946,rnb
2024-07-28 06:33,Tate McRae,that way,4890,pop
2024-07-28 06:33,The Buttress,Brutus (Instrumental),53470,Horrorcore
2024-07-28 06:36,Billie Eilish,watch,177523,pop
2024-07-28 06:37,Axwell /\ Ingrosso,More Than You Know,4554,swedish
2024-07-28 06:37,Belle Sisoski,Hold On,35193,hip hop
2024-07-28 06:40,Caroline Polachek,Sunset,162909,art pop
2024-07-28 06:44,Travis Scott,goosebumps,53926,rap
2024-07-28 06:44,Alec Benjamin,Devil Doesn’t Bargain,0,pop
2024-07-28 06:48,Grimes,Kill V. Maim,246013,art pop
2024-07-28 06:52,Calvin Harris,This Is What You Came For,222160,edm
2024-07-28 06:56,Billie Eilish,lovely (with Khalid),200185,pop
2024-07-28 06:58,Lou Bliss,Killing Butterflies,170000,
2024-07-28 07:42,One Direction,Night Changes,208940,pop
2024-07-29 17:54,The Kid LAROI,WITHOUT YOU,1595,rap
2024-07-29 17:54,The Kid LAROI,STAY (with Justin Bieber),1155,rap
2024-07-29 17:54,Sachin-Jigar,Saibo,810,gujarati pop
2024-07-29 17:54,Dove Cameron,Boyfriend,894,pop
2024-07-29 17:54,WILLOW,Wait a Minute!,1663,post-rock
2024-07-29 17:54,Olivia Rodrigo,"1 step forward, 3 steps back",428,pop
2024-07-29 17:54,Eminem,The Real Slim Shady,530,rap
2024-07-29 17:54,BoyWithUke,Sick of U (with Oliver Tree),1559,indie pop
2024-07-29 17:54,Sia,Unstoppable,709,female vocalists
2024-07-29 17:54,girl in red,we fell in love in october,1115,bedroom pop
2024-07-29 17:54,One Direction,Night Changes,204,pop
2024-07-29 17:54,Taylor Swift,Lavender Haze,874,country
2024-07-29 17:54,Oliver Tree,Miss You - Bonus Track,1020,electronic
2024-07-29 17:54,Ava Max,Sweet but Psycho,1417,pop
2024-07-29 17:54,ILLENIUM,Story Of My Life (feat. Trippie Redd),2634,melodic bass
2024-07-29 17:57,Daisy the Great,Record Player (with AJR),149538,indie pop
2024-07-29 18:01,Bruno Mars,Locked out of Heaven,233478,pop
2024-07-29 18:05,Eminem,Lucky You (feat. Joyner Lucas),244679,rap
2024-07-29 18:08,One Direction,What Makes You Beautiful,199986,pop
2024-07-29 18:12,Coldplay,Hymn for the Weekend,258266,rock
2024-07-29 18:15,Imagine Dragons,Demons,175200,indie
2024-07-30 02:07,The Chainsmokers,Closer,822,electronic
2024-07-30 02:07,Harry Styles,Sign of the Times,293071,pop
2024-07-30 02:10,Coldplay,A Sky Full of Stars,3446,rock
2024-07-30 02:10,French Montana,Unforgettable,1363,Hip-Hop
2024-07-30 02:10,lovelytheband,broken,160451,indie pop
2024-07-30 02:10,Lana Del Rey,Summertime Sadness (Lana Del Rey Vs. Cedric Gervais) - Cedric Gervais Remix,1492,female vocalists
2024-07-30 02:14,Seafret,Atlantis,229173,indie
2024-07-30 02:18,Harry Styles,Watermelon Sugar,3350,pop
2024-07-30 02:18,Olivia Rodrigo,traitor,225141,pop
2024-07-30 02:18,Taylor Swift,Don’t Blame Me,2480,country
2024-07-30 02:18,Maroon 5,Memories,2932,pop
2024-07-30 02:21,Panic! At The Disco,House of Memories,208706,emo
2024-07-30 02:25,Lady Gaga,Poker Face,237200,art pop
2024-07-30 02:27,Pitbull,Give Me Everything (feat. Nayer),132801,Hip-Hop
2024-07-30 02:31,Tom Odell,Another Love,244360,indie
2024-07-30 02:35,Vance Joy,Riptide,204280,folk pop
2024-07-30 02:50,Wiz Khalifa,See You Again (feat. Charlie Puth),159885,rap
2024-07-30 02:50,BTS,We are Bulletproof : the Eternal,672,k-pop
2024-07-30 02:51,Benson Boone,Slow It Down,6391,pop
2024-07-30 02:53,Benson Boone,Slow It Down,161831,pop
2024-07-30 02:57,Dirty Heads,Oxygen,225394,reggae rock
2024-07-30 02:59,Kesha,JOYRIDE,150000,pop
2024-07-30 03:04,Chappell Roan,Femininomenon,219710,pop
2024-07-30 03:07,Ariana Grande,the boy is mine,173639,pop
2024-07-30 03:11,Olivia Rodrigo,teenage dream,222358,pop
2024-07-30 03:16,Chappell Roan,Casual,232796,pop
2024-07-30 03:19,Chappell Roan,Red Wine Supernova,192720,pop
2024-07-30 03:21,Wallows,Are You Bored Yet? (feat. Clairo),127159,indie
2024-07-30 03:24,The Last Dinner Party,Nothing Matters,182623,seen live
2024-07-30 03:29,Chappell Roan,Pink Pony Club,258034,pop
2024-07-30 03:32,Benson Boone,Cry,186359,pop
2024-07-30 03:37,Billie Eilish,CHIHIRO,303440,pop
2024-07-30 03:40,Charli xcx,Club classics,153526,hyperpop
2024-07-30 03:43,Chappell Roan,My Kink Is Karma,222578,pop
2024-07-30 04:21,Benson Boone,Beautiful Things,26415,pop
2024-07-31 18:49,Shaboozey,A Bar Song (Tipsy),1678,country
2024-07-31 18:49,Benson Boone,Beautiful Things,919,pop
2024-07-31 18:51,Mitski,My Love Mine All Mine,137773,seen live
2024-07-31 18:55,beabadoobee,A Night To Remember,233388,bedroom pop
2024-07-31 18:59,Billie Eilish,BIRDS OF A FEATHER,210373,pop
2024-07-31 19:00,fun.,Carry On,55641,indie pop
2024-07-31 19:05,Billie Eilish,L’AMOUR DE MA VIE,333986,pop
2024-07-31 19:08,Billie Eilish,THE DINER,186346,pop
2024-07-31 19:13,Billie Eilish,WILDFLOWER,261466,pop
2024-07-31 19:40,Metro Boomin,Creepin' (with The Weeknd & 21 Savage),79513,trap
2024-08-01 19:28,Metro Boomin,Creepin' (with The Weeknd & 21 Savage),11091,trap
2024-08-01 19:32,Conan Gray,Family Line,216094,seen live
2024-08-01 19:36,Arctic Monkeys,505,253586,indie
2024-08-01 19:39,lilster,Barbie (Can You Play Ken?),173735,jersey club
2024-08-01 19:43,Lana Del Rey,Young And Beautiful,236053,female vocalists
2024-08-01 19:45,Olivia Rodrigo,ballad of a homeschooled girl,124305,pop
2024-08-01 19:46,Olivia Rodrigo,obsessed,69772,pop
2024-08-01 19:50,Chappell Roan,"Good Luck, Babe!",218423,pop
2024-08-01 19:53,Billie Eilish,Oxytocin,210232,pop
2024-08-01 20:05,Ashnikko,Daisy,117469,Hip-Hop
2024-08-02 21:09,Fitz and The Tantrums,Out of My League,209386,soul
2024-08-02 21:13,New West,Those Eyes,220750,seen live
2024-08-02 21:18,Anuv Jain,Riha,287312,indian indie
2024-08-02 21:21,Anuv Jain,Husn,217894,indian indie
2024-08-02 21:24,Olivia Rodrigo,favorite crime,152666,pop
2024-08-02 21:27,Olivia Rodrigo,all-american bitch,165833,pop
2024-08-02 21:30,Olivia Rodrigo,deja vu,215506,pop
2024-08-02 21:33,Olivia Rodrigo,bad idea right?,184783,pop
2024-08-02 21:37,Olivia Rodrigo,vampire,219724,pop
2024-08-02 21:47,The Weeknd,"One Of The Girls (with JENNIE, Lily Rose Depp)",12701,rnb
2024-08-03 06:46,Bastille,Lethargy,204986,indie
2024-08-03 06:47,Bastille,Four Walls (The Ballad Of Perry Smith),6353,indie
2024-08-04 06:32,White Noise Radiance,"Rain Sounds for Sleeping, Pt. 01 (Continuous No Gaps)",360000,Sleep
2024-08-04 06:38,White Noise Radiance,"Rain Sounds for Sleeping, Pt. 02 (Continuous No Gaps)",360000,Sleep
2024-08-04 06:44,White Noise Radiance,"Rain Sounds for Sleeping, Pt. 03 (Continuous No Gaps)",360000,Sleep
2024-08-04 06:50,White Noise Radiance,"Rain Sounds for Sleeping, Pt. 04 (Continuous No Gaps)",360000,Sleep
2024-08-04 06:56,White Noise Radiance,"Rain Sounds for Sleeping, Pt. 05 (Continuous No Gaps)",360000,Sleep
2024-08-04 07:02,White Noise Radiance,"Rain Sounds for Sleeping, Pt. 06 (Continuous No Gaps)",360000,Sleep
2024-08-04 07:08,White Noise Radiance,"Rain Sounds for Sleeping, Pt. 07 (Continuous No Gaps)",360000,Sleep
2024-08-04 07:14,White Noise Radiance,"Rain Sounds for Sleeping, Pt. 08 (Continuous No Gaps)",360000,Sleep
2024-08-04 07:20,White Noise Radiance,"Rain Sounds for Sleeping, Pt. 09 (Continuous No Gaps)",360000,Sleep
2024-08-04 07:26,White Noise Radiance,"Rain Sounds for Sleeping, Pt. 10 (Continuous No Gaps)",360000,Sleep
2024-08-04 07:36,White Noise Radiance,"Rain Sounds for Sleeping, Pt. 11 (Continuous No Gaps)",35800,Sleep
2024-08-04 19:59,Bastille,Good Grief,206493,indie
2024-08-04 20:03,Bastille,Flaws,218800,indie
2024-08-04 20:07,Bastille,Icarus,225040,indie
2024-08-04 20:10,Bastille,Oblivion,196346,indie
2024-08-04 20:13,Bastille,Pompeii,214147,indie
2024-08-04 20:17,Bastille,Lethargy,204986,indie
2024-08-04 20:20,White Noise Radiance,"Rain Sounds for Sleeping, Pt. 12 (Continuous No Gaps)",193913,Sleep
2024-08-04 20:21,White Noise Radiance,"Rain Sounds for Sleeping, Pt. 11 (Continuous No Gaps)",1523,Sleep
2024-08-04 20:23,Bastille,Doom Days,138115,indie
2024-08-04 20:28,Chappell Roan,Pink Pony Club,270886,pop
2024-08-04 20:28,Bastille,Doom Days,1968,indie
2024-08-04 20:33,Naughty Boy,No One’s Here To Sleep,272547,rnb
2024-08-04 20:36,George Ezra,Blame It on Me,196400,indie
2024-08-04 20:47,Twenty One Pilots,Chlorine,71273,electronic
2024-08-04 21:32,Chappell Roan,My Kink Is Karma,135361,pop
2024-08-04 21:36,Chappell Roan,Pink Pony Club,150003,pop
2024-08-04 22:34,Chappell Roan,Pink Pony Club,150002,pop
2024-08-04 23:11,Chappell Roan,Pink Pony Club,210037,pop
2024-08-04 23:12,Bastille,Good Grief,1020,indie
2024-08-04 23:14,Bastille,Doom Days,138115,indie
2024-08-04 23:16,Chappell Roan,Pink Pony Club,3652,pop
2024-08-04 23:16,Chappell Roan,Pink Pony Club,120009,pop
2024-08-04 23:20,George Ezra,Shotgun,201287,indie
2024-08-04 23:22,Twenty One Pilots,Chlorine,120006,electronic
2024-08-04 23:26,Twenty One Pilots,Chlorine,180002,electronic
2024-08-04 23:30,Jaymes Young,Feel Something,180004,indie
2024-08-04 23:31,Jaymes Young,Feel Something,21067,indie
2024-08-04 23:34,Vance Joy,We're Going Home,209450,folk pop
2024-08-04 23:37,5 Seconds of Summer,Easier,158098,pop rock
2024-08-04 23:40,Alec Benjamin,Must Have Been The Wind,177805,pop
2024-08-04 23:44,Marshmello,Happier,214289,edm
2024-08-04 23:46,Panic! At The Disco,This Is Gospel,165213,emo
2024-08-04 23:49,Niall Horan,Nice To Meet Ya,158805,pop
2024-08-04 23:53,Twenty One Pilots,Nico and the Niners,225040,electronic
2024-08-04 23:56,Jack Curley,Alice,159680,indie rock
2024-08-05 00:00,Oliver Riot,Alcatraz,268310,american
2024-08-05 00:04,5 Seconds of Summer,Youngblood,203417,pop rock
2024-08-05 00:07,EDEN,sex,218808,banda
2024-08-05 00:10,Alec Benjamin,Jesus in LA,171539,pop
2024-08-05 00:14,lovelytheband,broken,204878,indie pop
2024-08-05 00:27,KAWALA,Mighty River,144240,seen live
2024-08-05 01:40,KAWALA,Mighty River,3424,seen live
2024-08-05 01:41,Aron Wright,I Don't Believe in Satan,13986,acoustic
2024-08-05 01:44,5 Seconds of Summer,Teeth,205502,pop rock
2024-08-05 01:46,Panic! At The Disco,High Hopes,1314,emo
2024-08-05 01:46,Vance Joy,Saturday Sun,1472,folk pop
2024-08-05 01:46,Jon Bellion,Stupid Deep,81980,electronic
2024-08-05 01:50,Of Monsters and Men,Dirty Paws,659,folk pop
2024-08-05 01:50,Avicii,Wake Me Up,247426,edm
2024-08-05 01:50,Martin Luke Brown,Opalite,995,british
2024-08-05 01:55,Of Monsters and Men,Dirty Paws,278373,folk pop
2024-08-05 01:59,Martin Luke Brown,Opalite,211748,british
2024-08-05 02:02,Alessia Cara,Ready,178693,pop
2024-08-05 02:05,Vance Joy,Mess Is Mine,223640,folk pop
2024-08-05 02:09,Matt Maeson,Go Easy,227373,indie
2024-08-05 02:12,WALK THE MOON,Shut Up and Dance,199080,indie rock
2024-08-05 02:16,Halsey,Graveyard,181805,pop
2024-08-05 02:20,Bastille,Things We Lost In The Fire,240746,indie
2024-08-05 02:33,Of Monsters and Men,Little Talks,201774,folk pop
2024-08-05 17:52,Unknown Artist,Unknown Track,1980,japanese classical
2024-08-05 20:47,Mr. Probz,Praying To A God,1343,Hip-Hop
2024-08-05 20:47,Of Monsters and Men,Little Talks,875,folk pop
2024-08-05 20:47,Vance Joy,Fire and the Flood,1312,folk pop
2024-08-05 20:47,Hozier,Almost (Sweet Music),4295,blues
2024-08-05 20:47,The Chainsmokers,Sick Boy,666,electronic
2024-08-05 20:50,Alec Benjamin,Mind Is A Prison,161697,pop
2024-08-05 20:56,5 Seconds of Summer,Valentine,365886,pop rock
2024-08-05 20:59,Bastille,Joy,192681,indie
2024-08-05 21:01,George Ezra,Paradise,948,indie
2024-08-05 21:01,Vance Joy,Like Gold,803,folk pop
2024-08-05 21:01,George Ezra,Hold My Girl,102983,indie
2024-08-05 21:01,The Dunwells,We Made Fire in the Pouring Rain,2861,seen live
2024-08-05 21:01,The Chainsmokers,Who Do You Love,1097,electronic
2024-08-05 21:01,The Wombats,Greek Tragedy,4440,indie
2024-08-05 21:01,Noah Kahan,False Confidence,1462,indie
2024-08-05 21:01,Bastille,Quarter Past Midnight,945,indie
2024-08-05 21:01,The Lumineers,Gloria,4990,folk pop
2024-08-05 21:01,Fitz and The Tantrums,I Just Wanna Shine,2111,soul
2024-08-05 21:02,Avicii,SOS (feat. Aloe Blacc),21878,edm
2024-08-05 21:04,Alec Benjamin,Demons,163171,pop
2024-08-05 21:08,Bastille,Send Them Off!,200987,indie
2024-08-05 21:11,Rudimental,"These Days (feat. Jess Glynne, Macklemore & Dan Caplen)",211760,seen live
2024-08-05 21:15,Bastille,Lethargy,204986,indie
2024-08-05 21:20,Twenty One Pilots,Chlorine,324466,electronic
2024-08-05 21:23,The Lumineers,Ophelia,160097,folk pop
2024-08-05 21:26,Jaymes Young,Feel Something,217400,indie
2024-08-05 21:30,George Ezra,Blame It on Me,196400,indie
2024-08-05 21:33,Bastille,Oblivion,196346,indie
2024-08-05 21:38,Naughty Boy,No One’s Here To Sleep,272547,rnb
2024-08-05 21:42,The Chainsmokers,Something Just Like This,247160,electronic
2024-08-05 21:45,Vance Joy,Riptide,204280,folk pop
2024-08-05 21:57,Marshmello,Silence,77850,edm
2024-08-06 03:16,Vance Joy,Riptide,204280,folk pop
2024-08-06 03:20,5 Seconds of Summer,Valentine,196628,pop rock
2024-08-06 03:21,Marshmello,Silence,74426,edm
2024-08-06 03:21,George Ezra,Shotgun,6577,indie
2024-08-06 03:22,5 Seconds of Summer,2011,6364,pop rock
2024-08-06 03:25,5 Seconds of Summer,Valentine,196628,pop rock
2024-08-06 03:28,Maroon 5,This Love,206200,pop
2024-08-06 03:32,5 Seconds of Summer,Ghost Of You,197411,pop rock
2024-08-06 03:34,5 Seconds of Summer,Easier,158098,pop rock
2024-08-06 03:38,Billie Eilish,lovely (with Khalid),200185,pop
2024-08-06 03:41,Olivia Rodrigo,good 4 u,178146,pop
2024-08-06 03:43,Conan Gray,People Watching,158536,seen live
2024-08-06 03:47,Zac Efron,Rewrite The Stars,217440,musicals
2024-08-06 03:50,James Arthur,Say You Won't Let Go,211466,soft pop
2024-08-06 03:53,Em Beihold,Numb Little Bug,169237,indie pop
2024-08-06 03:57,Billie Eilish,ocean eyes,200560,pop
2024-08-06 03:59,Olivia Rodrigo,favorite crime,152666,pop
2024-08-06 04:02,Conan Gray,Maniac,185773,seen live
2024-08-06 04:05,One Direction,Drag Me Down,192120,pop
2024-08-06 04:16,Shawn Mendes,There's Nothing Holdin' Me Back,9472,pop
2024-08-06 17:34,Imagine Dragons,Demons,751,indie
2024-08-06 17:34,Shawn Mendes,There's Nothing Holdin' Me Back,1303,pop
2024-08-06 17:34,Olivia Rodrigo,"jealousy, jealousy",873,pop
2024-08-06 17:34,Conan Gray,Heather,974,seen live
2024-08-06 17:34,Ariana Grande,One Last Time,2804,pop
2024-08-06 17:34,One Direction,Story of My Life,827,pop
2024-08-06 17:38,Twenty One Pilots,Ride,214506,electronic
2024-08-06 17:42,Ariana Grande,Into You,244453,pop
2024-08-06 17:55,Post Malone,Circles,181624,Hip-Hop
2024-08-08 17:04,Post Malone,Circles,20968,Hip-Hop
2024-08-08 17:08,Post Malone,I Fall Apart,223346,Hip-Hop
2024-08-08 17:12,Post Malone,rockstar (feat. 21 Savage),218146,Hip-Hop
2024-08-08 17:15,Post Malone,Circles,215280,Hip-Hop
2024-08-08 17:19,Post Malone,Better Now,231266,Hip-Hop
2024-08-08 17:22,Post Malone,Motley Crew,184213,Hip-Hop
2024-08-08 17:26,Post Malone,Take What You Want (feat. Ozzy Osbourne & Travis Scott),229573,Hip-Hop
2024-08-08 17:29,Post Malone,Sunflower - Spider-Man: Into the Spider-Verse,158040,Hip-Hop
2024-08-08 17:32,Post Malone,Congratulations,220293,Hip-Hop
2024-08-08 17:35,Post Malone,Hollywood's Bleeding,156266,Hip-Hop
2024-08-08 17:37,Post Malone,Wow.,149546,Hip-Hop
2024-08-08 17:40,Post Malone,Sunflower - Spider-Man: Into the Spider-Verse,157560,Hip-Hop
2024-08-08 17:43,Post Malone,Goodbyes (feat. Young Thug),174853,Hip-Hop
2024-08-08 17:46,Post Malone,Go Flex,179613,Hip-Hop
2024-08-08 17:50,Billie Eilish,BIRDS OF A FEATHER,210373,pop
2024-08-08 17:53,Sabrina Carpenter,Please Please Please,186365,pop
2024-08-08 17:55,Benson Boone,Slow It Down,161831,pop
2024-08-08 17:58,Noah Kahan,Stick Season,182346,indie
2024-08-08 18:00,Taylor Swift,Fortnight (feat. Post Malone),753,country
2024-08-08 18:00,Matt Maeson,Hallucinogenics,1569,indie
2024-08-08 18:00,Benson Boone,Beautiful Things,966,pop
2024-08-08 18:00,The Chainsmokers,Something Just Like This,85475,electronic
2024-08-08 18:00,Sabrina Carpenter,Espresso,601,pop
2024-08-08 18:00,Ariana Grande,we can't be friends (wait for your love),860,pop
2024-08-08 18:00,Noah Cyrus,July,667,pop
2024-08-08 18:00,Metro Boomin,Creepin' (with The Weeknd & 21 Savage),588,trap
2024-08-08 18:00,Billie Eilish,LUNCH,22871,pop
2024-08-08 18:00,Billie Eilish,lovely (with Khalid),657,pop
2024-08-08 18:00,Benson Boone,Cry,495,pop
2024-08-08 18:03,Noah Cyrus,July,156106,pop
2024-08-08 18:06,Benson Boone,Cry,186359,pop
2024-08-08 18:09,Shaboozey,A Bar Song (Tipsy),171291,country
2024-08-08 18:13,Bastille,Pompeii,214147,indie
2024-08-08 18:16,Post Malone,Psycho (feat. Ty Dolla $ign),221440,Hip-Hop
2024-08-08 18:19,Trevor Daniel,Falling,159381,pop
2024-08-08 18:22,Billie Eilish,Ocean Eyes - Blackbear Remix,195306,pop
2024-08-08 18:24,Benson Boone,In The Stars,82964,pop
2024-08-08 18:35,blackbear,hot girl bummer,78120,electronic
2024-08-08 21:36,The Weeknd,Starboy,10780,rnb
2024-08-08 21:36,blackbear,hot girl bummer,4901,electronic
2024-08-08 21:36,Vance Joy,Riptide,1253,folk pop
2024-08-08 21:36,Post Malone,Guy For That (Feat. Luke Combs),856,Hip-Hop
2024-08-08 21:40,Noah Kahan,Dial Drunk (with Post Malone),213817,indie
2024-08-08 21:42,Russ,"Psycho, Pt. 2",161985,Hip-Hop
2024-08-08 21:45,Post Malone,Mourning,147819,Hip-Hop
2024-08-08 21:48,Tate McRae,you broke me first,170226,pop
2024-08-08 21:51,5 Seconds of Summer,Youngblood,203417,pop rock
2024-08-08 21:55,The Weeknd,Pray For Me,211420,rnb
2024-08-08 21:59,Noah Kahan,You’re Gonna Go Far,286369,indie
2024-08-08 22:02,Post Malone,I Know,141413,Hip-Hop
2024-08-08 22:05,David Kushner,Daylight,212953,indie
2024-08-08 22:07,Marshmello,Silence,95890,edm
2024-08-08 22:11,Niall Horan,Slow Hands,188174,pop
2024-08-08 22:15,The Weeknd,The Hills,242253,rnb
2024-08-08 22:19,Post Malone,Candy Paint,227533,Hip-Hop
2024-08-08 22:21,24kGoldn,Mood (feat. iann dior),140533,Hip-Hop
2024-08-08 22:24,Good Neighbours,Home,157485,indie
2024-08-08 22:28,Hozier,Too Sweet,251424,blues
2024-08-08 22:32,Khalid,Location,219080,rnb
2024-08-08 22:34,Post Malone,Saint-Tropez,150866,Hip-Hop
2024-08-08 22:38,The Weeknd,Blinding Lights,200040,rnb
2024-08-08 22:40,Gracie Abrams,"I Love You, I'm Sorry",157146,seen live
2024-08-08 22:43,Taylor Swift,Cruel Summer,178426,country
2024-08-08 22:46,Halsey,Bad At Love,181279,pop
2024-08-08 22:50,Post Malone,Stay,204426,Hip-Hop
2024-08-08 23:20,Zach Bryan,Heading South,135068,country
2024-08-09 01:30,Unknown Artist,Unknown Track,1854,japanese classical
2024-08-09 01:31,Unknown Artist,Unknown Track,29727,japanese classical
2024-08-09 01:31,Billie Eilish,BIRDS OF A FEATHER,9788,pop
2024-08-09 01:32,Hozier,Too Sweet,26890,blues
2024-08-09 01:32,Chappell Roan,"Good Luck, Babe!",55470,pop
2024-08-09 01:36,New West,Those Eyes,214810,seen live
2024-08-09 01:39,Lana Del Rey,Say Yes To Heaven,190447,female vocalists
2024-08-09 01:39,Unknown Artist,Unknown Track,2194,japanese classical
2024-08-09 01:39,Unknown Artist,Unknown Track,6373,japanese classical
2024-08-09 01:42,Suki Waterhouse,Good Looking,181599,indie pop
2024-08-09 01:46,Conan Gray,Memories,246068,seen live
2024-08-09 01:50,Shae Gill,Pasoori,218126,desi
2024-08-09 21:55,Carolina Gaitán,We Don't Talk About Bruno,22351,pop
2024-08-10 09:58,Ariana Grande,the boy is mine,1321,pop
2024-08-10 10:03,Kesha,JOYRIDE,132890,pop
2024-08-10 10:09,Dirty Heads,Oxygen,225394,reggae rock
2024-08-10 10:10,Chappell Roan,Femininomenon,82640,pop
2024-08-10 10:11,George Ezra,Blame It on Me,1109,indie
2024-08-10 10:11,Chappell Roan,Casual,1353,pop
2024-08-10 10:11,Chappell Roan,Red Wine Supernova,1186,pop
2024-08-10 10:11,Bastille,Good Grief,2261,indie
2024-08-10 10:11,Chappell Roan,Naked In Manhattan,848,pop
2024-08-10 10:11,Olivia Rodrigo,teenage dream,1100,pop
2024-08-10 10:11,Billie Eilish,CHIHIRO,1116,pop
2024-08-10 10:11,Tate McRae,exes,857,pop
2024-08-10 10:11,Mitski,My Love Mine All Mine,1409,seen live
2024-08-10 10:11,Sabrina Carpenter,Feather,1775,pop
2024-08-10 10:11,MARINA,Oh No!,2740,pop
2024-08-10 10:16,Bastille,Flaws,218800,indie
2024-08-10 10:27,Thirty Seconds To Mars,This Is War,268112,modern rock
2024-08-10 10:47,Maroon 5,Daylight,172528,pop
2024-08-12 16:10,Benson Boone,Cry,186359,pop
2024-08-12 16:13,Dean Lewis,Be Alright,196373,indie
2024-08-12 16:16,Billie Eilish,lovely (with Khalid),200185,pop
2024-08-12 16:20,Seafret,Atlantis,229173,indie
2024-08-12 16:24,French Montana,Unforgettable,233901,Hip-Hop
2024-08-12 16:28,PUBLIC,Make You Mine,232906,indie pop
2024-08-12 16:30,Beach Bunny,Cloud 9,147350,indie rock
2024-08-12 16:34,Eminem,Lucky You (feat. Joyner Lucas),244679,rap
2024-08-12 16:38,Lorde,Royals,190185,pop
2024-08-12 16:40,ZAYN,There You Are,128108,pop
2024-08-12 16:43,Bruno Mars,Count on Me,197469,pop
2024-08-12 16:46,Twenty One Pilots,Heathens,195920,electronic
2024-08-12 16:49,Bastille,Doom Days,138115,indie
2024-08-12 16:53,Lana Del Rey,Young And Beautiful,236053,female vocalists
2024-08-12 16:55,Conan Gray,People Watching,101004,seen live
2024-08-12 16:59,Rashid Ali,Kabhi Kabhi Aditi,218836,bollywood
2024-08-12 17:10,Vishal Dadlani,Ik Junoon (Paint It Red),299119,bollywood
2024-08-12 17:16,Sachet Tandon,"Bekhayali (From ""Kabir Singh"")",371790,bhajan
2024-08-12 17:21,Ami Mishra,Hasi - Male Version,272668,bollywood
2024-08-12 17:36,Ankit Tiwari,Tu Hai Ki Nahi,285662,bollywood
2024-08-12 17:58,Ankit Tiwari,Tu Hai Ki Nahi,2620,bollywood
2024-08-12 17:58,Darshan Raval,Asal Mein,1231,gujarati garba
2024-08-12 18:04,Ajay-Atul,Abhi Mujh Mein Kahin,364786,marathi pop
2024-08-12 18:09,Shankar Mahadevan,Uff Teri Adaa,304088,bollywood
2024-08-12 18:12,Jasleen Royal,Sang Rahiyo (feat. Ujjwal Kashyap),213288,hindi pop
2024-08-12 18:17,Pritam,Teri Jhuki Nazar,279186,bollywood
2024-08-12 18:24,A.R. Rahman,Nadaan Parinde,384000,tamil pop
2024-08-12 18:27,Vishal Mishra,Manjha,191647,hindi pop
2024-08-12 19:48,Sachin-Jigar,Judaai,126552,gujarati pop
2024-08-13 15:39,Sachin-Jigar,Judaai,6900,gujarati pop
2024-08-13 15:47,Sachin-Jigar,Judaai,140361,gujarati pop
2024-08-13 15:53,Ankit Tiwari,Sanam Teri Kasam,293692,bollywood
2024-08-13 15:56,Vismay Patel,Pal Behta Jaaye,5250,hindi indie
2024-08-13 15:56,Anuv Jain,Husn,2296,indian indie
2024-08-13 15:56,Ashu Shukla,Har Ek Pal,19426,hindi indie
2024-08-13 15:56,Barney Sku,Your Eyes,5682,bangla pop
2024-08-13 15:56,Vishal-Shekhar,Sadka,792,bollywood
2024-08-13 15:56,Vishal-Shekhar,Ajab Si,183864,bollywood
2024-08-13 15:56,Ritviz,Chalo Chalein,5963,indian indie
2024-08-13 15:56,Anuv Jain,Alag Aasmaan,0,indian indie
2024-08-13 15:57,Suzonn,Rihaee,1629,hindi indie
2024-08-13 15:57,Vismay Patel,Pal Behta Jaaye,14260,hindi indie
2024-08-13 15:57,Anuv Jain,Antariksh,12993,indian indie
2024-08-13 15:57,Anuv Jain,Mazaak,457,indian indie
2024-08-13 15:57,Anuv Jain,Gul,7020,indian indie
2024-08-13 15:57,Dikshant,Muskan,20696,indian indie
2024-08-13 16:01,Anuv Jain,Husn,217894,indian indie
2024-08-13 16:03,Prateek Kuhad,Kahaan Ho Tum,90948,indian indie
2024-08-13 16:06,Vismay Patel,Tera Ho Gaya,16303,hindi indie
2024-08-13 16:06,Anuv Jain,Alag Aasmaan,212750,indian indie
2024-08-13 16:09,Darshan Raval,Mannat,159600,gujarati garba
2024-08-13 16:12,Dream Note,Kahaani,188200,indian indie
2024-08-13 16:14,Vishal Mishra,Manjha,137512,hindi pop
2024-08-13 16:15,Vismay Patel,Behne Do,2173,hindi indie
2024-08-13 16:15,King,Tu Aake Dekhle,2471,hindi hip hop
2024-08-13 16:15,Mansheel Gujral,"Channa Ve - From ""Bhoot - Part One: The Haunted Ship""",1946,hindi pop
2024-08-13 16:44,Anuv Jain,Riha,178120,indian indie
2024-08-14 04:29,Hanumankind,Big Dawgs,190666,malayalam hip hop
2024-08-14 04:29,Akanksha Sethi,Raaz Tera Mera,613,indian indie
2024-08-14 19:53,Akanksha Sethi,Raaz Tera Mera,7039,indian indie
2024-08-14 19:54,Vismay Patel,Dariya,2183,hindi indie
2024-08-14 19:54,Ritviz,Udd Gaye,1114,indian indie
2024-08-14 19:54,Pratsofficial,Aziyat 2.0 - Reprise Version,590,indian indie
2024-08-14 19:54,Mitraz,Junoon,22067,indian indie
2024-08-14 19:54,Atif Aslam,Tere Sang Yaara,515,bollywood
2024-08-14 19:54,Prateek Kuhad,Kasoor,1070,indian indie
2024-08-14 19:54,Ritviz,Baaraat,1115,indian indie
2024-08-14 19:54,Vismay Patel,Badra Bahara,1703,hindi indie
2024-08-14 19:54,Zaeden,KTMBK,1703,indian indie
2024-08-14 19:54,Jasleen Royal,Sang Rahiyo (feat. Ujjwal Kashyap),1555,hindi pop
2024-08-14 19:54,Anuv Jain,Baarishein,14323,indian indie
2024-08-14 19:54,Aditya Bhardwaj,Bye,1570,indian indie
2024-08-14 19:54,Vismay Patel,Lage Nahi Man,1903,hindi indie
2024-08-14 19:54,Zaeden,tere bina,1365,indian indie
2024-08-14 19:58,Anuv Jain,Baarishein,192995,indian indie
2024-08-14 20:01,Tanzeel Khan,Falsafa,180170,hindi indie
2024-08-14 20:04,Rashid Ali,Kabhi Kabhi Aditi,218836,bollywood
2024-08-14 20:08,Vismay Patel,Main Toh Chala,198000,hindi indie
2024-08-14 20:10,Taaruk Raina,Narazi,168064,indian indie
2024-08-14 20:13,Zaeden,socha na tha,144250,indian indie
2024-08-14 20:17,Dream Note,Waqt Ki Baatein,243310,indian indie
2024-08-14 20:23,Harshit Saxena,Hale Dil,346627,bollywood
2024-08-14 20:28,Vishal Dadlani,Ik Junoon (Paint It Red),299119,bollywood
2024-08-14 20:29,Aditya A,Chaand Baaliyan,103264,hindi indie
2024-08-14 20:31,Rito Riba,Heer Ranjha,1249,indian indie
2024-08-14 20:31,Ritviz,Liggi,119941,indian indie
2024-08-14 20:31,Vismay Patel,Baarish Mein,1577,hindi indie
2024-08-14 20:31,Ami Mishra,Hasi - Male Version,1199,bollywood
2024-08-14 20:32,Abhijeet Srivastava,Khayaal,1785,indian indie
2024-08-14 20:35,Vishal Dadlani,Jee Le Zaraa,215202,bollywood
2024-08-14 20:37,Shankar Mahadevan,Uff Teri Adaa,1221,bollywood
2024-08-14 20:37,Aditya Rikhari,Nasamajh,1047,hindi indie
2024-08-14 20:37,Ankit Tiwari,Tu Hai Ki Nahi,2439,bollywood
2024-08-14 20:37,Rabbi Shergill,Tere Bin,1265,sufi
2024-08-14 20:37,Darshan Raval,Asal Mein,87452,gujarati garba
2024-08-14 20:37,VIBIE,Saibo - Lofi Flip,2346,lo-fi
2024-08-14 20:37,Rashid Ali,Kabhi Kabhi Aditi,1440,bollywood
2024-08-14 20:37,Gaurav Chatterji,"Kaise Ab Kahein - From ""Gutar Gu""",3633,indian indie
2024-08-14 20:40,Jasleen Royal,Sang Rahiyo (feat. Ujjwal Kashyap),213288,hindi pop
2024-08-14 20:45,fun.,We Are Young (feat. Janelle Monáe),250626,indie pop
2024-08-14 20:49,fun.,Some Nights,240893,indie pop
2024-08-14 20:52,Panic! At The Disco,C'mon - Single Version,214430,emo
2024-08-14 20:56,fun.,All The Pretty Girls,202893,indie pop
2024-08-14 20:57,fun.,Carry On,5638,indie pop
2024-08-14 20:57,fun.,Sight of the Sun - Single Version,1583,indie pop
2024-08-14 20:57,fun.,Some Nights,69612,indie pop
2024-08-14 20:57,fun.,The Gambler,420,indie pop
2024-08-14 20:57,fun.,Please Leave A Light On When You Go,2330,indie pop
2024-08-14 20:57,Witt Lowry,Into Your Arms (feat. Ava Max),4463,Hip-Hop
2024-08-14 21:01,Bastille,Flaws,218800,indie
2024-08-14 21:03,Benson Boone,Slow It Down,161831,pop
2024-08-14 21:07,Dirty Heads,Oxygen,225394,reggae rock
2024-08-14 21:10,Hanumankind,Big Dawgs,190666,malayalam hip hop
2024-08-14 21:11,Kesha,JOYRIDE,11971,pop
2024-08-14 21:27,Chappell Roan,Femininomenon,100673,pop
2024-08-14 23:59,Ariana Grande,the boy is mine,70238,pop
2024-08-15 00:10,Chappell Roan,Casual,1056,pop
2024-08-15 00:10,Wallows,Are You Bored Yet? (feat. Clairo),2433,indie
2024-08-15 00:10,Chappell Roan,Red Wine Supernova,1685,pop
2024-08-15 00:10,Olivia Rodrigo,teenage dream,1026,pop
2024-08-15 00:10,Ariana Grande,the boy is mine,0,pop
2024-08-15 00:15,The Last Dinner Party,Nothing Matters,182623,seen live
2024-08-15 00:24,Chappell Roan,Pink Pony Club,258034,pop
2024-08-15 00:27,Benson Boone,Cry,186359,pop
2024-08-15 00:33,Billie Eilish,CHIHIRO,303440,pop
2024-08-15 00:42,Charli xcx,Club classics,153526,hyperpop
2024-08-15 00:45,Chappell Roan,My Kink Is Karma,189007,pop
2024-08-15 00:48,Benson Boone,Beautiful Things,126780,pop
2024-08-15 00:54,White Noise Radiance,"Rain Sounds for Sleeping, Pt. 01 (Continuous No Gaps)",360000,Sleep
2024-08-15 01:00,White Noise Radiance,"Rain Sounds for Sleeping, Pt. 02 (Continuous No Gaps)",360000,Sleep
2024-08-15 01:06,White Noise Radiance,"Rain Sounds for Sleeping, Pt. 03 (Continuous No Gaps)",360000,Sleep
2024-08-15 01:12,White Noise Radiance,"Rain Sounds for Sleeping, Pt. 04 (Continuous No Gaps)",360000,Sleep
2024-08-15 01:18,White Noise Radiance,"Rain Sounds for Sleeping, Pt. 05 (Continuous No Gaps)",360000,Sleep
2024-08-15 01:24,White Noise Radiance,"Rain Sounds for Sleeping, Pt. 06 (Continuous No Gaps)",360000,Sleep
2024-08-15 01:30,White Noise Radiance,"Rain Sounds for Sleeping, Pt. 07 (Continuous No Gaps)",360000,Sleep
2024-08-15 01:47,White Noise Radiance,"Rain Sounds for Sleeping, Pt. 08 (Continuous No Gaps)",51288,Sleep
2024-08-16 02:13,Black Violin,Vivaldi - Spring,6615,Hip-Hop
2024-08-16 02:13,White Noise Radiance,"Rain Sounds for Sleeping, Pt. 08 (Continuous No Gaps)",845,Sleep
2024-08-16 02:14,Baroque Festival Orchestra,Summer (L'Estate) Op.8 No.2 G Minor: Presto (Tempo Impettuoso d'Estate),8160,classical
2024-08-16 02:27,DJ Eezy,Runaway - Instrumental Version,11521,
2024-08-20 18:24,White Noise Radiance,"Rain Sounds for Sleeping, Pt. 09 (Continuous No Gaps)",920,Sleep
2024-08-20 18:24,White Noise Radiance,"Rain Sounds for Sleeping, Pt. 11 (Continuous No Gaps)",1343,Sleep
2024-08-20 18:24,White Noise Radiance,"Rain Sounds for Sleeping, Pt. 10 (Continuous No Gaps)",487,Sleep
2024-08-20 18:26,Bastille,Doom Days,138115,indie
2024-08-20 18:28,Måneskin,Beggin',12120,rock
2024-08-20 18:28,Doja Cat,Boss Bitch,114111,pop
2024-08-20 18:29,Måneskin,Beggin',1418,rock
2024-08-20 18:29,Halsey,Nightmare,8653,pop
2024-08-20 18:29,Bastille,Doom Days,1165,indie
2024-08-20 18:29,Doja Cat,Boss Bitch,2070,pop
2024-08-20 18:31,Doja Cat,Boss Bitch,134239,pop
2024-08-20 18:34,Måneskin,Beggin',211560,rock
2024-08-20 18:38,Halsey,Nightmare,231998,pop
2024-08-20 18:43,BTS,Spring Day,274097,k-pop
2024-08-20 18:46,Charlotte Lawrence,Why Do You Love Me,171908,pop
2024-08-20 18:49,Suzan & Freek,Spiegelbeeld,168066,singer-songwriter
2024-08-20 18:52,Alec Benjamin,Boy In The Bubble,181705,pop
2024-08-20 18:55,Alan Walker,Sing Me to Sleep,187800,electronic
2024-08-20 18:57,Claire Rosinkranz,Backyard Boy,129240,pop
2024-08-20 19:00,Lorde,Royals,190185,pop
2024-08-20 19:03,Lil Nas X,THATS WHAT I WANT,143901,Hip-Hop
2024-08-20 19:05,BoyWithUke,Sick of U (with Oliver Tree),168676,indie pop
2024-08-20 19:08,Daisy the Great,Record Player (with AJR),149538,indie pop
2024-08-20 19:11,Maroon 5,This Love,206200,pop
2024-08-20 19:38,Ellie Goulding,Burn,193397,female vocalists
2024-08-20 19:41,Ellie Goulding,Burn,6567,female vocalists
2024-08-20 19:41,Post Malone,Sunflower - Spider-Man: Into the Spider-Verse,942,Hip-Hop
2024-08-20 19:44,Halsey,Graveyard,181805,pop
2024-08-20 19:52,Alec Benjamin,Outrunning Karma,15830,pop
2024-08-20 19:53,Alec Benjamin,Outrunning Karma,1957,pop
2024-08-20 19:53,Maluma,Hawái,0,reggaeton
2024-08-20 19:53,Maroon 5,Cold (feat. Future),1327,pop
2024-08-20 19:53,XXXTENTACION,SAD!,707,emo rap
2024-08-20 19:53,Madison Beer,Dear Society,3064,pop
2024-08-20 19:53,Oliver Tree,Miss You - Bonus Track,2310,electronic
2024-08-20 19:58,AURORA,Runaway,248826,norwegian pop
2024-08-20 20:02,Travis Scott,goosebumps,243836,rap
2024-08-20 20:05,BLACKPINK,How You Like That,182956,k-pop
2024-08-20 20:06,Ed Sheeran,Thinking out Loud,73963,soft pop
2024-08-20 20:06,SZA,Kill Bill,130,rnb
2024-08-20 20:08,Kali Uchis,Melting,132823,rnb
2024-08-20 20:11,YUNGBLUD,Psychotic Kids,167066,indie rock
2024-08-20 20:14,Halsey,Control,214761,pop
2024-08-20 20:19,Imagine Dragons,Battle Cry,273640,indie
2024-08-20 20:23,Major Lazer,Lean On,234748,moombahton
2024-08-20 20:26,Lola Blanc,Angry Too,204088,pop
2024-08-20 20:41,Farruko,Pepas,197903,reggaeton
2024-08-22 02:12,Alec Benjamin,If I Killed Someone For You,1106,pop
2024-08-22 02:19,Carolina Gaitán,We Don't Talk About Bruno,423249,pop
2024-08-22 02:23,Jessica Darrow,Surface Pressure,202226,USA
2024-08-22 02:25,Halsey,Ghost,153656,pop
2024-08-22 02:29,beabadoobee,A Night To Remember,233388,bedroom pop
2024-08-22 02:32,Ed Sheeran,South of the Border (feat. Camila Cabello & Cardi B),204466,soft pop
2024-08-22 02:35,Caroline Polachek,Sunset,162909,art pop
2024-08-22 02:39,Twenty One Pilots,Ride,214506,electronic
2024-08-22 02:42,P!nk,"Just Like Fire (From the Original Motion Picture ""Alice Through The Looking Glass"") - Wideboys Remix",222666,opera
2024-08-22 02:46,Chappell Roan,Casual,232796,pop
2024-08-22 02:49,Drake,One Dance,173986,rap
2024-08-22 02:52,Anne-Marie,Her,177568,pop
2024-08-22 03:42,Alan Walker,"Alone, Pt. II",120093,electronic
2024-08-22 16:14,Alan Walker,"Alone, Pt. II",59957,electronic
2024-08-22 16:17,Carolina Gaitán,We Don't Talk About Bruno,216120,pop
2024-08-22 16:23,Jessica Darrow,Surface Pressure,202226,USA
2024-08-22 16:27,Zedd,Clarity,244349,edm
2024-08-22 16:31,The Weeknd,Starboy,230453,rnb
2024-08-22 16:34,SHAED,Trampoline (with ZAYN),184280,midwest emo
2024-08-22 16:38,Maroon 5,Sugar,235493,pop
2024-08-22 16:42,Imagine Dragons,Monster,249493,indie
2024-08-22 16:56,Sara Bareilles,No Such Thing,190984,female vocalists
2024-08-22 17:00,Ed Sheeran,Bad Habits,230746,soft pop
2024-08-22 17:06,Arctic Monkeys,505,253586,indie
2024-08-22 17:09,Olivia Rodrigo,ballad of a homeschooled girl,203369,pop
2024-08-22 17:12,The Weeknd,Blinding Lights,200040,rnb
2024-08-22 17:16,Marshmello,Happier,214289,edm
2024-08-22 17:28,Billie Eilish,watch,93567,pop
2024-08-22 17:31,Billie Eilish,watch,83963,pop
2024-08-22 17:35,Avicii,"Tough Love (feat. Agnes, Vargas & Lagola)",191248,edm
2024-08-22 17:38,Benson Boone,Beautiful Things,180304,pop
2024-08-22 17:51,Troye Sivan,TALK ME DOWN,21242,pop
2024-08-22 22:10,Billie Eilish,watch,503,pop
2024-08-22 22:10,Troye Sivan,TALK ME DOWN,588,pop
2024-08-22 22:10,The Weeknd,Blinding Lights,437,rnb
2024-08-22 22:10,Olivia Rodrigo,ballad of a homeschooled girl,458,pop
2024-08-22 22:10,Avicii,"Tough Love (feat. Agnes, Vargas & Lagola)",490,edm
2024-08-22 22:10,Marshmello,Happier,250,edm
2024-08-22 22:10,Benson Boone,Beautiful Things,726,pop
2024-08-22 22:11,Arctic Monkeys,505,6244,indie
2024-08-22 22:14,Carolina Gaitán,We Don't Talk About Bruno,216120,pop
2024-08-22 22:18,Jessica Darrow,Surface Pressure,202226,USA
2024-08-22 22:25,OneRepublic,Counting Stars,631,soft pop
2024-08-22 22:25,Shawn Mendes,If I Can't Have You,901,pop
2024-08-22 22:25,Troye Sivan,WILD,1165,pop
2024-08-22 22:25,Katy Perry,The One That Got Away,1350,pop
2024-08-22 22:25,Ed Sheeran,Supermarket Flowers,721,soft pop
2024-08-22 22:25,Alan Walker,"Alone, Pt. II",726,electronic
2024-08-22 22:25,Jessica Darrow,Surface Pressure,1720,USA
2024-08-22 22:25,Olivia Rodrigo,bad idea right?,1008,pop
2024-08-22 22:25,Major Lazer,Lean On,861,moombahton
2024-08-22 22:25,DJ Snake,"Taki Taki (with Selena Gomez, Ozuna & Cardi B)",9884,electronic
2024-08-22 22:25,Halsey,Gasoline,502,pop
2024-08-22 22:25,Eminem,Venom - Music From The Motion Picture,660,rap
2024-08-22 22:25,Kesha,JOYRIDE,882,pop
2024-08-22 22:25,Panic! At The Disco,House of Memories,3547,emo
2024-08-22 22:25,Panic! At The Disco,House of Memories,1107,emo
2024-08-22 22:25,One Direction,Story of My Life,1397,pop
2024-08-22 22:29,Katy Perry,The One That Got Away,227333,pop
2024-08-22 22:32,Shawn Mendes,If I Can't Have You,171248,pop
2024-08-22 22:34,Halsey,Ghost,153656,pop
2024-08-22 22:37,AUSTN,In Betweenin',192045,electronic
2024-08-22 22:40,Sabrina Carpenter,"Let Me Move You - From the Netflix film ""Work It""",147070,pop
2024-08-22 22:41,Hailee Steinfeld,Starving,41194,pop
2024-08-22 22:44,Taylor Swift,You Belong With Me,231133,country
2024-08-22 22:48,SZA,Power is Power (feat. The Weeknd & Travis Scott),211266,rnb
2024-08-22 22:52,Ellie Goulding,"Love Me Like You Do - From ""Fifty Shades Of Grey""",252534,female vocalists
2024-08-22 22:55,Jeremy Zucker,comethru,181613,seen live
2024-08-22 22:59,Katy Perry,Roar,223546,pop
2024-08-22 23:02,ZAYN,There You Are,199600,pop
2024-08-22 23:06,Juice WRLD,Lucid Dreams,239835,melodic rap
2024-08-22 23:09,Billie Eilish,you should see me in a crown,180952,pop
2024-08-22 23:12,Benson Boone,Cry,186359,pop
2024-08-22 23:16,James Arthur,Say You Won't Let Go,211466,soft pop
2024-08-23 00:13,The Last Dinner Party,Nothing Matters,95595,seen live
2024-08-23 17:45,Alec Benjamin,Outrunning Karma,565,pop
2024-08-23 17:45,Maggie Lindemann,Couple of Kids,1071,pop
2024-08-23 17:45,Astrid S,It's Ok If You Forget Me,1722,norwegian pop
2024-08-23 17:45,Bastille,Flaws,558,indie
2024-08-23 17:45,Post Malone,Take What You Want (feat. Ozzy Osbourne & Travis Scott),1161,Hip-Hop
2024-08-23 17:45,Justin Bieber,Sorry,596,pop
2024-08-23 17:45,The Weeknd,Can't Feel My Face,522,rnb
2024-08-23 17:45,Suzan & Freek,Spiegelbeeld,1362,singer-songwriter
2024-08-23 17:48,Stephen Sanchez,Until I Found You (with Em Beihold) - Em Beihold Version,176440,folk
2024-08-23 18:10,ZAYN,There You Are,71892,pop
2024-08-28 02:42,Mitski,I Bet on Losing Dogs,170240,seen live
2024-08-28 02:46,Olivia Rodrigo,the grudge,189386,pop
2024-08-28 02:50,Paris Paloma,labour,237744,seen live
2024-08-28 02:51,Zheani,Whore of Babylon,49116,witch house
2024-08-28 02:51,The Buttress,Brutus,61797,Horrorcore
2024-08-28 02:54,Noah Cyrus,July,156106,pop
2024-08-28 02:54,Tom Odell,Another Love,13645,indie
2024-08-28 02:55,ZAND,I Spit On Your Grave,50502,dangdut
2024-08-28 02:56,Brye,LEMONS - Demo,63887,female vocalists
2024-08-28 03:00,Paris Paloma,the fruits,202044,seen live
2024-08-28 03:04,Tom Odell,Another Love,244360,indie
2024-08-28 03:07,Dean Lewis,Be Alright,196493,indie
2024-08-28 03:10,Labrinth,Jealous,205882,electronic
2024-08-28 03:12,Patrick Watson,Je te laisserai des mots,95506,indie
2024-08-28 03:16,Billie Eilish,my future,210005,pop
2024-08-28 03:20,Coldplay,Yellow,266773,rock
2024-08-28 03:25,Coldplay,The Scientist,309600,rock
2024-08-28 03:29,Ricky Montgomery,Mr. Loverman,216880,indie
2024-08-28 03:33,Beach House,Space Song,227170,dream pop
2024-08-28 03:36,Conan Gray,Family Line,216094,seen live
2024-08-28 03:40,OneRepublic,Secrets,224693,soft pop
2024-08-28 03:45,Twenty One Pilots,Ride,305299,electronic
2024-08-28 03:48,Twenty One Pilots,Heathens,195920,electronic
2024-08-28 03:54,Twenty One Pilots,Jumpsuit,19100,electronic
2024-08-28 03:57,Twenty One Pilots,Stressed Out,202333,electronic
2024-08-28 04:03,Martin Garrix,Ocean (feat. Khalid),19658,edm
2024-08-28 04:03,Twenty One Pilots,Chlorine,324466,electronic
2024-08-28 04:03,Lauv,I Like Me Better,4110,pop
2024-08-28 04:06,Benson Boone,Slow It Down,2356,pop
2024-08-28 04:07,Cigarettes After Sex,You're All I Want,27448,dream pop
2024-08-28 04:10,Ricky Montgomery,Mr. Loverman,216880,indie
2024-08-28 04:11,George Michael,Careless Whisper,56639,pop
2024-08-28 04:13,Stephen Sanchez,Until I Found You,85627,folk
2024-08-28 04:17,Arctic Monkeys,Do I Wanna Know?,272394,indie
2024-08-28 04:20,Beach Bunny,Sports,164165,indie rock
2024-08-28 04:23,Arctic Monkeys,I Wanna Be Yours,183956,indie
2024-08-28 04:27,Cigarettes After Sex,You're All I Want,264453,dream pop
2024-08-28 04:48,Arctic Monkeys,505,237306,indie
2024-08-28 17:53,Arctic Monkeys,505,14740,indie
2024-08-29 00:03,The Weeknd,Faith,283226,rnb
2024-08-29 00:16,Ricky Montgomery,Mr. Loverman,164353,indie
2024-08-29 16:28,Alec Benjamin,Water Fountain,0,pop
2024-08-29 16:28,Beach Bunny,Cloud 9,805,indie rock
2024-08-29 16:28,Olivia Rodrigo,favorite crime,737,pop
2024-08-29 16:28,Billie Eilish,watch,883,pop
2024-08-29 16:28,Gracie Abrams,"I Love You, I'm Sorry",891,seen live
2024-08-29 16:28,Fitz and The Tantrums,Out of My League,868,soul
2024-08-29 16:28,Billie Eilish,BIRDS OF A FEATHER,1034,pop
2024-08-29 16:28,Lana Del Rey,Young And Beautiful,959,female vocalists
2024-08-29 16:28,Mitski,My Love Mine All Mine,881,seen live
2024-08-29 16:28,Ricky Montgomery,Mr. Loverman,684,indie
2024-08-29 16:28,Sabrina Carpenter,Please Please Please,880,pop
2024-08-29 16:30,Mitski,My Love Mine All Mine,137773,seen live
2024-08-29 16:34,Lana Del Rey,Young And Beautiful,236053,female vocalists
2024-08-29 16:37,Olivia Rodrigo,"jealousy, jealousy",173160,pop
2024-08-29 16:40,Stephen Sanchez,Until I Found You (with Em Beihold) - Em Beihold Version,176440,folk
2024-08-29 16:44,Billie Eilish,WILDFLOWER,261466,pop
2024-08-29 16:44,Alec Benjamin,If I Killed Someone For You,94,pop
2024-08-29 16:48,beabadoobee,A Night To Remember,233388,bedroom pop
2024-08-29 16:49,Lonely God,Marlboro Nights,37337,USA
2024-08-29 16:52,Olivia Rodrigo,vampire,219724,pop
2024-08-29 16:54,24kGoldn,CITY OF ANGELS,112493,Hip-Hop
2024-08-29 16:57,Jordan Clarke,Freaks,174800,british
2024-08-29 17:00,Ashnikko,Daisy,146523,Hip-Hop
2024-08-29 17:03,Janani K. Jha,Achilles Heel,207428,indie
2024-08-29 17:06,Confetti,Ghost,169413,indie pop
2024-08-29 17:09,Panic! At The Disco,Roaring 20s,186600,emo
2024-08-30 03:31,24kGoldn,VALENTINO,160656,Hip-Hop
2024-08-30 03:31,24kGoldn,Mood (feat. iann dior),1080,Hip-Hop
2024-08-30 03:43,JVKE,this is what space feels like,80660,indie pop
2024-08-31 05:58,JVKE,this is what space feels like,3384,indie pop
2024-08-31 05:58,Claire Rosinkranz,Backyard Boy,1101,pop
2024-08-31 06:02,Billie Eilish,ocean eyes,200560,pop
2024-08-31 06:04,Beach Bunny,Prom Queen,136562,indie rock
2024-08-31 06:05,Djo,End of Beginning,39436,psychedelic pop
2024-08-31 06:05,Lana Del Rey,Say Yes To Heaven,4652,female vocalists
2024-08-31 06:07,Olivia Rodrigo,brutal,143746,pop
2024-08-31 06:08,Beach Weather,"Sex, Drugs, Etc.",16809,indie
2024-08-31 06:13,Ankit Tiwari,Tu Hai Ki Nahi,333922,bollywood
2024-08-31 06:18,Vishal-Shekhar,Duaa,260138,bollywood
2024-08-31 06:21,Farhan Akhtar,Senorita,229575,bollywood
2024-08-31 06:47,Pritam,Tum Mile,192833,bollywood
2024-09-04 16:43,Arijit Singh,Aayat,1184,hindi pop
2024-09-04 16:43,Pritam,Tum Mile,3333,bollywood
2024-09-04 16:43,Anu Malik,Moh Moh Ke Dhaage (Female),1110,bollywood
2024-09-04 17:00,Vishal-Shekhar,Tumse Hi Tumse,28611,bollywood
2024-09-04 19:55,Conan Gray,Family Line,52499,seen live
2024-09-04 19:59,Conan Gray,Family Line,216094,seen live
2024-09-04 20:03,Conan Gray,Astronomy,243907,seen live
2024-09-04 20:07,Conan Gray,The Exit,221054,seen live
2024-09-04 20:11,Conan Gray,Memories,248818,seen live
2024-09-04 20:20,Conan Gray,Maniac,185773,seen live
2024-09-04 20:24,Conan Gray,Heather,198040,seen live
2024-09-04 20:38,Conan Gray,Memories,152140,seen live
2024-09-05 14:54,Conan Gray,Memories,228965,seen live
2024-09-05 14:57,Conan Gray,People Watching,158536,seen live
2024-09-05 15:00,Conan Gray,Crush Culture,204120,seen live
2024-09-05 15:03,Conan Gray,People Watching,158536,seen live
2024-09-05 15:06,Conan Gray,Family Line,216094,seen live
2024-09-05 15:09,Conan Gray,Wish You Were Sober,168880,seen live
2024-09-05 15:22,Ricky Montgomery,Mr. Loverman,127075,indie
2024-09-06 20:26,Ricky Montgomery,Mr. Loverman,220296,indie
2024-09-06 20:29,Beach Bunny,Cloud 9,147350,indie rock
2024-09-06 20:33,Arctic Monkeys,505,253586,indie
2024-09-06 20:36,Billie Eilish,watch,177523,pop
2024-09-06 21:24,Olivia Rodrigo,brutal,119184,pop
2024-09-07 20:57,Olivia Rodrigo,brutal,25701,pop
2024-09-07 21:00,Lana Del Rey,Young And Beautiful,236053,female vocalists
2024-09-07 21:04,Seafret,Atlantis,229173,indie
2024-09-07 21:07,Beach Bunny,Prom Queen,136562,indie rock
2024-09-07 21:10,Tate McRae,you broke me first,170226,pop
2024-09-07 21:14,The Neighbourhood,Sweater Weather,240400,indie
2024-09-07 21:17,Olivia Rodrigo,"jealousy, jealousy",173160,pop
2024-09-07 21:20,Billie Eilish,when the party's over,196077,pop
2024-09-07 21:23,Arctic Monkeys,Why'd You Only Call Me When You're High?,161123,indie
2024-09-07 21:25,The Walters,I Love You So,160239,indie rock
2024-09-07 21:29,Tom Odell,Another Love,244360,indie
2024-09-07 21:32,Isabel LaRosa,i'm yours,145667,pop
2024-09-07 21:35,Beach Bunny,Sports,164165,indie rock
2024-09-07 21:39,Ricky Montgomery,Line Without a Hook,249586,indie
2024-09-07 21:42,Billie Eilish,lovely (with Khalid),200185,pop
2024-09-07 21:45,Arctic Monkeys,I Wanna Be Yours,183956,indie
2024-09-07 21:48,SYML,Where's My Love,202000,indie
2024-09-07 21:52,Fitz and The Tantrums,Out of My League,209386,soul
2024-09-07 21:55,Olivia Rodrigo,good 4 u,178146,pop
2024-09-07 21:58,Beach Weather,"Sex, Drugs, Etc.",196784,indie
2024-09-07 22:11,Billie Eilish,Bored,154513,pop
2024-09-07 22:30,Billie Eilish,Bored,1568,pop
2024-09-08 17:02,Billie Eilish,Bored,2781,pop
2024-09-08 17:06,PUBLIC,Make You Mine,232906,indie pop
2024-09-08 17:20,Coldplay,Yellow,273809,rock
2024-09-08 17:23,Stephen Sanchez,Until I Found You,176666,folk
2024-09-08 17:26,Olivia Rodrigo,vampire,219724,pop
2024-09-08 17:29,Noah Cyrus,July,156106,pop
2024-09-08 17:32,Billie Eilish,ocean eyes,200560,pop
2024-09-08 17:35,Patrick Watson,Je te laisserai des mots,160853,indie
2024-09-08 17:37,The Weeknd,Stargirl Interlude,111626,rnb
2024-09-08 17:50,Claire Rosinkranz,Backyard Boy,70400,pop
2024-09-08 18:31,Claire Rosinkranz,Backyard Boy,12962,pop
2024-09-08 18:35,Chappell Roan,Pink Pony Club,258034,pop
2024-09-08 18:45,Taylor Swift,Don’t Blame Me,236413,country
2024-09-08 18:48,Olivia Rodrigo,favorite crime,152666,pop
2024-09-08 18:59,Billie Eilish,"What Was I Made For? [From The Motion Picture ""Barbie""]",22942,pop
2024-09-08 19:06,Olivia Rodrigo,favorite crime,548,pop
2024-09-08 19:06,Taylor Swift,Don’t Blame Me,620,country
2024-09-08 19:06,Claire Rosinkranz,Backyard Boy,5018,pop
2024-09-08 19:10,Chappell Roan,Pink Pony Club,258034,pop
2024-09-08 19:14,Taylor Swift,Don’t Blame Me,236413,country
2024-09-08 19:17,Olivia Rodrigo,favorite crime,152666,pop
2024-09-08 19:21,Billie Eilish,"What Was I Made For? [From The Motion Picture ""Barbie""]",222369,pop
2024-09-08 19:33,Mitski,My Love Mine All Mine,116426,seen live
2024-09-09 01:51,Beach Bunny,Cloud 9,466,indie rock
2024-09-09 01:51,Gael Garcia Bernal,Remember Me (Lullaby),69813,actor
2024-09-09 01:55,Jessica Darrow,Surface Pressure,202226,USA
2024-09-09 01:58,Carolina Gaitán,We Don't Talk About Bruno,208393,pop
2024-09-09 17:28,Mitski,My Love Mine All Mine,25215,seen live
2024-09-09 17:31,Lana Del Rey,Say Yes To Heaven,209156,female vocalists
2024-09-09 17:35,The Neighbourhood,Softcore,206280,indie
2024-09-09 17:37,SZA,Kill Bill,153946,rnb
2024-09-09 17:41,David Kushner,Daylight,212953,indie
2024-09-09 18:25,Billie Eilish,everything i wanted,112569,pop
2024-09-10 03:33,Chris Isaak,Wicked Game,64100,rock
2024-09-10 12:46,Rex Orange County,Television / So Far So Good,240013,bedroom pop
2024-09-10 15:04,Wallows,Are You Bored Yet? (feat. Clairo),201581,indie
2024-09-10 15:17,Olivia Rodrigo,"1 step forward, 3 steps back",111267,pop
2024-09-13 22:06,Olivia Rodrigo,"1 step forward, 3 steps back",52342,pop
2024-09-13 22:10,Tate McRae,she's all i wanna be,207120,pop
2024-09-13 22:13,Miley Cyrus,Angels Like You,196453,pop
2024-09-13 22:16,Alec Benjamin,If We Have Each Other,181522,pop
2024-09-13 22:20,Billie Eilish,idontwannabeyouanymore,203569,pop
2024-09-13 22:55,Conan Gray,Memories,59482,seen live
2024-09-17 14:01,Olivia Rodrigo,deja vu,124831,pop
2024-09-17 21:23,Olivia Rodrigo,deja vu,44812,pop
2024-09-17 21:26,Olivia Rodrigo,the grudge,189386,pop
2024-09-17 21:30,Olivia Rodrigo,ballad of a homeschooled girl,203369,pop
2024-09-17 21:33,Olivia Rodrigo,teenage dream,222358,pop
2024-09-17 21:36,Olivia Rodrigo,obsessed,170541,pop
2024-09-17 21:40,Chappell Roan,"Good Luck, Babe!",218423,pop
2024-09-17 21:44,Olivia Rodrigo,deja vu,215506,pop
2024-09-17 21:46,Stephen Sanchez,Until I Found You (with Em Beihold) - Em Beihold Version,176440,folk
2024-09-17 21:50,Kali Uchis,Melting,208853,rnb
2024-09-17 22:54,Katy Perry,The One That Got Away,117816,pop
2024-09-18 03:01,Katy Perry,The One That Got Away,507,pop
2024-09-18 03:03,d4vd,Romantic Homicide,112234,rnb
2024-09-18 03:07,Ricky Montgomery,Line Without a Hook,249586,indie
2024-09-18 03:08,Billie Eilish,TV,81710,pop
2024-09-18 03:12,Conan Gray,Family Line,216094,seen live
2024-09-18 03:14,Billie Eilish,Getting Older,142423,pop
2024-09-18 04:10,OneRepublic,Secrets,147890,soft pop
2024-09-18 17:06,OneRepublic,Secrets,0,soft pop
2024-09-18 17:10,Billie Eilish,my future,210005,pop
2024-09-18 17:15,Lana Del Rey,Summertime Sadness,264773,female vocalists
2024-09-18 17:20,Beach House,Space Song,320466,dream pop
2024-09-18 17:24,Conan Gray,Astronomy,243907,seen live
2024-09-18 18:24,Lana Del Rey,Video Games,63187,female vocalists
2024-09-18 22:26,HOYO-MiX,Monodrama,141217,soundtrack
2024-09-18 22:28,TheFatRat,Unity,120014,electronic
2024-09-18 22:31,FlyxTheKid,Minecraft Pigstep - Remix,157297,
2024-09-18 22:34,The Dowdy Brothers,SHAOLIN SHINDIG,120000,
2024-09-18 22:36,The Dowdy Brothers,SHAOLIN SHINDIG,131624,
2024-09-18 22:37,Yasuharu Takanashi,形勢逆転,52247,anime
2024-09-18 22:41,RADWIMPS,Suzume,238560,anime
2024-09-18 22:44,TK from Ling tosite sigure,unravel,120005,anime
2024-09-18 22:47,TK from Ling tosite sigure,unravel,210028,anime
2024-09-18 22:49,Akano,"Blue Bird (From ""Naruto Shippuden"")",100200,anime
2024-09-18 22:53,Ikimonogakari,ブルーバード,215706,anime
2024-09-18 22:54,Linked Horizon,Shinzo wo Sasageyo! - TV Size,90000,anime
2024-09-18 22:58,Berioska,Hikaru Nara (Shigatsu Wa Kimi No Uso) [feat. Animelmack],251821,anime
2024-09-18 23:02,LiSA,紅蓮華,237586,k-pop
2024-09-18 23:07,UVERworld,Touch off,258706,anime
2024-09-18 23:10,OFFICIAL HIGE DANDISM,Mixed Nuts,213438,j-pop
2024-09-18 23:52,yama,色彩,12052,Stoner Rock
2024-09-18 23:55,yama,色彩,180125,Stoner Rock
2024-09-18 23:59,Nightmare,the WORLD,233200,trip hop
2024-09-19 00:05,Linked Horizon,Shinzo wo Sasageyo !,341413,anime
2024-09-19 00:06,Megami33,Deal with the Devil (Kakegurui OP 1),104179,anime
2024-09-19 00:11,美波,カワキヲアメク,251933,anime
2024-09-19 00:14,DEAN FUJIOKA,History Maker,190044,anime
2024-09-19 00:18,Goose house,光るなら,254133,anime
2024-09-19 00:21,Rokudenashi,ただ声一つ,161561,j-pop
2024-09-19 00:23,deadman 死人,Omae Wa Mou,113548,post-grunge
2024-09-19 00:28,Miki Matsubara,Mayonaka no Door / Stay With Me,312293,city pop
2024-09-19 00:32,Goose house,光るなら,252133,anime
2024-09-19 00:36,imase,NIGHT DANCER,210600,j-pop
2024-09-19 00:39,The Living Tombstone,Discord,193776,electronic
2024-09-19 00:41,Rokudenashi,知らないままで,134221,j-pop
2024-09-19 00:44,Fujii Kaze,Shinunoga E-Wa,185573,j-pop
2024-09-19 00:48,Ai Higuchi,Akuma no Ko,229960,anime
2024-09-19 00:52,KANA-BOON,シルエット,240133,anime
2024-09-19 00:54,Akano,"Gurenge (From ""Demon Slayer: Kimetsu no Yaiba"")",89783,anime
2024-09-19 00:57,Ujita Mai,Hitoriuta ~September How YOU doin'?~,197968,j-pop
2024-09-19 01:00,Mrs. GREEN APPLE,インフェルノ,211600,j-pop
2024-09-19 01:02,Linked Horizon,Guren no Yumiya Tv Size Ver.,94283,anime
2024-09-19 01:06,Eve,Kaikai Kitan,221426,Hip-Hop
2024-09-19 01:10,RADWIMPS,Zenzenzense - movie ver.,285880,anime
2024-09-19 02:05,Akano,"Kamado Tanjirou no Uta (From ""Demon Slayer: Kimetsu no Yaiba"")",59222,anime
2024-09-19 18:36,RADWIMPS,Suzume,238560,anime
2024-09-19 18:40,TK from Ling tosite sigure,unravel,238360,anime
2024-09-19 18:44,LiSA,crossing field,248946,k-pop
2024-09-19 18:47,Ikimonogakari,ブルーバード,215706,anime
2024-09-19 18:49,Akano,"Blue Bird (From ""Naruto Shippuden"")",100200,anime
2024-09-19 18:54,LiSA,明け星,267346,k-pop
2024-09-19 18:55,Linked Horizon,Shinzo wo Sasageyo! - TV Size,90000,anime
2024-09-19 18:59,OFFICIAL HIGE DANDISM,Mixed Nuts,213438,j-pop
2024-09-19 19:03,OFFICIAL HIGE DANDISM,Cry Baby,241680,j-pop
2024-09-19 19:07,LiSA,紅蓮華,237586,k-pop
2024-09-19 20:41,Lana Del Rey,Video Games,3042,female vocalists
2024-09-19 20:41,Linked Horizon,Shinzo wo Sasageyo !,290294,anime
2024-09-19 20:42,Cigarettes After Sex,Apocalypse,345,dream pop
2024-09-19 20:46,Arctic Monkeys,505,253586,indie
2024-09-19 20:49,Ricky Montgomery,Mr. Loverman,216880,indie
2024-09-19 21:34,Lana Del Rey,Cinnamon Girl,13226,female vocalists
2024-09-20 21:44,Lana Del Rey,Cinnamon Girl,9762,female vocalists
2024-09-20 21:48,Conan Gray,Lookalike,158597,seen live
2024-09-20 21:51,Arctic Monkeys,I Wanna Be Yours,183956,indie
2024-09-20 22:03,Seafret,Atlantis,103929,indie
2024-09-21 15:35,Seafret,Atlantis,125287,indie
2024-09-21 15:39,Coldplay,Yellow,266773,rock
2024-09-21 15:43,Keane,Somewhere Only We Know,236160,britpop
2024-09-21 15:46,Stephen Sanchez,Until I Found You,176666,folk
2024-09-21 15:49,Matt Maltese,As the World Caves In,29843,pop
2024-09-21 15:49,Billie Eilish,my future,3067,pop
2024-09-21 15:49,Noah Cyrus,July,156106,pop
2024-09-21 15:53,Conan Gray,Family Line,216094,seen live
2024-09-21 15:57,Lord Huron,The Night We Met,208211,folk
2024-09-21 16:01,Billie Eilish,Getting Older,244221,pop
2024-09-21 16:34,Conan Gray,Astronomy,40396,seen live
2024-09-21 21:14,Conan Gray,Astronomy,204637,seen live
2024-09-21 21:17,FINNEAS,Break My Heart Again,237979,indie pop
2024-09-21 21:23,Beach House,Space Song,320466,dream pop
2024-09-21 21:27,Arctic Monkeys,505,253586,indie
2024-09-21 21:30,Alexander 23,IDK You Yet,184638,pop
2024-09-21 21:34,Ricky Montgomery,Mr. Loverman,216880,indie
2024-09-21 22:27,OneRepublic,Secrets,188224,soft pop
2024-09-22 17:40,Mitski,Washing Machine Heart,128198,seen live
2024-09-22 17:45,Adele,Skyfall,286480,dangdut
2024-09-22 17:47,Vundabar,Alien Blues,155933,indie rock
2024-09-22 17:51,The Living Tombstone,My Ordinary Life,230893,electronic
2024-09-22 17:54,Surf Curse,Heathers,163257,indie
2024-09-22 17:58,Mac DeMarco,Chamber Of Reflection,231723,indie
2024-09-22 20:45,Hozier,Take Me to Church,180004,blues
2024-09-23 17:42,Hozier,Take Me to Church,239967,blues
2024-09-23 17:46,half•alive,creature,215526,indie pop
2024-09-23 17:52,Ricky Montgomery,Mr. Loverman,326714,indie
2024-09-23 17:56,Arctic Monkeys,505,253586,indie
2024-09-23 18:00,Seafret,Atlantis,229173,indie
2024-09-23 18:02,Olivia Rodrigo,favorite crime,152666,pop
2024-09-23 18:14,Beach Bunny,Prom Queen,38645,indie rock
2024-09-23 21:20,Beach Bunny,Prom Queen,97935,indie rock
2024-09-23 21:22,The Walters,I Love You So,160239,indie rock
2024-09-23 21:36,Ricky Montgomery,Line Without a Hook,249586,indie
2024-09-23 21:40,Arctic Monkeys,I Wanna Be Yours,183956,indie
2024-09-23 21:42,Mitski,My Love Mine All Mine,137773,seen live
2024-09-23 21:53,Olivia Rodrigo,"jealousy, jealousy",63562,pop
2024-09-24 02:43,Olivia Rodrigo,"jealousy, jealousy",109608,pop
2024-09-24 02:46,Beach Bunny,Sports,164165,indie rock
2024-09-24 02:48,Isabel LaRosa,i'm yours,145667,pop
2024-09-24 02:52,Conan Gray,Family Line,216094,seen live
2024-09-24 02:53,Billie Eilish,hotline (edit),60719,pop
2024-09-24 02:57,The Neighbourhood,Sweater Weather,240400,indie
2024-09-24 03:00,Olivia Rodrigo,brutal,143746,pop
2024-09-24 03:02,Beach Bunny,Cloud 9,147350,indie rock
2024-09-24 03:06,Twenty One Pilots,Stressed Out,202333,electronic
2024-09-24 03:08,Conan Gray,People Watching,158536,seen live
2024-09-24 03:22,SZA,Kill Bill,38963,rnb
2024-09-25 21:30,SZA,Kill Bill,116039,rnb
2024-09-25 21:32,Arctic Monkeys,Why'd You Only Call Me When You're High?,161123,indie
2024-09-25 21:35,Olivia Rodrigo,good 4 u,178146,pop
2024-09-25 21:39,Vansire,From the Subway Train,43354,bedroom pop
2024-09-25 21:39,The Neighbourhood,Softcore,206280,indie
2024-09-25 21:39,Lana Del Rey,Young And Beautiful,1009,female vocalists
2024-09-25 21:44,Coldplay,Yellow,266773,rock
2024-09-25 21:48,Olivia Rodrigo,vampire,219724,pop
2024-09-25 21:52,Conan Gray,Astronomy,243907,seen live
2024-09-25 21:55,Stephen Sanchez,Until I Found You,176666,folk
2024-09-25 21:59,Tom Odell,Another Love,244360,indie
2024-09-25 22:00,Richy Mitch & The Coal Miners,Evergreen,87000,folk
2024-09-25 22:03,Sohodolls,Bang Bang Bang Bang,181640,electronic
2024-09-25 22:07,Olivia Rodrigo,deja vu,215506,pop
2024-09-25 22:11,Conan Gray,Memories,248818,seen live
2024-09-25 22:44,Surf Curse,Freaks,91735,indie
2024-09-26 14:59,The Brazen Youth,Center of Gravity,327907,indie rock
2024-09-26 15:05,Arctic Monkeys,Do I Wanna Know?,272394,indie
2024-09-26 15:08,Lana Del Rey,Say Yes To Heaven,209156,female vocalists
2024-09-26 15:12,Taylor Swift,Don’t Blame Me,236413,country
2024-09-26 15:16,Olivia Rodrigo,traitor,229226,pop
2024-09-26 15:21,Billie Eilish,everything i wanted,245425,pop
2024-09-26 15:23,The Weeknd,Stargirl Interlude,111626,rnb
2024-09-26 15:26,Conan Gray,Maniac,185773,seen live
2024-09-26 15:28,The Living Tombstone,Discord,156721,electronic
2024-09-26 15:32,Arctic Monkeys,R U Mine?,201726,indie
2024-09-26 16:16,Beach Weather,"Sex, Drugs, Etc.",168266,indie
2024-09-27 19:31,Billie Eilish,ocean eyes,200560,pop
2024-09-27 19:34,Måneskin,I WANNA BE YOUR SLAVE,173346,rock
2024-09-27 19:37,Conan Gray,The Exit,221054,seen live
2024-09-27 19:41,Fitz and The Tantrums,Out of My League,209386,soul
2024-09-27 19:44,Billie Eilish,Bored,180933,pop
2024-09-27 19:47,Wallows,Are You Bored Yet? (feat. Clairo),178000,indie
2024-09-27 19:50,Lana Del Rey,Doin' Time,202192,female vocalists
2024-09-27 20:07,Conan Gray,Wish You Were Sober,103924,seen live
2024-09-27 21:13,Conan Gray,Wish You Were Sober,65980,seen live
2024-09-27 21:16,Artemas,i like the way you kiss me,142514,pop
2024-09-27 21:19,Kali Uchis,Melting,208853,rnb
2024-09-27 21:23,Billie Eilish,lovely (with Khalid),200185,pop
2024-09-27 21:26,Twenty One Pilots,Heathens,195920,electronic
2024-09-27 21:31,Lana Del Rey,Video Games,281946,female vocalists
2024-09-27 21:34,Soap&Skin,Me and the Devil,2957,traditional music
2024-09-27 21:34,Lord Huron,The Night We Met,179217,folk
2024-09-27 21:38,Foster The People,Pumped Up Kicks,239600,indie
2024-09-27 21:41,Billie Eilish,watch,177523,pop
2024-09-27 21:44,Twenty One Pilots,Ride,214506,electronic
2024-09-27 21:49,Lana Del Rey,Chemtrails Over The Country Club,271176,female vocalists
2024-09-27 21:52,t.A.T.u.,All The Things She Said,214440,reggae
2024-09-27 22:05,Surf Curse,Disco,85952,indie
2024-09-28 16:07,ABBA,Angeleyes,260893,pop
2024-09-28 16:10,Arctic Monkeys,Snap Out Of It,193030,indie
2024-09-28 16:14,Billie Eilish,idontwannabeyouanymore,203569,pop
2024-09-28 16:18,The Neighbourhood,Daddy Issues,260173,indie
2024-09-28 16:22,Lana Del Rey,Summertime Sadness,264773,female vocalists
2024-09-28 16:25,Chris Grey,LET THE WORLD BURN,163290,Canadian
2024-09-28 16:28,Conan Gray,Heather,198040,seen live
2024-09-28 17:52,Arctic Monkeys,Fluorescent Adolescent,21582,indie
2024-09-30 00:47,Arctic Monkeys,Fluorescent Adolescent,151922,indie
2024-09-30 00:47,Billie Eilish,you should see me in a crown,13653,pop
2024-09-30 00:51,OneRepublic,Counting Stars,257266,soft pop
2024-09-30 00:55,Lana Del Rey,West Coast,256760,female vocalists
2024-09-30 00:58,Ashnikko,Daisy,146523,Hip-Hop
2024-09-30 01:00,JAWNY,Honeypie,135581,bedroom pop
2024-09-30 01:04,Keane,Somewhere Only We Know,236160,britpop
2024-09-30 01:07,Billie Eilish,my strange addiction,179889,pop
2024-09-30 01:11,Twenty One Pilots,Tear in My Heart,188493,electronic
2024-09-30 01:14,Lana Del Rey,National Anthem,230533,female vocalists
2024-09-30 01:27,OneRepublic,I Ain't Worried,125862,soft pop
2024-10-01 21:09,OneRepublic,I Ain't Worried,4722,soft pop
2024-10-01 21:12,Hotel Ugly,Shut up My Moms Calling,164571,indie
2024-10-01 21:15,David Kushner,Daylight,212953,indie
2024-10-01 21:18,Billie Eilish,all the good girls go to hell,168839,pop
2024-10-01 21:20,The Oh Hellos,"Soldier, Poet, King",111874,christian folk
2024-10-01 21:24,Lana Del Rey,Dark Paradise,243173,female vocalists
2024-10-01 21:28,The Weeknd,Starboy,230453,rnb
2024-10-01 21:30,Halsey,Walls Could Talk,101789,pop
2024-10-01 21:33,Tame Impala,The Less I Know The Better,216320,indie
2024-10-01 21:35,Billie Eilish,COPYCAT,106042,pop
2024-10-01 21:37,Billie Eilish,COPYCAT,88687,pop
2024-10-01 21:39,Patrick Watson,Je te laisserai des mots,160853,indie
2024-10-01 21:43,Lana Del Rey,Diet Mountain Dew,222920,female vocalists
2024-10-01 21:46,Mitski,I Bet on Losing Dogs,170240,seen live
2024-10-01 21:50,Fall Out Boy,Centuries,228360,emo
2024-10-01 21:53,Tove Lo,Habits (Stay High),209160,pop
2024-10-01 23:13,Billie Eilish,bellyache,73209,pop
2024-10-02 02:58,Billie Eilish,bellyache,105972,pop
2024-10-02 03:02,SyKo,#BrooklynBloodPop!,145612,hyperpop
2024-10-02 03:46,MGMT,Little Dark Age,299960,indie
2024-10-02 04:04,Mareux,The Perfect Girl,8335,darkwave
2024-10-02 16:58,Beach Weather,"Sex, Drugs, Etc.",1004,indie
2024-10-02 16:58,Ezekiel,help_urself,12324,hyperpop
2024-10-02 16:58,The Neighbourhood,Flawless,1424,indie
2024-10-02 16:58,Mareux,The Perfect Girl,742,darkwave
2024-10-02 17:01,Steve Lacy,Dark Red,173104,jazz
2024-10-02 17:04,Joji,SLOW DANCING IN THE DARK,209273,Lo-Fi
2024-10-02 17:06,Adele,Rolling in the Deep,124231,dangdut
2024-10-02 17:11,Mr.Kitty,After Dark,259146,witch house
2024-10-02 17:14,Sparky Deathcap,September,189681,folk
2024-10-02 17:18,The Neighbourhood,Afraid,251186,indie
2024-10-02 17:21,Imagine Dragons,Enemy - From the series Arcane League of Legends,173381,indie
2024-10-02 17:28,Panic! At The Disco,House of Memories,38163,emo
2024-10-02 17:51,Akano,"Kamado Tanjirou no Uta (From ""Demon Slayer: Kimetsu no Yaiba"")",5570,anime
2024-10-03 00:48,Panic! At The Disco,House of Memories,171564,emo
2024-10-03 00:53,Glass Animals,The Other Side Of Paradise,320654,electronic
2024-10-03 00:57,The Neighbourhood,Reflections,244013,indie
2024-10-03 01:01,K.Flay,High Enough,231600,Hip-Hop
2024-10-03 01:04,Mother Mother,Hayloft,181680,Canadian
2024-10-03 01:07,Crystal Castles,Transgender,184764,witch house
2024-10-03 01:12,Tame Impala,Let It Happen,242632,indie
2024-10-03 01:12,Ghost,Mary On A Cross,1965,metal
2024-10-03 01:12,Molchat Doma,Судно (Борис Рижий),10846,post-punk
2024-10-03 01:28,Sub Urban,Cradles,80319,noise
2024-10-03 19:03,Sub Urban,Cradles,130536,noise
2024-10-03 19:13,Bea Miller,feel something,180161,pop
2024-10-03 19:16,Mild High Club,Homage,177493,psychedelic pop
2024-10-03 19:20,Young the Giant,Mind Over Matter,244693,indie rock
2024-10-03 19:23,The Neighbourhood,Wires,193080,indie
2024-10-03 19:26,girl in red,Body And Mind,186672,bedroom pop
2024-10-03 19:30,The Weeknd,The Hills,242253,rnb
2024-10-03 19:34,Mother Mother,Hayloft II (SMASHUP),223509,Canadian
2024-10-03 19:37,Mother Mother,Verbatim,168320,Canadian
2024-10-03 19:41,alt-J,Breezeblocks,227080,indie
2024-10-03 19:43,Labrinth,Formula,91869,electronic
2024-10-03 19:46,Gorillaz,Rhinestone Eyes,200173,alternative
2024-10-03 20:11,Pastel Ghost,Dark Beach,205345,witch house
2024-10-05 04:05,Blanks,Stranger,910,a capella
2024-10-05 04:05,Matt Maltese,As the World Caves In,1238,pop
2024-10-05 04:05,MARINA,Bubblegum Bitch,1082,pop
2024-10-05 04:05,Arctic Monkeys,Arabella,3094,indie
2024-10-05 04:06,The Neighbourhood,Fallen Star,680,indie
2024-10-05 04:08,Akano,"Blue Bird (From ""Naruto Shippuden"")",100200,anime
2024-10-05 04:11,Tatsuya Kitani,青のすみか,196640,anime
2024-10-05 04:15,美波,カワキヲアメク,251933,anime
2024-10-05 04:19,LiSA,crossing field,248946,k-pop
2024-10-05 04:23,Goose house,光るなら,254133,anime
2024-10-05 04:27,Ado,Usseewa,206893,j-pop
2024-10-05 04:31,THE ORAL CIGARETTES,Kyouran Hey Kids!!,250973,j-rock
2024-10-05 04:37,Linked Horizon,Shinzo wo Sasageyo !,341413,anime
2024-10-05 04:40,Ado,Tot Musica,195226,j-pop
2024-10-05 04:53,OFFICIAL HIGE DANDISM,Cry Baby,241680,j-pop
2024-10-05 04:57,KANA-BOON,シルエット,240133,anime
2024-10-05 05:00,Yoh kamiyama,YELLOW,178712,anime
2024-10-05 05:04,Ado,Odo,210346,j-pop
2024-10-05 05:07,DEAN FUJIOKA,History Maker,193881,anime
2024-10-05 06:31,YOASOBI,たぶん,196225,j-pop
2024-10-05 23:47,Akano,"Kamado Tanjirou no Uta (From ""Demon Slayer: Kimetsu no Yaiba"")",83040,anime
2024-10-05 23:48,Ado,Usseewa,80184,j-pop
2024-10-05 23:51,Akano,"Kamado Tanjirou no Uta (From ""Demon Slayer: Kimetsu no Yaiba"")",147852,anime
2024-10-06 03:29,Lana Del Rey,Cinnamon Girl,24110,female vocalists
2024-10-06 06:44,YOASOBI,たぶん,1020,j-pop
2024-10-06 23:14,Ado,Usseewa,20124,j-pop
2024-10-07 02:31,YOASOBI,たぶん,3366,j-pop
2024-10-07 02:31,Macklemore,Glorious (feat. Skylar Grey),1383,Hip-Hop
2024-10-07 02:31,Twenty One Pilots,Heathens,2660,electronic
2024-10-07 03:41,ZAYN,I Don’t Wanna Live Forever (Fifty Shades Darker),2040,pop
2024-10-07 03:41,Twenty One Pilots,Heathens,2657,electronic
2024-10-07 03:41,Clean Bandit,Symphony (feat. Zara Larsson),1061,electronic
2024-10-07 16:48,LiSA,紅蓮華,237586,k-pop
2024-10-07 16:52,Ikimonogakari,ブルーバード,215706,anime
2024-10-07 16:56,TK from Ling tosite sigure,unravel,238360,anime
2024-10-07 16:57,Megami33,Deal with the Devil (Kakegurui OP 1),104179,anime
2024-10-07 17:01,Nightmare,the WORLD,233200,trip hop
2024-10-07 17:05,Berioska,Hikaru Nara (Shigatsu Wa Kimi No Uso) [feat. Animelmack],251821,anime
2024-10-07 17:09,DEAN FUJIOKA,History Maker,190044,anime
2024-10-07 17:13,UVERworld,Touch off,258706,anime
2024-10-07 17:19,Linked Horizon,Shinzo wo Sasageyo !,341413,anime
2024-10-07 17:20,Akano,"Blue Bird (From ""Naruto Shippuden"")",100200,anime
2024-10-07 17:24,OFFICIAL HIGE DANDISM,Mixed Nuts,213438,j-pop
2024-10-07 21:25,ZAYN,I Don’t Wanna Live Forever (Fifty Shades Darker),1260,pop
2024-10-07 21:26,Conan Gray,Heather,2635,seen live
2024-10-07 21:30,Coldplay,Viva La Vida,242373,rock
2024-10-07 21:33,Julia Michaels,Issues,176320,pop
2024-10-07 21:36,Vance Joy,Riptide,204280,folk pop
2024-10-07 21:39,Conan Gray,People Watching,158536,seen live
2024-10-07 21:43,The Neighbourhood,Sweater Weather,240400,indie
2024-10-07 21:45,The Lumineers,Ophelia,160097,folk pop
2024-10-07 21:52,Conan Gray,Maniac,185773,seen live
2024-10-07 21:56,AURORA,Runaway,248826,norwegian pop
2024-10-07 21:59,Rixton,Me And My Broken Heart,193733,pop
2024-10-07 22:40,MAGIC!,Rude,106423,reggae
2024-10-08 16:19,MAGIC!,Rude,119434,reggae
2024-10-08 16:22,Shawn Mendes,Stitches,206880,pop
2024-10-08 16:26,Train,Drive By,195973,rock
2024-10-08 16:29,Capital Cities,Safe and Sound,192789,electronic
2024-10-08 16:32,Lord Huron,The Night We Met,208211,folk
2024-10-08 16:35,Train,"Hey, Soul Sister",149360,rock
2024-10-08 16:38,Kodaline,Brother,203186,indie rock
2024-10-08 16:42,Taylor Swift,Don’t Blame Me,236413,country
2024-10-08 16:46,Vance Joy,Saturday Sun,214720,folk pop
2024-10-08 16:48,UPSAHL,People I Don't Like,142765,pop
2024-10-08 16:50,yama,色彩,139672,Stoner Rock
2024-10-08 17:22,OneRepublic,Counting Stars,94724,soft pop
2024-10-08 21:10,OneRepublic,Counting Stars,4217,soft pop
2024-10-08 21:13,Fall Out Boy,Centuries,187790,emo
2024-10-08 21:14,Gym Class Heroes,Stereo Hearts (feat. Adam Levine),1863,Hip-Hop
2024-10-08 21:14,Lorde,Royals,1740,pop
2024-10-08 21:18,The Chainsmokers,Closer,244960,electronic
2024-10-08 21:22,Lana Del Rey,Young And Beautiful,236053,female vocalists
2024-10-08 21:26,Sia,Chandelier,216120,female vocalists
2024-10-08 21:29,DNCE,Cake By The Ocean,219146,pop
2024-10-08 21:41,KALEO,Way down We Go,213706,rock
2024-10-08 22:03,Fitz and The Tantrums,Out of My League,106679,soul
2024-10-09 06:15,The Lumineers,Ho Hey,2422,folk pop
2024-10-09 06:15,Katy Perry,Dark Horse,1146,pop
2024-10-09 06:15,Shawn Mendes,There's Nothing Holdin' Me Back,1184,pop
2024-10-09 06:15,Fitz and The Tantrums,Out of My League,1791,soul
2024-10-09 06:25,Martin Garrix,Scared to Be Lonely,700,edm
2024-10-11 00:45,Martin Garrix,Scared to Be Lonely,22171,edm
2024-10-11 18:37,The Kid LAROI,STAY (with Justin Bieber),770,rap
2024-10-11 18:37,Alan Walker,On My Way,468,electronic
2024-10-11 18:37,Imagine Dragons,Whatever It Takes,549,indie
2024-10-11 18:37,Major Lazer,Lean On,606,moombahton
2024-10-11 18:37,Macklemore,Glorious (feat. Skylar Grey),1860,Hip-Hop
2024-10-11 18:37,Panic! At The Disco,High Hopes,3169,emo
2024-10-11 18:41,Shae Gill,Pasoori,224146,desi
2024-10-11 18:45,Joi Barua,Dil Dhadakne Do,230318,bollywood
2024-10-11 18:46,Vishal-Shekhar,Tumse Hi Tumse,69382,bollywood
2024-10-11 19:32,Vishal-Shekhar,Sadka,324758,bollywood
2024-10-11 20:03,Vishal-Shekhar,Sadka,19831,bollywood
2024-10-11 20:05,Vishal-Shekhar,Bahara,118601,bollywood
2024-10-11 20:09,Arijit Singh,"Tera Yaar Hoon Main (From ""Sonu Ke Titu Ki Sweety"")",206186,hindi pop
2024-10-11 20:14,Vishal Dadlani,Ik Junoon (Paint It Red),299119,bollywood
2024-10-11 20:17,Shankar Mahadevan,Uff Teri Adaa,179332,bollywood
2024-10-11 20:20,Sanam,Gulabi Aankhen,197759,hindi pop
2024-10-11 20:39,Pritam,Tum Se Hi,144211,bollywood
2024-10-12 00:02,Benson Boone,Slow It Down,161831,pop
2024-10-12 00:05,Shaboozey,A Bar Song (Tipsy),171291,country
2024-10-12 00:09,George Ezra,Blame It on Me,1530,indie
2024-10-12 00:09,Billie Eilish,BIRDS OF A FEATHER,120000,pop
2024-10-12 00:09,Billie Eilish,BIRDS OF A FEATHER,0,pop
2024-10-12 00:10,Shaboozey,A Bar Song (Tipsy),994,country
2024-10-12 00:10,Billie Eilish,BIRDS OF A FEATHER,27143,pop
2024-10-12 00:13,George Ezra,Blame It on Me,180009,indie
2024-10-12 00:15,George Ezra,Blame It on Me,0,indie
2024-10-12 00:15,George Ezra,Blame It on Me,3765,indie
2024-10-12 00:15,Billie Eilish,BIRDS OF A FEATHER,3016,pop
2024-10-12 00:17,Mitski,My Love Mine All Mine,137773,seen live
2024-10-12 00:19,George Ezra,Blame It on Me,2243,indie
2024-10-12 00:19,Billie Eilish,WILDFLOWER,90000,pop
2024-10-12 00:19,Mitski,My Love Mine All Mine,934,seen live
2024-10-12 00:21,Mitski,My Love Mine All Mine,120005,seen live
2024-10-12 00:22,Billie Eilish,WILDFLOWER,4228,pop
2024-10-12 00:22,Mitski,My Love Mine All Mine,0,seen live
2024-10-12 00:24,Chappell Roan,Pink Pony Club,90006,pop
2024-10-12 16:08,Pritam,Tum Se Hi,177039,bollywood
2024-10-12 16:12,Sachin-Jigar,Judaai,272772,gujarati pop
2024-10-12 16:18,Ajay-Atul,Abhi Mujh Mein Kahin,364786,marathi pop
2024-10-12 16:24,Vishal-Shekhar,Sadka,343586,bollywood
2024-10-12 16:30,Armaan Malik,"Tere Mere (From ""Chef"")",343544,hindi pop
2024-10-12 17:30,Pritam,Tum Mile,115057,bollywood
2024-10-13 21:09,Yeah Yeah Yeahs,Maps,48786,indie rock
2024-10-13 21:09,Armaan Malik,Besabriyaan,1628,hindi pop
2024-10-13 21:09,Vishal-Shekhar,Ajab Si,1181,bollywood
2024-10-13 21:10,Atif Aslam,Be Intehaan,13786,bollywood
2024-10-13 21:10,BTS,ON,7605,k-pop
2024-10-13 21:16,Chappell Roan,Pink Pony Club,389725,pop
2024-10-13 21:20,Katy Perry,Rise,203474,pop
2024-10-13 21:23,ILLENIUM,Story Of My Life (feat. Trippie Redd),191124,melodic bass
2024-10-13 21:35,Post Malone,Sunflower - Spider-Man: Into the Spider-Verse,74226,Hip-Hop
2024-10-14 08:54,Ellie Goulding,Hate Me (with Juice WRLD),1298,female vocalists
2024-10-14 08:54,5 Seconds of Summer,Youngblood,7300,pop rock
2024-10-14 08:54,Zedd,365,1171,edm
2024-10-14 08:54,Post Malone,Sunflower - Spider-Man: Into the Spider-Verse,485,Hip-Hop
2024-10-14 09:58,PUBLIC,Make You Mine,660,indie pop
2024-10-14 19:11,PUBLIC,Make You Mine,232261,indie pop
2024-10-14 19:15,Natasha Blume,Black Sea,253513,indie pop
2024-10-14 19:18,Ed Sheeran,Lego House,185093,soft pop
2024-10-14 19:21,Shawn Mendes,Treat You Better,187973,pop
2024-10-14 19:25,MARINA,About Love - From The Netflix Film “To All The Boys: P.S. I Still Love You”,214040,pop
2024-10-14 19:29,Avicii,Wake Me Up,247426,edm
2024-10-14 19:33,Taylor Swift,Delicate,232253,country
2024-10-14 19:36,Lewis Capaldi,Someone You Loved,182160,soft pop
2024-10-14 19:39,Billie Eilish,BIRDS OF A FEATHER,210373,pop
2024-10-14 19:44,OneRepublic,Counting Stars,257266,soft pop
2024-10-14 19:47,Wallows,Are You Bored Yet? (feat. Clairo),178000,indie
2024-10-14 19:49,BANNERS,Someone to You,100529,indie
2024-10-14 19:51,Eden,Rouge,134393,banda
2024-10-14 19:53,Gabriel Stone,Grandstander,134770,
2024-10-14 19:55,Auðura,Orange Sky,129187,
2024-10-14 19:57,Antonio Roberto,Entropy,123076,merengue
2024-10-14 19:59,Theo Ember,Tightrope,119757,
2024-10-14 20:02,Portal Plan,A Secret Spot,137027,
2024-10-14 20:04,BBG's,Tell A Story,160000,new york drill
2024-10-14 20:07,Atlas,Molesk,136956,Progressive rock
2024-10-14 20:09,Louaminé,Lunar Rainbow,147946,
2024-10-14 20:11,Stellar Luminous,Sunset Lake,134773,
2024-10-14 20:14,Halcyon,Meadows,173618,jazz
2024-10-14 20:17,Kirabuo,Caelum,137500,
2024-10-14 20:19,Stellar Luminous,Don't Overthink It,146173,
2024-10-14 20:22,The Dawning,summer breeze,165811,
2024-10-14 20:24,Savione,Atmosphere,152503,
2024-10-14 20:26,Eden,Skyscrapers,123911,banda
2024-10-14 20:29,Equilibrium,Body Language,149694,folk metal
2024-10-14 20:31,amaron,Headspace,148846,
2024-10-14 20:34,Serenity Within,Captured In Time,137325,
2024-10-14 20:36,Nomad Spector,Telescoop,144126,
2024-10-14 20:38,Nelson Robert,Subjectivity,137133,
2024-10-14 20:41,Magnus Hartman,Navigate,151059,
2024-10-14 20:43,Theo Ember,Thoughts of Fall,145011,
2024-10-14 20:46,Book Klubs,Summer Sailing,173624,lounge
2024-10-14 20:49,Hank Sky,Yours,160824,
2024-10-14 20:52,Niveous,What's New?,168866,black metal
2024-10-14 20:55,Kirala Heights,Cycles,185785,
2024-10-14 20:58,Tall Towers,buzzwords,168881,
2024-10-14 21:01,Imala Zir,Objectives,177624,
2024-10-14 21:03,Antonio Roberto,Moon Daze,131506,merengue
2024-10-14 21:05,Peter Wiehl,We Begin,151743,
2024-10-14 21:08,Imber Sun,Fragments,148458,
2024-10-14 21:11,Wicker Whales,Juneau,156250,
2024-10-14 21:14,Amber Sky,under different circumstances,185633,music
2024-10-14 21:16,Fluvis,River Flowing,147585,
2024-10-14 21:19,Snow in April,A Timeless Moment,155103,hypnagogic dark ritual electronica
2024-10-14 21:21,Kal Koren,Shifted,143088,
2024-10-14 21:24,"We, the Navigators",Zenith,175875,
2024-10-14 21:26,Polar Desert,Beyond the Horizon,142312,
2024-10-14 21:28,Savione,Nova,123066,
2024-10-14 21:31,Dawe Natauk,a million oceans,168107,
2024-10-14 21:34,Dreams Ahead,time to call,165087,
2024-10-14 21:37,Dreams Ahead,swinging for the fences,154615,
2024-10-14 21:39,Tranquil Oasis,Sidewinder,126053,
2024-10-14 21:41,Portal Plan,Flow,132261,
2024-10-14 21:44,"We, the Navigators",Subsolar Stars,164589,
2024-10-14 21:46,Oblivion,Nighty,158918,latin hip hop
2024-10-14 21:49,Amber Sky,In the Distance,174077,music
2024-10-14 21:52,Atlas,Threshold,154109,Progressive rock
2024-10-14 21:54,Magnus Hartman,Harrysson,146978,
2024-10-14 21:57,Far & Beyond,All across the Globe,157607,
2024-10-14 22:00,Niveous,Matter of Facts,187683,black metal
2024-10-14 22:02,The Flower Code,Watercolour,134189,
2024-10-14 22:04,Blissouro,Cityscape,120200,
2024-10-14 22:07,The Aiko,Sea Green,129714,
2024-10-14 22:09,Kal Koren,Still Such,138750,
2024-10-14 22:12,Kirala Heights,Above the Fray,179357,
2024-10-14 22:14,Dawe Natauk,Cloud Reflection,155878,
2024-10-14 22:17,Wilfred Fredig,Smudged,155220,
2024-10-14 22:20,The Dawning,common ground,156533,
2024-10-14 22:22,Far & Beyond,The Collection,166024,
2024-10-14 22:25,Yume,Left,162000,lo-fi
2024-10-14 22:28,Egon Alram,Soft Breeze,150592,
2024-10-14 22:30,Gajaka,Ripples,134781,
2024-10-14 22:32,Apollo Vision,Relativity,129668,
2024-10-14 22:35,Imber Sun,Rain check,151572,
2024-10-14 22:37,Halcyon,formative years,156742,jazz
2024-10-14 23:24,Wicker Whales,Miranda,84799,
2024-10-15 01:53,Wicker Whales,Miranda,58594,
2024-10-15 01:54,The Neighbourhood,Daddy Issues,1464,indie
2024-10-15 01:54,Zedd,Stay,1153,edm
2024-10-15 01:54,Sia,Unstoppable,822,female vocalists
2024-10-15 01:54,ZAYN,There You Are,1925,pop
2024-10-15 01:54,Fourth Eye,beyond the stars,36463,lo-fi beats
2024-10-15 01:57,Dove Cameron,Boyfriend,153000,pop
2024-10-15 02:00,Avicii,The Nights,176658,edm
2024-10-15 02:03,Alessia Cara,Scars To Your Beautiful,230226,pop
2024-10-15 02:07,Troye Sivan,Happy Little Pill,224874,pop
2024-10-15 02:25,Chappell Roan,My Kink Is Karma,74187,pop
2024-10-15 19:05,Chappell Roan,My Kink Is Karma,149396,pop
2024-10-15 19:10,Halsey,Colors,249499,pop
2024-10-15 19:13,DJ Snake,Let Me Love You,205946,electronic
2024-10-15 19:16,Camila Cabello,Shameless,165849,pop
2024-10-15 19:19,Lana Del Rey,Young And Beautiful,179209,female vocalists
2024-10-15 19:19,Panic! At The Disco,This Is Gospel,34086,emo
2024-10-15 19:20,Maroon 5,Payphone,4370,pop
2024-10-15 19:23,Billie Eilish,lovely (with Khalid),200185,pop
2024-10-15 19:54,Mike Perry,The Ocean (feat. Shy Martin),84043,tropical house
2024-10-17 01:32,Mike Perry,The Ocean (feat. Shy Martin),6679,tropical house
2024-10-17 01:33,Halsey,Walls Could Talk,81518,pop
2024-10-17 01:36,JVKE,her,171757,indie pop
2024-10-17 01:40,Wallows,Are You Bored Yet? (feat. Clairo),178000,indie
2024-10-17 01:44,Fitz and The Tantrums,Out of My League,209386,soul
2024-10-17 01:47,Shawn Mendes,If I Can't Have You,190800,pop
2024-10-17 01:51,Major Lazer,Powerful (feat. Ellie Goulding & Tarrus Riley),206327,moombahton
2024-10-17 01:55,Taylor Swift,Style,231000,country
2024-10-17 02:57,MAGIC!,Rude,27357,reggae
2024-10-17 15:17,MAGIC!,Rude,197489,reggae
2024-10-17 15:20,Julia Michaels,What A Time (feat. Niall Horan),173306,pop
2024-10-17 15:24,Maggie Lindemann,Couple of Kids,214041,pop
2024-10-17 15:32,Ed Sheeran,Give Me Love,526386,soft pop
2024-10-17 15:37,Zedd,Clarity,271426,edm
2024-10-17 15:39,Bastille,Doom Days,138115,indie
2024-10-17 15:58,Thirty Seconds To Mars,This Is War,255799,modern rock
2024-10-17 23:35,Thirty Seconds To Mars,This Is War,338181,modern rock
2024-10-17 23:39,The Score,On And On,215706,rock
2024-10-17 23:42,BTS,Life Goes On,207481,k-pop
2024-10-17 23:46,Ariana Grande,God is a woman,197546,pop
2024-10-17 23:49,Vian Izak,The London Air Raids,213725,indie
2024-10-17 23:53,Khalid,Saturday Nights,210666,rnb
2024-10-17 23:57,One Direction,Perfect,230333,pop
2024-10-18 00:00,Tones And I,Dance Monkey,209438,pop
2024-10-18 00:06,Alan Walker,Sing Me to Sleep,187800,electronic
2024-10-18 01:00,Imagine Dragons,Smoke And Mirrors,1747,indie
2024-10-19 16:04,Imagine Dragons,Smoke And Mirrors,259126,indie
2024-10-19 16:07,Imagine Dragons,Warriors,171333,indie
2024-10-19 16:11,Harry Styles,Falling,240133,pop
2024-10-19 16:15,Maluma,Hawái,200197,reggaeton
2024-10-19 16:18,blackbear,hot girl bummer,188343,electronic
2024-10-19 17:31,Billie Eilish,BIRDS OF A FEATHER,86342,pop
2024-10-19 20:42,Lauv,There's No Way (feat. Julia Michaels),1150,pop
2024-10-19 20:45,Royal & the Serpent,overwhelmed,159293,orchestra
2024-10-19 20:49,Sia,"Genius (feat. Sia, Diplo, and Labrinth)",213706,female vocalists
2024-10-19 20:51,Trevor Daniel,Falling,159381,pop
2024-10-19 20:54,MEDUZA,Piece Of Your Heart,152913,Power metal
2024-10-19 20:58,grandson,Blood // Water,216720,alternative rock
2024-10-19 21:00,Sabrina Carpenter,"Let Me Move You - From the Netflix film ""Work It""",147070,pop
2024-10-19 21:04,Suki Waterhouse,Good Looking,214800,indie pop
2024-10-19 21:06,Conan Gray,People Watching,158536,seen live
2024-10-19 21:09,Stephen Sanchez,Until I Found You (with Em Beihold) - Em Beihold Version,176440,folk
2024-10-19 21:12,BLACKPINK,How You Like That,182956,k-pop
2024-10-19 21:16,Lindsey Stirling,The Arena,232280,violin
2024-10-19 21:19,Marshmello,Be Kind (with Halsey),172761,edm
2024-10-19 21:22,Faouzia,Tears of Gold,176117,pop
2024-10-19 21:26,Sub Urban,Cradles,209829,noise
2024-10-19 21:29,Olivia Rodrigo,ballad of a homeschooled girl,203369,pop
2024-10-19 21:32,Conan Gray,Crush Culture,204120,seen live
2024-10-19 21:36,EXO,Love Shot,200306,k-pop
2024-10-19 21:39,Olivia Rodrigo,good 4 u,178146,pop
2024-10-19 21:42,Måneskin,ZITTI E BUONI,194786,rock
2024-10-19 21:45,Bryce Fox,Golden Boy,168555,alternative
2024-10-19 21:47,Post Malone,Sunflower - Spider-Man: Into the Spider-Verse,158040,Hip-Hop
2024-10-19 21:51,Martin Jensen,Nobody,211040,dance
2024-10-19 21:54,Måneskin,I WANNA BE YOUR SLAVE,173346,rock
2024-10-19 21:58,Dream Note,Waqt Ki Baatein,243310,indian indie
2024-10-19 22:02,MARINA,About Love - From The Netflix Film “To All The Boys: P.S. I Still Love You”,214040,pop
2024-10-19 22:05,Lady Gaga,Shallow,215733,art pop
2024-10-19 22:08,Troye Sivan,YOUTH,185194,pop
2024-10-19 22:12,Natasha Blume,Black Sea,253513,indie pop
2024-10-19 22:16,Taylor Swift,this is me trying,195097,country
2024-10-19 22:19,Bilal Hassani,Jaloux,176920,french pop
2024-10-19 22:22,Selena Gomez,Bad Liar,214647,pop
2024-10-19 22:26,Martin Garrix,Scared to Be Lonely,220883,edm
2024-10-19 22:29,Halsey,Without Me,201660,pop
2024-10-19 22:33,Tom Odell,Another Love,244360,indie
2024-10-19 22:36,Billie Eilish,Therefore I Am,174321,pop
2024-10-19 22:41,Taylor Swift,Back To December,293026,country
2024-10-19 22:43,Claire Rosinkranz,Backyard Boy,129240,pop
2024-10-19 22:47,OneRepublic,Secrets,224693,soft pop
2024-10-19 22:50,Imagine Dragons,I Bet My Life,192706,indie
2024-10-19 22:53,Ellie Goulding,Hate Me (with Juice WRLD),186223,female vocalists
2024-10-19 22:55,24kGoldn,CITY OF ANGELS,112493,Hip-Hop
2024-10-19 23:00,Macklemore,Can't Hold Us (feat. Ray Dalton),258431,Hip-Hop
2024-10-19 23:04,Taylor Swift,Love Story,236266,country
2024-10-19 23:07,Suzan & Freek,Als Het Avond Is,205714,singer-songwriter
2024-10-19 23:12,Halsey,Castle,277623,pop
2024-10-19 23:13,Ellie Goulding,Close To Me (with Diplo) (feat. Swae Lee),2136,female vocalists
2024-10-19 23:13,Ellie Goulding,Close To Me (with Diplo) (feat. Swae Lee),8482,female vocalists
2024-10-19 23:13,Jon Bellion,All Time Low,1542,electronic
2024-10-19 23:13,Jon Bellion,All Time Low,957,electronic
2024-10-19 23:13,Jon Bellion,All Time Low,64743,electronic
2024-10-19 23:14,Halsey,Castle,22290,pop
2024-10-19 23:17,Jon Bellion,All Time Low,221333,electronic
2024-10-20 00:14,Ellie Goulding,Close To Me (with Diplo) (feat. Swae Lee),86749,female vocalists
2024-10-21 03:20,Ellie Goulding,Close To Me (with Diplo) (feat. Swae Lee),8800,female vocalists
2024-10-21 03:53,Ellie Goulding,Close To Me (with Diplo) (feat. Swae Lee),7340,female vocalists
2024-10-22 02:45,Ellie Goulding,Close To Me (with Diplo) (feat. Swae Lee),83332,female vocalists
2024-10-22 02:48,Maroon 5,Memories,189486,pop
2024-10-22 02:52,Camila Cabello,Havana (feat. Young Thug),217306,pop
2024-10-22 02:57,Two Steps from Hell,Star Sky,330579,orchestra
2024-10-22 03:00,Surf Curse,Freaks,147062,indie
2024-10-22 03:04,Maroon 5,Cold (feat. Future),234308,pop
2024-10-22 03:05,BTS,Dynamite,62974,k-pop
2024-10-22 03:08,lilster,Barbie (Can You Play Ken?),173735,jersey club
2024-10-22 03:11,Serhat Durmus,Hislerim,214204,turkish
2024-10-22 03:16,BTS,Spring Day,274097,k-pop
2024-10-22 03:27,Dua Lipa,New Rules,74880,pop
2024-10-23 01:20,Dua Lipa,New Rules,48814,pop
2024-10-23 01:23,BANNERS,Someone to You,219813,indie
2024-10-23 01:28,Our Last Night,Skyfall,249411,post-hardcore
2024-10-23 01:31,Olivia Rodrigo,obsessed,170541,pop
2024-10-23 01:35,lovelytheband,broken,204878,indie pop
2024-10-23 01:39,BTS,Stay Gold,243733,k-pop
2024-10-23 01:43,BLACKPINK,BOOMBAYAH,240793,k-pop
2024-10-23 01:46,Why Don't We,Fallin’ (Adrenaline),216504,pop
2024-10-23 01:50,Au/Ra,Panic Room,237772,pop
2024-10-23 01:54,DJ Snake,"Taki Taki (with Selena Gomez, Ozuna & Cardi B)",212500,electronic
2024-10-23 01:58,BTS,We are Bulletproof : the Eternal,261542,k-pop
2024-10-23 02:00,Post Malone,rockstar (feat. 21 Savage),138356,Hip-Hop
2024-10-23 02:01,Olivia Rodrigo,happier,1508,pop
2024-10-23 02:01,ZAYN,Entertainer,1204,pop
2024-10-23 02:03,MARINA,Bubblegum Bitch,154666,pop
2024-10-23 02:06,Lewis Capaldi,Someone You Loved,182160,soft pop
2024-10-23 02:11,Billie Eilish,CHIHIRO,303440,pop
2024-10-23 02:15,Marshmello,Happier,214289,edm
2024-10-23 02:46,The Chainsmokers,Sick Boy,132260,electronic
2024-10-24 05:04,The Chainsmokers,Sick Boy,754,electronic
2024-10-24 05:08,Twenty One Pilots,Ride,214506,electronic
2024-10-24 05:11,Shawn Mendes,Stitches,206880,pop
2024-10-24 05:15,The Weeknd,"One Of The Girls (with JENNIE, Lily Rose Depp)",244684,rnb
2024-10-24 05:18,zzoilo,Mon Amour - Remix,179940,latin pop
2024-10-24 05:22,Ed Sheeran,Bad Habits,230746,soft pop
2024-10-24 05:25,Khalid,Know Your Worth,181436,rnb
2024-10-24 05:28,Trevor Daniel,Falling,159381,pop
2024-10-24 05:32,Maroon 5,Sugar,235493,pop
2024-10-24 06:03,Ruth B.,Lost Boy,204823,pop
2024-10-24 15:53,Ruth B.,Lost Boy,72393,pop
2024-10-24 15:56,Conan Gray,People Watching,158536,seen live
2024-10-24 15:59,Fall Out Boy,Immortals,189386,emo
2024-10-24 16:02,Halsey,Graveyard,181805,pop
2024-10-24 16:05,Lou Bliss,Killing Butterflies,170000,
2024-10-24 16:07,Post Malone,Hollywood's Bleeding,156266,Hip-Hop
2024-10-24 16:13,Billie Eilish,L’AMOUR DE MA VIE,333986,pop
2024-10-24 17:31,GAYLE,abcdefu,1187,worship
2024-10-25 00:53,GAYLE,abcdefu,168421,worship
2024-10-25 00:58,Imagine Dragons,Monster,249493,indie
2024-10-25 01:01,Dotan,Numb,194048,folk pop
2024-10-25 01:01,Taylor Swift,You Belong With Me,1419,country
2024-10-25 01:01,Halsey,Graveyard,960,pop
2024-10-25 01:01,Katy Perry,Hot N Cold,1179,pop
2024-10-25 01:01,Katy Perry,Roar,1791,pop
2024-10-25 01:01,Candace,The Universe Is Against Me,1005,shoegaze
2024-10-25 01:01,ZAYN,Dusk Till Dawn (feat. Sia) - Radio Edit,454,pop
2024-10-25 01:01,Sean Paul,Temperature,1757,dancehall
2024-10-25 01:01,Lil Nas X,MONTERO (Call Me By Your Name),1238,Hip-Hop
2024-10-25 01:05,Katy Perry,Hot N Cold,220226,pop
2024-10-25 01:07,Lil Nas X,MONTERO (Call Me By Your Name),137875,Hip-Hop
2024-10-25 01:11,Troye Sivan,TALK ME DOWN,237464,pop
2024-10-25 01:15,Taylor Swift,cardigan,239560,country
2024-10-25 01:18,Niall Horan,Nice To Meet Ya,158805,pop
2024-10-25 01:21,Tove Lo,Habits (Stay High),209160,pop
2024-10-25 01:25,Melanie Martinez,Pacify Her,220013,pop
2024-10-25 01:40,Panic! At The Disco,High Hopes,180190,emo
2024-10-25 19:02,Panic! At The Disco,High Hopes,1376,emo
2024-10-25 21:34,Panic! At The Disco,High Hopes,9381,emo
2024-10-25 21:38,OneRepublic,Counting Stars,257266,soft pop
2024-10-25 21:43,BTS,Spring Day,274097,k-pop
2024-10-25 21:46,grandson,Blood // Water,214520,alternative rock
2024-10-25 21:50,Chappell Roan,Femininomenon,219710,pop
2024-10-25 21:54,Gym Class Heroes,Stereo Hearts (feat. Adam Levine),210960,Hip-Hop
2024-10-25 21:56,All Time Low,Monsters (feat. blackbear),174067,pop punk
2024-10-25 22:02,Charlie Puth,Attention,208786,soft pop
2024-10-25 22:06,Martin Garrix,There for You,221904,edm
2024-10-25 22:10,Fall Out Boy,The Phoenix,244960,emo
2024-10-25 22:13,Naughty Boy,La La La,222200,rnb
2024-10-25 22:16,JNR CHOI,TO THE MOON,152137,gambia
2024-10-25 22:19,5 Seconds of Summer,Ghost Of You,197411,pop rock
2024-10-25 22:23,Chappell Roan,Pink Pony Club,258034,pop
2024-10-25 22:26,The Chainsmokers,Hope,180120,electronic
2024-10-25 22:30,Maroon 5,This Love,206200,pop
2024-10-25 22:34,Troye Sivan,WILD,219491,pop
2024-10-25 22:39,CKay,love nwantiti (feat. Dj Yo! & AX'EL) - Remix,188368,afrobeats
2024-10-25 22:42,Destiny,Je me casse,178500,metalcore
2024-10-25 22:46,Olivia Rodrigo,drivers license,242013,pop
2024-10-25 22:49,Benson Boone,Beautiful Things,180304,pop
2024-10-25 22:53,The Buttress,Brutus (Instrumental),200000,Horrorcore
2024-10-25 22:56,Conan Gray,Heather,198040,seen live
2024-10-25 23:00,Passenger,Let Her Go,252733,folk pop
2024-10-25 23:04,Post Malone,Take What You Want (feat. Ozzy Osbourne & Travis Scott),229573,Hip-Hop
2024-10-25 23:08,Eminem,Lucky You (feat. Joyner Lucas),244679,rap
2024-10-25 23:11,Billie Eilish,all the good girls go to hell,168839,pop
2024-10-25 23:14,Alec Benjamin,Mind Is A Prison,161697,pop
2024-10-25 23:17,Ellise,911,188386,indie pop
2024-10-25 23:30,Frenna,Regen,174492,Hip-Hop
2024-10-25 23:46,Frenna,Regen,913,Hip-Hop
2024-10-25 23:49,SHAED,Trampoline (with ZAYN),184280,electronic
2024-10-25 23:54,Rihanna,Umbrella,275986,pop
2024-10-25 23:58,Paris Paloma,labour,237744,seen live
2024-10-26 00:09,Ariana Grande,the boy is mine,47363,pop
2024-10-26 01:06,Arctic Monkeys,I Wanna Be Yours,90101,indie
2024-10-26 01:13,Sanam,Gulabi Aankhen,197759,hindi pop
2024-10-26 01:17,Joi Barua,Dil Dhadakne Do,230318,bollywood
2024-10-26 01:19,Darshan Raval,Mannat,90006,gujarati garba
2024-10-26 16:08,Ariana Grande,the boy is mine,127291,pop
2024-10-26 16:11,Charlotte Lawrence,Why Do You Love Me,171908,pop
2024-10-26 16:12,Tones And I,Ur So F**kInG cOoL,50631,pop
2024-10-26 16:15,Madison Beer,Dear Society,179576,pop
2024-10-26 16:18,Zedd,365,181899,edm
2024-10-26 16:21,Sam Tinnesz,Play with Fire (feat. Yacht Money),180690,alternative
2024-10-26 16:23,Lil Nas X,Old Town Road (feat. Billy Ray Cyrus) - Remix,157066,Hip-Hop
2024-10-26 16:27,Twenty One Pilots,Jumpsuit,238560,electronic
2024-10-26 16:30,Dua Lipa,Boys Will Be Boys,166266,pop
2024-10-26 18:32,MARINA,Purge The Poison,109756,pop
2024-10-26 20:59,MARINA,Purge The Poison,87840,pop
2024-10-26 21:03,Kygo,Stargazing,236853,tropical house
2024-10-26 21:06,LISA,MONEY,168227,k-pop
2024-10-26 21:09,Ed Sheeran,Beautiful People (feat. Khalid),197866,soft pop
2024-10-26 21:22,Drake,One Dance,3250,rap
2024-10-26 21:48,League of Legends,Burn It All Down,201840,Soundtrack
2024-10-26 21:51,Lou Bliss,Killing Butterflies,170000,
2024-10-26 21:54,League of Legends,Legends Never Die,235000,Soundtrack
2024-10-26 21:56,Ryan Mack,Overwhelmed (Ryan Mack Remix),103240,pop
2024-10-26 21:58,Sub Urban,INFERNO,133133,noise
2024-10-26 22:02,AURORA,Cure For Me,201640,norwegian pop
2024-10-26 22:05,Imagine Dragons,Enemy (with JID) - from the series Arcane League of Legends,173381,indie
2024-10-26 22:08,League of Legends,GODS,220878,Soundtrack
2024-10-26 22:09,League of Legends,GODS,880,Soundtrack
2024-10-26 22:09,AURORA,Cure For Me,1390,norwegian pop
2024-10-26 22:09,Ryan Mack,Overwhelmed (Ryan Mack Remix),730,pop
2024-10-26 22:09,League of Legends,Legends Never Die,1440,Soundtrack
2024-10-26 22:09,Bea Miller,Playground (from the series Arcane League of Legends),60887,pop
2024-10-26 22:09,Sub Urban,INFERNO,420,noise
2024-10-26 22:09,Imagine Dragons,Enemy (with JID) - from the series Arcane League of Legends,820,indie
2024-10-26 22:10,Lou Bliss,Killing Butterflies,1500,
2024-10-26 22:13,League of Legends,Burn It All Down,201840,Soundtrack
2024-10-26 22:16,Lou Bliss,Killing Butterflies,170000,
2024-10-26 22:20,League of Legends,Legends Never Die,235000,Soundtrack
2024-10-26 22:21,Ryan Mack,Overwhelmed (Ryan Mack Remix),103240,pop
2024-10-26 22:24,Sub Urban,INFERNO,133133,noise
2024-10-26 22:27,AURORA,Cure For Me,201640,norwegian pop
2024-10-26 22:30,Imagine Dragons,Enemy (with JID) - from the series Arcane League of Legends,173381,indie
2024-10-26 22:34,League of Legends,GODS,220878,Soundtrack
2024-10-26 22:37,Bea Miller,Playground (from the series Arcane League of Legends),230525,pop
2024-10-26 22:40,UPSAHL,People I Don't Like,142765,pop
2024-10-26 22:43,grandson,Blood // Water,216720,alternative rock
2024-10-26 22:47,Panic! At The Disco,House of Memories,208706,emo
2024-10-26 22:50,League of Legends,Phoenix,197633,Soundtrack
2024-10-27 02:22,Cartoon,Howling,47994,Progressive rock
2024-10-27 02:25,Gigi Perez,Sailor Song,211978,indie
2024-10-27 02:28,Poylow,Hate You,180000,slap house
2024-10-27 02:32,Fall Out Boy,Immortals,189386,emo
2024-10-27 02:34,K/DA,POP/STARS,127014,traditional music
2024-10-27 21:59,K/DA,POP/STARS,17340,traditional music
2024-10-27 22:28,K/DA,POP/STARS,20112,traditional music
2024-10-28 16:20,League of Legends,RISE,35270,Soundtrack
2024-10-28 16:31,League of Legends,Burn It All Down,201840,Soundtrack
2024-10-28 16:34,Lou Bliss,Killing Butterflies,170000,
2024-10-28 16:38,League of Legends,Legends Never Die,235000,Soundtrack
2024-10-28 16:40,Sub Urban,INFERNO,133133,noise
2024-10-28 16:46,AURORA,Cure For Me,201640,norwegian pop
2024-10-28 16:49,League of Legends,GODS,220878,Soundtrack
2024-10-28 16:53,Bea Miller,Playground (from the series Arcane League of Legends),230525,pop
2024-10-28 16:57,grandson,Blood // Water,216720,alternative rock
2024-10-28 17:00,Gigi Perez,Sailor Song,211978,indie
2024-10-28 17:04,League of Legends,Burn It All Down,201840,Soundtrack
2024-10-28 17:05,Ryan Mack,Overwhelmed (Ryan Mack Remix),103240,pop
2024-10-28 17:09,League of Legends,Phoenix,197633,Soundtrack
2024-10-28 17:12,Imagine Dragons,Enemy (with JID) - from the series Arcane League of Legends,173381,indie
2024-10-28 17:14,Royal & the Serpent,overwhelmed,159293,orchestra
2024-10-28 17:17,Poylow,Hate You,180000,slap house
2024-10-28 17:56,K/DA,VILLAIN,98522,traditional music
2024-10-28 21:30,K/DA,VILLAIN,1168,traditional music
2024-10-28 21:33,Fall Out Boy,Immortals,189386,emo
2024-10-28 21:36,Clarx,Castle,158181,future house
2024-10-28 21:40,Panic! At The Disco,House of Memories,208706,emo
2024-10-28 21:43,Marshmello,Shockwave,181283,edm
2024-10-28 21:45,UPSAHL,People I Don't Like,142765,pop
2024-10-28 21:48,salem ilese,PS5,152214,pop
2024-10-28 21:52,The Score,Revolution,231986,rock
2024-10-28 21:55,K/DA,THE BADDEST,162600,traditional music
2024-10-28 21:58,League of Legends,RISE,192881,Soundtrack
2024-10-28 22:01,BEAUZ,Outerspace,174084,House
2024-10-28 23:43,Cartoon,Omen,166022,Progressive rock
2024-10-29 04:34,Cartoon,Omen,12880,Progressive rock
2024-10-29 04:37,Stellar,Bad Dream,147840,k-pop
2024-10-29 04:41,The Score,Born For This,237375,rock
2024-10-29 05:08,K/DA,MORE,116859,traditional music
2024-10-30 17:19,K/DA,MORE,299,traditional music
2024-10-30 17:21,Halsey,Walls Could Talk,101789,pop
2024-10-30 17:24,All Time Low,Monsters (feat. blackbear),174067,pop punk
2024-10-30 17:26,Royal & the Serpent,overwhelmed - Chri$tian Gate$ remix,134482,orchestra
2024-10-30 17:30,Fall Out Boy,Centuries,228360,emo
2024-10-30 17:33,The Score,Unstoppable,173989,rock
2024-10-30 17:33,5 Seconds of Summer,Teeth,742,pop rock
2024-10-30 17:35,Tokyo Machine,Last Summer,124747,dubstep
2024-10-30 17:39,Alan Walker,Darkside,211680,electronic
2024-10-30 17:40,K/DA,DRUM GO DUM,838,traditional music
2024-10-30 17:40,The Score,Legend,3831,rock
2024-10-30 17:40,Lost Sky,Vision pt. II,5195,croatian
2024-10-30 17:40,League of Legends,Warriors,82435,Soundtrack
2024-10-30 17:42,CADMIUM,No Friends,80488,symphonic metal
2024-10-30 17:43,Marshmello,Happier,77166,edm
2024-10-30 17:47,League of Legends,Legends Never Die,235000,Soundtrack
2024-10-30 17:51,LiSA,紅蓮華,237586,k-pop
2024-10-30 17:54,yama,色彩,192175,Stoner Rock
2024-10-30 17:58,RADWIMPS,Suzume,238560,anime
2024-10-30 18:16,Ikimonogakari,ブルーバード,206534,anime
2024-10-30 21:27,League of Legends,Legends Never Die,235000,Soundtrack
2024-10-30 21:28,Ryan Mack,Overwhelmed (Ryan Mack Remix),103240,pop
2024-10-30 21:30,Sub Urban,INFERNO,133133,noise
2024-10-30 21:33,Måneskin,I WANNA BE YOUR SLAVE,173346,rock
2024-10-30 21:37,Ellise,911,188386,indie pop
2024-10-30 21:39,Lil Nas X,MONTERO (Call Me By Your Name),137704,Hip-Hop
2024-10-30 21:42,Poylow,Hate You,180000,slap house
2024-10-30 21:53,Alec Benjamin,Let Me Down Slowly,85785,pop
2024-10-30 22:32,Alec Benjamin,Let Me Down Slowly,3766,pop
2024-10-30 22:35,Melanie Martinez,"Tag, You're It",189026,pop
2024-10-30 22:39,League of Legends,Burn It All Down,201840,Soundtrack
2024-10-30 22:43,The Neighbourhood,Sweater Weather,240400,indie
2024-10-30 22:45,Camila Cabello,Shameless,145201,pop
2024-10-30 22:49,Billie Eilish,lovely (with Khalid),200185,pop
2024-10-30 22:56,Imagine Dragons,Enemy (with JID) - from the series Arcane League of Legends,49304,indie
2024-10-31 15:51,Imagine Dragons,Enemy (with JID) - from the series Arcane League of Legends,125097,indie
2024-10-31 15:55,League of Legends,Phoenix,197633,Soundtrack
2024-10-31 15:58,K/DA,VILLAIN,199125,traditional music
2024-10-31 16:01,Lindsey Stirling,Roundtable Rival,203279,violin
2024-10-31 16:05,Gym Class Heroes,Stereo Hearts (feat. Adam Levine),210960,Hip-Hop
2024-10-31 16:08,Ellie Goulding,Hate Me,188066,female vocalists
2024-10-31 16:12,League of Legends,GODS,139654,Soundtrack
2024-11-01 13:55,League of Legends,GODS,35339,Soundtrack
2024-11-02 01:28,League of Legends,GODS,82138,Soundtrack
2024-11-02 01:28,Sub Urban,INFERNO,1,noise
2024-11-02 01:31,Måneskin,I WANNA BE YOUR SLAVE,173346,rock
2024-11-02 01:34,Lil Nas X,MONTERO (Call Me By Your Name),137704,Hip-Hop
2024-11-02 01:37,Ellise,911,188386,indie pop
2024-11-02 01:38,Ryan Mack,Overwhelmed (Ryan Mack Remix),103240,pop
2024-11-02 01:42,Poylow,Hate You,180000,slap house
2024-11-02 01:46,League of Legends,Burn It All Down,201840,Soundtrack
2024-11-02 01:49,Billie Eilish,lovely (with Khalid),200185,pop
2024-11-02 01:53,Sub Urban,Freak (feat. REI AMI),194000,noise
2024-11-02 01:55,Alec Benjamin,Let Me Down Slowly,169353,pop
2024-11-02 01:59,Melanie Martinez,Mad Hatter,201520,pop
2024-11-02 02:12,League of Legends,RISE,173840,Soundtrack
2024-11-02 15:58,League of Legends,RISE,20051,Soundtrack
2024-11-02 16:01,Imagine Dragons,Bones,165264,indie
2024-11-02 16:05,Macklemore,Can't Hold Us (feat. Ray Dalton),258431,Hip-Hop
2024-11-02 16:09,Coldplay,Viva La Vida,242373,rock
2024-11-02 16:12,K/DA,POP/STARS,191100,traditional music
2024-11-02 16:16,Melanie Martinez,Dollhouse,231853,pop
2024-11-02 16:19,Clarx,Castle,158181,future house
2024-11-02 16:22,Imagine Dragons,Warriors,171333,indie
2024-11-02 16:25,Linkin Park,Numb,187520,nu metal
2024-11-02 17:23,Twenty One Pilots,Heathens,124107,electronic
2024-11-02 20:46,Twenty One Pilots,Heathens,71833,electronic
2024-11-02 20:50,CARYS,Princesses Don't Cry,212106,pop
2024-11-02 20:53,Melanie Martinez,"Tag, You're It",189026,pop
2024-11-02 20:57,The Chainsmokers,Closer,244960,electronic
2024-11-02 21:00,Imagine Dragons,Natural,189466,indie
2024-11-02 21:03,Sabrina Carpenter,Looking at Me,181120,pop
2024-11-02 21:07,Taylor Swift,Don’t Blame Me,236413,country
2024-11-02 21:10,Faouzia,Tears of Gold,176117,pop
2024-11-02 21:22,Selena Gomez,People You Know,113689,pop
2024-11-03 18:56,Pritam,Ye Tune Kya Kiya,314239,bollywood
2024-11-03 18:58,Royal & the Serpent,overwhelmed,159293,orchestra
2024-11-03 19:01,Imagine Dragons,Enemy - From the series Arcane League of Legends,173381,indie
2024-11-03 19:04,Alan Walker,Alone,160426,electronic
2024-11-03 19:07,blackbear,idfc,207026,electronic
2024-11-03 20:37,Halsey,Walls Could Talk,8152,pop
2024-11-04 01:54,Melanie Martinez,Mad Hatter,5965,pop
2024-11-04 01:57,Alec Benjamin,Let Me Down Slowly,169353,pop
2024-11-04 02:01,Melanie Martinez,Mad Hatter,201520,pop
2024-11-04 02:03,League of Legends,GODS,120003,Soundtrack
2024-11-04 02:54,Halsey,Walls Could Talk,8175,pop
2024-11-04 22:47,Halsey,Walls Could Talk,89775,pop
2024-11-04 22:51,K/DA,MORE,217088,traditional music
2024-11-04 22:52,ElyOtto,SugarCrash!,80080,hyperpop
2024-11-04 22:56,Camila Cabello,Shameless,219742,pop
2024-11-04 23:44,Imagine Dragons,Radioactive,182277,indie
2024-11-05 03:50,Imagine Dragons,Radioactive,5545,indie
2024-11-05 03:54,Marshmello,Happier,214289,edm
2024-11-05 03:57,Indila,Dernière danse,213493,french pop
2024-11-05 04:00,K/DA,THE BADDEST,162600,traditional music
2024-11-05 04:03,Cartoon,Howling,204549,Progressive rock
2024-11-05 04:07,Billie Eilish,bad guy,194087,pop
2024-11-05 04:10,All Time Low,Monsters (feat. blackbear),174067,pop punk
2024-11-05 04:13,Rixton,Me And My Broken Heart,193733,pop
2024-11-05 04:24,Måneskin,Beggin',69892,rock
2024-11-05 16:01,Måneskin,Beggin',142672,rock
2024-11-05 16:04,Sam Tinnesz,Play with Fire (feat. Yacht Money),180690,alternative
2024-11-05 16:08,Sia,"Genius (feat. Sia, Diplo, and Labrinth)",213706,female vocalists
2024-11-05 16:22,Shawn Mendes,Treat You Better,36131,pop
2024-11-05 22:14,Shawn Mendes,Treat You Better,5831,pop
2024-11-05 22:45,Shawn Mendes,Treat You Better,146060,pop
2024-11-05 22:49,grandson,Blood // Water,216720,alternative rock
2024-11-05 22:52,League of Legends,GODS,220878,Soundtrack
2024-11-05 22:56,Lindsey Stirling,Roundtable Rival,203279,violin
2024-11-05 22:59,Imagine Dragons,Enemy (with JID) - from the series Arcane League of Legends,173381,indie
2024-11-05 23:03,The Neighbourhood,Sweater Weather,240400,indie
2024-11-05 23:06,KALEO,Way down We Go,213706,rock
2024-11-05 23:10,League of Legends,Phoenix,197633,Soundtrack
2024-11-05 23:13,K/DA,VILLAIN,199125,traditional music
2024-11-05 23:16,Hugh Jackman,The Other Side,214373,musicals
2024-11-05 23:20,CADMIUM,No Friends,235023,symphonic metal
2024-11-05 23:24,The Chainsmokers,Don't Let Me Down,208373,electronic
2024-11-05 23:27,Sia,Chandelier,216120,female vocalists
2024-11-05 23:31,Selena Gomez,Wolves,197993,pop
2024-11-05 23:35,Coldplay,Hymn for the Weekend,258266,rock
2024-11-05 23:39,Linkin Park,In the End,216800,nu metal
2024-11-05 23:43,Bea Miller,Playground (from the series Arcane League of Legends),230525,pop
2024-11-05 23:46,Elley Duhé,MIDDLE OF THE NIGHT,184453,pop
2024-11-05 23:49,Melanie Martinez,Play Date,179867,pop
2024-11-05 23:52,Jonas Brothers,Sucker,181026,pop
2024-11-05 23:54,Post Malone,Sunflower - Spider-Man: Into the Spider-Verse,157560,Hip-Hop
2024-11-05 23:58,Shawn Mendes,Señorita,190799,pop
2024-11-06 00:01,Sub Urban,Cradles,209829,noise
2024-11-06 00:05,Au/Ra,Panic Room,237772,pop
2024-11-06 00:08,Imagine Dragons,Thunder,187146,indie
2024-11-06 00:12,Twenty One Pilots,Ride,214506,electronic
2024-11-06 00:15,Fall Out Boy,Immortals,189386,emo
2024-11-06 00:18,Shawn Mendes,Stitches,206880,pop
2024-11-06 00:22,Blackway,What's Up Danger (with Black Caviar),222306,Italo Disco
2024-11-06 00:24,Madison Beer,Good In Goodbye,141949,pop
2024-11-06 00:29,Halsey,Colors,249499,pop
2024-11-06 00:32,blackbear,hot girl bummer,188343,electronic
2024-11-06 00:36,The Weeknd,Starboy,230453,rnb
2024-11-06 00:39,Maroon 5,Maps,189960,pop
2024-11-06 00:42,5 Seconds of Summer,Teeth,205502,pop rock
2024-11-06 00:46,Shawn Mendes,Mercy,208733,pop
2024-11-06 00:48,Dove Cameron,Boyfriend,153000,pop
2024-11-06 00:53,OneRepublic,Counting Stars,257266,soft pop
2024-11-06 00:57,Fall Out Boy,The Phoenix,244960,emo
2024-11-06 01:00,Sean Paul,No Lie,221176,dancehall
2024-11-06 01:04,5 Seconds of Summer,Youngblood,203417,pop rock
2024-11-06 01:07,The Weeknd,Blinding Lights,200040,rnb
2024-11-06 01:11,Alessia Cara,Scars To Your Beautiful,230240,pop
2024-11-06 01:14,Alan Walker,Darkside,211680,electronic
2024-11-06 01:17,Alec Benjamin,If We Have Each Other,181522,pop
2024-11-06 01:20,Ava Max,Kings & Queens,162398,pop
2024-11-06 01:23,Imagine Dragons,Sharks,190883,indie
2024-11-06 01:27,Lil Nas X,STAR WALKIN' (League of Legends Worlds Anthem),210575,Hip-Hop
2024-11-06 01:32,Halsey,Castle,277623,pop
2024-11-06 01:35,Martin Garrix,In the Name of Love,195706,edm
2024-11-06 01:38,Alec Benjamin,Outrunning Karma,188850,pop
2024-11-06 01:42,Eminem,The Monster,250188,rap
2024-11-06 01:45,Stellar,Bad Dream,147840,k-pop
2024-11-06 01:48,Ellie Goulding,Hate Me,188066,female vocalists
2024-11-06 01:52,G-Eazy,Him & I (with Halsey),268866,Hip-Hop
2024-11-06 01:56,Bebe Rexha,I'm a Mess,195519,pop
2024-11-06 01:58,Black Gryph0n,Insane,159714,trance
2024-11-06 02:00,Royal & the Serpent,overwhelmed - Chri$tian Gate$ remix,134482,orchestra
2024-11-06 02:04,Alan Walker,Faded,212106,electronic
2024-11-06 02:07,Alec Benjamin,Boy In The Bubble,181705,pop
2024-11-06 02:11,ZAYN,Dusk Till Dawn (feat. Sia) - Radio Edit,239000,pop
2024-11-06 02:14,Bahari,Savage,164133,nightcore
2024-11-06 02:17,Olivia Rodrigo,good 4 u,178146,pop
2024-11-06 02:20,Marshmello,Silence,180822,edm
2024-11-06 02:22,Cheriimoya,"Living Life, In The Night",122517,german
2024-11-06 02:25,Alexander Rybak,Fairytale,183093,pop
2024-11-06 02:28,Imagine Dragons,Demons,175200,indie
2024-11-06 02:32,Hozier,Take Me to Church,241693,blues
2024-11-06 02:36,Ghost,Mary On A Cross,244804,metal
2024-11-06 02:40,Fall Out Boy,Centuries,228360,emo
2024-11-06 02:43,GAYLE,abcdefu,168601,worship
2024-11-06 02:45,Avicii,The Nights,176658,edm
2024-11-06 02:49,Halsey,Without Me,201660,pop
2024-11-06 02:52,Stellar,Ashes,166355,k-pop
2024-11-06 02:55,Clean Bandit,Solo (feat. Demi Lovato),222706,electronic
2024-11-06 02:59,League of Legends,Warriors,204586,Soundtrack
2024-11-06 03:02,Alan Walker,Sing Me to Sleep,187800,electronic
2024-11-06 03:05,Melanie Martinez,Soap,209426,pop
2024-11-06 03:09,Lil Nas X,INDUSTRY BABY (feat. Jack Harlow),212352,Hip-Hop
2024-11-06 03:12,Twenty One Pilots,Stressed Out,202333,electronic
2024-11-06 03:15,Duncan Laurence,Arcade,185146,pop
2024-11-06 03:19,Sabrina Carpenter,Thumbs,216466,pop
2024-11-06 03:23,Jaymes Young,Infinity,237720,indie
2024-11-06 03:26,Fitz and The Tantrums,HandClap,193253,soul
2024-11-06 03:30,Gym Class Heroes,Stereo Hearts (feat. Adam Levine),210960,Hip-Hop
2024-11-06 03:35,Avicii,Wake Me Up,247426,edm
2024-11-06 03:39,Imagine Dragons,Whatever It Takes,201240,indie
2024-11-06 03:42,BANNERS,Someone to You,219813,indie
2024-11-06 03:46,Alec Benjamin,If I Killed Someone For You,185122,pop
2024-11-06 03:49,Rag'n'Bone Man,Human,200186,soul
2024-11-06 03:51,Lil Nas X,Old Town Road,113000,Hip-Hop
2024-11-06 03:53,The Kid LAROI,STAY (with Justin Bieber),141805,rap
2024-11-06 03:57,Imagine Dragons,Monster,249493,indie
2024-11-06 04:01,Ellie Goulding,Burn,231213,female vocalists
2024-11-06 04:05,Alan Walker,Ignite,210288,electronic
2024-11-06 04:08,Eminem,Godzilla (feat. Juice WRLD),210800,rap
2024-11-06 04:12,Ruth B.,Dandelions,233720,pop
2024-11-06 04:16,NF,Let You Down,212120,Hip-Hop
2024-11-06 04:19,Charlie Puth,Attention,208786,soft pop
2024-11-06 04:22,grandson,Blood // Water - King Kavalier Remix,179374,alternative rock
2024-11-06 04:25,Alan Walker,All Falls Down (feat. Juliander),198880,electronic
2024-11-06 04:57,Melanie Martinez,Cake,193416,pop
2024-11-07 05:04,Melanie Martinez,Cake,7467,pop
2024-11-07 05:08,Glass Animals,Heat Waves,238805,electronic
2024-11-07 05:12,Imagine Dragons,Believer,204346,indie
2024-11-07 05:16,AURORA,Runaway,248826,norwegian pop
2024-11-07 05:21,Eminem,Love The Way You Lie,263373,rap
2024-11-07 05:23,Halsey,Gasoline,111535,pop
2024-11-07 05:26,The Chainsmokers,Something Just Like This,238111,electronic
2024-11-07 05:30,Sia,The Greatest,210920,female vocalists
2024-11-07 05:33,Kodaline,Brother,203186,indie rock
2024-11-07 05:37,Shawn Mendes,There's Nothing Holdin' Me Back,199440,pop
2024-11-07 06:27,Imagine Dragons,Bad Liar,44952,indie
2024-11-08 01:58,Taylor Swift,Look What You Made Me Do,3449,country
2024-11-08 01:58,Imagine Dragons,Bad Liar,753,indie
2024-11-08 01:59,Fall Out Boy,My Songs Know What You Did In The Dark (Light Em Up),9503,emo
2024-11-08 01:59,why mona,Wannabe,2191,indie
2024-11-08 01:59,Evanescence,Bring Me To Life,38620,alternative metal
2024-11-08 01:59,t.A.T.u.,All The Things She Said,3159,reggae
2024-11-08 01:59,Camila Cabello,My Oh My (feat. DaBaby),3145,pop
2024-11-08 01:59,One Direction,Drag Me Down,547,pop
2024-11-08 01:59,Jagwar Twin,Happy Face,7665,electronic
2024-11-08 01:59,OneRepublic,Rescue Me,505,soft pop
2024-11-08 01:59,Taylor Swift,I Knew You Were Trouble.,997,country
2024-11-08 01:59,BoyWithUke,Toxic,0,indie pop
2024-11-08 01:59,Bishop Briggs,River,563,indie
2024-11-08 01:59,Dxrk ダーク,RAVE,2608,phonk
2024-11-08 02:00,The Chainsmokers,Closer,275,electronic
2024-11-08 02:00,Bastille,Pompeii,62543,indie
2024-11-08 02:00,Olivia Rodrigo,traitor,661,pop
2024-11-08 02:00,Tate McRae,you broke me first,0,pop
2024-11-08 02:00,Tate McRae,you broke me first,30,pop
2024-11-08 02:00,Dorian Concept,Hide - CS01 Version,335,electronic
2024-11-08 02:00,Dorian Concept,Hide - CS01 Version,333,electronic
2024-11-08 02:00,Charli xcx,Guess featuring billie eilish,0,hyperpop
2024-11-08 02:00,Charli xcx,Guess featuring billie eilish,1275,hyperpop
2024-11-08 02:00,Olivia Rodrigo,love is embarrassing,1975,pop
2024-11-08 02:00,Ben E. King,Stand By Me,30,soul
2024-11-08 02:00,The Weeknd,Can't Feel My Face,496,rnb
2024-11-08 02:00,Sasha Alex Sloan,Dancing With Your Ghost,856,indie pop
2024-11-08 02:00,Sasha Alex Sloan,Dancing With Your Ghost,426,indie pop
2024-11-08 02:04,League of Legends,Legends Never Die,235000,Soundtrack
2024-11-08 02:08,League of Legends,Burn It All Down,201840,Soundtrack
2024-11-08 02:11,Woodkid,Run Boy Run,213266,chamber pop
2024-11-08 02:16,Au/Ra,Ghost,291916,pop
2024-11-08 02:16,Rihanna,Diamonds,1421,pop
2024-11-08 02:16,Lady Gaga,Poker Face,773,art pop
2024-11-08 02:16,Alan Walker,The Spectre,1423,electronic
2024-11-08 02:16,GAYLE,abcdefu (angrier),2028,worship
2024-11-08 02:16,League of Legends,Legends Never Die - (Remix),3166,Soundtrack
2024-11-08 02:16,Faouzia,Born Without a Heart,656,pop
2024-11-08 02:16,Billie Eilish,you should see me in a crown,1923,pop
2024-11-08 02:16,Maroon 5,Animals,2702,pop
2024-11-08 02:16,Lady Gaga,Bad Romance,1192,art pop
2024-11-08 02:16,Ruelle,War Of Hearts,6109,pop
2024-11-08 02:16,Jagwar Twin,Bad Feeling (Oompa Loompa),2112,electronic
2024-11-08 02:16,Marshmello,FRIENDS,1513,edm
2024-11-08 02:17,Clean Bandit,Rockabye (feat. Sean Paul & Anne-Marie),905,electronic
2024-11-08 02:20,David Guetta,Say My Name,198946,edm
2024-11-08 02:24,Imagine Dragons,It's Time,237986,indie
2024-11-08 02:27,Linkin Park,What I've Done,205226,nu metal
2024-11-08 02:41,Lady Gaga,Judas,207767,art pop
2024-11-08 19:03,Lady Gaga,Judas,29603,art pop
2024-11-09 02:38,Lady Gaga,Judas,12868,art pop
2024-11-09 02:54,Meghan Trainor,NO,145821,pop
2024-11-09 16:56,Lana Del Rey,Summertime Sadness,17771,female vocalists
2024-11-09 16:56,Indila,Tourner Dans Le Vide,858,french pop
2024-11-09 16:56,Billie Eilish,COPYCAT,897,pop
2024-11-09 17:00,League of Legends,Legends Never Die,235000,Soundtrack
2024-11-09 17:03,Gigi Perez,Sailor Song,211978,indie
2024-11-09 17:06,Arctic Monkeys,I Wanna Be Yours,183956,indie
2024-11-09 17:08,George Ezra,Blame It on Me,84908,indie
2024-11-09 17:11,Bastille,Good Grief,206493,indie
2024-11-09 17:15,Bastille,Flaws,218800,indie
2024-11-09 17:18,Benson Boone,Slow It Down,161831,pop
2024-11-09 17:22,Dirty Heads,Oxygen,225394,reggae rock
2024-11-09 17:27,Chappell Roan,Femininomenon,194714,pop
2024-11-09 21:37,Chappell Roan,Femininomenon,26177,pop
2024-11-09 21:39,Ariana Grande,the boy is mine,173639,pop
2024-11-09 21:43,Olivia Rodrigo,teenage dream,222358,pop
2024-11-09 21:47,Chappell Roan,Casual,232796,pop
2024-11-09 21:52,Wallows,Are You Bored Yet? (feat. Clairo),2952,indie
2024-11-09 21:52,Chappell Roan,Red Wine Supernova,170160,pop
2024-11-09 21:55,The Last Dinner Party,Nothing Matters,182623,seen live
2024-11-09 21:56,Chappell Roan,Pink Pony Club,80786,pop
2024-11-09 22:00,Devi Sri Prasad,"Oo Antava Oo Oo Antava (From ""Pushpa - The Rise"")(Telugu)",223325,telugu pop
2024-11-09 22:01,Benson Boone,Cry,28642,pop
2024-11-09 22:04,Devi Sri Prasad,"Oo Antava Oo Oo Antava (From ""Pushpa - The Rise"")(Telugu)",223325,telugu pop
2024-11-09 22:04,Billie Eilish,CHIHIRO,6331,pop
2024-11-09 22:04,Charli xcx,Club classics,1947,hyperpop
2024-11-09 22:08,Chappell Roan,My Kink Is Karma,222578,pop
2024-11-09 22:19,Benson Boone,Beautiful Things,39003,pop
2024-11-10 01:10,Ajay-Atul,Abhi Mujh Mein Kahin,364786,marathi pop
2024-11-10 01:24,Arijit Singh,Mast Magan,214213,hindi pop
2024-11-10 22:34,Arijit Singh,Mast Magan,3344,hindi pop
2024-11-10 22:34,Pritam,Kabira,934,bollywood
2024-11-10 22:34,Monali Thakur,Sawaar Loon,1831,bollywood
2024-11-10 22:34,Tanishk Bagchi,Bolna,3110,bollywood
2024-11-10 22:40,Amit Trivedi,Iktara,254720,bollywood
2024-11-10 22:49,Amit Trivedi,Tu Hi Hai,116284,bollywood
2024-11-10 22:53,Amit Trivedi,Love You Zindagi,232505,bollywood
2024-11-10 22:59,Kailash Kher,Teri Deewani,323520,sufi
2024-11-10 23:04,Kailash Kher,Saiyyan,343906,sufi
2024-11-10 23:09,Pritam,Te Amo (Duet),284723,bollywood
2024-11-10 23:14,Monty Sharma,Jab Se Tere Naina,284573,bollywood
2024-11-10 23:55,Shaan,Tum Ho Toh Lagta Hain,273236,bollywood
2024-11-11 17:07,Shaan,Tum Ho Toh Lagta Hain,600,bollywood
2024-11-11 18:27,Pritam,Ilahi,2459,bollywood
2024-11-11 18:27,Gajendra Verma,Mann Mera,2957,hindi pop
2024-11-11 18:27,Pritam,Dil Ibaadat,50,bollywood
2024-11-11 18:27,Pritam,Saudebazi (Encore),7022,bollywood
2024-11-11 18:27,Shaan,Tum Ho Toh Lagta Hain,20232,bollywood
2024-11-11 18:33,Vishal-Shekhar,Khuda Jaane,333583,bollywood
2024-11-11 18:36,Sachin-Jigar,Saibo,195253,gujarati pop
2024-11-11 18:41,Palak Muchhal,Chahun Main Ya Naa,304899,bollywood
2024-11-11 18:47,Mohammed Irfan,Phir Mohabbat,329851,hindi pop
2024-11-11 18:53,Ankit Tiwari,Galliyan,340399,bollywood
2024-11-11 18:57,Mohan Kannan,Chaandaniya,247862,bollywood
2024-11-11 19:02,Shantanu Moitra,Behti Hawa Sa Tha Woh,302142,bollywood
2024-11-11 19:14,Sona Mohapatra,Ambarsariya,120791,bollywood
2024-11-11 20:23,Sona Mohapatra,Ambarsariya,127406,bollywood
2024-11-11 20:27,Jawad Ahmad,Samjhawan,269184,bollywood
2024-11-11 20:37,Nandini Srikar,Bhare Naina,360791,bollywood
2024-11-11 20:41,Pritam,Kabira (Encore),270438,bollywood
2024-11-11 20:46,Armaan Malik,Bol Do Na Zara,292826,hindi pop
2024-11-11 20:51,Rochak Kohli,Tera Yaar Hoon Main,264805,bollywood
2024-11-11 20:55,Sultana,Patakha Guddi,285185,Hip-Hop
2024-11-11 20:59,A.R. Rahman,Maahi Ve,240784,tamil pop
2024-11-11 21:03,Rochak Kohli,Yahin Hoon Main,238120,bollywood
2024-11-11 21:08,Arijit Singh,Roke Na Ruke Naina,278401,hindi pop
2024-11-11 21:14,Vishal-Shekhar,Aas Paas Khuda,319115,bollywood
2024-11-11 21:17,Shankar Mahadevan,Koyi Jo Mila Toh Mujeh Aisa Lagata Tha,185720,bollywood
2024-11-11 21:18,Atif Aslam,Tera Hone Laga Hoon,56166,bollywood
2024-11-11 21:22,Pritam,Janam Janam,237896,bollywood
2024-11-11 21:22,Pritam,"Channa Mereya (From ""Ae Dil Hai Mushkil"")",33030,bollywood
2024-11-11 21:26,A.R. Rahman,"Enna Sona (From ""OK Jaanu"")",213632,tamil pop
2024-11-11 21:57,Pritam,"Safar (From ""Jab Harry Met Sejal"")",33924,bollywood
2024-11-12 00:49,Pritam,"Safar (From ""Jab Harry Met Sejal"")",269593,bollywood
2024-11-12 16:47,Pritam,"Safar (From ""Jab Harry Met Sejal"")",63432,bollywood
2024-11-12 16:52,Bobby-Imran,Tu Har Lamha,272869,bollywood
2024-11-12 16:56,Arijit Singh,"Pal (From ""Monsoon Shootout"")",288000,hindi pop
2024-11-12 17:16,Jeet Gannguli,Hamari Adhuri Kahani (Title Track),96827,bangla pop
2024-11-12 17:25,Jeet Gannguli,Hamari Adhuri Kahani (Title Track),941,bangla pop
2024-11-12 17:30,Arijit Singh,Humdard,260590,hindi pop
2024-11-12 17:32,Alka Yagnik,Agar Tum Saath Ho,114849,bollywood
2024-11-12 17:36,Amaal Mallik,Soch Na Sake,281322,bollywood
2024-11-12 17:40,Shafqat Amanat Ali,Allah Waariyan,2464,bollywood
2024-11-12 17:40,Akhil,"Duniyaa (From ""Luka Chuppi"")",215617,hindi pop
2024-11-12 17:45,Anu Malik,Moh Moh Ke Dhaage (Female),322899,bollywood
2024-11-12 18:12,Pritam,Itni Si Baat Hain,69219,bollywood
2024-11-12 22:14,Ankit Tiwari,Agar Tu Hota,1909,bollywood
2024-11-12 22:18,League of Legends,Legends Never Die,235000,Soundtrack
2024-11-12 22:20,Sub Urban,INFERNO,133133,noise
2024-11-12 22:22,Faouzia,Tears of Gold,145457,pop
2024-11-12 22:22,Imagine Dragons,Natural,1245,indie
2024-11-12 22:22,Bahari,Savage,1839,nightcore
2024-11-12 22:22,Imagine Dragons,Whatever It Takes,2481,indie
2024-11-12 22:22,K/DA,MORE,1130,traditional music
2024-11-12 22:22,Sabrina Carpenter,Looking at Me,1006,pop
2024-11-12 22:26,League of Legends,RISE,192881,Soundtrack
2024-11-12 22:29,Eminem,Godzilla (feat. Juice WRLD),210800,rap
2024-11-12 22:32,5 Seconds of Summer,Youngblood,203417,pop rock
2024-11-12 22:36,League of Legends,GODS,220878,Soundtrack
2024-11-12 22:40,Poylow,Hate You,180000,slap house
2024-11-12 22:43,Indila,Dernière danse,213493,french pop
2024-11-12 22:46,Selena Gomez,People You Know,194900,pop
2024-11-12 23:41,Imagine Dragons,Warriors,98071,indie
2024-11-13 03:55,Imagine Dragons,Warriors,803,indie
2024-11-13 03:56,Imagine Dragons,Sharks,1444,indie
2024-11-13 03:59,Twenty One Pilots,Stressed Out,202333,electronic
2024-11-13 04:02,5 Seconds of Summer,Teeth,205502,pop rock
2024-11-13 04:15,Woodkid,Run Boy Run,213266,chamber pop
2024-11-13 04:17,ElyOtto,SugarCrash!,80080,hyperpop
2024-11-13 04:22,Maroon 5,Maps,336322,pop
2024-11-13 04:45,Alec Benjamin,If We Have Each Other,46689,pop
2024-11-13 23:37,Alec Benjamin,If We Have Each Other,3481,pop
2024-11-13 23:42,G-Eazy,Him & I (with Halsey),268866,Hip-Hop
2024-11-13 23:45,League of Legends,Phoenix,197633,Soundtrack
2024-11-13 23:49,Alan Walker,Ignite,210288,electronic
2024-11-13 23:53,Taylor Swift,Don’t Blame Me,236413,country
2024-11-13 23:56,NF,Let You Down,212120,Hip-Hop
2024-11-13 23:59,Imagine Dragons,Bones,165264,indie
2024-11-14 00:02,Twenty One Pilots,Heathens,195920,electronic
2024-11-14 00:06,Blackway,What's Up Danger (with Black Caviar),222306,Italo Disco
2024-11-14 00:41,Imagine Dragons,Thunder,100334,indie
2024-11-14 16:44,Imagine Dragons,Thunder,642,indie
2024-11-14 16:46,Alec Benjamin,Let Me Down Slowly,169353,pop
2024-11-14 16:50,Ellise,911,188386,indie pop
2024-11-14 16:54,Shawn Mendes,Mercy,208733,pop
2024-11-14 16:57,Billie Eilish,lovely (with Khalid),200185,pop
2024-11-14 17:00,League of Legends,Burn It All Down,201840,Soundtrack
2024-11-14 17:02,Cheriimoya,"Living Life, In The Night",122517,german
2024-11-14 17:06,League of Legends,Legends Never Die,235000,Soundtrack
2024-11-14 17:34,CARYS,Princesses Don't Cry,190761,pop
2024-11-14 22:44,Fall Out Boy,Immortals,3184,emo
2024-11-14 22:47,Sub Urban,Freak (feat. REI AMI),194000,noise
2024-11-14 22:51,Sub Urban,Cradles,209829,noise
2024-11-14 22:55,Imagine Dragons,Monster,249493,indie
2024-11-14 22:59,Imagine Dragons,It's Time,237986,indie
2024-11-14 23:03,Fall Out Boy,Centuries,228360,emo
2024-11-14 23:06,Alan Walker,Alone,160426,electronic
2024-11-14 23:25,Måneskin,I WANNA BE YOUR SLAVE,131227,rock
2024-11-15 00:51,Måneskin,I WANNA BE YOUR SLAVE,43248,rock
2024-11-15 00:54,Trevor Daniel,Falling,159381,pop
2024-11-15 00:58,The Neighbourhood,Sweater Weather,240400,indie
2024-11-15 01:06,Alec Benjamin,If I Killed Someone For You,185122,pop
2024-11-15 01:10,K/DA,VILLAIN,199125,traditional music
2024-11-15 01:13,Lil Nas X,STAR WALKIN' (League of Legends Worlds Anthem),210575,Hip-Hop
2024-11-15 01:16,grandson,Blood // Water - King Kavalier Remix,179374,alternative rock
2024-11-15 01:19,ROSÉ,APT.,169917,pop
2024-11-15 01:22,K/DA,THE BADDEST,162600,traditional music
2024-11-15 01:25,K/DA,POP/STARS,191100,traditional music
2024-11-15 01:28,David Guetta,Say My Name,198946,edm
2024-11-15 02:03,League of Legends,Warriors,133453,Soundtrack
2024-11-15 22:49,League of Legends,Warriors,72292,Soundtrack
2024-11-15 22:51,Ryan Mack,Overwhelmed (Ryan Mack Remix),103240,pop
2024-11-15 22:52,Elley Duhé,MIDDLE OF THE NIGHT,25905,pop
2024-11-15 22:54,Madison Beer,Good In Goodbye,141949,pop
2024-11-15 22:58,Ghost,Mary On A Cross,244804,metal
2024-11-15 23:01,Black Gryph0n,Insane,159714,trance
2024-11-15 23:04,Imagine Dragons,Demons,175200,indie
2024-11-15 23:08,Bobby-Imran,Tu Har Lamha,272869,bollywood
2024-11-15 23:12,KALEO,Way down We Go,213706,rock
2024-11-15 23:15,Rag'n'Bone Man,Human,200186,soul
2024-11-15 23:17,Lil Nas X,MONTERO (Call Me By Your Name),137704,Hip-Hop
2024-11-15 23:20,Alec Benjamin,Boy In The Bubble,181705,pop
2024-11-15 23:23,Imagine Dragons,Enemy (with JID) - from the series Arcane League of Legends,173381,indie
2024-11-15 23:27,Hugh Jackman,The Other Side,214373,musicals
2024-11-15 23:30,Melanie Martinez,"Tag, You're It",189026,pop
2024-11-15 23:33,Imagine Dragons,Believer,204346,indie
2024-11-15 23:37,Lindsey Stirling,Roundtable Rival,203279,violin
2024-11-15 23:40,The Chainsmokers,Don't Let Me Down,208373,electronic
2024-11-15 23:44,Sub Urban,Freak (feat. REI AMI),194000,noise
2024-11-15 23:47,Linkin Park,Numb,187520,nu metal
2024-11-15 23:51,Bea Miller,Playground (from the series Arcane League of Legends),230525,pop
2024-11-15 23:55,The Neighbourhood,Sweater Weather,240400,indie
2024-11-15 23:58,Twenty One Pilots,Heathens,195920,electronic
2024-11-16 00:01,CARYS,Princesses Don't Cry,212106,pop
2024-11-16 00:20,Sub Urban,INFERNO,43605,noise
2024-11-16 17:03,Sub Urban,INFERNO,561,noise
2024-11-16 17:06,Måneskin,Beggin',211560,rock
2024-11-16 17:10,League of Legends,GODS,220878,Soundtrack
2024-11-16 17:13,Ellise,911,188386,indie pop
2024-11-16 17:14,Billie Eilish,lovely (with Khalid),23233,pop
2024-11-16 17:17,Bebe Rexha,I'm a Mess,195519,pop
2024-11-16 17:21,CADMIUM,No Friends,235023,symphonic metal
2024-11-16 17:24,League of Legends,RISE,192881,Soundtrack
2024-11-16 18:28,grandson,Blood // Water - King Kavalier Remix,127558,alternative rock
2024-11-16 21:40,grandson,Blood // Water - King Kavalier Remix,51817,alternative rock
2024-11-16 21:44,Taylor Swift,Don’t Blame Me,236413,country
2024-11-16 21:48,Camila Cabello,Shameless,219742,pop
2024-11-16 21:51,NF,Let You Down,212120,Hip-Hop
2024-11-16 21:54,League of Legends,Phoenix,197633,Soundtrack
2024-11-16 21:59,Coldplay,Hymn for the Weekend,258266,rock
2024-11-16 22:02,David Guetta,"Hey Mama (feat. Nicki Minaj, Bebe Rexha & Afrojack)",192560,edm
2024-11-16 22:05,K/DA,VILLAIN,199125,traditional music
2024-11-16 22:10,Hozier,Take Me to Church,241693,blues
2024-11-16 22:14,League of Legends,Legends Never Die,235000,Soundtrack
2024-11-16 22:18,BANNERS,Someone to You,219813,indie
2024-11-16 22:22,Macklemore,Can't Hold Us (feat. Ray Dalton),258431,Hip-Hop
2024-11-16 22:26,Cartoon,Howling,204549,Progressive rock
2024-11-16 22:29,Linkin Park,In the End,216800,nu metal
2024-11-16 22:33,League of Legends,Burn It All Down,201840,Soundtrack
2024-11-16 22:34,ElyOtto,SugarCrash!,80080,hyperpop
2024-11-16 22:36,The Kid LAROI,STAY (with Justin Bieber),141805,rap
2024-11-16 22:40,K/DA,POP/STARS,191100,traditional music
2024-11-16 22:42,Stellar,Blur,131428,k-pop
2024-11-16 22:45,Selena Gomez,People You Know,194900,pop
2024-11-16 22:47,Halsey,Walls Could Talk,101789,pop
2024-11-16 22:50,Imagine Dragons,Bones,165264,indie
2024-11-17 00:23,5 Seconds of Summer,Teeth,171232,pop rock
2024-11-18 22:53,5 Seconds of Summer,Teeth,35276,pop rock
2024-11-18 22:57,Cartoon,On & On,207068,Progressive rock
2024-11-18 23:50,K/DA,THE BADDEST,23403,traditional music
2024-11-19 16:16,K/DA,THE BADDEST,748,traditional music
2024-11-19 16:20,Selena Gomez,Wolves,197993,pop
2024-11-19 16:22,Blackway,What's Up Danger (with Black Caviar),154924,Italo Disco
2024-11-19 16:26,David Guetta,Say My Name,198946,edm
2024-11-19 16:29,Fall Out Boy,Centuries,228360,emo
2024-11-19 16:41,Sabrina Carpenter,Looking at Me,25463,pop
2024-11-20 23:13,Imagine Dragons,Enemy - From the series Arcane League of Legends,1020,indie
2024-11-20 23:13,The Chainsmokers,Closer,812,electronic
2024-11-20 23:13,Sub Urban,Cradles,828,noise
2024-11-20 23:13,Olivia Rodrigo,good 4 u,833,pop
2024-11-20 23:13,Sabrina Carpenter,Looking at Me,343,pop
2024-11-20 23:13,blackbear,idfc,774,electronic
2024-11-20 23:17,Sub Urban,Cradles,209829,noise
2024-11-20 23:20,blackbear,idfc,207026,electronic
2024-11-20 23:24,David Guetta,Titanium (feat. Sia),245040,edm
2024-11-20 23:27,Black Gryph0n,Insane,159714,trance
2024-11-20 23:29,Ryan Mack,Overwhelmed (Ryan Mack Remix),103240,pop
2024-11-20 23:32,ROSÉ,APT.,169917,pop
2024-11-20 23:36,Halsey,Castle,277623,pop
2024-11-21 00:00,League of Legends,Warriors,166066,Soundtrack
2024-11-21 16:07,Harry James,"It's Been a Long, Long Time",75824,big band
2024-11-22 05:33,5 Seconds of Summer,Youngblood,203417,pop rock
2024-11-22 05:36,Poylow,Hate You,180000,slap house
2024-11-22 05:38,Madison Beer,Good In Goodbye,141949,pop
2024-11-22 05:39,Woodkid,To Ashes and Blood (from the series Arcane League of Legends),31462,chamber pop
2024-11-22 05:41,Madison Beer,Good In Goodbye,141949,pop
2024-11-22 05:45,Woodkid,To Ashes and Blood (from the series Arcane League of Legends),245626,chamber pop
2024-11-22 06:03,Halsey,Colors,31384,pop
2024-11-22 20:10,Halsey,Colors,218133,pop
2024-11-22 20:17,AURORA,Cure For Me,201640,trance
2024-11-22 20:19,Cheriimoya,"Living Life, In The Night",122517,german
2024-11-22 20:23,Twenty One Pilots,Ride,214506,electronic
2024-11-22 20:26,Shawn Mendes,Stitches,206880,pop
2024-11-22 20:30,grandson,Blood // Water,216720,alternative rock
2024-11-22 20:56,Halsey,Without Me,102562,pop
2024-11-22 22:28,Halsey,Without Me,100394,pop
2024-11-22 22:31,Royal & the Serpent,overwhelmed,159293,orchestra
2024-11-22 22:35,Ghost,Mary On A Cross,244804,metal
2024-11-22 22:38,Rixton,Me And My Broken Heart,193733,pop
2024-11-22 22:41,Shawn Mendes,Mercy,208733,pop
2024-11-22 22:45,The Weeknd,Starboy,230453,rnb
2024-11-22 22:49,Twenty One Pilots,Stressed Out,202333,electronic
2024-11-22 22:53,Sia,Chandelier,198467,female vocalists
2024-11-22 22:56,Sam Tinnesz,Play with Fire (feat. Yacht Money),180690,alternative
2024-11-22 22:59,Stellar,Ashes,166355,k-pop
2024-11-22 23:08,Shawn Mendes,Treat You Better,192324,pop
2024-11-22 23:11,Alan Walker,Ignite,210288,electronic
2024-11-22 23:14,Dove Cameron,Boyfriend,153000,pop
2024-11-22 23:20,Alexander Rybak,Fairytale,355606,pop
2024-11-22 23:25,Halsey,Gasoline,199593,pop
2024-11-22 23:30,NF,Paralyzed,270453,Hip-Hop
2024-11-22 23:33,Imagine Dragons,Whatever It Takes,201240,indie
2024-11-22 23:37,Fall Out Boy,The Phoenix,244960,emo
2024-11-22 23:41,Linkin Park,What I've Done,205226,nu metal
2024-11-22 23:45,Sam Tinnesz,Legends Are Made,169758,alternative
2024-11-22 23:48,Halsey,Control,214761,pop
2024-11-22 23:51,Post Malone,Sunflower - Spider-Man: Into the Spider-Verse,157560,Hip-Hop
2024-11-22 23:54,Melanie Martinez,Play Date,179867,pop
2024-11-22 23:57,Maroon 5,Maps,189960,pop
2024-11-23 00:00,Alec Benjamin,If I Killed Someone For You,185122,pop
2024-11-23 00:03,Shawn Mendes,There's Nothing Holdin' Me Back,199440,pop
2024-11-23 00:08,AURORA,Runaway,248826,norwegian pop
2024-11-23 00:11,Sia,"Genius (feat. Sia, Diplo, and Labrinth)",213706,female vocalists
2024-11-23 00:39,Melanie Martinez,Soap,68079,pop
2024-11-23 01:08,Melanie Martinez,Soap,141349,pop
2024-11-23 01:18,NF,The Search,28594,Hip-Hop
2024-11-23 04:02,NF,The Search,185848,Hip-Hop
2024-11-24 05:36,Harry James,"It's Been A Long, Long Time - Instrumental",851,big band
2024-11-24 05:43,League of Legends,Legends Never Die,235000,Soundtrack
2024-11-24 05:46,League of Legends,Burn It All Down,201840,Soundtrack
2024-11-24 05:50,True Damage,GIANTS,191720,electronic
2024-11-24 05:52,Lorde,Everybody Wants To Rule The World - From “The Hunger Games: Catching Fire” Soundtrack,155586,pop
2024-11-24 05:58,K/DA,MORE,130903,traditional music
2024-11-24 06:01,Bea Miller,Playground (from the series Arcane League of Legends),120003,pop
2024-11-24 06:07,Arcane,Sucker (from the series Arcane League of Legends),80122,Progressive metal
2024-11-24 06:08,Arcane,Hellfire (from the series Arcane League of Legends),72573,Progressive metal
2024-11-24 06:10,Arcane,To Ashes and Blood (from the series Arcane League of Legends),105954,Progressive metal
2024-11-24 06:11,Arcane,Paint The Town Blue (from the series Arcane League of Legends),74805,Progressive metal
2024-11-24 06:12,Arcane,The Beast (from the series Arcane League of Legends),33712,Progressive metal
2024-11-24 06:12,Arcane,Remember Me (Intro) (from the series Arcane League of Legends),33324,Progressive metal
2024-11-24 06:14,Arcane,Blood Sweat & Tears (from the series Arcane League of Legends),88827,Progressive metal
2024-11-24 06:17,Arcane,The Line (from the series Arcane League of Legends),192000,Progressive metal
2024-11-24 06:19,Arcane,Wasteland (from the series Arcane League of Legends),141970,Progressive metal
2024-11-24 06:20,PVRIS,Snakes (from the series Arcane League of Legends),55000,alternative rock
2024-11-25 05:50,Arcane,The Line (from the series Arcane League of Legends),3210,Progressive metal
2024-11-25 05:50,NF,The Search,563,Hip-Hop
2024-11-25 05:54,Arcane,The Line (from the series Arcane League of Legends),192000,Progressive metal
2024-11-25 05:58,League of Legends,Legends Never Die,235000,Soundtrack
2024-11-25 06:01,Gigi Perez,Sailor Song,211978,indie
2024-11-25 06:04,Arctic Monkeys,I Wanna Be Yours,183956,indie
2024-11-25 06:08,George Ezra,Blame It on Me,196400,indie
2024-11-25 06:11,Bastille,Good Grief,206493,indie
2024-11-25 06:15,Bastille,Flaws,218800,indie
2024-11-25 06:18,Benson Boone,Slow It Down,161831,pop
2024-11-25 06:39,Dirty Heads,Oxygen,225394,reggae rock
2024-11-25 06:43,Chappell Roan,Femininomenon,219710,pop
2024-11-25 06:46,Ariana Grande,the boy is mine,173639,pop
2024-11-25 06:50,Olivia Rodrigo,teenage dream,222358,pop
2024-11-25 06:54,Chappell Roan,Casual,232796,pop
2024-11-25 08:19,Gigi Perez,Sailor Song,508,indie
2024-11-25 08:19,George Ezra,Blame It on Me,655,indie
2024-11-25 08:19,Chappell Roan,Casual,987,pop
2024-11-25 08:19,Chappell Roan,Red Wine Supernova,128745,pop
2024-11-25 08:19,Bastille,Good Grief,571,indie
2024-11-25 08:19,Chappell Roan,Femininomenon,500,pop
2024-11-25 08:19,Bastille,Flaws,67,indie
2024-11-25 08:19,Arctic Monkeys,I Wanna Be Yours,694,indie
2024-11-25 08:19,Olivia Rodrigo,teenage dream,763,pop
2024-11-25 08:19,Dirty Heads,Oxygen,824,reggae rock
2024-11-25 08:19,Benson Boone,Slow It Down,889,pop
2024-11-25 08:19,League of Legends,Legends Never Die,711,Soundtrack
2024-11-25 08:19,Ariana Grande,the boy is mine,140,pop
2024-11-25 08:22,Arcane,The Line (from the series Arcane League of Legends),192000,Progressive metal
2024-11-25 08:26,Dirty Heads,Oxygen,225394,reggae rock
2024-11-25 08:30,League of Legends,Legends Never Die,235000,Soundtrack
2024-11-25 08:33,Gigi Perez,Sailor Song,174329,indie
2024-11-25 08:35,Arctic Monkeys,I Wanna Be Yours,133314,indie
2024-11-25 08:39,Arctic Monkeys,505,253586,indie
2024-11-25 08:40,George Ezra,Blame It on Me,38641,indie
2024-11-25 08:43,Bastille,Good Grief,206493,indie
2024-11-25 08:47,Bastille,Flaws,218800,indie
2024-11-25 08:50,Benson Boone,Slow It Down,161831,pop
2024-11-25 08:54,Chappell Roan,Femininomenon,219710,pop
2024-11-25 08:56,Ariana Grande,the boy is mine,173639,pop
2024-11-25 09:00,Olivia Rodrigo,teenage dream,222358,pop
2024-11-25 09:05,Chappell Roan,Casual,232796,pop
2024-11-25 09:09,Chappell Roan,Red Wine Supernova,192720,pop
2024-11-25 09:12,Wallows,Are You Bored Yet? (feat. Clairo),178000,indie
2024-11-25 09:15,The Last Dinner Party,Nothing Matters,182623,seen live
2024-11-25 09:19,Chappell Roan,Pink Pony Club,258034,pop
2024-11-25 09:34,Benson Boone,Cry,62751,pop
2024-11-25 18:30,Benson Boone,Cry,720,pop
2024-11-25 21:34,Gigi Perez,Sailor Song,544,indie
2024-11-25 21:34,George Ezra,Blame It on Me,563,indie
2024-11-25 21:34,Chappell Roan,Casual,715,pop
2024-11-25 21:34,Wallows,Are You Bored Yet? (feat. Clairo),591,indie
2024-11-25 21:34,Chappell Roan,Red Wine Supernova,534,pop
2024-11-25 21:34,Bastille,Good Grief,575,indie
2024-11-25 21:34,Chappell Roan,Femininomenon,690,pop
2024-11-25 21:34,Chappell Roan,Pink Pony Club,1871,pop
2024-11-25 21:34,Bastille,Flaws,499,indie
2024-11-25 21:34,The Last Dinner Party,Nothing Matters,893,seen live
2024-11-25 21:34,Arctic Monkeys,I Wanna Be Yours,487,indie
2024-11-25 21:34,Olivia Rodrigo,teenage dream,805,pop
2024-11-25 21:34,Dirty Heads,Oxygen,633,reggae rock
2024-11-25 21:34,Benson Boone,Slow It Down,621,pop
2024-11-25 21:34,League of Legends,Legends Never Die,472,Soundtrack
2024-11-25 21:34,Ariana Grande,the boy is mine,768,pop
2024-11-25 21:34,Benson Boone,Cry,22332,pop
2024-11-25 21:37,Arcane,The Line (from the series Arcane League of Legends),192000,Progressive metal
2024-11-25 21:41,Dirty Heads,Oxygen,225394,reggae rock
2024-11-25 21:45,League of Legends,Legends Never Die,235000,Soundtrack
2024-11-25 21:46,Gigi Perez,Sailor Song,37517,indie
2024-11-25 21:46,Arctic Monkeys,I Wanna Be Yours,52301,indie
2024-11-25 21:47,George Ezra,Blame It on Me,6445,indie
2024-11-25 21:50,Bastille,Good Grief,206493,indie
2024-11-25 21:54,Bastille,Flaws,218800,indie
2024-11-25 21:56,Benson Boone,Slow It Down,109524,pop
2024-11-25 21:58,Chappell Roan,Casual,7809,pop
2024-11-25 21:58,Wallows,Are You Bored Yet? (feat. Clairo),2555,indie
2024-11-25 21:58,Chappell Roan,Red Wine Supernova,1161,pop
2024-11-25 21:58,Chappell Roan,Femininomenon,148290,pop
2024-11-25 21:58,Olivia Rodrigo,teenage dream,1891,pop
2024-11-25 21:58,Ariana Grande,the boy is mine,1336,pop
2024-11-25 22:01,The Last Dinner Party,Nothing Matters,182623,seen live
2024-11-25 22:06,Chappell Roan,Pink Pony Club,258034,pop
2024-11-25 22:09,Benson Boone,Cry,186359,pop
2024-11-25 22:14,Billie Eilish,CHIHIRO,303440,pop
2024-11-25 22:16,Charli xcx,Club classics,153526,hyperpop
2024-11-25 22:48,Chappell Roan,My Kink Is Karma,130393,pop
2024-11-26 22:24,Arcane,The Line (from the series Arcane League of Legends),192000,Progressive metal
2024-11-26 22:27,Benson Boone,Beautiful Things,180304,pop
2024-11-26 22:29,Shaboozey,A Bar Song (Tipsy),109896,country
2024-11-26 22:31,Mitski,My Love Mine All Mine,137773,seen live
2024-11-26 22:35,beabadoobee,A Night To Remember,233388,bedroom pop
2024-11-26 22:38,Billie Eilish,BIRDS OF A FEATHER,210373,pop
2024-11-26 22:43,fun.,Carry On,278373,indie pop
2024-11-26 22:49,Billie Eilish,L’AMOUR DE MA VIE,333986,pop
2024-11-26 22:52,Billie Eilish,THE DINER,186346,pop
2024-11-26 22:55,Billie Eilish,WILDFLOWER,203744,pop
2024-11-26 22:59,Conan Gray,Family Line,216094,seen live
2024-11-27 00:23,Metro Boomin,Creepin' (with The Weeknd & 21 Savage),93515,trap
2024-11-28 01:01,Metro Boomin,Creepin' (with The Weeknd & 21 Savage),129015,trap
2024-11-28 01:04,Conan Gray,Family Line,216094,seen live
2024-11-28 01:06,Arctic Monkeys,505,100380,indie
2024-11-28 01:09,Arctic Monkeys,505,153208,indie
2024-11-28 01:11,lilster,Barbie (Can You Play Ken?),173735,jersey club
2024-11-28 01:15,Lana Del Rey,Young And Beautiful,236053,female vocalists
2024-11-28 01:19,Olivia Rodrigo,ballad of a homeschooled girl,203369,pop
2024-11-28 01:22,Olivia Rodrigo,obsessed,170541,pop
2024-11-28 01:23,Chappell Roan,"Good Luck, Babe!",104492,pop
2024-11-28 01:26,Ashnikko,Daisy,146523,Hip-Hop
2024-11-28 01:30,Fitz and The Tantrums,Out of My League,209386,soul
2024-11-28 02:14,New West,Those Eyes,78280,seen live
2024-11-28 07:20,New West,Those Eyes,143592,seen live
2024-11-28 07:28,Anuv Jain,Riha,473499,indian indie
2024-11-28 07:30,Olivia Rodrigo,favorite crime,152666,pop
2024-11-28 07:33,Olivia Rodrigo,all-american bitch,165833,pop
2024-11-28 07:36,Olivia Rodrigo,deja vu,215506,pop
2024-11-28 07:40,Olivia Rodrigo,bad idea right?,184783,pop
2024-11-28 07:43,Olivia Rodrigo,vampire,219724,pop
2024-11-28 07:47,The Weeknd,"One Of The Girls (with JENNIE, Lily Rose Depp)",244684,rnb
2024-11-28 07:50,Post Malone,Hollywood's Bleeding,156266,Hip-Hop
2024-11-28 07:53,The Buttress,Brutus (Instrumental),200000,Horrorcore
2024-11-28 07:59,Belle Sisoski,Hold On,336000,hip hop
2024-11-28 08:03,Grimes,Kill V. Maim,246013,art pop
2024-11-28 08:06,Caroline Polachek,Sunset,162909,art pop
2024-11-28 08:24,Lou Bliss,Killing Butterflies,161076,
2024-11-28 16:52,Lou Bliss,Killing Butterflies,630,
2024-11-28 16:55,Billie Eilish,watch,177523,pop
2024-11-28 16:58,League of Legends,Burn It All Down,201840,Soundtrack
2024-11-28 17:00,Otaku,Kyoran Hey Kids!! (Noragami Aragoto),109732,lo-fi
2024-11-28 17:18,Noah Cyrus,July,21445,pop
2024-11-29 01:32,Noah Cyrus,July,134672,pop
2024-11-29 01:35,All Time Low,Monsters (feat. blackbear),174067,pop punk
2024-11-29 01:39,MAGIC!,Rude,224840,reggae
2024-11-29 01:49,Bryce Fox,Golden Boy,3922,alternative
2024-11-29 21:02,Paris Paloma,labour,237744,seen live
2024-11-29 21:05,Kali Uchis,Melting,208853,rnb
2024-11-29 21:08,Lizzy McAlpine,ceilings,182887,indie pop
2024-11-29 21:12,BLACKPINK,Kill This Love,191050,k-pop
2024-11-29 21:16,Rebel Moves,Every When,260527,turkish
2024-11-29 21:21,RAYE,Escapism.,272373,pop
2024-11-29 21:23,SZA,Kill Bill,153946,rnb
2024-11-29 21:26,Anne-Marie,PSYCHO,162666,pop
2024-11-29 22:21,Stephen Sanchez,Until I Found You (with Em Beihold) - Em Beihold Version,152453,folk
2024-11-30 08:00,Stephen Sanchez,Until I Found You (with Em Beihold) - Em Beihold Version,19274,folk
2024-11-30 08:01,Oliver Tree,Miss You - Bonus Track,3920,electronic
2024-11-30 08:04,COIN,Crash My Car,188306,indie
2024-11-30 08:13,BoyWithUke,Sick of U (with Oliver Tree),168676,indie pop
2024-11-30 08:35,Sachin-Jigar,Saibo,124937,gujarati pop
2024-11-30 17:01,Sachin-Jigar,Saibo,70339,gujarati pop
2024-11-30 17:04,WILLOW,Wait a Minute!,2549,post-rock
2024-11-30 17:04,Taylor Swift,Lavender Haze,202395,country
2024-11-30 17:08,Arcane,The Line (from the series Arcane League of Legends),192000,Progressive metal
2024-11-30 17:11,League of Legends,Legends Never Die,235000,Soundtrack
2024-11-30 17:15,Gigi Perez,Sailor Song,211978,indie
2024-11-30 17:18,Arctic Monkeys,I Wanna Be Yours,183956,indie
2024-11-30 17:21,George Ezra,Blame It on Me,196400,indie
2024-11-30 17:25,Bastille,Good Grief,206493,indie
2024-11-30 19:27,Bastille,Flaws,93903,indie
2024-11-30 21:39,Bastille,Flaws,655,indie
2024-11-30 21:42,Benson Boone,Slow It Down,161831,pop
2024-11-30 21:46,Dirty Heads,Oxygen,225394,reggae rock
2024-11-30 21:50,Chappell Roan,Femininomenon,219710,pop
2024-11-30 21:53,Ariana Grande,the boy is mine,173639,pop
2024-11-30 21:56,Olivia Rodrigo,teenage dream,222358,pop
2024-11-30 22:00,Chappell Roan,Casual,232796,pop
2024-11-30 22:04,Chappell Roan,Red Wine Supernova,192720,pop
2024-11-30 22:07,Wallows,Are You Bored Yet? (feat. Clairo),178000,indie
2024-11-30 22:10,The Last Dinner Party,Nothing Matters,182623,seen live
2024-11-30 22:14,Chappell Roan,Pink Pony Club,258034,pop
2024-11-30 22:17,Benson Boone,Cry,186359,pop
2024-11-30 22:22,Billie Eilish,CHIHIRO,303440,pop
2024-11-30 22:25,Charli xcx,Club classics,153526,hyperpop
2024-11-30 22:28,Chappell Roan,My Kink Is Karma,222578,pop
2024-11-30 22:31,Benson Boone,Beautiful Things,180304,pop
2024-11-30 22:34,Shaboozey,A Bar Song (Tipsy),171291,country
2024-11-30 22:37,Mitski,My Love Mine All Mine,137773,seen live
2024-11-30 22:40,beabadoobee,A Night To Remember,233388,bedroom pop
2024-11-30 22:44,Billie Eilish,BIRDS OF A FEATHER,210373,pop
2024-11-30 22:49,fun.,Carry On,278373,indie pop
2024-11-30 22:54,Billie Eilish,L’AMOUR DE MA VIE,333986,pop
2024-11-30 22:57,Billie Eilish,THE DINER,186346,pop
2024-11-30 23:02,Billie Eilish,WILDFLOWER,261466,pop
2024-11-30 23:05,Metro Boomin,Creepin' (with The Weeknd & 21 Savage),221520,trap
2024-11-30 23:09,Conan Gray,Family Line,216094,seen live
2024-11-30 23:13,Arctic Monkeys,505,253586,indie
2024-11-30 23:16,lilster,Barbie (Can You Play Ken?),173735,jersey club
2024-11-30 23:20,Lana Del Rey,Young And Beautiful,236053,female vocalists
2024-11-30 23:23,Olivia Rodrigo,ballad of a homeschooled girl,203369,pop
2024-11-30 23:26,Olivia Rodrigo,obsessed,170541,pop
2024-11-30 23:30,Chappell Roan,"Good Luck, Babe!",218423,pop
2024-11-30 23:32,Ashnikko,Daisy,146523,Hip-Hop
2024-12-01 01:10,Fitz and The Tantrums,Out of My League,137229,soul
2024-12-01 20:07,Fitz and The Tantrums,Out of My League,7233,soul
2024-12-01 20:16,Salim Merchant,Aye Khuda,344336,bollywood
2024-12-01 20:20,New West,Those Eyes,220750,seen live
2024-12-01 21:10,Anuv Jain,Riha,175719,indian indie
2024-12-02 00:46,Anuv Jain,Riha,112617,indian indie
2024-12-02 00:48,Olivia Rodrigo,favorite crime,152666,pop
2024-12-02 01:23,Olivia Rodrigo,all-american bitch,76680,pop
2024-12-02 18:13,Olivia Rodrigo,all-american bitch,90269,pop
2024-12-02 18:16,Olivia Rodrigo,deja vu,215506,pop
2024-12-02 18:19,Olivia Rodrigo,bad idea right?,184783,pop
2024-12-02 18:20,The Weeknd,"One Of The Girls (with JENNIE, Lily Rose Depp)",7831,rnb
2024-12-02 18:20,Olivia Rodrigo,vampire,9811,pop
2024-12-02 18:22,Post Malone,Hollywood's Bleeding,156266,Hip-Hop
2024-12-02 18:24,The Buttress,Brutus (Instrumental),111732,Horrorcore
2024-12-02 18:30,Belle Sisoski,Hold On,336000,hip hop
2024-12-02 18:34,Grimes,Kill V. Maim,246013,art pop
2024-12-02 18:37,Caroline Polachek,Sunset,162909,art pop
2024-12-02 18:39,Lou Bliss,Killing Butterflies,170000,
2024-12-02 19:46,Billie Eilish,watch,156575,pop
2024-12-02 22:31,Billie Eilish,watch,1278,pop
2024-12-02 22:34,League of Legends,Burn It All Down,201840,Soundtrack
2024-12-02 22:36,Otaku,Kyoran Hey Kids!! (Noragami Aragoto),109732,lo-fi
2024-12-02 22:36,Noah Cyrus,July,28480,pop
2024-12-02 22:36,All Time Low,Monsters (feat. blackbear),3751,pop punk
2024-12-02 22:37,MAGIC!,Rude,5524,reggae
2024-12-02 22:38,Bryce Fox,Golden Boy,78615,alternative
2024-12-02 22:42,Paris Paloma,labour,237744,seen live
2024-12-02 22:45,Kali Uchis,Melting,208853,rnb
2024-12-02 22:48,Lizzy McAlpine,ceilings,182887,indie pop
2024-12-02 22:52,BLACKPINK,Kill This Love,191050,k-pop
2024-12-02 22:56,Rebel Moves,Every When,260527,turkish
2024-12-02 23:00,RAYE,Escapism.,272373,pop
2024-12-03 00:43,SZA,Kill Bill,129058,rnb
2024-12-03 03:52,SZA,Kill Bill,25916,rnb
2024-12-03 03:54,Anne-Marie,PSYCHO,162666,pop
2024-12-03 03:57,Stephen Sanchez,Until I Found You (with Em Beihold) - Em Beihold Version,176440,folk
2024-12-03 04:00,Oliver Tree,Miss You - Bonus Track,163586,electronic
2024-12-03 04:03,BoyWithUke,Sick of U (with Oliver Tree),168676,indie pop
2024-12-03 04:06,Sachin-Jigar,Saibo,195253,gujarati pop
2024-12-03 04:09,Taylor Swift,Lavender Haze,202395,country
2024-12-03 04:13,WILLOW,Wait a Minute!,196520,post-rock
2024-12-03 04:15,Daisy the Great,Record Player (with AJR),149538,indie pop
2024-12-03 05:27,Sia,Unstoppable,178676,female vocalists
2024-12-03 16:40,Sia,Unstoppable,990,female vocalists
2024-12-03 16:43,ILLENIUM,Story Of My Life (feat. Trippie Redd),191124,melodic bass
2024-12-03 16:44,Half an Orange,Blink 182,47857,indie
2024-12-03 16:47,The Kid LAROI,WITHOUT YOU,161384,rap
2024-12-03 16:50,Lana Del Rey,Summertime Sadness (Lana Del Rey Vs. Cedric Gervais) - Cedric Gervais Remix,214912,female vocalists
2024-12-03 16:54,Halsey,Colors,249499,pop
2024-12-03 16:57,Conan Gray,People Watching,158536,seen live
2024-12-03 17:00,Olivia Rodrigo,happier,175933,pop
2024-12-03 18:15,Conan Gray,Memories,11825,seen live
2024-12-03 23:22,Gracie Abrams,That’s So True,2970,seen live
2024-12-04 02:13,Gracie Abrams,That’s So True,952,seen live
2024-12-04 02:17,Panic! At The Disco,House of Memories,208706,emo
2024-12-04 02:21,Eminem,Lucky You (feat. Joyner Lucas),244679,rap
2024-12-04 02:23,Dove Cameron,Boyfriend,153000,pop
2024-12-04 02:27,Suki Waterhouse,Good Looking,214800,indie pop
2024-12-04 02:30,lovelytheband,broken,204878,indie pop
2024-12-04 02:34,Billie Eilish,Six Feet Under,189613,pop
2024-12-04 02:37,Anuv Jain,Alag Aasmaan,212750,indian indie
2024-12-04 02:48,BTS,Life Goes On,61187,k-pop
2024-12-04 19:24,League of Legends,Legends Never Die,235000,Soundtrack
2024-12-04 19:29,BTS,We are Bulletproof : the Eternal,261542,k-pop
2024-12-04 19:33,BTS,Dope,240020,k-pop
2024-12-04 19:36,BTS,Burning Up (Fire),203351,k-pop
2024-12-04 19:48,BTS,ON,94713,k-pop
2024-12-05 19:16,Vance Joy,Riptide,816,folk pop
2024-12-05 19:19,Imagine Dragons,Demons,175200,indie
2024-12-05 19:30,Kygo,Stargazing,94362,tropical house
2024-12-05 19:59,Kygo,Stargazing,70624,tropical house
2024-12-06 00:31,Kygo,Stargazing,2,tropical house
2024-12-06 00:35,Carolina Gaitán,We Don't Talk About Bruno,216120,pop
2024-12-06 00:38,Jessica Darrow,Surface Pressure,202226,USA
2024-12-06 00:43,Naughty Boy,No One’s Here To Sleep,272547,rnb
2024-12-06 00:46,Anuv Jain,Alag Aasmaan,212750,indian indie
2024-12-06 00:50,Seafret,Atlantis,229173,indie
2024-12-06 00:52,GROUPLOVE,Tongue Tied,81539,indie
2024-12-06 00:55,Anuv Jain,Alag Aasmaan,212750,indian indie
2024-12-06 00:58,Conan Gray,People Watching,158536,seen live
2024-12-06 01:02,Ruelle,War Of Hearts,226216,pop
2024-12-06 01:05,Camila Cabello,Bam Bam (feat. Ed Sheeran),200043,pop
2024-12-06 01:14,Elley Duhé,MIDDLE OF THE NIGHT,184447,pop
2024-12-06 01:19,Eminem,Venom - Music From The Motion Picture,269573,rap
2024-12-06 01:21,Olivia Rodrigo,brutal,143746,pop
2024-12-06 01:25,One Direction,Rock Me,200266,pop
2024-12-06 01:28,Taylor Swift,the lakes,211798,country
2024-12-06 01:31,Taylor Swift,this is me trying,195097,country
2024-12-06 02:22,Dua Lipa,Boys Will Be Boys,85219,pop
2024-12-06 18:43,Dua Lipa,Boys Will Be Boys,1520,pop
2024-12-06 18:46,EXO,Love Shot,200306,k-pop
2024-12-06 19:24,BTS,Spring Day,55604,k-pop
2024-12-07 17:02,BTS,Spring Day,5273,k-pop
2024-12-07 17:05,Arcane,The Line (from the series Arcane League of Legends),192000,Progressive metal
2024-12-07 17:09,League of Legends,Legends Never Die,235000,Soundtrack
2024-12-07 17:13,Gigi Perez,Sailor Song,211978,indie
2024-12-07 17:16,Arctic Monkeys,I Wanna Be Yours,183956,indie
2024-12-07 17:19,George Ezra,Blame It on Me,196400,indie
2024-12-07 17:22,Bastille,Good Grief,206493,indie
2024-12-07 17:26,Bastille,Flaws,218800,indie
2024-12-07 17:29,Benson Boone,Slow It Down,161831,pop
2024-12-07 18:38,Dirty Heads,Oxygen,23999,reggae rock
2024-12-07 21:47,Dirty Heads,Oxygen,201401,reggae rock
2024-12-07 21:51,Chappell Roan,Femininomenon,219710,pop
2024-12-07 21:54,Ariana Grande,the boy is mine,173639,pop
2024-12-07 21:57,Olivia Rodrigo,teenage dream,222358,pop
2024-12-07 22:01,Chappell Roan,Casual,232796,pop
2024-12-07 22:04,Chappell Roan,Red Wine Supernova,192720,pop
2024-12-07 22:07,Wallows,Are You Bored Yet? (feat. Clairo),178000,indie
2024-12-07 22:09,The Last Dinner Party,Nothing Matters,91701,seen live
2024-12-07 22:13,Chappell Roan,Pink Pony Club,258034,pop
2024-12-07 22:16,Benson Boone,Cry,152555,pop
2024-12-07 22:21,Billie Eilish,CHIHIRO,303440,pop
2024-12-07 22:23,Charli xcx,Club classics,153526,hyperpop
2024-12-07 22:27,Chappell Roan,My Kink Is Karma,222578,pop
2024-12-07 22:30,Benson Boone,Beautiful Things,180304,pop
2024-12-07 22:33,Shaboozey,A Bar Song (Tipsy),171291,country
2024-12-07 22:35,Mitski,My Love Mine All Mine,137773,seen live
2024-12-07 22:39,beabadoobee,A Night To Remember,233388,bedroom pop
2024-12-07 22:43,Billie Eilish,BIRDS OF A FEATHER,210373,pop
2024-12-07 22:47,fun.,Carry On,278373,indie pop
2024-12-07 22:53,Billie Eilish,L’AMOUR DE MA VIE,333078,pop
2024-12-07 22:56,Billie Eilish,THE DINER,186346,pop
2024-12-07 23:00,Billie Eilish,WILDFLOWER,261466,pop
2024-12-07 23:04,Metro Boomin,Creepin' (with The Weeknd & 21 Savage),221520,trap
2024-12-07 23:08,Arctic Monkeys,505,12227,indie
2024-12-07 23:08,Conan Gray,Family Line,216094,seen live
2024-12-07 23:10,no lyrics,RainLove,135529,chillout
2024-12-07 23:12,Video Days,Bleached,83250,indie
2024-12-07 23:13,@mrks,floating,97988,brazilian phonk
2024-12-07 23:15,james huck,huckle & berry,86117,
2024-12-07 23:18,SYML,I Wanted to Leave,203911,indie
2024-12-07 23:20,slowly.,first snow,97826,
2024-12-07 23:21,charlie p j,it took a while,98461,soft pop
2024-12-07 23:23,james huck,daylife,117073,
2024-12-07 23:25,Million Eyes,The Mercy of the Wind,105587,ambient
2024-12-07 23:27,no lyrics,study with me,110344,chillout
2024-12-07 23:29,slowly.,Comforting,103783,
2024-12-07 23:57,salvia palth,(dream),42045,slowcore
2024-12-08 00:26,salvia palth,(dream),42680,slowcore
2024-12-08 00:28,no lyrics,"twenty, forever!",128000,chillout
2024-12-08 00:30,Megami,Star Shopping - Slowed + Reverb,81908,
2024-12-08 00:32,no lyrics,studying vibes,115662,chillout
2024-12-08 00:34,slowly.,till i see stars again,121379,
2024-12-08 00:37,SYML,I Wanted to Leave,203911,indie
2024-12-08 00:40,Tom Harmon,girlfriend (take a deep breath),139130,
2024-12-08 00:42,Haruka Tsuki,Luna,118651,
2024-12-08 00:44,Øneheart,snowfall,124065,dark ambient
2024-12-08 00:45,slowly.,humanity,104827,
2024-12-08 00:47,bleu cobalt,bleu,80963,
2024-12-08 00:50,Duncan Laurence,Arcade - Instrumental Version,183629,pop
2024-12-08 00:54,Feeling Blew,Out Getting Ribs (Slowed),234224,guitar
2024-12-08 00:57,Aurekk the Mighty,Soul Jungle,169418,
2024-12-08 00:58,Øneheart,apathy,117073,dark ambient
2024-12-08 01:00,bleu cobalt,bleu bébé,102857,
2024-12-08 01:02,Joep Beving,Ala,120741,neoclassical
2024-12-08 01:04,auror,echoes,93793,norwegian pop
2024-12-08 01:05,slowly.,here right now,101666,
2024-12-08 01:08,salvia palth,i was all over her,161422,slowcore
2024-12-08 01:09,exhibit,key (ambient),65584,dark ambient
2024-12-08 01:11,no lyrics,infinit,90344,chillout
2024-12-08 01:12,bleu cobalt,stars,93491,
2024-12-08 01:14,slowly.,stoicism,76521,
2024-12-08 01:15,no lyrics,anywhere else,89302,chillout
2024-12-08 01:17,Duster,Gold Dust,125933,slowcore
2024-12-08 01:20,vagabond,Aruarian Dance,189056,hard rock
2024-12-08 01:22,no lyrics,Swaying Palm Trees,69397,chillout
2024-12-08 01:23,avee,u n r e a l,104768,
2024-12-08 01:25,no lyrics,running,116784,chillout
2024-12-08 01:27,no lyrics,echoes of evening,82580,chillout
2024-12-08 01:28,slowly.,n o s t a l g i a,86616,
2024-12-08 01:30,charlie p j,wan tan,104096,soft pop
2024-12-08 01:32,slowly.,empty spaces,137072,
2024-12-08 01:35,Duster,The Landing,163160,slowcore
2024-12-08 01:37,Haruka Tsuki,Manga,135445,
2024-12-08 01:39,slowly.,humanity - Demo,104827,
2024-12-08 01:40,no lyrics,timeless,85970,chillout
2024-12-08 01:42,Haruka Tsuki,Deja Vu,112941,
2024-12-08 01:44,slowly.,Comforting,103783,
2024-12-08 01:45,no lyrics,drowned,81702,chillout
2024-12-08 01:47,no lyrics,silence,78000,chillout
2024-12-08 01:48,no lyrics,Sun-kissed Vibes,69397,chillout
2024-12-08 01:50,lovely flamingo,havana,108000,
2024-12-08 01:51,no lyrics,Swaying Palm Trees,69397,chillout
2024-12-08 01:53,reidenshi,I Can’t Find a Way Out,126273,dark ambient
2024-12-08 01:55,Vague003,drowning,117341,instrumental
2024-12-08 01:57,omnipre,purple smoke,115862,chillout
2024-12-08 01:59,lovely flamingo,normal day,121690,
2024-12-08 02:01,lone call,frost mirror,104566,instrumental
2024-12-08 02:02,no lyrics,over the horizon,113624,chillout
2024-12-08 02:04,no lyrics,into the wood,93913,chillout
2024-12-08 02:06,avee,m i d n i g h t,121500,
2024-12-08 02:08,vagabond,September - Piano Cover,133548,hard rock
2024-12-08 02:10,Megami,Star Shopping - Slowed + Reverb,81908,
2024-12-08 02:12,Rumplesticious,My boy,128206,
2024-12-08 02:13,vagabond,Pure Imagination - Lofi Cover,82580,hard rock
2024-12-08 02:15,rising sine,Background Beats,77241,
2024-12-08 02:16,bleu cobalt,bleu vert,103703,
2024-12-08 02:18,no lyrics,shades of solitude,72258,chillout
2024-12-08 02:19,Atavus Dog,morning lofi cafe,100158,lo-fi
2024-12-08 02:21,no lyrics,sword lessons,101647,chillout
2024-12-08 02:23,Haruka Tsuki,Yami,110344,
2024-12-08 02:25,mono._,staying in bed,98461,Lo-Fi
2024-12-08 02:26,no lyrics,Lazy Days by the Beach,69397,chillout
2024-12-08 02:28,frozen fox,Carrying You,158115,Lo-Fi
2024-12-08 02:30,bleu cobalt,bleu ciel,107294,
2024-12-08 02:31,no lyrics,daydream doodles,72258,chillout
2024-12-08 02:33,catlove,weirdo,96000,chillout
2024-12-08 02:35,no lyrics,cutting bark,90352,chillout
2024-12-08 02:36,Haruka Tsuki,Hoshimi,96338,
2024-12-08 02:38,Lofi Fruits Music,I'm Yours,119750,lo-fi
2024-12-08 02:40,auror,echoes,93793,norwegian pop
2024-12-08 02:41,no lyrics,samurai god,85714,chillout
2024-12-08 02:43,mono._,memories,101052,Lo-Fi
2024-12-08 02:47,Bonjr,"if it's real, then i'll stay (slowed + reverb)",227160,dark ambient
2024-12-08 02:48,avee,o k a y,102857,
2024-12-08 02:50,no lyrics,twisted twig,67764,chillout
2024-12-08 02:51,no lyrics,abyssal,81702,chillout
2024-12-08 02:52,rising sine,Toskan City,86153,
2024-12-08 02:54,no lyrics,queen,80842,chillout
2024-12-08 02:55,omnipre,lunar illusions,88101,chillout
2024-12-08 03:15,mxpheebz,The Beach (Instrumental Slowed + Reverb),267459,chillout
2024-12-08 03:17,bleu cobalt,train ride at 6.am,123076,
2024-12-08 03:19,frozen fox,Cold Rain,128008,Lo-Fi
2024-12-08 03:21,slowly.,does it hurt?,92444,
2024-12-08 03:23,lone call,frost mirror,104566,instrumental
2024-12-08 03:24,auror,aphex illusion,93127,norwegian pop
2024-12-08 03:26,mono._,lucid dream,101818,Lo-Fi
2024-12-08 03:27,Atavus Dog,endless summer,91250,lo-fi
2024-12-08 03:28,no lyrics,rook,60631,chillout
2024-12-08 03:30,charlie p j,bubbles,72911,soft pop
2024-12-08 03:31,no lyrics,Dreamy Summer Breeze,69397,chillout
2024-12-08 03:32,no lyrics,dear daisy,67764,chillout
2024-12-08 03:34,no lyrics,submerged,109787,chillout
2024-12-08 03:35,avee,f l o w e r s,102857,
2024-12-08 03:37,omnipre,la-la,81702,chillout
2024-12-08 03:39,Aurekk the Mighty,Sandrito,102187,
2024-12-08 03:41,96 Zeus,the night is just humming,126251,lo-fi
2024-12-08 03:42,ocean fx with piano,Serenade in Dark Ambient,109772,chillout
2024-12-08 03:44,auror,i could fix me,89142,norwegian pop
2024-12-08 03:45,no lyrics,sirens,81702,chillout
2024-12-08 03:47,Miscél,One,91450,Lo-Fi
2024-12-08 03:49,lone call,all and nothing,98668,instrumental
2024-12-08 03:50,no lyrics,midnight musings,82580,chillout
2024-12-08 03:51,no lyrics,morning lofi in L.A.,80963,chillout
2024-12-08 03:53,no lyrics,depth,81702,chillout
2024-12-08 03:54,omnipre,stellar nebula,84878,chillout
2024-12-08 03:57,Aurekk the Mighty,Sunset Day,151230,
2024-12-08 03:58,6c6f6669,ffd37e,108461,
2024-12-08 04:02,Sol Rising,The Journey,231649,electronic
2024-12-08 04:04,ohiou,stars in ohio,102857,chillout
2024-12-08 04:05,no lyrics,knight,80842,chillout
2024-12-08 04:07,yoga music flow,Habit,97500,
2024-12-08 04:09,frozen fox,Homeland,140798,Lo-Fi
2024-12-08 04:11,no lyrics,a study in serenity,72258,chillout
2024-12-08 04:13,Rumplesticious,alleviate d0ubts,153009,
2024-12-08 04:15,slowly.,s n o w s t o m p i n g,104727,
2024-12-08 04:17,frozen fox,Sleepy Rain,135007,Lo-Fi
2024-12-08 04:20,Admiral Bontau,Rising Sun,141100,
2024-12-08 04:21,ohiou,celestia,114713,chillout
2024-12-08 04:23,ohiou,diving,87142,chillout
2024-12-08 04:25,bleu cobalt,bleu cyan,124675,
2024-12-08 04:27,lovely flamingo,lofi vibes and a magical summer,96000,
2024-12-08 04:28,Nathan Kawanishi,Views from Yamashita Park,100363,lo-fi beats
2024-12-08 04:30,guitar girl,guitar girl,96000,
2024-12-08 04:31,auror,i could fix me,89142,norwegian pop
2024-12-08 04:34,Admiral Bontau,Hope,138129,
2024-12-08 04:36,ohiou,sleeping,138571,chillout
2024-12-08 04:38,bleu cobalt,bleu outremer,94647,
2024-12-08 04:39,no lyrics,møment,79764,chillout
2024-12-08 04:40,no lyrics,liminål,92884,chillout
2024-12-08 04:43,Peak Twilight,Fragile,159000,lo-fi
2024-12-08 04:45,bleu cobalt,bleu vert,103703,
2024-12-08 04:48,amies,Destination Unknown,172000,lo-fi
2024-12-08 04:51,Iam6teen,Euphoria (Outro),181133,lo-fi
2024-12-08 04:52,lovely flamingo,time goes by slowly,92530,
2024-12-08 04:54,ohiou,watching the moon,91941,chillout
2024-12-08 04:55,ohiou,beam,70000,chillout
2024-12-08 04:57,ocean fx with piano,Dark Ambient Requiem,120000,chillout
2024-12-08 04:59,Brutus Starkwave,four hopes,111057,
2024-12-08 05:00,bleu cobalt,azur,78000,
2024-12-08 05:03,Admiral Bontau,Lost Focus,169072,
2024-12-08 05:05,instant era,Good Morning,110769,lo-fi
2024-12-08 05:06,ocean fx with piano,Echoes of Dark Ambient,48409,chillout
2024-12-08 05:07,no lyrics,lost,80700,chillout
2024-12-08 05:08,no lyrics,echowaves,80651,chillout
2024-12-08 05:10,no lyrics,drowned,81702,chillout
2024-12-08 05:11,Lofi Fruits Music,Do I Wanna Know?,90500,lo-fi
2024-12-08 05:13,james huck,daylife,117073,
2024-12-08 05:15,bleu cobalt,bleu moyen,89302,
2024-12-08 05:17,6c6f6669,ff9941,114000,
2024-12-08 05:18,yoga music flow,Yoga Music for Beginners,69397,
2024-12-08 05:19,bleu cobalt,azur,78000,
2024-12-08 05:21,charlie p j,dancing with devils,81081,soft pop
2024-12-08 05:22,no lyrics,aeo,74838,chillout
2024-12-08 05:23,6c6f6669,ffc600,93333,
2024-12-08 05:25,her hero,forever falling,83115,rock en español
2024-12-08 05:26,ILOVEULOVEIT,CHAMPAGNE,95421,
2024-12-08 05:28,Ocean Sounds with Piano Girl,Caves,80963,
2024-12-08 05:29,no lyrics,silence,78000,chillout
2024-12-08 05:32,stream_error,Sometimes,150400,lo-fi
2024-12-08 05:36,Ludovico Einaudi,Seven Days Walking / Day 7: Birdsong,293173,neoclassical
2024-12-08 05:37,no lyrics,atlantean,61276,chillout
2024-12-08 05:39,ocean fx with piano,Endless Ocean,104096,chillout
2024-12-08 05:42,Admiral Bontau,Not Invasive,154105,
2024-12-08 05:45,Rumplesticious,Dissapoinment,165427,
2024-12-08 05:47,Lofi Fruits Music,Stan,148000,lo-fi
2024-12-08 05:49,steezy prime,Twilight,134400,lo-fi
2024-12-08 05:52,Bcalm,Floating Castle,166000,lo-fi
2024-12-08 05:55,S N U G,Fallen Leaves,153668,spoken word
2024-12-08 05:56,yoga music flow,Yoga Sound Infinity,75000,
2024-12-08 05:57,Ocean Sounds with Piano Girl,Ocean Beat,79684,
2024-12-08 05:59,Antonius B,Passing Clouds,132000,lo-fi
2024-12-08 06:01,lovely flamingo,giants,103075,
2024-12-08 06:02,her hero,danger & youth,70400,rock en español
2024-12-08 06:04,ILOVEULOVEIT,coffee at 2:13am,88888,
2024-12-08 06:06,ocean fx with piano,Serenade in Dark Ambient,109772,chillout
2024-12-08 06:08,Admiral Bontau,Hope,138129,
2024-12-08 06:10,bleu cobalt,literally me,139691,
2024-12-08 06:12,her hero,backstepping,87272,rock en español
2024-12-08 06:14,Jay-Lounge,snow filled mountains,126023,lo-fi
2024-12-08 06:16,ocean fx with piano,Ocean Fx - Demo,104096,chillout
2024-12-08 06:17,no lyrics,twø hearts,96867,chillout
2024-12-08 06:19,kine,in luv with u,95421,Norway
2024-12-08 06:20,no lyrics,abyssal,80617,chillout
2024-12-08 06:22,no lyrics,submerged,109787,chillout
2024-12-08 06:25,Flovry,First Heartbreak,157364,lo-fi
2024-12-08 06:26,Badongo,opus donda est,101063,
2024-12-08 06:28,Lofi Fruits Music,7 Years,114000,lo-fi
2024-12-08 06:30,piano relaxation medita,Relaxing Zen Piano,90566,
2024-12-08 06:31,yoga music flow,Yoga Music Forever,64537,
2024-12-08 06:32,ILOVEULOVEIT,silly goose,96296,
2024-12-08 06:35,Swørn,Butterfly,162673,Lo-Fi
2024-12-08 06:37,Oliver New,Sunrise,114031,jazz beats
2024-12-08 06:38,lovely flamingo,flying with flamingos,83478,
2024-12-08 06:41,lovely flamingo,normal day,121690,
2024-12-08 06:42,nightmares' best friend,Timeswap,92530,
2024-12-08 06:44,The Deli,5:32pm,136914,lo-fi
2024-12-08 06:46,lovely flamingo,dope stroll,90697,
2024-12-08 06:48,lovely flamingo,lovely night,123870,
2024-12-08 06:50,charlie p j,Other dimensions be Like,104873,soft pop
2024-12-08 06:51,nightmares' best friend,Bet I Fly,103783,
2024-12-08 06:53,nightmares' best friend,Dreamlands Palace,91764,
2024-12-08 06:55,lovely flamingo,i'm waiting,92530,
2024-12-08 06:56,ILOVEULOVEIT,ILOVELINES,69733,
2024-12-08 06:58,her hero,oceania flow,126593,rock en español
2024-12-08 07:00,nightmares' best friend,Sleep,101052,
2024-12-08 07:01,her hero,boost,83720,rock en español
2024-12-08 07:03,lovely flamingo,havana,108000,
2024-12-08 07:05,Jon Kyoto,The Borrowers,141374,lo-fi
2024-12-08 07:08,Purrple Cat,Sky Lake,158156,lo-fi
2024-12-08 07:09,lovely flamingo,icecream,77419,
2024-12-08 07:11,nightmares' best friend,No Nightmares Anymore,111549,
2024-12-08 07:13,coldbrew,Iris,116800,lo-fi beats
2024-12-08 07:15,RINZ.,Lotus,104189,
2024-12-08 07:23,Lea Valentina,Tales of Anicca,482125,
2024-12-08 07:24,bleu cobalt,dreamscapes,92424,
2024-12-08 07:26,bleu cobalt,stars,92422,
2024-12-08 07:28,bleu cobalt,unknown feeling,117136,
2024-12-08 07:30,Marlus,night fool,147997,
2024-12-08 07:32,lovely flamingo,poolside,95217,
2024-12-08 07:35,Hevi,And Then I Woke Up,168052,gospel
2024-12-08 07:37,Laffey,In the Evening,150888,lo-fi
2024-12-08 07:39,Ambulo,Secret Beach,133670,lo-fi
2024-12-08 07:42,colours in the dark,Luar,137142,lo-fi
2024-12-08 07:43,ILOVEULOVEIT,coffee at 2:13am,88888,
2024-12-08 07:45,nightmares' best friend,Dreamlands Palace,91764,
2024-12-08 07:47,Jisatsu,homesick,121846,lo-fi
2024-12-08 07:48,lovely flamingo,different,83056,
2024-12-08 07:50,lovely flamingo,escape,115662,
2024-12-08 07:53,pucca,A New Beginning,168000,lo-fi beats
2024-12-08 07:55,Liam Tree,a friendly forest,150379,lo-fi
2024-12-08 07:57,Billy Hammer,wonder,106363,lo-fi
2024-12-08 07:59,lovely flamingo,he doesn't like it,118046,
2024-12-08 08:01,Raimu,Dandelion's Lullaby,123870,lo-fi
2024-12-08 08:03,steezy prime,Daydream,130285,lo-fi
2024-12-08 08:06,chief.,time travel,129779,drill
2024-12-08 08:07,nightmares' best friend,Citron Strawberry Shakes,89302,
2024-12-08 08:09,S N U G,Orchid Fields,137196,spoken word
2024-12-08 08:12,stream_error,Until I disappear,134419,lo-fi
2024-12-08 08:13,lovely flamingo,not enough cash,102857,
2024-12-08 08:16,Laffey,Last Summer,149343,lo-fi
2024-12-08 08:18,HoKø,Lost Souls,158819,lo-fi
2024-12-08 08:20,nightmares' best friend,Sleep,101052,
2024-12-08 08:23,Jisatsu,Last April,161000,lo-fi
2024-12-08 08:25,nightmares' best friend,How to Catch a Star,114285,
2024-12-08 08:27,Birdhouse Beats,First Steps,116902,lo-fi
2024-12-08 08:28,nightmares' best friend,Good Night Story,75180,
2024-12-08 08:31,S N U G,Stuck at Home,164434,spoken word
2024-12-08 08:33,mrmcchickino,hummingbird,114031,lo-fi
2024-12-08 08:35,Tosama Beats,Rainy forest,165813,lo-fi
2024-12-08 08:37,Haruka Tsuki,Luna,118651,
2024-12-08 08:40,slowburn,As It Was,147485,lo-fi
2024-12-08 08:42,ticofaces,Ash,140800,lo-fi
2024-12-08 08:44,inertia.,don't leave,127250,dark ambient
2024-12-08 08:47,frozen fox,Lazy Day,132000,Lo-Fi
2024-12-08 08:49,Your Magnolia,Ventura,127313,lo-fi
2024-12-08 08:51,Haruka Tsuki,Manga,135445,
2024-12-08 08:53,Swink,When The Winters Come,114000,lo-fi
2024-12-08 08:55,Lilac,Perfume,155951,lo-fi
2024-12-08 08:57,slowburn,Poles Apart,117282,lo-fi
2024-12-08 09:00,Nothingtosay,The Dawn,146675,lo-fi
2024-12-08 09:02,a girl and a cat,back home studying,116842,lo-fi
2024-12-08 09:04,Wint3r,Froz3N,152000,
2024-12-08 09:06,no lyrics,over the horizon,113624,chillout
2024-12-08 09:07,Mg.,rainy days in paris,67333,
2024-12-08 09:09,Bhxa,ayla,108800,lo-fi
2024-12-08 09:12,S N U G,Circadian,137600,spoken word
2024-12-08 09:14,Pierson Booth,Your Innocent Eyes,136842,lo-fi
2024-12-08 09:16,slowburn,New Light,119088,lo-fi
2024-12-08 09:18,HM Surf,A Little Help,141003,lo-fi
2024-12-08 09:21,idylla,"clear eyes, blind sight",140531,lo-fi
2024-12-08 09:22,bleu cobalt,bleu bébé,102857,
2024-12-08 09:25,S N U G,Nova,165008,spoken word
2024-12-08 09:26,Lilac,Under A Wishing Sky,72296,lo-fi
2024-12-08 09:28,avee,m i d n i g h t,121500,
2024-12-08 09:30,Haruka Tsuki,Deja Vu,112941,
2024-12-08 09:33,ocean fx with piano,Dark Ambient Odyssey,153409,chillout
2024-12-08 09:35,Pierson Booth,Turning Pages,161772,lo-fi
2024-12-08 09:38,inertia.,homesick,133124,dark ambient
2024-12-08 09:40,mellow days,waves and you,148557,
2024-12-08 09:42,avee,u n r e a l,104768,
2024-12-08 09:45,eugenio izzi,Never be prey to the winds,158630,lo-fi
2024-12-08 09:47,Swink,Go Back In Time,124000,lo-fi
2024-12-08 09:49,HM Surf,Mojave Backyard,120731,lo-fi
2024-12-08 09:51,inertia.,"memories, aeternam",136500,dark ambient
2024-12-08 09:53,sinnr,Moonlight Glaze,101419,lo-fi
2024-12-08 09:54,mood.,light,96015,electronic
2024-12-08 09:57,slowburn,Old Feelings,136164,lo-fi
2024-12-08 09:58,Zadbeatz,Echo,87544,lo-fi
2024-12-08 09:59,bleu cobalt,bleu,80963,
2024-12-08 10:02,Aurekk the Mighty,Soul Jungle,169418,
2024-12-08 10:04,coldbrew,a vibration,83200,lo-fi beats
2024-12-08 10:06,Nuver,The Place Where I Belong,158923,lo-fi
2024-12-08 10:08,Alto,Lights In The Deepest Blue,123428,heavy metal
2024-12-08 10:11,HM Surf,Sugar Haze,147692,lo-fi
2024-12-08 10:13,Chiccote's Beats,Away,160000,Lo-Fi
2024-12-08 10:16,Sebastian Kamae,Berlin,173913,lo-fi
2024-12-08 10:18,inertia.,cassette loneliness,117750,dark ambient
2024-12-08 10:20,bleu cobalt,free your mind,97391,
2024-12-08 10:22,slowly.,does it hurt?,92444,
2024-12-08 10:23,Aurekk the Mighty,Sandrito,102187,
2024-12-08 10:25,avee,f l o w e r s,102857,
2024-12-08 10:26,omnipre,la-la,81702,chillout
2024-12-08 10:28,Miscél,One,91450,Lo-Fi
2024-12-08 17:03,no lyrics,sirens,16045,chillout
2024-12-09 18:51,no lyrics,sirens,49372,chillout
2024-12-09 19:08,Arcane,The Line (from the series Arcane League of Legends),169203,Progressive metal
2024-12-09 23:37,Arcane,The Line (from the series Arcane League of Legends),22818,Progressive metal
2024-12-09 23:41,League of Legends,Legends Never Die,235000,Soundtrack
2024-12-09 23:45,Gigi Perez,Sailor Song,211978,indie
2024-12-09 23:54,Arctic Monkeys,I Wanna Be Yours,183956,indie
2024-12-09 23:58,George Ezra,Blame It on Me,196400,indie
2024-12-10 01:30,Bastille,Good Grief,102943,indie
2024-12-12 00:36,Bastille,Good Grief,10794,indie
2024-12-12 01:59,Bastille,Good Grief,4064,indie
2024-12-13 05:00,Bastille,Flaws,867,indie
2024-12-13 05:00,Benson Boone,Slow It Down,887,pop
2024-12-13 05:03,Dirty Heads,Oxygen,225394,reggae rock
2024-12-13 05:07,Chappell Roan,Femininomenon,219710,pop
2024-12-13 05:11,Ariana Grande,the boy is mine,173639,pop
2024-12-13 05:20,Olivia Rodrigo,teenage dream,222358,pop
2024-12-13 05:24,Chappell Roan,Casual,232796,pop
2024-12-13 05:28,Chappell Roan,Red Wine Supernova,192720,pop
2024-12-13 05:31,Wallows,Are You Bored Yet? (feat. Clairo),178000,indie
2024-12-13 05:34,The Last Dinner Party,Nothing Matters,182623,seen live
2024-12-13 05:38,Chappell Roan,Pink Pony Club,258034,pop
2024-12-13 05:41,Benson Boone,Cry,186359,pop
2024-12-13 05:46,Billie Eilish,CHIHIRO,303440,pop
2024-12-13 05:49,Charli xcx,Club classics,153526,hyperpop
2024-12-13 05:52,Chappell Roan,My Kink Is Karma,222578,pop
2024-12-13 05:55,Benson Boone,Beautiful Things,180304,pop
2024-12-13 05:58,Shaboozey,A Bar Song (Tipsy),171291,country
2024-12-13 06:01,Mitski,My Love Mine All Mine,137773,seen live
2024-12-13 06:04,beabadoobee,A Night To Remember,233388,bedroom pop
2024-12-13 06:08,Billie Eilish,BIRDS OF A FEATHER,210373,pop
2024-12-13 06:13,fun.,Carry On,278373,indie pop
2024-12-13 06:49,Billie Eilish,L’AMOUR DE MA VIE,251886,pop
2024-12-14 17:19,Billie Eilish,THE DINER,186346,pop
2024-12-14 17:23,Billie Eilish,WILDFLOWER,226124,pop
2024-12-14 17:26,Billie Eilish,THE DINER,186346,pop
2024-12-14 19:04,Billie Eilish,WILDFLOWER,100704,pop
2024-12-15 22:37,Billie Eilish,WILDFLOWER,8454,pop
2024-12-15 22:40,Billie Eilish,THE DINER,186346,pop
2024-12-15 22:44,Billie Eilish,WILDFLOWER,261466,pop
2024-12-15 22:48,Metro Boomin,Creepin' (with The Weeknd & 21 Savage),221520,trap
2024-12-15 22:51,Conan Gray,Family Line,216094,seen live
2024-12-15 22:56,Arctic Monkeys,505,253586,indie
2024-12-16 01:26,lilster,Barbie (Can You Play Ken?),2827,jersey club
2024-12-16 02:14,lilster,Barbie (Can You Play Ken?),4728,jersey club
2024-12-16 02:18,Lana Del Rey,Young And Beautiful,236053,female vocalists
2024-12-16 02:22,Olivia Rodrigo,ballad of a homeschooled girl,203369,pop
2024-12-16 02:25,Olivia Rodrigo,obsessed,170541,pop
2024-12-16 03:02,Chappell Roan,"Good Luck, Babe!",140924,pop
2024-12-16 22:47,Fitz and The Tantrums,Out of My League,937,soul
2024-12-16 22:47,Ashnikko,Daisy,932,Hip-Hop
2024-12-16 22:55,New West,Those Eyes,220750,seen live
2024-12-16 23:00,Anuv Jain,Riha,287312,indian indie
2024-12-16 23:03,Olivia Rodrigo,favorite crime,152666,pop
2024-12-16 23:05,Olivia Rodrigo,all-american bitch,165833,pop
2024-12-16 23:09,Olivia Rodrigo,deja vu,215506,pop
2024-12-16 23:12,Olivia Rodrigo,bad idea right?,183780,pop
2024-12-17 01:24,Olivia Rodrigo,vampire,30172,pop
2024-12-17 04:11,Olivia Rodrigo,vampire,24544,pop
2024-12-17 21:58,The Weeknd,"One Of The Girls (with JENNIE, Lily Rose Depp)",1693,rnb
2024-12-17 21:58,Olivia Rodrigo,vampire,849,pop
2024-12-17 22:04,Post Malone,Hollywood's Bleeding,156266,Hip-Hop
2024-12-17 22:08,The Buttress,Brutus (Instrumental),200000,Horrorcore
2024-12-17 22:44,Caroline Polachek,Sunset,1696,art pop
2024-12-17 22:44,Grimes,Kill V. Maim,1432,art pop
2024-12-17 22:44,Billie Eilish,watch,5520,pop
2024-12-17 22:44,Lou Bliss,Killing Butterflies,1640,
2024-12-17 22:44,Belle Sisoski,Hold On,269423,hip hop
2024-12-17 22:44,Elley Duhé,MIDDLE OF THE NIGHT,890,pop
2024-12-17 22:48,Imagine Dragons,Who We Are,249346,indie
2024-12-17 22:51,Billie Eilish,THE DINER,186346,pop
2024-12-17 22:56,Billie Eilish,CHIHIRO,303440,pop
2024-12-17 23:00,Halsey,Sorry,220540,pop
2024-12-18 00:33,Macklemore,Can't Hold Us (feat. Ray Dalton),149451,Hip-Hop
2024-12-19 22:30,Macklemore,Can't Hold Us (feat. Ray Dalton),109985,Hip-Hop
2024-12-19 22:33,Suzan & Freek,Als Het Avond Is,205714,singer-songwriter
2024-12-19 22:36,All Time Low,Monsters (feat. blackbear),174067,pop punk
2024-12-19 22:38,Candace,The Universe Is Against Me,142141,shoegaze
2024-12-19 22:42,Camila Cabello,Havana (feat. Young Thug),217306,pop
2024-12-19 22:45,Imagine Dragons,Demons,175200,indie
2024-12-19 22:48,Olivia Rodrigo,"jealousy, jealousy",173160,pop
2024-12-19 22:50,Doja Cat,Get Into It (Yuh),138293,pop
2024-12-19 22:54,Taylor Swift,Delicate,210324,country
2024-12-19 22:57,Panic! At The Disco,Roaring 20s,186600,emo
2024-12-20 03:09,Rihanna,Diamonds,27631,pop
2024-12-20 04:11,Rihanna,Diamonds,2459,pop
2024-12-23 01:20,Arcane,The Line (from the series Arcane League of Legends),192000,Progressive metal
2024-12-23 01:23,Alec Benjamin,Outrunning Karma,188850,pop
2024-12-23 01:27,Jon Bellion,All Time Low,221333,electronic
2024-12-23 01:31,Selena Gomez,Bad Liar,214647,pop
2024-12-23 01:34,Jeremy Zucker,comethru,181613,pop
2024-12-23 01:36,Y2K,Lalala,160626,electronic
2024-12-23 01:39,Chappell Roan,Red Wine Supernova,192720,pop
2024-12-23 01:41,24kGoldn,CITY OF ANGELS,112493,Hip-Hop
2024-12-23 01:48,Melanie Martinez,Pacify Her,220013,pop
2024-12-23 01:51,Dean Lewis,Be Alright,196373,indie
2024-12-23 01:55,Halsey,Sorry,220540,pop
2024-12-23 01:58,Ellise,911,188386,indie pop
2024-12-23 02:00,Ashnikko,Daisy,146523,Hip-Hop
2024-12-23 02:03,Doja Cat,Woman,172626,pop
2024-12-23 02:07,Janani K. Jha,Achilles Heel,207428,indie
2024-12-23 02:10,XXXTENTACION,SAD!,166605,emo rap
2024-12-23 02:13,heavenly,Snowman - Slowed,210240,Power metal
2024-12-23 02:16,Panic! At The Disco,Roaring 20s,186600,emo
2024-12-23 02:23,Halsey,Nightmare,394957,pop
2024-12-23 02:26,Post Malone,Circles,215280,Hip-Hop
2024-12-23 02:30,Travis Scott,goosebumps,243836,rap
2024-12-23 02:34,Post Malone,Congratulations,220293,Hip-Hop
2024-12-23 02:38,Post Malone,I Fall Apart,223346,Hip-Hop
2024-12-23 02:41,Imagine Dragons,Radioactive,186813,indie
2024-12-23 02:43,Justin Bieber,Lonely (with benny blanco),149297,pop
2024-12-23 02:47,Maroon 5,Animals,231013,pop
2024-12-23 02:50,Suzan & Freek,Spiegelbeeld,168066,singer-songwriter
2024-12-23 02:54,EXO,Love Shot,200306,k-pop
2024-12-23 02:57,Suzan & Freek,Als Het Avond Is,205714,singer-songwriter
2024-12-23 03:01,Troye Sivan,TALK ME DOWN,237464,pop
2024-12-23 03:06,Billie Eilish,CHIHIRO,303440,pop
2024-12-23 03:09,GAYLE,abcdefu,168601,worship
2024-12-23 03:13,AURORA,Runaway,248826,norwegian pop
2024-12-23 03:22,Ed Sheeran,Give Me Love,526386,soft pop
2024-12-23 03:26,Imagine Dragons,Who We Are,249346,indie
2024-12-23 03:29,All Time Low,A Love Like War (feat. Vic Fuentes),213740,pop punk
2024-12-23 03:33,Post Malone,rockstar (feat. 21 Savage),218146,Hip-Hop
2024-12-23 03:36,Camila Cabello,Easy,194686,pop
2024-12-23 03:40,Ellise,911,188386,indie pop
2024-12-23 03:42,Post Malone,Hollywood's Bleeding,156266,Hip-Hop
2024-12-23 03:45,Anne-Marie,Her,177568,pop
2024-12-23 03:48,Olivia Rodrigo,ballad of a homeschooled girl,203369,pop
2024-12-23 03:52,Seafret,Oceans - Acoustic Version from Osea Island,208040,indie
2024-12-23 03:56,Melanie Martinez,Pacify Her,220013,pop
2024-12-23 04:00,Anuv Jain,Riha,287312,indian indie
2024-12-23 04:13,Post Malone,Circles,174668,Hip-Hop
2024-12-23 22:25,Post Malone,Circles,43002,Hip-Hop
2024-12-23 22:29,Lindsey Stirling,The Arena,232280,violin
2024-12-23 22:33,Ruelle,Carry You,268906,pop
2024-12-23 22:38,BTS,Spring Day,274097,k-pop
2024-12-23 22:59,Mike Posner,I Took A Pill In Ibiza - Seeb Remix,182875,rnb
2024-12-24 20:22,Mike Posner,I Took A Pill In Ibiza - Seeb Remix,15080,rnb
2024-12-24 20:25,Post Malone,Congratulations,220293,Hip-Hop
2024-12-24 20:27,Hailee Steinfeld,Starving,111027,pop
2024-12-24 20:31,Ed Sheeran,Bad Habits,230746,soft pop
2024-12-24 20:50,The Weeknd,Can't Feel My Face,165898,rnb
2024-12-27 01:24,The Weeknd,Can't Feel My Face,47649,rnb
2024-12-27 01:28,Sub Urban,Cradles,209829,noise
2024-12-27 01:32,P!nk,"Just Like Fire (From the Original Motion Picture ""Alice Through The Looking Glass"") - Wideboys Remix",222666,opera
2024-12-27 01:35,Astrid S,It's Ok If You Forget Me,204989,norwegian pop
2024-12-27 01:38,Doja Cat,Woman,172626,pop
2024-12-27 01:42,Chappell Roan,Casual,232796,pop
2024-12-27 01:46,Lewis Capaldi,Bruises,220492,soft pop
2024-12-27 01:49,BØRNS,Electric Love,218106,pop
2024-12-27 01:53,BTS,Dope,240020,k-pop
2024-12-27 01:59,Queen,Bohemian Rhapsody - Remastered 2011,354320,classic rock
2024-12-27 02:02,BLACKPINK,Ice Cream (with Selena Gomez),177813,k-pop
2024-12-27 02:05,Khalid,Know Your Worth,181436,rnb
2024-12-27 02:09,BLACKPINK,BOOMBAYAH,240793,k-pop
2024-12-27 02:14,Troye Sivan,HEAVEN,261114,pop
2024-12-27 02:17,Naughty Boy,La La La,222200,rnb
2024-12-27 02:20,The Chainsmokers,All We Know,194080,electronic
2024-12-27 02:24,The Weeknd,Blinding Lights,200040,rnb
2024-12-27 02:28,Rebel Moves,Every When,260527,turkish
2024-12-27 02:33,Anuv Jain,Riha,287312,indian indie
2024-12-27 02:36,SAINt JHN,Roses - Imanbek Remix,176840,Hip-Hop
2024-12-27 02:39,Ed Sheeran,Happier,207520,soft pop
2024-12-27 02:44,Ed Sheeran,The A Team,258373,soft pop
2024-12-27 02:47,Alec Benjamin,If I Killed Someone For You,185122,pop
2024-12-27 02:50,Kali Uchis,Melting,208853,rnb
2024-12-27 02:54,BTS,ON,246380,k-pop
2024-12-27 02:58,Taylor Swift,cardigan,239560,country
2024-12-27 03:04,The Chainsmokers,Something Just Like This,247626,electronic
2024-12-27 03:07,lilster,Barbie (Can You Play Ken?),173735,jersey club
2024-12-27 03:08,Two Steps from Hell,Star Sky,43798,orchestra
2024-12-27 03:11,Braelyn Rankins,I Always Wanted A Brother,214506,Soundtrack
2024-12-27 03:14,Aaron Pierre,Tell Me It's You,147080,
2024-12-27 03:17,Sia,"Genius (feat. Sia, Diplo, and Labrinth)",213706,female vocalists
2024-12-27 03:28,Imagine Dragons,Demons,8512,indie
2024-12-27 03:39,Folake,Bye Bye,135440,
2024-12-27 03:39,Måneskin,I WANNA BE YOUR SLAVE,16826,rock
2024-12-27 03:40,Germaine Franco,Chasing The Past,5471,Soundtrack
2024-12-27 03:40,Jessica Darrow,Surface Pressure,20683,USA
2024-12-27 03:41,Jessica Darrow,Surface Pressure,80638,USA
2024-12-27 03:41,Dwayne Johnson,You're Welcome,1991,Disney
2024-12-27 03:45,Jessica Darrow,Surface Pressure,201145,USA
2024-12-27 03:48,Carolina Gaitán,We Don't Talk About Bruno,216120,pop
2024-12-27 03:51,Nathan Lane,"Hakuna Matata - From ""The Lion King"" Soundtrack",139667,Broadway
2024-12-27 03:52,Anika Noni Rose,Down in New Orleans (Finale),1736,dreamgirls
2024-12-27 03:52,Lea Salonga,A Whole New World,55940,female vocalists
2024-12-27 03:53,Bruce Adler,Arabian Nights,79293,Soundtrack
2024-12-27 03:55,Kristen Bell,"Love Is an Open Door - From ""Frozen""/Soundtrack Version",124733,Veronica Mars
2024-12-27 03:58,Idina Menzel,Into the Unknown,194848,musicals
2024-12-27 04:00,Folake,Bye Bye,75508,
2024-12-27 04:00,Jason Weaver,"I Just Can't Wait to Be King - From ""The Lion King"" Soundtrack",1515,Soundtrack
2024-12-27 04:00,Halle,Part of Your World,1431,rnb
2024-12-27 04:03,Kristen Bell,"For the First Time in Forever - From ""Frozen""/Soundtrack Version",223380,Veronica Mars
2024-12-27 04:03,Shakira,Try Everything,2550,latin pop
2024-12-27 04:04,Diane Guerrero,What Else Can I Do?,64440,american
2024-12-27 04:05,Lauv,Steal The Show,1959,pop
2024-12-27 04:05,Phil Collins,You'll Be In My Heart,1166,soft rock
2024-12-27 04:06,Ariana DeBose,Knowing What I Know Now,709,musicals
2024-12-27 04:06,Idina Menzel,Show Yourself,845,musicals
2024-12-27 04:06,Cynthia Erivo,When You Wish Upon A Star,1003,musicals
2024-12-27 04:06,Mandy Moore,"I've Got a Dream - From ""Tangled""/Soundtrack Version",2985,pop
2024-12-27 04:06,Amy Adams,"Happy Working Song - From ""Enchanted"" / Soundtrack Version",1595,Soundtrack
2024-12-27 04:06,Jenifer Lewis,Dig a Little Deeper,1398,Soundtrack
2024-12-27 04:06,Josh Gad,When I Am Older,1846,musicals
2024-12-27 04:06,Jodi Benson,Part of Your World,1185,Disney
2024-12-27 04:06,Magnolia Park,"I2I - From ""A Whole New Sound""",905,pop punk
2024-12-27 04:06,Wish - Cast,I'm A Star,2355,Soundtrack
2024-12-27 04:06,Michael-Leon Wooley,"When We're Human - From ""The Princess and the Frog""/Soundtrack Version",2760,Broadway
2024-12-27 04:06,Ariana DeBose,This Wish,1760,musicals
2024-12-27 04:06,Sofia Carson,Chillin' Like a Villain,1243,pop
2024-12-27 04:06,Michael Giacchino,Married Life,1410,soundtrack
2024-12-27 04:06,Amy Adams,"That's How You Know - From ""Enchanted""/Soundtrack Version",1793,Soundtrack
2024-12-27 04:06,Grace Potter,Something That I Want,2190,blues
2024-12-27 04:06,Chris Pine,At All Costs,1416,musicals
2024-12-27 04:06,Naomi Scott,Speechless (Full),880,pop
2024-12-27 04:06,4*TOWN (From Disney and Pixar’s Turning Red),Nobody Like U,1561,pop
2024-12-27 04:06,Lily James,A Dream Is a Wish Your Heart Makes,987,musicals
2024-12-27 04:06,Adriana Caselotti,Some Day My Prince Will Come,945,Disney
2024-12-27 04:06,Sarah Jeffery,Queen of Mean,1209,Disney
2024-12-27 04:06,Chorus - Hercules,Zero To Hero,865,american
2024-12-27 04:06,Dove Cameron,Rotten to the Core,69841,pop
2024-12-27 04:06,China Anne McClain,"What's My Name (Red Version) - From ""Descendants: The Rise of Red""/Soundtrack Version",1050,pop
2024-12-27 04:06,Dove Cameron,If Only,2244,pop
2024-12-27 04:06,Angela Lansbury,Be Our Guest,1355,Disney
2024-12-27 04:06,Descendants – Cast,Life Is Sweeter,1214,Soundtrack
2024-12-27 04:06,Chris Pine,This Is The Thanks I Get?!,973,musicals
2024-12-27 04:06,Miley Cyrus,The Climb,688,pop
2024-12-27 04:07,Donna Murphy,"Mother Knows Best - From ""Tangled""/Soundtrack Version",668,female vocalists
2024-12-27 04:07,Stephanie Beatriz,Waiting On A Miracle,1093,hollywood
2024-12-27 04:07,Phil Collins,"Strangers Like Me - From ""Tarzan""/Soundtrack Version",756,soft rock
2024-12-27 04:07,Dr. Teeth and The Electric Mayhem,Rock On,657,comedy
2024-12-27 04:17,Ariana DeBose,This Wish (Reprise),4729,musicals
2024-12-28 01:24,Ariana DeBose,This Wish (Reprise),30326,musicals
2024-12-28 01:27,Arcane,The Line (from the series Arcane League of Legends),192000,Progressive metal
2024-12-28 01:29,24kGoldn,CITY OF ANGELS,112493,Hip-Hop
2024-12-28 01:32,Post Malone,Motley Crew,184213,Hip-Hop
2024-12-28 01:35,Imagine Dragons,Demons,175200,indie
2024-12-28 01:38,Dominic Fike,3 Nights,177666,indie
2024-12-28 01:41,Anne-Marie,PSYCHO,162666,pop
2024-12-28 01:45,Harry Styles,Falling,240133,pop
2024-12-28 01:48,Elley Duhé,MIDDLE OF THE NIGHT,184447,pop
2024-12-28 01:53,fun.,Carry On,278373,indie pop
2024-12-28 01:56,MARINA,Purge The Poison,196573,pop
2024-12-28 01:59,Maluma,Hawái,199112,reggaeton
2024-12-28 02:03,Cartoon,On & On,207068,Progressive rock
2024-12-28 02:06,Shawn Mendes,In My Blood,211360,pop
2024-12-28 02:10,Ed Sheeran,Cross Me (feat. Chance the Rapper & PnB Rock),206186,soft pop
2024-12-28 02:14,Olivia Rodrigo,teenage dream,222358,pop
2024-12-28 02:17,YUNGBLUD,Psychotic Kids,167066,indie rock
2024-12-28 02:20,Camila Cabello,Shameless,219742,pop
2024-12-28 02:24,Jaymes Young,Infinity,237720,indie
2024-12-28 02:28,Troye Sivan,TALK ME DOWN,237464,pop
2024-12-28 02:32,Dua Lipa,New Rules,209320,pop
2024-12-28 02:36,The Chainsmokers,Call You Mine,217640,electronic
2024-12-28 02:39,Seeb,Grip,198074,classical
2024-12-28 02:42,Fall Out Boy,Immortals,189386,emo
2024-12-28 02:45,Rachel Platten,Fight Song,204013,pop
2024-12-28 02:48,Post Malone,Sunflower - Spider-Man: Into the Spider-Verse,157560,Hip-Hop
2024-12-28 03:16,All Time Low,Monsters (feat. blackbear),75358,pop punk
2024-12-28 08:41,Faouzia,Tears of Gold,763,pop
2024-12-28 08:41,John Legend,All of Me,502,soft pop
2024-12-28 08:41,Joel Corry,Head & Heart (feat. MNEK),501,dance pop
2024-12-28 08:41,Dove Cameron,Boyfriend,3650,pop
2024-12-28 08:41,One Direction,Perfect,585,pop
2024-12-28 08:41,Charlie Puth,Attention,1253,soft pop
2024-12-28 08:41,BTS,Life Goes On,3024,k-pop
2024-12-28 08:45,The Neighbourhood,Sweater Weather,240400,indie
2024-12-28 08:48,The Last Dinner Party,Nothing Matters,182623,seen live
2024-12-28 08:52,Conan Gray,Family Line,216094,seen live
2024-12-28 08:55,Lana Del Rey,Summertime Sadness (Lana Del Rey Vs. Cedric Gervais) - Cedric Gervais Remix,214912,female vocalists
2024-12-28 08:59,Astrid S,Hurts So Good,208728,norwegian pop
2024-12-28 10:24,RAYE,Escapism.,220775,pop
2024-12-29 01:58,RAYE,Escapism.,128,pop
2024-12-29 01:58,BoyWithUke,Sick of U (with Oliver Tree),1373,indie pop
2024-12-29 01:58,One Direction,What Makes You Beautiful,1520,pop
2024-12-29 01:58,One Direction,What Makes You Beautiful,553,pop
2024-12-29 02:02,RAYE,Escapism.,272373,pop
2024-12-29 02:05,One Direction,What Makes You Beautiful,199986,pop
2024-12-29 02:08,BoyWithUke,Sick of U (with Oliver Tree),168676,indie pop
2024-12-29 02:12,Au/Ra,Panic Room,237772,pop
2024-12-29 02:15,Conan Gray,People Watching,158536,seen live
2024-12-29 02:19,Ed Sheeran,The A Team,258373,soft pop
2024-12-29 02:23,BLACKPINK,BOOMBAYAH,240793,k-pop
2024-12-29 02:27,Kurt Hugo Schneider,Sweater Weather,228387,youtube
2024-12-29 02:31,James TW,When You Love Someone,216560,british
2024-12-29 02:33,Claire Rosinkranz,Backyard Boy,129240,pop
2024-12-29 02:36,Khalid,Saturday Nights,210666,rnb
2024-12-29 02:40,EXO,Love Shot,200306,k-pop
2024-12-29 02:42,Caroline Polachek,Sunset,162909,art pop
2024-12-29 02:53,Post Malone,Congratulations,32391,Hip-Hop
2024-12-29 18:32,Ed Sheeran,Bad Habits,1303,soft pop
2024-12-29 18:32,Avicii,"Tough Love (feat. Agnes, Vargas & Lagola)",3469,edm
2024-12-29 18:35,Alec Benjamin,Let Me Down Slowly,169353,pop
2024-12-29 18:38,Lauv,There's No Way (feat. Julia Michaels),174860,pop
2024-12-29 18:41,BTS,Burning Up (Fire),203351,k-pop
2024-12-29 18:47,League of Legends,Legends Never Die,235000,Soundtrack
2024-12-29 18:51,The Weeknd,Blinding Lights,200045,rnb
2024-12-29 18:54,5 Seconds of Summer,Ghost Of You,197411,pop rock
2024-12-29 19:11,Jessica Darrow,Surface Pressure,58170,USA
2024-12-29 19:21,Jessica Darrow,Surface Pressure,144068,USA
2024-12-29 19:24,The Weeknd,Call Out My Name,228373,rnb
2024-12-29 19:28,The Weeknd,The Hills,242253,rnb
2024-12-29 19:32,Serhat Durmus,Hislerim,8061,turkish
2024-12-29 19:32,Serhat Durmus,Hislerim,626,turkish
2024-12-29 19:32,Panic! At The Disco,High Hopes,190946,emo
2024-12-29 19:32,Doja Cat,Get Into It (Yuh),2853,pop
2024-12-29 19:36,Troye Sivan,Happy Little Pill,224874,pop
2024-12-29 19:39,Conan Gray,Crush Culture,204120,seen live
2024-12-29 19:44,Olivia Rodrigo,all-american bitch,165833,pop
2024-12-29 19:48,The Weeknd,Can't Feel My Face,213520,rnb
2024-12-29 20:11,Zedd,365,155886,edm
2024-12-29 20:19,Zedd,365,28019,edm
2024-12-29 20:23,Imagine Dragons,Who We Are,249346,indie
2024-12-29 20:26,Tove Lo,Habits (Stay High),209160,pop
2024-12-29 21:15,New Hope Club,Permission,34435,pop
2024-12-31 03:59,Bishram Relaxing,Nepali Nostaligia | Nepali Dhun,1040,
2024-12-31 04:43,EXO,Love Shot,200306,k-pop
2024-12-31 04:47,EXO,Monster,221341,k-pop
2024-12-31 04:48,Martin Garrix,So Far Away (feat. Jamie Scott & Romy Dya),5945,edm
2024-12-31 04:48,BTS,Spring Day,7587,k-pop
2024-12-31 04:48,Bishram Relaxing,Nepali Sarangi Bansuri Dhun बाँसुरी र सारंगी लोकधुन Nepali Dhun- Nostalgic Nepali Folk Music,607,
2024-12-31 04:48,grandson,Blood // Water,2453,alternative rock
2024-12-31 04:48,Gandhaar,Sawai Gandharva Bhimsen Festival Theme,280,jazz beats
2024-12-31 04:57,Katy Perry,Hot N Cold,220226,pop
2024-12-31 05:00,Dua Lipa,Don't Start Now,183290,pop
2024-12-31 05:05,Halsey,Castle,277623,pop
2024-12-31 05:09,Ed Sheeran,Thinking out Loud,281560,soft pop
2024-12-31 05:12,Olivia Rodrigo,obsessed,170541,pop
2024-12-31 05:29,Bastille,Flaws,160256,indie
2024-12-31 23:02,Bastille,Flaws,59574,indie
2024-12-31 23:06,Fall Out Boy,The Phoenix,244960,emo
2024-12-31 23:10,Lukas Graham,7 Years,237300,pop
2024-12-31 23:14,The Neighbourhood,Sweater Weather,240400,indie
2024-12-31 23:17,One Direction,Drag Me Down,192120,pop
2024-12-31 23:21,Jaymes Young,Feel Something,217400,indie
2024-12-31 23:25,Sam Smith,"Fire On Fire - From ""Watership Down""",246735,soft pop
2024-12-31 23:28,Ellie Goulding,Close To Me (with Diplo) (feat. Swae Lee),182623,female vocalists
2024-12-31 23:33,Imagine Dragons,Battle Cry,273640,indie
2024-12-31 23:36,Olivia Rodrigo,happier,175933,pop
2024-12-31 23:39,Maluma,Hawái,200197,reggaeton
2024-12-31 23:43,MAGIC!,Rude,224840,reggae
2024-12-31 23:47,The Weeknd,"One Of The Girls (with JENNIE, Lily Rose Depp)",244684,rnb
2024-12-31 23:50,Arcane,The Line (from the series Arcane League of Legends),192000,Progressive metal
2024-12-31 23:54,DNCE,Toothbrush,231813,pop
2024-12-31 23:57,Dominic Fike,3 Nights,177666,indie
2025-01-01 00:27,Sam Tinnesz,Play with Fire (feat. Yacht Money),121301,alternative
2025-01-01 03:01,Sam Tinnesz,Play with Fire (feat. Yacht Money),60698,alternative
2025-01-01 03:04,Charlotte Lawrence,Why Do You Love Me,171908,pop
2025-01-01 03:07,Ellise,911,188386,indie pop
2025-01-01 03:10,Jack & Jack,No One Compares To You,182920,pop
2025-01-01 03:15,Tones And I,Ur So F**kInG cOoL,172746,pop
2025-01-01 03:18,Katy Perry,Roar,223546,pop
2025-01-01 03:22,BTS,Burning Up (Fire),203351,k-pop
2025-01-01 03:25,ZAYN,There You Are,199600,pop
2025-01-01 03:29,Cartoon,On & On,207068,Progressive rock
2025-01-01 03:32,Half an Orange,Blink 182,184000,indie
2025-01-01 03:35,The Chainsmokers,Hope,180120,electronic
2025-01-01 03:38,Olivia Rodrigo,bad idea right?,184783,pop
2025-01-01 03:40,Surf Curse,Freaks,147062,indie
2025-01-01 03:44,Theory of a Deadman,Angel,202205,post-grunge
2025-01-01 03:47,Post Malone,Congratulations,220293,Hip-Hop
2025-01-01 03:51,Sia,Unstoppable,217746,female vocalists
2025-01-01 03:55,Lana Del Rey,Young And Beautiful,236053,female vocalists
2025-01-01 03:58,Hailee Steinfeld,Starving,181933,pop
2025-01-01 04:01,James Arthur,Impossible,209440,soft pop
2025-01-01 04:04,Bastille,Doom Days,138115,indie
2025-01-01 04:07,Metro Boomin,Creepin' (with The Weeknd & 21 Savage),221520,trap
2025-01-01 04:10,Anne-Marie,PSYCHO,162666,pop
2025-01-01 04:15,Anuv Jain,Riha,287312,indian indie
2025-01-01 04:20,The Weeknd,Prisoner,274960,rnb
2025-01-01 04:23,Katy Perry,The One That Got Away,227333,pop
2025-01-01 04:27,Fall Out Boy,Immortals,189386,emo
2025-01-01 04:30,Charlie Puth,Attention,208786,soft pop
2025-01-01 04:34,Snow Patrol,Chasing Cars,267960,indie
2025-01-01 04:38,Au/Ra,Panic Room,237772,pop
2025-01-01 04:44,Belle Sisoski,Hold On,336000,hip hop
2025-01-01 04:50,Billie Eilish,CHIHIRO,303440,pop
2025-01-01 04:53,Shawn Mendes,Stitches,206880,pop
2025-01-01 05:44,Janani K. Jha,Achilles Heel,74840,indie
2025-01-02 18:31,Vishal-Shekhar,Desi Girl,2439,bollywood
2025-01-02 18:36,Shankar-Ehsaan-Loy,Kal Ho Naa Ho,321240,bollywood
2025-01-02 18:42,KK,Dil Kyun Yeh Mera,333200,Hindi
2025-01-02 18:54,Shreya Ghoshal,"Ye Ishq Hai (From ""Jab We Met"")",107622,bollywood
2025-01-03 02:25,Sandesh Shandilya,"Suraj Hua Maddham (From ""Kabhi Khushi Kabhie Gham"")",5130,bollywood
2025-01-03 02:25,Amit Trivedi,Gal Mitthi Mitthi,5407,bollywood
2025-01-03 02:29,Vishal-Shekhar,Jaane Kyun,277986,bollywood
2025-01-03 02:41,Shankar-Ehsaan-Loy,Where's the Party Tonight,378160,bollywood
2025-01-03 02:48,Sandesh Shandilya,Suraj Hua Maddham,427546,bollywood
2025-01-03 02:59,Mohit Chauhan,Dooriyan,324851,bollywood
2025-01-03 03:54,Jatin-Lalit,Yeh Ladka Hai Allah,254933,bollywood
2025-01-04 17:15,Jatin-Lalit,Yeh Ladka Hai Allah,574,bollywood
2025-01-04 17:16,Shankar-Ehsaan-Loy,It's the Time to Disco,413,bollywood
2025-01-04 17:16,Dwayne Johnson,You're Welcome,1522,Disney
2025-01-04 17:19,Braelyn Rankins,I Always Wanted A Brother,214506,Soundtrack
2025-01-04 17:22,Folake,Bye Bye,159996,
2025-01-04 17:23,High School Musical Cast,We're All In This Together,781,pop
2025-01-04 17:23,Jonathan Groff,Lost in the Woods,1002,musicals
2025-01-04 17:23,Anika Noni Rose,"Almost There - From ""The Princess and the Frog"" / Soundtrack Version",1215,dreamgirls
2025-01-04 17:23,Ariana DeBose,This Wish,817,musicals
2025-01-04 17:23,Angela Lansbury,Beauty and the Beast,3889,Disney
2025-01-04 17:23,Phil Harris,The Bare Necessities,550,Disney
2025-01-04 17:23,Adriana Caselotti,Some Day My Prince Will Come,729,Disney
2025-01-04 17:23,Julie Andrews,"Supercalifragilisticexpialidocious - From ""Mary Poppins"" Soundtrack",467,musicals
2025-01-04 17:23,Michael Giacchino,Here Comes Elastigirl - Elastigirl's Theme,613,soundtrack
2025-01-04 17:23,Verna Felton,"Bibbidi-Bobbidi-Boo - From ""Cinderella"" Soundtrack",741,Soundtrack
2025-01-04 17:23,Stephanie Beatriz,Waiting On A Miracle,2988,hollywood
2025-01-04 17:23,Descendants – Cast,Life Is Sweeter,872,Soundtrack
2025-01-04 17:24,Grace Potter,Something That I Want,57548,blues
2025-01-04 17:24,Roger Bart,Go the Distance,1479,Disney
2025-01-04 17:24,Dick Van Dyke,"Chim Chim Cher-ee - From ""Mary Poppins""/Soundtrack Version",1631,musical
2025-01-04 17:24,Lauv,Steal The Show,1110,pop
2025-01-04 17:24,Rosie O'Donnell,Trashin' The Camp,650,christmas
2025-01-04 17:24,Jon Batiste,It's All Right,907,jazz
2025-01-04 21:25,Idina Menzel,Into the Unknown,41996,musicals
2025-01-04 21:49,High School Musical Cast,We're All In This Together,622,pop
2025-01-04 21:49,Jonathan Groff,Lost in the Woods,1616,musicals
2025-01-04 21:49,Anika Noni Rose,"Almost There - From ""The Princess and the Frog"" / Soundtrack Version",550,dreamgirls
2025-01-04 21:49,Ariana DeBose,This Wish,450,musicals
2025-01-04 21:49,Grace Potter,Something That I Want,732,blues
2025-01-04 21:49,Idina Menzel,Into the Unknown,12765,musicals
2025-01-04 21:49,Phil Harris,The Bare Necessities,584,Disney
2025-01-04 21:49,Adriana Caselotti,Some Day My Prince Will Come,814,Disney
2025-01-04 21:49,Roger Bart,Go the Distance,1289,Disney
2025-01-04 21:49,Julie Andrews,"Supercalifragilisticexpialidocious - From ""Mary Poppins"" Soundtrack",500,musicals
2025-01-04 21:49,Dick Van Dyke,"Chim Chim Cher-ee - From ""Mary Poppins""/Soundtrack Version",542,musical
2025-01-04 21:49,Lauv,Steal The Show,727,pop
2025-01-04 21:49,Rosie O'Donnell,Trashin' The Camp,126,christmas
2025-01-04 21:49,Michael Giacchino,Here Comes Elastigirl - Elastigirl's Theme,635,soundtrack
2025-01-04 21:49,Verna Felton,"Bibbidi-Bobbidi-Boo - From ""Cinderella"" Soundtrack",442,Soundtrack
2025-01-04 21:49,Stephanie Beatriz,Waiting On A Miracle,562,hollywood
2025-01-04 21:49,Descendants – Cast,Life Is Sweeter,550,Soundtrack
2025-01-04 21:49,Jon Batiste,It's All Right,710,jazz
2025-01-04 21:50,Angela Lansbury,Beauty and the Beast,586,Disney
2025-01-04 21:53,Braelyn Rankins,I Always Wanted A Brother,214506,Soundtrack
2025-01-04 21:55,Folake,Bye Bye,135440,
2025-01-04 21:56,High School Musical Cast,We're All In This Together,410,pop
2025-01-04 21:56,Jonathan Groff,Lost in the Woods,661,musicals
2025-01-04 21:56,Anika Noni Rose,"Almost There - From ""The Princess and the Frog"" / Soundtrack Version",341,dreamgirls
2025-01-04 21:56,Ariana DeBose,This Wish,528,musicals
2025-01-04 21:56,Angela Lansbury,Beauty and the Beast,55391,Disney
2025-01-04 21:56,Phil Harris,The Bare Necessities,440,Disney
2025-01-04 21:56,Adriana Caselotti,Some Day My Prince Will Come,1839,Disney
2025-01-04 21:56,Julie Andrews,"Supercalifragilisticexpialidocious - From ""Mary Poppins"" Soundtrack",1951,musicals
2025-01-04 21:56,Michael Giacchino,Here Comes Elastigirl - Elastigirl's Theme,442,soundtrack
2025-01-04 21:56,Verna Felton,"Bibbidi-Bobbidi-Boo - From ""Cinderella"" Soundtrack",2419,Soundtrack
2025-01-04 21:56,Stephanie Beatriz,Waiting On A Miracle,418,hollywood
2025-01-04 21:56,Descendants – Cast,Life Is Sweeter,1067,Soundtrack
2025-01-04 21:57,Mandy Moore,"When Will My Life Begin? - From ""Tangled"" / Soundtrack Version",2184,pop
2025-01-04 21:57,Mandy Moore,"When Will My Life Begin? - From ""Tangled"" / Soundtrack Version",636,pop
2025-01-04 21:57,Grace Potter,Something That I Want,2121,blues
2025-01-04 21:57,Idina Menzel,Into the Unknown,1252,musicals
2025-01-04 21:57,Idina Menzel,Into the Unknown,584,musicals
2025-01-04 21:57,Roger Bart,Go the Distance,537,Disney
2025-01-04 21:57,Dick Van Dyke,"Chim Chim Cher-ee - From ""Mary Poppins""/Soundtrack Version",719,musical
2025-01-04 21:57,Lauv,Steal The Show,458,pop
2025-01-04 21:57,Rosie O'Donnell,Trashin' The Camp,670,christmas
2025-01-04 21:57,Jon Batiste,It's All Right,3447,jazz
2025-01-04 22:00,Idina Menzel,Into the Unknown,194848,musicals
2025-01-04 22:02,Mandy Moore,"When Will My Life Begin? - From ""Tangled"" / Soundtrack Version",152333,pop
2025-01-04 22:06,Dove Cameron,If Only,229813,pop
2025-01-04 22:08,Anika Noni Rose,Down in New Orleans (Finale),95493,dreamgirls
2025-01-04 22:11,Olivia Rodrigo,The Rose Song,174380,pop
2025-01-04 23:53,Naomi Scott,Speechless (Full),35192,pop
2025-01-05 20:42,Lola Young,Messy,30424,pop
2025-01-05 20:46,Lola Young,Messy,263352,pop
2025-01-05 20:50,Chappell Roan,"Good Luck, Babe!",218423,pop
2025-01-05 20:53,Sabrina Carpenter,Taste,157279,pop
2025-01-05 20:56,Gigi Perez,Sailor Song,211978,indie
2025-01-05 21:01,Billie Eilish,WILDFLOWER,256324,pop
2025-01-05 21:04,Billie Eilish,THE DINER,186346,pop
2025-01-05 21:09,Billie Eilish,L’AMOUR DE MA VIE,333986,pop
2025-01-05 21:13,Billie Eilish,BIRDS OF A FEATHER,210373,pop
2025-01-05 21:16,Billie Eilish,LUNCH,179586,pop
2025-01-05 21:19,Sabrina Carpenter,Please Please Please,186365,pop
2025-01-05 21:22,SZA,BMF,180746,rnb
2025-01-05 21:25,Chappell Roan,HOT TO GO!,184841,pop
2025-01-05 21:26,Shaboozey,A Bar Song (Tipsy),30586,country
2025-01-05 21:27,Gracie Abrams,"I Love You, I'm Sorry",4097,seen live
2025-01-05 21:27,Charli xcx,Guess featuring billie eilish,1335,hyperpop
2025-01-05 21:27,"Tyler, The Creator","Sticky (feat. GloRilla, Sexyy Red & Lil Wayne)",903,Hip-Hop
2025-01-05 21:27,ROSÉ,toxic till the end,58845,pop
2025-01-05 21:29,Don Toliver,NEW DROP,759,rap
2025-01-05 21:29,Addison Rae,Diet Pepsi,1329,pop
2025-01-05 21:29,Bad Bunny,EL CLúB,721,reggaeton
2025-01-05 21:29,Tyla,PUSH 2 START,1187,afrobeats
2025-01-05 21:29,Tommy Richman,MILLION DOLLAR BABY,4702,rnb
2025-01-05 21:29,Hozier,Too Sweet,2484,blues
2025-01-05 21:29,LISA,Moonlit Floor (Kiss Me),11291,k-pop
2025-01-05 21:29,The Marías,No One Noticed,4576,bedroom pop
2025-01-05 21:29,Sabrina Carpenter,Espresso,1484,pop
2025-01-05 21:29,Rauw Alejandro,Qué Pasaría...,116103,reggaeton
2025-01-05 21:29,Doechii,DENIAL IS A RIVER,1769,rap
2025-01-05 21:29,Post Malone,I Had Some Help (Feat. Morgan Wallen),2039,Hip-Hop
2025-01-05 21:29,Ariana Grande,we can't be friends (wait for your love),2224,pop
2025-01-05 21:29,SZA,30 For 30 (with Kendrick Lamar),1481,rnb
2025-01-05 21:29,JENNIE,Mantra,433,k-pop
2025-01-05 21:32,Folake,Bye Bye,135440,
2025-01-05 21:35,Teddy Swims,Lose Control,463,soul
2025-01-05 21:35,Dasha,Austin (Boots Stop Workin'),514,pop
2025-01-05 21:35,Dasha,Austin (Boots Stop Workin'),5162,pop
2025-01-05 21:35,Oscar Maydon,Tu Boda,862,corridos tumbados
2025-01-05 21:35,Oscar Maydon,Tu Boda,2341,corridos tumbados
2025-01-05 21:35,Benson Boone,Beautiful Things,0,pop
2025-01-05 21:35,Braelyn Rankins,I Always Wanted A Brother,214506,Soundtrack
2025-01-05 21:35,Myles Smith,Stargazing,1278,folk
2025-01-05 21:35,Myke Towers,DEGENERE 👑 (feat. benny blanco),0,reggaeton
2025-01-05 21:36,Kendrick Lamar,tv off (feat. lefty gunplay),1149,hip hop
2025-01-05 21:36,Taylor Swift,Fortnight (feat. Post Malone),574,country
2025-01-05 21:36,KAROL G,Si Antes Te Hubiera Conocido,629,reggaeton
2025-01-05 21:36,Stromae,Ma Meilleure Ennemie (from the series Arcane League of Legends),653,french pop
2025-01-05 21:36,Morgan Wallen,Love Somebody,1098,country
2025-01-05 21:36,yung kai,blue,512,indie
2025-01-05 21:36,Omar Courtz,Q U E V A S H A C E R H O Y ?,636,Hip-Hop
2025-01-05 21:36,GloRilla,WHATCHU KNO ABOUT ME (with Sexyy Red),802,rap
2025-01-05 21:36,KATSEYE,Touch,756,k-pop
2025-01-05 21:38,Stromae,Ma Meilleure Ennemie (from the series Arcane League of Legends),147973,french pop
2025-01-05 21:41,Twenty One Pilots,The Line (from the series Arcane League of Legends),192000,electronic
2025-01-05 21:45,League of Legends,Legends Never Die,235000,Soundtrack
2025-01-05 21:55,Omar Courtz,Q U E V A S H A C E R H O Y ?,224022,Hip-Hop
2025-01-05 22:00,Jimin,Who,170887,k-pop
2025-01-05 22:31,Lady Gaga,Die With A Smile,250000,art pop
2025-01-06 15:47,Lady Gaga,Die With A Smile,2692,art pop
2025-01-06 15:50,Doechii,DENIAL IS A RIVER,159586,rap
2025-01-06 15:53,Gracie Abrams,That’s So True,166300,seen live
2025-01-06 15:56,Billie Eilish,BIRDS OF A FEATHER,210373,pop
2025-01-06 15:59,SZA,BMF,180746,rnb
2025-01-06 16:02,Kendrick Lamar,luther (with sza),177598,hip hop
2025-01-06 16:05,ROSÉ,APT.,169917,pop
2025-01-06 16:10,Lola Young,Messy,284068,pop
2025-01-06 16:14,The Weeknd,Timeless (feat. Playboi Carti),256000,rnb
2025-01-06 16:17,Shaboozey,A Bar Song (Tipsy),171291,country
2025-01-06 16:21,Lil Baby,"Dum, Dumb, and Dumber (with Young Thug & Future)",227400,rap
2025-01-06 16:23,Sabrina Carpenter,Taste,157279,pop
2025-01-06 16:26,Benson Boone,Beautiful Things,180304,pop
2025-01-06 16:30,Morgan Wallen,Love Somebody,204828,country
2025-01-06 16:33,Gigi Perez,Sailor Song,211978,indie
2025-01-06 16:50,"Tyler, The Creator","Sticky (feat. GloRilla, Sexyy Red & Lil Wayne)",112397,Hip-Hop
2025-01-06 17:08,"Tyler, The Creator","Sticky (feat. GloRilla, Sexyy Red & Lil Wayne)",3286,Hip-Hop
2025-01-06 17:12,Chappell Roan,"Good Luck, Babe!",218423,pop
2025-01-06 17:13,Kendrick Lamar,tv off (feat. lefty gunplay),406,hip hop
2025-01-06 17:13,Hozier,Too Sweet,835,blues
2025-01-06 17:13,GloRilla,WHATCHU KNO ABOUT ME (with Sexyy Red),54891,rap
2025-01-06 17:16,Tate McRae,It's ok I'm ok,156521,pop
2025-01-06 17:18,Tate McRae,you broke me first,124641,pop
2025-01-06 17:21,Lizzy McAlpine,ceilings,182887,indie pop
2025-01-06 17:25,Lewis Capaldi,Before You Go,215106,soft pop
2025-01-06 17:27,Imagine Dragons,Bones,165264,indie
2025-01-06 17:31,The Marías,No One Noticed,236906,bedroom pop
2025-01-06 17:35,Bad Bunny,PIToRRO DE COCO,206627,reggaeton
2025-01-06 17:38,Post Malone,I Had Some Help (Feat. Morgan Wallen),178205,Hip-Hop
2025-01-06 17:46,Billie Eilish,WILDFLOWER,261466,pop
2025-01-06 17:57,SZA,30 For 30 (with Kendrick Lamar),63508,rnb
2025-01-06 22:19,Sabrina Carpenter,Please Please Please,928,pop
2025-01-06 22:20,Sam Barber,Indigo (feat. Avery Anna),3860,country
2025-01-06 22:20,Unknown Artist,Unknown Track,1768,japanese classical
2025-01-06 22:20,Conan Gray,Heather,714,seen live
2025-01-06 22:20,Conan Gray,Heather,0,seen live
2025-01-06 22:20,The Neighbourhood,Sweater Weather,1705,indie
2025-01-06 22:25,Billie Eilish,CHIHIRO,297920,pop
2025-01-06 22:28,Gigi Perez,Sailor Song,186262,indie
2025-01-06 22:32,Lana Del Rey,Young And Beautiful,228446,female vocalists
2025-01-06 22:34,Twenty One Pilots,The Line (from the series Arcane League of Legends),159099,electronic
2025-01-06 22:37,Post Malone,Congratulations,195097,Hip-Hop
2025-01-06 22:37,Unknown Artist,Unknown Track,2664,japanese classical
2025-01-06 22:38,Unknown Artist,Unknown Track,4780,japanese classical
2025-01-06 22:41,Selena Gomez,Bad Liar,210649,pop
2025-01-06 22:43,Bastille,Doom Days,130102,indie
2025-01-06 22:46,Tove Lo,Habits (Stay High),195506,pop
2025-01-06 22:50,Halsey,Nightmare,201623,pop
2025-01-06 22:53,Unknown Artist,Unknown Track,6844,japanese classical
2025-01-06 22:53,Jaymes Young,Infinity,212287,indie
2025-01-06 22:53,Unknown Artist,Unknown Track,1959,japanese classical
2025-01-06 22:57,Paris Paloma,labour,231464,seen live
2025-01-06 23:05,Rebel Moves,Every When,149452,turkish
2025-01-07 23:49,OneRepublic,Counting Stars,1750,soft pop
2025-01-07 23:49,Unknown Artist,Unknown Track,3866,japanese classical
2025-01-07 23:49,Bakar,Hell N Back (feat. Summer Walker),509,french rap
2025-01-07 23:53,Billie Eilish,WILDFLOWER,214626,pop
2025-01-07 23:56,The Neighbourhood,Sweater Weather,223947,indie
2025-01-08 00:02,Metro Boomin,Creepin' (with The Weeknd & 21 Savage),212094,trap
2025-01-08 00:05,Sam Tinnesz,Play with Fire (feat. Yacht Money),168158,alternative
2025-01-08 00:08,Bastille,Flaws,212300,indie
2025-01-08 00:08,Unknown Artist,Unknown Track,2168,japanese classical
2025-01-08 00:08,Unknown Artist,Unknown Track,5172,japanese classical
2025-01-08 00:10,XXXTENTACION,SAD!,134803,emo rap
2025-01-08 00:14,Post Malone,Circles,197201,Hip-Hop
2025-01-08 00:17,Travis Scott,goosebumps,212618,rap
2025-01-08 00:20,Astrid S,Hurts So Good,183761,norwegian pop
2025-01-08 00:23,Unknown Artist,Unknown Track,3552,japanese classical
2025-01-08 00:23,Unknown Artist,Unknown Track,2403,japanese classical
2025-01-08 00:23,Twenty One Pilots,Heathens,193542,electronic
2025-01-08 01:45,Chappell Roan,My Kink Is Karma,84799,pop
2025-01-08 15:35,Unknown Artist,Unknown Track,4675,japanese classical
2025-01-08 15:35,Chappell Roan,My Kink Is Karma,129335,pop
2025-01-08 15:38,Imagine Dragons,Enemy (with JID) - from the series Arcane League of Legends,168384,indie
2025-01-08 15:40,Poylow,Hate You,153129,slap house
2025-01-08 15:42,Sub Urban,INFERNO,124156,noise
2025-01-08 15:46,League of Legends,Burn It All Down,195723,Soundtrack
2025-01-08 15:53,Unknown Artist,Unknown Track,10814,japanese classical
2025-01-08 15:53,Unknown Artist,Unknown Track,2220,japanese classical
2025-01-08 15:53,Billie Eilish,L’AMOUR DE MA VIE,333986,pop
2025-01-08 15:56,Dermot Kennedy,Power Over Me,184620,singer-songwriter
2025-01-08 16:00,Daughter,Medicine,218646,indie
2025-01-08 16:03,Taylor Swift,"no body, no crime (feat. HAIM)",200559,country
2025-01-08 16:14,The Fray,Look After You,72506,alternative
2025-01-08 17:39,The Fray,Look After You,87963,alternative
2025-01-08 17:42,AJR,Weak,193767,indie pop
2025-01-08 17:42,Unknown Artist,Unknown Track,2324,japanese classical
2025-01-08 17:42,Unknown Artist,Unknown Track,3866,japanese classical
2025-01-08 17:46,Halsey,Sorry,215520,pop
2025-01-08 17:48,Jack & Jack,No One Compares To You,176860,pop
2025-01-08 17:51,Surf Curse,Freaks,139790,indie
2025-01-08 17:54,Ruth B.,Dandelions,216254,pop
2025-01-08 17:54,Selena Gomez,Wolves,11543,pop
2025-01-08 17:55,Unknown Artist,Unknown Track,3630,japanese classical
2025-01-08 17:55,Marshmello,Be Kind (with Halsey),9399,edm
2025-01-08 17:59,Glass Animals,Heat Waves,234665,electronic
2025-01-08 18:01,Olivia Rodrigo,obsessed,164124,pop
2025-01-08 18:04,Shaboozey,A Bar Song (Tipsy),163521,country
2025-01-08 18:06,Unknown Artist,Unknown Track,2429,japanese classical
2025-01-08 18:06,Imagine Dragons,Bones,165000,indie
2025-01-08 18:07,Unknown Artist,Unknown Track,6164,japanese classical
2025-01-08 18:10,Bishop Briggs,River,211379,indie
2025-01-08 18:14,Taylor Swift,I Did Something Bad,234579,country
2025-01-08 18:15,Halsey,Walls Could Talk,90949,pop
2025-01-08 18:18,BTS,Burning Up (Fire),196976,k-pop
2025-01-08 18:20,Unknown Artist,Unknown Track,2194,japanese classical
2025-01-08 18:20,24kGoldn,CITY OF ANGELS,104767,Hip-Hop
2025-01-08 18:20,Unknown Artist,Unknown Track,5067,japanese classical
2025-01-08 18:24,Wallows,Are You Bored Yet? (feat. Clairo),176019,indie
2025-01-08 18:27,Lewis Capaldi,Bruises,208672,soft pop
2025-01-08 18:31,Coldplay,Hymn for the Weekend,238983,rock
2025-01-08 18:34,Troye Sivan,Happy Little Pill,206188,pop
2025-01-08 18:37,Unknown Artist,Unknown Track,6321,japanese classical
2025-01-08 18:37,Unknown Artist,Unknown Track,2168,japanese classical
2025-01-08 18:37,Justin Bieber,Lonely (with benny blanco),142035,pop
2025-01-08 18:40,Ellie Goulding,Close To Me (with Diplo) (feat. Swae Lee),176848,female vocalists
2025-01-08 18:43,Maroon 5,Cold (feat. Future),225388,pop
2025-01-08 18:46,Sia,"Genius (feat. Sia, Diplo, and Labrinth)",185984,female vocalists
2025-01-08 18:50,Taylor Swift,Delicate,225000,country
2025-01-08 18:54,5 Seconds of Summer,Youngblood,203000,pop rock
2025-01-08 18:54,Unknown Artist,Unknown Track,6112,japanese classical
2025-01-08 18:54,Unknown Artist,Unknown Track,2011,japanese classical
2025-01-08 18:57,Twenty One Pilots,Ride,202883,electronic
2025-01-08 18:59,Lil Nas X,THATS WHAT I WANT,141401,Hip-Hop
2025-01-08 19:03,The Chainsmokers,Who Do You Love,211231,electronic
2025-01-08 19:06,Imagine Dragons,Natural,178690,indie
2025-01-08 19:07,Unknown Artist,Unknown Track,1776,japanese classical
2025-01-08 19:07,Doja Cat,Get Into It (Yuh),123260,pop
2025-01-08 19:08,Unknown Artist,Unknown Track,4884,japanese classical
2025-01-08 19:10,Daisy the Great,Record Player,146219,indie pop
2025-01-08 19:12,Dove Cameron,Breakfast,146704,pop
2025-01-08 19:15,Halsey,Gasoline,181856,pop
2025-01-08 19:18,Arctic Monkeys,I Wanna Be Yours,174519,indie
2025-01-08 19:20,Bryce Fox,Golden Boy,135112,alternative
2025-01-08 19:20,Unknown Artist,Unknown Track,5093,japanese classical
2025-01-08 19:20,Unknown Artist,Unknown Track,1985,japanese classical
2025-01-08 19:24,Lindsey Stirling,The Arena,223884,violin
2025-01-08 19:26,Clarx,Castle,140821,future house
2025-01-08 19:30,Imagine Dragons,Who We Are,225290,indie
2025-01-08 19:33,MARINA,About Love - From The Netflix Film “To All The Boys: P.S. I Still Love You”,204636,pop
2025-01-08 19:37,Unknown Artist,Unknown Track,1541,japanese classical
2025-01-08 19:37,PUBLIC,Make You Mine,227914,indie pop
2025-01-08 19:37,Unknown Artist,Unknown Track,4544,japanese classical
2025-01-08 19:41,Aaron Smith,Dancin - Krono Remix,207972,House
2025-01-08 19:44,Thirty Seconds To Mars,The Kill,228222,modern rock
2025-01-08 19:48,Carrie Underwood,Before He Cheats,192965,country
2025-01-08 19:49,Dybbukk,I'm Only a Fool for You,59403,
2025-01-08 19:52,P!nk,Who Knew - Edit,199719,opera
2025-01-08 19:52,Unknown Artist,Unknown Track,5172,japanese classical
2025-01-08 19:52,Unknown Artist,Unknown Track,1802,japanese classical
2025-01-08 19:55,Benson Boone,Cry,181500,pop
2025-01-08 19:58,Halsey,Without Me,186587,pop
2025-01-08 20:00,Olivia Rodrigo,favorite crime,149954,pop
2025-01-08 20:03,Dominic Fike,3 Nights,169807,indie
2025-01-08 20:06,Conan Gray,Maniac,183949,seen live
2025-01-08 20:06,Unknown Artist,Unknown Track,2011,japanese classical
2025-01-08 20:06,Unknown Artist,Unknown Track,3944,japanese classical
2025-01-08 20:08,Zadbeatz,Belong,107965,lo-fi
2025-01-08 20:10,Aurekk the Mighty,Sunset Day,123338,
2025-01-08 20:11,kine,in luv with u,86354,Norway
2025-01-08 20:13,frozen fox,Cold Rain,108171,Lo-Fi
2025-01-08 20:14,avee,o k a y,97799,
2025-01-08 20:14,Unknown Artist,Unknown Track,1593,japanese classical
2025-01-08 20:15,Unknown Artist,Unknown Track,3133,japanese classical
2025-01-08 20:18,Ed Sheeran,Cross Me (feat. Chance the Rapper & PnB Rock),201926,soft pop
2025-01-08 20:22,NF,Time,200942,Hip-Hop
2025-01-08 20:25,mgk,"Home (with Machine Gun Kelly, X Ambassadors & Bebe Rexha)",199249,opera
2025-01-08 20:29,Eminem,Mockingbird,208922,rap
2025-01-10 04:16,Unknown Artist,Unknown Track,561,japanese classical
2025-01-10 04:16,Halsey,Nightmare,0,pop
2025-01-10 04:16,Zedd,365,1489,edm
2025-01-10 04:16,Astrid S,Hurts So Good,1447,norwegian pop
2025-01-10 04:16,Tove Lo,Habits (Stay High),1895,pop
2025-01-10 04:20,Unknown Artist,Unknown Track,4937,japanese classical
2025-01-10 04:20,Post Malone,Circles,214091,Hip-Hop
2025-01-10 04:20,Unknown Artist,Unknown Track,1985,japanese classical
2025-01-10 04:56,Billie Eilish,CHIHIRO,230554,pop
2025-01-10 20:31,Unknown Artist,Unknown Track,4545,japanese classical
2025-01-10 20:31,Billie Eilish,THE DINER,2588,pop
2025-01-10 20:31,Billie Eilish,CHIHIRO,63003,pop
2025-01-10 20:35,League of Legends,Burn It All Down,200276,Soundtrack
2025-01-10 20:38,Twenty One Pilots,Heathens,193049,electronic
2025-01-10 20:41,Chappell Roan,"Good Luck, Babe!",210883,pop
2025-01-10 20:44,Unknown Artist,Unknown Track,1854,japanese classical
2025-01-10 20:44,Unknown Artist,Unknown Track,3526,japanese classical
2025-01-10 20:44,Poylow,Hate You,176574,slap house
2025-01-10 20:47,Selena Gomez,Bad Liar,209455,pop
2025-01-10 20:51,NF,Time,199886,Hip-Hop
2025-01-10 20:57,Halsey,Gasoline,362834,pop
2025-01-10 20:58,Bishop Briggs,River,83037,indie
2025-01-10 20:59,Unknown Artist,Unknown Track,3813,japanese classical
2025-01-10 20:59,Elley Duhé,MIDDLE OF THE NIGHT,56005,pop
2025-01-10 21:01,Doja Cat,Get Into It (Yuh),120166,pop
2025-01-10 22:39,Tate McRae,It's ok I'm ok,102537,pop
2025-01-11 16:54,Mike Posner,I Took A Pill In Ibiza - Seeb Remix,1385,rnb
2025-01-11 16:54,Unknown Artist,Unknown Track,580,japanese classical
2025-01-11 16:54,5 Seconds of Summer,Ghost Of You,268,pop rock
2025-01-11 16:57,5 Seconds of Summer,Ghost Of You,194640,pop rock
2025-01-11 17:00,Mike Posner,I Took A Pill In Ibiza - Seeb Remix,189631,rnb
2025-01-11 17:04,Au/Ra,Panic Room,203075,pop
2025-01-11 17:08,Maroon 5,Cold (feat. Future),225388,pop
2025-01-11 17:20,Ruth B.,Dandelions,142688,pop
2025-01-11 23:33,Ruth B.,Dandelions,22376,pop
2025-01-13 15:30,Gigi Perez,Sailor Song,0,indie
2025-01-13 15:30,Ruth B.,Dandelions,306,pop
2025-01-13 15:30,Selena Gomez,Bad Liar,0,pop
2025-01-13 15:30,NF,Time,2523,Hip-Hop
2025-01-13 15:30,Unknown Artist,Unknown Track,629,japanese classical
2025-01-13 15:30,Unknown Artist,Unknown Track,241,japanese classical
2025-01-13 15:30,Maroon 5,Cold (feat. Future),970,pop
2025-01-13 15:34,NF,Time,240428,Hip-Hop
2025-01-13 15:38,Arcane,The Line (from the series Arcane League of Legends),192000,Progressive metal
2025-01-13 15:42,League of Legends,Legends Never Die,235000,Soundtrack
2025-01-13 15:45,Gigi Perez,Sailor Song,211978,indie
2025-01-13 15:48,Arctic Monkeys,I Wanna Be Yours,183956,indie
2025-01-13 15:51,George Ezra,Blame It on Me,196400,indie
2025-01-13 17:00,Bastille,Good Grief,178805,indie
2025-01-13 17:08,Bastille,Good Grief,28703,indie
2025-01-13 17:13,Bastille,Flaws,218800,indie
2025-01-13 17:16,Benson Boone,Slow It Down,161831,pop
2025-01-13 17:20,Dirty Heads,Oxygen,225394,reggae rock
2025-01-13 17:24,Chappell Roan,Femininomenon,219710,pop
2025-01-13 17:24,Ariana Grande,the boy is mine,9193,pop
2025-01-13 17:28,Olivia Rodrigo,teenage dream,222358,pop
2025-01-13 17:31,Chappell Roan,Casual,173260,pop
2025-01-13 17:34,Conan Gray,Family Line,216094,seen live
2025-01-13 17:39,Chappell Roan,Pink Pony Club,258034,pop
2025-01-13 17:42,Chappell Roan,My Kink Is Karma,222578,pop
2025-01-13 17:46,Conan Gray,Astronomy,243907,seen live
2025-01-13 17:50,Chappell Roan,Red Wine Supernova,192720,pop
2025-01-13 17:53,Wallows,Are You Bored Yet? (feat. Clairo),178000,indie
2025-01-13 17:56,The Last Dinner Party,Nothing Matters,182623,seen live
2025-01-13 18:00,Chappell Roan,Pink Pony Club,258034,pop
2025-01-13 18:02,Benson Boone,Cry,118432,pop
2025-01-13 18:07,Billie Eilish,CHIHIRO,303440,pop
2025-01-13 18:10,Charli xcx,Club classics,153526,hyperpop
2025-01-13 18:16,Chappell Roan,My Kink Is Karma,222578,pop
2025-01-13 18:19,Benson Boone,Beautiful Things,180304,pop
2025-01-13 18:22,Shaboozey,A Bar Song (Tipsy),171291,country
2025-01-13 19:03,Mitski,My Love Mine All Mine,83213,seen live
2025-01-13 22:16,Mitski,My Love Mine All Mine,55583,seen live
2025-01-13 22:20,beabadoobee,A Night To Remember,233388,bedroom pop
2025-01-13 22:24,Billie Eilish,BIRDS OF A FEATHER,210373,pop
2025-01-13 22:28,fun.,Carry On,278373,indie pop
2025-01-13 22:34,Billie Eilish,L’AMOUR DE MA VIE,332990,pop
2025-01-13 22:37,Billie Eilish,THE DINER,186346,pop
2025-01-13 22:42,Billie Eilish,WILDFLOWER,261466,pop
2025-01-13 22:45,Metro Boomin,Creepin' (with The Weeknd & 21 Savage),221520,trap
2025-01-13 22:49,Conan Gray,Family Line,216094,seen live
2025-01-13 22:53,Arctic Monkeys,505,253586,indie
2025-01-13 22:56,lilster,Barbie (Can You Play Ken?),173735,jersey club
2025-01-14 01:52,Lana Del Rey,Young And Beautiful,138244,female vocalists
2025-01-14 03:53,Lana Del Rey,Young And Beautiful,97828,female vocalists
2025-01-14 03:57,Olivia Rodrigo,ballad of a homeschooled girl,203369,pop
2025-01-14 04:00,Olivia Rodrigo,obsessed,170541,pop
2025-01-14 04:03,Chappell Roan,"Good Luck, Babe!",218423,pop
2025-01-14 04:06,Ashnikko,Daisy,146523,Hip-Hop
2025-01-14 04:33,Fitz and The Tantrums,Out of My League,66385,soul
2025-01-14 16:41,Fitz and The Tantrums,Out of My League,1193,soul
2025-01-14 16:45,New West,Those Eyes,220750,seen live
2025-01-14 16:50,Anuv Jain,Riha,287312,indian indie
2025-01-14 17:15,Olivia Rodrigo,favorite crime,105703,pop
2025-01-14 18:25,Olivia Rodrigo,favorite crime,777,pop
2025-01-14 18:28,Olivia Rodrigo,all-american bitch,165833,pop
2025-01-14 18:31,Olivia Rodrigo,deja vu,215506,pop
2025-01-14 18:34,Olivia Rodrigo,bad idea right?,183827,pop
2025-01-14 18:38,Olivia Rodrigo,vampire,219724,pop
2025-01-14 18:42,The Weeknd,"One Of The Girls (with JENNIE, Lily Rose Depp)",244684,rnb
2025-01-14 18:45,Post Malone,Hollywood's Bleeding,156266,Hip-Hop
2025-01-14 18:55,The Buttress,Brutus (Instrumental),200000,Horrorcore
2025-01-14 19:00,Belle Sisoski,Hold On,336000,hip hop
2025-01-14 19:04,Grimes,Kill V. Maim,246013,art pop
2025-01-14 19:07,Caroline Polachek,Sunset,162909,art pop
2025-01-14 19:10,Lou Bliss,Killing Butterflies,170000,
2025-01-14 19:13,Billie Eilish,watch,177523,pop
2025-01-14 19:16,League of Legends,Burn It All Down,201840,Soundtrack
2025-01-14 19:18,Otaku,Kyoran Hey Kids!! (Noragami Aragoto),109732,lo-fi
2025-01-14 19:21,Noah Cyrus,July,156106,pop
2025-01-14 19:45,All Time Low,Monsters (feat. blackbear),116062,pop punk
2025-01-15 04:20,All Time Low,Monsters (feat. blackbear),805,pop punk
2025-01-15 04:21,Bryce Fox,Golden Boy,1159,alternative
2025-01-15 04:21,MAGIC!,Rude,13073,reggae
2025-01-15 04:22,Kali Uchis,Melting,78613,rnb
2025-01-15 04:23,BLACKPINK,Kill This Love,6332,k-pop
2025-01-15 04:23,Lizzy McAlpine,ceilings,69175,indie pop
2025-01-15 04:28,Rebel Moves,Every When,260527,turkish
2025-01-15 04:35,RAYE,Escapism.,272373,pop
2025-01-15 04:38,SZA,Kill Bill,153946,rnb
2025-01-15 04:41,Anne-Marie,PSYCHO,162666,pop
2025-01-15 04:44,Stephen Sanchez,Until I Found You (with Em Beihold) - Em Beihold Version,176440,folk
2025-01-15 04:47,Oliver Tree,Miss You - Bonus Track,206000,electronic
2025-01-15 04:50,BoyWithUke,Sick of U (with Oliver Tree),168676,indie pop
2025-01-15 05:11,Sachin-Jigar,Saibo,167255,gujarati pop
2025-01-15 17:28,Sachin-Jigar,Saibo,198613,gujarati pop
2025-01-15 17:32,Taylor Swift,Lavender Haze,202395,country
2025-01-15 17:35,WILLOW,Wait a Minute!,196520,post-rock
2025-01-15 17:38,Daisy the Great,Record Player (with AJR),149538,indie pop
2025-01-15 17:51,Sia,Unstoppable,174612,female vocalists
2025-01-15 23:29,The Kid LAROI,WITHOUT YOU,795,rap
2025-01-15 23:29,Conan Gray,People Watching,616,seen live
2025-01-15 23:29,Conan Gray,People Watching,1296,seen live
2025-01-15 23:29,Olivia Rodrigo,happier,2764,pop
2025-01-15 23:29,Half an Orange,Blink 182,1802,indie
2025-01-15 23:29,Halsey,Colors,677,pop
2025-01-15 23:29,Lana Del Rey,Summertime Sadness (Lana Del Rey Vs. Cedric Gervais) - Cedric Gervais Remix,790,female vocalists
2025-01-15 23:29,ILLENIUM,Story Of My Life (feat. Trippie Redd),867,melodic bass
2025-01-15 23:30,Halsey,Graveyard,1269,pop
2025-01-15 23:30,Halsey,Nightmare,2246,pop
2025-01-15 23:30,Halsey,Colors,12503,pop
2025-01-15 23:33,Halsey,Nightmare,231998,pop
2025-01-15 23:37,Halsey,Graveyard,181805,pop
2025-01-15 23:40,Halsey,Gasoline,199593,pop
2025-01-15 23:44,Halsey,Colors,249499,pop
2025-01-15 23:56,Halsey,Graveyard,92989,pop
2025-01-16 20:43,Halsey,Graveyard,88845,pop
2025-01-16 20:45,Halsey,Ghost,153656,pop
2025-01-16 20:48,Halsey,New Americana,183808,pop
2025-01-16 20:57,Halsey,Sorry,338421,pop
2025-01-16 21:00,Halsey,Colors,122806,pop
2025-01-16 21:03,Halsey,Sorry,220540,pop
2025-01-16 21:07,Halsey,Colors,249499,pop
2025-01-16 21:09,Halsey,Walls Could Talk,101789,pop
2025-01-16 21:47,Halsey,Control,89836,pop
2025-01-16 22:32,Halsey,Control,220283,pop
2025-01-16 22:37,Halsey,Without Me,36495,pop
2025-01-16 22:37,Halsey,Castle,277623,pop
2025-01-16 22:40,Halsey,Bad At Love,181279,pop
2025-01-16 22:44,Camila Cabello,Shameless,219742,pop
2025-01-16 22:48,Khalid,Better,229320,rnb
2025-01-16 22:51,benny blanco,Eastside (with Halsey & Khalid),170769,pop
2025-01-17 01:08,Charlie Puth,Attention,5727,soft pop
2025-01-17 04:05,Halsey,Nightmare,897,pop
2025-01-17 04:05,Naughty Boy,La La La,1926,rnb
2025-01-17 04:05,Charlie Puth,Attention,506,soft pop
2025-01-17 04:09,Lewis Capaldi,Bruises,220492,soft pop
2025-01-17 04:12,NF,Let You Down,212120,Hip-Hop
2025-01-17 05:36,Twenty One Pilots,Stressed Out,148974,electronic
2025-01-18 17:02,Halsey,Now Or Never,9392,pop
2025-01-18 17:02,Twenty One Pilots,Stressed Out,5768,electronic
2025-01-18 17:05,Twenty One Pilots,Stressed Out,202333,electronic
2025-01-18 17:07,Halsey,Now Or Never,79855,pop
2025-01-18 17:10,Twenty One Pilots,Ride,214506,electronic
2025-01-18 17:12,Lauv,I Like Me Better,85962,pop
2025-01-18 17:15,Khalid,Young Dumb & Broke,202546,rnb
2025-01-18 17:19,5 Seconds of Summer,Youngblood,203417,pop rock
2025-01-18 17:22,NF,Lie,209213,Hip-Hop
2025-01-18 17:27,Halsey,Without Me,200372,pop
2025-01-18 21:58,Halsey,Without Me,2320,pop
2025-01-18 22:01,Tate McRae,you broke me first,170226,pop
2025-01-18 22:11,Dean Lewis,Be Alright,45763,indie
2025-01-20 01:28,Dean Lewis,Be Alright,151863,indie
2025-01-20 01:32,Sia,Elastic Heart,257200,female vocalists
2025-01-20 01:36,Ellise,911,188386,indie pop
2025-01-20 01:39,Halsey,Hold Me Down,204785,pop
2025-01-20 01:43,Jaymes Young,Infinity,237720,indie
2025-01-20 01:47,The Weeknd,The Hills,242253,rnb
2025-01-20 02:00,Khalid,Love Lies,173198,rnb
2025-01-20 02:15,Khalid,Love Lies,28657,rnb
2025-01-20 02:19,Sam Smith,Fire On Fire,246735,soft pop
2025-01-20 02:22,Halsey,You should be sad,205473,pop
2025-01-20 03:03,Dean Lewis,Waves,166323,indie
2025-01-20 20:00,Dean Lewis,Waves,240013,indie
2025-01-20 20:03,Jon Bellion,All Time Low,217603,electronic
2025-01-20 20:06,Alec Benjamin,Let Me Down Slowly,169353,pop
2025-01-20 20:09,Noah Cyrus,July,156106,pop
2025-01-20 20:15,Halsey,Hurricane,218493,pop
2025-01-20 20:19,Zedd,Happy Now,207029,edm
2025-01-20 20:25,The Weeknd,Call Out My Name,228373,rnb
2025-01-20 20:29,The Chainsmokers,Something Just Like This,247160,electronic
2025-01-20 20:32,Alec Benjamin,If We Have Each Other,181522,pop
2025-01-20 21:26,Halsey,Eyes Closed,37919,pop
2025-01-20 22:33,Tate McRae,It's ok I'm ok,767,pop
2025-01-20 22:34,Zedd,Stay,6996,edm
2025-01-20 22:34,Coldplay,Hymn for the Weekend,927,rock
2025-01-20 22:37,5 Seconds of Summer,Ghost Of You,197411,pop rock
2025-01-20 22:41,Halsey,Drive,258764,pop
2025-01-20 22:45,Sia,Cheap Thrills,211666,female vocalists
2025-01-20 22:47,Post Malone,Sunflower - Spider-Man: Into the Spider-Verse,157560,Hip-Hop
2025-01-20 22:50,Zedd,365,181899,edm
2025-01-20 22:53,Ashnikko,Daisy,146523,Hip-Hop
2025-01-20 22:56,Halsey,Die 4 Me,215021,pop
2025-01-20 22:59,Sam Tinnesz,Play with Fire (feat. Yacht Money),180690,alternative
2025-01-20 23:03,Alec Benjamin,Outrunning Karma,188850,pop
2025-01-20 23:05,Sub Urban,INFERNO,133133,noise
2025-01-20 23:07,Tate McRae,run for the hills,143940,pop
2025-01-20 23:09,Halsey,Walls Could Talk,101789,pop
2025-01-21 00:12,Ruth B.,Dandelions,124371,pop
2025-01-21 16:56,Ruth B.,Dandelions,110356,pop
2025-01-21 16:59,Tove Lo,Habits (Stay High),209160,pop
2025-01-21 17:03,Lana Del Rey,Young And Beautiful,236053,female vocalists
2025-01-21 17:06,Jeremy Zucker,comethru,181613,pop
2025-01-21 17:11,Halsey,Haunting,260797,pop
2025-01-21 17:30,Maroon 5,Cold (feat. Future),151058,pop
2025-01-21 18:45,idylla,"clear eyes, blind sight",47772,lo-fi
2025-01-21 18:45,Buck McDaniel,Expanding Phrases,9353,
2025-01-21 18:46,Enoki,California Waves,6478,indie
2025-01-21 18:46,Dmitri Shostakovich,Jazz Suite No. 2: VI. Waltz 2,38612,classical
2025-01-21 18:46,The xx,Intro,7800,indie
2025-01-21 18:49,Enoki,California Waves,147906,indie
2025-01-21 18:54,Emancipator,Anthem,340000,trip hop
2025-01-21 18:58,Embee,Suns,204356,Hip-Hop
2025-01-21 19:04,Youandewan,10405 (Alice),355724,lo-fi house
2025-01-21 19:09,Sunlounger,Aguas Blancas - Chill Edit,324472,trance
2025-01-21 19:13,Nils Hoffmann,Balloons - Radio Edit,230487,melodic house
2025-01-21 19:19,Tycho,Hours,344158,chillwave
2025-01-21 19:24,William French,Blue Heron,296705,chillstep
2025-01-21 19:27,Ambio,Reflection,180968,
2025-01-21 19:32,Cristóbal Sansano,Nostalgia,301479,
2025-01-21 19:38,daetrik,"I will never leave you, I promise",347790,
2025-01-21 19:43,FERR,Dark Water,325416,americana
2025-01-21 19:45,Rachel Daku,Wan Dark,134615,
2025-01-21 19:48,John Ozbay,Half Asleep,154051,neoclassical
2025-01-21 19:50,Youandewan,Our Odyssey,96275,lo-fi house
2025-01-21 19:52,Umbra,Interstellar,119117,dark ambient
2025-01-21 19:57,Tycho,Coastal Brake,334129,chillwave
2025-01-21 20:00,Ambio,Daydream,165456,
2025-01-21 20:04,Monocle Twins,Hypnagogia Well,222000,post-rock
2025-01-21 20:09,Emancipator,All In Here,320693,trip hop
2025-01-21 20:13,The Piano Guys,Arwen's Vigil,235293,instrumental
2025-01-21 20:16,Kate Simko,XX Intro,187106,minimal techno
2025-01-21 20:17,Le Castle Vania,The Red Circle,59973,electro
2025-01-21 20:22,Hiatus,Third,286253,neo soul
2025-01-21 20:27,Tom Day,Forwards,320000,chillstep
2025-01-21 20:32,Sasha,Time After Time - Mixed,292665,trance
2025-01-21 20:43,Koan,When The Silence Is Speaking,674000,ambient
2025-01-21 21:22,Lstn,Coffee Time,397948,hindi hip hop
2025-01-22 02:20,Lstn,Coffee Time,6937,hindi hip hop
2025-01-22 02:24,Dean Lewis,Waves,240013,indie
2025-01-22 02:28,NF,Time,240428,Hip-Hop
2025-01-22 02:31,Arcane,The Line (from the series Arcane League of Legends),192000,Progressive metal
2025-01-22 02:35,League of Legends,Legends Never Die,235000,Soundtrack
2025-01-22 02:38,Gigi Perez,Sailor Song,211978,indie
2025-01-22 02:42,George Ezra,Blame It on Me,727,indie
2025-01-22 02:42,George Ezra,Blame It on Me,6076,indie
2025-01-22 02:42,Bastille,Good Grief,3844,indie
2025-01-22 02:42,Arctic Monkeys,I Wanna Be Yours,183956,indie
2025-01-22 02:45,Arctic Monkeys,I Wanna Be Yours,183956,indie
2025-01-22 02:48,George Ezra,Blame It on Me,196400,indie
2025-01-22 03:14,Bastille,Good Grief,187882,indie
2025-01-22 17:46,Bastille,Good Grief,19625,indie
2025-01-22 17:59,Bastille,Flaws,160132,indie
2025-01-23 02:52,Bastille,Flaws,58687,indie
2025-01-23 02:55,Benson Boone,Slow It Down,161831,pop
2025-01-23 02:59,Dirty Heads,Oxygen,225394,reggae rock
2025-01-23 03:02,Chappell Roan,Femininomenon,219710,pop
2025-01-23 03:05,Ariana Grande,the boy is mine,173639,pop
2025-01-23 03:09,Olivia Rodrigo,teenage dream,222358,pop
2025-01-23 03:16,Chappell Roan,Casual,40632,pop
2025-01-23 03:16,Wallows,Are You Bored Yet? (feat. Clairo),2659,indie
2025-01-23 03:16,Chappell Roan,Red Wine Supernova,1285,pop
2025-01-23 03:19,The Last Dinner Party,Nothing Matters,182623,seen live
2025-01-23 03:22,Billie Eilish,Happier Than Ever - Edit,151444,pop
2025-01-23 03:24,Lou Bliss,Killing Butterflies,170000,
2025-01-23 03:47,Ashnikko,Daisy,146523,Hip-Hop
2025-01-23 04:08,Maroon 5,Sugar,182578,pop
2025-01-23 20:30,Maroon 5,Sugar,53937,pop
2025-01-23 20:34,Imagine Dragons,Gold,216813,indie
2025-01-23 20:37,Sia,Unstoppable,217746,female vocalists
2025-01-23 20:41,5 Seconds of Summer,Valentine,196628,pop rock
2025-01-23 20:45,Ruth B.,Lost Boy,276066,pop
2025-01-23 20:47,Vibe2Vibe,Dance Monkey,80091,
2025-01-23 20:49,Selena Gomez,Souvenir,161605,pop
2025-01-23 20:56,Bastille,Pompeii,214147,indie
2025-01-23 21:16,Shawn Mendes,If I Can't Have You,162578,pop
2025-01-23 22:20,Shawn Mendes,If I Can't Have You,4608,pop
2025-01-23 22:24,Katy Perry,Hot N Cold,220226,pop
2025-01-23 22:27,OneRepublic,Rich Love (with Seeb),201256,soft pop
2025-01-23 22:30,Justin Bieber,Sorry,200786,pop
2025-01-23 22:34,Dream Note,Waqt Ki Baatein,243310,indian indie
2025-01-23 22:38,Camila Cabello,Easy,194686,pop
2025-01-23 22:42,Anuv Jain,Riha,287312,indian indie
2025-01-23 22:46,NF,Time,240428,Hip-Hop
2025-01-23 22:50,Shawn Mendes,I Know What You Did Last Summer,223853,pop
2025-01-23 22:53,zzoilo,Mon Amour - Remix,179940,latin pop
2025-01-24 01:20,Lil Nas X,MONTERO (Call Me By Your Name),71264,Hip-Hop
2025-01-24 23:37,Sub Urban,Cradles,13026,noise
2025-01-24 23:37,Taylor Swift,I Did Something Bad,900,country
2025-01-24 23:37,Lil Nas X,MONTERO (Call Me By Your Name),1334,Hip-Hop
2025-01-24 23:49,Alan Cumming,Money,76440,musicals
2025-01-25 01:01,Alan Cumming,Money,122268,musicals
2025-01-25 01:04,GAYLE,abcdefu,168601,worship
2025-01-25 01:07,Dua Lipa,Levitating (feat. DaBaby),203064,pop
2025-01-25 01:10,Lewis Capaldi,Before You Go,215106,soft pop
2025-01-25 01:14,The Score,Born For This,237375,rock
2025-01-25 01:18,Halsey,Control,214761,pop
2025-01-25 01:22,Post Malone,Better Now,231266,Hip-Hop
2025-01-25 01:25,Olivia Rodrigo,all-american bitch,165833,pop
2025-01-25 01:28,Imagine Dragons,Demons,175200,indie
2025-01-25 01:31,Maroon 5,Memories,189486,pop
2025-01-25 01:35,Maroon 5,Payphone,231386,pop
2025-01-25 01:38,Maroon 5,Memories,189486,pop
2025-01-25 01:41,MARINA,About Love - From The Netflix Film “To All The Boys: P.S. I Still Love You”,214040,pop
2025-01-25 01:45,Ellise,911,188386,indie pop
2025-01-25 01:53,Ed Sheeran,Give Me Love,526386,soft pop
2025-01-25 01:56,Shawn Mendes,Wonder,172692,pop
2025-01-25 01:59,Panic! At The Disco,High Hopes,190946,emo
2025-01-25 02:03,Doja Cat,Say So,237893,pop
2025-01-25 02:08,Natasha Blume,Black Sea,253513,indie pop
2025-01-25 02:12,Ellie Goulding,"Love Me Like You Do - From ""Fifty Shades Of Grey""",252534,female vocalists
2025-01-25 02:17,Farruko,Pepas,287120,reggaeton
2025-01-25 02:20,Conan Gray,Crush Culture,204120,seen live
2025-01-25 02:25,Lindsey Stirling,Shatter Me Featuring Lzzy Hale,280799,violin
2025-01-25 02:29,Tom Odell,Another Love,244360,indie
2025-01-25 02:32,Caroline Polachek,Sunset,162909,art pop
2025-01-25 02:35,Halsey,Graveyard,181805,pop
2025-01-25 02:39,BTS,ON,246380,k-pop
2025-01-25 02:43,Juice WRLD,Lucid Dreams,239835,melodic rap
2025-01-25 02:47,RAYE,Escapism.,272373,pop
2025-01-25 02:51,ZAYN,Entertainer,202600,pop
2025-01-25 02:55,Naughty Boy,No One’s Here To Sleep,272547,rnb
2025-01-25 02:58,Olivia Rodrigo,good 4 u,178146,pop
2025-01-25 03:02,Sean Paul,Temperature,218573,dancehall
2025-01-25 03:07,Billie Eilish,CHIHIRO,303440,pop
2025-01-25 03:10,Calvin Harris,How Deep Is Your Love,212640,edm
2025-01-25 03:14,Katy Perry,Roar,223546,pop
2025-01-25 03:18,OneRepublic,Secrets,224693,soft pop
2025-01-25 03:21,Major Lazer,Powerful (feat. Ellie Goulding & Tarrus Riley),206327,moombahton
2025-01-25 03:25,Alec Benjamin,Water Fountain,218893,pop
2025-01-25 03:29,Maroon 5,Daylight,225306,pop
2025-01-25 03:32,Destiny,Je me casse,178500,metalcore
2025-01-25 03:35,Olivia Rodrigo,bad idea right?,184783,pop
2025-01-25 03:38,Conan Gray,Maniac,185773,seen live
2025-01-25 03:41,Alan Walker,"Alone, Pt. II",179052,electronic
2025-01-25 03:44,Niall Horan,Nice To Meet Ya,158805,pop
2025-01-25 03:47,French Montana,Unforgettable,233901,Hip-Hop
2025-01-25 03:51,BTS,Dynamite,199053,k-pop
2025-01-25 03:54,Avicii,"Tough Love (feat. Agnes, Vargas & Lagola)",191248,edm
2025-01-25 03:58,Rihanna,Diamonds,225146,pop
2025-01-25 04:01,Ed Sheeran,Lego House,185093,soft pop
2025-01-25 04:04,Twenty One Pilots,Stressed Out,202333,electronic
2025-01-25 04:07,Alec Benjamin,Outrunning Karma,188850,pop
2025-01-25 04:11,Taylor Swift,the lakes,211798,country
2025-01-25 04:14,Ellie Goulding,Hate Me (with Juice WRLD),186223,female vocalists
2025-01-25 04:17,Halsey,New Americana,183808,pop
2025-01-25 04:21,Troye Sivan,Lucky Strike,208967,pop
2025-01-25 04:23,MARINA,Bubblegum Bitch,154666,pop
2025-01-25 04:27,Joel Adams,Please Don't Go,210580,soft pop
2025-01-25 04:30,DJ Snake,Let Me Love You,205946,electronic
2025-01-25 04:32,Bastille,Doom Days,138115,indie
2025-01-25 04:34,Halsey,Walls Could Talk,101789,pop
2025-01-25 04:39,BTS,We are Bulletproof : the Eternal,261542,k-pop
2025-01-25 04:43,Imagine Dragons,Who We Are,249346,indie
2025-01-25 04:45,beabadoobee,A Night To Remember,120016,bedroom pop
2025-01-26 00:38,beabadoobee,A Night To Remember,231898,bedroom pop
2025-01-26 00:41,SZA,Kill Bill,153946,rnb
2025-01-26 00:44,Alessia Cara,Scars To Your Beautiful,230226,pop
2025-01-26 00:48,Bastille,Good Grief,206493,indie
2025-01-26 00:52,Seafret,Atlantis,229173,indie
2025-01-26 00:56,League of Legends,Legends Never Die,235000,Soundtrack
2025-01-26 00:59,Charlie Puth,Attention,208786,soft pop
2025-01-26 01:13,One Direction,Story of My Life,39142,pop
2025-01-26 09:35,Coldplay,The Scientist,1726,rock
2025-01-26 09:35,Coldplay,Yellow,0,rock
2025-01-26 09:35,One Direction,Story of My Life,3244,pop
2025-01-26 09:40,Coldplay,Yellow,266773,rock
2025-01-26 09:47,Coldplay,The Scientist,419177,rock
2025-01-26 09:52,Coldplay,Yellow,266773,rock
2025-01-26 09:55,Dirty Heads,Oxygen,225394,reggae rock
2025-01-26 09:59,Tove Lo,Habits (Stay High),209160,pop
2025-01-26 10:03,Arctic Monkeys,505,253586,indie
2025-01-26 10:07,Foster The People,Pumped Up Kicks,239600,indie
2025-01-26 10:11,Sara Bareilles,No Such Thing,237388,female vocalists
2025-01-26 10:17,blackbear,hot girl bummer,30971,electronic
2025-01-27 17:18,blackbear,hot girl bummer,158381,electronic
2025-01-27 17:21,heavenly,Snowman - Slowed,210240,Power metal
2025-01-27 17:26,Rebel Moves,Every When,260527,turkish
2025-01-27 17:30,The Chainsmokers,Something Just Like This,247626,electronic
2025-01-27 17:33,James TW,When You Love Someone,216560,british
2025-01-27 17:37,Fall Out Boy,Centuries,228360,emo
2025-01-27 17:40,Arcane,The Line (from the series Arcane League of Legends),192000,Progressive metal
2025-01-27 17:44,Kali Uchis,Melting,208853,rnb
2025-01-27 17:48,Jaymes Young,Infinity,237720,indie
2025-01-27 18:00,Halsey,Sorry,220540,pop
2025-01-27 18:03,Duncan Laurence,Arcade,183624,pop
2025-01-27 18:06,Rauf & Faik,это ли счастье?,204489,rnb
2025-01-27 18:09,Wallows,Are You Bored Yet? (feat. Clairo),178000,indie
2025-01-27 18:13,Imagine Dragons,Believer,204346,indie
2025-01-27 18:17,Troye Sivan,FOOLS,220402,pop
2025-01-27 18:45,New Hope Club,Permission,7052,pop
2025-01-27 22:18,New Hope Club,Permission,188473,pop
2025-01-27 22:22,Harry Styles,Falling,240133,pop
2025-01-27 22:24,Hailee Steinfeld,Starving,147487,pop
2025-01-27 22:28,Maggie Lindemann,Couple of Kids,222656,pop
2025-01-27 22:41,Kurt Hugo Schneider,Sweater Weather,139063,youtube
2025-01-27 22:44,Kurt Hugo Schneider,Sweater Weather,89339,youtube
2025-01-27 22:47,Benson Boone,Cry,186359,pop
2025-01-27 22:50,Daisy the Great,Record Player (with AJR),149538,indie pop
2025-01-27 22:53,Alec Benjamin,Boy In The Bubble,181705,pop
2025-01-27 22:56,Olivia Rodrigo,deja vu,215506,pop
2025-01-27 23:00,GROUPLOVE,Tongue Tied,218013,indie
2025-01-27 23:03,FLETCHER,If You're Gonna Lie,196027,seen live
2025-01-27 23:06,Alec Benjamin,Let Me Down Slowly,169353,pop
2025-01-27 23:09,Halsey,Ghost,153656,pop
2025-01-28 00:27,Maluma,Hawái,98847,reggaeton
2025-01-28 22:12,Maluma,Hawái,101211,reggaeton
2025-01-28 22:16,Maroon 5,Maps,189960,pop
2025-01-28 22:18,The Kid LAROI,WITHOUT YOU,161384,rap
2025-01-28 22:22,Troye Sivan,Happy Little Pill,224874,pop
2025-01-28 22:26,Martin Garrix,Ocean (feat. Khalid),216419,edm
2025-01-28 22:30,Taylor Swift,Delicate,232253,country
2025-01-28 22:33,Tones And I,Dance Monkey,209438,pop
2025-01-28 22:36,Half an Orange,Blink 182,184000,indie
2025-01-28 22:39,KAROL G,BICHOTA,178946,reggaeton
2025-01-28 23:18,Bishop Briggs,River,187902,indie
2025-01-29 05:10,Alec Benjamin,If I Killed Someone For You,3415,pop
2025-01-29 05:11,The Weeknd,Blinding Lights,48460,rnb
2025-01-29 05:11,Rachel Platten,Fight Song,791,pop
2025-01-29 05:11,The Chainsmokers,Hope,9166,electronic
2025-01-29 05:11,BTS,Dope,1078,k-pop
2025-01-29 05:11,Rihanna,Unfaithful,948,pop
2025-01-29 05:11,BLACKPINK,BOOMBAYAH,981,k-pop
2025-01-29 05:14,Stephen Sanchez,Until I Found You (with Em Beihold) - Em Beihold Version,176440,folk
2025-01-29 05:18,Post Malone,Take What You Want (feat. Ozzy Osbourne & Travis Scott),229573,Hip-Hop
2025-01-29 05:22,BANNERS,Someone to You,219813,indie
2025-01-29 05:25,All Time Low,A Love Like War (feat. Vic Fuentes),213740,pop punk
2025-01-29 05:28,salem ilese,Mad at Disney,136838,pop
2025-01-29 05:30,MEDUZA,Piece Of Your Heart,152913,Power metal
2025-01-29 05:33,LISA,MONEY,168227,k-pop
2025-01-29 05:44,Queen,Bohemian Rhapsody - Remastered 2011,637070,classic rock
2025-01-29 05:47,Confetti,Ghost,169413,indie pop
2025-01-29 05:50,BØRNS,Electric Love,218106,pop
2025-01-29 06:07,Little Mix,"Secret Love Song, Pt. II",95410,pop
2025-01-29 17:41,Little Mix,"Secret Love Song, Pt. II",13701,pop
2025-01-29 17:44,Vance Joy,Riptide,204280,folk pop
2025-01-29 17:48,Troye Sivan,Take Yourself Home,249369,pop
2025-01-29 17:52,Camila Cabello,Bam Bam (feat. Ed Sheeran),206070,pop
2025-01-29 17:55,Sabrina Carpenter,Paris,218080,pop
2025-01-29 17:59,Fitz and The Tantrums,Out of My League,209386,soul
2025-01-29 18:02,M. Pokora,Ouh na na,182666,french pop
2025-01-29 18:05,Bea Miller,Fire N Gold,211866,pop
2025-01-29 18:09,The Weeknd,Save Your Tears (with Ariana Grande) (Remix),191013,rnb
2025-01-29 18:12,Imagine Dragons,Radioactive,186813,indie
2025-01-29 18:14,Post Malone,Sunflower - Spider-Man: Into the Spider-Verse,157560,Hip-Hop
2025-01-29 18:18,Lauv,I Like Me Better,197436,pop
2025-01-29 18:21,Alesso,REMEDY,190295,edm
2025-01-29 18:25,Halsey,Castle,277623,pop
2025-01-29 18:30,Marshmello,Happier,178481,edm
2025-01-31 03:54,Lola Blanc,Angry Too,204088,pop
2025-01-31 03:58,Charlotte Lawrence,Why Do You Love Me,171908,pop
2025-01-31 04:09,Post Malone,I Fall Apart,73267,Hip-Hop
2025-01-31 22:05,Video Days,Bleached,83250,indie
2025-01-31 22:08,Hikaru Shirosu,"Waltz No. 1, Op. 6 ""Collapse""",157647,piano
2025-01-31 22:09,Frédéric Schubert,L'autre Valse D'amélie,65681,
2025-01-31 22:12,Jacob LaVallee,Somewhere in Between,181992,piano
2025-01-31 22:15,Erik Satie,Gymnopédie No. 1,205866,classical piano
2025-01-31 22:18,Austin Farwell,New Home (Slowed),174521,Classical
2025-01-31 22:24,Claude Debussy,"Suite bergamasque, L. 75: Clair de lune",346346,classical piano
2025-01-31 22:26,Yusef Lateef,Michelle,104506,jazz
2025-01-31 22:28,Joshua Kyan Aalampour,Return to Versailles,104319,Classical
2025-01-31 22:29,Ben Crosland,Oceans Apart,78413,UK
2025-01-31 22:32,Txmy,Ethereal,168000,Classical
2025-01-31 22:36,aspidistrafly,Landscape With a Fairy,265253,ambient
2025-01-31 22:37,Luna Li,Misery Moon,68732,indie pop
2025-01-31 22:42,Emiliano Blangero,Memories,267877,
2025-01-31 22:44,Toshifumi Hinata,Menuet,106333,japanese classical
2025-01-31 22:45,Yehezkel Raz,Before You Left,110900,ambient
2025-01-31 22:47,Austin Farwell,Once Upon a Time,92592,Classical
2025-01-31 22:50,Camille Saint-Saëns,Carnival of the Animals: The Swan - Arranged for Cello and Harp by Miriam Keogh,174333,classical
2025-01-31 22:53,Million Eyes,There Will Be Rain,122215,ambient
2025-01-31 22:55,Kapa Boy,Fine line - Instrumental,113880,ambient
2025-01-31 22:57,S.A. Karl,Equus,134000,ambient
2025-01-31 23:02,Claude Debussy,"Suite Bergamasque, L. 75: III. Clair de lune",305241,classical piano
2025-01-31 23:07,Johann Debussy,Clair de Lune,275315,
2025-01-31 23:09,Adrien de la Salle,Droplets,143013,canada
2025-01-31 23:11,Austin Farwell,By the Seaside,121856,Classical
2025-01-31 23:14,Emile Pandolfi,So This Is Love,172187,piano
2025-01-31 23:15,Other Nothing,Sometimes You Forget,63618,ambient
2025-01-31 23:17,Oberhofer,Just When You Need Yourself Most,97496,seen live
2025-01-31 23:19,Infinity Ripple,The Streets of Belgrade,141266,jazz
2025-01-31 23:21,Pianopassion,Swarm of Fish,108237,Classical
2025-01-31 23:29,Ludovico Einaudi,Experience,488405,neoclassical
2025-01-31 23:31,Austin Farwell,New Home,126359,Classical
2025-01-31 23:34,sxxnt.,everything i once held dear,171111,gospel r&b
2025-01-31 23:36,Illuminine,"Dear, Dolores - Dominique Charpentier Rework",122266,neoclassical
2025-01-31 23:37,Yehezkel Raz,Ballerina,71581,ambient
2025-01-31 23:39,Waltzin,Watching You In The Morning,124250,
2025-01-31 23:41,Ben Crosland,The Hourglass,120746,UK
2025-01-31 23:45,Akane,Color Me Blue,190635,japanese
2025-01-31 23:46,Miamariella,Mia & Sebastian's Theme x Je Te Laisserai Des Mots,87244,
2025-01-31 23:49,Adrien de la Salle,Whispers In Paris,156000,canada
2025-01-31 23:52,Franz Gordon,The French Library,179702,piano
2025-01-31 23:54,The World Is Yours,Congratulations - Instrumental,166500,
2025-01-31 23:56,Million Eyes,The Mercy of the Wind,105587,ambient
2025-01-31 23:58,nowt,daydream,136268,ambient
2025-02-01 00:01,Luke Faulkner,Clouds,179187,Classical
2025-02-01 00:04,Helen Keeling-Marston,Molten Dreaming,177712,
2025-02-01 00:08,Eric Christian,Le Mal Du Pays,211250,Classical
2025-02-01 00:11,aqualina,orange hues,201523,lo-fi
2025-02-01 00:16,Frédéric Chopin,Nocturne Op. 9 No. 2,302269,classical piano
2025-02-01 00:55,ibi,Refining,279196,Classical
2025-02-01 01:27,ibi,Refining,30809,Classical
2025-02-01 01:30,Adrien de la Salle,Prélude d'une nuit d'automne,160750,canada
2025-02-01 01:31,Borrtex,Back in Time,85399,piano
2025-02-01 01:33,Alejandro Vargas,Just Give Me One More Day,131204,jazz
2025-02-01 01:37,Hannah Stater,Mystery of Love [Instrumental] - Live,234302,harp
2025-02-01 01:40,Patrick Watson,Je te laisserai des mots,160853,indie
2025-02-01 01:42,Joshua Kyan Aalampour,The Hidden Library,92517,Classical
2025-02-01 01:43,Wallerstedt,September,96624,
2025-02-01 01:49,Yves Tumor,Limerence,329361,experimental
2025-02-01 01:50,Patrick Watson,Ode to Vivian,89601,indie
2025-02-01 01:53,Liana Flores,rises the moon,161929,indie pop
2025-02-01 01:55,Joep Beving,Beving: Ala,120853,neoclassical
2025-02-01 01:57,Guthfrith Mason,Encounter,97050,
2025-02-01 02:01,Kilgore Doubtfire,Escape,280749,
2025-02-01 02:03,Toshifumi Hinata,Reflections,130693,japanese classical
2025-02-01 02:07,Ludovico Einaudi,Wind Song,198649,neoclassical
2025-02-01 02:12,Eric Christian,"Nocturne in D-Flat Major ""Un rêve""",283022,Classical
2025-02-01 02:13,Khamir Music,Healer - Instrumental,97333,
2025-02-01 02:17,Ennio Morricone,Intervallo II,237306,soundtrack
2025-02-01 02:20,Trevor Kowalski,And We Walk After,168602,Classical
2025-02-01 02:23,Edith Whiskers,Lights Are On - Instrumental,192075,UK
2025-02-01 02:26,Analog Trickery,Godfather,178326,
2025-02-01 02:28,Gibran Alcocer,Idea 9,137547,Classical
2025-02-01 02:31,Julius Pythoneus,What Falling In Love Feels Like,183654,piano
2025-02-01 02:33,Fabrizio Paterlini,Rue des trois frères,111442,neoclassical
2025-02-01 02:35,Piero Piccioni,Mexican Dream,121200,Soundtrack
2025-02-01 02:44,Chihei Hatakeyama,Images Of Broken Light,509280,drone
2025-02-01 02:46,Stephen Rennicks,Supermarket,89716,soundtrack
2025-02-01 02:48,Niklas Blumenthaler,Love Birds,118052,
2025-02-01 02:51,Goomp,September - Instrumental,190107,
2025-02-01 02:52,Austin Farwell,High Above,77531,Classical
2025-02-01 02:53,Super Guitar Bros,Fairy Fountain,63431,acoustic
2025-02-01 02:55,Gibran Alcocer,Idea 15,114000,Classical
2025-02-01 02:57,Borrtex,Reflections,137614,piano
2025-02-01 03:00,Virginio Aiello,Van Gogh,183083,Italy
2025-02-01 03:03,Emiliano Blangero,Pensieri,140147,
2025-02-01 03:05,Jacob LaVallee,Enigma,144034,piano
2025-02-01 03:07,On Piano,Chiar di Luna,114710,calm
2025-02-01 03:09,Gibran Alcocer,Idea 10,128000,Classical
2025-02-01 03:11,Borrtex,Flowing,111633,piano
2025-02-01 03:13,Invadable Harmony,Lament,120884,orchestral
2025-02-01 03:16,Piano House,My Little Edinburgh,170000,
2025-02-01 03:19,Jacob LaVallee,Hebel,152124,piano
2025-02-01 03:20,Emiliano Blangero,In my fears,90003,
2025-02-01 03:24,Emiliano Blangero,In my fears,226041,
2025-02-01 03:27,Gibran Alcocer,Idea 1,154500,Classical
2025-02-01 03:29,Patrick Watson,Ode to Vivian - Rework,96624,indie
2025-02-01 03:32,Ludovico Einaudi,Adieux,175492,neoclassical
2025-02-01 03:33,John Powell,With Love Comes Loss (Arr. for Piano Solo),70186,soundtrack
2025-02-01 03:35,Jacob LaVallee,Evenfall,146504,piano
2025-02-01 03:38,Borrtex,Living,143198,piano
2025-02-01 03:41,Andrea Vanzo,Spring,178712,composer
2025-02-01 03:43,Trevor Kowalski,Etude Alone,152463,Classical
2025-02-01 03:45,noel.smt,Je te laisserai de mots,124995,pianist
2025-02-01 03:47,Daprinski,Chorégraphie du départ - Instrumental,83689,french
2025-02-01 03:50,Lullatone,Falling Asleep with a Book on Your Chest (Piano Version),185957,ambient
2025-02-01 03:52,Million Eyes,Lily's Dance,129160,ambient
2025-02-01 03:54,Andrea Vanzo,Valzer d'Inverno,136080,composer
2025-02-01 03:55,Invadable Harmony,Once Upon a Dream,60413,orchestral
2025-02-01 03:58,Ludovico Einaudi,Einaudi: Una mattina,190813,neoclassical
2025-02-01 03:59,Fabrizio Paterlini,Waltz,64788,neoclassical
2025-02-01 04:01,Evgeny Grinko,See You Tomorrow,91303,instrumental
2025-02-01 04:04,Hikaru Shirosu,"Waltz No. 1, Collapse",156038,japanese classical
2025-02-01 04:06,Yehezkel Raz,Milestone,128753,ambient
2025-02-01 04:08,Million Eyes,A Bed of Flowers,137131,ambient
2025-02-01 04:11,Joep Beving,Sleeping Lotus,152000,neoclassical
2025-02-01 04:14,Franz Gordon,Togetherless,228000,piano
2025-02-01 04:16,Ben Crosland,Memento,119306,UK
2025-02-01 04:20,Trevor Kowalski,The Garden's Light,193791,Classical
2025-02-01 04:22,Howard Harper-Barnes,The English Affair,123805,instrumental
2025-02-01 04:23,Borrtex,It All Begins Here,66156,piano
2025-02-01 04:26,Jacob LaVallee,Keeper,173471,piano
2025-02-01 04:32,Arelius,Air,172000,instrumental
2025-02-01 04:34,Yehezkel Raz,Behind Every Decision,105940,ambient
2025-02-01 04:36,Gibran Alcocer,Idea 5,107250,Classical
2025-02-01 04:39,Trevor Kowalski,Little Theatrics,161265,Classical
2025-02-01 04:41,Virginio Aiello,Pigalle,124450,Italy
2025-02-01 05:09,Jacob LaVallee,Dolci Ricordi,135552,piano
2025-02-04 17:51,Jacob LaVallee,Dolci Ricordi,2718,piano
2025-02-04 17:55,Billie Eilish,WILDFLOWER,261466,pop
2025-02-04 17:59,Billie Eilish,BIRDS OF A FEATHER,210373,pop
2025-02-04 18:04,Billie Eilish,CHIHIRO,303440,pop
2025-02-04 18:09,Billie Eilish,THE GREATEST,293840,pop
2025-02-04 18:12,Billie Eilish,THE DINER,186346,pop
2025-02-04 18:15,Arelius,Training Wheels,183192,instrumental
2025-02-04 18:17,Random Piano,Je te laisserai des mots,158807,
2025-02-04 18:19,Gibran Alcocer,Idea 7 (Sped Up),115415,Classical
2025-02-04 18:22,Invadable Harmony,A Fragment of My Soul,126644,orchestral
2025-02-04 18:24,Javi Lobe,Lost Time,140555,spanish
2025-02-04 18:28,Austin Farwell,New Home (Slowed),174521,Classical
2025-02-04 18:48,Jacob LaVallee,Coalesce,36949,piano
2025-02-04 20:44,Jacob LaVallee,Coalesce,149918,piano
2025-02-04 20:47,Arelius,Embers,145663,instrumental
2025-02-04 20:49,Gibran Alcocer,Idea 22,152000,Classical
2025-02-04 20:53,Jamie Duffy,Solas,192593,piano
2025-02-04 20:56,Ben Crosland,The Snow is Melting,178329,UK
2025-02-04 20:58,Snow in April,Aurora,119187,hypnagogic dark ritual electronica
2025-02-04 21:00,Jacob LaVallee,Perpetual Motion,137251,piano
2025-02-04 21:02,Arelius,Water,117409,instrumental
2025-02-04 21:04,Yehezkel Raz,Ballerina - Slowed & Reverb,74400,ambient
2025-02-04 21:06,Austin Farwell,City Lights,121856,Classical
2025-02-04 21:10,Ben Crosland,Acceptance,195840,UK
2025-02-04 21:12,Franz Gordon,The Scent of Petrichor,151418,piano
2025-02-04 21:16,Mattia Vlad Morleo,Latent Dream,232174,neoclassical
2025-02-04 21:19,Javi Lobe,And it Starts to Rain,170148,spanish
2025-02-04 21:21,Daniel Li,Stairs to the Magic Castle,99631,
2025-02-04 21:24,Jacob LaVallee,Somewhere in Between,181992,piano
2025-02-04 21:27,Ben Crosland,The Turn,167520,UK
2025-02-04 21:28,Austin Farwell,Take Me Away,96663,Classical
2025-02-04 21:30,Other Nothing,Ww,93000,ambient
2025-02-04 21:33,Franz Gordon,The Art Teacher,215583,piano
2025-02-04 21:37,Ludovico Einaudi,The Tree,199166,neoclassical
2025-02-04 21:40,Emiliano Blangero,Libertà d'infanzia,205033,
2025-02-04 21:49,Edvard Kravchuk,Momentary,111525,piano
2025-02-04 21:52,Jacob LaVallee,Lambent,164107,piano
2025-02-04 21:54,Million Eyes,In Your Dreams,108571,ambient
2025-02-04 21:57,Franz Gordon,Airy-Fairy Heart,209464,piano
2025-02-04 22:00,Gibran Alcocer,Idea 20 (Orchestral Version),172000,Classical
2025-02-04 22:04,Evgeny Grinko,Lullaby for Erik,201413,instrumental
2025-02-04 22:06,Virginio Aiello,Morning Sun,108000,Italy
2025-02-04 22:09,Jacob LaVallee,Sylvan Echoes,211500,piano
2025-02-04 22:11,Borrtex,tranquil,108167,piano
2025-02-04 22:14,Ahzuras,Darkness Is Not the Opposite of Light,139568,
2025-02-04 22:15,Piano House,Le Musée,81724,
2025-02-04 22:17,Evgeny Grinko,Wind Brought,84948,instrumental
2025-02-04 22:18,Tony Anderson,Éphémère,103090,ambient
2025-02-04 22:24,Jacob LaVallee,Reverie,145534,piano
2025-02-04 22:27,Hikaru Shirosu,"Waltz No. 1 in B Minor, Collapse",144071,japanese classical
2025-02-04 22:28,William Cas,Shadows,61388,USA
2025-02-04 22:30,Million Eyes,"My Love, My Love",125388,ambient
2025-02-04 22:33,Evgeny Grinko,It's Foggy Today,185000,instrumental
2025-02-04 22:35,Invadable Harmony,Once Upon a December,150784,orchestral
2025-02-04 22:39,Ben Crosland,First Rain of Summer,223033,UK
2025-02-04 23:28,Ludovico Einaudi,Experience,235555,neoclassical
2025-02-10 21:51,Ludovico Einaudi,Experience,1601,neoclassical
2025-02-10 21:55,Dean Lewis,Waves,240013,indie
2025-02-10 21:59,NF,Time,240428,Hip-Hop
2025-02-10 22:02,Arcane,The Line (from the series Arcane League of Legends),192000,Progressive metal
2025-02-10 22:06,League of Legends,Legends Never Die,235000,Soundtrack
2025-02-10 22:10,Gigi Perez,Sailor Song,211978,indie
2025-02-10 22:13,Arctic Monkeys,I Wanna Be Yours,183956,indie
2025-02-10 22:16,George Ezra,Blame It on Me,196400,indie
2025-02-10 22:20,Bastille,Good Grief,206493,indie
2025-02-10 22:24,Bastille,Flaws,218800,indie
2025-02-10 22:26,Benson Boone,Slow It Down,161831,pop
2025-02-10 22:30,Dirty Heads,Oxygen,225394,reggae rock
2025-02-10 22:34,Chappell Roan,Femininomenon,213516,pop
2025-02-10 22:37,Ariana Grande,the boy is mine,173639,pop
2025-02-10 22:50,Olivia Rodrigo,teenage dream,165507,pop
2025-02-11 03:51,Chappell Roan,Casual,18649,pop
2025-02-11 03:51,Olivia Rodrigo,teenage dream,26930,pop
2025-02-11 04:07,Chappell Roan,Red Wine Supernova,192720,pop
2025-02-11 04:10,Wallows,Are You Bored Yet? (feat. Clairo),178000,indie
2025-02-11 04:22,The Last Dinner Party,Nothing Matters,158695,seen live
2025-02-11 23:52,TK from Ling tosite sigure,unravel,238360,anime
2025-02-11 23:56,Ikimonogakari,ブルーバード,215706,anime
2025-02-12 00:00,LiSA,紅蓮華,237586,k-pop
2025-02-12 00:05,Linked Horizon,Shinzo wo Sasageyo !,341413,anime
2025-02-12 00:17,yama,色彩,106022,Stoner Rock
2025-02-12 22:11,yama,色彩,74087,Stoner Rock
2025-02-12 22:14,Linked Horizon,Shinzo wo Sasageyo! - TV Size,90000,anime
2025-02-12 22:18,Chappell Roan,Pink Pony Club,258034,pop
2025-02-12 22:21,Arcane,The Line (from the series Arcane League of Legends),192000,Progressive metal
2025-02-12 22:25,NF,Time,240428,Hip-Hop
2025-02-12 22:29,Dean Lewis,Waves,240013,indie
2025-02-12 22:33,League of Legends,Legends Never Die,235000,Soundtrack
2025-02-12 22:37,Gigi Perez,Sailor Song,211978,indie
2025-02-12 22:50,Arctic Monkeys,I Wanna Be Yours,181585,indie
2025-02-13 03:49,Chappell Roan,Casual,595,pop
2025-02-13 03:49,Chappell Roan,Casual,1631,pop
2025-02-13 03:49,Wallows,Are You Bored Yet? (feat. Clairo),2141,indie
2025-02-13 03:49,Wallows,Are You Bored Yet? (feat. Clairo),796,indie
2025-02-13 03:49,Wallows,Are You Bored Yet? (feat. Clairo),996,indie
2025-02-13 03:49,Wallows,Are You Bored Yet? (feat. Clairo),627,indie
2025-02-13 03:49,Chappell Roan,Red Wine Supernova,0,pop
2025-02-13 03:49,Chappell Roan,Red Wine Supernova,708,pop
2025-02-13 03:49,Chappell Roan,Red Wine Supernova,810,pop
2025-02-13 03:49,The Last Dinner Party,Nothing Matters,845,seen live
2025-02-13 03:49,The Last Dinner Party,Nothing Matters,3652,seen live
2025-02-13 03:49,The Last Dinner Party,Nothing Matters,390,seen live
2025-02-13 03:49,The Last Dinner Party,Nothing Matters,1044,seen live
2025-02-13 03:49,Arctic Monkeys,I Wanna Be Yours,2398,indie
2025-02-13 03:49,Olivia Rodrigo,teenage dream,918,pop
2025-02-13 03:49,Billie Eilish,CHIHIRO,745,pop
2025-02-13 03:49,Dirty Heads,Oxygen,2301,reggae rock
2025-02-13 03:49,Benson Boone,Cry,750,pop
2025-02-13 03:49,Benson Boone,Cry,800,pop
2025-02-13 03:49,Charli xcx,Club classics,614,hyperpop
2025-02-13 03:55,Billie Eilish,CHIHIRO,303440,pop
2025-02-13 03:58,Charli xcx,Club classics,153526,hyperpop
2025-02-13 04:02,Chappell Roan,My Kink Is Karma,222578,pop
2025-02-13 04:21,Benson Boone,Beautiful Things,172739,pop
2025-02-16 02:32,Shaboozey,A Bar Song (Tipsy),2508,country
2025-02-16 02:34,Mitski,My Love Mine All Mine,137773,seen live
2025-02-16 02:37,beabadoobee,A Night To Remember,206730,bedroom pop
2025-02-16 02:41,Billie Eilish,BIRDS OF A FEATHER,210373,pop
2025-02-16 02:46,fun.,Carry On,278373,indie pop
2025-02-16 03:01,Billie Eilish,L’AMOUR DE MA VIE,289895,pop
2025-02-16 22:55,Billie Eilish,L’AMOUR DE MA VIE,337667,pop
2025-02-16 22:58,Billie Eilish,THE DINER,186346,pop
2025-02-16 23:02,Billie Eilish,WILDFLOWER,261466,pop
2025-02-16 23:06,Metro Boomin,Creepin' (with The Weeknd & 21 Savage),221520,trap
2025-02-16 23:10,Conan Gray,Family Line,216094,seen live
2025-02-16 23:14,Arctic Monkeys,505,253586,indie
2025-02-16 23:18,Lana Del Rey,Young And Beautiful,236053,female vocalists
2025-02-17 00:22,Olivia Rodrigo,ballad of a homeschooled girl,165587,pop
2025-02-18 22:57,Olivia Rodrigo,ballad of a homeschooled girl,605,pop
2025-02-18 22:59,Olivia Rodrigo,obsessed,170541,pop
2025-02-18 23:11,Chappell Roan,"Good Luck, Babe!",66269,pop
2025-02-19 02:36,Pritam,Ye Tune Kya Kiya,314239,bollywood
2025-02-19 02:41,Amit Trivedi,Yeh Fitoor Mera,283070,bollywood
2025-02-19 02:43,Ashnikko,Daisy,146523,Hip-Hop
2025-02-19 02:46,Fitz and The Tantrums,Out of My League,209386,soul
2025-02-19 02:50,New West,Those Eyes,220750,seen live
2025-02-19 02:55,Anuv Jain,Riha,287312,indian indie
2025-02-19 02:58,Olivia Rodrigo,favorite crime,152666,pop
2025-02-19 03:00,Olivia Rodrigo,deja vu,3239,pop
2025-02-19 03:00,Olivia Rodrigo,all-american bitch,165833,pop
2025-02-19 03:01,Olivia Rodrigo,bad idea right?,44827,pop
2025-02-19 03:05,Olivia Rodrigo,vampire,219724,pop
2025-02-19 03:06,The Weeknd,"One Of The Girls (with JENNIE, Lily Rose Depp)",26089,rnb
2025-02-19 03:10,Chappell Roan,"Good Luck, Babe!",218423,pop
2025-02-19 03:14,Chappell Roan,Pink Pony Club,258034,pop
2025-02-19 03:18,League of Legends,Legends Never Die,235000,Soundtrack
2025-02-19 03:23,Pritam,Ye Tune Kya Kiya,314239,bollywood
2025-02-19 03:27,Rashid Ali,Kabhi Kabhi Aditi,218836,bollywood
2025-02-19 03:31,Atif Aslam,Jeene Laga Hoon,236933,bollywood
2025-02-19 03:34,Anuv Jain,Alag Aasmaan,212750,indian indie
2025-02-19 04:01,Vishal-Shekhar,Tujhe Bhula Diya,12650,bollywood
2025-02-20 22:51,Vishal-Shekhar,Tujhe Bhula Diya,238925,bollywood
2025-02-20 23:04,Vishal-Shekhar,Khuda Jaane,197957,bollywood
2025-02-24 20:19,Vishal-Shekhar,Khuda Jaane,94918,bollywood
2025-02-24 20:22,Post Malone,Hollywood's Bleeding,156266,Hip-Hop
2025-02-24 20:25,The Buttress,Brutus (Instrumental),200000,Horrorcore
2025-02-24 20:33,Belle Sisoski,Hold On,336000,hip hop
2025-02-24 21:37,Grimes,Kill V. Maim,44940,art pop
2025-02-25 16:02,Grimes,Kill V. Maim,57307,art pop
2025-02-25 17:51,Grimes,Kill V. Maim,28222,art pop
2025-02-25 18:05,Caroline Polachek,Sunset,162909,art pop
2025-02-25 18:08,Lou Bliss,Killing Butterflies,170000,
2025-02-25 18:11,Billie Eilish,watch,177523,pop
2025-02-25 18:14,League of Legends,Burn It All Down,201840,Soundtrack
2025-02-25 18:16,Otaku,Kyoran Hey Kids!! (Noragami Aragoto),109732,lo-fi
2025-02-25 18:24,Noah Cyrus,July,156106,pop
2025-02-25 18:27,All Time Low,Monsters (feat. blackbear),174067,pop punk
2025-02-25 18:31,MAGIC!,Rude,224840,reggae
2025-02-25 18:34,Bryce Fox,Golden Boy,168555,alternative
2025-02-25 18:45,Kali Uchis,Melting,208853,rnb
2025-02-25 18:48,Lizzy McAlpine,ceilings,182887,indie pop
