name,datetime,tempmax,tempmin,temp,feelslikemax,feelslikemin,feelslike,dew,humidity,precip,precipprob,precipcover,preciptype,snow,snowdepth,windgust,windspeed,winddir,sealevelpressure,cloudcover,visibility,solarradiation,solarenergy,uvindex,severerisk,sunrise,sunset,moonphase,conditions,description,icon,stations
vancouver,2024-03-01,5.7,3,4.2,3.4,-0.9,1.4,2.1,86.4,8.078,100,62.5,"rain,snow",6.4,4.1,45,19.3,108.1,996.6,94.3,16.5,22.5,1.9,1,10,2024-03-01T06:53:24,2024-03-01T17:56:44,0.71,"Snow, Rain, Overcast",Cloudy skies throughout the day with a chance of rain or snow throughout the day.,snow,"71608099999,CWWA,71775099999,71784099999,71892099999,71042099999,71201099999,F1856"
vancouver,2024-03-02,7.8,1.8,4.4,6.3,-1.5,2.3,0.7,78.3,1.874,100,25,"rain,snow",1.6,1.9,33.5,15.9,101.9,995.5,90.5,22.6,85.1,7.4,6,10,2024-03-02T06:51:23,2024-03-02T17:58:20,0.75,"Snow, Rain, Overcast",Cloudy skies throughout the day with rain or snow.,snow,"71608099999,CWWA,71784099999,71892099999,71042099999,71201099999,F1856"
vancouver,2024-03-03,4.8,1.8,3.8,2.5,-1.1,1.1,1.6,85.8,8.541,100,75,"rain,snow",2.7,1.3,36.4,15.6,89,1003.1,98.1,12,32.9,2.9,2,10,2024-03-03T06:49:21,2024-03-03T17:59:57,0.75,"Snow, Rain, Overcast",Cloudy skies throughout the day with a chance of rain or snow throughout the day.,snow,"71608099999,CWWA,71775099999,71784099999,CWWK,71892099999,CWMM,71042099999,71201099999,F1856"
vancouver,2024-03-04,5.3,1,2.9,5.3,-1.4,1.5,-0.6,78.9,0.469,100,25,"rain,snow",4.2,4.3,35.3,11.1,310.3,1011.7,66.8,35.1,123.2,10.7,5,10,2024-03-04T06:47:19,2024-03-04T18:01:33,0.81,"Snow, Rain, Partially cloudy",Partly cloudy throughout the day with rain or snow clearing later.,snow,"71608099999,CWWA,71784099999,71892099999,71042099999,71201099999,F1856"
vancouver,2024-03-05,5.6,0,2.3,5.3,-1.4,1.5,-1.8,75.3,0,0,0,,0,2.6,17.3,8.7,337.5,1017.4,32.8,28.2,126.2,10.8,6,10,2024-03-05T06:45:16,2024-03-05T18:03:08,0.85,Partially cloudy,Partly cloudy throughout the day.,partly-cloudy-day,"71608099999,CWWA,71775099999,71784099999,71892099999,71042099999,71201099999,F1856"
vancouver,2024-03-06,5.1,1.2,2.8,4.7,-0.5,2.4,-1.1,75.8,0.038,100,8.33,"rain,snow",0,0,15.8,8.4,349.1,1019.8,72.2,31.8,63,5.2,3,10,2024-03-06T06:43:12,2024-03-06T18:04:44,0.88,"Snow, Rain, Partially cloudy",Partly cloudy throughout the day with rain or snow clearing later.,rain,"71608099999,CWWA,71775099999,71784099999,71892099999,71042099999,71201099999,F1856"
vancouver,2024-03-07,6.5,0.4,3.8,6.4,-1.4,3.1,-1.8,67.9,0,0,0,,0,0,16.2,7.5,63.8,1023.5,68.2,29.3,104.6,9.2,5,10,2024-03-07T06:41:08,2024-03-07T18:06:19,0.91,Partially cloudy,Partly cloudy throughout the day.,partly-cloudy-day,"71608099999,CWWA,71784099999,CWSK,CWEL,CWEZ,CWWK,71892099999,CWMM,71042099999,71201099999,F1856"
vancouver,2024-03-08,6.7,3.5,5.4,5.6,1.2,3.2,3.1,84.9,2.87,100,62.5,rain,0.1,0.1,40.7,14.5,69.7,1020.1,99.9,19.3,34.6,2.9,2,10,2024-03-08T06:39:04,2024-03-08T18:07:54,0.95,"Rain, Overcast",Cloudy skies throughout the day with a chance of rain or snow throughout the day.,snow,"71608099999,CWWA,71784099999,71892099999,71042099999,71201099999,F1856"
vancouver,2024-03-09,10.2,6.6,7.9,10.2,3.1,6.2,4.4,79,1.314,100,33.33,rain,0,0,60.5,24,107.9,1005.8,98.8,24.1,37.1,3.2,2,10,2024-03-09T06:36:59,2024-03-09T18:09:28,0.98,"Rain, Overcast",Cloudy skies throughout the day with rain.,rain,"71608099999,CWWA,71784099999,71892099999,71042099999,71201099999,F1856"
vancouver,2024-03-10,8.9,6.5,7.8,7,3,5.3,4.3,79,2.735,100,62.5,rain,0,0,64.8,22.1,117.5,1002.8,97.9,22.8,52.7,4.3,2,10,2024-03-10T07:34:53,2024-03-10T19:11:03,0,"Rain, Overcast",Cloudy skies throughout the day with a chance of rain throughout the day.,rain,"71608099999,CWWA,71775099999,71784099999,71892099999,71042099999,71201099999,F1856"
vancouver,2024-03-11,7.4,3.5,6.6,5.7,3.4,4.2,4.8,88.3,9.763,100,62.5,rain,0,0,47.9,19.8,90.1,1005.5,93,25.1,31.4,2.8,1,10,2024-03-11T07:32:47,2024-03-11T19:12:37,0.05,"Rain, Overcast",Cloudy skies throughout the day with a chance of rain throughout the day.,rain,"71608099999,CWWA,71775099999,71784099999,71605099999,71892099999,CWMM,71042099999,71201099999,F1856"
vancouver,2024-03-12,10.8,5.7,7.9,10.8,4,6.4,4.1,78.5,4.181,100,33.33,rain,0,0,41.8,13.4,186.2,1009.7,66.8,31.3,139,11.9,6,10,2024-03-12T07:30:41,2024-03-12T19:14:11,0.08,"Rain, Partially cloudy",Partly cloudy throughout the day with rain clearing later.,rain,"71608099999,CWWA,71775099999,71784099999,CWEL,CWWK,71892099999,CWMM,71042099999,71201099999,F1856"
vancouver,2024-03-13,9.8,4.6,7,9.8,3.4,6.3,3.4,78.4,0.024,100,4.17,rain,0,0,20.2,9.3,124.5,1029,73.7,37.7,102.7,8.7,6,10,2024-03-13T07:28:35,2024-03-13T19:15:44,0.11,"Rain, Partially cloudy",Partly cloudy throughout the day with early morning rain.,rain,"71608099999,CWWA,71784099999,71892099999,71042099999,71201099999,F1856"
vancouver,2024-03-14,9.3,3.1,6.6,9.3,3.1,6.2,3.3,79.8,0,0,0,,0,0,21.2,10.2,288,1033,60.7,29.8,157.3,13.5,6,10,2024-03-14T07:26:28,2024-03-14T19:17:18,0.15,Partially cloudy,Partly cloudy throughout the day.,partly-cloudy-day,"71608099999,CWWA,71775099999,71784099999,71892099999,71042099999,71201099999,F1856"
vancouver,2024-03-15,11.4,3.8,7.6,11.4,3.2,7.4,4.5,80.9,0,0,0,rain,0,0,20.2,11.3,297.9,1024.8,59.8,28,160.7,13.7,6,10,2024-03-15T07:24:21,2024-03-15T19:18:51,0.18,Partially cloudy,Partly cloudy throughout the day.,partly-cloudy-day,"71608099999,CWWA,71784099999,71892099999,71042099999,71201099999,F1856"
vancouver,2024-03-16,16.2,5.6,10.4,16.2,5.6,10.4,5.1,71.3,0,0,0,,0,0,23.8,8.1,290.4,1018.3,12,28,181.8,15.8,6,10,2024-03-16T07:22:14,2024-03-16T19:20:24,0.25,Clear,Clear conditions throughout the day.,clear-day,"71608099999,CWWA,71784099999,71892099999,71042099999,71201099999,F1856"
vancouver,2024-03-17,17.4,7,11.6,17.4,7,11.6,4.9,64.7,0,0,0,,0,0,15.8,7.9,289.7,1022.4,8.5,29.2,182.1,15.8,6,10,2024-03-17T07:20:07,2024-03-17T19:21:57,0.25,Clear,Clear conditions throughout the day.,clear-day,"71608099999,CWWA,71784099999,71892099999,71042099999,71201099999,F1856"
vancouver,2024-03-18,13.2,5.9,9.6,13.2,5.9,9.5,5.2,74.7,0,0,0,rain,0,0,18,13,294.1,1022,12.6,39.8,182.7,15.8,6,10,2024-03-18T07:17:59,2024-03-18T19:23:30,0.28,Clear,Clear conditions throughout the day.,clear-day,"71608099999,CWWA,71784099999,71892099999,71042099999,71201099999,F1856"
vancouver,2024-03-19,13.3,5.3,9.3,13.3,4.1,9,5.5,78,0,0,0,rain,0,0,16.2,11.3,295.6,1016.3,20.1,38.7,181.2,15.6,6,10,2024-03-19T07:15:51,2024-03-19T19:25:03,0.32,Partially cloudy,Partly cloudy throughout the day.,partly-cloudy-day,"71608099999,CWWA,71784099999,71892099999,71042099999,71201099999,F1856"
vancouver,2024-03-20,10.5,6.8,9,10.5,6.5,8.1,5.8,80.9,0.08,100,8.33,rain,0,0,21.6,12.7,103.5,1015.2,87.9,30.1,48.7,4.1,3,10,2024-03-20T07:13:44,2024-03-20T19:26:35,0.35,"Rain, Partially cloudy",Partly cloudy throughout the day with rain in the morning and afternoon.,rain,"71608099999,CWWA,71784099999,71892099999,71042099999,71201099999,F1856"
vancouver,2024-03-21,12.1,7.2,9.7,12.1,7.2,9.6,5.9,77.9,0,0,0,rain,0,0,16.6,8.4,100.6,1017.7,88.8,29.6,80.5,7.1,3,10,2024-03-21T07:11:36,2024-03-21T19:28:07,0.38,Partially cloudy,Partly cloudy throughout the day.,partly-cloudy-day,"71608099999,CWWA,71784099999,71892099999,71042099999,71201099999,F1856"
vancouver,2024-03-22,11.8,8,9.5,11.8,8,9.5,7.4,86.6,1.53,100,50,rain,0,0,30.6,11.1,303.7,1012.2,99.9,25.5,66.9,5.9,3,10,2024-03-22T07:09:28,2024-03-22T19:29:40,0.42,"Rain, Overcast",Cloudy skies throughout the day with a chance of rain throughout the day.,rain,"71608099999,CWWA,71775099999,71784099999,71892099999,71042099999,71201099999,F1856"
vancouver,2024-03-23,9.3,7.4,8.7,9,6.7,8,7.9,94.7,3.48,100,58.33,rain,0,0,25.2,11.9,320.4,1002.8,98.7,20.9,25.5,2.2,1,10,2024-03-23T07:07:20,2024-03-23T19:31:12,0.45,"Rain, Overcast",Cloudy skies throughout the day with a chance of rain throughout the day.,rain,"71608099999,CWWA,71784099999,71892099999,71042099999,71201099999,F1856"
vancouver,2024-03-24,13,3.9,8.5,13,2.8,8.3,5.5,82.2,0.064,100,4.17,rain,0,0,22,9.4,113.4,1007.8,28,23.2,164.3,14.1,7,10,2024-03-24T07:05:12,2024-03-24T19:32:44,0.48,"Rain, Partially cloudy",Clearing in the afternoon with afternoon rain.,rain,"71608099999,CWWA,71784099999,71892099999,71042099999,71201099999,F1856"
vancouver,2024-03-25,10.6,6.7,8.7,10.6,5.9,8,6.2,84.3,5.334,100,62.5,rain,0,0,24.1,12.1,123.8,1010.3,91.8,37.7,55.6,4.7,2,10,2024-03-25T07:03:04,2024-03-25T19:34:15,0.5,"Rain, Overcast",Cloudy skies throughout the day with a chance of rain throughout the day.,rain,"71608099999,CWWA,71784099999,71892099999,71042099999,71201099999,F1856"
vancouver,2024-03-26,11.3,6,8.1,11.3,6,7.7,5.6,84.7,2.744,100,58.33,rain,0,0,35.3,8.9,83.7,1014.1,70.8,21.7,81.1,6.8,4,10,2024-03-26T07:00:56,2024-03-26T19:35:47,0.55,"Rain, Partially cloudy",Partly cloudy throughout the day with a chance of rain throughout the day.,rain,"CWWA,71473099999,CWEL,71892099999,CWMM,71608099999,71775099999,71784099999,CWSK,CWEZ,CWWK,71042099999,71201099999,F1856"
vancouver,2024-03-27,8.9,6,7.1,8.9,3.6,5.7,5.5,89.7,9.454,100,75,rain,0,0,37.1,14.3,79.3,1006.2,95.5,20.2,47.8,4.2,3,10,2024-03-27T06:58:49,2024-03-27T19:37:19,0.59,"Rain, Overcast",Cloudy skies throughout the day with a chance of rain throughout the day.,rain,"CWWA,CWEL,71892099999,CWMM,71608099999,71775099999,71784099999,CWSK,CWEZ,CWWK,71042099999,71201099999,F1856"
vancouver,2024-03-28,9.3,5.5,7.3,8.1,4,5.7,4.1,80.8,5.642,100,41.67,rain,0,0,57.6,13.8,80.8,1006.1,98.1,17.5,54.4,4.6,2,10,2024-03-28T06:56:41,2024-03-28T19:38:50,0.62,"Rain, Overcast",Cloudy skies throughout the day with rain.,rain,"CWWA,CWSK,CWEL,CWEZ,CWWK,CWMM,CYVR,F1856"
vancouver,2024-03-29,12,5.9,8.1,12,4.7,7.6,4.5,79.4,4.069,100,45.83,rain,0,0,53.6,7.8,73.5,1013.2,60.2,16,136.7,12,7,10,2024-03-29T06:54:34,2024-03-29T19:40:22,0.66,"Rain, Partially cloudy",Partly cloudy throughout the day with a chance of rain throughout the day.,rain,"CWWA,CWSK,CWEL,CWEZ,CWWK,CWMM,F1856"
vancouver,2024-03-30,10.5,4.1,7.2,10.5,4.1,7.2,4,80.6,0.224,100,4.17,rain,0,0,27.7,6.3,296.7,1014.5,50.9,16.9,135.3,11.9,4,10,2024-03-30T06:52:27,2024-03-30T19:41:54,0.69,"Rain, Partially cloudy",Partly cloudy throughout the day with late afternoon rain.,rain,"CWWA,CWSK,CWEL,CWEZ,CWWK,CWMM,CYVR,F1856"
vancouver,2024-03-31,13.1,3.9,8.2,13.1,3.9,8.2,3.5,73.5,0,0,0,rain,0,0,40.7,5.7,301.7,1015.4,44.8,17.5,192.2,16.6,7,10,2024-03-31T06:50:20,2024-03-31T19:43:25,0.72,Partially cloudy,Becoming cloudy in the afternoon.,partly-cloudy-day,"CWWA,CWSK,CWEL,CWEZ,CWWK,71892099999,CWMM,F1856"
vancouver,2024-04-01,15.7,5.7,11.1,15.7,5.7,11,5.1,67.8,0,0,0,rain,0,0,23.8,13.6,115.5,1020.6,71.7,33,165.4,14.4,6,10,2024-04-01T06:48:13,2024-04-01T19:44:56,0.75,Partially cloudy,Partly cloudy throughout the day.,partly-cloudy-day,"CWWA,CWEL,71892099999,CWMM,71608099999,71775099999,CWSK,71784099999,CWEZ,CWWK,71042099999,71201099999,F1856"
vancouver,2024-04-02,12.8,8.3,11.2,12.8,6.1,10.9,7.1,76.8,3.738,100,45.83,rain,0,0,42.1,17.9,76.9,1020.6,92,21.2,37.2,3.2,2,10,2024-04-02T06:46:07,2024-04-02T19:46:28,0.79,"Rain, Overcast",Cloudy skies throughout the day with rain.,rain,"CWWA,CWEL,71892099999,CWMM,CYVR,71608099999,CWSK,71784099999,CWEZ,CWWK,71042099999,71201099999,F1856"
vancouver,2024-04-03,10,5,7.5,9.5,2.8,6,1.5,68.5,0.229,100,4.17,rain,0,0,34.2,13.4,272.2,1020,68.2,40.5,167,14.5,7,10,2024-04-03T06:44:01,2024-04-03T19:47:59,0.83,"Rain, Partially cloudy",Partly cloudy throughout the day with early morning rain.,rain,"71608099999,CWWA,71784099999,71892099999,71042099999,71201099999,F1856"
vancouver,2024-04-04,11,4.6,8.2,11,3,6.9,1.5,63.5,0.02,100,16.67,rain,0,0,44.3,22.9,285.4,1010.8,94.9,30.2,136,11.7,6,10,2024-04-04T06:41:55,2024-04-04T19:49:30,0.86,"Rain, Overcast",Cloudy skies throughout the day with rain in the morning and afternoon.,rain,"71608099999,CWWA,71784099999,71892099999,71042099999,71201099999,F1856"
vancouver,2024-04-05,13.1,6.5,9.4,13.1,5.8,9,1.7,60.8,0,0,0,,0,0,25.2,12.8,264.4,1008.6,48.5,28.3,225.3,19.7,7,10,2024-04-05T06:39:50,2024-04-05T19:51:02,0.9,Partially cloudy,Partly cloudy throughout the day.,partly-cloudy-day,"71608099999,CWWA,71784099999,71892099999,71042099999,71201099999,F1856"
vancouver,2024-04-06,11,6.8,8.9,11,5.2,8,3.6,70.1,2.936,100,16.67,rain,0,0,24.8,11.2,117.5,1017.1,79.7,27,140,12.2,6,10,2024-04-06T06:37:45,2024-04-06T19:52:33,0.93,"Rain, Partially cloudy",Partly cloudy throughout the day with rain.,rain,"71608099999,CWWA,71784099999,71892099999,71042099999,71201099999,F1856"
vancouver,2024-04-07,11.5,5.4,8.7,11.5,5.3,8.2,4.7,77,0.469,100,25,rain,0,0,31.3,13.3,143.8,1021.9,93.2,27.4,111.7,9.7,5,10,2024-04-07T06:35:41,2024-04-07T19:54:04,0.97,"Rain, Overcast",Cloudy skies throughout the day with rain.,rain,"71608099999,CWWA,71784099999,71892099999,71042099999,71201099999,F1856"
vancouver,2024-04-08,8.5,6.4,7.1,7.4,3.6,5.1,5.5,89.8,19.285,100,79.17,rain,0,0,38.9,18.1,97.6,1019.3,100,19.4,16.3,1.5,1,10,2024-04-08T06:33:37,2024-04-08T19:55:35,0,"Rain, Overcast",Cloudy skies throughout the day with a chance of rain throughout the day.,rain,"CWWA,71211099999,71608099999,71784099999,71892099999,71042099999,71201099999,F1856"
vancouver,2024-04-09,12.7,6.9,9.5,12.7,5,9,4.6,74.2,0.056,100,8.33,rain,0,0,35.3,13.1,258.6,1022.7,31.7,39.1,227.7,19.8,7,10,2024-04-09T06:31:34,2024-04-09T19:57:06,0.03,"Rain, Partially cloudy",Partly cloudy throughout the day with early morning rain.,rain,"71608099999,CWWA,71211099999,71784099999,71892099999,71042099999,71201099999,F1856"
vancouver,2024-04-10,13.5,5.3,9.3,13.5,4.1,9.1,2.9,66,0,0,0,rain,0,0,22.3,8.2,315.5,1026.6,67.4,39.8,189.2,16.3,7,10,2024-04-10T06:29:31,2024-04-10T19:58:37,0.07,Partially cloudy,Partly cloudy throughout the day.,partly-cloudy-day,"71608099999,CWWA,71784099999,71892099999,71042099999,71201099999,F1856"
vancouver,2024-04-11,9.8,7.1,8.6,9.1,5.8,7.6,5.4,80.8,4.422,100,50,rain,0,0,22.3,11.2,72.9,1014.9,99.9,22.5,56.1,4.9,2,10,2024-04-11T06:27:29,2024-04-11T20:00:09,0.1,"Rain, Overcast",Cloudy skies throughout the day with rain.,rain,"71608099999,CWWA,71784099999,71892099999,71042099999,71201099999,F1856"
vancouver,2024-04-12,11.7,7.1,9,11.7,5.4,8.4,6.3,83.8,0.498,100,41.67,rain,0,0,37.1,19,291.9,1012.3,60.6,22.9,201.2,17.5,8,10,2024-04-12T06:25:27,2024-04-12T20:01:40,0.13,"Rain, Partially cloudy",Partly cloudy throughout the day with a chance of rain throughout the day.,rain,"71608099999,CWWA,71784099999,71892099999,71042099999,71201099999,F1856"
vancouver,2024-04-13,13.3,5.3,9.4,13.3,2.7,8.2,5.9,79.2,0.01,100,4.17,rain,0,0,35.3,17.5,300,1013.7,23.1,28,241.3,20.9,7,10,2024-04-13T06:23:26,2024-04-13T20:03:11,0.17,"Rain, Partially cloudy",Partly cloudy throughout the day with afternoon rain.,rain,"71608099999,CWWA,71784099999,71892099999,71042099999,71201099999,F1856"
vancouver,2024-04-14,14,5.7,10,14,4.4,9.7,5.8,75.8,0,0,0,rain,0,0,27.7,11,286.8,1015.5,60,29.2,225.6,19.6,7,10,2024-04-14T06:21:26,2024-04-14T20:04:42,0.2,Partially cloudy,Partly cloudy throughout the day.,partly-cloudy-day,"71608099999,CWWA,71784099999,71892099999,71042099999,71201099999,F1856"
vancouver,2024-04-15,10.6,7.3,9.1,10.6,4.2,7.4,2.6,64.5,0.22,100,16.67,rain,0,0,40.7,18.8,286.5,1022.1,89.6,36.6,117.3,10.2,5,10,2024-04-15T06:19:27,2024-04-15T20:06:13,0.25,"Rain, Partially cloudy",Partly cloudy throughout the day with late afternoon rain.,rain,"71608099999,CWWA,71211099999,71784099999,E9431,71892099999,71042099999,71201099999,F1856"
vancouver,2024-04-16,11.5,4.3,8.2,11.5,0.7,6.2,2.4,67.5,0.04,100,8.33,rain,0,0,42.5,34.1,300.2,1026.7,29.7,39.9,240,20.9,7,10,2024-04-16T06:17:28,2024-04-16T20:07:44,0.26,"Rain, Partially cloudy",Partly cloudy throughout the day with rain.,rain,"71608099999,CWWA,71784099999,KORS,E9431,71892099999,71042099999,71201099999,71108099999"
vancouver,2024-04-17,13.1,3.3,8.1,13.1,2.2,7.5,3.1,72,0,0,0,,0,0,37.1,14.5,239.7,1031.1,13.6,40.2,252.6,22,8,10,2024-04-17T06:15:30,2024-04-17T20:09:15,0.3,Clear,Clear conditions throughout the day.,clear-day,"KORS,71892099999,71201099999,CYVR,71108099999,F1856"
vancouver,2024-04-18,14.1,3.2,9.4,14.1,2.6,8.8,2.1,61.5,0,0,0,,0,0,29.5,25.7,313.4,1027,7.4,31.8,250.4,21.7,8,10,2024-04-18T06:13:33,2024-04-18T20:10:46,0.33,Clear,Clear conditions throughout the day.,clear-day,"71608099999,71605099999,71638099999,KORS,71892099999,CYVR,71108099999,F1856"
vancouver,2024-04-19,15.8,5.2,10.9,15.8,2.7,10.6,-0.2,47.6,0.012,100,12.5,rain,0,0,76,11.1,277.9,1022.6,0.2,34,249.5,21.8,8,10,2024-04-19T06:11:36,2024-04-19T20:12:17,0.36,Rain,Clear conditions throughout the day with rain clearing later.,rain,"71608099999,71211099999,CWWA,71784099999,KORS,71892099999,71042099999,71201099999,71108099999,F1856"
vancouver,2024-04-20,18.1,8.9,11.9,18.1,7.3,11.5,3,57.4,2.4,100,29.17,rain,0,0,45.4,25.6,114,1016.5,38.6,30.8,132.8,11.5,7,10,2024-04-20T06:09:41,2024-04-20T20:13:48,0.39,"Rain, Partially cloudy",Becoming cloudy in the afternoon with rain.,rain,"71608099999,CWWA,71784099999,71892099999,71042099999,71201099999,F1856"
vancouver,2024-04-21,13.6,7.5,10.3,13.6,6,9.8,3.4,63.6,0.004,100,4.17,rain,0,0,33.5,12.3,214.8,1026,38.5,29.5,187,16.2,7,10,2024-04-21T06:07:47,2024-04-21T20:15:18,0.43,"Rain, Partially cloudy",Partly cloudy throughout the day with early morning rain.,rain,"71608099999,CWWA,71784099999,71892099999,71042099999,71201099999,F1856"
vancouver,2024-04-22,14.1,6.1,10,14.1,5.7,9.9,3.5,65.3,0.079,100,4.17,rain,0,0,34.2,13.8,279.2,1022.4,36.9,40.5,259.3,22.2,8,10,2024-04-22T06:05:53,2024-04-22T20:16:49,0.46,"Rain, Partially cloudy",Partly cloudy throughout the day with afternoon rain.,rain,"71608099999,CWWA,71784099999,71892099999,71042099999,71201099999,F1856"
vancouver,2024-04-23,18.5,6.5,12.2,18.5,6.3,12.2,3.9,58.6,0,0,0,,0,0,19.8,9.5,265,1014.7,78.3,40.1,241.5,20.8,8,10,2024-04-23T06:04:01,2024-04-23T20:18:20,0.5,Partially cloudy,Partly cloudy throughout the day.,partly-cloudy-day,"71608099999,CWWA,71784099999,71892099999,71042099999,71201099999,F1856"
vancouver,2024-04-24,11.5,9.2,10.1,11.5,8.2,9.7,7.1,82.2,1.844,100,54.17,rain,0,0,38.9,15,54.5,1015.8,96.1,27.5,57.7,5.1,2,10,2024-04-24T06:02:09,2024-04-24T20:19:50,0.53,"Rain, Overcast",Cloudy skies throughout the day with rain.,rain,"71608099999,CWWA,71784099999,71892099999,71042099999,71201099999,F1856"
vancouver,2024-04-25,10.1,8.2,9.3,10.1,6.9,8.2,8.1,92.2,19.184,100,83.33,rain,0,0,42.5,12.7,72.9,1009.7,99.2,17.9,42.8,3.7,1,10,2024-04-25T06:00:19,2024-04-25T20:21:20,0.56,"Rain, Overcast",Cloudy skies throughout the day with a chance of rain throughout the day.,rain,"71608099999,CWWA,71211099999,71775099999,71784099999,71892099999,CWMM,71042099999,71201099999,F1856"
vancouver,2024-04-26,14.6,8.6,10.9,14.6,7.3,10.4,9,88.2,7.998,100,62.5,rain,0,0,22,9.7,71.1,1010.5,83.5,20.4,129.3,11.1,5,10,2024-04-26T05:58:30,2024-04-26T20:22:50,0.6,"Rain, Partially cloudy",Partly cloudy throughout the day with a chance of rain throughout the day.,rain,"71608099999,CWWA,71784099999,71892099999,71042099999,71201099999,F1856"
vancouver,2024-04-27,10.7,9.1,9.9,10.7,7.3,9.4,8.6,91.3,10.086,100,91.67,rain,0,0,33.1,12.5,106.9,1013.2,95.8,15.5,59.6,5.1,3,10,2024-04-27T05:56:42,2024-04-27T20:24:20,0.63,"Rain, Overcast",Cloudy skies throughout the day with a chance of rain throughout the day.,rain,"71608099999,CWWA,71784099999,71892099999,71042099999,71201099999,F1856"
vancouver,2024-04-28,12.1,8.4,9.6,12.1,6.5,8.9,6,79,2.198,100,50,rain,0,0,40.3,12.9,217.8,1015.1,88.9,24,91.6,8,6,10,2024-04-28T05:54:55,2024-04-28T20:25:50,0.67,"Rain, Partially cloudy",Partly cloudy throughout the day with rain.,rain,"71608099999,CWWA,71784099999,71892099999,71042099999,71201099999,F1856"
vancouver,2024-04-29,12.8,5.4,9.2,12.8,3.9,8.6,2.9,67,0.413,100,12.5,rain,0,0,32,10.9,274.4,1016.4,66.8,39.3,250.6,21.6,8,10,2024-04-29T05:53:09,2024-04-29T20:27:19,0.7,"Rain, Partially cloudy",Partly cloudy throughout the day with late afternoon rain.,rain,"71608099999,CWWA,71211099999,71784099999,71892099999,71042099999,71201099999,F1856"
vancouver,2024-04-30,12.2,6.3,9.1,12.2,5.3,8.6,3.8,70.5,0.081,100,16.67,rain,0,0,32.8,21.9,286.8,1019.7,56.7,38.4,221,19,8,10,2024-04-30T05:51:25,2024-04-30T20:28:49,0.74,"Rain, Partially cloudy",Partly cloudy throughout the day with rain.,rain,"71608099999,CWWA,71784099999,CWSK,CWEL,CWEZ,CWWK,71892099999,CWMM,71042099999,71201099999,F1856"
vancouver,2024-05-01,14,4.8,9.6,14,3.8,9.3,3.6,68.1,0.236,100,4.17,rain,0,0,27.7,14.6,113.3,1021.5,35.2,29.1,182.5,15.6,9,10,2024-05-01T05:49:42,2024-05-01T20:30:18,0.75,"Rain, Partially cloudy",Partly cloudy throughout the day with afternoon rain.,rain,"CWWA,CWEL,71892099999,CWMM,CYVR,71608099999,CWSK,71784099999,CWEZ,CWWK,71042099999,71201099999,F1856"
vancouver,2024-05-02,16.6,5.3,11.1,16.6,4,11,4.6,65.4,0,0,0,,0,0,30.2,12.7,293.7,1017.6,8.6,34,254.4,21.9,8,10,2024-05-02T05:48:00,2024-05-02T20:31:46,0.81,Clear,Clear conditions throughout the day.,clear-day,"71608099999,CWWA,71784099999,71892099999,71042099999,71201099999,F1856"
vancouver,2024-05-03,20.1,9.1,14.2,20.1,8.1,14,4.8,55.6,0.079,100,4.17,rain,0,0,27.4,10.3,100.4,1011.5,69.1,30.8,217.2,18.6,7,10,2024-05-03T05:46:20,2024-05-03T20:33:14,0.85,"Rain, Partially cloudy",Partly cloudy throughout the day with afternoon rain.,rain,"71608099999,CWWA,71784099999,71892099999,71042099999,71201099999,F1856"
vancouver,2024-05-04,20.4,11.6,14.7,20.4,11.6,14.7,7.5,63.5,0,0,0,rain,0,0,33.5,18.3,346.1,1001.3,98.3,27.7,118.8,10.3,7,10,2024-05-04T05:44:41,2024-05-04T20:34:42,0.88,Overcast,Cloudy skies throughout the day.,cloudy,"71608099999,CWWA,71784099999,71892099999,71042099999,71201099999,F1856"
vancouver,2024-05-05,13,9.4,11.6,13,8.2,11.4,9.2,85.7,6.332,100,50,rain,0,0,38.9,13,103.8,1004.7,93,23.3,42.8,3.8,2,10,2024-05-05T05:43:04,2024-05-05T20:36:10,0.92,"Rain, Overcast",Cloudy skies throughout the day with rain.,rain,"71608099999,CWWA,71784099999,71892099999,71042099999,71201099999,F1856"
vancouver,2024-05-06,14.6,8.4,11.3,14.6,6.7,11,5.5,69.7,1.818,100,16.67,rain,0,0,40.7,16.6,213.1,1010.3,55.5,41.1,230.3,20.1,9,10,2024-05-06T05:41:28,2024-05-06T20:37:37,0.95,"Rain, Partially cloudy",Partly cloudy throughout the day with early morning rain.,rain,"71608099999,CWWA,71211099999,71784099999,71892099999,71042099999,71201099999,F1856"
vancouver,2024-05-07,15,6.2,11,15,3,9.9,4.5,65.7,0.027,100,4.17,rain,0,0,42.5,19.5,283.8,1021.8,30.2,37.9,274.1,23.8,8,10,2024-05-07T05:39:54,2024-05-07T20:39:04,0,"Rain, Partially cloudy",Partly cloudy throughout the day with afternoon rain.,rain,"71608099999,CWWA,71784099999,CWSK,CWEL,CWEZ,CWWK,71892099999,CWMM,71042099999,71201099999,F1856"
vancouver,2024-05-08,16.1,7.3,11.5,16.1,6.6,11.3,5.6,68,0.106,100,8.33,rain,0,0,28.8,9.3,200.5,1029.6,31.8,37.5,268,23,9,10,2024-05-08T05:38:22,2024-05-08T20:40:30,0.02,"Rain, Partially cloudy",Partly cloudy throughout the day with morning rain.,rain,"CWWA,71211099999,CWEL,71892099999,CWMM,71608099999,71784099999,CWSK,CWEZ,CWWK,71042099999,71201099999,F1856"
vancouver,2024-05-09,19.5,8.3,14.4,19.5,8.3,14.4,8.6,69.8,0,0,0,,0,0,31.3,14.8,296.1,1027.3,17.5,30.8,272,23.7,8,10,2024-05-09T05:36:51,2024-05-09T20:41:55,0.05,Clear,Clear conditions throughout the day.,clear-day,"71608099999,CWWA,71784099999,71892099999,71042099999,71201099999,F1856"
vancouver,2024-05-10,22.4,10.5,16.3,22.4,10.5,16.3,9,63.7,0,0,0,,0,0,22,10.9,276.6,1019.8,21.3,28.9,274,23.9,8,10,2024-05-10T05:35:22,2024-05-10T20:43:20,0.09,Partially cloudy,Partly cloudy throughout the day.,partly-cloudy-day,"71608099999,CWWA,71784099999,71892099999,71042099999,71201099999,F1856"
vancouver,2024-05-11,21.7,10.8,16.2,21.7,10.8,16.2,10,68.2,0,0,0,,0,0,25.9,12,282.8,1013.7,24.9,28.5,269.7,23.5,8,10,2024-05-11T05:33:54,2024-05-11T20:44:44,0.12,Partially cloudy,Partly cloudy throughout the day.,partly-cloudy-day,"71608099999,CWWA,71784099999,71892099999,71042099999,71201099999,F1856"
vancouver,2024-05-12,19.7,11,15.1,19.7,11,15.1,9.1,69.1,0,0,0,,0,0,33.5,13.7,293.8,1014.1,29.8,29.5,256.5,22.2,8,10,2024-05-12T05:32:28,2024-05-12T20:46:08,0.15,Partially cloudy,Partly cloudy throughout the day.,partly-cloudy-day,"71608099999,CWWA,71784099999,71892099999,71042099999,71201099999,F1856"
vancouver,2024-05-13,18.3,11.9,14.7,18.3,11.9,14.7,9.7,73,0,0,0,rain,0,0,30.2,13.3,261.1,1017.4,60.8,39.5,189.2,16.3,6,10,2024-05-13T05:31:05,2024-05-13T20:47:31,0.18,Partially cloudy,Partly cloudy throughout the day.,partly-cloudy-day,"71608099999,CWWA,71784099999,71892099999,71042099999,71201099999,F1856"
vancouver,2024-05-14,17.6,9.7,13.9,17.6,8.2,13.8,9.1,73.7,0,0,0,,0,0,25.9,13.8,289.2,1021.8,75,41.1,227.3,19.5,7,10,2024-05-14T05:29:43,2024-05-14T20:48:53,0.22,Partially cloudy,Partly cloudy throughout the day.,partly-cloudy-day,"71608099999,CWWA,71784099999,71892099999,71042099999,71201099999,F1856"
vancouver,2024-05-15,20.6,11.1,15.6,20.6,11.1,15.6,10.1,71.1,0,0,0,,0,0,26.3,8.5,214.4,1019,84.2,38.2,254.9,22.1,8,10,2024-05-15T05:28:23,2024-05-15T20:50:14,0.25,Partially cloudy,Partly cloudy throughout the day.,partly-cloudy-day,"71608099999,CWWA,71211099999,71784099999,71892099999,71042099999,71201099999,F1856"
vancouver,2024-05-16,18.4,11.9,14.4,18.4,11.9,14.4,8.5,69.3,0.574,100,20.83,rain,0,0,48.2,24,218.9,1011.4,69.2,31,153.7,13.3,10,10,2024-05-16T05:27:05,2024-05-16T20:51:34,0.28,"Rain, Partially cloudy",Partly cloudy throughout the day with rain.,rain,"71608099999,CWWA,71784099999,71892099999,71042099999,71201099999,F1856"
vancouver,2024-05-17,16.5,9.1,12.7,16.5,6.2,12.1,4.4,58.2,0.564,100,16.67,rain,0,0,61.2,26.6,284.7,1016.9,47.6,29,272.8,23.7,8,10,2024-05-17T05:25:49,2024-05-17T20:52:54,0.31,"Rain, Partially cloudy",Becoming cloudy in the afternoon with rain.,rain,"71608099999,CWWA,71211099999,71784099999,71892099999,71042099999,71201099999,F1856"
vancouver,2024-05-18,13.7,8.9,10.8,13.7,6.9,10.3,6.5,75.9,6.86,100,62.5,rain,0,0,27,12.2,82.8,1017.9,63.2,25.7,212.2,18.5,10,10,2024-05-18T05:24:35,2024-05-18T20:54:12,0.34,"Rain, Partially cloudy",Partly cloudy throughout the day with a chance of rain throughout the day.,rain,"71608099999,CWWA,71784099999,71892099999,71042099999,71201099999,F1856"
vancouver,2024-05-19,16.3,9.2,12.3,16.3,9.1,12.2,6.7,70.3,0.761,100,12.5,rain,0,0,25.9,11.6,264.2,1022.5,40.9,28.1,227.5,19.7,10,10,2024-05-19T05:23:23,2024-05-19T20:55:30,0.38,"Rain, Partially cloudy",Partly cloudy throughout the day with rain clearing later.,rain,"71608099999,CWWA,71784099999,71892099999,71042099999,71201099999,F1856"
vancouver,2024-05-20,16.8,9.5,13.2,16.8,8.7,13.1,7.1,67.7,0.079,100,4.17,rain,0,0,29.2,10.2,191.5,1023.4,45.9,31.3,247.3,21.5,8,10,2024-05-20T05:22:13,2024-05-20T20:56:46,0.41,"Rain, Partially cloudy",Partly cloudy throughout the day with early morning rain.,rain,"71608099999,CWWA,71784099999,71892099999,71042099999,71201099999,F1856"
vancouver,2024-05-21,12.7,9,10.9,12.7,5.4,10.7,9.4,90.6,36.336,100,91.67,rain,0,0,61.2,28.1,108.6,1014.9,99.2,12.9,41,3.5,2,10,2024-05-21T05:21:06,2024-05-21T20:58:01,0.44,"Rain, Overcast",Cloudy skies throughout the day with a chance of rain throughout the day.,rain,"71608099999,CWWA,71784099999,71892099999,71042099999,71201099999,F1856"
vancouver,2024-05-22,16.4,8.4,11.9,16.4,6.4,11.3,6.7,71.6,0.106,100,8.33,rain,0,0,51.8,21.3,250.7,1012.8,57.8,38.6,248.3,21.5,9,10,2024-05-22T05:20:01,2024-05-22T20:59:15,0.47,"Rain, Partially cloudy",Partly cloudy throughout the day with rain.,rain,"71608099999,CWWA,71784099999,71892099999,71042099999,71201099999,F1856"
vancouver,2024-05-23,16.6,10.8,13.3,16.6,10.8,13.3,8.4,72.7,0,0,0,rain,0,0,29.9,14.4,111.9,1018.5,45.3,31.3,232.2,20,8,10,2024-05-23T05:18:58,2024-05-23T21:00:27,0.5,Partially cloudy,Partly cloudy throughout the day.,partly-cloudy-day,"71608099999,CWWA,71784099999,71892099999,71042099999,71201099999,F1856"
vancouver,2024-05-24,13.1,10.5,11.5,13.1,10.5,11.5,9.2,86.2,3.65,100,58.33,rain,0,0,22,11,102.9,1011.7,96.8,19.4,85.3,7.4,3,10,2024-05-24T05:17:57,2024-05-24T21:01:39,0.54,"Rain, Overcast",Cloudy skies throughout the day with rain.,rain,"71608099999,CWWA,71784099999,71892099999,71042099999,71201099999,F1856"
vancouver,2024-05-25,15.2,10,11.9,15.2,7.5,11.6,6.9,73.6,4.047,100,50,rain,0,0,38.9,19.1,271.8,1012.1,92.3,24,182.3,15.7,8,10,2024-05-25T05:16:59,2024-05-25T21:02:48,0.58,"Rain, Overcast",Cloudy skies throughout the day with rain.,rain,"71608099999,CWWA,71784099999,71892099999,71042099999,71201099999,F1856"
vancouver,2024-05-26,12.2,9,10.7,12.2,7.7,10.4,9,89.3,19.746,100,79.17,rain,0,0,30.2,14.3,102.4,1018.9,99.8,17.3,65.4,5.7,2,10,2024-05-26T05:16:03,2024-05-26T21:03:57,0.62,"Rain, Overcast",Cloudy skies throughout the day with a chance of rain throughout the day.,rain,"71608099999,CWWA,71784099999,71892099999,71042099999,71201099999,F1856"
vancouver,2024-05-27,15.7,10.6,12.9,15.7,10.6,12.9,10,83.1,0,0,0,rain,0,0,26.3,10.5,90.5,1020.3,96.9,36.3,109.2,9.5,5,10,2024-05-27T05:15:09,2024-05-27T21:05:04,0.65,Overcast,Cloudy skies throughout the day.,cloudy,"71608099999,CWWA,71784099999,71892099999,71042099999,71201099999,F1856"
vancouver,2024-05-28,15.9,10.5,12.4,15.9,10.5,12.4,9.2,82.2,12.715,100,45.83,rain,0,0,33.5,13.9,268.3,1018.2,81.5,26,109.3,9.6,7,10,2024-05-28T05:14:18,2024-05-28T21:06:09,0.69,"Rain, Partially cloudy",Partly cloudy throughout the day with a chance of rain throughout the day.,rain,"71608099999,CWWA,71211099999,71784099999,71892099999,71042099999,71201099999,F1856"
vancouver,2024-05-29,14.6,8.7,11.7,14.6,7.9,11.5,7,74.2,0.519,100,25,rain,0,0,34.9,12.2,262.2,1024.5,47.3,37.7,228,19.8,10,10,2024-05-29T05:13:29,2024-05-29T21:07:13,0.72,"Rain, Partially cloudy",Clearing in the afternoon with rain.,rain,"71608099999,CWWA,71784099999,71892099999,71042099999,71201099999,F1856"
vancouver,2024-05-30,16.7,10,12.7,16.7,10,12.7,6.9,69.1,0,0,0,rain,0,0,26.6,9.2,270.3,1028,46.8,30.5,251.5,21.6,9,10,2024-05-30T05:12:43,2024-05-30T21:08:14,0.75,Partially cloudy,Partly cloudy throughout the day.,partly-cloudy-day,"71608099999,CWWA,71784099999,71892099999,71042099999,71201099999,F1856"
vancouver,2024-05-31,18.7,9.2,13.7,18.7,9.1,13.7,7.2,66.3,0.079,100,4.17,rain,0,0,21.6,8.9,254.4,1021.4,65.3,28.9,273.5,23.7,8,10,2024-05-31T05:12:00,2024-05-31T21:09:15,0.79,"Rain, Partially cloudy",Partly cloudy throughout the day with morning rain.,rain,"71608099999,CWWA,71211099999,71784099999,71892099999,71042099999,71201099999,F1856"
vancouver,2024-06-01,15.5,11.8,13.7,15.5,11.8,13.7,11.3,85.7,1.279,100,50,rain,0,0,29.5,9.7,97.7,1013.8,96.6,19.7,83.8,7.2,4,10,2024-06-01T05:11:19,2024-06-01T21:10:13,0.83,"Rain, Overcast",Cloudy skies throughout the day with a chance of rain throughout the day.,rain,"71608099999,CWWA,71784099999,71892099999,71042099999,71201099999,F1856"
vancouver,2024-06-02,13.5,11.5,12.7,13.5,11.5,12.7,11.7,93.7,22.348,100,62.5,rain,0,0,41.8,14.2,96.3,1005.9,99.4,16,41.4,3.6,2,10,2024-06-02T05:10:40,2024-06-02T21:11:09,0.87,"Rain, Overcast",Cloudy skies throughout the day with rain.,rain,"71608099999,CWWA,71784099999,71892099999,71042099999,71201099999,F1856"
vancouver,2024-06-03,15.9,11.1,13.2,15.9,11.1,13.2,8.9,76.7,11.259,100,37.5,rain,0,0,43.2,15.3,181.2,1004.2,86,29.2,192,16.5,7,10,2024-06-03T05:10:05,2024-06-03T21:12:04,0.9,"Rain, Partially cloudy",Partly cloudy throughout the day with a chance of rain throughout the day.,rain,"CWWA,71211099999,CWEL,71892099999,CWMM,71608099999,71784099999,CWSK,CWEZ,CWWK,71042099999,71201099999,F1856"
vancouver,2024-06-04,16.5,10.1,13,16.5,10.1,13,8.2,74.4,9.048,100,45.83,rain,0,0,57.2,17.2,155,1011,65.5,26,177.8,15.4,9,10,2024-06-04T05:09:32,2024-06-04T21:12:56,0.94,"Rain, Partially cloudy",Partly cloudy throughout the day with a chance of rain throughout the day.,rain,"71608099999,CWWA,71211099999,71775099999,71784099999,71892099999,CWMM,71042099999,71201099999,F1856"
vancouver,2024-06-05,18,10,13.5,18,9.4,13.5,7.1,66.8,0,0,0,rain,0,0,23,11.1,186,1022.5,45.1,41.1,270.4,23.4,8,10,2024-06-05T05:09:01,2024-06-05T21:13:47,0.97,Partially cloudy,Partly cloudy throughout the day.,partly-cloudy-day,"71608099999,CWWA,71211099999,71784099999,71892099999,71042099999,71201099999,F1856"
vancouver,2024-06-06,19.1,10.2,14.4,19.1,10.2,14.4,8.5,68.2,0,0,0,,0,0,32.8,13.3,263,1020.3,47.6,30.5,255,21.9,9,10,2024-06-06T05:08:34,2024-06-06T21:14:35,0,Partially cloudy,Partly cloudy throughout the day.,partly-cloudy-day,"71608099999,CWWA,71784099999,71892099999,71042099999,71201099999,F1856"
vancouver,2024-06-07,22.1,9.6,16.1,22.1,9.6,16.1,8.8,64.2,0,0,0,,0,0,40.7,16.5,289,1016.3,17.2,29.5,297.5,25.7,9,10,2024-06-07T05:08:09,2024-06-07T21:15:21,0.04,Clear,Clear conditions throughout the day.,clear-day,"71608099999,CWWA,71211099999,71784099999,71892099999,71042099999,71201099999,F1856"
vancouver,2024-06-08,24.6,12.3,18,24.6,12.3,18,8.9,57.3,0,0,0,,0,0,24.5,8.7,282.1,1012.3,54.3,28.4,294.9,25.4,8,10,2024-06-08T05:07:46,2024-06-08T21:16:05,0.07,Partially cloudy,Partly cloudy throughout the day.,partly-cloudy-day,"71608099999,CWWA,71784099999,71892099999,71042099999,71201099999,F1856"
vancouver,2024-06-09,22.9,13.6,18,22.9,13.6,18,10.6,63.1,0,0,0,,0,0,33.1,12.3,125.1,1014.6,41.8,29.5,273.6,23.6,8,10,2024-06-09T05:07:27,2024-06-09T21:16:46,0.11,Partially cloudy,Partly cloudy throughout the day.,partly-cloudy-day,"71608099999,CWWA,71784099999,71892099999,71042099999,71201099999,F1856"
vancouver,2024-06-10,20.4,11.5,15.7,20.4,11.5,15.7,10.2,70.7,0.236,100,8.33,rain,0,0,27,14.5,121.1,1018.7,57.4,40.6,275.8,23.9,10,10,2024-06-10T05:07:10,2024-06-10T21:17:26,0.14,"Rain, Partially cloudy",Partly cloudy throughout the day with rain clearing later.,rain,"71608099999,CWWA,71784099999,71892099999,71042099999,71201099999,F1856"
vancouver,2024-06-11,18.7,12.9,15.2,18.7,12.9,15.2,9.5,70.5,1.376,100,29.17,rain,0,0,47.5,19,190,1016,61.9,37.1,209.6,18.2,10,10,2024-06-11T05:06:56,2024-06-11T21:18:02,0.17,"Rain, Partially cloudy",Partly cloudy throughout the day with rain clearing later.,rain,"71608099999,CWWA,71784099999,71892099999,71042099999,71201099999,F1856"
vancouver,2024-06-12,17.8,11.5,14.2,17.8,11.5,14.2,7.8,66.5,0.14,100,20.83,rain,0,0,26.6,11.6,231.4,1022.8,39.3,40.4,216.3,18.7,9,10,2024-06-12T05:06:45,2024-06-12T21:18:37,0.2,"Rain, Partially cloudy",Partly cloudy throughout the day with rain clearing later.,rain,"71608099999,CWWA,71784099999,71892099999,71042099999,71201099999,F1856"
vancouver,2024-06-13,20,10.5,15.5,20,10.5,15.5,7,59.1,0,0,0,,0,0,25.9,8.7,185.7,1018.3,30.1,31.3,294.7,25.5,9,10,2024-06-13T05:06:37,2024-06-13T21:19:09,0.25,Partially cloudy,Partly cloudy throughout the day.,partly-cloudy-day,"71608099999,CWWA,71784099999,71892099999,71042099999,71201099999,F1856"
vancouver,2024-06-14,15.5,11.7,13.7,15.5,11.7,13.7,8.4,70.7,1.187,100,37.5,rain,0,0,35.3,13.8,142.7,1018.5,56.4,27.9,170.3,14.8,9,10,2024-06-14T05:06:31,2024-06-14T21:19:38,0.27,"Rain, Partially cloudy",Partly cloudy throughout the day with a chance of rain throughout the day.,rain,"71608099999,CWWA,71784099999,71892099999,71042099999,71201099999,F1856"
vancouver,2024-06-15,15.7,11,13.2,15.7,11,13.2,7.7,70.7,0.1,100,16.67,rain,0,0,27.7,11.6,264.1,1016.5,75.3,26.6,219.8,19.1,9,10,2024-06-15T05:06:28,2024-06-15T21:20:05,0.3,"Rain, Partially cloudy",Partly cloudy throughout the day with rain.,rain,"71608099999,CWWA,71784099999,71892099999,71042099999,71201099999,F1856"
vancouver,2024-06-16,14.2,10.2,11.9,14.2,10.2,11.9,8.9,82.1,3.077,100,54.17,rain,0,0,22,11.8,86.1,1017.4,97,19.5,117.8,10.2,7,10,2024-06-16T05:06:28,2024-06-16T21:20:29,0.33,"Rain, Overcast",Cloudy skies throughout the day with a chance of rain throughout the day.,rain,"71608099999,CWWA,71784099999,71892099999,71042099999,71201099999,F1856"
vancouver,2024-06-17,16.6,11.9,13.6,16.6,11.9,13.6,10.2,80.4,0.079,100,12.5,rain,0,0,22.7,8.5,106.7,1015.9,92.9,31.7,112.1,9.8,7,10,2024-06-17T05:06:30,2024-06-17T21:20:51,0.36,"Rain, Overcast",Cloudy skies throughout the day with morning rain.,rain,"71608099999,CWWA,71211099999,71784099999,71892099999,71042099999,71201099999,F1856"
vancouver,2024-06-18,18.5,12.4,15.1,18.5,12.4,15.1,9.5,69.8,0,0,0,rain,0,0,24.8,10.9,129.1,1017.6,58.3,39.8,213.4,18.4,9,10,2024-06-18T05:06:36,2024-06-18T21:21:10,0.4,Partially cloudy,Partly cloudy throughout the day.,partly-cloudy-day,"71608099999,CWWA,71784099999,71892099999,71042099999,71201099999,F1856"
vancouver,2024-06-19,22.4,11.5,16.8,22.4,11.5,16.8,10.3,67.2,0,0,0,,0,0,22.7,8.9,277.1,1016.4,12.3,39.2,293.7,25.4,9,10,2024-06-19T05:06:44,2024-06-19T21:21:26,0.43,Clear,Clear conditions throughout the day.,clear-day,"71608099999,CWWA,71211099999,71784099999,71892099999,71042099999,71201099999,F1856"
vancouver,2024-06-20,24.5,12.5,18.6,24.5,12.5,18.6,10.8,61.6,0,0,0,,0,0,21.2,11,282.4,1016,18.3,30.5,293.9,25.5,9,10,2024-06-20T05:06:55,2024-06-20T21:21:40,0.46,Clear,Clear conditions throughout the day.,clear-day,"71608099999,CWWA,71784099999,71892099999,71042099999,71201099999,F1856"
vancouver,2024-06-21,26.1,13.6,20.3,26.1,13.6,20.3,10.4,54.6,0,0,0,,0,0,20.5,8.5,274.6,1013.7,51.7,28.5,283.2,24.5,9,10,2024-06-21T05:07:08,2024-06-21T21:21:51,0.5,Partially cloudy,Becoming cloudy in the afternoon.,partly-cloudy-day,"71608099999,CWWA,71784099999,71892099999,71042099999,71201099999,F1856"
vancouver,2024-06-22,20.7,16.2,18.1,20.7,16.2,18.1,10.7,62.7,0.5,100,8.33,rain,0,0,33.1,13.8,94.2,1011.8,69.6,27.6,105.3,9,3,10,2024-06-22T05:07:24,2024-06-22T21:21:59,0.53,"Rain, Partially cloudy",Partly cloudy throughout the day with afternoon rain.,rain,"71608099999,CWWA,71784099999,71892099999,71042099999,71201099999,F1856"
vancouver,2024-06-23,18.4,13.6,16.1,18.4,13.6,16.1,9.5,65.5,0,0,0,rain,0,0,35.3,13.8,251.8,1015,66.3,29.5,177.9,15.2,6,10,2024-06-23T05:07:43,2024-06-23T21:22:04,0.56,Partially cloudy,Partly cloudy throughout the day.,partly-cloudy-day,"71608099999,CWWA,71784099999,71892099999,71042099999,71201099999,F1856"
vancouver,2024-06-24,19.5,12.9,15.8,19.5,12.9,15.8,10.3,70.5,0,0,0,rain,0,0,21.6,16.6,220.1,1018.5,37.5,39.8,250.7,21.7,10,10,2024-06-24T05:08:04,2024-06-24T21:22:06,0.6,Partially cloudy,Partly cloudy throughout the day.,partly-cloudy-day,"71608099999,CWWA,71211099999,71784099999,KORS,71892099999,71042099999,71207099999,71201099999,71108099999,F1856"
vancouver,2024-06-25,22.8,11.1,17,22.8,11.1,17,12.7,76.7,0,0,0,,0,0,20.9,22.1,300.3,1015,21.8,36.2,262.6,22.7,9,10,2024-06-25T05:08:28,2024-06-25T21:22:06,0.63,Partially cloudy,Partly cloudy throughout the day.,partly-cloudy-day,"71608099999,71211099999,71784099999,KORS,71892099999,71207099999,71042099999,71201099999,71108099999,F1856"
vancouver,2024-06-26,19,13.5,15.5,19,13.5,15.5,13.1,86.1,1.622,100,41.67,rain,0,0,32,11,108.8,1012.3,83.8,27.9,78.4,6.5,4,10,2024-06-26T05:08:54,2024-06-26T21:22:03,0.67,"Rain, Partially cloudy",Partly cloudy throughout the day with rain.,rain,"71608099999,71211099999,CWWA,71784099999,KORS,71892099999,71042099999,71201099999,71108099999,F1856"
vancouver,2024-06-27,15.1,12.9,14.1,15.1,12.9,14.1,12.7,91.4,9.705,100,54.17,rain,0,0,27,8.7,315.9,1015.2,99.5,20.6,79,6.7,3,10,2024-06-27T05:09:23,2024-06-27T21:21:57,0.71,"Rain, Overcast",Cloudy skies throughout the day with a chance of rain throughout the day.,rain,"71608099999,CWWA,71784099999,71892099999,71042099999,71201099999,F1856"
vancouver,2024-06-28,19.2,11.7,15.5,19.2,11.7,15.5,11.7,79.2,1.328,100,29.17,rain,0,0,18.4,10.3,159.4,1017.2,86.9,21.3,205.1,17.8,8,10,2024-06-28T05:09:54,2024-06-28T21:21:48,0.75,"Rain, Partially cloudy",Partly cloudy throughout the day with rain clearing later.,rain,"71608099999,CWWA,71784099999,71892099999,71042099999,71201099999,F1856"
vancouver,2024-06-29,20.9,14.8,17.2,20.9,14.8,17.2,13.4,78.8,0.336,100,20.83,rain,0,0,24.8,7.8,195.3,1017.1,94,25.8,169.2,14.6,6,10,2024-06-29T05:10:28,2024-06-29T21:21:37,0.78,"Rain, Overcast",Cloudy skies throughout the day with rain.,rain,"71608099999,CWWA,71784099999,71892099999,71042099999,71201099999,F1856"
vancouver,2024-06-30,23.2,15.5,18.5,23.2,15.5,18.5,14.6,79.3,0.016,100,16.67,rain,0,0,23.8,11.6,105.5,1018.7,67.3,27.9,222.4,19.1,8,10,2024-06-30T05:11:04,2024-06-30T21:21:23,0.81,"Rain, Partially cloudy",Partly cloudy throughout the day with early morning rain.,rain,"71608099999,CWWA,71784099999,71892099999,71042099999,71201099999,F1856"
vancouver,2024-07-01,21.9,15.4,18.6,21.9,15.4,18.6,13.3,72.6,0.24,100,4.17,rain,0,0,30.6,10.3,215.2,1020.2,49.9,41.1,231.3,20,9,10,2024-07-01T05:11:42,2024-07-01T21:21:05,0.85,"Rain, Partially cloudy",Clearing in the afternoon with morning rain.,rain,"71608099999,CWWA,71211099999,71784099999,71892099999,71042099999,71201099999,F1856"
vancouver,2024-07-02,21,14.5,17.5,21,14.5,17.5,11.4,68.1,0,0,0,rain,0,0,27.7,12.4,154.7,1022.2,45.4,36.6,168.1,14.4,8,10,2024-07-02T05:12:23,2024-07-02T21:20:46,0.89,Partially cloudy,Clearing in the afternoon.,partly-cloudy-day,"71608099999,CWWA,71784099999,71892099999,71042099999,71201099999,F1856"
vancouver,2024-07-03,21,13.3,17.3,21,13.3,17.3,11.9,71.4,0,0,0,,0,0,22.3,10,232.4,1024.8,32.3,39.2,299.1,26,10,10,2024-07-03T05:13:06,2024-07-03T21:20:23,0.92,Partially cloudy,Partly cloudy throughout the day.,partly-cloudy-day,"71608099999,CWWA,71784099999,71892099999,71042099999,71201099999,F1856"
vancouver,2024-07-04,22.5,14.4,18.5,22.5,14.4,18.5,13,71.1,0,0,0,,0,0,26.6,10.9,273.3,1024.2,4.9,30.2,285.4,24.7,8,10,2024-07-04T05:13:51,2024-07-04T21:19:57,0.96,Clear,Clear conditions throughout the day.,clear-day,"71608099999,CWWA,71784099999,71892099999,71042099999,71201099999,F1856"
vancouver,2024-07-05,24.9,15,20,24.9,15,20,13.5,67.7,0,0,0,,0,0,46.1,19.6,296.7,1021.2,6.7,28.8,286,24.8,8,10,2024-07-05T05:14:38,2024-07-05T21:19:29,0,Clear,Clear conditions throughout the day.,clear-day,"71608099999,CWWA,71784099999,71892099999,71042099999,71201099999,F1856"
vancouver,2024-07-06,25.5,14.9,20,25.5,14.9,20,13.6,67.9,0,0,0,,0,0,48.2,16.8,291.7,1016.1,1.6,29.2,286.4,24.7,8,10,2024-07-06T05:15:27,2024-07-06T21:18:58,0.03,Clear,Clear conditions throughout the day.,clear-day,"71608099999,CWWA,71784099999,71892099999,71042099999,71201099999,F1856"
vancouver,2024-07-07,28.3,15.3,21.8,28.2,15.3,21.8,13.9,62.7,0,0,0,,0,0,22,8.3,272.7,1014.8,0,29.5,285.9,24.7,8,10,2024-07-07T05:16:18,2024-07-07T21:18:24,0.06,Clear,Clear conditions throughout the day.,clear-day,"71608099999,CWWA,71784099999,71892099999,71042099999,71201099999,F1856"
vancouver,2024-07-08,27,15.8,21.9,27.2,15.8,22,14.3,63.5,0,0,0,,0,0,21.2,8.4,260.5,1013.9,21.1,39.7,278.5,24,9,10,2024-07-08T05:17:11,2024-07-08T21:17:48,0.09,Partially cloudy,Partly cloudy throughout the day.,partly-cloudy-day,"71608099999,CWWA,71211099999,71784099999,71892099999,71042099999,71201099999,F1856"
vancouver,2024-07-09,30.1,17.1,23.3,29.6,17.1,23.3,14.8,61.1,0,0,0,,0,0,18.7,7.4,281.6,1011.5,2.9,40.4,281.5,24.5,8,10,2024-07-09T05:18:06,2024-07-09T21:17:09,0.12,Clear,Clear conditions throughout the day.,clear-day,"71608099999,CWWA,71211099999,71775099999,71784099999,71892099999,71042099999,71201099999,F1856"
vancouver,2024-07-10,27.1,17,22.1,26.7,17,22,12.8,57.4,0,0,0,,0,0,26.6,9.8,113.9,1014.9,5,40.1,282.4,24.3,8,10,2024-07-10T05:19:02,2024-07-10T21:16:27,0.16,Clear,Clear conditions throughout the day.,clear-day,"71608099999,CWWA,71784099999,CWEL,CWEZ,CWWK,71892099999,CWMM,71042099999,71201099999,F1856"
vancouver,2024-07-11,22.8,15,19.2,22.8,15,19.2,14,72.9,0,0,0,,0,0,25.9,28.4,276.2,1019,5.6,30.7,275.9,23.7,8,10,2024-07-11T05:20:01,2024-07-11T21:15:43,0.19,Clear,Clear conditions throughout the day.,clear-day,"71608099999,71211099999,CWWA,71784099999,KORS,71892099999,71207099999,71042099999,71201099999,71108099999,F1856"
vancouver,2024-07-12,23.5,15.3,19.7,23.5,15.3,19.7,14.2,71.5,0,0,0,,0,0,26.3,13,295.1,1017.7,9.4,24.4,276.1,23.8,8,10,2024-07-12T05:21:01,2024-07-12T21:14:56,0.22,Clear,Clear conditions throughout the day.,clear-day,"CWWA,71211099999,CWEL,71892099999,CWMM,71608099999,71784099999,CWSK,CWEZ,CWWK,71042099999,71201099999,F1856"
vancouver,2024-07-13,23.8,16.7,19.9,23.8,16.7,19.9,14.3,71.4,0,0,0,,0,0,31.3,14.5,294.8,1016,13.2,26.3,279.2,24.2,8,10,2024-07-13T05:22:03,2024-07-13T21:14:07,0.25,Clear,Clear conditions throughout the day.,clear-day,"CWWA,71608099999,71211099999,71784099999,CWEL,CWEZ,CWWK,71892099999,CWMM,71042099999,71201099999,F1856"
vancouver,2024-07-14,25.5,16,20.6,25.5,16,20.6,13.9,67.1,0,0,0,,0,0,23.8,13.5,286.8,1016,0,27,280.1,24.3,8,10,2024-07-14T05:23:06,2024-07-14T21:13:15,0.29,Clear,Clear conditions throughout the day.,clear-day,"CWWA,71211099999,CWEL,71892099999,CWMM,71608099999,71784099999,CWSK,CWEZ,CWWK,71042099999,71201099999,F1856"
vancouver,2024-07-15,23.9,15.9,20.1,23.9,15.9,20.1,14.2,69.7,0,0,0,,0,0,28.1,11.4,133.4,1018.1,13.2,37.2,276.5,24,8,10,2024-07-15T05:24:11,2024-07-15T21:12:21,0.32,Clear,Clear conditions throughout the day.,clear-day,"71608099999,CWWA,71211099999,71784099999,71892099999,71042099999,71201099999,F1856"
vancouver,2024-07-16,26,15.9,21.2,26,15.9,21.2,15.4,70.9,0,0,0,,0,0,21.6,8.3,253.6,1015.4,8.4,39.4,269.2,23.2,8,10,2024-07-16T05:25:17,2024-07-16T21:11:24,0.35,Clear,Clear conditions throughout the day.,clear-day,"71608099999,CWWA,71784099999,71892099999,71042099999,71201099999,F1856"
vancouver,2024-07-17,28.1,18.1,23.2,28.4,18.1,23.2,16,65.9,0,0,0,,0,0,21.2,9.7,51.8,1013.9,22.7,39.9,230.8,19.9,8,10,2024-07-17T05:26:25,2024-07-17T21:10:25,0.38,Partially cloudy,Partly cloudy throughout the day.,partly-cloudy-day,"71608099999,CWWA,71784099999,71892099999,71042099999,71201099999,F1856"
vancouver,2024-07-18,26.9,18.7,22.4,27.5,18.7,22.4,15.1,64,0,0,0,,0,0,27.4,14.2,91.1,1017.1,20.8,30.8,263.6,22.6,8,10,2024-07-18T05:27:34,2024-07-18T21:09:23,0.41,Partially cloudy,Partly cloudy throughout the day.,partly-cloudy-day,"71608099999,CWWA,71784099999,71892099999,71042099999,71201099999,F1856"
vancouver,2024-07-19,27.4,18.2,22.1,27.4,18.2,22.1,14.4,62.9,0.158,100,8.33,rain,0,0,27.4,12.2,117.9,1020.8,25.4,29.2,269.8,23.2,8,10,2024-07-19T05:28:44,2024-07-19T21:08:19,0.45,"Rain, Partially cloudy",Partly cloudy throughout the day with rain clearing later.,rain,"71608099999,CWWA,71784099999,71892099999,71042099999,71201099999,F1856"
vancouver,2024-07-20,27.6,16.6,21.7,27.5,16.6,21.7,14.7,66.2,0,0,0,,0,0,19.8,8.3,247.3,1019.5,16.6,29.1,277.1,23.9,8,10,2024-07-20T05:29:55,2024-07-20T21:07:13,0.48,Clear,Clear conditions throughout the day.,clear-day,"71608099999,CWWA,71784099999,71892099999,71042099999,71201099999,F1856"
vancouver,2024-07-21,22.7,17,20.2,22.7,17,20.2,16.2,78,0,0,0,,0,0,33.5,13,266.6,1017.2,42.3,29.5,162.1,13.7,7,10,2024-07-21T05:31:08,2024-07-21T21:06:05,0.5,Partially cloudy,Partly cloudy throughout the day.,partly-cloudy-day,"71608099999,CWWA,71211099999,71784099999,71892099999,71042099999,71201099999,F1856"
vancouver,2024-07-22,21.7,15.7,18.1,21.7,15.7,18.1,13.4,74.8,0.079,100,4.17,rain,0,0,31.3,15,83.3,1018.4,70.1,34,214.6,18.6,8,10,2024-07-22T05:32:21,2024-07-22T21:04:54,0.55,"Rain, Partially cloudy",Partly cloudy throughout the day with late afternoon rain.,rain,"71608099999,CWWA,71784099999,71892099999,71042099999,71201099999,F1856"
vancouver,2024-07-23,21.8,14,17.7,21.8,14,17.7,10.9,65.4,0.158,100,8.33,rain,0,0,25.6,12.7,94.3,1020.8,43.5,38,255.9,22.1,8,10,2024-07-23T05:33:36,2024-07-23T21:03:41,0.58,"Rain, Partially cloudy",Partly cloudy throughout the day with early morning rain.,rain,"71608099999,CWWA,71784099999,CWSK,CWEL,CWEZ,CWWK,71892099999,CWMM,71042099999,71201099999,F1856"
vancouver,2024-07-24,23.5,14.8,18.3,23.5,14.8,18.3,11.7,66.3,0,0,0,,0,0,30.6,13,88,1018.1,47.8,39,198.6,17.1,9,10,2024-07-24T05:34:52,2024-07-24T21:02:26,0.62,Partially cloudy,Partly cloudy throughout the day.,partly-cloudy-day,"71608099999,CWWA,71784099999,71892099999,71042099999,71201099999,F1856"
vancouver,2024-07-25,21.4,15.4,18.2,21.4,15.4,18.2,11.5,66.1,0.083,100,8.33,rain,0,0,38.9,15.7,297.5,1021.4,44.8,30.5,254.1,21.8,8,10,2024-07-25T05:36:08,2024-07-25T21:01:09,0.66,"Rain, Partially cloudy",Partly cloudy throughout the day with morning rain.,rain,"71608099999,CWWA,71784099999,71892099999,71042099999,71201099999,F1856"
vancouver,2024-07-26,21.8,12.6,18,21.8,12.6,18,11.8,68.2,0,0,0,,0,0,26.3,8.9,250.9,1018.1,46.6,28.6,257.8,22.3,9,10,2024-07-26T05:37:26,2024-07-26T20:59:51,0.69,Partially cloudy,Partly cloudy throughout the day.,partly-cloudy-day,"71608099999,CWWA,71784099999,71892099999,71042099999,71201099999,F1856"
vancouver,2024-07-27,22.8,14.8,18.8,22.8,14.8,18.8,13.1,70.7,0,0,0,,0,0,25.6,8.9,209.4,1011.6,54.5,28.6,234.8,20.4,8,10,2024-07-27T05:38:44,2024-07-27T20:58:30,0.75,Partially cloudy,Partly cloudy throughout the day.,partly-cloudy-day,"71608099999,CWWA,71784099999,71892099999,71042099999,71201099999,F1856"
vancouver,2024-07-28,21.3,15.6,18.6,21.3,15.6,18.6,12.9,70.2,0,0,0,rain,0,0,29.5,13.3,108.5,1011.9,65.3,29.9,232.6,20.2,8,10,2024-07-28T05:40:03,2024-07-28T20:57:07,0.76,Partially cloudy,Partly cloudy throughout the day.,partly-cloudy-day,"71608099999,CWWA,71784099999,71892099999,71042099999,71201099999,F1856"
vancouver,2024-07-29,18.2,15.5,16.5,18.2,15.5,16.5,15.5,93.9,22.157,100,83.33,rain,0,0,28.1,10.6,100.2,1011.8,99.5,12.2,44.8,3.9,2,10,2024-07-29T05:41:23,2024-07-29T20:55:42,0.8,"Rain, Overcast",Cloudy skies throughout the day with a chance of rain throughout the day.,rain,"71608099999,CWWA,71784099999,CWEL,CWEZ,CWWK,71892099999,CWMM,71042099999,71201099999,F1856"
vancouver,2024-07-30,19.8,16.4,17.7,19.8,16.4,17.7,16.4,92.4,0.809,100,20.83,rain,0,0,23,9.5,98.6,1015,90.3,23.6,106.2,9,4,10,2024-07-30T05:42:43,2024-07-30T20:54:15,0.83,"Rain, Overcast",Cloudy skies throughout the day with rain in the morning and afternoon.,rain,"71608099999,CWWA,71784099999,71892099999,71042099999,71201099999,F1856"
vancouver,2024-07-31,22.9,17.3,19.3,22.9,17.3,19.3,17.2,88,1.683,100,25,rain,0,0,22,7.9,13,1017.8,69.5,29.3,122.3,10.6,5,10,2024-07-31T05:44:04,2024-07-31T20:52:47,0.87,"Rain, Partially cloudy",Partly cloudy throughout the day with rain clearing later.,rain,"71608099999,CWWA,71211099999,71784099999,71892099999,71042099999,71201099999,F1856"
vancouver,2024-08-01,25.4,15.8,20.5,25.4,15.8,20.5,16.8,80.4,0,0,0,,0,0,37.1,11.1,294.1,1017.6,23.1,30.8,264.7,22.8,8,10,2024-08-01T05:45:26,2024-08-01T20:51:17,0.9,Partially cloudy,Partly cloudy throughout the day.,partly-cloudy-day,"71608099999,CWWA,71211099999,71784099999,71892099999,71042099999,71201099999,F1856"
vancouver,2024-08-02,27,17.4,21.6,27.5,17.4,21.6,16.5,74,0,0,0,,0,0,20.5,7.5,332.6,1018.3,48.8,28.1,189.9,16.4,6,10,2024-08-02T05:46:48,2024-08-02T20:49:45,0.94,Partially cloudy,Partly cloudy throughout the day.,partly-cloudy-day,"CWWA,71211099999,CWEL,71892099999,CWMM,71608099999,71784099999,CWSK,CWEZ,CWWK,71042099999,71201099999,F1856"
vancouver,2024-08-03,25.6,16.5,21.1,25.6,16.5,21.1,14.3,67.2,0,0,0,,0,0,22,11,322.6,1016.6,19.8,28.7,259.5,22.5,8,10,2024-08-03T05:48:10,2024-08-03T20:48:11,0.98,Clear,Clear conditions throughout the day.,clear-day,"71608099999,CWWA,71784099999,71892099999,71042099999,71201099999,F1856"
vancouver,2024-08-04,26.5,16.1,21.2,26.5,16.1,21.2,15.5,71.3,0,0,0,,0,0,24.5,9.9,330.1,1013.5,20.2,29.6,256.4,22.1,8,10,2024-08-04T05:49:33,2024-08-04T20:46:36,0,Partially cloudy,Partly cloudy throughout the day.,partly-cloudy-day,"71608099999,CWWA,71784099999,71892099999,71042099999,71201099999,F1856"
vancouver,2024-08-05,25.6,16.8,21,25.6,16.8,21,15,70,0,0,0,,0,0,25.2,8.7,23.2,1014.8,13.1,40.6,253.5,22,8,10,2024-08-05T05:50:57,2024-08-05T20:44:59,0.04,Clear,Clear conditions throughout the day.,clear-day,"71608099999,CWWA,71784099999,71892099999,71042099999,71201099999,F1856"
vancouver,2024-08-06,21.9,15.8,18.5,21.9,15.8,18.5,13.6,73.6,0,0,0,,0,0,31.3,10.1,38.2,1019.8,29.2,37.7,239.9,20.6,8,10,2024-08-06T05:52:21,2024-08-06T20:43:21,0.08,Partially cloudy,Partly cloudy throughout the day.,partly-cloudy-day,"71608099999,CWWA,71211099999,71784099999,71892099999,71042099999,71201099999,F1856"
vancouver,2024-08-07,23.1,14.8,19.1,23.1,14.8,19.1,15.2,78.8,0,0,0,,0,0,22.7,8.7,344.6,1020.3,24.6,39.7,238.4,20.7,8,10,2024-08-07T05:53:45,2024-08-07T20:41:41,0.11,Partially cloudy,Partly cloudy throughout the day.,partly-cloudy-day,"71608099999,CWWA,71784099999,71892099999,71042099999,71201099999,F1856"
vancouver,2024-08-08,25.4,15.8,20.8,25.4,15.8,20.8,16.7,78.3,0,0,0,,0,0,16.9,7.9,333.2,1015.1,25.7,30.5,227.8,19.6,7,10,2024-08-08T05:55:09,2024-08-08T20:40:00,0.14,Partially cloudy,Partly cloudy throughout the day.,partly-cloudy-day,"71608099999,CWWA,71784099999,71892099999,71042099999,71201099999,F1856"
vancouver,2024-08-09,27.6,17.2,22,28,17.2,22,16.6,72.9,0,0,0,,0,0,18,8.9,307.9,1013.8,28.9,28.3,232.1,20,7,30,2024-08-09T05:56:34,2024-08-09T20:38:17,0.17,Partially cloudy,Partly cloudy throughout the day.,partly-cloudy-day,"71608099999,CWWA,71784099999,71892099999,71042099999,71201099999,F1856"
vancouver,2024-08-10,24.9,17,21.2,24.9,17,21.2,16,73,0,0,0,,0,0,22,10.6,345.6,1015.1,26.3,28.3,229.6,19.7,7,10,2024-08-10T05:57:59,2024-08-10T20:36:33,0.21,Partially cloudy,Partly cloudy throughout the day.,partly-cloudy-day,"71608099999,CWWA,71784099999,71892099999,71042099999,71201099999,F1856"
vancouver,2024-08-11,21.9,17.5,19.6,21.9,17.5,19.6,15,75.1,0.049,100,8.33,rain,0,0,31.7,13,87.4,1015.4,52.4,27.6,227.5,19.7,7,10,2024-08-11T05:59:24,2024-08-11T20:34:48,0.24,"Rain, Partially cloudy",Partly cloudy throughout the day with early morning rain.,rain,"71608099999,CWWA,71784099999,CWSK,CWEL,CWEZ,CWWK,71892099999,CWMM,71042099999,71201099999,F1856"
vancouver,2024-08-12,18.8,16.4,17.5,18.8,16.4,17.5,13.3,76.9,0,0,0,rain,0,0,28.4,10.4,88.8,1014.2,86,24.9,87,7.5,3,10,2024-08-12T06:00:50,2024-08-12T20:33:01,0.25,Partially cloudy,Partly cloudy throughout the day.,partly-cloudy-day,"CWWA,71211099999,CWEL,71892099999,CWMM,CYVR,71608099999,CWSK,71784099999,CWEZ,CWWK,71042099999,71201099999,F1856"
vancouver,2024-08-13,20.5,17.5,18.5,20.5,17.5,18.5,13.7,73.8,0,0,0,,0,0,23,9.7,71.3,1016.2,94.3,38.2,117.3,10.1,5,10,2024-08-13T06:02:16,2024-08-13T20:31:13,0.3,Overcast,Cloudy skies throughout the day.,cloudy,"71608099999,CWWA,71784099999,71892099999,71042099999,71201099999,F1856"
vancouver,2024-08-14,23.3,15,19.4,23.3,15,19.4,14,71.7,0,0,0,,0,0,20.9,7.9,153.7,1018.7,45.5,35.7,185.5,16.1,7,10,2024-08-14T06:03:41,2024-08-14T20:29:24,0.34,Partially cloudy,Partly cloudy throughout the day.,partly-cloudy-day,"71608099999,CWWA,71211099999,71784099999,71892099999,71042099999,71201099999,F1856"
vancouver,2024-08-15,24.2,16.3,20.1,24.2,16.3,20.1,14.7,72.2,0,0,0,,0,0,27.4,10.8,80.8,1017.6,23.4,30.6,236.6,20.5,7,10,2024-08-15T06:05:07,2024-08-15T20:27:34,0.37,Partially cloudy,Partly cloudy throughout the day.,partly-cloudy-day,"71608099999,CWWA,71784099999,71892099999,71042099999,71201099999,F1856"
vancouver,2024-08-16,20.8,16.5,18.4,20.8,16.5,18.4,12.7,69.6,0,0,0,,0,0,27,10,81.5,1016.1,47.5,27.9,125.8,10.9,5,10,2024-08-16T06:06:34,2024-08-16T20:25:42,0.4,Partially cloudy,Partly cloudy throughout the day.,partly-cloudy-day,"71608099999,CWWA,71784099999,71892099999,71042099999,71201099999,F1856"
vancouver,2024-08-17,24.3,15.1,19.9,24.3,15.1,19.9,15.6,76.7,0,0,0,rain,0,0,37.1,14.4,306.3,1011,35.1,28.3,232.6,20.2,7,10,2024-08-17T06:08:00,2024-08-17T20:23:50,0.44,Partially cloudy,Partly cloudy throughout the day.,partly-cloudy-day,"71608099999,CWWA,71784099999,71892099999,71042099999,71201099999,F1856"
vancouver,2024-08-18,20.9,17,18.5,20.9,17,18.5,15.9,84.8,5.624,100,29.17,rain,0,0,36.6,14.6,87.3,1014,72.4,27.8,74.2,6.2,3,10,2024-08-18T06:09:26,2024-08-18T20:21:56,0.47,"Rain, Partially cloudy",Partly cloudy throughout the day with a chance of rain throughout the day.,rain,"71608099999,CWWA,71784099999,71892099999,71042099999,71201099999,F1856"
vancouver,2024-08-19,21.5,15.3,17.5,21.5,15.3,17.5,13.9,79.8,1.564,100,20.83,rain,0,0,27.7,11.2,46.3,1017.4,66.9,33.9,148.8,12.9,6,10,2024-08-19T06:10:52,2024-08-19T20:20:02,0.5,"Rain, Partially cloudy",Partly cloudy throughout the day with rain.,rain,"CWWA,71772099999,CWEL,71892099999,CWMM,71608099999,71784099999,CWSK,CWEZ,CWWK,71042099999,71201099999,F1856"
vancouver,2024-08-20,19.9,15.7,17.3,19.9,15.7,17.3,14.4,83.6,0.252,100,29.17,rain,0,0,21.2,9,81.7,1018.9,74.5,32.3,128.3,10.9,8,10,2024-08-20T06:12:19,2024-08-20T20:18:06,0.54,"Rain, Partially cloudy",Partly cloudy throughout the day with a chance of rain throughout the day.,rain,"71608099999,CWWA,71211099999,71784099999,71892099999,71042099999,71201099999,F1856"
vancouver,2024-08-21,18.1,15,16.3,18.1,15,16.3,13.6,84.2,0.017,100,8.33,rain,0,0,31,11.8,89.7,1016.5,88.6,34.9,70.7,6,3,10,2024-08-21T06:13:45,2024-08-21T20:16:09,0.57,"Rain, Partially cloudy",Partly cloudy throughout the day with afternoon rain.,rain,"71608099999,CWWA,71211099999,71784099999,71892099999,71042099999,71201099999,F1856"
vancouver,2024-08-22,19.1,13.8,16.8,19.1,13.8,16.8,14.6,87.3,1.744,100,29.17,rain,0,0,24.1,12.4,326.4,1012.4,75.8,29.9,107.8,9.6,3,10,2024-08-22T06:15:12,2024-08-22T20:14:12,0.61,"Rain, Partially cloudy",Partly cloudy throughout the day with a chance of rain throughout the day.,rain,"71608099999,CWWA,71211099999,71784099999,71892099999,71042099999,71201099999,F1856"
vancouver,2024-08-23,16.4,14.3,15.5,16.4,14.3,15.5,14.3,92.2,8.453,100,58.33,rain,0,0,28.1,7.7,78.2,1008.2,94.3,15.5,32.2,2.7,2,10,2024-08-23T06:16:38,2024-08-23T20:12:14,0.64,"Rain, Overcast",Cloudy skies throughout the day with a chance of rain throughout the day.,rain,"71608099999,CWWA,71784099999,71892099999,71042099999,71201099999,F1856"
vancouver,2024-08-24,16.5,13.1,14.6,16.5,13.1,14.6,13.3,92,20.578,100,50,rain,0,0,33.5,13,86.9,1013.4,85.3,16.1,89.2,7.7,5,10,2024-08-24T06:18:05,2024-08-24T20:10:15,0.68,"Rain, Partially cloudy",Partly cloudy throughout the day with a chance of rain throughout the day.,rain,"71608099999,CWWA,71784099999,71892099999,71042099999,71201099999,F1856"
vancouver,2024-08-25,22,14.4,17.1,22,14.4,17.1,13.5,80.6,0.092,100,16.67,rain,0,0,20.2,10.8,99.8,1023.8,67.4,27.8,162.3,14.1,9,10,2024-08-25T06:19:31,2024-08-25T20:08:15,0.71,"Rain, Partially cloudy",Partly cloudy throughout the day with rain.,rain,"71608099999,CWWA,71784099999,71892099999,71042099999,71201099999,F1856"
vancouver,2024-08-26,17.7,14.9,15.9,17.7,14.9,15.9,14.1,89,12.804,100,62.5,rain,0,0,32,10.2,79.1,1021,95.1,25.5,71.8,6,4,10,2024-08-26T06:20:58,2024-08-26T20:06:14,0.75,"Rain, Overcast",Cloudy skies throughout the day with rain.,rain,"71608099999,CWWA,71784099999,71892099999,71042099999,71201099999,F1856"
vancouver,2024-08-27,18.4,13.8,15.9,18.4,13.8,15.9,10.5,71.3,0.197,100,4.17,rain,0,0,48.2,21.9,279.7,1020.3,38,39.1,218.2,18.8,7,10,2024-08-27T06:22:24,2024-08-27T20:04:12,0.78,"Rain, Partially cloudy",Clearing in the afternoon with early morning rain.,rain,"71608099999,CWWA,71784099999,71892099999,71042099999,71201099999,F1856"
vancouver,2024-08-28,18.3,11.3,14.9,18.3,11.3,14.9,11,78.1,0,0,0,,0,0,22.7,9.2,313.2,1025.1,36,39.8,198.5,17.2,7,10,2024-08-28T06:23:51,2024-08-28T20:02:10,0.82,Partially cloudy,Partly cloudy throughout the day.,partly-cloudy-day,"71608099999,CWWA,71784099999,E9431,71892099999,71042099999,71201099999,F1856"
vancouver,2024-08-29,21,12,16.4,21,12,16.4,12.8,80,0,0,0,rain,0,0,20.9,10.5,288.7,1021.5,12.3,31.4,227.7,19.7,7,10,2024-08-29T06:25:17,2024-08-29T20:00:07,0.85,Clear,Clear conditions throughout the day.,clear-day,"71608099999,CWWA,71211099999,71784099999,E9431,71892099999,71042099999,71201099999"
vancouver,2024-08-30,22.5,13.1,17.6,22.5,13.1,17.6,13.9,80,0,0,0,rain,0,0,20.5,11.5,288.1,1019.1,2.8,30.4,227.6,19.6,7,10,2024-08-30T06:26:44,2024-08-30T19:58:04,0.89,Clear,Clear conditions throughout the day.,clear-day,"71608099999,CWWA,71784099999,E9431,71892099999,71042099999,71201099999,F1856"
vancouver,2024-08-31,23.2,14.5,18.5,23.2,14.5,18.5,15,80.9,0,0,0,rain,0,0,18.7,12.7,285.6,1016.9,0.7,32.9,228.2,19.6,7,10,2024-08-31T06:28:10,2024-08-31T19:56:00,0.92,Clear,Clear conditions throughout the day.,clear-day,"71608099999,CWWA,71784099999,71892099999,71042099999,71201099999,F1856"
vancouver,2024-09-01,24.3,14.3,19,24.3,14.3,19,14.3,75.7,0,0,0,rain,0,0,17.3,10,299.7,1012.1,43.8,32,208.5,18.1,7,10,2024-09-01T06:29:37,2024-09-01T19:53:55,0.95,Partially cloudy,Partly cloudy throughout the day.,partly-cloudy-day,"71608099999,CWWA,71784099999,71892099999,71042099999,71201099999,F1856"
vancouver,2024-09-02,21.6,15.8,17.8,21.6,15.8,17.8,14.5,80.9,0,0,0,rain,0,0,28.4,10.5,113.8,1014,71.4,31.4,139.2,12.1,5,10,2024-09-02T06:31:03,2024-09-02T19:51:50,0,Partially cloudy,Partly cloudy throughout the day.,partly-cloudy-day,"71608099999,CWWA,71784099999,71892099999,71042099999,71201099999,F1856"
vancouver,2024-09-03,19.8,15.4,17.2,19.8,15.4,17.2,14.3,83.6,0,0,0,rain,0,0,22.3,9.3,140.8,1021.3,67.4,30.1,99.7,8.6,4,10,2024-09-03T06:32:29,2024-09-03T19:49:45,0.02,Partially cloudy,Partly cloudy throughout the day.,partly-cloudy-day,"71608099999,CWWA,71784099999,71892099999,71042099999,71201099999,F1856"
vancouver,2024-09-04,23.1,13.6,17.9,23.1,13.6,17.9,14.8,83.1,0,0,0,,0,0,16.6,9.5,281.5,1022.3,17.8,31.3,217.3,18.8,7,10,2024-09-04T06:33:56,2024-09-04T19:47:38,0.06,Clear,Clear conditions throughout the day.,clear-day,"71608099999,CWWA,71784099999,71892099999,71042099999,71201099999,F1856"
vancouver,2024-09-05,26.3,14.9,20,26.3,14.9,20,15.1,75.1,0,0,0,rain,0,0,18.4,8.1,285.8,1019.6,12.3,30.4,216.5,18.8,7,10,2024-09-05T06:35:22,2024-09-05T19:45:32,0.09,Clear,Clear conditions throughout the day.,clear-day,"71608099999,CWWA,71784099999,71892099999,71042099999,71201099999,F1856"
vancouver,2024-09-06,24.8,15.4,19.8,24.8,15.4,19.8,14.7,73.4,0,0,0,,0,0,16.6,11,289.2,1016.1,9.6,28.3,200.3,17.3,7,10,2024-09-06T06:36:49,2024-09-06T19:43:25,0.12,Clear,Clear conditions throughout the day.,clear-day,"71608099999,CWWA,71784099999,71892099999,71042099999,71201099999,F1856"
vancouver,2024-09-07,23.9,15.2,18.9,23.9,15.2,18.9,15.1,79,0,0,0,,0,0,18.4,12.5,305.6,1012.3,34.7,27.8,168.9,14.7,6,10,2024-09-07T06:38:15,2024-09-07T19:41:18,0.16,Partially cloudy,Partly cloudy throughout the day.,partly-cloudy-day,"71608099999,CWWA,71211099999,71784099999,71892099999,71042099999,71201099999,F1856"
vancouver,2024-09-08,22.2,16.4,18.9,22.2,16.4,18.9,15.7,82,0,0,0,,0,0,25.6,8.3,216.5,1011,47.9,28.8,169,14.7,6,10,2024-09-08T06:39:42,2024-09-08T19:39:10,0.19,Partially cloudy,Partly cloudy throughout the day.,partly-cloudy-day,"71608099999,CWWA,71784099999,71892099999,71042099999,71201099999,F1856"
vancouver,2024-09-09,20.9,14.7,17,20.9,14.7,17,14.3,84.6,0,0,0,rain,0,0,19.8,7.4,230.5,1014.6,62.4,28.4,80.3,6.8,4,10,2024-09-09T06:41:08,2024-09-09T19:37:02,0.22,Partially cloudy,Partly cloudy throughout the day.,partly-cloudy-day,"71608099999,CWWA,71784099999,71892099999,71042099999,71201099999,F1856"
vancouver,2024-09-10,21.1,12.9,16.7,21.1,12.9,16.7,13.2,80.9,0.024,100,4.17,rain,0,0,23,9.6,114,1011.7,76,31.3,139.8,12,7,10,2024-09-10T06:42:35,2024-09-10T19:34:54,0.25,"Rain, Partially cloudy",Partly cloudy throughout the day with late afternoon rain.,rain,"71608099999,CWWA,71784099999,71892099999,71042099999,71201099999,F1856"
vancouver,2024-09-11,17.7,13.6,15.4,17.7,13.6,15.4,12.1,81.4,0.533,100,29.17,rain,0,0,22.7,8.2,315,1008.1,83.6,28,65,5.6,3,10,2024-09-11T06:44:01,2024-09-11T19:32:45,0.29,"Rain, Partially cloudy",Partly cloudy throughout the day with rain clearing later.,rain,"71608099999,CWWA,71211099999,71784099999,71892099999,71042099999,71201099999,F1856"
vancouver,2024-09-12,19.8,13.3,16,19.8,13.3,16,12.5,80.9,0,0,0,rain,0,0,23.8,8.8,318.9,1013.1,48.7,29.3,143.3,12.5,6,10,2024-09-12T06:45:28,2024-09-12T19:30:36,0.32,Partially cloudy,Partly cloudy throughout the day.,partly-cloudy-day,"71608099999,CWWA,71784099999,71892099999,71042099999,71201099999,F1856"
vancouver,2024-09-13,15.7,13.1,14.4,15.7,13.1,14.4,12.3,87.6,5.751,100,37.5,rain,0,0,24.8,8.6,96.8,1015.3,86.2,17.8,48.5,4.1,3,10,2024-09-13T06:46:54,2024-09-13T19:28:27,0.36,"Rain, Partially cloudy",Partly cloudy throughout the day with rain.,rain,"CWWA,71211099999,CWEL,71892099999,CWMM,71608099999,71784099999,CWSK,CWEZ,CWWK,71042099999,71201099999,F1856"
vancouver,2024-09-14,17.2,13.5,14.8,17.2,13.5,14.8,13.4,91.4,14.17,100,62.5,rain,0,0,31.3,10.1,108.1,1012.4,79.4,20.8,63.4,5.5,3,10,2024-09-14T06:48:21,2024-09-14T19:26:18,0.39,"Rain, Partially cloudy",Partly cloudy throughout the day with a chance of rain throughout the day.,rain,"71608099999,CWWA,71784099999,71892099999,71042099999,71201099999,F1856"
vancouver,2024-09-15,18,12.8,15,18,12.8,15,12.4,84.6,0.095,100,4.17,rain,0,0,37.1,16.9,297.4,1015,41.6,31,161.9,14,6,10,2024-09-15T06:49:48,2024-09-15T19:24:09,0.42,"Rain, Partially cloudy",Partly cloudy throughout the day with morning rain.,rain,"71608099999,CWWA,71784099999,71892099999,71042099999,71201099999,F1856"
vancouver,2024-09-16,18.4,11.1,14.5,18.4,11.1,14.5,12,85.4,0,0,0,,0,0,22.7,12.3,291.9,1014.3,36.9,40.5,164.9,14.3,6,10,2024-09-16T06:51:14,2024-09-16T19:22:00,0.46,Partially cloudy,Partly cloudy throughout the day.,partly-cloudy-day,"71608099999,CWWA,71784099999,71892099999,71042099999,71201099999,F1856"
vancouver,2024-09-17,16.2,12.6,14.4,16.2,12.6,14.4,12.2,86.8,0,0,0,rain,0,0,26.3,14.8,101.4,1010.8,74.9,36.7,79.1,6.8,3,10,2024-09-17T06:52:41,2024-09-17T19:19:50,0.5,Partially cloudy,Partly cloudy throughout the day.,partly-cloudy-day,"71608099999,CWWA,71784099999,71892099999,71042099999,71201099999,F1856"
vancouver,2024-09-18,18.8,12.6,15.4,18.8,12.6,15.4,12.6,84.4,0,0,0,rain,0,0,26.6,14.3,267.5,1016,47,39,174.1,14.9,6,10,2024-09-18T06:54:08,2024-09-18T19:17:40,0.52,Partially cloudy,Partly cloudy throughout the day.,partly-cloudy-day,"71608099999,CWWA,71784099999,71892099999,71042099999,71201099999,F1856"
vancouver,2024-09-19,18,12.1,14.4,18,12.1,14.4,11.5,83.8,0,0,0,rain,0,0,25.9,7.2,286.6,1016,61.1,27.7,139,12.1,6,10,2024-09-19T06:55:35,2024-09-19T19:15:31,0.56,Partially cloudy,Partly cloudy throughout the day.,partly-cloudy-day,"71608099999,CWWA,71784099999,71892099999,71042099999,71201099999,F1856"
vancouver,2024-09-20,17.5,12.1,14.2,17.5,12.1,14.2,10.2,77.5,0,0,0,,0,0,50,22.1,327.9,1019.4,49,28.3,144.5,12.4,5,10,2024-09-20T06:57:02,2024-09-20T19:13:21,0.59,Partially cloudy,Partly cloudy throughout the day.,partly-cloudy-day,"71608099999,CWWA,71784099999,71892099999,71042099999,71201099999,F1856"
vancouver,2024-09-21,17.9,11.4,14.2,17.9,11.4,14.2,10.3,78.1,0,0,0,,0,0,20.2,7.5,19.9,1022.8,56,27.3,153,13.2,5,10,2024-09-21T06:58:30,2024-09-21T19:11:12,0.63,Partially cloudy,Partly cloudy throughout the day.,partly-cloudy-day,"71608099999,CWWA,71784099999,71892099999,71042099999,71201099999,F1856"
vancouver,2024-09-22,16.9,13.2,14.4,16.9,13.2,14.4,11.9,85.7,0.275,100,12.5,rain,0,0,17.6,12.9,93.2,1019.4,93.7,27.9,53.9,4.7,3,10,2024-09-22T06:59:57,2024-09-22T19:09:02,0.66,"Rain, Overcast",Cloudy skies throughout the day with rain.,rain,"71608099999,CWWA,71784099999,71892099999,71042099999,71201099999,F1856"
vancouver,2024-09-23,17.5,13.9,15.3,17.5,13.9,15.3,14.5,95.1,2.763,100,50,rain,0,0,15.5,12,83.4,1020,93.2,19.8,40.5,3.5,2,10,2024-09-23T07:01:25,2024-09-23T19:06:53,0.69,"Rain, Overcast",Cloudy skies throughout the day with a chance of rain throughout the day.,rain,"71608099999,CWWA,71784099999,71892099999,71042099999,71201099999,F1856"
vancouver,2024-09-24,19.2,13.9,16.8,19.2,13.9,16.8,15.1,89.9,0.017,100,8.33,rain,0,0,18.4,7.6,301.5,1010.5,66,38.2,113.3,10,6,10,2024-09-24T07:02:52,2024-09-24T19:04:44,0.75,"Rain, Partially cloudy",Partly cloudy throughout the day with late afternoon rain.,rain,"71608099999,CWWA,71784099999,CWSK,CWEL,CWEZ,CWWK,71892099999,CWMM,71042099999,71201099999,F1856"
vancouver,2024-09-25,16.4,13.4,14.9,16.4,13.4,14.9,14,94.5,24.925,100,79.17,rain,0,0,31,13.9,343.4,1004.6,92.4,19.8,27.3,2.3,1,10,2024-09-25T07:04:20,2024-09-25T19:02:35,0.76,"Rain, Overcast",Cloudy skies throughout the day with a chance of rain throughout the day.,rain,"71608099999,CWWA,71784099999,71892099999,71042099999,71201099999,F1856"
vancouver,2024-09-26,13.5,11.1,12.3,13.5,11.1,12.3,10.7,89.6,2.387,100,37.5,rain,0,0,43.6,18.4,89.2,1013.6,88.7,24.9,41.7,3.5,2,10,2024-09-26T07:05:48,2024-09-26T19:00:26,0.8,"Rain, Partially cloudy",Partly cloudy throughout the day with rain.,rain,"71608099999,CWWA,71784099999,71892099999,71042099999,71201099999,F1856"
vancouver,2024-09-27,18.4,11.8,14.7,18.4,11.8,14.7,10.9,79.4,0.521,100,8.33,rain,0,0,51.8,19.6,139,1019.3,48.4,26.6,156.5,13.4,6,10,2024-09-27T07:07:17,2024-09-27T18:58:17,0.83,"Rain, Partially cloudy",Partly cloudy throughout the day with early morning rain.,rain,"71608099999,CWWA,71211099999,71775099999,71784099999,71892099999,71042099999,71201099999,F1856"
vancouver,2024-09-28,14.7,9.4,12,14.7,7.6,11.8,9.5,85,0,0,0,,0,0,40.7,15.8,312.5,1014.6,73,25.8,84.1,7.2,3,10,2024-09-28T07:08:45,2024-09-28T18:56:09,0.86,Partially cloudy,Partly cloudy throughout the day.,partly-cloudy-day,"CWWA,71211099999,CWEL,71892099999,CWMM,71608099999,71784099999,CWSK,CWEZ,CWWK,71042099999,71201099999,F1856"
vancouver,2024-09-29,15.4,9.9,12.6,15.4,9.9,12.6,7.4,71.6,0,0,0,rain,0,0,38.5,16.7,265.4,1022.7,28.4,29.2,167,14.4,6,10,2024-09-29T07:10:14,2024-09-29T18:54:01,0.9,Partially cloudy,Partly cloudy throughout the day.,partly-cloudy-day,"71608099999,CWWA,71211099999,71784099999,71892099999,71042099999,71201099999,F1856"
vancouver,2024-09-30,14.6,7.2,11.5,14.6,6.7,11.4,6.9,74,0,0,0,,0,0,35.3,8.1,350.5,1029.7,57.1,31.3,106.2,9,5,10,2024-09-30T07:11:43,2024-09-30T18:51:53,0.93,Partially cloudy,Partly cloudy throughout the day.,partly-cloudy-day,"71608099999,CWWA,71211099999,71784099999,71892099999,71042099999,71201099999,F1856"
vancouver,2024-10-01,13,9.9,11.7,13,9.9,11.7,8.5,80.7,0.362,100,20.83,rain,0,0,14,8.3,49.3,1021.5,81.1,33.5,35.9,3.1,2,10,2024-10-01T07:13:12,2024-10-01T18:49:45,0.97,"Rain, Partially cloudy",Partly cloudy throughout the day with afternoon rain.,rain,"71608099999,CWWA,71784099999,71892099999,71042099999,71201099999,F1856"
vancouver,2024-10-02,16.3,9.9,12.4,16.3,9.6,12.3,8.3,77.8,0,0,0,rain,0,0,18.7,8.4,261.7,1025,30.7,33.3,131,11.4,6,10,2024-10-02T07:14:41,2024-10-02T18:47:38,0,Partially cloudy,Partly cloudy throughout the day.,partly-cloudy-day,"71608099999,CWWA,71211099999,71784099999,71892099999,71042099999,71201099999,F1856"
vancouver,2024-10-03,13.5,6.7,10.8,13.5,6.7,10.8,7.5,80.5,0,0,0,,0,0,44.3,7.8,313.8,1017.9,69.2,30.3,102.1,8.7,4,10,2024-10-03T07:16:11,2024-10-03T18:45:31,0.03,Partially cloudy,Partly cloudy throughout the day.,partly-cloudy-day,"71608099999,CWWA,71211099999,71784099999,71892099999,71042099999,71201099999,F1856"
vancouver,2024-10-04,14.9,10.7,12.3,14.9,10.7,12.3,10.1,87,12.901,100,54.17,rain,0,0,37.8,13.8,98.9,1010.8,72.5,23.1,61.3,5.3,4,10,2024-10-04T07:17:41,2024-10-04T18:43:25,0.07,"Rain, Partially cloudy",Partly cloudy throughout the day with a chance of rain throughout the day.,rain,"71608099999,CWWA,71211099999,71784099999,71892099999,71042099999,71201099999,F1856"
vancouver,2024-10-05,15.8,10.4,12.7,15.8,10.4,12.7,10.2,85.3,0,0,0,,0,0,14.4,9.1,28.9,1024.1,72.7,27.1,82.8,7.2,5,10,2024-10-05T07:19:11,2024-10-05T18:41:19,0.1,Partially cloudy,Partly cloudy throughout the day.,partly-cloudy-day,"71608099999,CWWA,71784099999,71892099999,71042099999,71201099999,F1856"
vancouver,2024-10-06,17.1,11,13.4,17.1,11,13.4,9.7,78.4,0,0,0,rain,0,0,19.8,8,311,1020.9,59.2,28.8,105,9,5,10,2024-10-06T07:20:41,2024-10-06T18:39:14,0.14,Partially cloudy,Partly cloudy throughout the day.,partly-cloudy-day,"71608099999,CWWA,71784099999,71892099999,71042099999,71201099999,F1856"
vancouver,2024-10-07,18.2,11.4,14.4,18.2,11.4,14.4,10.4,77.3,0,0,0,,0,0,17.3,8.4,40.4,1016.1,54.7,38.4,105.4,9.1,5,10,2024-10-07T07:22:12,2024-10-07T18:37:09,0.17,Partially cloudy,Partly cloudy throughout the day.,partly-cloudy-day,"71608099999,CWWA,71784099999,71892099999,71042099999,71201099999,F1856"
vancouver,2024-10-08,14.7,13.4,14.1,14.7,13.4,14.1,12.6,91.2,1.594,100,41.67,rain,0,0,34.6,11.2,92.1,1012.8,95.1,26.4,26.9,2.1,1,10,2024-10-08T07:23:43,2024-10-08T18:35:05,0.2,"Rain, Overcast",Cloudy skies throughout the day with a chance of rain throughout the day.,rain,"71608099999,CWWA,71784099999,71892099999,71042099999,71201099999,F1856"
vancouver,2024-10-09,14.8,9.9,12.8,14.8,9.3,12.7,10.6,87.2,5.366,100,20.83,rain,0,0,33.5,10.4,92.4,1018.1,77.3,26.4,93.5,8,5,10,2024-10-09T07:25:14,2024-10-09T18:33:01,0.24,"Rain, Partially cloudy",Partly cloudy throughout the day with rain.,rain,"71608099999,CWWA,71784099999,71892099999,71042099999,71201099999,F1856"
vancouver,2024-10-10,13.2,8.2,10.5,13.2,7.4,10.3,7.9,84.1,0,0,0,,0,0,20.2,14.6,307.5,1023.2,50.5,30.2,125.9,11,5,10,2024-10-10T07:26:45,2024-10-10T18:30:59,0.25,Partially cloudy,Partly cloudy throughout the day.,partly-cloudy-day,"71608099999,CWWA,71784099999,71892099999,71042099999,71201099999,F1856"
vancouver,2024-10-11,14.9,6.6,10.4,14.9,6.2,10.2,7.4,82.4,0,0,0,,0,0,21.2,9.3,322,1018.1,61.1,27.7,89.5,7.9,5,10,2024-10-11T07:28:17,2024-10-11T18:28:56,0.31,Partially cloudy,Partly cloudy throughout the day.,partly-cloudy-day,"71608099999,CWWA,71784099999,71892099999,71042099999,71201099999,F1856"
vancouver,2024-10-12,16.8,8.7,12.5,16.8,8.1,12.5,8.9,79.7,0,0,0,,0,0,57.2,8.9,322.2,1018.7,21.3,27.3,133,11.6,5,10,2024-10-12T07:29:49,2024-10-12T18:26:55,0.34,Partially cloudy,Partly cloudy throughout the day.,partly-cloudy-day,"71608099999,CWWA,71211099999,71784099999,71892099999,71042099999,71201099999,F1856"
vancouver,2024-10-13,18.2,11,13.7,18.2,11,13.7,9.8,77.7,0,0,0,,0,0,11.5,7.4,61.5,1019.4,49.1,28.8,104.8,9,5,10,2024-10-13T07:31:22,2024-10-13T18:24:54,0.37,Partially cloudy,Partly cloudy throughout the day.,partly-cloudy-day,"71608099999,CWWA,71784099999,71892099999,71042099999,71201099999,F1856"
vancouver,2024-10-14,15.4,13.2,14,15.4,13.2,14,12.5,90.9,15.012,100,45.83,rain,0,0,31,11.4,90.8,1016.9,93.9,25.3,36.9,3.1,3,10,2024-10-14T07:32:54,2024-10-14T18:22:54,0.41,"Rain, Overcast",Cloudy skies throughout the day with rain in the morning and afternoon.,rain,"71608099999,CWWA,71784099999,71892099999,71042099999,71201099999,F1856"
vancouver,2024-10-15,14.8,11.7,12.7,14.8,11.7,12.7,11.1,90.5,0,0,0,rain,0,0,19.1,7.3,60.5,1017.9,98.7,35,42.2,3.7,2,10,2024-10-15T07:34:27,2024-10-15T18:20:55,0.44,Overcast,Cloudy skies throughout the day.,cloudy,"71608099999,CWWA,71211099999,71784099999,71892099999,71042099999,71201099999,F1856"
vancouver,2024-10-16,14.4,9,11.4,14.4,8.2,11.2,8,81.7,4.497,100,45.83,rain,0,0,34.6,12.4,140.8,1013.2,68.9,31.6,124.4,10.7,5,10,2024-10-16T07:36:01,2024-10-16T18:18:56,0.48,"Rain, Partially cloudy",Partly cloudy throughout the day with a chance of rain throughout the day.,rain,"71608099999,CWWA,71784099999,71892099999,71042099999,71201099999,F1856"
vancouver,2024-10-17,11.7,7.6,9.4,11.7,6.9,9.2,6.7,83.7,0.477,100,4.17,rain,0,0,29.2,12.6,293.5,1017.1,59.8,30.3,97,8.3,5,10,2024-10-17T07:37:34,2024-10-17T18:16:59,0.5,"Rain, Partially cloudy",Clearing in the afternoon with early morning rain.,rain,"71608099999,CWWA,71211099999,71784099999,71892099999,71042099999,71201099999,F1856"
vancouver,2024-10-18,10,8.5,9.1,10,5.9,7.4,7.5,89.6,34.516,100,62.5,rain,0,0,45.4,19.1,88.4,1020.3,99.6,13,8.3,0.6,0,10,2024-10-18T07:39:08,2024-10-18T18:15:02,0.54,"Rain, Overcast",Cloudy skies throughout the day with rain.,rain,"71608099999,CWWA,71784099999,71892099999,71042099999,71201099999,F1856"
vancouver,2024-10-19,14.3,9.2,12.3,14.3,7.7,12,11.8,97,111.367,100,100,rain,0,0,54,19.4,110.6,1016.1,99.5,9.3,8.8,0.7,0,10,2024-10-19T07:40:43,2024-10-19T18:13:07,0.58,"Rain, Overcast",Cloudy skies throughout the day with a chance of rain throughout the day.,rain,"71608099999,CWWA,71211099999,71784099999,71892099999,71042099999,71201099999,F1856"
vancouver,2024-10-20,13.4,9.9,11.2,13.4,9.9,11.2,10.3,94.2,35.306,100,75,rain,0,0,50,16,327.1,1011.5,89.9,12.3,12.6,1.1,1,10,2024-10-20T07:42:17,2024-10-20T18:11:12,0.61,"Rain, Partially cloudy",Partly cloudy throughout the day with a chance of rain throughout the day.,rain,"71608099999,CWWA,71784099999,71892099999,71042099999,71201099999,F1856"
vancouver,2024-10-21,11.7,8.7,10,11.7,8.6,9.9,8.2,89,0.005,100,4.17,rain,0,0,11.5,6.4,307,1016.7,76.5,34.9,62.9,5.4,3,10,2024-10-21T07:43:52,2024-10-21T18:09:19,0.64,"Rain, Partially cloudy",Partly cloudy throughout the day with morning rain.,rain,"71608099999,CWWA,71784099999,71892099999,71042099999,71201099999,F1856"
vancouver,2024-10-22,12.1,7.5,9.6,12.1,6.6,9.2,8.4,92.3,5.349,100,45.83,rain,0,0,18.7,9.7,27.3,1025.9,68.8,29.1,26.3,2.3,2,10,2024-10-22T07:45:27,2024-10-22T18:07:26,0.68,"Rain, Partially cloudy",Partly cloudy throughout the day with a chance of rain throughout the day.,rain,"71608099999,CWWA,71211099999,71784099999,71892099999,71042099999,71201099999,F1856"
vancouver,2024-10-23,11.7,5,8.4,11.7,5,8.4,6.1,85.8,0,0,0,rain,0,0,23.4,6.8,69.5,1025.4,60,32.2,102.5,8.9,5,10,2024-10-23T07:47:03,2024-10-23T18:05:35,0.71,Partially cloudy,Partly cloudy throughout the day.,partly-cloudy-day,"71608099999,CWWA,71784099999,E9431,71892099999,71042099999,71201099999,F1856"
vancouver,2024-10-24,11.9,6.5,8.6,11.9,5.9,8.4,5.6,81.8,0.04,100,4.17,rain,0,0,17.6,9.3,94,1026,43.6,29.8,109.5,9.4,5,10,2024-10-24T07:48:38,2024-10-24T18:03:45,0.75,"Rain, Partially cloudy",Partly cloudy throughout the day with morning rain.,rain,"71608099999,CWWA,71784099999,E9431,71892099999,71042099999,71201099999,F1856"
vancouver,2024-10-25,10.5,4.4,7.7,10.5,3.2,7.5,4.5,81.2,0,0,0,rain,0,0,34.6,6.5,35.8,1014.5,82,27.8,41.5,3.4,2,10,2024-10-25T07:50:14,2024-10-25T18:01:56,0.78,Partially cloudy,Partly cloudy throughout the day.,partly-cloudy-day,"71608099999,CWWA,71784099999,71892099999,71042099999,71201099999,F1856"
vancouver,2024-10-26,14,10.1,12,14,10.1,12,10.5,90.3,17.841,100,54.17,rain,0,0,72.7,19,93.6,1011.2,91.3,21.2,51.6,4.5,3,10,2024-10-26T07:51:50,2024-10-26T18:00:09,0.81,"Rain, Overcast",Cloudy skies throughout the day with rain.,rain,"71608099999,CWWA,71784099999,CWSK,CWEL,CWEZ,CWWK,71892099999,CWMM,71042099999,71201099999,F1856"
vancouver,2024-10-27,12,9.5,11.2,12,7.6,11.1,9.6,90.4,5.665,100,62.5,rain,0,0,50.8,14.3,120.2,1006.6,86.8,24.1,28,2.4,2,10,2024-10-27T07:53:26,2024-10-27T17:58:22,0.84,"Rain, Partially cloudy",Partly cloudy throughout the day with a chance of rain throughout the day.,rain,"71608099999,CWWA,71211099999,71784099999,71892099999,71042099999,71201099999,F1856"
vancouver,2024-10-28,11.4,9.5,10.2,11.4,8,9.5,8.5,89.6,2.169,100,37.5,rain,0,0,33.5,11.1,122,1011.9,70.1,30.5,59,5,3,10,2024-10-28T07:55:03,2024-10-28T17:56:37,0.88,"Rain, Partially cloudy",Partly cloudy throughout the day with a chance of rain throughout the day.,rain,"71608099999,CWWA,71784099999,71892099999,71042099999,71201099999,F1856"
vancouver,2024-10-29,10.8,7.9,9.5,10.8,6.9,9,7.4,87,0.754,100,12.5,rain,0,0,21.2,9.7,2,1018,66.1,33.4,51.8,4.4,3,10,2024-10-29T07:56:40,2024-10-29T17:54:54,0.91,"Rain, Partially cloudy",Partly cloudy throughout the day with early morning rain.,rain,"71608099999,CWWA,71784099999,71892099999,71042099999,71201099999,F1856"
vancouver,2024-10-30,9.9,7.2,8.7,7.8,4.5,6.7,6.3,85.2,17.626,100,37.5,rain,0,0,44.3,18.9,88.6,1010.1,98.1,24.2,8.1,0.7,0,10,2024-10-30T07:58:16,2024-10-30T17:53:12,0.94,"Rain, Overcast",Cloudy skies throughout the day with rain.,rain,"71608099999,CWWA,71784099999,71892099999,71042099999,71201099999,F1856"
vancouver,2024-10-31,11.3,7.5,8.9,11.3,5.9,7.7,6.5,85.7,2.591,100,41.67,rain,0,0,31.7,11.7,86.7,1010.5,88.6,27.4,41.5,3.7,5,10,2024-10-31T07:59:53,2024-10-31T17:51:31,0.98,"Rain, Partially cloudy",Partly cloudy throughout the day with rain.,rain,"71608099999,CWWA,71784099999,71892099999,71042099999,71201099999,F1856"
vancouver,2024-11-01,8.2,7.4,7.8,7.6,4.8,6.2,6.5,92,12.513,100,91.67,rain,0,0,37.1,14.5,69.4,1003.7,99.1,13.5,19,1.6,1,10,2024-11-01T08:01:31,2024-11-01T17:49:52,0,"Rain, Overcast",Cloudy skies throughout the day with a chance of rain throughout the day.,rain,"71608099999,CWWA,71784099999,71892099999,71042099999,71201099999,F1856"
vancouver,2024-11-02,9,7.2,8.1,8.6,6.3,7.8,6.9,92.3,2.911,100,50,rain,0,0,19.8,8.4,68.2,1008.5,98.5,20.3,40.5,3.7,2,10,2024-11-02T08:03:08,2024-11-02T17:48:15,0.04,"Rain, Overcast",Cloudy skies throughout the day with a chance of rain throughout the day.,rain,"71608099999,CWWA,71211099999,71784099999,71892099999,71042099999,71201099999,F1856"
vancouver,2024-11-03,9.9,7.2,8.7,9.2,5.9,7.7,6.8,88.4,2.048,100,20.83,rain,0,0,33.5,16.5,318,1019.8,92.3,25,34.6,3,2,10,2024-11-03T07:04:45,2024-11-03T16:46:39,0.08,"Rain, Overcast",Cloudy skies throughout the day with rain.,rain,"71608099999,CWWA,71784099999,71892099999,71042099999,71201099999,F1856"
vancouver,2024-11-04,12.8,7.6,9.8,12.8,5.4,8.2,5.2,76.2,35.453,100,58.33,rain,0,0.2,66.9,29.1,299.4,1013.1,63.4,22.7,52,4.8,4,10,2024-11-04T07:06:22,2024-11-04T16:45:05,0.11,"Rain, Partially cloudy",Partly cloudy throughout the day with a chance of rain throughout the day.,rain,"CWWA,71211099999,CWEL,71892099999,CWMM,71608099999,71775099999,71784099999,CWSK,CWEZ,CWWK,71042099999,71201099999,F1856"
vancouver,2024-11-05,10,5.9,7.7,10,2.4,6.7,4,77.9,0,0,0,rain,0,0,53.6,25.2,325.3,1025.8,67.1,37,68,5.9,4,10,2024-11-05T07:07:59,2024-11-05T16:43:32,0.15,Partially cloudy,Partly cloudy throughout the day.,partly-cloudy-day,"71608099999,CWWA,71784099999,71892099999,71042099999,71201099999,F1856"
vancouver,2024-11-06,11.4,6.4,8.9,11.4,6.4,8.8,5.7,80.9,0,0,0,,0,0,13.7,6,78.9,1028.8,83.8,33.8,38.4,3.4,2,10,2024-11-06T07:09:36,2024-11-06T16:42:02,0.18,Partially cloudy,Partly cloudy throughout the day.,partly-cloudy-day,"71608099999,CWWA,71211099999,71784099999,71892099999,71042099999,71201099999,F1856"
vancouver,2024-11-07,12.2,8,10.2,12.2,8,10.2,7.8,85.4,0,0,0,,0,0,13.7,5.8,7.5,1023.6,61.1,30.3,56.9,5.1,3,10,2024-11-07T07:11:13,2024-11-07T16:40:33,0.22,Partially cloudy,Partly cloudy throughout the day.,partly-cloudy-day,"71608099999,CWWA,71784099999,71892099999,71042099999,71201099999,F1856"
vancouver,2024-11-08,12.9,10.3,11.2,12.9,10.3,11.2,9,86.7,7.755,100,25,rain,0,0,26.3,10.7,89.6,1018.2,96.2,24.4,22.1,2,2,10,2024-11-08T07:12:50,2024-11-08T16:39:06,0.25,"Rain, Overcast",Cloudy skies throughout the day with rain.,rain,"71608099999,CWWA,71211099999,71784099999,71892099999,71042099999,71201099999,F1856"
vancouver,2024-11-09,10.3,9.5,9.9,10.3,9.1,9.9,9.5,97.1,19.254,100,79.17,rain,0,0,13.7,10.4,65.9,1014.7,99.9,12.7,6.8,0.4,0,10,2024-11-09T07:14:27,2024-11-09T16:37:41,0.29,"Rain, Overcast",Cloudy skies throughout the day with a chance of rain throughout the day.,rain,"71608099999,CWWA,71784099999,71892099999,71042099999,71201099999,F1856"
vancouver,2024-11-10,11.5,9.9,10.5,11.5,9.3,10.4,9.2,92,4.502,100,25,rain,0,0,36.4,15.3,78.5,1011,98.6,20.1,23.7,1.9,2,10,2024-11-10T07:16:03,2024-11-10T16:36:18,0.32,"Rain, Overcast",Cloudy skies throughout the day with rain.,rain,"71608099999,CWWA,71784099999,71892099999,71042099999,71201099999,F1856"
vancouver,2024-11-11,10.8,8.5,10,10.8,7.1,9.6,8.6,91.1,14.78,100,79.17,rain,0,0,38.2,16.9,108.1,1001.4,94.3,22.6,23.6,1.9,1,10,2024-11-11T07:17:39,2024-11-11T16:34:57,0.36,"Rain, Overcast",Cloudy skies throughout the day with a chance of rain throughout the day.,rain,"71608099999,CWWA,71211099999,71775099999,71784099999,71892099999,CWMM,71042099999,71201099999,F1856"
vancouver,2024-11-12,10.6,7.3,9.2,10.6,6,8,8,92.2,14.989,100,66.67,rain,0,0,43.7,23.3,97.6,1009.2,84.5,26.5,31.8,2.6,2,10,2024-11-12T07:19:15,2024-11-12T16:33:38,0.39,"Rain, Partially cloudy",Partly cloudy throughout the day with a chance of rain throughout the day.,rain,"71608099999,CWWA,71784099999,71892099999,71042099999,71201099999,F1856"
vancouver,2024-11-13,10.6,8.9,9.9,10.6,6.2,8.7,8.7,92.3,18.522,100,87.5,rain,0,0,74.5,19.2,105.6,999.1,97,20.6,18.3,1.5,1,10,2024-11-13T07:20:51,2024-11-13T16:32:21,0.43,"Rain, Overcast",Cloudy skies throughout the day with a chance of rain throughout the day.,rain,"71608099999,CWWA,71784099999,71892099999,71042099999,71201099999,F1856"
vancouver,2024-11-14,10.1,7,8.8,10.1,4.7,7.8,7.1,89,10.018,100,50,rain,0,0,35.3,12.5,314.8,1010.4,73.7,23.9,38,3.5,2,10,2024-11-14T07:22:26,2024-11-14T16:31:06,0.46,"Rain, Partially cloudy",Partly cloudy throughout the day with rain.,rain,"71608099999,CWWA,71784099999,71892099999,71042099999,71201099999,F1856"
vancouver,2024-11-15,8.1,3.9,5.8,6.3,1.3,4.3,3.6,86.2,0,0,0,rain,0,0,33.5,12.3,312.6,1018.5,59.6,26,38.4,3.2,3,10,2024-11-15T07:24:00,2024-11-15T16:29:53,0.5,Partially cloudy,Partly cloudy throughout the day.,partly-cloudy-day,"71608099999,CWWA,71211099999,71784099999,71892099999,71042099999,71201099999,F1856"
vancouver,2024-11-16,6.4,4.7,5.5,4.4,1.3,2.8,4.2,91.3,16.989,100,62.5,rain,0,0,37.8,17.3,80,1011.8,98.7,11,8.4,0.7,0,10,2024-11-16T07:25:34,2024-11-16T16:28:43,0.53,"Rain, Overcast",Cloudy skies throughout the day with rain.,rain,"71608099999,CWWA,71784099999,71892099999,71042099999,71201099999,F1856"
vancouver,2024-11-17,8.4,4,6.3,8.2,3.1,5.7,5,91.2,1.808,100,29.17,rain,0,0,36,12.9,3.4,1000.7,85.1,20.9,26,2.3,1,10,2024-11-17T07:27:08,2024-11-17T16:27:35,0.56,"Rain, Partially cloudy",Partly cloudy throughout the day with rain.,rain,"71608099999,CWWA,71784099999,CWSK,CWEL,CWEZ,CWWK,71892099999,CWMM,71042099999,71201099999,F1856"
vancouver,2024-11-18,6.9,1.9,4.1,6.9,-0.4,3.7,2,86.8,5.139,100,41.67,rain,2.4,0,55.4,8.5,51.6,1010.1,92,17,36.3,3.1,2,10,2024-11-18T07:28:40,2024-11-18T16:26:29,0.6,"Rain, Overcast",Cloudy skies throughout the day with a chance of rain or snow throughout the day.,snow,"CWWA,CWSK,CWEL,CWEZ,CWWK,CWMM,CYVR,F1856"
vancouver,2024-11-19,8.1,1.1,4.3,5.6,-0.6,2.2,0.8,80.4,16.631,100,58.33,"rain,snow",3.4,0.3,81.7,16.6,77.4,1008.2,95.3,15.5,29,2.5,2,10,2024-11-19T07:30:12,2024-11-19T16:25:26,0.63,"Snow, Rain, Overcast",Cloudy skies throughout the day with rain or snow.,snow,"CWWA,CWSK,CWEL,CWEZ,CWWK,CWMM,F1856"
vancouver,2024-11-20,9.4,5,7.6,8.6,1.6,5.7,2.4,70.5,7.685,100,70.83,rain,0,0,83.5,15.8,78.5,1005,92.4,16.1,16.5,1.4,1,10,2024-11-20T07:31:43,2024-11-20T16:24:25,0.66,"Rain, Overcast",Cloudy skies throughout the day with a chance of rain throughout the day.,rain,"CWWA,CWSK,CWEL,CWEZ,CWWK,CWMM,F1856"
vancouver,2024-11-21,10.1,6.6,8.2,10.1,5.2,7.5,4.1,75.7,0.87,100,25,rain,0,0,57.6,8.2,66.8,1012.9,91.3,20.8,28.4,2.4,1,10,2024-11-21T07:33:14,2024-11-21T16:23:27,0.69,"Rain, Overcast",Cloudy skies throughout the day with a chance of rain throughout the day.,rain,"CWWA,71608099999,CWSK,71784099999,CWEL,CWEZ,CWWK,71892099999,CWMM,71042099999,71201099999,F1856"
vancouver,2024-11-22,12.5,6.4,9.3,12.5,5.7,8.9,5.4,76.9,2.59,100,29.17,rain,0,0,61.9,22.5,105.5,1002.4,85.5,24.2,25.6,2.1,2,10,2024-11-22T07:34:43,2024-11-22T16:22:31,0.75,"Rain, Partially cloudy",Partly cloudy throughout the day with rain.,rain,"71608099999,CWWA,71784099999,71892099999,71042099999,71201099999,F1856"
vancouver,2024-11-23,10.1,6.5,8.5,10.1,4.4,7.2,5.8,83.4,3.464,100,33.33,rain,0,0,40,14.9,100.2,1005.3,94.3,25.3,29.1,2.5,2,10,2024-11-23T07:36:11,2024-11-23T16:21:38,0.76,"Rain, Overcast",Cloudy skies throughout the day with a chance of rain throughout the day.,rain,"71608099999,CWWA,71784099999,71892099999,71042099999,71201099999,F1856"
vancouver,2024-11-24,8,6.4,7.4,7.6,5.3,6.3,5,84.7,1.373,100,41.67,rain,0,0,30.6,12.4,76.4,1011.6,88.8,29,20.4,1.7,1,10,2024-11-24T07:37:38,2024-11-24T16:20:48,0.79,"Rain, Partially cloudy",Partly cloudy throughout the day with rain in the morning and afternoon.,rain,"71608099999,CWWA,71784099999,71892099999,71042099999,71201099999,F1856"
vancouver,2024-11-25,7.4,4.4,6.2,7.4,4.4,6.1,3.6,83.9,0.008,100,4.17,rain,0,0,23.8,6.9,34.8,1015.1,78.7,35.4,33.6,2.9,3,10,2024-11-25T07:39:05,2024-11-25T16:20:00,0.82,"Rain, Partially cloudy",Partly cloudy throughout the day with morning rain.,rain,"71608099999,CWWA,71784099999,71892099999,71042099999,71201099999,F1856"
vancouver,2024-11-26,6.2,1.6,4.2,6.2,0.6,4,1.8,84.6,0,0,0,"rain,freezingrain",0,0,13.3,9.3,340.1,1022,73.5,32.9,27.3,2.3,2,10,2024-11-26T07:40:29,2024-11-26T16:19:15,0.86,Partially cloudy,Partly cloudy throughout the day.,partly-cloudy-day,"71608099999,CWWA,71211099999,71784099999,71892099999,71042099999,71201099999,F1856"
vancouver,2024-11-27,6.3,4.1,5.1,6.3,4.1,5,2.5,83.6,0.093,100,16.67,rain,0,0,11.9,5.4,332.4,1028.3,92.3,28.3,32.1,2.9,2,10,2024-11-27T07:41:53,2024-11-27T16:18:32,0.89,"Rain, Overcast",Cloudy skies throughout the day with rain clearing later.,rain,"71608099999,CWWA,71211099999,71784099999,71892099999,71042099999,71201099999,F1856"
vancouver,2024-11-28,7.2,3.1,4.4,7.2,2,4.2,1.6,82.3,0,0,0,rain,0,0,10.8,5.9,29.4,1026,88.8,29.9,51.6,4.5,3,10,2024-11-28T07:43:15,2024-11-28T16:17:53,0.92,Partially cloudy,Partly cloudy throughout the day.,partly-cloudy-day,"71608099999,CWWA,71784099999,71892099999,71042099999,71201099999,F1856"
vancouver,2024-11-29,5.6,3.3,4.8,4.4,1.4,3.1,3.1,89.1,0.366,100,29.17,rain,0,0,18.4,12.2,78.7,1024.6,98.8,17.9,5.3,0.4,0,10,2024-11-29T07:44:36,2024-11-29T16:17:16,0.95,"Rain, Overcast",Cloudy skies throughout the day with rain.,rain,"71608099999,CWWA,71784099999,71892099999,71042099999,71201099999,F1856"
vancouver,2024-11-30,6.5,4.6,5.6,5.5,3,4.3,4.2,90.8,0.523,100,29.17,rain,0,0,16.6,11.4,79.1,1025.1,99.5,17.1,13.1,1.2,1,10,2024-11-30T07:45:55,2024-11-30T16:16:42,0,"Rain, Overcast",Cloudy skies throughout the day with rain.,rain,"CWWA,CWEL,71892099999,CWMM,CYVR,71608099999,71784099999,CWSK,CWEZ,CWWK,71042099999,71201099999,F1856"
vancouver,2024-12-01,7.9,1.5,5,7.2,1.5,4.5,4,93.2,0,0,0,rain,0,0,15.8,10,334.9,1025.3,46.7,22.9,60.4,5.2,3,10,2024-12-01T07:47:12,2024-12-01T16:16:11,0.02,Partially cloudy,Partly cloudy throughout the day.,partly-cloudy-day,"CWWA,CWEL,71892099999,CWMM,CYVR,71608099999,CWSK,71784099999,CWEZ,CWWK,71042099999,71201099999,F1856"
vancouver,2024-12-02,7.1,2.7,4.2,7.1,2.6,4,3.6,96.5,0,0,0,rain,0,0,13.3,5.8,42.2,1027.1,40,20.9,40.6,3.5,2,10,2024-12-02T07:48:28,2024-12-02T16:15:43,0.06,Partially cloudy,Partly cloudy throughout the day.,partly-cloudy-day,"71608099999,CWWA,71784099999,71892099999,71042099999,71201099999,F1856"
vancouver,2024-12-03,7.3,1.7,4.3,7.3,1.7,4.2,3.1,92.4,0.259,100,12.5,"rain,freezingrain",0,0,14.8,5.8,42.3,1027.4,31.8,20.1,49.8,4.3,3,10,2024-12-03T07:49:42,2024-12-03T16:15:18,0.09,"Rain, Freezing Drizzle/Freezing Rain, Partially cloudy",Partly cloudy throughout the day with afternoon rain.,rain,"CWWA,CWEL,71892099999,CWMM,71608099999,71784099999,CWSK,71638099999,CWEZ,CWWK,71042099999,71201099999,F1856"
vancouver,2024-12-04,4.9,3.3,4,4.9,3.1,4,3.6,97.4,0.024,100,4.17,rain,0,0,16.2,5.1,15.3,1025.4,13.9,5.2,46.8,3.9,3,10,2024-12-04T07:50:54,2024-12-04T16:14:56,0.13,Rain,Clear conditions throughout the day with afternoon rain.,rain,"71608099999,CWWA,71784099999,71892099999,71042099999,71201099999,F1856"
vancouver,2024-12-05,7.4,2,5.2,7.4,0.4,5,4.6,96.1,0,0,0,,0,0,17.3,7.4,61.4,1026.9,84,13.6,26.3,2.3,2,10,2024-12-05T07:52:04,2024-12-05T16:14:37,0.16,Partially cloudy,Partly cloudy throughout the day.,partly-cloudy-day,"71608099999,CWWA,71784099999,E9431,71892099999,71042099999,71201099999,F1856"
vancouver,2024-12-06,10.9,6.1,8.6,10.9,6.1,8.3,6.8,88.9,11.514,100,25,rain,0,0,32.4,12,80.4,1022.5,95.6,24.8,10.2,0.8,1,10,2024-12-06T07:53:12,2024-12-06T16:14:21,0.2,"Rain, Overcast",Cloudy skies throughout the day with rain.,rain,"71608099999,CWWA,71784099999,71892099999,71042099999,71201099999,F1856"
vancouver,2024-12-07,11.6,7.3,9.6,11.6,5.2,8.5,7.7,88.6,15.025,100,50,rain,0,0,46.4,16.4,109,1014.1,87.3,18.6,23.8,2,3,10,2024-12-07T07:54:19,2024-12-07T16:14:08,0.23,"Rain, Partially cloudy",Partly cloudy throughout the day with a chance of rain throughout the day.,rain,"71608099999,CWWA,71784099999,71892099999,71042099999,71201099999,F1856"
vancouver,2024-12-08,9.2,5.4,7.2,9.2,5,6.6,5.5,88.9,1.887,100,25,rain,0,0,38.2,12,301.1,1022.4,81.8,27.8,35.1,3,2,10,2024-12-08T07:55:23,2024-12-08T16:13:58,0.25,"Rain, Partially cloudy",Partly cloudy throughout the day with rain.,rain,"71608099999,CWWA,71784099999,71892099999,71042099999,71201099999,F1856"
vancouver,2024-12-09,7.3,4.5,6.2,7.3,4.4,6.1,4.8,90.9,1.172,100,25,rain,0,0,14.8,6.1,13.6,1032.8,65.3,31.9,19.8,1.7,1,10,2024-12-09T07:56:24,2024-12-09T16:13:51,0.3,"Rain, Partially cloudy",Partly cloudy throughout the day with rain clearing later.,rain,"71608099999,CWWA,71784099999,71892099999,71042099999,71201099999,F1856"
vancouver,2024-12-10,6.3,1.9,4.3,6,1.9,4.1,2.5,88.5,0,0,0,rain,0,0,15.8,6.1,0.8,1029.7,76.7,38,31.8,2.7,2,10,2024-12-10T07:57:24,2024-12-10T16:13:47,0.34,Partially cloudy,Partly cloudy throughout the day.,partly-cloudy-day,"71608099999,CWWA,71784099999,71892099999,71042099999,71201099999,F1856"
vancouver,2024-12-11,8.6,3.2,5.5,8.5,3.2,5.4,3.3,86.1,0,0,0,rain,0,0,25.2,7,38.5,1017,54.9,37.9,43,3.7,3,10,2024-12-11T07:58:21,2024-12-11T16:13:47,0.37,Partially cloudy,Partly cloudy throughout the day.,partly-cloudy-day,"71608099999,CWWA,71784099999,71892099999,71042099999,71201099999,F1856"
vancouver,2024-12-12,7.3,2.3,5.2,7.3,2,4.9,3.3,87.8,0.122,100,25,rain,0,0,24.8,8.9,47,1009.5,86.5,26.1,20.3,1.8,1,10,2024-12-12T07:59:16,2024-12-12T16:13:49,0.41,"Rain, Partially cloudy",Partly cloudy throughout the day with rain.,rain,"71608099999,CWWA,71784099999,71892099999,71042099999,71201099999,F1856"
vancouver,2024-12-13,8.5,5.9,7.1,6.1,3.9,5,5.7,91.2,18.707,100,91.67,rain,0,0,37.8,17.3,79.4,1004.4,100,16.1,4.5,0.5,0,10,2024-12-13T08:00:08,2024-12-13T16:13:55,0.45,"Rain, Overcast",Cloudy skies throughout the day with a chance of rain throughout the day.,rain,"71608099999,CWWA,71784099999,71892099999,71042099999,71201099999,F1856"
vancouver,2024-12-14,10.6,6.6,8.6,10.6,3.9,6.5,5,78.6,3.323,100,58.33,rain,0,0,87.5,31.5,120,1000.5,89.8,23.9,9.1,0.8,1,10,2024-12-14T08:00:58,2024-12-14T16:14:04,0.48,"Rain, Partially cloudy",Partly cloudy throughout the day with a chance of rain throughout the day.,rain,"71608099999,CWWA,71784099999,71892099999,71042099999,71201099999,F1856"
vancouver,2024-12-15,8,5,6.5,7,2.7,4.8,3.4,81.1,0.058,100,8.33,rain,0,0,33.5,13.3,126.7,1019.1,48.7,27.9,37.5,3.2,3,10,2024-12-15T08:01:45,2024-12-15T16:14:16,0.5,"Rain, Partially cloudy",Partly cloudy throughout the day with rain.,rain,"71608099999,CWWA,71784099999,71892099999,71042099999,71201099999,F1856"
vancouver,2024-12-16,6.2,4.4,5.3,6.2,2.5,4.1,3.1,85.7,1.716,100,50,rain,0,0,37.8,10.3,70.2,1013.5,89.8,29.2,12.1,1.1,1,10,2024-12-16T08:02:29,2024-12-16T16:14:31,0.55,"Rain, Partially cloudy",Partly cloudy throughout the day with a chance of rain throughout the day.,rain,"71608099999,CWWA,71784099999,71892099999,71042099999,71201099999,F1856"
vancouver,2024-12-17,8.3,5.4,7,6.5,3.2,5,5.8,91.8,28.072,100,66.67,rain,0,0,66.6,18.8,81.4,1014.3,97,20.7,5.4,0.4,0,10,2024-12-17T08:03:11,2024-12-17T16:14:49,0.58,"Rain, Overcast",Cloudy skies throughout the day with a chance of rain throughout the day.,rain,"71608099999,CWWA,71211099999,71775099999,71784099999,71892099999,71042099999,71201099999,F1856"
vancouver,2024-12-18,11.1,7.5,8.9,11.1,4.8,7.7,7.4,90.5,45.768,100,50,rain,0,0,57.6,21.6,49.2,1016.4,74.7,31.4,45,3.8,3,10,2024-12-18T08:03:50,2024-12-18T16:15:10,0.61,"Rain, Partially cloudy",Partly cloudy throughout the day with a chance of rain throughout the day.,rain,"CWWA,71211099999,CWEL,71892099999,CWMM,71608099999,71775099999,CWSK,71784099999,CWEZ,CWWK,71042099999,71201099999,F1856"
vancouver,2024-12-19,10.4,7.5,9,10.4,6.1,8.1,7.4,89.8,7.109,100,54.17,rain,0,0,46.4,13,91,1017.7,94.1,25.6,7.2,0.5,0,10,2024-12-19T08:04:26,2024-12-19T16:15:34,0.64,"Rain, Overcast",Cloudy skies throughout the day with rain.,rain,"71608099999,CWWA,71784099999,71892099999,71042099999,71201099999,F1856"
vancouver,2024-12-20,11.7,9.8,10.3,11.7,8.5,10.1,8.7,89.6,1.445,100,41.67,rain,0,0,35.3,10.9,79.4,1016,67.4,26.1,7.5,0.7,0,10,2024-12-20T08:04:59,2024-12-20T16:16:01,0.68,"Rain, Partially cloudy",Partly cloudy throughout the day with rain.,rain,"71608099999,CWWA,71784099999,71892099999,71042099999,71201099999,F1856"
vancouver,2024-12-21,10.3,7.6,9.1,10.3,6.6,8.4,7.7,91.1,6.231,100,29.17,rain,0,0,43.6,14.2,95.6,1010.8,70.8,23.2,5.4,0.5,0,10,2024-12-21T08:05:29,2024-12-21T16:16:31,0.71,"Rain, Partially cloudy",Partly cloudy throughout the day with rain in the morning and afternoon.,rain,"71608099999,CWWA,71784099999,71892099999,71042099999,71201099999,F1856"
vancouver,2024-12-22,9.1,8.1,8.7,7.7,5.9,6.6,7.1,89.5,7,100,58.33,rain,0,0,54.4,19.3,83.4,1012,91.5,23.3,8.2,0.7,0,10,2024-12-22T08:05:57,2024-12-22T16:17:04,0.75,"Rain, Overcast",Cloudy skies throughout the day with a chance of rain throughout the day.,rain,"71608099999,CWWA,71784099999,71892099999,71042099999,71201099999,F1856"
vancouver,2024-12-23,12.4,7.4,9.3,12.4,6.2,8.2,7,86.7,0.749,100,29.17,rain,0,0,42.1,22.9,89.7,1013.7,83.2,33.7,23.3,1.9,1,10,2024-12-23T08:06:21,2024-12-23T16:17:40,0.77,"Rain, Partially cloudy",Partly cloudy throughout the day with rain.,rain,"71608099999,CWWA,71784099999,71892099999,71042099999,71201099999,F1856"
vancouver,2024-12-24,11.6,7.4,9.3,11.6,5.7,8.5,5.7,79,4.389,100,16.67,rain,0,0,63,21.4,111,1010,75.1,34.8,41.1,3.6,3,10,2024-12-24T08:06:43,2024-12-24T16:18:19,0.8,"Rain, Partially cloudy",Partly cloudy throughout the day with rain clearing later.,rain,"71608099999,CWWA,71784099999,71892099999,71042099999,71201099999,F1856"
vancouver,2024-12-25,8,5.6,6.8,6.2,2,3.9,5.1,89,24.344,100,75,rain,0,0.1,56.2,26.8,94.5,1008,97.3,21.2,3.1,0.2,0,10,2024-12-25T08:07:01,2024-12-25T16:19:01,0.84,"Rain, Overcast",Cloudy skies throughout the day with a chance of rain throughout the day.,rain,"71608099999,CWWA,71211099999,71775099999,71784099999,71892099999,71042099999,71201099999,F1856"
vancouver,2024-12-26,7.9,5.6,6.6,6.7,1.9,4.7,5.6,93.2,27.535,100,62.5,rain,0,0,61.2,19.3,50.7,997.3,86.2,22.6,23,2,2,10,2024-12-26T08:07:17,2024-12-26T16:19:45,0.87,"Rain, Partially cloudy",Partly cloudy throughout the day with a chance of rain throughout the day.,rain,"71608099999,71211099999,CWWA,71784099999,71892099999,71042099999,71201099999,F1856"
vancouver,2024-12-27,8.1,6,7,8.1,3.8,5.7,5.4,90,6.171,100,41.67,rain,0,0,30.6,13.1,76.3,1002.3,90.4,22.5,24.2,2.2,2,10,2024-12-27T08:07:29,2024-12-27T16:20:33,0.9,"Rain, Overcast",Cloudy skies throughout the day with rain.,rain,"71608099999,CWWA,71784099999,71892099999,71042099999,71201099999,F1856"
vancouver,2024-12-28,9.2,6.5,7.8,8.3,3.7,5.8,6.7,92.7,8.902,100,58.33,rain,0,0,37.4,15.5,100.6,1004.2,87.8,21.9,27.3,2.3,2,10,2024-12-28T08:07:39,2024-12-28T16:21:22,0.93,"Rain, Partially cloudy",Partly cloudy throughout the day with a chance of rain throughout the day.,rain,"71608099999,CWWA,71784099999,71892099999,71042099999,71201099999,F1856"
vancouver,2024-12-29,7.6,4.7,6.4,7,3.5,5.8,5.3,92.7,9.429,100,33.33,rain,0,0,48.2,10,55.5,1009.6,87,23.8,6.1,0.6,0,10,2024-12-29T08:07:45,2024-12-29T16:22:15,0.96,"Rain, Partially cloudy",Partly cloudy throughout the day with a chance of rain throughout the day.,rain,"71608099999,CWWA,71211099999,71775099999,71784099999,71892099999,71042099999,71201099999,F1856"
vancouver,2024-12-30,6.3,4.4,5.6,5.5,2.8,4.3,4.6,93.4,8.708,100,66.67,rain,0,0,20.9,10.5,74,1024.8,91.1,20.5,8.6,0.7,1,10,2024-12-30T08:07:48,2024-12-30T16:23:10,0,"Rain, Overcast",Cloudy skies throughout the day with a chance of rain throughout the day.,rain,"71608099999,CWWA,71211099999,71784099999,71892099999,71042099999,71201099999,F1856"
vancouver,2024-12-31,7,4.4,5.4,6,2,4.2,3.6,88.2,2.857,100,41.67,rain,0,0,66.6,14.8,71.3,1023.1,96.5,33.2,27.6,2.3,2,10,2024-12-31T08:07:49,2024-12-31T16:24:08,0.03,"Rain, Overcast",Cloudy skies throughout the day with a chance of rain throughout the day.,rain,"71608099999,CWWA,71211099999,71775099999,71784099999,71892099999,71042099999,71201099999,F1856"
vancouver,2025-01-01,6,3,4.9,6,2.5,3.9,2,81.3,0,0,0,rain,0,0,55.4,9.9,70.4,1017.5,79.1,37.4,26,2.2,1,10,2025-01-01T08:07:46,2025-01-01T16:25:08,0.07,Partially cloudy,Partly cloudy throughout the day.,partly-cloudy-day,"71608099999,71211099999,CWWA,71775099999,71784099999,71892099999,71042099999,71201099999,F1856"
vancouver,2025-01-02,5.5,3.4,4.7,5.5,1.6,3.6,2.9,88.7,2.278,100,50,rain,0,0,68.4,12.3,67.4,1018.6,98,26.3,7.9,0.7,0,10,2025-01-02T08:07:40,2025-01-02T16:26:11,0.1,"Rain, Overcast",Cloudy skies throughout the day with rain.,rain,"71608099999,CWWA,71211099999,71775099999,71784099999,71892099999,71042099999,71201099999,F1856"
vancouver,2025-01-03,6.4,2.3,4.9,6.4,2.3,4.6,4.2,95.4,4.979,100,29.17,rain,0,0,32,6.5,52.7,1010.1,98.7,22.1,8.5,0.7,0,10,2025-01-03T08:07:31,2025-01-03T16:27:15,0.14,"Rain, Overcast",Cloudy skies throughout the day with rain.,rain,"71608099999,CWWA,71784099999,71892099999,71042099999,71201099999,F1856"
vancouver,2025-01-04,7.7,6.3,7.1,6.4,4.4,5.6,6.4,95,9.395,100,75,rain,0,0,29.5,13.1,75.8,1014.5,99.5,19.5,7.8,0.7,0,10,2025-01-04T08:07:19,2025-01-04T16:28:22,0.17,"Rain, Overcast",Cloudy skies throughout the day with a chance of rain throughout the day.,rain,"71608099999,CWWA,71784099999,E9431,71892099999,71042099999,71201099999,F1856"
vancouver,2025-01-05,8.1,3.4,6.6,8,3.4,6.1,5.5,93,1.004,100,33.33,rain,0,0,23,8.9,10.7,1023.6,76.8,22.5,26.9,2.3,2,10,2025-01-05T08:07:04,2025-01-05T16:29:32,0.21,"Rain, Partially cloudy",Partly cloudy throughout the day with rain clearing later.,rain,"71608099999,CWWA,71784099999,E9431,71892099999,71042099999,71201099999"
vancouver,2025-01-06,6.8,2.5,4.3,6.7,1.4,3.6,3.7,95.9,0.005,100,4.17,rain,0,0,21.2,9.6,356.2,1032.7,29.8,17,56.4,4.9,3,10,2025-01-06T08:06:46,2025-01-06T16:30:43,0.25,"Rain, Partially cloudy",Becoming cloudy in the afternoon with afternoon rain.,rain,"71608099999,CWWA,71784099999,71892099999,71042099999,71201099999,F1856"
vancouver,2025-01-07,6.3,2.3,4.4,6.3,2,4.2,3.5,94.5,0.528,100,12.5,rain,0,0,18.7,6.5,40.9,1032,88.4,17.9,15.2,1.4,1,10,2025-01-07T08:06:25,2025-01-07T16:31:56,0.28,"Rain, Partially cloudy",Partly cloudy throughout the day with late afternoon rain.,rain,"71608099999,CWWA,71784099999,CWEL,CWEZ,CWWK,E9431,71892099999,CWMM,71042099999,71201099999,F1856"
vancouver,2025-01-08,8,4.3,6.5,7.8,2.2,6.1,5.4,93,0.401,100,12.5,rain,0,0,18,8.6,1.9,1033.1,67.1,26.1,16.5,1.4,1,10,2025-01-08T08:06:01,2025-01-08T16:33:12,0.32,"Rain, Partially cloudy",Partly cloudy throughout the day with early morning rain.,rain,"71608099999,CWWA,71784099999,71892099999,71042099999,71201099999,F1856"
vancouver,2025-01-09,7.8,3.4,6.1,7.8,2.2,5.8,4.7,91.1,0,0,0,,0,0,35.3,7.9,48.6,1029.9,71.9,29.8,35.1,3.1,2,10,2025-01-09T08:05:34,2025-01-09T16:34:29,0.35,Partially cloudy,Partly cloudy throughout the day.,partly-cloudy-day,"71608099999,CWWA,71211099999,71784099999,71892099999,71042099999,71201099999,F1856"
vancouver,2025-01-10,8.5,4.8,7.1,7.9,1.3,4.8,5.6,90.3,7.656,100,75,rain,0,0,51.8,25.5,300.7,1021.9,76.6,25.9,37.8,3.2,2,10,2025-01-10T08:05:04,2025-01-10T16:35:48,0.39,"Rain, Partially cloudy",Partly cloudy throughout the day with a chance of rain throughout the day.,rain,"71608099999,CWWA,71784099999,71892099999,71042099999,71201099999,F1856"
vancouver,2025-01-11,6.8,4.2,5.8,6.8,2.6,5.6,4.1,88.9,0.332,100,12.5,rain,0,0,18.7,7.5,350.7,1032.2,86.1,26.9,14.5,1.3,1,10,2025-01-11T08:04:31,2025-01-11T16:37:09,0.42,"Rain, Partially cloudy",Partly cloudy throughout the day with afternoon rain.,rain,"71608099999,CWWA,71784099999,71892099999,71042099999,71201099999,F1856"
vancouver,2025-01-12,7.9,3,5.2,6.1,0.8,4.1,3.6,89.2,0.977,100,20.83,rain,0,0,20.2,23.6,311.1,1033.6,53.1,25.2,61.5,5.4,3,10,2025-01-12T08:03:55,2025-01-12T16:38:31,0.46,"Rain, Partially cloudy",Partly cloudy throughout the day with rain in the morning and afternoon.,rain,"71608099999,CWWA,71211099999,71784099999,KORS,71892099999,71042099999,71201099999,71108099999,F1856"
vancouver,2025-01-13,5.6,1.5,4,5.6,1.5,4,2.6,90.3,0,0,0,rain,0,0,12.6,4.2,51.1,1035.6,87.7,27.9,13.9,1.3,1,10,2025-01-13T08:03:17,2025-01-13T16:39:55,0.5,Partially cloudy,Partly cloudy throughout the day.,partly-cloudy-day,"71608099999,CWWA,71784099999,71892099999,71042099999,71201099999,F1856"
vancouver,2025-01-14,6.4,2.3,4.4,6.4,2.3,4.3,2.7,89.2,0,0,0,rain,0,0,13,5.5,356.2,1034.6,69,37,43.6,3.8,2,10,2025-01-14T08:02:36,2025-01-14T16:41:20,0.53,Partially cloudy,Partly cloudy throughout the day.,partly-cloudy-day,"71608099999,CWWA,71784099999,71892099999,71042099999,71201099999,F1856"
vancouver,2025-01-15,6.9,1.8,4.5,6.9,1.8,4.2,2.9,90.2,0,0,0,"rain,freezingrain",0,0,17.3,10.3,33.3,1028.1,27.1,37.3,64,5.6,3,10,2025-01-15T08:01:52,2025-01-15T16:42:47,0.56,Partially cloudy,Partly cloudy throughout the day.,partly-cloudy-day,"71608099999,CWWA,71211099999,71784099999,71892099999,71042099999,71201099999,F1856"
vancouver,2025-01-16,8,3.9,5.5,6,1.9,3.6,3.2,86.1,0.802,100,37.5,rain,0,0,53.6,24.4,348.1,1021.7,50.5,25.1,38.6,3.5,3,10,2025-01-16T08:01:05,2025-01-16T16:44:15,0.59,"Rain, Partially cloudy",Partly cloudy throughout the day with a chance of rain throughout the day.,rain,"71608099999,CWWA,71784099999,71892099999,71042099999,71201099999,F1856"
vancouver,2025-01-17,7.2,1.2,3.6,6,1.2,3.1,0.6,81.6,0,0,0,,0,0,19.8,8.9,356.6,1030.7,24.9,29.8,66,5.7,3,10,2025-01-17T08:00:16,2025-01-17T16:45:45,0.63,Partially cloudy,Partly cloudy throughout the day.,partly-cloudy-day,"71608099999,CWWA,71784099999,71892099999,71042099999,71201099999,F1856"
vancouver,2025-01-18,5.8,-0.4,3,5.8,-0.4,2.5,-0.6,77.6,0,0,0,,0,0,16.6,6.7,343.1,1033.9,44.4,28.6,60.4,5.2,3,10,2025-01-18T07:59:24,2025-01-18T16:47:15,0.66,Partially cloudy,Partly cloudy throughout the day.,partly-cloudy-day,"71608099999,CWWA,71784099999,E9431,71892099999,71042099999,71201099999,F1856"
vancouver,2025-01-19,5.7,-0.9,2.3,4.8,-0.9,1.8,-1.5,76.6,0,0,0,,0,0.1,22,10.6,359,1033.7,2.6,29.2,67,5.9,3,10,2025-01-19T07:58:29,2025-01-19T16:48:47,0.69,Clear,Clear conditions throughout the day.,clear-day,"71608099999,CWWA,71784099999,71892099999,71042099999,71201099999,F1856"
vancouver,2025-01-20,4.1,-0.7,1.9,4.1,-0.7,1.9,-2.3,74.4,0,0,0,,0,0,37.1,4.2,22.1,1034.4,70.6,37.1,52,4.6,3,10,2025-01-20T07:57:32,2025-01-20T16:50:20,0.72,Partially cloudy,Partly cloudy throughout the day.,partly-cloudy-day,"71608099999,CWWA,71211099999,71784099999,71892099999,71042099999,71201099999,F1856"
vancouver,2025-01-21,4.8,-0.4,2.3,4.8,-0.8,1.5,-0.6,81.4,0.079,100,4.17,snow,0.4,0.2,14,7.3,72.7,1034.6,65.2,37.8,26.7,2.2,2,10,2025-01-21T07:56:33,2025-01-21T16:51:53,0.75,"Snow, Partially cloudy",Partly cloudy throughout the day with morning snow.,snow,"71608099999,CWWA,71784099999,E9431,71892099999,71042099999,71201099999,F1856"
vancouver,2025-01-22,4.9,-0.4,2.5,4.9,-1.4,2.1,-0.9,78.5,0,0,0,,0,0.2,44.3,6.3,21.2,1040.8,86.1,33.4,37,3.3,2,10,2025-01-22T07:55:31,2025-01-22T16:53:28,0.79,Partially cloudy,Partly cloudy throughout the day.,partly-cloudy-day,"CWWA,71211099999,CWEL,71892099999,CWMM,71608099999,71784099999,CWSK,CWEZ,CWWK,E9431,71042099999,71201099999"
vancouver,2025-01-23,4.8,-0.7,2.2,4.6,-2,1.8,-0.4,83.1,0,0,0,rain,0,0.1,16.2,6.6,23.5,1034,70.8,29.7,41.7,3.6,3,10,2025-01-23T07:54:26,2025-01-23T16:55:04,0.82,Partially cloudy,Partly cloudy throughout the day.,partly-cloudy-day,"CWWA,71211099999,CWEL,71892099999,CWMM,71608099999,71775099999,CWSK,71784099999,CWEZ,CWWK,E9431,71042099999,71201099999,F1856"
vancouver,2025-01-24,6.2,-0.6,2.6,4,-0.6,1.6,-1,77.9,0,0,0,,0,0,22.7,11.9,333.7,1031.6,10.1,29.8,75.9,6.6,4,10,2025-01-24T07:53:20,2025-01-24T16:56:40,0.85,Clear,Clear conditions throughout the day.,clear-day,"71608099999,CWWA,71784099999,71892099999,71042099999,71201099999,F1856"
vancouver,2025-01-25,6.6,-0.8,2.8,5.9,-2,2,-3.2,65.6,0,0,0,,0,0,18.7,9.6,328.6,1030.8,12.4,28.8,76.3,6.5,4,10,2025-01-25T07:52:11,2025-01-25T16:58:17,0.88,Clear,Clear conditions throughout the day.,clear-day,"71608099999,CWWA,71784099999,71892099999,71042099999,71201099999,F1856"
vancouver,2025-01-26,6.7,-0.7,2.7,5.8,-0.7,2.5,-1.6,73.8,0,0,0,,0,0,13.7,7.1,338,1030.8,7.2,31.3,78.1,6.7,4,10,2025-01-26T07:50:59,2025-01-26T16:59:54,0.91,Clear,Clear conditions throughout the day.,clear-day,"71608099999,CWWA,71784099999,71892099999,71042099999,71201099999,F1856"
vancouver,2025-01-27,6.4,-0.5,2.6,6.4,-0.5,2.4,-0.8,78.9,0,0,0,freezingrain,0,0,13,6.8,352.8,1028.9,2.6,38.3,80.3,6.9,4,10,2025-01-27T07:49:46,2025-01-27T17:01:32,0.95,Clear,Clear conditions throughout the day.,clear-day,"71608099999,CWWA,71784099999,71892099999,71042099999,71201099999,F1856"
vancouver,2025-01-28,5.9,-0.3,2.7,4.7,-0.4,2.4,0.6,86.6,0,0,0,,0,0.1,11.2,7.4,334.8,1023.8,19.8,38,81.6,7.1,4,10,2025-01-28T07:48:30,2025-01-28T17:03:11,0.98,Clear,Clear conditions throughout the day.,clear-day,"71608099999,CWWA,71211099999,71775099999,71784099999,71892099999,71042099999,71201099999,F1856"
vancouver,2025-01-29,6.6,0.1,2.9,6.6,-0.3,2.7,1.1,87.8,0.01,100,4.17,rain,0,0.1,13.7,7.8,75.2,1020.3,19.7,33.3,82.7,7.1,4,10,2025-01-29T07:47:12,2025-01-29T17:04:50,0,Rain,Clear conditions throughout the day with morning rain.,rain,"71608099999,CWWA,71784099999,71892099999,71042099999,71201099999,F1856"
vancouver,2025-01-30,5.2,3.1,4.4,3,0.8,2.1,2.9,90.1,7.848,100,58.33,rain,0,0,26.3,13.1,80.8,1017.8,96.1,17.3,10.7,1,1,10,2025-01-30T07:45:53,2025-01-30T17:06:30,0.05,"Rain, Overcast",Cloudy skies throughout the day with a chance of rain throughout the day.,rain,"71608099999,CWWA,71784099999,71892099999,71042099999,71201099999,F1856"
vancouver,2025-01-31,6,3.6,5.1,3.6,-0.6,2.2,3.9,91.9,30.357,100,91.67,"rain,snow",0.6,2.8,61.2,26.8,65.2,1004,91.9,12.9,4.8,0.5,0,10,2025-01-31T07:44:31,2025-01-31T17:08:09,0.08,"Snow, Rain, Overcast",Cloudy skies throughout the day with a chance of rain or snow throughout the day.,snow,"71608099999,CWWA,71211099999,71784099999,E9431,71892099999,71042099999,71201099999,F1856"
vancouver,2025-02-01,4.6,1.3,3.2,3,-1,0.9,0,79.7,0.484,100,12.5,"rain,snow",2.1,0.6,42.1,15.1,177.2,1010.5,75.6,24.4,34.3,2.8,3,10,2025-02-01T07:43:07,2025-02-01T17:09:50,0.12,"Snow, Rain, Partially cloudy",Partly cloudy throughout the day with a chance of rain or snow throughout the day.,snow,"71608099999,CWWA,71784099999,71892099999,71042099999,71201099999,F1856"
vancouver,2025-02-02,3,-0.1,1.6,0.4,-3.7,-1.2,0.3,91,11.399,100,70.83,"rain,snow",5.6,7.1,32.4,14.2,90.9,1008.4,76.9,18.9,18.1,1.5,1,10,2025-02-02T07:41:41,2025-02-02T17:11:30,0.15,"Snow, Rain, Partially cloudy",Partly cloudy throughout the day with a chance of rain or snow throughout the day.,snow,"71608099999,CWWA,71784099999,71892099999,71042099999,71201099999,F1856"
vancouver,2025-02-03,0.4,-2.3,-1.5,-1.2,-6.2,-3.4,-3.3,87.1,3.282,100,70.83,"rain,snow",4.6,13.7,43.2,15.1,84.8,1010.6,87.2,14,21.8,2,1,10,2025-02-03T07:40:14,2025-02-03T17:13:11,0.19,"Snow, Rain, Partially cloudy",Partly cloudy throughout the day with a chance of rain or snow throughout the day.,snow,"71608099999,CWWA,71784099999,71892099999,71042099999,71201099999,F1856"
vancouver,2025-02-04,0,-3.2,-1.9,0,-5.8,-2.8,-4.7,81.8,2.053,100,33.33,snow,1.2,17.4,38.9,6.7,72.1,1010.6,57.1,21.2,31.1,2.6,2,10,2025-02-04T07:38:44,2025-02-04T17:14:51,0.22,"Snow, Partially cloudy",Partly cloudy throughout the day with snow clearing later.,snow,"71608099999,CWWA,71784099999,71892099999,71042099999,71201099999,F1856"
vancouver,2025-02-05,-0.3,-4.7,-2.2,-0.3,-7.7,-4,-6.5,72.6,0.002,100,4.17,"rain,snow",0,16.8,66.6,8.2,68.9,1013.2,75,31.1,40.8,3.5,2,10,2025-02-05T07:37:13,2025-02-05T17:16:32,0.25,"Snow, Rain, Partially cloudy",Partly cloudy throughout the day with late afternoon rain or snow.,snow,"71608099999,CWWA,71211099999,71784099999,71892099999,71042099999,71201099999,F1856"
vancouver,2025-02-06,1.4,-1.7,-0.4,1.2,-3.4,-1.5,-3.2,81.8,0.002,100,4.17,snow,0.5,15.2,27,9.4,40.2,1017.5,55.5,30.3,55.6,4.7,4,10,2025-02-06T07:35:40,2025-02-06T17:18:13,0.3,"Snow, Partially cloudy",Partly cloudy throughout the day with early morning snow.,snow,"71608099999,CWWA,71784099999,71892099999,71042099999,71201099999,F1856"
vancouver,2025-02-07,2.4,-2.9,-0.3,2.4,-5.5,-2.1,-4.6,73.4,0,0,0,snow,0,13.4,21.6,8.9,69.6,1020.4,43.8,29.9,89.9,7.9,4,10,2025-02-07T07:34:06,2025-02-07T17:19:54,0.33,Partially cloudy,Partly cloudy throughout the day.,partly-cloudy-day,"71608099999,CWWA,71784099999,71892099999,71042099999,71201099999,F1856"
vancouver,2025-02-08,3.8,-0.7,1.5,3.4,-1.8,0.6,-1.6,79.6,0.195,100,16.67,"rain,snow",0.9,12.7,16.9,8.4,40.6,1028,63.7,25.3,45.3,4,2,10,2025-02-08T07:32:30,2025-02-08T17:21:35,0.37,"Snow, Rain, Partially cloudy",Partly cloudy throughout the day with rain or snow.,snow,"71608099999,CWWA,71784099999,71892099999,71042099999,71201099999,F1856"
vancouver,2025-02-09,2.8,-0.2,1.1,2.8,-2,0.6,-2.7,76,0.029,100,8.33,"rain,snow",0.3,11.4,46.1,7.7,21.7,1033.3,53.3,25.8,38,3.3,2,10,2025-02-09T07:30:52,2025-02-09T17:23:17,0.4,"Snow, Rain, Partially cloudy",Partly cloudy throughout the day with rain or snow.,snow,"71608099999,CWWA,71211099999,71784099999,71892099999,71042099999,71201099999,F1856"
vancouver,2025-02-10,3.3,-2.3,0,3.3,-5.3,-1.3,-6.3,63.9,0,0,0,,0,12,30.2,9.6,58.6,1033.4,18.5,38.3,108.9,9.4,4,10,2025-02-10T07:29:13,2025-02-10T17:24:58,0.44,Clear,Clear conditions throughout the day.,clear-day,"71608099999,CWWA,71784099999,71892099999,71042099999,71201099999,F1856"
vancouver,2025-02-11,1.3,-4.5,-1.9,1.3,-6.4,-2.8,-7.7,64.6,0,0,0,,0,11.4,23,8.6,3.2,1027.2,1.6,36,110,9.5,4,10,2025-02-11T07:27:32,2025-02-11T17:26:38,0.47,Clear,Clear conditions throughout the day.,clear-day,"71608099999,CWWA,71784099999,CWSK,CWEL,CWEZ,CWWK,71892099999,CWMM,71042099999,71201099999,F1856"
vancouver,2025-02-12,2.7,-4,-0.6,2.7,-6.3,-1.1,-5.8,68.6,0,0,0,,0,11.2,24.5,6.3,51.8,1015.9,11.2,38.7,111,9.6,4,10,2025-02-12T07:25:50,2025-02-12T17:28:19,0.5,Clear,Clear conditions throughout the day.,clear-day,"71608099999,CWWA,71784099999,71892099999,71042099999,71201099999,F1856"
vancouver,2025-02-13,4,-2.4,0.7,4,-4,0.3,-3.6,73.9,0,0,0,,0,10.3,23,6.7,13.4,999.5,73.4,31.3,101.2,8.8,5,10,2025-02-13T07:24:06,2025-02-13T17:30:00,0.54,Partially cloudy,Partly cloudy throughout the day.,partly-cloudy-day,"71608099999,CWWA,71784099999,71892099999,71042099999,71201099999,F1856"
vancouver,2025-02-14,6.7,-0.6,3.3,6.7,-0.6,2.4,-1.7,71.3,0.024,100,8.33,"rain,snow",0,10.7,20.5,10,80.8,1013.8,64.1,31.3,109.5,9.4,4,10,2025-02-14T07:22:21,2025-02-14T17:31:41,0.57,"Snow, Rain, Partially cloudy",Partly cloudy throughout the day with late afternoon rain or snow.,rain,"71608099999,CWWA,71784099999,E9431,71892099999,71042099999,71201099999,F1856"
vancouver,2025-02-15,5.1,3.1,4.1,3.2,0.7,1.8,2.1,87,2.614,100,66.67,rain,0.1,10.4,32,13.5,76.6,1023.9,99.6,19.2,24.8,2.1,1,10,2025-02-15T07:20:35,2025-02-15T17:33:21,0.61,"Rain, Overcast",Cloudy skies throughout the day with a chance of rain or snow throughout the day.,snow,"71608099999,CWWA,71784099999,71892099999,71042099999,71201099999,F1856"
vancouver,2025-02-16,6.9,3.3,5.2,6,0.1,4,4.3,93.7,4.697,100,79.17,rain,0.4,5.7,66.6,12.7,75.2,1012.4,99,17.6,39.3,3.6,2,10,2025-02-16T07:18:47,2025-02-16T17:35:01,0.64,"Rain, Overcast",Cloudy skies throughout the day with a chance of rain or snow throughout the day.,snow,"CWWA,71608099999,71211099999,71784099999,CWEL,CWEZ,CWWK,71892099999,CWMM,71042099999,71201099999,F1856"
vancouver,2025-02-17,7.9,4.5,5.6,7.5,4.5,5.4,4.5,92.9,1.271,100,33.33,rain,0,2,17.3,7.7,297.3,1014.2,88.1,22.8,52.7,4.5,3,10,2025-02-17T07:16:59,2025-02-17T17:36:41,0.67,"Rain, Partially cloudy",Partly cloudy throughout the day with rain clearing later.,rain,"71608099999,CWWA,71784099999,71892099999,71042099999,71201099999,F1856"
vancouver,2025-02-18,9.5,5,7.2,8.2,4.6,6.1,5.1,87.2,0.412,100,12.5,rain,0,1.5,35.3,14,76.9,1019.5,94.1,26.8,46.7,3.9,4,10,2025-02-18T07:15:09,2025-02-18T17:38:21,0.7,"Rain, Overcast",Cloudy skies throughout the day with rain.,rain,"71608099999,CWWA,71784099999,71892099999,71042099999,71201099999,F1856"
vancouver,2025-02-19,9.4,6.5,8,7.1,4.3,5.6,6.2,88.5,16.724,100,100,rain,0,0,54.4,23.1,105.3,1011.3,98.6,29,19.5,1.7,1,10,2025-02-19T07:13:18,2025-02-19T17:40:00,0.73,"Rain, Overcast",Cloudy skies throughout the day with a chance of rain throughout the day.,rain,"71608099999,CWWA,71784099999,71892099999,71042099999,71201099999,F1856"
vancouver,2025-02-20,8.3,5.9,7.1,7.6,3.6,5.7,5.6,90.2,1.76,100,37.5,rain,0,0,29.2,11.7,101.2,1026.3,96.5,26.9,43.9,3.7,2,10,2025-02-20T07:11:25,2025-02-20T17:41:40,0.75,"Rain, Overcast",Cloudy skies throughout the day with rain.,rain,"71608099999,CWWA,71784099999,CWSK,CWEL,CWEZ,CWWK,71892099999,CWMM,71042099999,71201099999,F1856"
vancouver,2025-02-21,8.1,6.1,7.1,6.5,3.6,5.3,6.2,93.7,19.978,100,91.67,rain,0,0,42.5,14.5,70,1019.9,97.4,18.9,11.7,0.9,1,10,2025-02-21T07:09:32,2025-02-21T17:43:19,0.8,"Rain, Overcast",Cloudy skies throughout the day with a chance of rain throughout the day.,rain,"71608099999,CWWA,71211099999,71775099999,71784099999,71892099999,71042099999,71201099999,F1856"
vancouver,2025-02-22,9.6,8.1,8.8,8.9,5.8,7.3,8,94.2,14.825,100,66.67,rain,0,0,63,14.4,80.7,1011.5,96.1,17,8.5,0.8,0,10,2025-02-22T07:07:38,2025-02-22T17:44:58,0.83,"Rain, Overcast",Cloudy skies throughout the day with a chance of rain throughout the day.,rain,"71608099999,CWWA,71784099999,CWSK,CWEL,CWEZ,CWWK,71892099999,CWMM,71042099999,71201099999,F1856"
vancouver,2025-02-23,12,6.2,8.8,12,6.1,8.4,6.8,88.1,9.06,100,37.5,rain,0,0,50,8.4,78.3,1009.2,77.4,15.4,66,5.7,4,10,2025-02-23T07:05:43,2025-02-23T17:46:36,0.86,"Rain, Partially cloudy",Partly cloudy throughout the day with rain.,rain,"CWWA,CWSK,CWEL,CWEZ,CWWK,CWMM,F1856"
vancouver,2025-02-24,12.2,7.1,8.4,12.2,5.6,7.3,5,79.9,4.543,100,50,rain,0,0,79.6,16.4,74.4,1008,83.9,15.7,42.2,3.8,2,10,2025-02-24T07:03:47,2025-02-24T17:48:14,0.9,"Rain, Partially cloudy",Partly cloudy throughout the day with a chance of rain throughout the day.,rain,"CWWA,CWSK,CWEL,CWEZ,CWWK,E9431,CWMM,F1856"
vancouver,2025-02-25,9.2,4.9,7.4,7.8,3.4,5.6,6.5,94.2,31.841,100,62.5,rain,0,0,70.7,16.6,91.5,1012.7,91.8,22.4,68.2,5.8,5,10,2025-02-25T07:01:50,2025-02-25T17:49:52,0.93,"Rain, Overcast",Cloudy skies throughout the day with a chance of rain throughout the day.,rain,"CWWA,CWSK,CWEL,CWEZ,CWWK,E9431,CWMM,CYVR,F1856"
vancouver,2025-02-26,11.2,5.9,8.2,11.2,5,7.9,5,80.7,0.018,100,8.33,rain,0,0,11.9,8.4,53.5,1021.9,68,16.2,87.1,7.5,4,10,2025-02-26T06:59:52,2025-02-26T17:51:30,0.96,"Rain, Partially cloudy",Partly cloudy throughout the day with rain.,rain,"CWWA,CWSK,CWEL,CWEZ,CWWK,CWMM,F1856"
vancouver,2025-02-27,10.2,6.5,8.1,10.2,5.7,7.8,6.2,88,0.9,69,12.5,rain,0,0,12.2,5.8,73.8,1020.9,74,15.9,43.9,3.6,2,10,2025-02-27T06:57:53,2025-02-27T17:53:07,0,"Rain, Partially cloudy",Partly cloudy throughout the day with a chance of rain.,rain,
vancouver,2025-02-28,11.5,5.7,8.3,11.5,5.7,8.3,6.6,89.2,0,11,0,rain,0,0,9.4,4.3,313.5,1018.1,41.1,16.3,152.6,13.2,5,10,2025-02-28T06:55:54,2025-02-28T17:54:44,0.03,Partially cloudy,Partly cloudy throughout the day.,partly-cloudy-day,
vancouver,2025-03-01,11.3,5.2,8,11.3,5.2,8,6.2,88.9,0.3,35,8.33,rain,0,0,9,4.3,334.7,1012.1,63.2,16.6,151.3,13,5,10,2025-03-01T06:53:53,2025-03-01T17:56:21,0.06,Partially cloudy,Partly cloudy throughout the day.,partly-cloudy-day,
vancouver,2025-03-02,9.7,6.3,7.9,9,6.3,7.7,6.7,92.5,3.6,49,4.17,rain,0,0,10.8,6.1,287.4,1011,79,24.1,111.1,9.5,4,10,2025-03-02T06:51:53,2025-03-02T17:57:58,0.1,"Rain, Partially cloudy",Partly cloudy throughout the day with a chance of rain.,rain,
vancouver,2025-03-03,9.6,5.9,7.5,9,5.9,7.4,5.9,90,0.9,45,4.17,rain,0,0,9.7,5.8,263.2,1014,56.4,24.1,80.3,6.9,3,10,2025-03-03T06:49:51,2025-03-03T17:59:34,0.13,Partially cloudy,Partly cloudy throughout the day.,partly-cloudy-day,
vancouver,2025-03-04,9.2,4.7,6.7,9.2,4.7,6.6,4.9,88.5,0.5,35,8.33,rain,0,0,10.8,6.1,116,1020.3,58.8,24.1,62.1,5.3,2,10,2025-03-04T06:47:49,2025-03-04T18:01:10,0.17,Partially cloudy,Partly cloudy throughout the day.,partly-cloudy-day,
vancouver,2025-03-05,9.4,4.1,6.5,9,4.1,6.4,4.1,84.6,0.1,27,4.17,rain,0,0,11.2,6.5,340.9,1024.5,41.2,24.1,163.3,14,6,10,2025-03-05T06:45:46,2025-03-05T18:02:46,0.2,Partially cloudy,Partly cloudy throughout the day.,partly-cloudy-day,
vancouver,2025-03-06,9.4,3.7,6.8,8.4,3.7,6.3,2.7,75.7,0,19,0,,0,0,12.2,12.2,332.1,1016.4,18,24.1,149.4,13,6,10,2025-03-06T06:43:43,2025-03-06T18:04:21,0.25,Clear,Clear conditions throughout the day.,clear-day,
vancouver,2025-03-07,8.7,5.9,7.6,8,4.3,6.6,2.7,71.3,1,38.7,4.17,rain,0,0,10.1,9.4,118.6,1013.5,38.1,24.1,152,13.2,6,10,2025-03-07T06:41:39,2025-03-07T18:05:56,0.27,Partially cloudy,Partly cloudy throughout the day.,partly-cloudy-day,
vancouver,2025-03-08,9.8,7.6,8.5,8.5,6.6,7.4,4.8,77.6,1,51.6,12.5,rain,0,0,15.8,12.2,108.9,1019,86.2,24.1,85.4,7.4,3,10,2025-03-08T06:39:34,2025-03-08T18:07:31,0.31,"Rain, Partially cloudy",Partly cloudy throughout the day with morning rain.,rain,
vancouver,2025-03-09,8.9,7.5,8.4,8.2,6.2,7.3,4.8,78.3,7.8,54.8,12.5,rain,0,0,14.4,13.3,306.1,1020.2,55.2,24.1,167,13.7,6,10,2025-03-09T07:37:29,2025-03-09T19:09:06,0.34,"Rain, Partially cloudy",Clearing in the afternoon with a chance of rain throughout the day.,rain,
vancouver,2025-03-10,9.3,6.9,8.1,8.3,5.7,7.2,4.4,77.5,3.7,61.3,16.67,rain,0,0,20.5,15.5,133.1,1016.5,73.7,24.1,130.8,11.2,5,10,2025-03-10T07:35:24,2025-03-10T19:10:40,0.38,"Rain, Partially cloudy",Partly cloudy throughout the day with a chance of rain throughout the day.,rain,
vancouver,2025-03-11,8.3,6.1,7.1,6.7,0.3,2.8,1.5,67.5,1.6,83.9,4.17,rain,0,0,69.1,52.6,270.6,1012.4,62.8,24.1,161.8,14.1,6,10,2025-03-11T07:33:18,2025-03-11T19:12:15,0.41,"Rain, Partially cloudy",Partly cloudy throughout the day with morning rain.,rain,
vancouver,2025-03-12,7.8,4,5.2,4,-0.4,1.5,1,75,2.3,80.6,8.33,rain,0.1,0,33.5,25.9,103.3,1005.7,97.6,21,75.3,6.3,3,10,2025-03-12T07:31:12,2025-03-12T19:13:49,0.45,"Rain, Overcast",Cloudy skies throughout the day with a chance of rain or snow.,snow,
vancouver,2025-03-13,10.5,5.3,7.7,0,0,1.7,4,78.4,7.5,33.3,14,,,,40.3,31,155.6,1012.9,15.7,25.2,,,,,2025-03-13T07:29:06,2025-03-13T19:15:22,0.5,Clear,,clear-day,
