endTime,artistName,trackName,msPlayed,genre
2024-10-14 20:55,Kirala Heights,Cycles,185785,
2024-10-14 20:58,Tall Towers,buzzwords,168881,
2024-10-14 21:01,Imala Zir,Objectives,177624,
2024-10-14 21:03,Antonio Roberto,Moon Daze,131506,merengue
2024-10-14 21:05,Peter Wiehl,We Begin,151743,
2024-10-14 21:08,Imber Sun,Fragments,148458,
2024-10-14 21:11,Wicker Whales,Juneau,156250,
2024-10-14 21:14,Amber Sky,under different circumstances,185633,music
2024-10-14 21:16,Fluvis,River Flowing,147585,
2024-10-14 21:19,Snow in April,A Timeless Moment,155103,hypnagogic dark ritual electronica
2024-10-14 21:21,Kal Koren,Shifted,143088,
2024-10-14 21:24,"We, the Navigators",Zenith,175875,
2024-10-14 21:26,Polar Desert,Beyond the Horizon,142312,
2024-10-14 21:28,Savione,Nova,123066,
2024-10-14 21:31,Dawe Natauk,a million oceans,168107,
2024-10-14 21:34,Dreams Ahead,time to call,165087,
2024-10-14 21:37,Dreams Ahead,swinging for the fences,154615,
2024-10-14 21:39,Tranquil Oasis,Sidewinder,126053,
2024-10-14 21:41,Portal Plan,Flow,132261,
2024-10-14 21:44,"We, the Navigators",Subsolar Stars,164589,
2024-10-14 21:46,Oblivion,Nighty,158918,latin hip hop
2024-10-14 21:49,Amber Sky,In the Distance,174077,music
2024-10-14 21:52,Atlas,Threshold,154109,Progressive rock
2024-10-14 21:54,Magnus Hartman,Harrysson,146978,
2024-10-14 21:57,Far & Beyond,All across the Globe,157607,
2024-10-14 22:00,Niveous,Matter of Facts,187683,black metal
2024-10-14 22:02,The Flower Code,Watercolour,134189,
2024-10-14 22:04,Blissouro,Cityscape,120200,
2024-10-14 22:07,The Aiko,Sea Green,129714,
2024-10-14 22:09,Kal Koren,Still Such,138750,
2024-10-14 22:12,Kirala Heights,Above the Fray,179357,
2024-10-14 22:14,Dawe Natauk,Cloud Reflection,155878,
2024-10-14 22:17,Wilfred Fredig,Smudged,155220,
2024-10-14 22:20,The Dawning,common ground,156533,
2024-10-14 22:22,Far & Beyond,The Collection,166024,
2024-10-14 22:25,Yume,Left,162000,lo-fi
2024-10-14 22:28,Egon Alram,Soft Breeze,150592,
2024-10-14 22:30,Gajaka,Ripples,134781,
2024-10-14 22:32,Apollo Vision,Relativity,129668,
2024-10-14 22:35,Imber Sun,Rain check,151572,
2024-10-14 22:37,Halcyon,formative years,156742,jazz
2024-10-14 23:24,Wicker Whales,Miranda,84799,
2024-10-15 01:53,Wicker Whales,Miranda,58594,
2024-10-15 01:54,The Neighbourhood,Daddy Issues,1464,indie
2024-10-15 01:54,Zedd,Stay,1153,edm
2024-10-15 01:54,Sia,Unstoppable,822,female vocalists
2024-10-15 01:54,ZAYN,There You Are,1925,pop
2024-10-15 01:54,Fourth Eye,beyond the stars,36463,lo-fi beats
2024-10-15 01:57,Dove Cameron,Boyfriend,153000,pop
2024-10-15 02:00,Avicii,The Nights,176658,edm
2024-10-15 02:03,Alessia Cara,Scars To Your Beautiful,230226,pop
2024-10-15 02:07,Troye Sivan,Happy Little Pill,224874,pop
2024-10-15 02:25,Chappell Roan,My Kink Is Karma,74187,pop
2024-10-15 19:05,Chappell Roan,My Kink Is Karma,149396,pop
2024-10-15 19:10,Halsey,Colors,249499,pop
2024-10-15 19:13,DJ Snake,Let Me Love You,205946,electronic
2024-10-15 19:16,Camila Cabello,Shameless,165849,pop
2024-10-15 19:19,Lana Del Rey,Young And Beautiful,179209,female vocalists
2024-10-15 19:19,Panic! At The Disco,This Is Gospel,34086,emo
2024-10-15 19:20,Maroon 5,Payphone,4370,pop
2024-10-15 19:23,Billie Eilish,lovely (with Khalid),200185,pop
2024-10-15 19:54,Mike Perry,The Ocean (feat. Shy Martin),84043,tropical house
2024-10-17 01:32,Mike Perry,The Ocean (feat. Shy Martin),6679,tropical house
2024-10-17 01:33,Halsey,Walls Could Talk,81518,pop
2024-10-17 01:36,JVKE,her,171757,indie pop
2024-10-17 01:40,Wallows,Are You Bored Yet? (feat. Clairo),178000,indie
2024-10-17 01:44,Fitz and The Tantrums,Out of My League,209386,soul
2024-10-17 01:47,Shawn Mendes,If I Can't Have You,190800,pop
2024-10-17 01:51,Major Lazer,Powerful (feat. Ellie Goulding & Tarrus Riley),206327,moombahton
2024-10-17 01:55,Taylor Swift,Style,231000,country
2024-10-17 02:57,MAGIC!,Rude,27357,reggae
2024-10-17 15:17,MAGIC!,Rude,197489,reggae
2024-10-17 15:20,Julia Michaels,What A Time (feat. Niall Horan),173306,pop
2024-10-17 15:24,Maggie Lindemann,Couple of Kids,214041,pop
2024-10-17 15:32,Ed Sheeran,Give Me Love,526386,soft pop
2024-10-17 15:37,Zedd,Clarity,271426,edm
2024-10-17 15:39,Bastille,Doom Days,138115,indie
2024-10-17 15:58,Thirty Seconds To Mars,This Is War,255799,modern rock
2024-10-17 23:35,Thirty Seconds To Mars,This Is War,338181,modern rock
2024-10-17 23:39,The Score,On And On,215706,rock
2024-10-17 23:42,BTS,Life Goes On,207481,k-pop
2024-10-17 23:46,Ariana Grande,God is a woman,197546,pop
2024-10-17 23:49,Vian Izak,The London Air Raids,213725,indie
2024-10-17 23:53,Khalid,Saturday Nights,210666,rnb
2024-10-17 23:57,One Direction,Perfect,230333,pop
2024-10-18 00:00,Tones And I,Dance Monkey,209438,pop
2024-10-18 00:06,Alan Walker,Sing Me to Sleep,187800,electronic
2024-10-18 01:00,Imagine Dragons,Smoke And Mirrors,1747,indie
2024-10-19 16:04,Imagine Dragons,Smoke And Mirrors,259126,indie
2024-10-19 16:07,Imagine Dragons,Warriors,171333,indie
2024-10-19 16:11,Harry Styles,Falling,240133,pop
2024-10-19 16:15,Maluma,Hawái,200197,reggaeton
2024-10-19 16:18,blackbear,hot girl bummer,188343,electronic
2024-10-19 17:31,Billie Eilish,BIRDS OF A FEATHER,86342,pop
2024-10-19 20:42,Lauv,There's No Way (feat. Julia Michaels),1150,pop
2024-10-19 20:45,Royal & the Serpent,overwhelmed,159293,orchestra
2024-10-19 20:49,Sia,"Genius (feat. Sia, Diplo, and Labrinth)",213706,female vocalists
2024-10-19 20:51,Trevor Daniel,Falling,159381,pop
2024-10-19 20:54,MEDUZA,Piece Of Your Heart,152913,Power metal
2024-10-19 20:58,grandson,Blood // Water,216720,alternative rock
2024-10-19 21:00,Sabrina Carpenter,"Let Me Move You - From the Netflix film ""Work It""",147070,pop
2024-10-19 21:04,Suki Waterhouse,Good Looking,214800,indie pop
2024-10-19 21:06,Conan Gray,People Watching,158536,seen live
2024-10-19 21:09,Stephen Sanchez,Until I Found You (with Em Beihold) - Em Beihold Version,176440,folk
2024-10-19 21:12,BLACKPINK,How You Like That,182956,k-pop
2024-10-19 21:16,Lindsey Stirling,The Arena,232280,violin
2024-10-19 21:19,Marshmello,Be Kind (with Halsey),172761,edm
2024-10-19 21:22,Faouzia,Tears of Gold,176117,pop
2024-10-19 21:26,Sub Urban,Cradles,209829,noise
2024-10-19 21:29,Olivia Rodrigo,ballad of a homeschooled girl,203369,pop
2024-10-19 21:32,Conan Gray,Crush Culture,204120,seen live
2024-10-19 21:36,EXO,Love Shot,200306,k-pop
2024-10-19 21:39,Olivia Rodrigo,good 4 u,178146,pop
2024-10-19 21:42,Måneskin,ZITTI E BUONI,194786,rock
2024-10-19 21:45,Bryce Fox,Golden Boy,168555,alternative
2024-10-19 21:47,Post Malone,Sunflower - Spider-Man: Into the Spider-Verse,158040,Hip-Hop
2024-10-19 21:51,Martin Jensen,Nobody,211040,dance
2024-10-19 21:54,Måneskin,I WANNA BE YOUR SLAVE,173346,rock
2024-10-19 21:58,Dream Note,Waqt Ki Baatein,243310,indian indie
2024-10-19 22:02,MARINA,About Love - From The Netflix Film “To All The Boys: P.S. I Still Love You”,214040,pop
2024-10-19 22:05,Lady Gaga,Shallow,215733,art pop
2024-10-19 22:08,Troye Sivan,YOUTH,185194,pop
2024-10-19 22:12,Natasha Blume,Black Sea,253513,indie pop
2024-10-19 22:16,Taylor Swift,this is me trying,195097,country
2024-10-19 22:19,Bilal Hassani,Jaloux,176920,french pop
2024-10-19 22:22,Selena Gomez,Bad Liar,214647,pop
2024-10-19 22:26,Martin Garrix,Scared to Be Lonely,220883,edm
2024-10-19 22:29,Halsey,Without Me,201660,pop
2024-10-19 22:33,Tom Odell,Another Love,244360,indie
2024-10-19 22:36,Billie Eilish,Therefore I Am,174321,pop
2024-10-19 22:41,Taylor Swift,Back To December,293026,country
2024-10-19 22:43,Claire Rosinkranz,Backyard Boy,129240,pop
2024-10-19 22:47,OneRepublic,Secrets,224693,soft pop
2024-10-19 22:50,Imagine Dragons,I Bet My Life,192706,indie
2024-10-19 22:53,Ellie Goulding,Hate Me (with Juice WRLD),186223,female vocalists
2024-10-19 22:55,24kGoldn,CITY OF ANGELS,112493,Hip-Hop
2024-10-19 23:00,Macklemore,Can't Hold Us (feat. Ray Dalton),258431,Hip-Hop
2024-10-19 23:04,Taylor Swift,Love Story,236266,country
2024-10-19 23:07,Suzan & Freek,Als Het Avond Is,205714,singer-songwriter
2024-10-19 23:12,Halsey,Castle,277623,pop
2024-10-19 23:13,Ellie Goulding,Close To Me (with Diplo) (feat. Swae Lee),2136,female vocalists
2024-10-19 23:13,Ellie Goulding,Close To Me (with Diplo) (feat. Swae Lee),8482,female vocalists
2024-10-19 23:13,Jon Bellion,All Time Low,1542,electronic
2024-10-19 23:13,Jon Bellion,All Time Low,957,electronic
2024-10-19 23:13,Jon Bellion,All Time Low,64743,electronic
2024-10-19 23:14,Halsey,Castle,22290,pop
2024-10-19 23:17,Jon Bellion,All Time Low,221333,electronic
2024-10-20 00:14,Ellie Goulding,Close To Me (with Diplo) (feat. Swae Lee),86749,female vocalists
2024-10-21 03:20,Ellie Goulding,Close To Me (with Diplo) (feat. Swae Lee),8800,female vocalists
2024-10-21 03:53,Ellie Goulding,Close To Me (with Diplo) (feat. Swae Lee),7340,female vocalists
2024-10-22 02:45,Ellie Goulding,Close To Me (with Diplo) (feat. Swae Lee),83332,female vocalists
2024-10-22 02:48,Maroon 5,Memories,189486,pop
2024-10-22 02:52,Camila Cabello,Havana (feat. Young Thug),217306,pop
2024-10-22 02:57,Two Steps from Hell,Star Sky,330579,orchestra
2024-10-22 03:00,Surf Curse,Freaks,147062,indie
2024-10-22 03:04,Maroon 5,Cold (feat. Future),234308,pop
2024-10-22 03:05,BTS,Dynamite,62974,k-pop
2024-10-22 03:08,lilster,Barbie (Can You Play Ken?),173735,jersey club
2024-10-22 03:11,Serhat Durmus,Hislerim,214204,turkish
2024-10-22 03:16,BTS,Spring Day,274097,k-pop
2024-10-22 03:27,Dua Lipa,New Rules,74880,pop
2024-10-23 01:20,Dua Lipa,New Rules,48814,pop
2024-10-23 01:23,BANNERS,Someone to You,219813,indie
2024-10-23 01:28,Our Last Night,Skyfall,249411,post-hardcore
2024-10-23 01:31,Olivia Rodrigo,obsessed,170541,pop
2024-10-23 01:35,lovelytheband,broken,204878,indie pop
2024-10-23 01:39,BTS,Stay Gold,243733,k-pop
2024-10-23 01:43,BLACKPINK,BOOMBAYAH,240793,k-pop
2024-10-23 01:46,Why Don't We,Fallin’ (Adrenaline),216504,pop
2024-10-23 01:50,Au/Ra,Panic Room,237772,pop
2024-10-23 01:54,DJ Snake,"Taki Taki (with Selena Gomez, Ozuna & Cardi B)",212500,electronic
2024-10-23 01:58,BTS,We are Bulletproof : the Eternal,261542,k-pop
2024-10-23 02:00,Post Malone,rockstar (feat. 21 Savage),138356,Hip-Hop
2024-10-23 02:01,Olivia Rodrigo,happier,1508,pop
2024-10-23 02:01,ZAYN,Entertainer,1204,pop
2024-10-23 02:03,MARINA,Bubblegum Bitch,154666,pop
2024-10-23 02:06,Lewis Capaldi,Someone You Loved,182160,soft pop
2024-10-23 02:11,Billie Eilish,CHIHIRO,303440,pop
2024-10-23 02:15,Marshmello,Happier,214289,edm
2024-10-23 02:46,The Chainsmokers,Sick Boy,132260,electronic
2024-10-24 05:04,The Chainsmokers,Sick Boy,754,electronic
2024-10-24 05:08,Twenty One Pilots,Ride,214506,electronic
2024-10-24 05:11,Shawn Mendes,Stitches,206880,pop
2024-10-24 05:15,The Weeknd,"One Of The Girls (with JENNIE, Lily Rose Depp)",244684,rnb
2024-10-24 05:18,zzoilo,Mon Amour - Remix,179940,latin pop
2024-10-24 05:22,Ed Sheeran,Bad Habits,230746,soft pop
2024-10-24 05:25,Khalid,Know Your Worth,181436,rnb
2024-10-24 05:28,Trevor Daniel,Falling,159381,pop
2024-10-24 05:32,Maroon 5,Sugar,235493,pop
2024-10-24 06:03,Ruth B.,Lost Boy,204823,pop
2024-10-24 15:53,Ruth B.,Lost Boy,72393,pop
2024-10-24 15:56,Conan Gray,People Watching,158536,seen live
2024-10-24 15:59,Fall Out Boy,Immortals,189386,emo
2024-10-24 16:02,Halsey,Graveyard,181805,pop
2024-10-24 16:05,Lou Bliss,Killing Butterflies,170000,
2024-10-24 16:07,Post Malone,Hollywood's Bleeding,156266,Hip-Hop
2024-10-24 16:13,Billie Eilish,L’AMOUR DE MA VIE,333986,pop
2024-10-24 17:31,GAYLE,abcdefu,1187,worship
2024-10-25 00:53,GAYLE,abcdefu,168421,worship
2024-10-25 00:58,Imagine Dragons,Monster,249493,indie
2024-10-25 01:01,Dotan,Numb,194048,folk pop
2024-10-25 01:01,Taylor Swift,You Belong With Me,1419,country
2024-10-25 01:01,Halsey,Graveyard,960,pop
2024-10-25 01:01,Katy Perry,Hot N Cold,1179,pop
2024-10-25 01:01,Katy Perry,Roar,1791,pop
2024-10-25 01:01,Candace,The Universe Is Against Me,1005,shoegaze
2024-10-25 01:01,ZAYN,Dusk Till Dawn (feat. Sia) - Radio Edit,454,pop
2024-10-25 01:01,Sean Paul,Temperature,1757,dancehall
2024-10-25 01:01,Lil Nas X,MONTERO (Call Me By Your Name),1238,Hip-Hop
2024-10-25 01:05,Katy Perry,Hot N Cold,220226,pop
2024-10-25 01:07,Lil Nas X,MONTERO (Call Me By Your Name),137875,Hip-Hop
2024-10-25 01:11,Troye Sivan,TALK ME DOWN,237464,pop
2024-10-25 01:15,Taylor Swift,cardigan,239560,country
2024-10-25 01:18,Niall Horan,Nice To Meet Ya,158805,pop
2024-10-25 01:21,Tove Lo,Habits (Stay High),209160,pop
2024-10-25 01:25,Melanie Martinez,Pacify Her,220013,pop
2024-10-25 01:40,Panic! At The Disco,High Hopes,180190,emo
2024-10-25 19:02,Panic! At The Disco,High Hopes,1376,emo
2024-10-25 21:34,Panic! At The Disco,High Hopes,9381,emo
2024-10-25 21:38,OneRepublic,Counting Stars,257266,soft pop
2024-10-25 21:43,BTS,Spring Day,274097,k-pop
2024-10-25 21:46,grandson,Blood // Water,214520,alternative rock
2024-10-25 21:50,Chappell Roan,Femininomenon,219710,pop
2024-10-25 21:54,Gym Class Heroes,Stereo Hearts (feat. Adam Levine),210960,Hip-Hop
2024-10-25 21:56,All Time Low,Monsters (feat. blackbear),174067,pop punk
2024-10-25 22:02,Charlie Puth,Attention,208786,soft pop
2024-10-25 22:06,Martin Garrix,There for You,221904,edm
2024-10-25 22:10,Fall Out Boy,The Phoenix,244960,emo
2024-10-25 22:13,Naughty Boy,La La La,222200,rnb
2024-10-25 22:16,JNR CHOI,TO THE MOON,152137,gambia
2024-10-25 22:19,5 Seconds of Summer,Ghost Of You,197411,pop rock
2024-10-25 22:23,Chappell Roan,Pink Pony Club,258034,pop
2024-10-25 22:26,The Chainsmokers,Hope,180120,electronic
2024-10-25 22:30,Maroon 5,This Love,206200,pop
2024-10-25 22:34,Troye Sivan,WILD,219491,pop
2024-10-25 22:39,CKay,love nwantiti (feat. Dj Yo! & AX'EL) - Remix,188368,afrobeats
2024-10-25 22:42,Destiny,Je me casse,178500,metalcore
2024-10-25 22:46,Olivia Rodrigo,drivers license,242013,pop
2024-10-25 22:49,Benson Boone,Beautiful Things,180304,pop
2024-10-25 22:53,The Buttress,Brutus (Instrumental),200000,Horrorcore
2024-10-25 22:56,Conan Gray,Heather,198040,seen live
2024-10-25 23:00,Passenger,Let Her Go,252733,folk pop
2024-10-25 23:04,Post Malone,Take What You Want (feat. Ozzy Osbourne & Travis Scott),229573,Hip-Hop
2024-10-25 23:08,Eminem,Lucky You (feat. Joyner Lucas),244679,rap
2024-10-25 23:11,Billie Eilish,all the good girls go to hell,168839,pop
2024-10-25 23:14,Alec Benjamin,Mind Is A Prison,161697,pop
2024-10-25 23:17,Ellise,911,188386,indie pop
2024-10-25 23:30,Frenna,Regen,174492,Hip-Hop
2024-10-25 23:46,Frenna,Regen,913,Hip-Hop
2024-10-25 23:49,SHAED,Trampoline (with ZAYN),184280,midwest emo
2024-10-25 23:54,Rihanna,Umbrella,275986,pop
2024-10-25 23:58,Paris Paloma,labour,237744,seen live
2024-10-26 00:09,Ariana Grande,the boy is mine,47363,pop
2024-10-26 01:06,Arctic Monkeys,I Wanna Be Yours,90101,indie
2024-10-26 01:13,Sanam,Gulabi Aankhen,197759,post-rock
2024-10-26 01:17,Joi Barua,Dil Dhadakne Do,230318,bollywood
2024-10-26 01:19,Darshan Raval,Mannat,90006,gujarati garba
2024-10-26 16:08,Ariana Grande,the boy is mine,127291,pop
2024-10-26 16:11,Charlotte Lawrence,Why Do You Love Me,171908,pop
2024-10-26 16:12,Tones And I,Ur So F**kInG cOoL,50631,pop
2024-10-26 16:15,Madison Beer,Dear Society,179576,pop
2024-10-26 16:18,Zedd,365,181899,edm
2024-10-26 16:21,Sam Tinnesz,Play with Fire (feat. Yacht Money),180690,alternative
2024-10-26 16:23,Lil Nas X,Old Town Road (feat. Billy Ray Cyrus) - Remix,157066,Hip-Hop
2024-10-26 16:27,Twenty One Pilots,Jumpsuit,238560,electronic
2024-10-26 16:30,Dua Lipa,Boys Will Be Boys,166266,pop
2024-10-26 18:32,MARINA,Purge The Poison,109756,pop
2024-10-26 20:59,MARINA,Purge The Poison,87840,pop
2024-10-26 21:03,Kygo,Stargazing,236853,tropical house
2024-10-26 21:06,LISA,MONEY,168227,k-pop
2024-10-26 21:09,Ed Sheeran,Beautiful People (feat. Khalid),197866,soft pop
2024-10-26 21:22,Drake,One Dance,3250,rap
2024-10-26 21:48,League of Legends,Burn It All Down,201840,Soundtrack
2024-10-26 21:51,Lou Bliss,Killing Butterflies,170000,
2024-10-26 21:54,League of Legends,Legends Never Die,235000,Soundtrack
2024-10-26 21:56,Ryan Mack,Overwhelmed (Ryan Mack Remix),103240,pop
2024-10-26 21:58,Sub Urban,INFERNO,133133,noise
2024-10-26 22:02,AURORA,Cure For Me,201640,norwegian pop
2024-10-26 22:05,Imagine Dragons,Enemy (with JID) - from the series Arcane League of Legends,173381,indie
2024-10-26 22:08,League of Legends,GODS,220878,Soundtrack
2024-10-26 22:09,League of Legends,GODS,880,Soundtrack
2024-10-26 22:09,AURORA,Cure For Me,1390,norwegian pop
2024-10-26 22:09,Ryan Mack,Overwhelmed (Ryan Mack Remix),730,pop
2024-10-26 22:09,League of Legends,Legends Never Die,1440,Soundtrack
2024-10-26 22:09,Bea Miller,Playground (from the series Arcane League of Legends),60887,pop
2024-10-26 22:09,Sub Urban,INFERNO,420,noise
2024-10-26 22:09,Imagine Dragons,Enemy (with JID) - from the series Arcane League of Legends,820,indie
2024-10-26 22:10,Lou Bliss,Killing Butterflies,1500,
2024-10-26 22:13,League of Legends,Burn It All Down,201840,Soundtrack
2024-10-26 22:16,Lou Bliss,Killing Butterflies,170000,
2024-10-26 22:20,League of Legends,Legends Never Die,235000,Soundtrack
2024-10-26 22:21,Ryan Mack,Overwhelmed (Ryan Mack Remix),103240,pop
2024-10-26 22:24,Sub Urban,INFERNO,133133,noise
2024-10-26 22:27,AURORA,Cure For Me,201640,norwegian pop
2024-10-26 22:30,Imagine Dragons,Enemy (with JID) - from the series Arcane League of Legends,173381,indie
2024-10-26 22:34,League of Legends,GODS,220878,Soundtrack
2024-10-26 22:37,Bea Miller,Playground (from the series Arcane League of Legends),230525,pop
2024-10-26 22:40,UPSAHL,People I Don't Like,142765,pop
2024-10-26 22:43,grandson,Blood // Water,216720,alternative rock
2024-10-26 22:47,Panic! At The Disco,House of Memories,208706,emo
2024-10-26 22:50,League of Legends,Phoenix,197633,Soundtrack
2024-10-27 02:22,Cartoon,Howling,47994,Progressive rock
2024-10-27 02:25,Gigi Perez,Sailor Song,211978,indie
2024-10-27 02:28,Poylow,Hate You,180000,slap house
2024-10-27 02:32,Fall Out Boy,Immortals,189386,emo
2024-10-27 02:34,K/DA,POP/STARS,127014,traditional music
2024-10-27 21:59,K/DA,POP/STARS,17340,traditional music
2024-10-27 22:28,K/DA,POP/STARS,20112,traditional music
2024-10-28 16:20,League of Legends,RISE,35270,Soundtrack
2024-10-28 16:31,League of Legends,Burn It All Down,201840,Soundtrack
2024-10-28 16:34,Lou Bliss,Killing Butterflies,170000,
2024-10-28 16:38,League of Legends,Legends Never Die,235000,Soundtrack
2024-10-28 16:40,Sub Urban,INFERNO,133133,noise
2024-10-28 16:46,AURORA,Cure For Me,201640,norwegian pop
2024-10-28 16:49,League of Legends,GODS,220878,Soundtrack
2024-10-28 16:53,Bea Miller,Playground (from the series Arcane League of Legends),230525,pop
2024-10-28 16:57,grandson,Blood // Water,216720,alternative rock
2024-10-28 17:00,Gigi Perez,Sailor Song,211978,indie
2024-10-28 17:04,League of Legends,Burn It All Down,201840,Soundtrack
2024-10-28 17:05,Ryan Mack,Overwhelmed (Ryan Mack Remix),103240,pop
2024-10-28 17:09,League of Legends,Phoenix,197633,Soundtrack
2024-10-28 17:12,Imagine Dragons,Enemy (with JID) - from the series Arcane League of Legends,173381,indie
2024-10-28 17:14,Royal & the Serpent,overwhelmed,159293,orchestra
2024-10-28 17:17,Poylow,Hate You,180000,slap house
2024-10-28 17:56,K/DA,VILLAIN,98522,traditional music
2024-10-28 21:30,K/DA,VILLAIN,1168,traditional music
2024-10-28 21:33,Fall Out Boy,Immortals,189386,emo
2024-10-28 21:36,Clarx,Castle,158181,future house
2024-10-28 21:40,Panic! At The Disco,House of Memories,208706,emo
2024-10-28 21:43,Marshmello,Shockwave,181283,edm
2024-10-28 21:45,UPSAHL,People I Don't Like,142765,pop
2024-10-28 21:48,salem ilese,PS5,152214,pop
2024-10-28 21:52,The Score,Revolution,231986,rock
2024-10-28 21:55,K/DA,THE BADDEST,162600,traditional music
2024-10-28 21:58,League of Legends,RISE,192881,Soundtrack
2024-10-28 22:01,BEAUZ,Outerspace,174084,House
2024-10-28 23:43,Cartoon,Omen,166022,Progressive rock
2024-10-29 04:34,Cartoon,Omen,12880,Progressive rock
2024-10-29 04:37,Stellar,Bad Dream,147840,k-pop
2024-10-29 04:41,The Score,Born For This,237375,rock
2024-10-29 05:08,K/DA,MORE,116859,traditional music
2024-10-30 17:19,K/DA,MORE,299,traditional music
2024-10-30 17:21,Halsey,Walls Could Talk,101789,pop
2024-10-30 17:24,All Time Low,Monsters (feat. blackbear),174067,pop punk
2024-10-30 17:26,Royal & the Serpent,overwhelmed - Chri$tian Gate$ remix,134482,orchestra
2024-10-30 17:30,Fall Out Boy,Centuries,228360,emo
2024-10-30 17:33,The Score,Unstoppable,173989,rock
2024-10-30 17:33,5 Seconds of Summer,Teeth,742,pop rock
2024-10-30 17:35,Tokyo Machine,Last Summer,124747,dubstep
2024-10-30 17:39,Alan Walker,Darkside,211680,electronic
2024-10-30 17:40,K/DA,DRUM GO DUM,838,traditional music
2024-10-30 17:40,The Score,Legend,3831,rock
2024-10-30 17:40,Lost Sky,Vision pt. II,5195,croatian
2024-10-30 17:40,League of Legends,Warriors,82435,Soundtrack
2024-10-30 17:42,CADMIUM,No Friends,80488,symphonic metal
2024-10-30 17:43,Marshmello,Happier,77166,edm
2024-10-30 17:47,League of Legends,Legends Never Die,235000,Soundtrack
2024-10-30 17:51,LiSA,紅蓮華,237586,k-pop
2024-10-30 17:54,yama,色彩,192175,Stoner Rock
2024-10-30 17:58,RADWIMPS,Suzume,238560,anime
2024-10-30 18:16,Ikimonogakari,ブルーバード,206534,anime
2024-10-30 21:27,League of Legends,Legends Never Die,235000,Soundtrack
2024-10-30 21:28,Ryan Mack,Overwhelmed (Ryan Mack Remix),103240,pop
2024-10-30 21:30,Sub Urban,INFERNO,133133,noise
2024-10-30 21:33,Måneskin,I WANNA BE YOUR SLAVE,173346,rock
2024-10-30 21:37,Ellise,911,188386,indie pop
2024-10-30 21:39,Lil Nas X,MONTERO (Call Me By Your Name),137704,Hip-Hop
2024-10-30 21:42,Poylow,Hate You,180000,slap house
2024-10-30 21:53,Alec Benjamin,Let Me Down Slowly,85785,pop
2024-10-30 22:32,Alec Benjamin,Let Me Down Slowly,3766,pop
2024-10-30 22:35,Melanie Martinez,"Tag, You're It",189026,pop
2024-10-30 22:39,League of Legends,Burn It All Down,201840,Soundtrack
2024-10-30 22:43,The Neighbourhood,Sweater Weather,240400,indie
2024-10-30 22:45,Camila Cabello,Shameless,145201,pop
2024-10-30 22:49,Billie Eilish,lovely (with Khalid),200185,pop
2024-10-30 22:56,Imagine Dragons,Enemy (with JID) - from the series Arcane League of Legends,49304,indie
2024-10-31 15:51,Imagine Dragons,Enemy (with JID) - from the series Arcane League of Legends,125097,indie
2024-10-31 15:55,League of Legends,Phoenix,197633,Soundtrack
2024-10-31 15:58,K/DA,VILLAIN,199125,traditional music
2024-10-31 16:01,Lindsey Stirling,Roundtable Rival,203279,violin
2024-10-31 16:05,Gym Class Heroes,Stereo Hearts (feat. Adam Levine),210960,Hip-Hop
2024-10-31 16:08,Ellie Goulding,Hate Me,188066,female vocalists
2024-10-31 16:12,League of Legends,GODS,139654,Soundtrack
2024-11-01 13:55,League of Legends,GODS,35339,Soundtrack
2024-11-02 01:28,League of Legends,GODS,82138,Soundtrack
2024-11-02 01:28,Sub Urban,INFERNO,1,noise
2024-11-02 01:31,Måneskin,I WANNA BE YOUR SLAVE,173346,rock
2024-11-02 01:34,Lil Nas X,MONTERO (Call Me By Your Name),137704,Hip-Hop
2024-11-02 01:37,Ellise,911,188386,indie pop
2024-11-02 01:38,Ryan Mack,Overwhelmed (Ryan Mack Remix),103240,pop
2024-11-02 01:42,Poylow,Hate You,180000,slap house
2024-11-02 01:46,League of Legends,Burn It All Down,201840,Soundtrack
2024-11-02 01:49,Billie Eilish,lovely (with Khalid),200185,pop
2024-11-02 01:53,Sub Urban,Freak (feat. REI AMI),194000,noise
2024-11-02 01:55,Alec Benjamin,Let Me Down Slowly,169353,pop
2024-11-02 01:59,Melanie Martinez,Mad Hatter,201520,pop
2024-11-02 02:12,League of Legends,RISE,173840,Soundtrack
2024-11-02 15:58,League of Legends,RISE,20051,Soundtrack
2024-11-02 16:01,Imagine Dragons,Bones,165264,indie
2024-11-02 16:05,Macklemore,Can't Hold Us (feat. Ray Dalton),258431,Hip-Hop
2024-11-02 16:09,Coldplay,Viva La Vida,242373,rock
2024-11-02 16:12,K/DA,POP/STARS,191100,traditional music
2024-11-02 16:16,Melanie Martinez,Dollhouse,231853,pop
2024-11-02 16:19,Clarx,Castle,158181,future house
2024-11-02 16:22,Imagine Dragons,Warriors,171333,indie
2024-11-02 16:25,Linkin Park,Numb,187520,nu metal
2024-11-02 17:23,Twenty One Pilots,Heathens,124107,electronic
2024-11-02 20:46,Twenty One Pilots,Heathens,71833,electronic
2024-11-02 20:50,CARYS,Princesses Don't Cry,212106,pop
2024-11-02 20:53,Melanie Martinez,"Tag, You're It",189026,pop
2024-11-02 20:57,The Chainsmokers,Closer,244960,electronic
2024-11-02 21:00,Imagine Dragons,Natural,189466,indie
2024-11-02 21:03,Sabrina Carpenter,Looking at Me,181120,pop
2024-11-02 21:07,Taylor Swift,Don’t Blame Me,236413,country
2024-11-02 21:10,Faouzia,Tears of Gold,176117,pop
2024-11-02 21:22,Selena Gomez,People You Know,113689,pop
2024-11-03 18:56,Pritam,Ye Tune Kya Kiya,314239,bollywood
2024-11-03 18:58,Royal & the Serpent,overwhelmed,159293,orchestra
2024-11-03 19:01,Imagine Dragons,Enemy - From the series Arcane League of Legends,173381,indie
2024-11-03 19:04,Alan Walker,Alone,160426,electronic
2024-11-03 19:07,blackbear,idfc,207026,electronic
2024-11-03 20:37,Halsey,Walls Could Talk,8152,pop
2024-11-04 01:54,Melanie Martinez,Mad Hatter,5965,pop
2024-11-04 01:57,Alec Benjamin,Let Me Down Slowly,169353,pop
2024-11-04 02:01,Melanie Martinez,Mad Hatter,201520,pop
2024-11-04 02:03,League of Legends,GODS,120003,Soundtrack
2024-11-04 02:54,Halsey,Walls Could Talk,8175,pop
2024-11-04 22:47,Halsey,Walls Could Talk,89775,pop
2024-11-04 22:51,K/DA,MORE,217088,traditional music
2024-11-04 22:52,ElyOtto,SugarCrash!,80080,hyperpop
2024-11-04 22:56,Camila Cabello,Shameless,219742,pop
2024-11-04 23:44,Imagine Dragons,Radioactive,182277,indie
2024-11-05 03:50,Imagine Dragons,Radioactive,5545,indie
2024-11-05 03:54,Marshmello,Happier,214289,edm
2024-11-05 03:57,Indila,Dernière danse,213493,french pop
2024-11-05 04:00,K/DA,THE BADDEST,162600,traditional music
2024-11-05 04:03,Cartoon,Howling,204549,Progressive rock
2024-11-05 04:07,Billie Eilish,bad guy,194087,pop
2024-11-05 04:10,All Time Low,Monsters (feat. blackbear),174067,pop punk
2024-11-05 04:13,Rixton,Me And My Broken Heart,193733,pop
2024-11-05 04:24,Måneskin,Beggin',69892,rock
2024-11-05 16:01,Måneskin,Beggin',142672,rock
2024-11-05 16:04,Sam Tinnesz,Play with Fire (feat. Yacht Money),180690,alternative
2024-11-05 16:08,Sia,"Genius (feat. Sia, Diplo, and Labrinth)",213706,female vocalists
2024-11-05 16:22,Shawn Mendes,Treat You Better,36131,pop
2024-11-05 22:14,Shawn Mendes,Treat You Better,5831,pop
2024-11-05 22:45,Shawn Mendes,Treat You Better,146060,pop
2024-11-05 22:49,grandson,Blood // Water,216720,alternative rock
2024-11-05 22:52,League of Legends,GODS,220878,Soundtrack
2024-11-05 22:56,Lindsey Stirling,Roundtable Rival,203279,violin
2024-11-05 22:59,Imagine Dragons,Enemy (with JID) - from the series Arcane League of Legends,173381,indie
2024-11-05 23:03,The Neighbourhood,Sweater Weather,240400,indie
2024-11-05 23:06,KALEO,Way down We Go,213706,rock
2024-11-05 23:10,League of Legends,Phoenix,197633,Soundtrack
2024-11-05 23:13,K/DA,VILLAIN,199125,traditional music
2024-11-05 23:16,Hugh Jackman,The Other Side,214373,musicals
2024-11-05 23:20,CADMIUM,No Friends,235023,symphonic metal
2024-11-05 23:24,The Chainsmokers,Don't Let Me Down,208373,electronic
2024-11-05 23:27,Sia,Chandelier,216120,female vocalists
2024-11-05 23:31,Selena Gomez,Wolves,197993,pop
2024-11-05 23:35,Coldplay,Hymn for the Weekend,258266,rock
2024-11-05 23:39,Linkin Park,In the End,216800,nu metal
2024-11-05 23:43,Bea Miller,Playground (from the series Arcane League of Legends),230525,pop
2024-11-05 23:46,Elley Duhé,MIDDLE OF THE NIGHT,184453,pop
2024-11-05 23:49,Melanie Martinez,Play Date,179867,pop
2024-11-05 23:52,Jonas Brothers,Sucker,181026,pop
2024-11-05 23:54,Post Malone,Sunflower - Spider-Man: Into the Spider-Verse,157560,Hip-Hop
2024-11-05 23:58,Shawn Mendes,Señorita,190799,pop
2024-11-06 00:01,Sub Urban,Cradles,209829,noise
2024-11-06 00:05,Au/Ra,Panic Room,237772,pop
2024-11-06 00:08,Imagine Dragons,Thunder,187146,indie
2024-11-06 00:12,Twenty One Pilots,Ride,214506,electronic
2024-11-06 00:15,Fall Out Boy,Immortals,189386,emo
2024-11-06 00:18,Shawn Mendes,Stitches,206880,pop
2024-11-06 00:22,Blackway,What's Up Danger (with Black Caviar),222306,Italo Disco
2024-11-06 00:24,Madison Beer,Good In Goodbye,141949,pop
2024-11-06 00:29,Halsey,Colors,249499,pop
2024-11-06 00:32,blackbear,hot girl bummer,188343,electronic
2024-11-06 00:36,The Weeknd,Starboy,230453,rnb
2024-11-06 00:39,Maroon 5,Maps,189960,pop
2024-11-06 00:42,5 Seconds of Summer,Teeth,205502,pop rock
2024-11-06 00:46,Shawn Mendes,Mercy,208733,pop
2024-11-06 00:48,Dove Cameron,Boyfriend,153000,pop
2024-11-06 00:53,OneRepublic,Counting Stars,257266,soft pop
2024-11-06 00:57,Fall Out Boy,The Phoenix,244960,emo
2024-11-06 01:00,Sean Paul,No Lie,221176,dancehall
2024-11-06 01:04,5 Seconds of Summer,Youngblood,203417,pop rock
2024-11-06 01:07,The Weeknd,Blinding Lights,200040,rnb
2024-11-06 01:11,Alessia Cara,Scars To Your Beautiful,230240,pop
2024-11-06 01:14,Alan Walker,Darkside,211680,electronic
2024-11-06 01:17,Alec Benjamin,If We Have Each Other,181522,pop
2024-11-06 01:20,Ava Max,Kings & Queens,162398,pop
2024-11-06 01:23,Imagine Dragons,Sharks,190883,indie
2024-11-06 01:27,Lil Nas X,STAR WALKIN' (League of Legends Worlds Anthem),210575,Hip-Hop
2024-11-06 01:32,Halsey,Castle,277623,pop
2024-11-06 01:35,Martin Garrix,In the Name of Love,195706,edm
2024-11-06 01:38,Alec Benjamin,Outrunning Karma,188850,pop
2024-11-06 01:42,Eminem,The Monster,250188,rap
2024-11-06 01:45,Stellar,Bad Dream,147840,k-pop
2024-11-06 01:48,Ellie Goulding,Hate Me,188066,female vocalists
2024-11-06 01:52,G-Eazy,Him & I (with Halsey),268866,Hip-Hop
2024-11-06 01:56,Bebe Rexha,I'm a Mess,195519,pop
2024-11-06 01:58,Black Gryph0n,Insane,159714,trance
2024-11-06 02:00,Royal & the Serpent,overwhelmed - Chri$tian Gate$ remix,134482,orchestra
2024-11-06 02:04,Alan Walker,Faded,212106,electronic
2024-11-06 02:07,Alec Benjamin,Boy In The Bubble,181705,pop
2024-11-06 02:11,ZAYN,Dusk Till Dawn (feat. Sia) - Radio Edit,239000,pop
2024-11-06 02:14,Bahari,Savage,164133,nightcore
2024-11-06 02:17,Olivia Rodrigo,good 4 u,178146,pop
2024-11-06 02:20,Marshmello,Silence,180822,edm
2024-11-06 02:22,Cheriimoya,"Living Life, In The Night",122517,german
2024-11-06 02:25,Alexander Rybak,Fairytale,183093,pop
2024-11-06 02:28,Imagine Dragons,Demons,175200,indie
2024-11-06 02:32,Hozier,Take Me to Church,241693,blues
2024-11-06 02:36,Ghost,Mary On A Cross,244804,metal
2024-11-06 02:40,Fall Out Boy,Centuries,228360,emo
2024-11-06 02:43,GAYLE,abcdefu,168601,worship
2024-11-06 02:45,Avicii,The Nights,176658,edm
2024-11-06 02:49,Halsey,Without Me,201660,pop
2024-11-06 02:52,Stellar,Ashes,166355,k-pop
2024-11-06 02:55,Clean Bandit,Solo (feat. Demi Lovato),222706,electronic
2024-11-06 02:59,League of Legends,Warriors,204586,Soundtrack
2024-11-06 03:02,Alan Walker,Sing Me to Sleep,187800,electronic
2024-11-06 03:05,Melanie Martinez,Soap,209426,pop
2024-11-06 03:09,Lil Nas X,INDUSTRY BABY (feat. Jack Harlow),212352,Hip-Hop
2024-11-06 03:12,Twenty One Pilots,Stressed Out,202333,electronic
2024-11-06 03:15,Duncan Laurence,Arcade,185146,pop
2024-11-06 03:19,Sabrina Carpenter,Thumbs,216466,pop
2024-11-06 03:23,Jaymes Young,Infinity,237720,indie
2024-11-06 03:26,Fitz and The Tantrums,HandClap,193253,soul
2024-11-06 03:30,Gym Class Heroes,Stereo Hearts (feat. Adam Levine),210960,Hip-Hop
2024-11-06 03:35,Avicii,Wake Me Up,247426,edm
2024-11-06 03:39,Imagine Dragons,Whatever It Takes,201240,indie
2024-11-06 03:42,BANNERS,Someone to You,219813,indie
2024-11-06 03:46,Alec Benjamin,If I Killed Someone For You,185122,pop
2024-11-06 03:49,Rag'n'Bone Man,Human,200186,soul
2024-11-06 03:51,Lil Nas X,Old Town Road,113000,Hip-Hop
2024-11-06 03:53,The Kid LAROI,STAY (with Justin Bieber),141805,rap
2024-11-06 03:57,Imagine Dragons,Monster,249493,indie
2024-11-06 04:01,Ellie Goulding,Burn,231213,female vocalists
2024-11-06 04:05,Alan Walker,Ignite,210288,electronic
2024-11-06 04:08,Eminem,Godzilla (feat. Juice WRLD),210800,rap
2024-11-06 04:12,Ruth B.,Dandelions,233720,pop
2024-11-06 04:16,NF,Let You Down,212120,Hip-Hop
2024-11-06 04:19,Charlie Puth,Attention,208786,soft pop
2024-11-06 04:22,grandson,Blood // Water - King Kavalier Remix,179374,alternative rock
2024-11-06 04:25,Alan Walker,All Falls Down (feat. Juliander),198880,electronic
2024-11-06 04:57,Melanie Martinez,Cake,193416,pop
2024-11-07 05:04,Melanie Martinez,Cake,7467,pop
2024-11-07 05:08,Glass Animals,Heat Waves,238805,electronic
2024-11-07 05:12,Imagine Dragons,Believer,204346,indie
2024-11-07 05:16,AURORA,Runaway,248826,norwegian pop
2024-11-07 05:21,Eminem,Love The Way You Lie,263373,rap
2024-11-07 05:23,Halsey,Gasoline,111535,pop
2024-11-07 05:26,The Chainsmokers,Something Just Like This,238111,electronic
2024-11-07 05:30,Sia,The Greatest,210920,female vocalists
2024-11-07 05:33,Kodaline,Brother,203186,indie rock
2024-11-07 05:37,Shawn Mendes,There's Nothing Holdin' Me Back,199440,pop
2024-11-07 06:27,Imagine Dragons,Bad Liar,44952,indie
2024-11-08 01:58,Taylor Swift,Look What You Made Me Do,3449,country
2024-11-08 01:58,Imagine Dragons,Bad Liar,753,indie
2024-11-08 01:59,Fall Out Boy,My Songs Know What You Did In The Dark (Light Em Up),9503,emo
2024-11-08 01:59,why mona,Wannabe,2191,indie
2024-11-08 01:59,Evanescence,Bring Me To Life,38620,alternative metal
2024-11-08 01:59,t.A.T.u.,All The Things She Said,3159,reggae
2024-11-08 01:59,Camila Cabello,My Oh My (feat. DaBaby),3145,pop
2024-11-08 01:59,One Direction,Drag Me Down,547,pop
2024-11-08 01:59,Jagwar Twin,Happy Face,7665,electronic
2024-11-08 01:59,OneRepublic,Rescue Me,505,soft pop
2024-11-08 01:59,Taylor Swift,I Knew You Were Trouble.,997,country
2024-11-08 01:59,BoyWithUke,Toxic,0,indie pop
2024-11-08 01:59,Bishop Briggs,River,563,indie
2024-11-08 01:59,Dxrk ダーク,RAVE,2608,phonk
2024-11-08 02:00,The Chainsmokers,Closer,275,electronic
2024-11-08 02:00,Bastille,Pompeii,62543,indie
2024-11-08 02:00,Olivia Rodrigo,traitor,661,pop
2024-11-08 02:00,Tate McRae,you broke me first,0,pop
2024-11-08 02:00,Tate McRae,you broke me first,30,pop
2024-11-08 02:00,Dorian Concept,Hide - CS01 Version,335,electronic
2024-11-08 02:00,Dorian Concept,Hide - CS01 Version,333,electronic
2024-11-08 02:00,Charli xcx,Guess featuring billie eilish,0,hyperpop
2024-11-08 02:00,Charli xcx,Guess featuring billie eilish,1275,hyperpop
2024-11-08 02:00,Olivia Rodrigo,love is embarrassing,1975,pop
2024-11-08 02:00,Ben E. King,Stand By Me,30,soul
2024-11-08 02:00,The Weeknd,Can't Feel My Face,496,rnb
2024-11-08 02:00,Sasha Alex Sloan,Dancing With Your Ghost,856,indie pop
2024-11-08 02:00,Sasha Alex Sloan,Dancing With Your Ghost,426,indie pop
2024-11-08 02:04,League of Legends,Legends Never Die,235000,Soundtrack
2024-11-08 02:08,League of Legends,Burn It All Down,201840,Soundtrack
2024-11-08 02:11,Woodkid,Run Boy Run,213266,chamber pop
2024-11-08 02:16,Au/Ra,Ghost,291916,pop
2024-11-08 02:16,Rihanna,Diamonds,1421,pop
2024-11-08 02:16,Lady Gaga,Poker Face,773,art pop
2024-11-08 02:16,Alan Walker,The Spectre,1423,electronic
2024-11-08 02:16,GAYLE,abcdefu (angrier),2028,worship
2024-11-08 02:16,League of Legends,Legends Never Die - (Remix),3166,Soundtrack
2024-11-08 02:16,Faouzia,Born Without a Heart,656,pop
2024-11-08 02:16,Billie Eilish,you should see me in a crown,1923,pop
2024-11-08 02:16,Maroon 5,Animals,2702,pop
2024-11-08 02:16,Lady Gaga,Bad Romance,1192,art pop
2024-11-08 02:16,Ruelle,War Of Hearts,6109,pop
2024-11-08 02:16,Jagwar Twin,Bad Feeling (Oompa Loompa),2112,electronic
2024-11-08 02:16,Marshmello,FRIENDS,1513,edm
2024-11-08 02:17,Clean Bandit,Rockabye (feat. Sean Paul & Anne-Marie),905,electronic
2024-11-08 02:20,David Guetta,Say My Name,198946,edm
2024-11-08 02:24,Imagine Dragons,It's Time,237986,indie
2024-11-08 02:27,Linkin Park,What I've Done,205226,nu metal
2024-11-08 02:41,Lady Gaga,Judas,207767,art pop
2024-11-08 19:03,Lady Gaga,Judas,29603,art pop
2024-11-09 02:38,Lady Gaga,Judas,12868,art pop
2024-11-09 02:54,Meghan Trainor,NO,145821,pop
2024-11-09 16:56,Lana Del Rey,Summertime Sadness,17771,female vocalists
2024-11-09 16:56,Indila,Tourner Dans Le Vide,858,french pop
2024-11-09 16:56,Billie Eilish,COPYCAT,897,pop
2024-11-09 17:00,League of Legends,Legends Never Die,235000,Soundtrack
2024-11-09 17:03,Gigi Perez,Sailor Song,211978,indie
2024-11-09 17:06,Arctic Monkeys,I Wanna Be Yours,183956,indie
2024-11-09 17:08,George Ezra,Blame It on Me,84908,indie
2024-11-09 17:11,Bastille,Good Grief,206493,indie
2024-11-09 17:15,Bastille,Flaws,218800,indie
2024-11-09 17:18,Benson Boone,Slow It Down,161831,pop
2024-11-09 17:22,Dirty Heads,Oxygen,225394,reggae rock
2024-11-09 17:27,Chappell Roan,Femininomenon,194714,pop
2024-11-09 21:37,Chappell Roan,Femininomenon,26177,pop
2024-11-09 21:39,Ariana Grande,the boy is mine,173639,pop
2024-11-09 21:43,Olivia Rodrigo,teenage dream,222358,pop
2024-11-09 21:47,Chappell Roan,Casual,232796,pop
2024-11-09 21:52,Wallows,Are You Bored Yet? (feat. Clairo),2952,indie
2024-11-09 21:52,Chappell Roan,Red Wine Supernova,170160,pop
2024-11-09 21:55,The Last Dinner Party,Nothing Matters,182623,seen live
2024-11-09 21:56,Chappell Roan,Pink Pony Club,80786,pop
2024-11-09 22:00,Devi Sri Prasad,"Oo Antava Oo Oo Antava (From ""Pushpa - The Rise"")(Telugu)",223325,telugu pop
2024-11-09 22:01,Benson Boone,Cry,28642,pop
2024-11-09 22:04,Devi Sri Prasad,"Oo Antava Oo Oo Antava (From ""Pushpa - The Rise"")(Telugu)",223325,telugu pop
2024-11-09 22:04,Billie Eilish,CHIHIRO,6331,pop
2024-11-09 22:04,Charli xcx,Club classics,1947,hyperpop
2024-11-09 22:08,Chappell Roan,My Kink Is Karma,222578,pop
2024-11-09 22:19,Benson Boone,Beautiful Things,39003,pop
2024-11-10 01:10,Ajay-Atul,Abhi Mujh Mein Kahin,364786,marathi pop
2024-11-10 01:24,Arijit Singh,Mast Magan,214213,hindi pop
2024-11-10 22:34,Arijit Singh,Mast Magan,3344,hindi pop
2024-11-10 22:34,Pritam,Kabira,934,bollywood
2024-11-10 22:34,Monali Thakur,Sawaar Loon,1831,bollywood
2024-11-10 22:34,Tanishk Bagchi,Bolna,3110,bollywood
2024-11-10 22:40,Amit Trivedi,Iktara,254720,bollywood
2024-11-10 22:49,Amit Trivedi,Tu Hi Hai,116284,bollywood
2024-11-10 22:53,Amit Trivedi,Love You Zindagi,232505,bollywood
2024-11-10 22:59,Kailash Kher,Teri Deewani,323520,sufi
2024-11-10 23:04,Kailash Kher,Saiyyan,343906,sufi
2024-11-10 23:09,Pritam,Te Amo (Duet),284723,bollywood
2024-11-10 23:14,Monty Sharma,Jab Se Tere Naina,284573,bollywood
2024-11-10 23:55,Shaan,Tum Ho Toh Lagta Hain,273236,bollywood
2024-11-11 17:07,Shaan,Tum Ho Toh Lagta Hain,600,bollywood
2024-11-11 18:27,Pritam,Ilahi,2459,bollywood
2024-11-11 18:27,Gajendra Verma,Mann Mera,2957,hindi pop
2024-11-11 18:27,Pritam,Dil Ibaadat,50,bollywood
2024-11-11 18:27,Pritam,Saudebazi (Encore),7022,bollywood
2024-11-11 18:27,Shaan,Tum Ho Toh Lagta Hain,20232,bollywood
2024-11-11 18:33,Vishal-Shekhar,Khuda Jaane,333583,bollywood
2024-11-11 18:36,Sachin-Jigar,Saibo,195253,gujarati pop
2024-11-11 18:41,Palak Muchhal,Chahun Main Ya Naa,304899,bollywood
2024-11-11 18:47,Mohammed Irfan,Phir Mohabbat,329851,hindi pop
2024-11-11 18:53,Ankit Tiwari,Galliyan,340399,bollywood
2024-11-11 18:57,Mohan Kannan,Chaandaniya,247862,bollywood
2024-11-11 19:02,Shantanu Moitra,Behti Hawa Sa Tha Woh,302142,bollywood
2024-11-11 19:14,Sona Mohapatra,Ambarsariya,120791,bollywood
2024-11-11 20:23,Sona Mohapatra,Ambarsariya,127406,bollywood
2024-11-11 20:27,Jawad Ahmad,Samjhawan,269184,bollywood
2024-11-11 20:37,Nandini Srikar,Bhare Naina,360791,bollywood
2024-11-11 20:41,Pritam,Kabira (Encore),270438,bollywood
2024-11-11 20:46,Armaan Malik,Bol Do Na Zara,292826,hindi pop
2024-11-11 20:51,Rochak Kohli,Tera Yaar Hoon Main,264805,bollywood
2024-11-11 20:55,Sultana,Patakha Guddi,285185,Hip-Hop
2024-11-11 20:59,A.R. Rahman,Maahi Ve,240784,tamil pop
2024-11-11 21:03,Rochak Kohli,Yahin Hoon Main,238120,bollywood
2024-11-11 21:08,Arijit Singh,Roke Na Ruke Naina,278401,hindi pop
2024-11-11 21:14,Vishal-Shekhar,Aas Paas Khuda,319115,bollywood
2024-11-11 21:17,Shankar Mahadevan,Koyi Jo Mila Toh Mujeh Aisa Lagata Tha,185720,bollywood
2024-11-11 21:18,Atif Aslam,Tera Hone Laga Hoon,56166,bollywood
2024-11-11 21:22,Pritam,Janam Janam,237896,bollywood
2024-11-11 21:22,Pritam,"Channa Mereya (From ""Ae Dil Hai Mushkil"")",33030,bollywood
2024-11-11 21:26,A.R. Rahman,"Enna Sona (From ""OK Jaanu"")",213632,tamil pop
2024-11-11 21:57,Pritam,"Safar (From ""Jab Harry Met Sejal"")",33924,bollywood
2024-11-12 00:49,Pritam,"Safar (From ""Jab Harry Met Sejal"")",269593,bollywood
2024-11-12 16:47,Pritam,"Safar (From ""Jab Harry Met Sejal"")",63432,bollywood
2024-11-12 16:52,Bobby-Imran,Tu Har Lamha,272869,bollywood
2024-11-12 16:56,Arijit Singh,"Pal (From ""Monsoon Shootout"")",288000,hindi pop
2024-11-12 17:16,Jeet Gannguli,Hamari Adhuri Kahani (Title Track),96827,bangla pop
2024-11-12 17:25,Jeet Gannguli,Hamari Adhuri Kahani (Title Track),941,bangla pop
2024-11-12 17:30,Arijit Singh,Humdard,260590,hindi pop
2024-11-12 17:32,Alka Yagnik,Agar Tum Saath Ho,114849,bollywood
2024-11-12 17:36,Amaal Mallik,Soch Na Sake,281322,bollywood
2024-11-12 17:40,Shafqat Amanat Ali,Allah Waariyan,2464,bollywood
2024-11-12 17:40,Akhil,"Duniyaa (From ""Luka Chuppi"")",215617,hindi pop
2024-11-12 17:45,Anu Malik,Moh Moh Ke Dhaage (Female),322899,bollywood
2024-11-12 18:12,Pritam,Itni Si Baat Hain,69219,bollywood
2024-11-12 22:14,Ankit Tiwari,Agar Tu Hota,1909,bollywood
2024-11-12 22:18,League of Legends,Legends Never Die,235000,Soundtrack
2024-11-12 22:20,Sub Urban,INFERNO,133133,noise
2024-11-12 22:22,Faouzia,Tears of Gold,145457,pop
2024-11-12 22:22,Imagine Dragons,Natural,1245,indie
2024-11-12 22:22,Bahari,Savage,1839,nightcore
2024-11-12 22:22,Imagine Dragons,Whatever It Takes,2481,indie
2024-11-12 22:22,K/DA,MORE,1130,traditional music
2024-11-12 22:22,Sabrina Carpenter,Looking at Me,1006,pop
2024-11-12 22:26,League of Legends,RISE,192881,Soundtrack
2024-11-12 22:29,Eminem,Godzilla (feat. Juice WRLD),210800,rap
2024-11-12 22:32,5 Seconds of Summer,Youngblood,203417,pop rock
2024-11-12 22:36,League of Legends,GODS,220878,Soundtrack
2024-11-12 22:40,Poylow,Hate You,180000,slap house
2024-11-12 22:43,Indila,Dernière danse,213493,french pop
2024-11-12 22:46,Selena Gomez,People You Know,194900,pop
2024-11-12 23:41,Imagine Dragons,Warriors,98071,indie
2024-11-13 03:55,Imagine Dragons,Warriors,803,indie
2024-11-13 03:56,Imagine Dragons,Sharks,1444,indie
2024-11-13 03:59,Twenty One Pilots,Stressed Out,202333,electronic
2024-11-13 04:02,5 Seconds of Summer,Teeth,205502,pop rock
2024-11-13 04:15,Woodkid,Run Boy Run,213266,chamber pop
2024-11-13 04:17,ElyOtto,SugarCrash!,80080,hyperpop
2024-11-13 04:22,Maroon 5,Maps,336322,pop
2024-11-13 04:45,Alec Benjamin,If We Have Each Other,46689,pop
2024-11-13 23:37,Alec Benjamin,If We Have Each Other,3481,pop
2024-11-13 23:42,G-Eazy,Him & I (with Halsey),268866,Hip-Hop
2024-11-13 23:45,League of Legends,Phoenix,197633,Soundtrack
2024-11-13 23:49,Alan Walker,Ignite,210288,electronic
2024-11-13 23:53,Taylor Swift,Don’t Blame Me,236413,country
2024-11-13 23:56,NF,Let You Down,212120,Hip-Hop
2024-11-13 23:59,Imagine Dragons,Bones,165264,indie
2024-11-14 00:02,Twenty One Pilots,Heathens,195920,electronic
2024-11-14 00:06,Blackway,What's Up Danger (with Black Caviar),222306,Italo Disco
2024-11-14 00:41,Imagine Dragons,Thunder,100334,indie
2024-11-14 16:44,Imagine Dragons,Thunder,642,indie
2024-11-14 16:46,Alec Benjamin,Let Me Down Slowly,169353,pop
2024-11-14 16:50,Ellise,911,188386,indie pop
2024-11-14 16:54,Shawn Mendes,Mercy,208733,pop
2024-11-14 16:57,Billie Eilish,lovely (with Khalid),200185,pop
2024-11-14 17:00,League of Legends,Burn It All Down,201840,Soundtrack
2024-11-14 17:02,Cheriimoya,"Living Life, In The Night",122517,german
2024-11-14 17:06,League of Legends,Legends Never Die,235000,Soundtrack
2024-11-14 17:34,CARYS,Princesses Don't Cry,190761,pop
2024-11-14 22:44,Fall Out Boy,Immortals,3184,emo
2024-11-14 22:47,Sub Urban,Freak (feat. REI AMI),194000,noise
2024-11-14 22:51,Sub Urban,Cradles,209829,noise
2024-11-14 22:55,Imagine Dragons,Monster,249493,indie
2024-11-14 22:59,Imagine Dragons,It's Time,237986,indie
2024-11-14 23:03,Fall Out Boy,Centuries,228360,emo
2024-11-14 23:06,Alan Walker,Alone,160426,electronic
2024-11-14 23:25,Måneskin,I WANNA BE YOUR SLAVE,131227,rock
2024-11-15 00:51,Måneskin,I WANNA BE YOUR SLAVE,43248,rock
2024-11-15 00:54,Trevor Daniel,Falling,159381,pop
2024-11-15 00:58,The Neighbourhood,Sweater Weather,240400,indie
2024-11-15 01:06,Alec Benjamin,If I Killed Someone For You,185122,pop
2024-11-15 01:10,K/DA,VILLAIN,199125,traditional music
2024-11-15 01:13,Lil Nas X,STAR WALKIN' (League of Legends Worlds Anthem),210575,Hip-Hop
2024-11-15 01:16,grandson,Blood // Water - King Kavalier Remix,179374,alternative rock
2024-11-15 01:19,ROSÉ,APT.,169917,pop
2024-11-15 01:22,K/DA,THE BADDEST,162600,traditional music
2024-11-15 01:25,K/DA,POP/STARS,191100,traditional music
2024-11-15 01:28,David Guetta,Say My Name,198946,edm
2024-11-15 02:03,League of Legends,Warriors,133453,Soundtrack
2024-11-15 22:49,League of Legends,Warriors,72292,Soundtrack
2024-11-15 22:51,Ryan Mack,Overwhelmed (Ryan Mack Remix),103240,pop
2024-11-15 22:52,Elley Duhé,MIDDLE OF THE NIGHT,25905,pop
2024-11-15 22:54,Madison Beer,Good In Goodbye,141949,pop
2024-11-15 22:58,Ghost,Mary On A Cross,244804,metal
2024-11-15 23:01,Black Gryph0n,Insane,159714,trance
2024-11-15 23:04,Imagine Dragons,Demons,175200,indie
2024-11-15 23:08,Bobby-Imran,Tu Har Lamha,272869,bollywood
2024-11-15 23:12,KALEO,Way down We Go,213706,rock
2024-11-15 23:15,Rag'n'Bone Man,Human,200186,soul
2024-11-15 23:17,Lil Nas X,MONTERO (Call Me By Your Name),137704,Hip-Hop
2024-11-15 23:20,Alec Benjamin,Boy In The Bubble,181705,pop
2024-11-15 23:23,Imagine Dragons,Enemy (with JID) - from the series Arcane League of Legends,173381,indie
2024-11-15 23:27,Hugh Jackman,The Other Side,214373,musicals
2024-11-15 23:30,Melanie Martinez,"Tag, You're It",189026,pop
2024-11-15 23:33,Imagine Dragons,Believer,204346,indie
2024-11-15 23:37,Lindsey Stirling,Roundtable Rival,203279,violin
2024-11-15 23:40,The Chainsmokers,Don't Let Me Down,208373,electronic
2024-11-15 23:44,Sub Urban,Freak (feat. REI AMI),194000,noise
2024-11-15 23:47,Linkin Park,Numb,187520,nu metal
2024-11-15 23:51,Bea Miller,Playground (from the series Arcane League of Legends),230525,pop
2024-11-15 23:55,The Neighbourhood,Sweater Weather,240400,indie
2024-11-15 23:58,Twenty One Pilots,Heathens,195920,electronic
2024-11-16 00:01,CARYS,Princesses Don't Cry,212106,pop
2024-11-16 00:20,Sub Urban,INFERNO,43605,noise
2024-11-16 17:03,Sub Urban,INFERNO,561,noise
2024-11-16 17:06,Måneskin,Beggin',211560,rock
2024-11-16 17:10,League of Legends,GODS,220878,Soundtrack
2024-11-16 17:13,Ellise,911,188386,indie pop
2024-11-16 17:14,Billie Eilish,lovely (with Khalid),23233,pop
2024-11-16 17:17,Bebe Rexha,I'm a Mess,195519,pop
2024-11-16 17:21,CADMIUM,No Friends,235023,symphonic metal
2024-11-16 17:24,League of Legends,RISE,192881,Soundtrack
2024-11-16 18:28,grandson,Blood // Water - King Kavalier Remix,127558,alternative rock
2024-11-16 21:40,grandson,Blood // Water - King Kavalier Remix,51817,alternative rock
2024-11-16 21:44,Taylor Swift,Don’t Blame Me,236413,country
2024-11-16 21:48,Camila Cabello,Shameless,219742,pop
2024-11-16 21:51,NF,Let You Down,212120,Hip-Hop
2024-11-16 21:54,League of Legends,Phoenix,197633,Soundtrack
2024-11-16 21:59,Coldplay,Hymn for the Weekend,258266,rock
2024-11-16 22:02,David Guetta,"Hey Mama (feat. Nicki Minaj, Bebe Rexha & Afrojack)",192560,edm
2024-11-16 22:05,K/DA,VILLAIN,199125,traditional music
2024-11-16 22:10,Hozier,Take Me to Church,241693,blues
2024-11-16 22:14,League of Legends,Legends Never Die,235000,Soundtrack
2024-11-16 22:18,BANNERS,Someone to You,219813,indie
2024-11-16 22:22,Macklemore,Can't Hold Us (feat. Ray Dalton),258431,Hip-Hop
2024-11-16 22:26,Cartoon,Howling,204549,Progressive rock
2024-11-16 22:29,Linkin Park,In the End,216800,nu metal
2024-11-16 22:33,League of Legends,Burn It All Down,201840,Soundtrack
2024-11-16 22:34,ElyOtto,SugarCrash!,80080,hyperpop
2024-11-16 22:36,The Kid LAROI,STAY (with Justin Bieber),141805,rap
2024-11-16 22:40,K/DA,POP/STARS,191100,traditional music
2024-11-16 22:42,Stellar,Blur,131428,k-pop
2024-11-16 22:45,Selena Gomez,People You Know,194900,pop
2024-11-16 22:47,Halsey,Walls Could Talk,101789,pop
2024-11-16 22:50,Imagine Dragons,Bones,165264,indie
2024-11-17 00:23,5 Seconds of Summer,Teeth,171232,pop rock
2024-11-18 22:53,5 Seconds of Summer,Teeth,35276,pop rock
2024-11-18 22:57,Cartoon,On & On,207068,Progressive rock
2024-11-18 23:50,K/DA,THE BADDEST,23403,traditional music
2024-11-19 16:16,K/DA,THE BADDEST,748,traditional music
2024-11-19 16:20,Selena Gomez,Wolves,197993,pop
2024-11-19 16:22,Blackway,What's Up Danger (with Black Caviar),154924,Italo Disco
2024-11-19 16:26,David Guetta,Say My Name,198946,edm
2024-11-19 16:29,Fall Out Boy,Centuries,228360,emo
2024-11-19 16:41,Sabrina Carpenter,Looking at Me,25463,pop
2024-11-20 23:13,Imagine Dragons,Enemy - From the series Arcane League of Legends,1020,indie
2024-11-20 23:13,The Chainsmokers,Closer,812,electronic
2024-11-20 23:13,Sub Urban,Cradles,828,noise
2024-11-20 23:13,Olivia Rodrigo,good 4 u,833,pop
2024-11-20 23:13,Sabrina Carpenter,Looking at Me,343,pop
2024-11-20 23:13,blackbear,idfc,774,electronic
2024-11-20 23:17,Sub Urban,Cradles,209829,noise
2024-11-20 23:20,blackbear,idfc,207026,electronic
2024-11-20 23:24,David Guetta,Titanium (feat. Sia),245040,edm
2024-11-20 23:27,Black Gryph0n,Insane,159714,trance
2024-11-20 23:29,Ryan Mack,Overwhelmed (Ryan Mack Remix),103240,pop
2024-11-20 23:32,ROSÉ,APT.,169917,pop
2024-11-20 23:36,Halsey,Castle,277623,pop
2024-11-21 00:00,League of Legends,Warriors,166066,Soundtrack
2024-11-21 16:07,Harry James,"It's Been a Long, Long Time",75824,big band
2024-11-22 05:33,5 Seconds of Summer,Youngblood,203417,pop rock
2024-11-22 05:36,Poylow,Hate You,180000,slap house
2024-11-22 05:38,Madison Beer,Good In Goodbye,141949,pop
2024-11-22 05:39,Woodkid,To Ashes and Blood (from the series Arcane League of Legends),31462,chamber pop
2024-11-22 05:41,Madison Beer,Good In Goodbye,141949,pop
2024-11-22 05:45,Woodkid,To Ashes and Blood (from the series Arcane League of Legends),245626,chamber pop
2024-11-22 06:03,Halsey,Colors,31384,pop
2024-11-22 20:10,Halsey,Colors,218133,pop
2024-11-22 20:17,AURORA,Cure For Me,201640,norwegian pop
2024-11-22 20:19,Cheriimoya,"Living Life, In The Night",122517,german
2024-11-22 20:23,Twenty One Pilots,Ride,214506,electronic
2024-11-22 20:26,Shawn Mendes,Stitches,206880,pop
2024-11-22 20:30,grandson,Blood // Water,216720,alternative rock
2024-11-22 20:56,Halsey,Without Me,102562,pop
2024-11-22 22:28,Halsey,Without Me,100394,pop
2024-11-22 22:31,Royal & the Serpent,overwhelmed,159293,orchestra
2024-11-22 22:35,Ghost,Mary On A Cross,244804,metal
2024-11-22 22:38,Rixton,Me And My Broken Heart,193733,pop
2024-11-22 22:41,Shawn Mendes,Mercy,208733,pop
2024-11-22 22:45,The Weeknd,Starboy,230453,rnb
2024-11-22 22:49,Twenty One Pilots,Stressed Out,202333,electronic
2024-11-22 22:53,Sia,Chandelier,198467,female vocalists
2024-11-22 22:56,Sam Tinnesz,Play with Fire (feat. Yacht Money),180690,alternative
2024-11-22 22:59,Stellar,Ashes,166355,k-pop
2024-11-22 23:08,Shawn Mendes,Treat You Better,192324,pop
2024-11-22 23:11,Alan Walker,Ignite,210288,electronic
2024-11-22 23:14,Dove Cameron,Boyfriend,153000,pop
2024-11-22 23:20,Alexander Rybak,Fairytale,355606,pop
2024-11-22 23:25,Halsey,Gasoline,199593,pop
2024-11-22 23:30,NF,Paralyzed,270453,Hip-Hop
2024-11-22 23:33,Imagine Dragons,Whatever It Takes,201240,indie
2024-11-22 23:37,Fall Out Boy,The Phoenix,244960,emo
2024-11-22 23:41,Linkin Park,What I've Done,205226,nu metal
2024-11-22 23:45,Sam Tinnesz,Legends Are Made,169758,alternative
2024-11-22 23:48,Halsey,Control,214761,pop
2024-11-22 23:51,Post Malone,Sunflower - Spider-Man: Into the Spider-Verse,157560,Hip-Hop
2024-11-22 23:54,Melanie Martinez,Play Date,179867,pop
2024-11-22 23:57,Maroon 5,Maps,189960,pop
2024-11-23 00:00,Alec Benjamin,If I Killed Someone For You,185122,pop
2024-11-23 00:03,Shawn Mendes,There's Nothing Holdin' Me Back,199440,pop
2024-11-23 00:08,AURORA,Runaway,248826,norwegian pop
2024-11-23 00:11,Sia,"Genius (feat. Sia, Diplo, and Labrinth)",213706,female vocalists
2024-11-23 00:39,Melanie Martinez,Soap,68079,pop
2024-11-23 01:08,Melanie Martinez,Soap,141349,pop
2024-11-23 01:18,NF,The Search,28594,Hip-Hop
2024-11-23 04:02,NF,The Search,185848,Hip-Hop
2024-11-24 05:36,Harry James,"It's Been A Long, Long Time - Instrumental",851,big band
2024-11-24 05:43,League of Legends,Legends Never Die,235000,Soundtrack
2024-11-24 05:46,League of Legends,Burn It All Down,201840,Soundtrack
2024-11-24 05:50,True Damage,GIANTS,191720,electronic
2024-11-24 05:52,Lorde,Everybody Wants To Rule The World - From “The Hunger Games: Catching Fire” Soundtrack,155586,pop
2024-11-24 05:58,K/DA,MORE,130903,traditional music
2024-11-24 06:01,Bea Miller,Playground (from the series Arcane League of Legends),120003,pop
2024-11-24 06:07,Arcane,Sucker (from the series Arcane League of Legends),80122,Progressive metal
2024-11-24 06:08,Arcane,Hellfire (from the series Arcane League of Legends),72573,Progressive metal
2024-11-24 06:10,Arcane,To Ashes and Blood (from the series Arcane League of Legends),105954,Progressive metal
2024-11-24 06:11,Arcane,Paint The Town Blue (from the series Arcane League of Legends),74805,Progressive metal
2024-11-24 06:12,Arcane,The Beast (from the series Arcane League of Legends),33712,Progressive metal
2024-11-24 06:12,Arcane,Remember Me (Intro) (from the series Arcane League of Legends),33324,Progressive metal
2024-11-24 06:14,Arcane,Blood Sweat & Tears (from the series Arcane League of Legends),88827,Progressive metal
2024-11-24 06:17,Arcane,The Line (from the series Arcane League of Legends),192000,Progressive metal
2024-11-24 06:19,Arcane,Wasteland (from the series Arcane League of Legends),141970,Progressive metal
2024-11-24 06:20,PVRIS,Snakes (from the series Arcane League of Legends),55000,alternative rock
2024-11-25 05:50,Arcane,The Line (from the series Arcane League of Legends),3210,Progressive metal
2024-11-25 05:50,NF,The Search,563,Hip-Hop
2024-11-25 05:54,Arcane,The Line (from the series Arcane League of Legends),192000,Progressive metal
2024-11-25 05:58,League of Legends,Legends Never Die,235000,Soundtrack
2024-11-25 06:01,Gigi Perez,Sailor Song,211978,indie
2024-11-25 06:04,Arctic Monkeys,I Wanna Be Yours,183956,indie
2024-11-25 06:08,George Ezra,Blame It on Me,196400,indie
2024-11-25 06:11,Bastille,Good Grief,206493,indie
2024-11-25 06:15,Bastille,Flaws,218800,indie
2024-11-25 06:18,Benson Boone,Slow It Down,161831,pop
2024-11-25 06:39,Dirty Heads,Oxygen,225394,reggae rock
2024-11-25 06:43,Chappell Roan,Femininomenon,219710,pop
2024-11-25 06:46,Ariana Grande,the boy is mine,173639,pop
2024-11-25 06:50,Olivia Rodrigo,teenage dream,222358,pop
2024-11-25 06:54,Chappell Roan,Casual,232796,pop
2024-11-25 08:19,Gigi Perez,Sailor Song,508,indie
2024-11-25 08:19,George Ezra,Blame It on Me,655,indie
2024-11-25 08:19,Chappell Roan,Casual,987,pop
2024-11-25 08:19,Chappell Roan,Red Wine Supernova,128745,pop
2024-11-25 08:19,Bastille,Good Grief,571,indie
2024-11-25 08:19,Chappell Roan,Femininomenon,500,pop
2024-11-25 08:19,Bastille,Flaws,67,indie
2024-11-25 08:19,Arctic Monkeys,I Wanna Be Yours,694,indie
2024-11-25 08:19,Olivia Rodrigo,teenage dream,763,pop
2024-11-25 08:19,Dirty Heads,Oxygen,824,reggae rock
2024-11-25 08:19,Benson Boone,Slow It Down,889,pop
2024-11-25 08:19,League of Legends,Legends Never Die,711,Soundtrack
2024-11-25 08:19,Ariana Grande,the boy is mine,140,pop
2024-11-25 08:22,Arcane,The Line (from the series Arcane League of Legends),192000,Progressive metal
2024-11-25 08:26,Dirty Heads,Oxygen,225394,reggae rock
2024-11-25 08:30,League of Legends,Legends Never Die,235000,Soundtrack
2024-11-25 08:33,Gigi Perez,Sailor Song,174329,indie
2024-11-25 08:35,Arctic Monkeys,I Wanna Be Yours,133314,indie
2024-11-25 08:39,Arctic Monkeys,505,253586,indie
2024-11-25 08:40,George Ezra,Blame It on Me,38641,indie
2024-11-25 08:43,Bastille,Good Grief,206493,indie
2024-11-25 08:47,Bastille,Flaws,218800,indie
2024-11-25 08:50,Benson Boone,Slow It Down,161831,pop
2024-11-25 08:54,Chappell Roan,Femininomenon,219710,pop
2024-11-25 08:56,Ariana Grande,the boy is mine,173639,pop
2024-11-25 09:00,Olivia Rodrigo,teenage dream,222358,pop
2024-11-25 09:05,Chappell Roan,Casual,232796,pop
2024-11-25 09:09,Chappell Roan,Red Wine Supernova,192720,pop
2024-11-25 09:12,Wallows,Are You Bored Yet? (feat. Clairo),178000,indie
2024-11-25 09:15,The Last Dinner Party,Nothing Matters,182623,seen live
2024-11-25 09:19,Chappell Roan,Pink Pony Club,258034,pop
2024-11-25 09:34,Benson Boone,Cry,62751,pop
2024-11-25 18:30,Benson Boone,Cry,720,pop
2024-11-25 21:34,Gigi Perez,Sailor Song,544,indie
2024-11-25 21:34,George Ezra,Blame It on Me,563,indie
2024-11-25 21:34,Chappell Roan,Casual,715,pop
2024-11-25 21:34,Wallows,Are You Bored Yet? (feat. Clairo),591,indie
2024-11-25 21:34,Chappell Roan,Red Wine Supernova,534,pop
2024-11-25 21:34,Bastille,Good Grief,575,indie
2024-11-25 21:34,Chappell Roan,Femininomenon,690,pop
2024-11-25 21:34,Chappell Roan,Pink Pony Club,1871,pop
2024-11-25 21:34,Bastille,Flaws,499,indie
2024-11-25 21:34,The Last Dinner Party,Nothing Matters,893,seen live
2024-11-25 21:34,Arctic Monkeys,I Wanna Be Yours,487,indie
2024-11-25 21:34,Olivia Rodrigo,teenage dream,805,pop
2024-11-25 21:34,Dirty Heads,Oxygen,633,reggae rock
2024-11-25 21:34,Benson Boone,Slow It Down,621,pop
2024-11-25 21:34,League of Legends,Legends Never Die,472,Soundtrack
2024-11-25 21:34,Ariana Grande,the boy is mine,768,pop
2024-11-25 21:34,Benson Boone,Cry,22332,pop
2024-11-25 21:37,Arcane,The Line (from the series Arcane League of Legends),192000,Progressive metal
2024-11-25 21:41,Dirty Heads,Oxygen,225394,reggae rock
2024-11-25 21:45,League of Legends,Legends Never Die,235000,Soundtrack
2024-11-25 21:46,Gigi Perez,Sailor Song,37517,indie
2024-11-25 21:46,Arctic Monkeys,I Wanna Be Yours,52301,indie
2024-11-25 21:47,George Ezra,Blame It on Me,6445,indie
2024-11-25 21:50,Bastille,Good Grief,206493,indie
2024-11-25 21:54,Bastille,Flaws,218800,indie
2024-11-25 21:56,Benson Boone,Slow It Down,109524,pop
2024-11-25 21:58,Chappell Roan,Casual,7809,pop
2024-11-25 21:58,Wallows,Are You Bored Yet? (feat. Clairo),2555,indie
2024-11-25 21:58,Chappell Roan,Red Wine Supernova,1161,pop
2024-11-25 21:58,Chappell Roan,Femininomenon,148290,pop
2024-11-25 21:58,Olivia Rodrigo,teenage dream,1891,pop
2024-11-25 21:58,Ariana Grande,the boy is mine,1336,pop
2024-11-25 22:01,The Last Dinner Party,Nothing Matters,182623,seen live
2024-11-25 22:06,Chappell Roan,Pink Pony Club,258034,pop
2024-11-25 22:09,Benson Boone,Cry,186359,pop
2024-11-25 22:14,Billie Eilish,CHIHIRO,303440,pop
2024-11-25 22:16,Charli xcx,Club classics,153526,hyperpop
2024-11-25 22:48,Chappell Roan,My Kink Is Karma,130393,pop
2024-11-26 22:24,Arcane,The Line (from the series Arcane League of Legends),192000,Progressive metal
2024-11-26 22:27,Benson Boone,Beautiful Things,180304,pop
2024-11-26 22:29,Shaboozey,A Bar Song (Tipsy),109896,country
2024-11-26 22:31,Mitski,My Love Mine All Mine,137773,seen live
2024-11-26 22:35,beabadoobee,A Night To Remember,233388,bedroom pop
2024-11-26 22:38,Billie Eilish,BIRDS OF A FEATHER,210373,pop
2024-11-26 22:43,fun.,Carry On,278373,indie pop
2024-11-26 22:49,Billie Eilish,L’AMOUR DE MA VIE,333986,pop
2024-11-26 22:52,Billie Eilish,THE DINER,186346,pop
2024-11-26 22:55,Billie Eilish,WILDFLOWER,203744,pop
2024-11-26 22:59,Conan Gray,Family Line,216094,seen live
2024-11-27 00:23,Metro Boomin,Creepin' (with The Weeknd & 21 Savage),93515,trap
2024-11-28 01:01,Metro Boomin,Creepin' (with The Weeknd & 21 Savage),129015,trap
2024-11-28 01:04,Conan Gray,Family Line,216094,seen live
2024-11-28 01:06,Arctic Monkeys,505,100380,indie
2024-11-28 01:09,Arctic Monkeys,505,153208,indie
2024-11-28 01:11,lilster,Barbie (Can You Play Ken?),173735,jersey club
2024-11-28 01:15,Lana Del Rey,Young And Beautiful,236053,female vocalists
2024-11-28 01:19,Olivia Rodrigo,ballad of a homeschooled girl,203369,pop
2024-11-28 01:22,Olivia Rodrigo,obsessed,170541,pop
2024-11-28 01:23,Chappell Roan,"Good Luck, Babe!",104492,pop
2024-11-28 01:26,Ashnikko,Daisy,146523,Hip-Hop
2024-11-28 01:30,Fitz and The Tantrums,Out of My League,209386,soul
2024-11-28 02:14,New West,Those Eyes,78280,seen live
2024-11-28 07:20,New West,Those Eyes,143592,seen live
2024-11-28 07:28,Anuv Jain,Riha,473499,indian indie
2024-11-28 07:30,Olivia Rodrigo,favorite crime,152666,pop
2024-11-28 07:33,Olivia Rodrigo,all-american bitch,165833,pop
2024-11-28 07:36,Olivia Rodrigo,deja vu,215506,pop
2024-11-28 07:40,Olivia Rodrigo,bad idea right?,184783,pop
2024-11-28 07:43,Olivia Rodrigo,vampire,219724,pop
2024-11-28 07:47,The Weeknd,"One Of The Girls (with JENNIE, Lily Rose Depp)",244684,rnb
2024-11-28 07:50,Post Malone,Hollywood's Bleeding,156266,Hip-Hop
2024-11-28 07:53,The Buttress,Brutus (Instrumental),200000,Horrorcore
2024-11-28 07:59,Belle Sisoski,Hold On,336000,hip hop
2024-11-28 08:03,Grimes,Kill V. Maim,246013,art pop
2024-11-28 08:06,Caroline Polachek,Sunset,162909,art pop
2024-11-28 08:24,Lou Bliss,Killing Butterflies,161076,
2024-11-28 16:52,Lou Bliss,Killing Butterflies,630,
2024-11-28 16:55,Billie Eilish,watch,177523,pop
2024-11-28 16:58,League of Legends,Burn It All Down,201840,Soundtrack
2024-11-28 17:00,Otaku,Kyoran Hey Kids!! (Noragami Aragoto),109732,lo-fi
2024-11-28 17:18,Noah Cyrus,July,21445,pop
2024-11-29 01:32,Noah Cyrus,July,134672,pop
2024-11-29 01:35,All Time Low,Monsters (feat. blackbear),174067,pop punk
2024-11-29 01:39,MAGIC!,Rude,224840,reggae
2024-11-29 01:49,Bryce Fox,Golden Boy,3922,alternative
2024-11-29 21:02,Paris Paloma,labour,237744,seen live
2024-11-29 21:05,Kali Uchis,Melting,208853,rnb
2024-11-29 21:08,Lizzy McAlpine,ceilings,182887,indie pop
2024-11-29 21:12,BLACKPINK,Kill This Love,191050,k-pop
2024-11-29 21:16,Rebel Moves,Every When,260527,turkish
2024-11-29 21:21,RAYE,Escapism.,272373,pop
2024-11-29 21:23,SZA,Kill Bill,153946,rnb
2024-11-29 21:26,Anne-Marie,PSYCHO,162666,pop
2024-11-29 22:21,Stephen Sanchez,Until I Found You (with Em Beihold) - Em Beihold Version,152453,folk
2024-11-30 08:00,Stephen Sanchez,Until I Found You (with Em Beihold) - Em Beihold Version,19274,folk
2024-11-30 08:01,Oliver Tree,Miss You - Bonus Track,3920,electronic
2024-11-30 08:04,COIN,Crash My Car,188306,indie
2024-11-30 08:13,BoyWithUke,Sick of U (with Oliver Tree),168676,indie pop
2024-11-30 08:35,Sachin-Jigar,Saibo,124937,gujarati pop
2024-11-30 17:01,Sachin-Jigar,Saibo,70339,gujarati pop
2024-11-30 17:04,WILLOW,Wait a Minute!,2549,post-rock
2024-11-30 17:04,Taylor Swift,Lavender Haze,202395,country
2024-11-30 17:08,Arcane,The Line (from the series Arcane League of Legends),192000,Progressive metal
2024-11-30 17:11,League of Legends,Legends Never Die,235000,Soundtrack
2024-11-30 17:15,Gigi Perez,Sailor Song,211978,indie
2024-11-30 17:18,Arctic Monkeys,I Wanna Be Yours,183956,indie
2024-11-30 17:21,George Ezra,Blame It on Me,196400,indie
2024-11-30 17:25,Bastille,Good Grief,206493,indie
2024-11-30 19:27,Bastille,Flaws,93903,indie
2024-11-30 21:39,Bastille,Flaws,655,indie
2024-11-30 21:42,Benson Boone,Slow It Down,161831,pop
2024-11-30 21:46,Dirty Heads,Oxygen,225394,reggae rock
2024-11-30 21:50,Chappell Roan,Femininomenon,219710,pop
2024-11-30 21:53,Ariana Grande,the boy is mine,173639,pop
2024-11-30 21:56,Olivia Rodrigo,teenage dream,222358,pop
2024-11-30 22:00,Chappell Roan,Casual,232796,pop
2024-11-30 22:04,Chappell Roan,Red Wine Supernova,192720,pop
2024-11-30 22:07,Wallows,Are You Bored Yet? (feat. Clairo),178000,indie
2024-11-30 22:10,The Last Dinner Party,Nothing Matters,182623,seen live
2024-11-30 22:14,Chappell Roan,Pink Pony Club,258034,pop
2024-11-30 22:17,Benson Boone,Cry,186359,pop
2024-11-30 22:22,Billie Eilish,CHIHIRO,303440,pop
2024-11-30 22:25,Charli xcx,Club classics,153526,hyperpop
2024-11-30 22:28,Chappell Roan,My Kink Is Karma,222578,pop
2024-11-30 22:31,Benson Boone,Beautiful Things,180304,pop
2024-11-30 22:34,Shaboozey,A Bar Song (Tipsy),171291,country
2024-11-30 22:37,Mitski,My Love Mine All Mine,137773,seen live
2024-11-30 22:40,beabadoobee,A Night To Remember,233388,bedroom pop
2024-11-30 22:44,Billie Eilish,BIRDS OF A FEATHER,210373,pop
2024-11-30 22:49,fun.,Carry On,278373,indie pop
2024-11-30 22:54,Billie Eilish,L’AMOUR DE MA VIE,333986,pop
2024-11-30 22:57,Billie Eilish,THE DINER,186346,pop
2024-11-30 23:02,Billie Eilish,WILDFLOWER,261466,pop
2024-11-30 23:05,Metro Boomin,Creepin' (with The Weeknd & 21 Savage),221520,trap
2024-11-30 23:09,Conan Gray,Family Line,216094,seen live
2024-11-30 23:13,Arctic Monkeys,505,253586,indie
2024-11-30 23:16,lilster,Barbie (Can You Play Ken?),173735,jersey club
2024-11-30 23:20,Lana Del Rey,Young And Beautiful,236053,female vocalists
2024-11-30 23:23,Olivia Rodrigo,ballad of a homeschooled girl,203369,pop
2024-11-30 23:26,Olivia Rodrigo,obsessed,170541,pop
2024-11-30 23:30,Chappell Roan,"Good Luck, Babe!",218423,pop
2024-11-30 23:32,Ashnikko,Daisy,146523,Hip-Hop
2024-12-01 01:10,Fitz and The Tantrums,Out of My League,137229,soul
2024-12-01 20:07,Fitz and The Tantrums,Out of My League,7233,soul
2024-12-01 20:16,Salim Merchant,Aye Khuda,344336,bollywood
2024-12-01 20:20,New West,Those Eyes,220750,seen live
2024-12-01 21:10,Anuv Jain,Riha,175719,indian indie
2024-12-02 00:46,Anuv Jain,Riha,112617,indian indie
2024-12-02 00:48,Olivia Rodrigo,favorite crime,152666,pop
2024-12-02 01:23,Olivia Rodrigo,all-american bitch,76680,pop
2024-12-02 18:13,Olivia Rodrigo,all-american bitch,90269,pop
2024-12-02 18:16,Olivia Rodrigo,deja vu,215506,pop
2024-12-02 18:19,Olivia Rodrigo,bad idea right?,184783,pop
2024-12-02 18:20,The Weeknd,"One Of The Girls (with JENNIE, Lily Rose Depp)",7831,rnb
2024-12-02 18:20,Olivia Rodrigo,vampire,9811,pop
2024-12-02 18:22,Post Malone,Hollywood's Bleeding,156266,Hip-Hop
2024-12-02 18:24,The Buttress,Brutus (Instrumental),111732,Horrorcore
2024-12-02 18:30,Belle Sisoski,Hold On,336000,hip hop
2024-12-02 18:34,Grimes,Kill V. Maim,246013,art pop
2024-12-02 18:37,Caroline Polachek,Sunset,162909,art pop
2024-12-02 18:39,Lou Bliss,Killing Butterflies,170000,
2024-12-02 19:46,Billie Eilish,watch,156575,pop
2024-12-02 22:31,Billie Eilish,watch,1278,pop
2024-12-02 22:34,League of Legends,Burn It All Down,201840,Soundtrack
2024-12-02 22:36,Otaku,Kyoran Hey Kids!! (Noragami Aragoto),109732,lo-fi
2024-12-02 22:36,Noah Cyrus,July,28480,pop
2024-12-02 22:36,All Time Low,Monsters (feat. blackbear),3751,pop punk
2024-12-02 22:37,MAGIC!,Rude,5524,reggae
2024-12-02 22:38,Bryce Fox,Golden Boy,78615,alternative
2024-12-02 22:42,Paris Paloma,labour,237744,seen live
2024-12-02 22:45,Kali Uchis,Melting,208853,rnb
2024-12-02 22:48,Lizzy McAlpine,ceilings,182887,indie pop
2024-12-02 22:52,BLACKPINK,Kill This Love,191050,k-pop
2024-12-02 22:56,Rebel Moves,Every When,260527,turkish
2024-12-02 23:00,RAYE,Escapism.,272373,pop
2024-12-03 00:43,SZA,Kill Bill,129058,rnb
2024-12-03 03:52,SZA,Kill Bill,25916,rnb
2024-12-03 03:54,Anne-Marie,PSYCHO,162666,pop
2024-12-03 03:57,Stephen Sanchez,Until I Found You (with Em Beihold) - Em Beihold Version,176440,folk
2024-12-03 04:00,Oliver Tree,Miss You - Bonus Track,163586,electronic
2024-12-03 04:03,BoyWithUke,Sick of U (with Oliver Tree),168676,indie pop
2024-12-03 04:06,Sachin-Jigar,Saibo,195253,gujarati pop
2024-12-03 04:09,Taylor Swift,Lavender Haze,202395,country
2024-12-03 04:13,WILLOW,Wait a Minute!,196520,post-rock
2024-12-03 04:15,Daisy the Great,Record Player (with AJR),149538,indie pop
2024-12-03 05:27,Sia,Unstoppable,178676,female vocalists
2024-12-03 16:40,Sia,Unstoppable,990,female vocalists
2024-12-03 16:43,ILLENIUM,Story Of My Life (feat. Trippie Redd),191124,melodic bass
2024-12-03 16:44,Half an Orange,Blink 182,47857,indie
2024-12-03 16:47,The Kid LAROI,WITHOUT YOU,161384,rap
2024-12-03 16:50,Lana Del Rey,Summertime Sadness (Lana Del Rey Vs. Cedric Gervais) - Cedric Gervais Remix,214912,female vocalists
2024-12-03 16:54,Halsey,Colors,249499,pop
2024-12-03 16:57,Conan Gray,People Watching,158536,seen live
2024-12-03 17:00,Olivia Rodrigo,happier,175933,pop
2024-12-03 18:15,Conan Gray,Memories,11825,seen live
2024-12-03 23:22,Gracie Abrams,That’s So True,2970,seen live
2024-12-04 02:13,Gracie Abrams,That’s So True,952,seen live
2024-12-04 02:17,Panic! At The Disco,House of Memories,208706,emo
2024-12-04 02:21,Eminem,Lucky You (feat. Joyner Lucas),244679,rap
2024-12-04 02:23,Dove Cameron,Boyfriend,153000,pop
2024-12-04 02:27,Suki Waterhouse,Good Looking,214800,indie pop
2024-12-04 02:30,lovelytheband,broken,204878,indie pop
2024-12-04 02:34,Billie Eilish,Six Feet Under,189613,pop
2024-12-04 02:37,Anuv Jain,Alag Aasmaan,212750,indian indie
2024-12-04 02:48,BTS,Life Goes On,61187,k-pop
2024-12-04 19:24,League of Legends,Legends Never Die,235000,Soundtrack
2024-12-04 19:29,BTS,We are Bulletproof : the Eternal,261542,k-pop
2024-12-04 19:33,BTS,Dope,240020,k-pop
2024-12-04 19:36,BTS,Burning Up (Fire),203351,k-pop
2024-12-04 19:48,BTS,ON,94713,k-pop
2024-12-05 19:16,Vance Joy,Riptide,816,folk pop
2024-12-05 19:19,Imagine Dragons,Demons,175200,indie
2024-12-05 19:30,Kygo,Stargazing,94362,tropical house
2024-12-05 19:59,Kygo,Stargazing,70624,tropical house
2024-12-06 00:31,Kygo,Stargazing,2,tropical house
2024-12-06 00:35,Carolina Gaitán,We Don't Talk About Bruno,216120,pop
2024-12-06 00:38,Jessica Darrow,Surface Pressure,202226,USA
2024-12-06 00:43,Naughty Boy,No One’s Here To Sleep,272547,rnb
2024-12-06 00:46,Anuv Jain,Alag Aasmaan,212750,indian indie
2024-12-06 00:50,Seafret,Atlantis,229173,indie
2024-12-06 00:52,GROUPLOVE,Tongue Tied,81539,indie
2024-12-06 00:55,Anuv Jain,Alag Aasmaan,212750,indian indie
2024-12-06 00:58,Conan Gray,People Watching,158536,seen live
2024-12-06 01:02,Ruelle,War Of Hearts,226216,pop
2024-12-06 01:05,Camila Cabello,Bam Bam (feat. Ed Sheeran),200043,pop
2024-12-06 01:14,Elley Duhé,MIDDLE OF THE NIGHT,184447,pop
2024-12-06 01:19,Eminem,Venom - Music From The Motion Picture,269573,rap
2024-12-06 01:21,Olivia Rodrigo,brutal,143746,pop
2024-12-06 01:25,One Direction,Rock Me,200266,pop
2024-12-06 01:28,Taylor Swift,the lakes,211798,country
2024-12-06 01:31,Taylor Swift,this is me trying,195097,country
2024-12-06 02:22,Dua Lipa,Boys Will Be Boys,85219,pop
2024-12-06 18:43,Dua Lipa,Boys Will Be Boys,1520,pop
2024-12-06 18:46,EXO,Love Shot,200306,k-pop
2024-12-06 19:24,BTS,Spring Day,55604,k-pop
2024-12-07 17:02,BTS,Spring Day,5273,k-pop
2024-12-07 17:05,Arcane,The Line (from the series Arcane League of Legends),192000,Progressive metal
2024-12-07 17:09,League of Legends,Legends Never Die,235000,Soundtrack
2024-12-07 17:13,Gigi Perez,Sailor Song,211978,indie
2024-12-07 17:16,Arctic Monkeys,I Wanna Be Yours,183956,indie
2024-12-07 17:19,George Ezra,Blame It on Me,196400,indie
2024-12-07 17:22,Bastille,Good Grief,206493,indie
2024-12-07 17:26,Bastille,Flaws,218800,indie
2024-12-07 17:29,Benson Boone,Slow It Down,161831,pop
2024-12-07 18:38,Dirty Heads,Oxygen,23999,reggae rock
2024-12-07 21:47,Dirty Heads,Oxygen,201401,reggae rock
2024-12-07 21:51,Chappell Roan,Femininomenon,219710,pop
2024-12-07 21:54,Ariana Grande,the boy is mine,173639,pop
2024-12-07 21:57,Olivia Rodrigo,teenage dream,222358,pop
2024-12-07 22:01,Chappell Roan,Casual,232796,pop
2024-12-07 22:04,Chappell Roan,Red Wine Supernova,192720,pop
2024-12-07 22:07,Wallows,Are You Bored Yet? (feat. Clairo),178000,indie
2024-12-07 22:09,The Last Dinner Party,Nothing Matters,91701,seen live
2024-12-07 22:13,Chappell Roan,Pink Pony Club,258034,pop
2024-12-07 22:16,Benson Boone,Cry,152555,pop
2024-12-07 22:21,Billie Eilish,CHIHIRO,303440,pop
2024-12-07 22:23,Charli xcx,Club classics,153526,hyperpop
2024-12-07 22:27,Chappell Roan,My Kink Is Karma,222578,pop
2024-12-07 22:30,Benson Boone,Beautiful Things,180304,pop
2024-12-07 22:33,Shaboozey,A Bar Song (Tipsy),171291,country
2024-12-07 22:35,Mitski,My Love Mine All Mine,137773,seen live
2024-12-07 22:39,beabadoobee,A Night To Remember,233388,bedroom pop
2024-12-07 22:43,Billie Eilish,BIRDS OF A FEATHER,210373,pop
2024-12-07 22:47,fun.,Carry On,278373,indie pop
2024-12-07 22:53,Billie Eilish,L’AMOUR DE MA VIE,333078,pop
2024-12-07 22:56,Billie Eilish,THE DINER,186346,pop
2024-12-07 23:00,Billie Eilish,WILDFLOWER,261466,pop
2024-12-07 23:04,Metro Boomin,Creepin' (with The Weeknd & 21 Savage),221520,trap
2024-12-07 23:08,Arctic Monkeys,505,12227,indie
2024-12-07 23:08,Conan Gray,Family Line,216094,seen live
2024-12-07 23:10,no lyrics,RainLove,135529,chillout
2024-12-07 23:12,Video Days,Bleached,83250,indie
2024-12-07 23:13,@mrks,floating,97988,brazilian phonk
2024-12-07 23:15,james huck,huckle & berry,86117,
2024-12-07 23:18,SYML,I Wanted to Leave,203911,indie
2024-12-07 23:20,slowly.,first snow,97826,
2024-12-07 23:21,charlie p j,it took a while,98461,soft pop
2024-12-07 23:23,james huck,daylife,117073,
2024-12-07 23:25,Million Eyes,The Mercy of the Wind,105587,ambient
2024-12-07 23:27,no lyrics,study with me,110344,chillout
2024-12-07 23:29,slowly.,Comforting,103783,
2024-12-07 23:57,salvia palth,(dream),42045,slowcore
2024-12-08 00:26,salvia palth,(dream),42680,slowcore
2024-12-08 00:28,no lyrics,"twenty, forever!",128000,chillout
2024-12-08 00:30,Megami,Star Shopping - Slowed + Reverb,81908,
2024-12-08 00:32,no lyrics,studying vibes,115662,chillout
2024-12-08 00:34,slowly.,till i see stars again,121379,
2024-12-08 00:37,SYML,I Wanted to Leave,203911,indie
2024-12-08 00:40,Tom Harmon,girlfriend (take a deep breath),139130,
2024-12-08 00:42,Haruka Tsuki,Luna,118651,
2024-12-08 00:44,Øneheart,snowfall,124065,dark ambient
2024-12-08 00:45,slowly.,humanity,104827,
2024-12-08 00:47,bleu cobalt,bleu,80963,
2024-12-08 00:50,Duncan Laurence,Arcade - Instrumental Version,183629,pop
2024-12-08 00:54,Feeling Blew,Out Getting Ribs (Slowed),234224,guitar
2024-12-08 00:57,Aurekk the Mighty,Soul Jungle,169418,
2024-12-08 00:58,Øneheart,apathy,117073,dark ambient
2024-12-08 01:00,bleu cobalt,bleu bébé,102857,
2024-12-08 01:02,Joep Beving,Ala,120741,neoclassical
2024-12-08 01:04,auror,echoes,93793,norwegian pop
2024-12-08 01:05,slowly.,here right now,101666,
2024-12-08 01:08,salvia palth,i was all over her,161422,slowcore
2024-12-08 01:09,exhibit,key (ambient),65584,dark ambient
2024-12-08 01:11,no lyrics,infinit,90344,chillout
2024-12-08 01:12,bleu cobalt,stars,93491,
2024-12-08 01:14,slowly.,stoicism,76521,
2024-12-08 01:15,no lyrics,anywhere else,89302,chillout
2024-12-08 01:17,Duster,Gold Dust,125933,slowcore
2024-12-08 01:20,vagabond,Aruarian Dance,189056,hard rock
2024-12-08 01:22,no lyrics,Swaying Palm Trees,69397,chillout
2024-12-08 01:23,avee,u n r e a l,104768,
2024-12-08 01:25,no lyrics,running,116784,chillout
2024-12-08 01:27,no lyrics,echoes of evening,82580,chillout
2024-12-08 01:28,slowly.,n o s t a l g i a,86616,
2024-12-08 01:30,charlie p j,wan tan,104096,soft pop
2024-12-08 01:32,slowly.,empty spaces,137072,
2024-12-08 01:35,Duster,The Landing,163160,slowcore
2024-12-08 01:37,Haruka Tsuki,Manga,135445,
2024-12-08 01:39,slowly.,humanity - Demo,104827,
2024-12-08 01:40,no lyrics,timeless,85970,chillout
2024-12-08 01:42,Haruka Tsuki,Deja Vu,112941,
2024-12-08 01:44,slowly.,Comforting,103783,
2024-12-08 01:45,no lyrics,drowned,81702,chillout
2024-12-08 01:47,no lyrics,silence,78000,chillout
2024-12-08 01:48,no lyrics,Sun-kissed Vibes,69397,chillout
2024-12-08 01:50,lovely flamingo,havana,108000,
2024-12-08 01:51,no lyrics,Swaying Palm Trees,69397,chillout
2024-12-08 01:53,reidenshi,I Can’t Find a Way Out,126273,dark ambient
2024-12-08 01:55,Vague003,drowning,117341,instrumental
2024-12-08 01:57,omnipre,purple smoke,115862,chillout
2024-12-08 01:59,lovely flamingo,normal day,121690,
2024-12-08 02:01,lone call,frost mirror,104566,instrumental
2024-12-08 02:02,no lyrics,over the horizon,113624,chillout
2024-12-08 02:04,no lyrics,into the wood,93913,chillout
2024-12-08 02:06,avee,m i d n i g h t,121500,
2024-12-08 02:08,vagabond,September - Piano Cover,133548,hard rock
2024-12-08 02:10,Megami,Star Shopping - Slowed + Reverb,81908,
2024-12-08 02:12,Rumplesticious,My boy,128206,
2024-12-08 02:13,vagabond,Pure Imagination - Lofi Cover,82580,hard rock
2024-12-08 02:15,rising sine,Background Beats,77241,
2024-12-08 02:16,bleu cobalt,bleu vert,103703,
2024-12-08 02:18,no lyrics,shades of solitude,72258,chillout
2024-12-08 02:19,Atavus Dog,morning lofi cafe,100158,lo-fi
2024-12-08 02:21,no lyrics,sword lessons,101647,chillout
2024-12-08 02:23,Haruka Tsuki,Yami,110344,
2024-12-08 02:25,mono._,staying in bed,98461,Lo-Fi
2024-12-08 02:26,no lyrics,Lazy Days by the Beach,69397,chillout
2024-12-08 02:28,frozen fox,Carrying You,158115,Lo-Fi
2024-12-08 02:30,bleu cobalt,bleu ciel,107294,
2024-12-08 02:31,no lyrics,daydream doodles,72258,chillout
2024-12-08 02:33,catlove,weirdo,96000,chillout
2024-12-08 02:35,no lyrics,cutting bark,90352,chillout
2024-12-08 02:36,Haruka Tsuki,Hoshimi,96338,
2024-12-08 02:38,Lofi Fruits Music,I'm Yours,119750,lo-fi
2024-12-08 02:40,auror,echoes,93793,norwegian pop
2024-12-08 02:41,no lyrics,samurai god,85714,chillout
2024-12-08 02:43,mono._,memories,101052,Lo-Fi
2024-12-08 02:47,Bonjr,"if it's real, then i'll stay (slowed + reverb)",227160,dark ambient
2024-12-08 02:48,avee,o k a y,102857,
2024-12-08 02:50,no lyrics,twisted twig,67764,chillout
2024-12-08 02:51,no lyrics,abyssal,81702,chillout
2024-12-08 02:52,rising sine,Toskan City,86153,
2024-12-08 02:54,no lyrics,queen,80842,chillout
2024-12-08 02:55,omnipre,lunar illusions,88101,chillout
2024-12-08 03:15,mxpheebz,The Beach (Instrumental Slowed + Reverb),267459,chillout
2024-12-08 03:17,bleu cobalt,train ride at 6.am,123076,
2024-12-08 03:19,frozen fox,Cold Rain,128008,Lo-Fi
2024-12-08 03:21,slowly.,does it hurt?,92444,
2024-12-08 03:23,lone call,frost mirror,104566,instrumental
2024-12-08 03:24,auror,aphex illusion,93127,norwegian pop
2024-12-08 03:26,mono._,lucid dream,101818,Lo-Fi
2024-12-08 03:27,Atavus Dog,endless summer,91250,lo-fi
2024-12-08 03:28,no lyrics,rook,60631,chillout
2024-12-08 03:30,charlie p j,bubbles,72911,soft pop
2024-12-08 03:31,no lyrics,Dreamy Summer Breeze,69397,chillout
2024-12-08 03:32,no lyrics,dear daisy,67764,chillout
2024-12-08 03:34,no lyrics,submerged,109787,chillout
2024-12-08 03:35,avee,f l o w e r s,102857,
2024-12-08 03:37,omnipre,la-la,81702,chillout
2024-12-08 03:39,Aurekk the Mighty,Sandrito,102187,
2024-12-08 03:41,96 Zeus,the night is just humming,126251,lo-fi
2024-12-08 03:42,ocean fx with piano,Serenade in Dark Ambient,109772,chillout
2024-12-08 03:44,auror,i could fix me,89142,norwegian pop
2024-12-08 03:45,no lyrics,sirens,81702,chillout
2024-12-08 03:47,Miscél,One,91450,Lo-Fi
2024-12-08 03:49,lone call,all and nothing,98668,instrumental
2024-12-08 03:50,no lyrics,midnight musings,82580,chillout
2024-12-08 03:51,no lyrics,morning lofi in L.A.,80963,chillout
2024-12-08 03:53,no lyrics,depth,81702,chillout
2024-12-08 03:54,omnipre,stellar nebula,84878,chillout
2024-12-08 03:57,Aurekk the Mighty,Sunset Day,151230,
2024-12-08 03:58,6c6f6669,ffd37e,108461,
2024-12-08 04:02,Sol Rising,The Journey,231649,electronic
2024-12-08 04:04,ohiou,stars in ohio,102857,chillout
2024-12-08 04:05,no lyrics,knight,80842,chillout
2024-12-08 04:07,yoga music flow,Habit,97500,
2024-12-08 04:09,frozen fox,Homeland,140798,Lo-Fi
2024-12-08 04:11,no lyrics,a study in serenity,72258,chillout
2024-12-08 04:13,Rumplesticious,alleviate d0ubts,153009,
2024-12-08 04:15,slowly.,s n o w s t o m p i n g,104727,
2024-12-08 04:17,frozen fox,Sleepy Rain,135007,Lo-Fi
2024-12-08 04:20,Admiral Bontau,Rising Sun,141100,
2024-12-08 04:21,ohiou,celestia,114713,chillout
2024-12-08 04:23,ohiou,diving,87142,chillout
2024-12-08 04:25,bleu cobalt,bleu cyan,124675,
2024-12-08 04:27,lovely flamingo,lofi vibes and a magical summer,96000,
2024-12-08 04:28,Nathan Kawanishi,Views from Yamashita Park,100363,lo-fi beats
2024-12-08 04:30,guitar girl,guitar girl,96000,
2024-12-08 04:31,auror,i could fix me,89142,norwegian pop
2024-12-08 04:34,Admiral Bontau,Hope,138129,
2024-12-08 04:36,ohiou,sleeping,138571,chillout
2024-12-08 04:38,bleu cobalt,bleu outremer,94647,
2024-12-08 04:39,no lyrics,møment,79764,chillout
2024-12-08 04:40,no lyrics,liminål,92884,chillout
2024-12-08 04:43,Peak Twilight,Fragile,159000,lo-fi
2024-12-08 04:45,bleu cobalt,bleu vert,103703,
2024-12-08 04:48,amies,Destination Unknown,172000,lo-fi
2024-12-08 04:51,Iam6teen,Euphoria (Outro),181133,lo-fi
2024-12-08 04:52,lovely flamingo,time goes by slowly,92530,
2024-12-08 04:54,ohiou,watching the moon,91941,chillout
2024-12-08 04:55,ohiou,beam,70000,chillout
2024-12-08 04:57,ocean fx with piano,Dark Ambient Requiem,120000,chillout
2024-12-08 04:59,Brutus Starkwave,four hopes,111057,
2024-12-08 05:00,bleu cobalt,azur,78000,
2024-12-08 05:03,Admiral Bontau,Lost Focus,169072,
2024-12-08 05:05,instant era,Good Morning,110769,lo-fi
2024-12-08 05:06,ocean fx with piano,Echoes of Dark Ambient,48409,chillout
2024-12-08 05:07,no lyrics,lost,80700,chillout
2024-12-08 05:08,no lyrics,echowaves,80651,chillout
2024-12-08 05:10,no lyrics,drowned,81702,chillout
2024-12-08 05:11,Lofi Fruits Music,Do I Wanna Know?,90500,lo-fi
2024-12-08 05:13,james huck,daylife,117073,
2024-12-08 05:15,bleu cobalt,bleu moyen,89302,
2024-12-08 05:17,6c6f6669,ff9941,114000,
2024-12-08 05:18,yoga music flow,Yoga Music for Beginners,69397,
2024-12-08 05:19,bleu cobalt,azur,78000,
2024-12-08 05:21,charlie p j,dancing with devils,81081,soft pop
2024-12-08 05:22,no lyrics,aeo,74838,chillout
2024-12-08 05:23,6c6f6669,ffc600,93333,
2024-12-08 05:25,her hero,forever falling,83115,rock en español
2024-12-08 05:26,ILOVEULOVEIT,CHAMPAGNE,95421,
2024-12-08 05:28,Ocean Sounds with Piano Girl,Caves,80963,
2024-12-08 05:29,no lyrics,silence,78000,chillout
2024-12-08 05:32,stream_error,Sometimes,150400,lo-fi
2024-12-08 05:36,Ludovico Einaudi,Seven Days Walking / Day 7: Birdsong,293173,neoclassical
2024-12-08 05:37,no lyrics,atlantean,61276,chillout
2024-12-08 05:39,ocean fx with piano,Endless Ocean,104096,chillout
2024-12-08 05:42,Admiral Bontau,Not Invasive,154105,
2024-12-08 05:45,Rumplesticious,Dissapoinment,165427,
2024-12-08 05:47,Lofi Fruits Music,Stan,148000,lo-fi
2024-12-08 05:49,steezy prime,Twilight,134400,lo-fi
2024-12-08 05:52,Bcalm,Floating Castle,166000,lo-fi
2024-12-08 05:55,S N U G,Fallen Leaves,153668,spoken word
2024-12-08 05:56,yoga music flow,Yoga Sound Infinity,75000,
2024-12-08 05:57,Ocean Sounds with Piano Girl,Ocean Beat,79684,
2024-12-08 05:59,Antonius B,Passing Clouds,132000,lo-fi
2024-12-08 06:01,lovely flamingo,giants,103075,
2024-12-08 06:02,her hero,danger & youth,70400,rock en español
2024-12-08 06:04,ILOVEULOVEIT,coffee at 2:13am,88888,
2024-12-08 06:06,ocean fx with piano,Serenade in Dark Ambient,109772,chillout
2024-12-08 06:08,Admiral Bontau,Hope,138129,
2024-12-08 06:10,bleu cobalt,literally me,139691,
2024-12-08 06:12,her hero,backstepping,87272,rock en español
2024-12-08 06:14,Jay-Lounge,snow filled mountains,126023,lo-fi
2024-12-08 06:16,ocean fx with piano,Ocean Fx - Demo,104096,chillout
2024-12-08 06:17,no lyrics,twø hearts,96867,chillout
2024-12-08 06:19,kine,in luv with u,95421,Norway
2024-12-08 06:20,no lyrics,abyssal,80617,chillout
2024-12-08 06:22,no lyrics,submerged,109787,chillout
2024-12-08 06:25,Flovry,First Heartbreak,157364,lo-fi
2024-12-08 06:26,Badongo,opus donda est,101063,
2024-12-08 06:28,Lofi Fruits Music,7 Years,114000,lo-fi
2024-12-08 06:30,piano relaxation medita,Relaxing Zen Piano,90566,
2024-12-08 06:31,yoga music flow,Yoga Music Forever,64537,
2024-12-08 06:32,ILOVEULOVEIT,silly goose,96296,
2024-12-08 06:35,Swørn,Butterfly,162673,lo-fi beats
2024-12-08 06:37,Oliver New,Sunrise,114031,jazz beats
2024-12-08 06:38,lovely flamingo,flying with flamingos,83478,
2024-12-08 06:41,lovely flamingo,normal day,121690,
2024-12-08 06:42,nightmares' best friend,Timeswap,92530,
2024-12-08 06:44,The Deli,5:32pm,136914,lo-fi
2024-12-08 06:46,lovely flamingo,dope stroll,90697,
2024-12-08 06:48,lovely flamingo,lovely night,123870,
2024-12-08 06:50,charlie p j,Other dimensions be Like,104873,soft pop
2024-12-08 06:51,nightmares' best friend,Bet I Fly,103783,
2024-12-08 06:53,nightmares' best friend,Dreamlands Palace,91764,
2024-12-08 06:55,lovely flamingo,i'm waiting,92530,
2024-12-08 06:56,ILOVEULOVEIT,ILOVELINES,69733,
2024-12-08 06:58,her hero,oceania flow,126593,rock en español
2024-12-08 07:00,nightmares' best friend,Sleep,101052,
2024-12-08 07:01,her hero,boost,83720,rock en español
2024-12-08 07:03,lovely flamingo,havana,108000,
2024-12-08 07:05,Jon Kyoto,The Borrowers,141374,lo-fi
2024-12-08 07:08,Purrple Cat,Sky Lake,158156,lo-fi
2024-12-08 07:09,lovely flamingo,icecream,77419,
2024-12-08 07:11,nightmares' best friend,No Nightmares Anymore,111549,
2024-12-08 07:13,coldbrew,Iris,116800,lo-fi beats
2024-12-08 07:15,RINZ.,Lotus,104189,
2024-12-08 07:23,Lea Valentina,Tales of Anicca,482125,
2024-12-08 07:24,bleu cobalt,dreamscapes,92424,
2024-12-08 07:26,bleu cobalt,stars,92422,
2024-12-08 07:28,bleu cobalt,unknown feeling,117136,
2024-12-08 07:30,Marlus,night fool,147997,
2024-12-08 07:32,lovely flamingo,poolside,95217,
2024-12-08 07:35,Hevi,And Then I Woke Up,168052,gospel
2024-12-08 07:37,Laffey,In the Evening,150888,lo-fi
2024-12-08 07:39,Ambulo,Secret Beach,133670,lo-fi
2024-12-08 07:42,colours in the dark,Luar,137142,lo-fi
2024-12-08 07:43,ILOVEULOVEIT,coffee at 2:13am,88888,
2024-12-08 07:45,nightmares' best friend,Dreamlands Palace,91764,
2024-12-08 07:47,Jisatsu,homesick,121846,lo-fi
2024-12-08 07:48,lovely flamingo,different,83056,
2024-12-08 07:50,lovely flamingo,escape,115662,
2024-12-08 07:53,pucca,A New Beginning,168000,lo-fi beats
2024-12-08 07:55,Liam Tree,a friendly forest,150379,lo-fi
2024-12-08 07:57,Billy Hammer,wonder,106363,lo-fi
2024-12-08 07:59,lovely flamingo,he doesn't like it,118046,
2024-12-08 08:01,Raimu,Dandelion's Lullaby,123870,lo-fi
2024-12-08 08:03,steezy prime,Daydream,130285,lo-fi
2024-12-08 08:06,chief.,time travel,129779,drill
2024-12-08 08:07,nightmares' best friend,Citron Strawberry Shakes,89302,
2024-12-08 08:09,S N U G,Orchid Fields,137196,spoken word
2024-12-08 08:12,stream_error,Until I disappear,134419,lo-fi
2024-12-08 08:13,lovely flamingo,not enough cash,102857,
2024-12-08 08:16,Laffey,Last Summer,149343,lo-fi
2024-12-08 08:18,HoKø,Lost Souls,158819,lo-fi
2024-12-08 08:20,nightmares' best friend,Sleep,101052,
2024-12-08 08:23,Jisatsu,Last April,161000,lo-fi
2024-12-08 08:25,nightmares' best friend,How to Catch a Star,114285,
2024-12-08 08:27,Birdhouse Beats,First Steps,116902,lo-fi
2024-12-08 08:28,nightmares' best friend,Good Night Story,75180,
2024-12-08 08:31,S N U G,Stuck at Home,164434,spoken word
2024-12-08 08:33,mrmcchickino,hummingbird,114031,lo-fi
2024-12-08 08:35,Tosama Beats,Rainy forest,165813,lo-fi
2024-12-08 08:37,Haruka Tsuki,Luna,118651,
2024-12-08 08:40,slowburn,As It Was,147485,lo-fi
2024-12-08 08:42,ticofaces,Ash,140800,lo-fi
2024-12-08 08:44,inertia.,don't leave,127250,dark ambient
2024-12-08 08:47,frozen fox,Lazy Day,132000,Lo-Fi
2024-12-08 08:49,Your Magnolia,Ventura,127313,lo-fi
2024-12-08 08:51,Haruka Tsuki,Manga,135445,
2024-12-08 08:53,Swink,When The Winters Come,114000,lo-fi
2024-12-08 08:55,Lilac,Perfume,155951,lo-fi
2024-12-08 08:57,slowburn,Poles Apart,117282,lo-fi
2024-12-08 09:00,Nothingtosay,The Dawn,146675,lo-fi
2024-12-08 09:02,a girl and a cat,back home studying,116842,lo-fi
2024-12-08 09:04,Wint3r,Froz3N,152000,
2024-12-08 09:06,no lyrics,over the horizon,113624,chillout
2024-12-08 09:07,Mg.,rainy days in paris,67333,
2024-12-08 09:09,Bhxa,ayla,108800,lo-fi
2024-12-08 09:12,S N U G,Circadian,137600,spoken word
2024-12-08 09:14,Pierson Booth,Your Innocent Eyes,136842,lo-fi
2024-12-08 09:16,slowburn,New Light,119088,lo-fi
2024-12-08 09:18,HM Surf,A Little Help,141003,lo-fi
2024-12-08 09:21,idylla,"clear eyes, blind sight",140531,dangdut
2024-12-08 09:22,bleu cobalt,bleu bébé,102857,
2024-12-08 09:25,S N U G,Nova,165008,spoken word
2024-12-08 09:26,Lilac,Under A Wishing Sky,72296,lo-fi
2024-12-08 09:28,avee,m i d n i g h t,121500,
2024-12-08 09:30,Haruka Tsuki,Deja Vu,112941,
2024-12-08 09:33,ocean fx with piano,Dark Ambient Odyssey,153409,chillout
2024-12-08 09:35,Pierson Booth,Turning Pages,161772,lo-fi
2024-12-08 09:38,inertia.,homesick,133124,dark ambient
2024-12-08 09:40,mellow days,waves and you,148557,
2024-12-08 09:42,avee,u n r e a l,104768,
2024-12-08 09:45,eugenio izzi,Never be prey to the winds,158630,lo-fi
2024-12-08 09:47,Swink,Go Back In Time,124000,lo-fi
2024-12-08 09:49,HM Surf,Mojave Backyard,120731,lo-fi
2024-12-08 09:51,inertia.,"memories, aeternam",136500,dark ambient
2024-12-08 09:53,sinnr,Moonlight Glaze,101419,lo-fi
2024-12-08 09:54,mood.,light,96015,electronic
2024-12-08 09:57,slowburn,Old Feelings,136164,lo-fi
2024-12-08 09:58,Zadbeatz,Echo,87544,lo-fi
2024-12-08 09:59,bleu cobalt,bleu,80963,
2024-12-08 10:02,Aurekk the Mighty,Soul Jungle,169418,
2024-12-08 10:04,coldbrew,a vibration,83200,lo-fi beats
2024-12-08 10:06,Nuver,The Place Where I Belong,158923,lo-fi
2024-12-08 10:08,Alto,Lights In The Deepest Blue,123428,heavy metal
2024-12-08 10:11,HM Surf,Sugar Haze,147692,lo-fi
2024-12-08 10:13,Chiccote's Beats,Away,160000,Lo-Fi
2024-12-08 10:16,Sebastian Kamae,Berlin,173913,lo-fi
2024-12-08 10:18,inertia.,cassette loneliness,117750,dark ambient
2024-12-08 10:20,bleu cobalt,free your mind,97391,
2024-12-08 10:22,slowly.,does it hurt?,92444,
2024-12-08 10:23,Aurekk the Mighty,Sandrito,102187,
2024-12-08 10:25,avee,f l o w e r s,102857,
2024-12-08 10:26,omnipre,la-la,81702,chillout
2024-12-08 10:28,Miscél,One,91450,Lo-Fi
2024-12-08 17:03,no lyrics,sirens,16045,chillout
2024-12-09 18:51,no lyrics,sirens,49372,chillout
2024-12-09 19:08,Arcane,The Line (from the series Arcane League of Legends),169203,Progressive metal
2024-12-09 23:37,Arcane,The Line (from the series Arcane League of Legends),22818,Progressive metal
2024-12-09 23:41,League of Legends,Legends Never Die,235000,Soundtrack
2024-12-09 23:45,Gigi Perez,Sailor Song,211978,indie
2024-12-09 23:54,Arctic Monkeys,I Wanna Be Yours,183956,indie
2024-12-09 23:58,George Ezra,Blame It on Me,196400,indie
2024-12-10 01:30,Bastille,Good Grief,102943,indie
2024-12-12 00:36,Bastille,Good Grief,10794,indie
2024-12-12 01:59,Bastille,Good Grief,4064,indie
2024-12-13 05:00,Bastille,Flaws,867,indie
2024-12-13 05:00,Benson Boone,Slow It Down,887,pop
2024-12-13 05:03,Dirty Heads,Oxygen,225394,reggae rock
2024-12-13 05:07,Chappell Roan,Femininomenon,219710,pop
2024-12-13 05:11,Ariana Grande,the boy is mine,173639,pop
2024-12-13 05:20,Olivia Rodrigo,teenage dream,222358,pop
2024-12-13 05:24,Chappell Roan,Casual,232796,pop
2024-12-13 05:28,Chappell Roan,Red Wine Supernova,192720,pop
2024-12-13 05:31,Wallows,Are You Bored Yet? (feat. Clairo),178000,indie
2024-12-13 05:34,The Last Dinner Party,Nothing Matters,182623,seen live
2024-12-13 05:38,Chappell Roan,Pink Pony Club,258034,pop
2024-12-13 05:41,Benson Boone,Cry,186359,pop
2024-12-13 05:46,Billie Eilish,CHIHIRO,303440,pop
2024-12-13 05:49,Charli xcx,Club classics,153526,hyperpop
2024-12-13 05:52,Chappell Roan,My Kink Is Karma,222578,pop
2024-12-13 05:55,Benson Boone,Beautiful Things,180304,pop
2024-12-13 05:58,Shaboozey,A Bar Song (Tipsy),171291,country
2024-12-13 06:01,Mitski,My Love Mine All Mine,137773,seen live
2024-12-13 06:04,beabadoobee,A Night To Remember,233388,bedroom pop
2024-12-13 06:08,Billie Eilish,BIRDS OF A FEATHER,210373,pop
2024-12-13 06:13,fun.,Carry On,278373,indie pop
2024-12-13 06:49,Billie Eilish,L’AMOUR DE MA VIE,251886,pop
2024-12-14 17:19,Billie Eilish,THE DINER,186346,pop
2024-12-14 17:23,Billie Eilish,WILDFLOWER,226124,pop
2024-12-14 17:26,Billie Eilish,THE DINER,186346,pop
2024-12-14 19:04,Billie Eilish,WILDFLOWER,100704,pop
2024-12-15 22:37,Billie Eilish,WILDFLOWER,8454,pop
2024-12-15 22:40,Billie Eilish,THE DINER,186346,pop
2024-12-15 22:44,Billie Eilish,WILDFLOWER,261466,pop
2024-12-15 22:48,Metro Boomin,Creepin' (with The Weeknd & 21 Savage),221520,trap
2024-12-15 22:51,Conan Gray,Family Line,216094,seen live
2024-12-15 22:56,Arctic Monkeys,505,253586,indie
2024-12-16 01:26,lilster,Barbie (Can You Play Ken?),2827,jersey club
2024-12-16 02:14,lilster,Barbie (Can You Play Ken?),4728,jersey club
2024-12-16 02:18,Lana Del Rey,Young And Beautiful,236053,female vocalists
2024-12-16 02:22,Olivia Rodrigo,ballad of a homeschooled girl,203369,pop
2024-12-16 02:25,Olivia Rodrigo,obsessed,170541,pop
2024-12-16 03:02,Chappell Roan,"Good Luck, Babe!",140924,pop
2024-12-16 22:47,Fitz and The Tantrums,Out of My League,937,soul
2024-12-16 22:47,Ashnikko,Daisy,932,Hip-Hop
2024-12-16 22:55,New West,Those Eyes,220750,seen live
2024-12-16 23:00,Anuv Jain,Riha,287312,indian indie
2024-12-16 23:03,Olivia Rodrigo,favorite crime,152666,pop
2024-12-16 23:05,Olivia Rodrigo,all-american bitch,165833,pop
2024-12-16 23:09,Olivia Rodrigo,deja vu,215506,pop
2024-12-16 23:12,Olivia Rodrigo,bad idea right?,183780,pop
2024-12-17 01:24,Olivia Rodrigo,vampire,30172,pop
2024-12-17 04:11,Olivia Rodrigo,vampire,24544,pop
2024-12-17 21:58,The Weeknd,"One Of The Girls (with JENNIE, Lily Rose Depp)",1693,rnb
2024-12-17 21:58,Olivia Rodrigo,vampire,849,pop
2024-12-17 22:04,Post Malone,Hollywood's Bleeding,156266,Hip-Hop
2024-12-17 22:08,The Buttress,Brutus (Instrumental),200000,Horrorcore
2024-12-17 22:44,Caroline Polachek,Sunset,1696,art pop
2024-12-17 22:44,Grimes,Kill V. Maim,1432,art pop
2024-12-17 22:44,Billie Eilish,watch,5520,pop
2024-12-17 22:44,Lou Bliss,Killing Butterflies,1640,
2024-12-17 22:44,Belle Sisoski,Hold On,269423,hip hop
2024-12-17 22:44,Elley Duhé,MIDDLE OF THE NIGHT,890,pop
2024-12-17 22:48,Imagine Dragons,Who We Are,249346,indie
2024-12-17 22:51,Billie Eilish,THE DINER,186346,pop
2024-12-17 22:56,Billie Eilish,CHIHIRO,303440,pop
2024-12-17 23:00,Halsey,Sorry,220540,pop
2024-12-18 00:33,Macklemore,Can't Hold Us (feat. Ray Dalton),149451,Hip-Hop
2024-12-19 22:30,Macklemore,Can't Hold Us (feat. Ray Dalton),109985,Hip-Hop
2024-12-19 22:33,Suzan & Freek,Als Het Avond Is,205714,singer-songwriter
2024-12-19 22:36,All Time Low,Monsters (feat. blackbear),174067,pop punk
2024-12-19 22:38,Candace,The Universe Is Against Me,142141,shoegaze
2024-12-19 22:42,Camila Cabello,Havana (feat. Young Thug),217306,pop
2024-12-19 22:45,Imagine Dragons,Demons,175200,indie
2024-12-19 22:48,Olivia Rodrigo,"jealousy, jealousy",173160,pop
2024-12-19 22:50,Doja Cat,Get Into It (Yuh),138293,pop
2024-12-19 22:54,Taylor Swift,Delicate,210324,country
2024-12-19 22:57,Panic! At The Disco,Roaring 20s,186600,emo
2024-12-20 03:09,Rihanna,Diamonds,27631,pop
2024-12-20 04:11,Rihanna,Diamonds,2459,pop
2024-12-23 01:20,Arcane,The Line (from the series Arcane League of Legends),192000,Progressive metal
2024-12-23 01:23,Alec Benjamin,Outrunning Karma,188850,pop
2024-12-23 01:27,Jon Bellion,All Time Low,221333,electronic
2024-12-23 01:31,Selena Gomez,Bad Liar,214647,pop
2024-12-23 01:34,Jeremy Zucker,comethru,181613,seen live
2024-12-23 01:36,Y2K,Lalala,160626,electronic
2024-12-23 01:39,Chappell Roan,Red Wine Supernova,192720,pop
2024-12-23 01:41,24kGoldn,CITY OF ANGELS,112493,Hip-Hop
2024-12-23 01:48,Melanie Martinez,Pacify Her,220013,pop
2024-12-23 01:51,Dean Lewis,Be Alright,196373,indie
2024-12-23 01:55,Halsey,Sorry,220540,pop
2024-12-23 01:58,Ellise,911,188386,indie pop
2024-12-23 02:00,Ashnikko,Daisy,146523,Hip-Hop
2024-12-23 02:03,Doja Cat,Woman,172626,pop
2024-12-23 02:07,Janani K. Jha,Achilles Heel,207428,indie
2024-12-23 02:10,XXXTENTACION,SAD!,166605,emo rap
2024-12-23 02:13,heavenly,Snowman - Slowed,210240,Power metal
2024-12-23 02:16,Panic! At The Disco,Roaring 20s,186600,emo
2024-12-23 02:23,Halsey,Nightmare,394957,pop
2024-12-23 02:26,Post Malone,Circles,215280,Hip-Hop
2024-12-23 02:30,Travis Scott,goosebumps,243836,rap
2024-12-23 02:34,Post Malone,Congratulations,220293,Hip-Hop
2024-12-23 02:38,Post Malone,I Fall Apart,223346,Hip-Hop
2024-12-23 02:41,Imagine Dragons,Radioactive,186813,indie
2024-12-23 02:43,Justin Bieber,Lonely (with benny blanco),149297,pop
2024-12-23 02:47,Maroon 5,Animals,231013,pop
2024-12-23 02:50,Suzan & Freek,Spiegelbeeld,168066,singer-songwriter
2024-12-23 02:54,EXO,Love Shot,200306,k-pop
2024-12-23 02:57,Suzan & Freek,Als Het Avond Is,205714,singer-songwriter
2024-12-23 03:01,Troye Sivan,TALK ME DOWN,237464,pop
2024-12-23 03:06,Billie Eilish,CHIHIRO,303440,pop
2024-12-23 03:09,GAYLE,abcdefu,168601,worship
2024-12-23 03:13,AURORA,Runaway,248826,norwegian pop
2024-12-23 03:22,Ed Sheeran,Give Me Love,526386,soft pop
2024-12-23 03:26,Imagine Dragons,Who We Are,249346,indie
2024-12-23 03:29,All Time Low,A Love Like War (feat. Vic Fuentes),213740,pop punk
2024-12-23 03:33,Post Malone,rockstar (feat. 21 Savage),218146,Hip-Hop
2024-12-23 03:36,Camila Cabello,Easy,194686,pop
2024-12-23 03:40,Ellise,911,188386,indie pop
2024-12-23 03:42,Post Malone,Hollywood's Bleeding,156266,Hip-Hop
2024-12-23 03:45,Anne-Marie,Her,177568,pop
2024-12-23 03:48,Olivia Rodrigo,ballad of a homeschooled girl,203369,pop
2024-12-23 03:52,Seafret,Oceans - Acoustic Version from Osea Island,208040,indie
2024-12-23 03:56,Melanie Martinez,Pacify Her,220013,pop
2024-12-23 04:00,Anuv Jain,Riha,287312,indian indie
2024-12-23 04:13,Post Malone,Circles,174668,Hip-Hop
2024-12-23 22:25,Post Malone,Circles,43002,Hip-Hop
2024-12-23 22:29,Lindsey Stirling,The Arena,232280,violin
2024-12-23 22:33,Ruelle,Carry You,268906,pop
2024-12-23 22:38,BTS,Spring Day,274097,k-pop
2024-12-23 22:59,Mike Posner,I Took A Pill In Ibiza - Seeb Remix,182875,rnb
2024-12-24 20:22,Mike Posner,I Took A Pill In Ibiza - Seeb Remix,15080,rnb
2024-12-24 20:25,Post Malone,Congratulations,220293,Hip-Hop
2024-12-24 20:27,Hailee Steinfeld,Starving,111027,pop
2024-12-24 20:31,Ed Sheeran,Bad Habits,230746,soft pop
2024-12-24 20:50,The Weeknd,Can't Feel My Face,165898,rnb
2024-12-27 01:24,The Weeknd,Can't Feel My Face,47649,rnb
2024-12-27 01:28,Sub Urban,Cradles,209829,noise
2024-12-27 01:32,P!nk,"Just Like Fire (From the Original Motion Picture ""Alice Through The Looking Glass"") - Wideboys Remix",222666,opera
2024-12-27 01:35,Astrid S,It's Ok If You Forget Me,204989,norwegian pop
2024-12-27 01:38,Doja Cat,Woman,172626,pop
2024-12-27 01:42,Chappell Roan,Casual,232796,pop
2024-12-27 01:46,Lewis Capaldi,Bruises,220492,soft pop
2024-12-27 01:49,BØRNS,Electric Love,218106,pop
2024-12-27 01:53,BTS,Dope,240020,k-pop
2024-12-27 01:59,Queen,Bohemian Rhapsody - Remastered 2011,354320,classic rock
2024-12-27 02:02,BLACKPINK,Ice Cream (with Selena Gomez),177813,k-pop
2024-12-27 02:05,Khalid,Know Your Worth,181436,rnb
2024-12-27 02:09,BLACKPINK,BOOMBAYAH,240793,k-pop
2024-12-27 02:14,Troye Sivan,HEAVEN,261114,pop
2024-12-27 02:17,Naughty Boy,La La La,222200,rnb
2024-12-27 02:20,The Chainsmokers,All We Know,194080,electronic
2024-12-27 02:24,The Weeknd,Blinding Lights,200040,rnb
2024-12-27 02:28,Rebel Moves,Every When,260527,turkish
2024-12-27 02:33,Anuv Jain,Riha,287312,indian indie
2024-12-27 02:36,SAINt JHN,Roses - Imanbek Remix,176840,Hip-Hop
2024-12-27 02:39,Ed Sheeran,Happier,207520,soft pop
2024-12-27 02:44,Ed Sheeran,The A Team,258373,soft pop
2024-12-27 02:47,Alec Benjamin,If I Killed Someone For You,185122,pop
2024-12-27 02:50,Kali Uchis,Melting,208853,rnb
2024-12-27 02:54,BTS,ON,246380,k-pop
2024-12-27 02:58,Taylor Swift,cardigan,239560,country
2024-12-27 03:04,The Chainsmokers,Something Just Like This,247626,electronic
2024-12-27 03:07,lilster,Barbie (Can You Play Ken?),173735,jersey club
2024-12-27 03:08,Two Steps from Hell,Star Sky,43798,orchestra
2024-12-27 03:11,Braelyn Rankins,I Always Wanted A Brother,214506,Soundtrack
2024-12-27 03:14,Aaron Pierre,Tell Me It's You,147080,
2024-12-27 03:17,Sia,"Genius (feat. Sia, Diplo, and Labrinth)",213706,female vocalists
2024-12-27 03:28,Imagine Dragons,Demons,8512,indie
2024-12-27 03:39,Folake,Bye Bye,135440,
2024-12-27 03:39,Måneskin,I WANNA BE YOUR SLAVE,16826,rock
2024-12-27 03:40,Germaine Franco,Chasing The Past,5471,Soundtrack
2024-12-27 03:40,Jessica Darrow,Surface Pressure,20683,USA
2024-12-27 03:41,Jessica Darrow,Surface Pressure,80638,USA
2024-12-27 03:41,Dwayne Johnson,You're Welcome,1991,Disney
2024-12-27 03:45,Jessica Darrow,Surface Pressure,201145,USA
2024-12-27 03:48,Carolina Gaitán,We Don't Talk About Bruno,216120,pop
2024-12-27 03:51,Nathan Lane,"Hakuna Matata - From ""The Lion King"" Soundtrack",139667,Broadway
2024-12-27 03:52,Anika Noni Rose,Down in New Orleans (Finale),1736,dreamgirls
2024-12-27 03:52,Lea Salonga,A Whole New World,55940,female vocalists
2024-12-27 03:53,Bruce Adler,Arabian Nights,79293,Soundtrack
2024-12-27 03:55,Kristen Bell,"Love Is an Open Door - From ""Frozen""/Soundtrack Version",124733,Veronica Mars
2024-12-27 03:58,Idina Menzel,Into the Unknown,194848,musicals
2024-12-27 04:00,Folake,Bye Bye,75508,
2024-12-27 04:00,Jason Weaver,"I Just Can't Wait to Be King - From ""The Lion King"" Soundtrack",1515,Soundtrack
2024-12-27 04:00,Halle,Part of Your World,1431,rnb
2024-12-27 04:03,Kristen Bell,"For the First Time in Forever - From ""Frozen""/Soundtrack Version",223380,Veronica Mars
2024-12-27 04:03,Shakira,Try Everything,2550,latin pop
2024-12-27 04:04,Diane Guerrero,What Else Can I Do?,64440,american
2024-12-27 04:05,Lauv,Steal The Show,1959,pop
2024-12-27 04:05,Phil Collins,You'll Be In My Heart,1166,soft rock
2024-12-27 04:06,Ariana DeBose,Knowing What I Know Now,709,musicals
2024-12-27 04:06,Idina Menzel,Show Yourself,845,musicals
2024-12-27 04:06,Cynthia Erivo,When You Wish Upon A Star,1003,musicals
2024-12-27 04:06,Mandy Moore,"I've Got a Dream - From ""Tangled""/Soundtrack Version",2985,pop
2024-12-27 04:06,Amy Adams,"Happy Working Song - From ""Enchanted"" / Soundtrack Version",1595,Soundtrack
2024-12-27 04:06,Jenifer Lewis,Dig a Little Deeper,1398,Soundtrack
2024-12-27 04:06,Josh Gad,When I Am Older,1846,musicals
2024-12-27 04:06,Jodi Benson,Part of Your World,1185,Disney
2024-12-27 04:06,Magnolia Park,"I2I - From ""A Whole New Sound""",905,pop punk
2024-12-27 04:06,Wish - Cast,I'm A Star,2355,Soundtrack
2024-12-27 04:06,Michael-Leon Wooley,"When We're Human - From ""The Princess and the Frog""/Soundtrack Version",2760,Broadway
2024-12-27 04:06,Ariana DeBose,This Wish,1760,musicals
2024-12-27 04:06,Sofia Carson,Chillin' Like a Villain,1243,pop
2024-12-27 04:06,Michael Giacchino,Married Life,1410,soundtrack
2024-12-27 04:06,Amy Adams,"That's How You Know - From ""Enchanted""/Soundtrack Version",1793,Soundtrack
2024-12-27 04:06,Grace Potter,Something That I Want,2190,blues
2024-12-27 04:06,Chris Pine,At All Costs,1416,musicals
2024-12-27 04:06,Naomi Scott,Speechless (Full),880,pop
2024-12-27 04:06,4*TOWN (From Disney and Pixar’s Turning Red),Nobody Like U,1561,pop
2024-12-27 04:06,Lily James,A Dream Is a Wish Your Heart Makes,987,musicals
2024-12-27 04:06,Adriana Caselotti,Some Day My Prince Will Come,945,Disney
2024-12-27 04:06,Sarah Jeffery,Queen of Mean,1209,Disney
2024-12-27 04:06,Chorus - Hercules,Zero To Hero,865,american
2024-12-27 04:06,Dove Cameron,Rotten to the Core,69841,pop
2024-12-27 04:06,China Anne McClain,"What's My Name (Red Version) - From ""Descendants: The Rise of Red""/Soundtrack Version",1050,pop
2024-12-27 04:06,Dove Cameron,If Only,2244,pop
2024-12-27 04:06,Angela Lansbury,Be Our Guest,1355,Disney
2024-12-27 04:06,Descendants – Cast,Life Is Sweeter,1214,Soundtrack
2024-12-27 04:06,Chris Pine,This Is The Thanks I Get?!,973,musicals
2024-12-27 04:06,Miley Cyrus,The Climb,688,pop
2024-12-27 04:07,Donna Murphy,"Mother Knows Best - From ""Tangled""/Soundtrack Version",668,female vocalists
2024-12-27 04:07,Stephanie Beatriz,Waiting On A Miracle,1093,hollywood
2024-12-27 04:07,Phil Collins,"Strangers Like Me - From ""Tarzan""/Soundtrack Version",756,soft rock
2024-12-27 04:07,Dr. Teeth and The Electric Mayhem,Rock On,657,comedy
2024-12-27 04:17,Ariana DeBose,This Wish (Reprise),4729,musicals
2024-12-28 01:24,Ariana DeBose,This Wish (Reprise),30326,musicals
2024-12-28 01:27,Arcane,The Line (from the series Arcane League of Legends),192000,Progressive metal
2024-12-28 01:29,24kGoldn,CITY OF ANGELS,112493,Hip-Hop
2024-12-28 01:32,Post Malone,Motley Crew,184213,Hip-Hop
2024-12-28 01:35,Imagine Dragons,Demons,175200,indie
2024-12-28 01:38,Dominic Fike,3 Nights,177666,indie
2024-12-28 01:41,Anne-Marie,PSYCHO,162666,pop
2024-12-28 01:45,Harry Styles,Falling,240133,pop
2024-12-28 01:48,Elley Duhé,MIDDLE OF THE NIGHT,184447,pop
2024-12-28 01:53,fun.,Carry On,278373,indie pop
2024-12-28 01:56,MARINA,Purge The Poison,196573,pop
2024-12-28 01:59,Maluma,Hawái,199112,reggaeton
2024-12-28 02:03,Cartoon,On & On,207068,Progressive rock
2024-12-28 02:06,Shawn Mendes,In My Blood,211360,pop
2024-12-28 02:10,Ed Sheeran,Cross Me (feat. Chance the Rapper & PnB Rock),206186,soft pop
2024-12-28 02:14,Olivia Rodrigo,teenage dream,222358,pop
2024-12-28 02:17,YUNGBLUD,Psychotic Kids,167066,indie rock
2024-12-28 02:20,Camila Cabello,Shameless,219742,pop
2024-12-28 02:24,Jaymes Young,Infinity,237720,indie
2024-12-28 02:28,Troye Sivan,TALK ME DOWN,237464,pop
2024-12-28 02:32,Dua Lipa,New Rules,209320,pop
2024-12-28 02:36,The Chainsmokers,Call You Mine,217640,electronic
2024-12-28 02:39,Seeb,Grip,198074,classical
2024-12-28 02:42,Fall Out Boy,Immortals,189386,emo
2024-12-28 02:45,Rachel Platten,Fight Song,204013,pop
2024-12-28 02:48,Post Malone,Sunflower - Spider-Man: Into the Spider-Verse,157560,Hip-Hop
2024-12-28 03:16,All Time Low,Monsters (feat. blackbear),75358,pop punk
2024-12-28 08:41,Faouzia,Tears of Gold,763,pop
2024-12-28 08:41,John Legend,All of Me,502,soft pop
2024-12-28 08:41,Joel Corry,Head & Heart (feat. MNEK),501,dance pop
2024-12-28 08:41,Dove Cameron,Boyfriend,3650,pop
2024-12-28 08:41,One Direction,Perfect,585,pop
2024-12-28 08:41,Charlie Puth,Attention,1253,soft pop
2024-12-28 08:41,BTS,Life Goes On,3024,k-pop
2024-12-28 08:45,The Neighbourhood,Sweater Weather,240400,indie
2024-12-28 08:48,The Last Dinner Party,Nothing Matters,182623,seen live
2024-12-28 08:52,Conan Gray,Family Line,216094,seen live
2024-12-28 08:55,Lana Del Rey,Summertime Sadness (Lana Del Rey Vs. Cedric Gervais) - Cedric Gervais Remix,214912,female vocalists
2024-12-28 08:59,Astrid S,Hurts So Good,208728,norwegian pop
2024-12-28 10:24,RAYE,Escapism.,220775,pop
2024-12-29 01:58,RAYE,Escapism.,128,pop
2024-12-29 01:58,BoyWithUke,Sick of U (with Oliver Tree),1373,indie pop
2024-12-29 01:58,One Direction,What Makes You Beautiful,1520,pop
2024-12-29 01:58,One Direction,What Makes You Beautiful,553,pop
2024-12-29 02:02,RAYE,Escapism.,272373,pop
2024-12-29 02:05,One Direction,What Makes You Beautiful,199986,pop
2024-12-29 02:08,BoyWithUke,Sick of U (with Oliver Tree),168676,indie pop
2024-12-29 02:12,Au/Ra,Panic Room,237772,pop
2024-12-29 02:15,Conan Gray,People Watching,158536,seen live
2024-12-29 02:19,Ed Sheeran,The A Team,258373,soft pop
2024-12-29 02:23,BLACKPINK,BOOMBAYAH,240793,k-pop
2024-12-29 02:27,Kurt Hugo Schneider,Sweater Weather,228387,youtube
2024-12-29 02:31,James TW,When You Love Someone,216560,british
2024-12-29 02:33,Claire Rosinkranz,Backyard Boy,129240,pop
2024-12-29 02:36,Khalid,Saturday Nights,210666,rnb
2024-12-29 02:40,EXO,Love Shot,200306,k-pop
2024-12-29 02:42,Caroline Polachek,Sunset,162909,art pop
2024-12-29 02:53,Post Malone,Congratulations,32391,Hip-Hop
2024-12-29 18:32,Ed Sheeran,Bad Habits,1303,soft pop
2024-12-29 18:32,Avicii,"Tough Love (feat. Agnes, Vargas & Lagola)",3469,edm
2024-12-29 18:35,Alec Benjamin,Let Me Down Slowly,169353,pop
2024-12-29 18:38,Lauv,There's No Way (feat. Julia Michaels),174860,pop
2024-12-29 18:41,BTS,Burning Up (Fire),203351,k-pop
2024-12-29 18:47,League of Legends,Legends Never Die,235000,Soundtrack
2024-12-29 18:51,The Weeknd,Blinding Lights,200045,rnb
2024-12-29 18:54,5 Seconds of Summer,Ghost Of You,197411,pop rock
2024-12-29 19:11,Jessica Darrow,Surface Pressure,58170,USA
2024-12-29 19:21,Jessica Darrow,Surface Pressure,144068,USA
2024-12-29 19:24,The Weeknd,Call Out My Name,228373,rnb
2024-12-29 19:28,The Weeknd,The Hills,242253,rnb
2024-12-29 19:32,Serhat Durmus,Hislerim,8061,turkish
2024-12-29 19:32,Serhat Durmus,Hislerim,626,turkish
2024-12-29 19:32,Panic! At The Disco,High Hopes,190946,emo
2024-12-29 19:32,Doja Cat,Get Into It (Yuh),2853,pop
2024-12-29 19:36,Troye Sivan,Happy Little Pill,224874,pop
2024-12-29 19:39,Conan Gray,Crush Culture,204120,seen live
2024-12-29 19:44,Olivia Rodrigo,all-american bitch,165833,pop
2024-12-29 19:48,The Weeknd,Can't Feel My Face,213520,rnb
2024-12-29 20:11,Zedd,365,155886,edm
2024-12-29 20:19,Zedd,365,28019,edm
2024-12-29 20:23,Imagine Dragons,Who We Are,249346,indie
2024-12-29 20:26,Tove Lo,Habits (Stay High),209160,pop
2024-12-29 21:15,New Hope Club,Permission,34435,pop
2024-12-31 03:59,Bishram Relaxing,Nepali Nostaligia | Nepali Dhun,1040,
2024-12-31 04:43,EXO,Love Shot,200306,k-pop
2024-12-31 04:47,EXO,Monster,221341,k-pop
2024-12-31 04:48,Martin Garrix,So Far Away (feat. Jamie Scott & Romy Dya),5945,edm
2024-12-31 04:48,BTS,Spring Day,7587,k-pop
2024-12-31 04:48,Bishram Relaxing,Nepali Sarangi Bansuri Dhun बाँसुरी र सारंगी लोकधुन Nepali Dhun- Nostalgic Nepali Folk Music,607,
2024-12-31 04:48,grandson,Blood // Water,2453,alternative rock
2024-12-31 04:48,Gandhaar,Sawai Gandharva Bhimsen Festival Theme,280,jazz beats
2024-12-31 04:57,Katy Perry,Hot N Cold,220226,pop
2024-12-31 05:00,Dua Lipa,Don't Start Now,183290,pop
2024-12-31 05:05,Halsey,Castle,277623,pop
2024-12-31 05:09,Ed Sheeran,Thinking out Loud,281560,soft pop
2024-12-31 05:12,Olivia Rodrigo,obsessed,170541,pop
2024-12-31 05:29,Bastille,Flaws,160256,indie
2024-12-31 23:02,Bastille,Flaws,59574,indie
2024-12-31 23:06,Fall Out Boy,The Phoenix,244960,emo
2024-12-31 23:10,Lukas Graham,7 Years,237300,pop
2024-12-31 23:14,The Neighbourhood,Sweater Weather,240400,indie
2024-12-31 23:17,One Direction,Drag Me Down,192120,pop
2024-12-31 23:21,Jaymes Young,Feel Something,217400,indie
2024-12-31 23:25,Sam Smith,"Fire On Fire - From ""Watership Down""",246735,soft pop
2024-12-31 23:28,Ellie Goulding,Close To Me (with Diplo) (feat. Swae Lee),182623,female vocalists
2024-12-31 23:33,Imagine Dragons,Battle Cry,273640,indie
2024-12-31 23:36,Olivia Rodrigo,happier,175933,pop
2024-12-31 23:39,Maluma,Hawái,200197,reggaeton
2024-12-31 23:43,MAGIC!,Rude,224840,reggae
2024-12-31 23:47,The Weeknd,"One Of The Girls (with JENNIE, Lily Rose Depp)",244684,rnb
2024-12-31 23:50,Arcane,The Line (from the series Arcane League of Legends),192000,Progressive metal
2024-12-31 23:54,DNCE,Toothbrush,231813,pop
2024-12-31 23:57,Dominic Fike,3 Nights,177666,indie
2025-01-01 00:27,Sam Tinnesz,Play with Fire (feat. Yacht Money),121301,alternative
2025-01-01 03:01,Sam Tinnesz,Play with Fire (feat. Yacht Money),60698,alternative
2025-01-01 03:04,Charlotte Lawrence,Why Do You Love Me,171908,pop
2025-01-01 03:07,Ellise,911,188386,indie pop
2025-01-01 03:10,Jack & Jack,No One Compares To You,182920,pop
2025-01-01 03:15,Tones And I,Ur So F**kInG cOoL,172746,pop
2025-01-01 03:18,Katy Perry,Roar,223546,pop
2025-01-01 03:22,BTS,Burning Up (Fire),203351,k-pop
2025-01-01 03:25,ZAYN,There You Are,199600,pop
2025-01-01 03:29,Cartoon,On & On,207068,Progressive rock
2025-01-01 03:32,Half an Orange,Blink 182,184000,indie
2025-01-01 03:35,The Chainsmokers,Hope,180120,electronic
2025-01-01 03:38,Olivia Rodrigo,bad idea right?,184783,pop
2025-01-01 03:40,Surf Curse,Freaks,147062,indie
2025-01-01 03:44,Theory of a Deadman,Angel,202205,post-grunge
2025-01-01 03:47,Post Malone,Congratulations,220293,Hip-Hop
2025-01-01 03:51,Sia,Unstoppable,217746,female vocalists
2025-01-01 03:55,Lana Del Rey,Young And Beautiful,236053,female vocalists
2025-01-01 03:58,Hailee Steinfeld,Starving,181933,pop
2025-01-01 04:01,James Arthur,Impossible,209440,soft pop
2025-01-01 04:04,Bastille,Doom Days,138115,indie
2025-01-01 04:07,Metro Boomin,Creepin' (with The Weeknd & 21 Savage),221520,trap
2025-01-01 04:10,Anne-Marie,PSYCHO,162666,pop
2025-01-01 04:15,Anuv Jain,Riha,287312,indian indie
2025-01-01 04:20,The Weeknd,Prisoner,274960,rnb
2025-01-01 04:23,Katy Perry,The One That Got Away,227333,pop
2025-01-01 04:27,Fall Out Boy,Immortals,189386,emo
2025-01-01 04:30,Charlie Puth,Attention,208786,soft pop
2025-01-01 04:34,Snow Patrol,Chasing Cars,267960,indie
2025-01-01 04:38,Au/Ra,Panic Room,237772,pop
2025-01-01 04:44,Belle Sisoski,Hold On,336000,hip hop
2025-01-01 04:50,Billie Eilish,CHIHIRO,303440,pop
2025-01-01 04:53,Shawn Mendes,Stitches,206880,pop
2025-01-01 05:44,Janani K. Jha,Achilles Heel,74840,indie
2025-01-02 18:31,Vishal-Shekhar,Desi Girl,2439,bollywood
2025-01-02 18:36,Shankar-Ehsaan-Loy,Kal Ho Naa Ho,321240,bollywood
2025-01-02 18:42,KK,Dil Kyun Yeh Mera,333200,Hindi
2025-01-02 18:54,Shreya Ghoshal,"Ye Ishq Hai (From ""Jab We Met"")",107622,bollywood
2025-01-03 02:25,Sandesh Shandilya,"Suraj Hua Maddham (From ""Kabhi Khushi Kabhie Gham"")",5130,bollywood
2025-01-03 02:25,Amit Trivedi,Gal Mitthi Mitthi,5407,bollywood
2025-01-03 02:29,Vishal-Shekhar,Jaane Kyun,277986,bollywood
2025-01-03 02:41,Shankar-Ehsaan-Loy,Where's the Party Tonight,378160,bollywood
2025-01-03 02:48,Sandesh Shandilya,Suraj Hua Maddham,427546,bollywood
2025-01-03 02:59,Mohit Chauhan,Dooriyan,324851,bollywood
2025-01-03 03:54,Jatin-Lalit,Yeh Ladka Hai Allah,254933,bollywood
2025-01-04 17:15,Jatin-Lalit,Yeh Ladka Hai Allah,574,bollywood
2025-01-04 17:16,Shankar-Ehsaan-Loy,It's the Time to Disco,413,bollywood
2025-01-04 17:16,Dwayne Johnson,You're Welcome,1522,Disney
2025-01-04 17:19,Braelyn Rankins,I Always Wanted A Brother,214506,Soundtrack
2025-01-04 17:22,Folake,Bye Bye,159996,
2025-01-04 17:23,High School Musical Cast,We're All In This Together,781,pop
2025-01-04 17:23,Jonathan Groff,Lost in the Woods,1002,musicals
2025-01-04 17:23,Anika Noni Rose,"Almost There - From ""The Princess and the Frog"" / Soundtrack Version",1215,dreamgirls
2025-01-04 17:23,Ariana DeBose,This Wish,817,musicals
2025-01-04 17:23,Angela Lansbury,Beauty and the Beast,3889,Disney
2025-01-04 17:23,Phil Harris,The Bare Necessities,550,Disney
2025-01-04 17:23,Adriana Caselotti,Some Day My Prince Will Come,729,Disney
2025-01-04 17:23,Julie Andrews,"Supercalifragilisticexpialidocious - From ""Mary Poppins"" Soundtrack",467,musicals
2025-01-04 17:23,Michael Giacchino,Here Comes Elastigirl - Elastigirl's Theme,613,soundtrack
2025-01-04 17:23,Verna Felton,"Bibbidi-Bobbidi-Boo - From ""Cinderella"" Soundtrack",741,Soundtrack
2025-01-04 17:23,Stephanie Beatriz,Waiting On A Miracle,2988,hollywood
2025-01-04 17:23,Descendants – Cast,Life Is Sweeter,872,Soundtrack
2025-01-04 17:24,Grace Potter,Something That I Want,57548,blues
2025-01-04 17:24,Roger Bart,Go the Distance,1479,Disney
2025-01-04 17:24,Dick Van Dyke,"Chim Chim Cher-ee - From ""Mary Poppins""/Soundtrack Version",1631,musical
2025-01-04 17:24,Lauv,Steal The Show,1110,pop
2025-01-04 17:24,Rosie O'Donnell,Trashin' The Camp,650,christmas
2025-01-04 17:24,Jon Batiste,It's All Right,907,jazz
2025-01-04 21:25,Idina Menzel,Into the Unknown,41996,musicals
2025-01-04 21:49,High School Musical Cast,We're All In This Together,622,pop
2025-01-04 21:49,Jonathan Groff,Lost in the Woods,1616,musicals
2025-01-04 21:49,Anika Noni Rose,"Almost There - From ""The Princess and the Frog"" / Soundtrack Version",550,dreamgirls
2025-01-04 21:49,Ariana DeBose,This Wish,450,musicals
2025-01-04 21:49,Grace Potter,Something That I Want,732,blues
2025-01-04 21:49,Idina Menzel,Into the Unknown,12765,musicals
2025-01-04 21:49,Phil Harris,The Bare Necessities,584,Disney
2025-01-04 21:49,Adriana Caselotti,Some Day My Prince Will Come,814,Disney
2025-01-04 21:49,Roger Bart,Go the Distance,1289,Disney
2025-01-04 21:49,Julie Andrews,"Supercalifragilisticexpialidocious - From ""Mary Poppins"" Soundtrack",500,musicals
2025-01-04 21:49,Dick Van Dyke,"Chim Chim Cher-ee - From ""Mary Poppins""/Soundtrack Version",542,musical
2025-01-04 21:49,Lauv,Steal The Show,727,pop
2025-01-04 21:49,Rosie O'Donnell,Trashin' The Camp,126,christmas
2025-01-04 21:49,Michael Giacchino,Here Comes Elastigirl - Elastigirl's Theme,635,soundtrack
2025-01-04 21:49,Verna Felton,"Bibbidi-Bobbidi-Boo - From ""Cinderella"" Soundtrack",442,Soundtrack
2025-01-04 21:49,Stephanie Beatriz,Waiting On A Miracle,562,hollywood
2025-01-04 21:49,Descendants – Cast,Life Is Sweeter,550,Soundtrack
2025-01-04 21:49,Jon Batiste,It's All Right,710,jazz
2025-01-04 21:50,Angela Lansbury,Beauty and the Beast,586,Disney
2025-01-04 21:53,Braelyn Rankins,I Always Wanted A Brother,214506,Soundtrack
2025-01-04 21:55,Folake,Bye Bye,135440,
2025-01-04 21:56,High School Musical Cast,We're All In This Together,410,pop
2025-01-04 21:56,Jonathan Groff,Lost in the Woods,661,musicals
2025-01-04 21:56,Anika Noni Rose,"Almost There - From ""The Princess and the Frog"" / Soundtrack Version",341,dreamgirls
2025-01-04 21:56,Ariana DeBose,This Wish,528,musicals
2025-01-04 21:56,Angela Lansbury,Beauty and the Beast,55391,Disney
2025-01-04 21:56,Phil Harris,The Bare Necessities,440,Disney
2025-01-04 21:56,Adriana Caselotti,Some Day My Prince Will Come,1839,Disney
2025-01-04 21:56,Julie Andrews,"Supercalifragilisticexpialidocious - From ""Mary Poppins"" Soundtrack",1951,musicals
2025-01-04 21:56,Michael Giacchino,Here Comes Elastigirl - Elastigirl's Theme,442,soundtrack
2025-01-04 21:56,Verna Felton,"Bibbidi-Bobbidi-Boo - From ""Cinderella"" Soundtrack",2419,Soundtrack
2025-01-04 21:56,Stephanie Beatriz,Waiting On A Miracle,418,hollywood
2025-01-04 21:56,Descendants – Cast,Life Is Sweeter,1067,Soundtrack
2025-01-04 21:57,Mandy Moore,"When Will My Life Begin? - From ""Tangled"" / Soundtrack Version",2184,pop
2025-01-04 21:57,Mandy Moore,"When Will My Life Begin? - From ""Tangled"" / Soundtrack Version",636,pop
2025-01-04 21:57,Grace Potter,Something That I Want,2121,blues
2025-01-04 21:57,Idina Menzel,Into the Unknown,1252,musicals
2025-01-04 21:57,Idina Menzel,Into the Unknown,584,musicals
2025-01-04 21:57,Roger Bart,Go the Distance,537,Disney
2025-01-04 21:57,Dick Van Dyke,"Chim Chim Cher-ee - From ""Mary Poppins""/Soundtrack Version",719,musical
2025-01-04 21:57,Lauv,Steal The Show,458,pop
2025-01-04 21:57,Rosie O'Donnell,Trashin' The Camp,670,christmas
2025-01-04 21:57,Jon Batiste,It's All Right,3447,jazz
2025-01-04 22:00,Idina Menzel,Into the Unknown,194848,musicals
2025-01-04 22:02,Mandy Moore,"When Will My Life Begin? - From ""Tangled"" / Soundtrack Version",152333,pop
2025-01-04 22:06,Dove Cameron,If Only,229813,pop
2025-01-04 22:08,Anika Noni Rose,Down in New Orleans (Finale),95493,dreamgirls
2025-01-04 22:11,Olivia Rodrigo,The Rose Song,174380,pop
2025-01-04 23:53,Naomi Scott,Speechless (Full),35192,pop
2025-01-05 20:42,Lola Young,Messy,30424,pop
2025-01-05 20:46,Lola Young,Messy,263352,pop
2025-01-05 20:50,Chappell Roan,"Good Luck, Babe!",218423,pop
2025-01-05 20:53,Sabrina Carpenter,Taste,157279,pop
2025-01-05 20:56,Gigi Perez,Sailor Song,211978,indie
2025-01-05 21:01,Billie Eilish,WILDFLOWER,256324,pop
2025-01-05 21:04,Billie Eilish,THE DINER,186346,pop
2025-01-05 21:09,Billie Eilish,L’AMOUR DE MA VIE,333986,pop
2025-01-05 21:13,Billie Eilish,BIRDS OF A FEATHER,210373,pop
2025-01-05 21:16,Billie Eilish,LUNCH,179586,pop
2025-01-05 21:19,Sabrina Carpenter,Please Please Please,186365,pop
2025-01-05 21:22,SZA,BMF,180746,rnb
2025-01-05 21:25,Chappell Roan,HOT TO GO!,184841,pop
2025-01-05 21:26,Shaboozey,A Bar Song (Tipsy),30586,country
2025-01-05 21:27,Gracie Abrams,"I Love You, I'm Sorry",4097,seen live
2025-01-05 21:27,Charli xcx,Guess featuring billie eilish,1335,hyperpop
2025-01-05 21:27,"Tyler, The Creator","Sticky (feat. GloRilla, Sexyy Red & Lil Wayne)",903,Hip-Hop
2025-01-05 21:27,ROSÉ,toxic till the end,58845,pop
2025-01-05 21:29,Don Toliver,NEW DROP,759,rap
2025-01-05 21:29,Addison Rae,Diet Pepsi,1329,pop
2025-01-05 21:29,Bad Bunny,EL CLúB,721,reggaeton
2025-01-05 21:29,Tyla,PUSH 2 START,1187,afrobeats
2025-01-05 21:29,Tommy Richman,MILLION DOLLAR BABY,4702,rnb
2025-01-05 21:29,Hozier,Too Sweet,2484,blues
2025-01-05 21:29,LISA,Moonlit Floor (Kiss Me),11291,k-pop
2025-01-05 21:29,The Marías,No One Noticed,4576,bedroom pop
2025-01-05 21:29,Sabrina Carpenter,Espresso,1484,pop
2025-01-05 21:29,Rauw Alejandro,Qué Pasaría...,116103,reggaeton
2025-01-05 21:29,Doechii,DENIAL IS A RIVER,1769,rap
2025-01-05 21:29,Post Malone,I Had Some Help (Feat. Morgan Wallen),2039,Hip-Hop
2025-01-05 21:29,Ariana Grande,we can't be friends (wait for your love),2224,pop
2025-01-05 21:29,SZA,30 For 30 (with Kendrick Lamar),1481,rnb
2025-01-05 21:29,JENNIE,Mantra,433,k-pop
2025-01-05 21:32,Folake,Bye Bye,135440,
2025-01-05 21:35,Teddy Swims,Lose Control,463,soul
2025-01-05 21:35,Dasha,Austin (Boots Stop Workin'),514,pop
2025-01-05 21:35,Dasha,Austin (Boots Stop Workin'),5162,pop
2025-01-05 21:35,Oscar Maydon,Tu Boda,862,corridos tumbados
2025-01-05 21:35,Oscar Maydon,Tu Boda,2341,corridos tumbados
2025-01-05 21:35,Benson Boone,Beautiful Things,0,pop
2025-01-05 21:35,Braelyn Rankins,I Always Wanted A Brother,214506,Soundtrack
2025-01-05 21:35,Myles Smith,Stargazing,1278,folk
2025-01-05 21:35,Myke Towers,DEGENERE 👑 (feat. benny blanco),0,reggaeton
2025-01-05 21:36,Kendrick Lamar,tv off (feat. lefty gunplay),1149,hip hop
2025-01-05 21:36,Taylor Swift,Fortnight (feat. Post Malone),574,country
2025-01-05 21:36,KAROL G,Si Antes Te Hubiera Conocido,629,reggaeton
2025-01-05 21:36,Stromae,Ma Meilleure Ennemie (from the series Arcane League of Legends),653,french pop
2025-01-05 21:36,Morgan Wallen,Love Somebody,1098,country
2025-01-05 21:36,yung kai,blue,512,indie
2025-01-05 21:36,Omar Courtz,Q U E V A S H A C E R H O Y ?,636,Hip-Hop
2025-01-05 21:36,GloRilla,WHATCHU KNO ABOUT ME (with Sexyy Red),802,rap
2025-01-05 21:36,KATSEYE,Touch,756,k-pop
2025-01-05 21:38,Stromae,Ma Meilleure Ennemie (from the series Arcane League of Legends),147973,french pop
2025-01-05 21:41,Twenty One Pilots,The Line (from the series Arcane League of Legends),192000,electronic
2025-01-05 21:45,League of Legends,Legends Never Die,235000,Soundtrack
2025-01-05 21:55,Omar Courtz,Q U E V A S H A C E R H O Y ?,224022,Hip-Hop
2025-01-05 22:00,Jimin,Who,170887,k-pop
2025-01-05 22:31,Lady Gaga,Die With A Smile,250000,art pop
2025-01-06 15:47,Lady Gaga,Die With A Smile,2692,art pop
2025-01-06 15:50,Doechii,DENIAL IS A RIVER,159586,rap
2025-01-06 15:53,Gracie Abrams,That’s So True,166300,seen live
2025-01-06 15:56,Billie Eilish,BIRDS OF A FEATHER,210373,pop
2025-01-06 15:59,SZA,BMF,180746,rnb
2025-01-06 16:02,Kendrick Lamar,luther (with sza),177598,hip hop
2025-01-06 16:05,ROSÉ,APT.,169917,pop
2025-01-06 16:10,Lola Young,Messy,284068,pop
2025-01-06 16:14,The Weeknd,Timeless (feat. Playboi Carti),256000,rnb
2025-01-06 16:17,Shaboozey,A Bar Song (Tipsy),171291,country
2025-01-06 16:21,Lil Baby,"Dum, Dumb, and Dumber (with Young Thug & Future)",227400,rap
2025-01-06 16:23,Sabrina Carpenter,Taste,157279,pop
2025-01-06 16:26,Benson Boone,Beautiful Things,180304,pop
2025-01-06 16:30,Morgan Wallen,Love Somebody,204828,country
2025-01-06 16:33,Gigi Perez,Sailor Song,211978,indie
2025-01-06 16:50,"Tyler, The Creator","Sticky (feat. GloRilla, Sexyy Red & Lil Wayne)",112397,Hip-Hop
2025-01-06 17:08,"Tyler, The Creator","Sticky (feat. GloRilla, Sexyy Red & Lil Wayne)",3286,Hip-Hop
2025-01-06 17:12,Chappell Roan,"Good Luck, Babe!",218423,pop
2025-01-06 17:13,Kendrick Lamar,tv off (feat. lefty gunplay),406,hip hop
2025-01-06 17:13,Hozier,Too Sweet,835,blues
2025-01-06 17:13,GloRilla,WHATCHU KNO ABOUT ME (with Sexyy Red),54891,rap
2025-01-06 17:16,Tate McRae,It's ok I'm ok,156521,pop
2025-01-06 17:18,Tate McRae,you broke me first,124641,pop
2025-01-06 17:21,Lizzy McAlpine,ceilings,182887,indie pop
2025-01-06 17:25,Lewis Capaldi,Before You Go,215106,soft pop
2025-01-06 17:27,Imagine Dragons,Bones,165264,indie
2025-01-06 17:31,The Marías,No One Noticed,236906,bedroom pop
2025-01-06 17:35,Bad Bunny,PIToRRO DE COCO,206627,reggaeton
2025-01-06 17:38,Post Malone,I Had Some Help (Feat. Morgan Wallen),178205,Hip-Hop
2025-01-06 17:46,Billie Eilish,WILDFLOWER,261466,pop
2025-01-06 17:57,SZA,30 For 30 (with Kendrick Lamar),63508,rnb
2025-01-06 22:19,Sabrina Carpenter,Please Please Please,928,pop
2025-01-06 22:20,Sam Barber,Indigo (feat. Avery Anna),3860,country
2025-01-06 22:20,Unknown Artist,Unknown Track,1768,japanese classical
2025-01-06 22:20,Conan Gray,Heather,714,seen live
2025-01-06 22:20,Conan Gray,Heather,0,seen live
2025-01-06 22:20,The Neighbourhood,Sweater Weather,1705,indie
2025-01-06 22:25,Billie Eilish,CHIHIRO,297920,pop
2025-01-06 22:28,Gigi Perez,Sailor Song,186262,indie
2025-01-06 22:32,Lana Del Rey,Young And Beautiful,228446,female vocalists
2025-01-06 22:34,Twenty One Pilots,The Line (from the series Arcane League of Legends),159099,electronic
2025-01-06 22:37,Post Malone,Congratulations,195097,Hip-Hop
2025-01-06 22:37,Unknown Artist,Unknown Track,2664,japanese classical
2025-01-06 22:38,Unknown Artist,Unknown Track,4780,japanese classical
2025-01-06 22:41,Selena Gomez,Bad Liar,210649,pop
2025-01-06 22:43,Bastille,Doom Days,130102,indie
2025-01-06 22:46,Tove Lo,Habits (Stay High),195506,pop
2025-01-06 22:50,Halsey,Nightmare,201623,pop
2025-01-06 22:53,Unknown Artist,Unknown Track,6844,japanese classical
2025-01-06 22:53,Jaymes Young,Infinity,212287,indie
2025-01-06 22:53,Unknown Artist,Unknown Track,1959,japanese classical
2025-01-06 22:57,Paris Paloma,labour,231464,seen live
2025-01-06 23:05,Rebel Moves,Every When,149452,turkish
2025-01-07 23:49,OneRepublic,Counting Stars,1750,soft pop
2025-01-07 23:49,Unknown Artist,Unknown Track,3866,japanese classical
2025-01-07 23:49,Bakar,Hell N Back (feat. Summer Walker),509,french rap
2025-01-07 23:53,Billie Eilish,WILDFLOWER,214626,pop
2025-01-07 23:56,The Neighbourhood,Sweater Weather,223947,indie
2025-01-08 00:02,Metro Boomin,Creepin' (with The Weeknd & 21 Savage),212094,trap
2025-01-08 00:05,Sam Tinnesz,Play with Fire (feat. Yacht Money),168158,alternative
2025-01-08 00:08,Bastille,Flaws,212300,indie
2025-01-08 00:08,Unknown Artist,Unknown Track,2168,japanese classical
2025-01-08 00:08,Unknown Artist,Unknown Track,5172,japanese classical
2025-01-08 00:10,XXXTENTACION,SAD!,134803,emo rap
2025-01-08 00:14,Post Malone,Circles,197201,Hip-Hop
2025-01-08 00:17,Travis Scott,goosebumps,212618,rap
2025-01-08 00:20,Astrid S,Hurts So Good,183761,norwegian pop
2025-01-08 00:23,Unknown Artist,Unknown Track,3552,japanese classical
2025-01-08 00:23,Unknown Artist,Unknown Track,2403,japanese classical
2025-01-08 00:23,Twenty One Pilots,Heathens,193542,electronic
2025-01-08 01:45,Chappell Roan,My Kink Is Karma,84799,pop
2025-01-08 15:35,Unknown Artist,Unknown Track,4675,japanese classical
2025-01-08 15:35,Chappell Roan,My Kink Is Karma,129335,pop
2025-01-08 15:38,Imagine Dragons,Enemy (with JID) - from the series Arcane League of Legends,168384,indie
2025-01-08 15:40,Poylow,Hate You,153129,slap house
2025-01-08 15:42,Sub Urban,INFERNO,124156,noise
2025-01-08 15:46,League of Legends,Burn It All Down,195723,Soundtrack
2025-01-08 15:53,Unknown Artist,Unknown Track,10814,japanese classical
2025-01-08 15:53,Unknown Artist,Unknown Track,2220,japanese classical
2025-01-08 15:53,Billie Eilish,L’AMOUR DE MA VIE,333986,pop
2025-01-08 15:56,Dermot Kennedy,Power Over Me,184620,singer-songwriter
2025-01-08 16:00,Daughter,Medicine,218646,indie
2025-01-08 16:03,Taylor Swift,"no body, no crime (feat. HAIM)",200559,country
2025-01-08 16:14,The Fray,Look After You,72506,alternative
2025-01-08 17:39,The Fray,Look After You,87963,alternative
2025-01-08 17:42,AJR,Weak,193767,indie pop
2025-01-08 17:42,Unknown Artist,Unknown Track,2324,japanese classical
2025-01-08 17:42,Unknown Artist,Unknown Track,3866,japanese classical
2025-01-08 17:46,Halsey,Sorry,215520,pop
2025-01-08 17:48,Jack & Jack,No One Compares To You,176860,pop
2025-01-08 17:51,Surf Curse,Freaks,139790,indie
2025-01-08 17:54,Ruth B.,Dandelions,216254,pop
2025-01-08 17:54,Selena Gomez,Wolves,11543,pop
2025-01-08 17:55,Unknown Artist,Unknown Track,3630,japanese classical
2025-01-08 17:55,Marshmello,Be Kind (with Halsey),9399,edm
2025-01-08 17:59,Glass Animals,Heat Waves,234665,electronic
2025-01-08 18:01,Olivia Rodrigo,obsessed,164124,pop
2025-01-08 18:04,Shaboozey,A Bar Song (Tipsy),163521,country
2025-01-08 18:06,Unknown Artist,Unknown Track,2429,japanese classical
2025-01-08 18:06,Imagine Dragons,Bones,165000,indie
2025-01-08 18:07,Unknown Artist,Unknown Track,6164,japanese classical
2025-01-08 18:10,Bishop Briggs,River,211379,indie
2025-01-08 18:14,Taylor Swift,I Did Something Bad,234579,country
2025-01-08 18:15,Halsey,Walls Could Talk,90949,pop
2025-01-08 18:18,BTS,Burning Up (Fire),196976,k-pop
2025-01-08 18:20,Unknown Artist,Unknown Track,2194,japanese classical
2025-01-08 18:20,24kGoldn,CITY OF ANGELS,104767,Hip-Hop
2025-01-08 18:20,Unknown Artist,Unknown Track,5067,japanese classical
2025-01-08 18:24,Wallows,Are You Bored Yet? (feat. Clairo),176019,indie
2025-01-08 18:27,Lewis Capaldi,Bruises,208672,soft pop
2025-01-08 18:31,Coldplay,Hymn for the Weekend,238983,rock
2025-01-08 18:34,Troye Sivan,Happy Little Pill,206188,pop
2025-01-08 18:37,Unknown Artist,Unknown Track,6321,japanese classical
2025-01-08 18:37,Unknown Artist,Unknown Track,2168,japanese classical
2025-01-08 18:37,Justin Bieber,Lonely (with benny blanco),142035,pop
2025-01-08 18:40,Ellie Goulding,Close To Me (with Diplo) (feat. Swae Lee),176848,female vocalists
2025-01-08 18:43,Maroon 5,Cold (feat. Future),225388,pop
2025-01-08 18:46,Sia,"Genius (feat. Sia, Diplo, and Labrinth)",185984,female vocalists
2025-01-08 18:50,Taylor Swift,Delicate,225000,country
2025-01-08 18:54,5 Seconds of Summer,Youngblood,203000,pop rock
2025-01-08 18:54,Unknown Artist,Unknown Track,6112,japanese classical
2025-01-08 18:54,Unknown Artist,Unknown Track,2011,japanese classical
2025-01-08 18:57,Twenty One Pilots,Ride,202883,electronic
2025-01-08 18:59,Lil Nas X,THATS WHAT I WANT,141401,Hip-Hop
2025-01-08 19:03,The Chainsmokers,Who Do You Love,211231,electronic
2025-01-08 19:06,Imagine Dragons,Natural,178690,indie
2025-01-08 19:07,Unknown Artist,Unknown Track,1776,japanese classical
2025-01-08 19:07,Doja Cat,Get Into It (Yuh),123260,pop
2025-01-08 19:08,Unknown Artist,Unknown Track,4884,japanese classical
2025-01-08 19:10,Daisy the Great,Record Player,146219,indie pop
2025-01-08 19:12,Dove Cameron,Breakfast,146704,pop
2025-01-08 19:15,Halsey,Gasoline,181856,pop
2025-01-08 19:18,Arctic Monkeys,I Wanna Be Yours,174519,indie
2025-01-08 19:20,Bryce Fox,Golden Boy,135112,alternative
2025-01-08 19:20,Unknown Artist,Unknown Track,5093,japanese classical
2025-01-08 19:20,Unknown Artist,Unknown Track,1985,japanese classical
2025-01-08 19:24,Lindsey Stirling,The Arena,223884,violin
2025-01-08 19:26,Clarx,Castle,140821,future house
2025-01-08 19:30,Imagine Dragons,Who We Are,225290,indie
2025-01-08 19:33,MARINA,About Love - From The Netflix Film “To All The Boys: P.S. I Still Love You”,204636,pop
2025-01-08 19:37,Unknown Artist,Unknown Track,1541,japanese classical
2025-01-08 19:37,PUBLIC,Make You Mine,227914,indie pop
2025-01-08 19:37,Unknown Artist,Unknown Track,4544,japanese classical
2025-01-08 19:41,Aaron Smith,Dancin - Krono Remix,207972,House
2025-01-08 19:44,Thirty Seconds To Mars,The Kill,228222,modern rock
2025-01-08 19:48,Carrie Underwood,Before He Cheats,192965,country
2025-01-08 19:49,Dybbukk,I'm Only a Fool for You,59403,
2025-01-08 19:52,P!nk,Who Knew - Edit,199719,opera
2025-01-08 19:52,Unknown Artist,Unknown Track,5172,japanese classical
2025-01-08 19:52,Unknown Artist,Unknown Track,1802,japanese classical
2025-01-08 19:55,Benson Boone,Cry,181500,pop
2025-01-08 19:58,Halsey,Without Me,186587,pop
2025-01-08 20:00,Olivia Rodrigo,favorite crime,149954,pop
2025-01-08 20:03,Dominic Fike,3 Nights,169807,indie
2025-01-08 20:06,Conan Gray,Maniac,183949,seen live
2025-01-08 20:06,Unknown Artist,Unknown Track,2011,japanese classical
2025-01-08 20:06,Unknown Artist,Unknown Track,3944,japanese classical
2025-01-08 20:08,Zadbeatz,Belong,107965,lo-fi
2025-01-08 20:10,Aurekk the Mighty,Sunset Day,123338,
2025-01-08 20:11,kine,in luv with u,86354,Norway
2025-01-08 20:13,frozen fox,Cold Rain,108171,Lo-Fi
2025-01-08 20:14,avee,o k a y,97799,
2025-01-08 20:14,Unknown Artist,Unknown Track,1593,japanese classical
2025-01-08 20:15,Unknown Artist,Unknown Track,3133,japanese classical
2025-01-08 20:18,Ed Sheeran,Cross Me (feat. Chance the Rapper & PnB Rock),201926,soft pop
2025-01-08 20:22,NF,Time,200942,Hip-Hop
2025-01-08 20:25,mgk,"Home (with Machine Gun Kelly, X Ambassadors & Bebe Rexha)",199249,opera
2025-01-08 20:29,Eminem,Mockingbird,208922,rap
2025-01-10 04:16,Unknown Artist,Unknown Track,561,japanese classical
2025-01-10 04:16,Halsey,Nightmare,0,pop
2025-01-10 04:16,Zedd,365,1489,edm
2025-01-10 04:16,Astrid S,Hurts So Good,1447,norwegian pop
2025-01-10 04:16,Tove Lo,Habits (Stay High),1895,pop
2025-01-10 04:20,Unknown Artist,Unknown Track,4937,japanese classical
2025-01-10 04:20,Post Malone,Circles,214091,Hip-Hop
2025-01-10 04:20,Unknown Artist,Unknown Track,1985,japanese classical
2025-01-10 04:56,Billie Eilish,CHIHIRO,230554,pop
2025-01-10 20:31,Unknown Artist,Unknown Track,4545,japanese classical
2025-01-10 20:31,Billie Eilish,THE DINER,2588,pop
2025-01-10 20:31,Billie Eilish,CHIHIRO,63003,pop
2025-01-10 20:35,League of Legends,Burn It All Down,200276,Soundtrack
2025-01-10 20:38,Twenty One Pilots,Heathens,193049,electronic
2025-01-10 20:41,Chappell Roan,"Good Luck, Babe!",210883,pop
2025-01-10 20:44,Unknown Artist,Unknown Track,1854,japanese classical
2025-01-10 20:44,Unknown Artist,Unknown Track,3526,japanese classical
2025-01-10 20:44,Poylow,Hate You,176574,slap house
2025-01-10 20:47,Selena Gomez,Bad Liar,209455,pop
2025-01-10 20:51,NF,Time,199886,Hip-Hop
2025-01-10 20:57,Halsey,Gasoline,362834,pop
2025-01-10 20:58,Bishop Briggs,River,83037,indie
2025-01-10 20:59,Unknown Artist,Unknown Track,3813,japanese classical
2025-01-10 20:59,Elley Duhé,MIDDLE OF THE NIGHT,56005,pop
2025-01-10 21:01,Doja Cat,Get Into It (Yuh),120166,pop
2025-01-10 22:39,Tate McRae,It's ok I'm ok,102537,pop
2025-01-11 16:54,Mike Posner,I Took A Pill In Ibiza - Seeb Remix,1385,rnb
2025-01-11 16:54,Unknown Artist,Unknown Track,580,japanese classical
2025-01-11 16:54,5 Seconds of Summer,Ghost Of You,268,pop rock
2025-01-11 16:57,5 Seconds of Summer,Ghost Of You,194640,pop rock
2025-01-11 17:00,Mike Posner,I Took A Pill In Ibiza - Seeb Remix,189631,rnb
2025-01-11 17:04,Au/Ra,Panic Room,203075,pop
2025-01-11 17:08,Maroon 5,Cold (feat. Future),225388,pop
2025-01-11 17:20,Ruth B.,Dandelions,142688,pop
2025-01-11 23:33,Ruth B.,Dandelions,22376,pop
2025-01-13 15:30,Gigi Perez,Sailor Song,0,indie
2025-01-13 15:30,Ruth B.,Dandelions,306,pop
2025-01-13 15:30,Selena Gomez,Bad Liar,0,pop
2025-01-13 15:30,NF,Time,2523,Hip-Hop
2025-01-13 15:30,Unknown Artist,Unknown Track,629,japanese classical
2025-01-13 15:30,Unknown Artist,Unknown Track,241,japanese classical
2025-01-13 15:30,Maroon 5,Cold (feat. Future),970,pop
2025-01-13 15:34,NF,Time,240428,Hip-Hop
2025-01-13 15:38,Arcane,The Line (from the series Arcane League of Legends),192000,Progressive metal
2025-01-13 15:42,League of Legends,Legends Never Die,235000,Soundtrack
2025-01-13 15:45,Gigi Perez,Sailor Song,211978,indie
2025-01-13 15:48,Arctic Monkeys,I Wanna Be Yours,183956,indie
2025-01-13 15:51,George Ezra,Blame It on Me,196400,indie
2025-01-13 17:00,Bastille,Good Grief,178805,indie
2025-01-13 17:08,Bastille,Good Grief,28703,indie
2025-01-13 17:13,Bastille,Flaws,218800,indie
2025-01-13 17:16,Benson Boone,Slow It Down,161831,pop
2025-01-13 17:20,Dirty Heads,Oxygen,225394,reggae rock
2025-01-13 17:24,Chappell Roan,Femininomenon,219710,pop
2025-01-13 17:24,Ariana Grande,the boy is mine,9193,pop
2025-01-13 17:28,Olivia Rodrigo,teenage dream,222358,pop
2025-01-13 17:31,Chappell Roan,Casual,173260,pop
2025-01-13 17:34,Conan Gray,Family Line,216094,seen live
2025-01-13 17:39,Chappell Roan,Pink Pony Club,258034,pop
2025-01-13 17:42,Chappell Roan,My Kink Is Karma,222578,pop
2025-01-13 17:46,Conan Gray,Astronomy,243907,seen live
2025-01-13 17:50,Chappell Roan,Red Wine Supernova,192720,pop
2025-01-13 17:53,Wallows,Are You Bored Yet? (feat. Clairo),178000,indie
2025-01-13 17:56,The Last Dinner Party,Nothing Matters,182623,seen live
2025-01-13 18:00,Chappell Roan,Pink Pony Club,258034,pop
2025-01-13 18:02,Benson Boone,Cry,118432,pop
2025-01-13 18:07,Billie Eilish,CHIHIRO,303440,pop
2025-01-13 18:10,Charli xcx,Club classics,153526,hyperpop
2025-01-13 18:16,Chappell Roan,My Kink Is Karma,222578,pop
2025-01-13 18:19,Benson Boone,Beautiful Things,180304,pop
2025-01-13 18:22,Shaboozey,A Bar Song (Tipsy),171291,country
2025-01-13 19:03,Mitski,My Love Mine All Mine,83213,seen live
2025-01-13 22:16,Mitski,My Love Mine All Mine,55583,seen live
2025-01-13 22:20,beabadoobee,A Night To Remember,233388,bedroom pop
2025-01-13 22:24,Billie Eilish,BIRDS OF A FEATHER,210373,pop
2025-01-13 22:28,fun.,Carry On,278373,indie pop
2025-01-13 22:34,Billie Eilish,L’AMOUR DE MA VIE,332990,pop
2025-01-13 22:37,Billie Eilish,THE DINER,186346,pop
2025-01-13 22:42,Billie Eilish,WILDFLOWER,261466,pop
2025-01-13 22:45,Metro Boomin,Creepin' (with The Weeknd & 21 Savage),221520,trap
2025-01-13 22:49,Conan Gray,Family Line,216094,seen live
2025-01-13 22:53,Arctic Monkeys,505,253586,indie
2025-01-13 22:56,lilster,Barbie (Can You Play Ken?),173735,jersey club
2025-01-14 01:52,Lana Del Rey,Young And Beautiful,138244,female vocalists
2025-01-14 03:53,Lana Del Rey,Young And Beautiful,97828,female vocalists
2025-01-14 03:57,Olivia Rodrigo,ballad of a homeschooled girl,203369,pop
2025-01-14 04:00,Olivia Rodrigo,obsessed,170541,pop
2025-01-14 04:03,Chappell Roan,"Good Luck, Babe!",218423,pop
2025-01-14 04:06,Ashnikko,Daisy,146523,Hip-Hop
2025-01-14 04:33,Fitz and The Tantrums,Out of My League,66385,soul
2025-01-14 16:41,Fitz and The Tantrums,Out of My League,1193,soul
2025-01-14 16:45,New West,Those Eyes,220750,seen live
2025-01-14 16:50,Anuv Jain,Riha,287312,indian indie
2025-01-14 17:15,Olivia Rodrigo,favorite crime,105703,pop
2025-01-14 18:25,Olivia Rodrigo,favorite crime,777,pop
2025-01-14 18:28,Olivia Rodrigo,all-american bitch,165833,pop
2025-01-14 18:31,Olivia Rodrigo,deja vu,215506,pop
2025-01-14 18:34,Olivia Rodrigo,bad idea right?,183827,pop
2025-01-14 18:38,Olivia Rodrigo,vampire,219724,pop
2025-01-14 18:42,The Weeknd,"One Of The Girls (with JENNIE, Lily Rose Depp)",244684,rnb
2025-01-14 18:45,Post Malone,Hollywood's Bleeding,156266,Hip-Hop
2025-01-14 18:55,The Buttress,Brutus (Instrumental),200000,Horrorcore
2025-01-14 19:00,Belle Sisoski,Hold On,336000,hip hop
2025-01-14 19:04,Grimes,Kill V. Maim,246013,art pop
2025-01-14 19:07,Caroline Polachek,Sunset,162909,art pop
2025-01-14 19:10,Lou Bliss,Killing Butterflies,170000,
2025-01-14 19:13,Billie Eilish,watch,177523,pop
2025-01-14 19:16,League of Legends,Burn It All Down,201840,Soundtrack
2025-01-14 19:18,Otaku,Kyoran Hey Kids!! (Noragami Aragoto),109732,lo-fi
2025-01-14 19:21,Noah Cyrus,July,156106,pop
2025-01-14 19:45,All Time Low,Monsters (feat. blackbear),116062,pop punk
2025-01-15 04:20,All Time Low,Monsters (feat. blackbear),805,pop punk
2025-01-15 04:21,Bryce Fox,Golden Boy,1159,alternative
2025-01-15 04:21,MAGIC!,Rude,13073,reggae
2025-01-15 04:22,Kali Uchis,Melting,78613,rnb
2025-01-15 04:23,BLACKPINK,Kill This Love,6332,k-pop
2025-01-15 04:23,Lizzy McAlpine,ceilings,69175,indie pop
2025-01-15 04:28,Rebel Moves,Every When,260527,turkish
2025-01-15 04:35,RAYE,Escapism.,272373,pop
2025-01-15 04:38,SZA,Kill Bill,153946,rnb
2025-01-15 04:41,Anne-Marie,PSYCHO,162666,pop
2025-01-15 04:44,Stephen Sanchez,Until I Found You (with Em Beihold) - Em Beihold Version,176440,folk
2025-01-15 04:47,Oliver Tree,Miss You - Bonus Track,206000,electronic
2025-01-15 04:50,BoyWithUke,Sick of U (with Oliver Tree),168676,indie pop
2025-01-15 05:11,Sachin-Jigar,Saibo,167255,gujarati pop
2025-01-15 17:28,Sachin-Jigar,Saibo,198613,gujarati pop
2025-01-15 17:32,Taylor Swift,Lavender Haze,202395,country
2025-01-15 17:35,WILLOW,Wait a Minute!,196520,post-rock
2025-01-15 17:38,Daisy the Great,Record Player (with AJR),149538,indie pop
2025-01-15 17:51,Sia,Unstoppable,174612,female vocalists
2025-01-15 23:29,The Kid LAROI,WITHOUT YOU,795,rap
2025-01-15 23:29,Conan Gray,People Watching,616,seen live
2025-01-15 23:29,Conan Gray,People Watching,1296,seen live
2025-01-15 23:29,Olivia Rodrigo,happier,2764,pop
2025-01-15 23:29,Half an Orange,Blink 182,1802,indie
2025-01-15 23:29,Halsey,Colors,677,pop
2025-01-15 23:29,Lana Del Rey,Summertime Sadness (Lana Del Rey Vs. Cedric Gervais) - Cedric Gervais Remix,790,female vocalists
2025-01-15 23:29,ILLENIUM,Story Of My Life (feat. Trippie Redd),867,melodic bass
2025-01-15 23:30,Halsey,Graveyard,1269,pop
2025-01-15 23:30,Halsey,Nightmare,2246,pop
2025-01-15 23:30,Halsey,Colors,12503,pop
2025-01-15 23:33,Halsey,Nightmare,231998,pop
2025-01-15 23:37,Halsey,Graveyard,181805,pop
2025-01-15 23:40,Halsey,Gasoline,199593,pop
2025-01-15 23:44,Halsey,Colors,249499,pop
2025-01-15 23:56,Halsey,Graveyard,92989,pop
2025-01-16 20:43,Halsey,Graveyard,88845,pop
2025-01-16 20:45,Halsey,Ghost,153656,pop
2025-01-16 20:48,Halsey,New Americana,183808,pop
2025-01-16 20:57,Halsey,Sorry,338421,pop
2025-01-16 21:00,Halsey,Colors,122806,pop
2025-01-16 21:03,Halsey,Sorry,220540,pop
2025-01-16 21:07,Halsey,Colors,249499,pop
2025-01-16 21:09,Halsey,Walls Could Talk,101789,pop
2025-01-16 21:47,Halsey,Control,89836,pop
2025-01-16 22:32,Halsey,Control,220283,pop
2025-01-16 22:37,Halsey,Without Me,36495,pop
2025-01-16 22:37,Halsey,Castle,277623,pop
2025-01-16 22:40,Halsey,Bad At Love,181279,pop
2025-01-16 22:44,Camila Cabello,Shameless,219742,pop
2025-01-16 22:48,Khalid,Better,229320,rnb
2025-01-16 22:51,benny blanco,Eastside (with Halsey & Khalid),170769,pop
2025-01-17 01:08,Charlie Puth,Attention,5727,soft pop
2025-01-17 04:05,Halsey,Nightmare,897,pop
2025-01-17 04:05,Naughty Boy,La La La,1926,rnb
2025-01-17 04:05,Charlie Puth,Attention,506,soft pop
2025-01-17 04:09,Lewis Capaldi,Bruises,220492,soft pop
2025-01-17 04:12,NF,Let You Down,212120,Hip-Hop
2025-01-17 05:36,Twenty One Pilots,Stressed Out,148974,electronic
2025-01-18 17:02,Halsey,Now Or Never,9392,pop
2025-01-18 17:02,Twenty One Pilots,Stressed Out,5768,electronic
2025-01-18 17:05,Twenty One Pilots,Stressed Out,202333,electronic
2025-01-18 17:07,Halsey,Now Or Never,79855,pop
2025-01-18 17:10,Twenty One Pilots,Ride,214506,electronic
2025-01-18 17:12,Lauv,I Like Me Better,85962,pop
2025-01-18 17:15,Khalid,Young Dumb & Broke,202546,rnb
2025-01-18 17:19,5 Seconds of Summer,Youngblood,203417,pop rock
2025-01-18 17:22,NF,Lie,209213,Hip-Hop
2025-01-18 17:27,Halsey,Without Me,200372,pop
2025-01-18 21:58,Halsey,Without Me,2320,pop
2025-01-18 22:01,Tate McRae,you broke me first,170226,pop
2025-01-18 22:11,Dean Lewis,Be Alright,45763,indie
2025-01-20 01:28,Dean Lewis,Be Alright,151863,indie
2025-01-20 01:32,Sia,Elastic Heart,257200,female vocalists
2025-01-20 01:36,Ellise,911,188386,indie pop
2025-01-20 01:39,Halsey,Hold Me Down,204785,pop
2025-01-20 01:43,Jaymes Young,Infinity,237720,indie
2025-01-20 01:47,The Weeknd,The Hills,242253,rnb
2025-01-20 02:00,Khalid,Love Lies,173198,rnb
2025-01-20 02:15,Khalid,Love Lies,28657,rnb
2025-01-20 02:19,Sam Smith,Fire On Fire,246735,soft pop
2025-01-20 02:22,Halsey,You should be sad,205473,pop
2025-01-20 03:03,Dean Lewis,Waves,166323,indie
2025-01-20 20:00,Dean Lewis,Waves,240013,indie
2025-01-20 20:03,Jon Bellion,All Time Low,217603,electronic
2025-01-20 20:06,Alec Benjamin,Let Me Down Slowly,169353,pop
2025-01-20 20:09,Noah Cyrus,July,156106,pop
2025-01-20 20:15,Halsey,Hurricane,218493,pop
2025-01-20 20:19,Zedd,Happy Now,207029,edm
2025-01-20 20:25,The Weeknd,Call Out My Name,228373,rnb
2025-01-20 20:29,The Chainsmokers,Something Just Like This,247160,electronic
2025-01-20 20:32,Alec Benjamin,If We Have Each Other,181522,pop
2025-01-20 21:26,Halsey,Eyes Closed,37919,pop
2025-01-20 22:33,Tate McRae,It's ok I'm ok,767,pop
2025-01-20 22:34,Zedd,Stay,6996,edm
2025-01-20 22:34,Coldplay,Hymn for the Weekend,927,rock
2025-01-20 22:37,5 Seconds of Summer,Ghost Of You,197411,pop rock
2025-01-20 22:41,Halsey,Drive,258764,pop
2025-01-20 22:45,Sia,Cheap Thrills,211666,female vocalists
2025-01-20 22:47,Post Malone,Sunflower - Spider-Man: Into the Spider-Verse,157560,Hip-Hop
2025-01-20 22:50,Zedd,365,181899,edm
2025-01-20 22:53,Ashnikko,Daisy,146523,Hip-Hop
2025-01-20 22:56,Halsey,Die 4 Me,215021,pop
2025-01-20 22:59,Sam Tinnesz,Play with Fire (feat. Yacht Money),180690,alternative
2025-01-20 23:03,Alec Benjamin,Outrunning Karma,188850,pop
2025-01-20 23:05,Sub Urban,INFERNO,133133,noise
2025-01-20 23:07,Tate McRae,run for the hills,143940,pop
2025-01-20 23:09,Halsey,Walls Could Talk,101789,pop
2025-01-21 00:12,Ruth B.,Dandelions,124371,pop
2025-01-21 16:56,Ruth B.,Dandelions,110356,pop
2025-01-21 16:59,Tove Lo,Habits (Stay High),209160,pop
2025-01-21 17:03,Lana Del Rey,Young And Beautiful,236053,female vocalists
2025-01-21 17:06,Jeremy Zucker,comethru,181613,seen live
2025-01-21 17:11,Halsey,Haunting,260797,pop
2025-01-21 17:30,Maroon 5,Cold (feat. Future),151058,pop
2025-01-21 18:45,idylla,"clear eyes, blind sight",47772,dangdut
2025-01-21 18:45,Buck McDaniel,Expanding Phrases,9353,
2025-01-21 18:46,Enoki,California Waves,6478,indie
2025-01-21 18:46,Dmitri Shostakovich,Jazz Suite No. 2: VI. Waltz 2,38612,classical
2025-01-21 18:46,The xx,Intro,7800,indie
2025-01-21 18:49,Enoki,California Waves,147906,indie
2025-01-21 18:54,Emancipator,Anthem,340000,trip hop
2025-01-21 18:58,Embee,Suns,204356,Hip-Hop
2025-01-21 19:04,Youandewan,10405 (Alice),355724,lo-fi house
2025-01-21 19:09,Sunlounger,Aguas Blancas - Chill Edit,324472,trance
2025-01-21 19:13,Nils Hoffmann,Balloons - Radio Edit,230487,melodic house
2025-01-21 19:19,Tycho,Hours,344158,chillwave
2025-01-21 19:24,William French,Blue Heron,296705,chillstep
2025-01-21 19:27,Ambio,Reflection,180968,
2025-01-21 19:32,Cristóbal Sansano,Nostalgia,301479,
2025-01-21 19:38,daetrik,"I will never leave you, I promise",347790,
2025-01-21 19:43,FERR,Dark Water,325416,americana
2025-01-21 19:45,Rachel Daku,Wan Dark,134615,
2025-01-21 19:48,John Ozbay,Half Asleep,154051,neoclassical
2025-01-21 19:50,Youandewan,Our Odyssey,96275,lo-fi house
2025-01-21 19:52,Umbra,Interstellar,119117,dark ambient
2025-01-21 19:57,Tycho,Coastal Brake,334129,chillwave
2025-01-21 20:00,Ambio,Daydream,165456,
2025-01-21 20:04,Monocle Twins,Hypnagogia Well,222000,post-rock
2025-01-21 20:09,Emancipator,All In Here,320693,trip hop
2025-01-21 20:13,The Piano Guys,Arwen's Vigil,235293,instrumental
2025-01-21 20:16,Kate Simko,XX Intro,187106,minimal techno
2025-01-21 20:17,Le Castle Vania,The Red Circle,59973,electro
2025-01-21 20:22,Hiatus,Third,286253,neo soul
2025-01-21 20:27,Tom Day,Forwards,320000,chillstep
2025-01-21 20:32,Sasha,Time After Time - Mixed,292665,trance
2025-01-21 20:43,Koan,When The Silence Is Speaking,674000,ambient
2025-01-21 21:22,Lstn,Coffee Time,397948,hindi hip hop
2025-01-22 02:20,Lstn,Coffee Time,6937,hindi hip hop
2025-01-22 02:24,Dean Lewis,Waves,240013,indie
2025-01-22 02:28,NF,Time,240428,Hip-Hop
2025-01-22 02:31,Arcane,The Line (from the series Arcane League of Legends),192000,Progressive metal
2025-01-22 02:35,League of Legends,Legends Never Die,235000,Soundtrack
2025-01-22 02:38,Gigi Perez,Sailor Song,211978,indie
2025-01-22 02:42,George Ezra,Blame It on Me,727,indie
2025-01-22 02:42,George Ezra,Blame It on Me,6076,indie
2025-01-22 02:42,Bastille,Good Grief,3844,indie
2025-01-22 02:42,Arctic Monkeys,I Wanna Be Yours,183956,indie
2025-01-22 02:45,Arctic Monkeys,I Wanna Be Yours,183956,indie
2025-01-22 02:48,George Ezra,Blame It on Me,196400,indie
2025-01-22 03:14,Bastille,Good Grief,187882,indie
