endTime,artistName,trackName,msPlayed,genre
2024-02-10 08:27,The Neighbourhood,Sweater Weather,2560,indie
2024-02-29 04:31,Arctic Monkeys,Brianstorm,10016,indie
2024-02-29 12:21,grentperez,Cherry Wine,112917,indie
2024-03-01 21:23,grentperez,Cherry Wine,60377,indie
2024-03-01 21:44,Aimer,Sailing,9570,anime
2024-03-01 21:44,Queen,Good Old-Fashioned Lover Boy - Remastered 2011,1230,classic rock
2024-03-01 21:44,Conan Gray,Heather,22970,seen live
2024-03-01 21:48,Chase Atlantic,Right Here,231625,rnb
2024-03-01 21:52,Arctic Monkeys,505,253586,indie
2024-03-01 21:56,Cults,Always Forever,223746,indie pop
2024-03-01 22:01,Arctic Monkeys,Do I Wanna Know?,272394,indie
2024-03-01 22:05,Chase Atlantic,Moonlight,252000,rnb
2024-03-01 22:10,The Neighbourhood,The Beach,255133,indie
2024-03-02 01:20,d4vd,Romantic Homicide,132630,rnb
2024-03-02 01:32,The Neighbourhood,Cry Baby,235160,indie
2024-03-02 02:14,Arctic Monkeys,Stop The World I Wanna Get Off With You,36026,indie
2024-03-02 02:18,Chase Atlantic,The Walls,229840,rnb
2024-03-02 03:58,The Neighbourhood,Sadderdaze,186960,indie
2024-03-02 06:17,Chase Atlantic,Right Here,235000,rnb
2024-03-02 06:21,Chase Atlantic,Meddle About,203886,rnb
2024-03-02 06:24,Beach Weather,"Sex, Drugs, Etc.",196784,indie
2024-03-02 06:29,Chase Atlantic,LUST,204106,rnb
2024-03-02 06:33,Cigarettes After Sex,Each Time You Fall in Love,290630,dream pop
2024-03-02 06:38,Cults,Always Forever,223746,indie pop
2024-03-02 06:41,Arctic Monkeys,Arabella,207356,indie
2024-03-02 06:46,Chase Atlantic,The Walls,229840,rnb
2024-03-02 06:50,Arctic Monkeys,Snap Out Of It,193030,indie
2024-03-02 07:11,Chase Atlantic,HEAVEN AND BACK,248240,rnb
2024-03-02 07:15,Cigarettes After Sex,Truly,244110,dream pop
2024-03-02 07:22,Cigarettes After Sex,Opera House,365150,dream pop
2024-03-02 07:25,The Neighbourhood,You Get Me So High,153000,indie
2024-03-02 07:30,Cigarettes After Sex,K.,320030,dream pop
2024-03-02 07:35,The Neighbourhood,Reflections,244013,indie
2024-03-02 07:39,The Weeknd,"One Of The Girls (with JENNIE, Lily Rose Depp)",244684,rnb
2024-03-02 08:18,Arctic Monkeys,Cornerstone,140825,indie
2024-03-02 08:26,The Neighbourhood,Prey,260300,indie
2024-03-03 00:36,The Neighbourhood,Prey,22587,indie
2024-03-03 00:41,Cigarettes After Sex,Pure,254626,dream pop
2024-03-03 05:28,The Neighbourhood,The Beach,255133,indie
2024-03-03 05:32,Cigarettes After Sex,Starry Eyes,206000,dream pop
2024-03-03 05:36,The Neighbourhood,W.D.Y.W.F.M?,259413,indie
2024-03-03 05:41,Cigarettes After Sex,Apocalypse,290616,dream pop
2024-03-03 05:46,The Neighbourhood,Daddy Issues,260173,indie
2024-03-03 05:50,Chase Atlantic,Drugs & Money - New Mix,239921,rnb
2024-03-03 05:55,The Neighbourhood,Alleyways,267853,indie
2024-03-03 06:00,Chase Atlantic,Numb to the Feeling,227586,rnb
2024-03-03 06:04,Arctic Monkeys,Knee Socks,257563,indie
2024-03-03 06:08,Chase Atlantic,Into It,196767,rnb
2024-03-03 06:12,The Neighbourhood,Sweater Weather,240400,indie
2024-03-03 06:16,Chase Atlantic,LIKE A ROCKSTAR,208111,rnb
2024-03-03 06:21,Arctic Monkeys,Do I Wanna Know?,272394,indie
2024-03-03 06:26,Chase Atlantic,Paradise,256453,rnb
2024-03-03 06:30,Chase Atlantic,Tidal Wave,243706,rnb
2024-03-03 06:34,Arctic Monkeys,She's Thunderstorms,234920,indie
2024-03-03 06:37,Arctic Monkeys,Stop The World I Wanna Get Off With You,191040,indie
2024-03-03 06:41,The Neighbourhood,Softcore,206280,indie
2024-03-03 06:45,Chase Atlantic,MAMACITA,202931,rnb
2024-03-03 06:48,Chase Atlantic,HER,169720,rnb
2024-03-03 06:53,Cigarettes After Sex,You're the Only Good Thing In My Life,275186,dream pop
2024-03-03 06:57,Arctic Monkeys,I Wanna Be Yours,183956,indie
2024-03-03 07:00,The Neighbourhood,Fallen Star,224938,indie
2024-03-03 07:01,Arctic Monkeys,R U Mine?,22150,indie
2024-03-03 07:05,The Neighbourhood,Afraid,251186,indie
2024-03-03 07:09,Chase Atlantic,OHMAMI,226835,rnb
2024-03-03 07:12,The Neighbourhood,You Get Me So High,153000,indie
2024-03-03 07:16,Chase Atlantic,Swim,228786,rnb
2024-03-03 07:19,Djo,End of Beginning,159245,psychedelic pop
2024-03-03 07:21,d4vd,Romantic Homicide,7625,rnb
2024-03-03 07:26,The Neighbourhood,Prey,282640,indie
2024-03-03 07:30,Chase Atlantic,OHMAMI,226835,rnb
2024-03-03 07:35,Cigarettes After Sex,Heavenly,286773,dream pop
2024-03-03 07:41,Cigarettes After Sex,K.,320030,dream pop
2024-03-03 07:42,The Weeknd,"One Of The Girls (with JENNIE, Lily Rose Depp)",75242,rnb
2024-03-04 05:02,The Weeknd,"One Of The Girls (with JENNIE, Lily Rose Depp)",169509,rnb
2024-03-04 05:07,Arctic Monkeys,505,253586,indie
2024-03-04 05:11,The Neighbourhood,Alleyways,267853,indie
2024-03-04 05:14,Arctic Monkeys,Baby I'm Yours,152613,indie
2024-03-04 05:18,Cigarettes After Sex,Sunsetz,215150,dream pop
2024-03-04 05:23,Cigarettes After Sex,Apocalypse,290616,dream pop
2024-03-04 05:27,Chase Atlantic,ESCORT,218823,rnb
2024-03-04 05:32,The Neighbourhood,Sadderdaze,245826,indie
2024-03-04 05:36,The Neighbourhood,Daddy Issues,260173,indie
2024-03-04 05:40,Chase Atlantic,MAMACITA,202931,rnb
2024-03-04 05:45,Cigarettes After Sex,Kiss It Off Me,269933,dream pop
2024-03-04 06:49,James Arthur,Car's Outside,248373,soft pop
2024-03-04 06:53,The Neighbourhood,Female Robbery,209520,indie
2024-03-04 06:57,Arctic Monkeys,Cornerstone,197973,indie
2024-03-04 06:59,Arctic Monkeys,Brianstorm,170253,indie
2024-03-04 07:03,The Neighbourhood,You Get Me So High,153000,indie
2024-03-04 07:07,Cigarettes After Sex,Falling In Love,245840,dream pop
2024-03-04 07:11,Chase Atlantic,Slow Down,212093,rnb
2024-03-04 07:16,Cigarettes After Sex,You're the Only Good Thing In My Life,275186,dream pop
2024-03-04 07:21,Chase Atlantic,Consume (feat. Goon Des Garcons),267920,rnb
2024-03-04 07:24,Chase Atlantic,The Walls,229840,rnb
2024-03-04 07:28,Arctic Monkeys,Snap Out Of It,193030,indie
2024-03-04 08:09,Chase Atlantic,EMPTY,230266,rnb
2024-03-04 08:13,Cigarettes After Sex,Starry Eyes,206000,dream pop
2024-03-04 08:16,Chase Atlantic,LIKE A ROCKSTAR,208111,rnb
2024-03-04 08:19,Chase Atlantic,HER,169720,rnb
2024-03-04 09:07,Cults,Always Forever,179939,indie pop
2024-03-04 21:38,The Neighbourhood,Sadderdaze,59119,indie
2024-03-04 21:44,Cigarettes After Sex,K.,320030,dream pop
2024-03-04 21:48,The Neighbourhood,Scary Love,222666,indie
2024-03-04 21:53,Cigarettes After Sex,Falling In Love,245840,dream pop
2024-03-04 21:57,The Neighbourhood,Softcore,206280,indie
2024-03-04 22:02,The Neighbourhood,Prey,282640,indie
2024-03-04 22:06,The Neighbourhood,Fallen Star,224938,indie
2024-03-04 22:09,The Neighbourhood,You Get Me So High,153000,indie
2024-03-04 22:13,Chase Atlantic,Swim,228786,rnb
2024-03-04 22:18,Cigarettes After Sex,Cry,256800,dream pop
2024-03-04 22:22,Chase Atlantic,Meddle About,203886,rnb
2024-03-04 22:27,Chase Atlantic,EMPTY,230266,rnb
2024-03-04 23:25,Cigarettes After Sex,Opera House,365150,dream pop
2024-03-04 23:29,David Kushner,Daylight,212953,indie
2024-03-04 23:33,Chase Atlantic,ESCORT,218823,rnb
2024-03-04 23:38,The Weeknd,"One Of The Girls (with JENNIE, Lily Rose Depp)",244684,rnb
2024-03-04 23:44,Cigarettes After Sex,John Wayne,258483,dream pop
2024-03-04 23:51,Chase Atlantic,Paradise,256453,rnb
2024-03-04 23:55,Chase Atlantic,Consume (feat. Goon Des Garcons),267920,rnb
2024-03-05 00:00,Chase Atlantic,LUST,204106,rnb
2024-03-05 00:07,Arctic Monkeys,R U Mine?,201726,indie
2024-03-05 00:12,The Neighbourhood,Baby Came Home,226880,indie
2024-03-05 00:16,Cigarettes After Sex,Kiss It Off Me,269933,dream pop
2024-03-05 00:23,Cigarettes After Sex,Sweet,292110,dream pop
2024-03-05 00:29,The Neighbourhood,Baby Came Home 2 / Valentines,390493,indie
2024-03-05 00:37,Cigarettes After Sex,Heavenly,286773,dream pop
2024-03-05 00:41,Chase Atlantic,Numb to the Feeling,227586,rnb
2024-03-05 00:46,Cigarettes After Sex,Truly,244110,dream pop
2024-03-05 00:50,The Neighbourhood,Flawless,246493,indie
2024-03-05 01:03,Arctic Monkeys,She's Thunderstorms,234920,indie
2024-03-05 01:09,Beach Weather,"Sex, Drugs, Etc.",196784,indie
2024-03-05 01:13,Chase Atlantic,Into It,196767,rnb
2024-03-05 01:37,Cigarettes After Sex,Sunsetz,215150,dream pop
2024-03-05 03:58,Arctic Monkeys,Cornerstone,112578,indie
2024-03-05 04:18,Cults,Always Forever,44060,indie pop
2024-03-05 04:22,The Neighbourhood,Fallen Star,224938,indie
2024-03-05 07:58,The Neighbourhood,Afraid,251186,indie
2024-03-05 08:01,The Neighbourhood,Compass,167960,indie
2024-03-05 08:03,Arctic Monkeys,Why'd You Only Call Me When You're High?,161123,indie
2024-03-05 08:08,Chase Atlantic,Moonlight,252000,rnb
2024-03-05 08:12,Cigarettes After Sex,John Wayne,258483,dream pop
2024-03-05 08:18,The Neighbourhood,W.D.Y.W.F.M?,259413,indie
2024-03-05 08:58,David Kushner,Daylight,138515,indie
2024-03-06 02:14,Billie Eilish,i love you,4560,pop
2024-03-06 02:18,Bruno Mars,Talking to the Moon,217866,pop
2024-03-06 02:22,Everybody Loves an Outlaw,I See Red,230613,Soundtrack
2024-03-06 02:27,The Neighbourhood,Afraid,251186,indie
2024-03-06 02:31,Taylor Swift,Safe & Sound - from The Hunger Games Soundtrack,240066,country
2024-03-06 02:36,Bruno Mars,Marry You,230192,pop
2024-03-06 02:39,Carly Rae Jepsen,Call Me Maybe,193853,pop
2024-03-06 02:42,Nicki Minaj,Good Form,199400,Hip-Hop
2024-03-06 02:48,Taylor Swift,Enchanted,352186,country
2024-03-06 02:53,Lana Del Rey,Chemtrails Over The Country Club,271176,female vocalists
2024-03-06 02:57,A-Wall,Loverboy,224520,bedroom pop
2024-03-06 03:01,NIKI,Every Summertime,215686,pop
2024-03-06 03:05,gnash,"i hate u, i love u (feat. olivia o'brien)",251033,pop
2024-03-06 04:03,Arctic Monkeys,Cornerstone,85339,indie
2024-03-06 04:04,Cigarettes After Sex,Each Time You Fall in Love,6367,dream pop
2024-03-06 04:06,Chase Atlantic,OHMAMI,148672,rnb
2024-03-06 07:00,Harry Styles,Watermelon Sugar,5630,pop
2024-03-06 07:00,Taylor Swift,We Are Never Ever Getting Back Together,11300,country
2024-03-06 07:00,Taylor Swift,cardigan,63090,country
2024-03-06 07:04,Arctic Monkeys,Arabella,207356,indie
2024-03-06 07:08,Chase Atlantic,Consume (feat. Goon Des Garcons),267920,rnb
2024-03-06 07:16,The Neighbourhood,Baby Came Home 2 / Valentines,390493,indie
2024-03-06 07:19,Chase Atlantic,HER,169720,rnb
2024-03-06 07:24,Cigarettes After Sex,Cry,256800,dream pop
2024-03-06 07:27,Chase Atlantic,Into It,196767,rnb
2024-03-06 07:30,d4vd,Romantic Homicide,132630,rnb
2024-03-06 07:33,Chase Atlantic,MAMACITA,202931,rnb
2024-03-06 07:38,The Neighbourhood,Sadderdaze,245826,indie
2024-03-06 07:41,The Neighbourhood,Scary Love,222666,indie
2024-03-06 07:48,Cigarettes After Sex,Opera House,365150,dream pop
2024-03-06 07:52,David Kushner,Daylight,212953,indie
2024-03-06 07:56,Chase Atlantic,The Walls,229840,rnb
2024-03-06 08:01,Chase Atlantic,Swim,228786,rnb
2024-03-06 08:03,The Neighbourhood,Compass,167960,indie
2024-03-06 08:08,The Neighbourhood,Softcore,206280,indie
2024-03-06 08:12,Chase Atlantic,Drugs & Money - New Mix,239921,rnb
2024-03-06 08:17,Arctic Monkeys,505,253586,indie
2024-03-06 08:20,Chase Atlantic,Friends,230010,rnb
2024-03-06 08:24,Chase Atlantic,Meddle About,203886,rnb
2024-03-06 08:29,Arctic Monkeys,Do I Wanna Know?,272394,indie
2024-03-06 08:33,Chase Atlantic,OHMAMI,226835,rnb
2024-03-06 08:37,Chase Atlantic,Paradise,256453,rnb
2024-03-06 08:42,The Neighbourhood,Sweater Weather,240400,indie
2024-03-06 08:46,Arctic Monkeys,Knee Socks,257563,indie
2024-03-06 09:19,The Neighbourhood,Void,81291,indie
2024-03-06 21:08,Chase Atlantic,OHMAMI,78167,rnb
2024-03-06 21:13,Chase Atlantic,Church,220000,rnb
2024-03-06 21:33,James Arthur,Car's Outside,248373,soft pop
2024-03-06 21:35,Cigarettes After Sex,Pure,53413,dream pop
2024-03-06 21:57,Heize,내 맘을 볼 수 있나요,225785,k-ballad
2024-03-06 22:01,Melanie Martinez,VOID,247873,pop
2024-03-06 22:06,Charlie Puth,We Don't Talk Anymore (feat. Selena Gomez),217706,soft pop
2024-03-06 22:10,Taylor Swift,Love Story,235266,country
2024-03-06 22:15,Olivia Rodrigo,"All I Want - From ""High School Musical: The Musical: The Series""",177322,pop
2024-03-06 22:19,New West,Those Eyes,220750,seen live
2024-03-06 22:23,Ellie Goulding,My Blood,234184,female vocalists
2024-03-06 22:27,Olivia Rodrigo,traitor,229226,pop
2024-03-06 23:58,Lana Del Rey,Brooklyn Baby,67871,female vocalists
2024-03-07 01:15,Lana Del Rey,Brooklyn Baby,284014,female vocalists
2024-03-07 01:19,Jung Kook,Still With You,239905,k-pop
2024-03-07 01:28,Taylor Swift,Karma,204852,country
2024-03-07 01:32,HENRY,It's You,231001,k-pop
2024-03-07 01:35,Mitski,My Love Mine All Mine,137773,seen live
2024-03-07 01:40,Lana Del Rey,Ultraviolence,251480,female vocalists
2024-03-07 01:45,Laufey,Promise,234266,jazz
2024-03-07 01:47,Justin Bieber,Ghost,153190,pop
2024-03-07 01:55,Taylor Swift,Blank Space,231826,country
2024-03-07 02:04,SZA,Kill Bill,153946,rnb
2024-03-07 02:09,Taylor Swift,Safe & Sound - from The Hunger Games Soundtrack,240066,country
2024-03-07 02:22,James Arthur,Car's Outside,248373,soft pop
2024-03-07 02:26,Olivia Rodrigo,vampire,219724,pop
2024-03-07 02:30,Taylor Swift,All Of The Girls You Loved Before,221407,country
2024-03-07 02:45,ZAYN,I Don’t Wanna Live Forever (Fifty Shades Darker),247160,pop
2024-03-07 02:48,Taylor Swift,Labyrinth,22091,country
2024-03-07 04:50,Taylor Swift,Labyrinth,225874,country
2024-03-07 04:56,Eddy Kim,긴 밤이 오면,226991,k-ballad
2024-03-07 04:59,Taylor Swift,We Are Never Ever Getting Back Together,191880,country
2024-03-07 05:03,Melanie Martinez,Play Date,179867,pop
2024-03-07 05:09,The 1975,About You,326490,indie
2024-03-07 05:13,Laufey,From The Start,169573,jazz
2024-03-07 05:16,Olivia Rodrigo,deja vu,215506,pop
2024-03-07 05:18,Lana Del Rey,West Coast,13080,female vocalists
2024-03-07 05:18,Lana Del Rey,Summertime Sadness,28455,female vocalists
2024-03-07 05:21,Chase Atlantic,Meddle About,203886,rnb
2024-03-07 05:44,Cigarettes After Sex,Pure,254626,dream pop
2024-03-07 05:49,Chase Atlantic,Tidal Wave,243706,rnb
2024-03-07 05:53,The Neighbourhood,Alleyways,267853,indie
2024-03-07 05:58,The Neighbourhood,Sadderdaze,245826,indie
2024-03-07 06:22,The Neighbourhood,Baby Came Home,226880,indie
2024-03-07 06:25,Arctic Monkeys,I Wanna Be Yours,183956,indie
2024-03-07 06:30,Cigarettes After Sex,Cry,256800,dream pop
2024-03-07 06:52,Cigarettes After Sex,Opera House,194075,dream pop
2024-03-08 21:54,Cigarettes After Sex,Opera House,171322,dream pop
2024-03-08 21:57,Chase Atlantic,Slow Down,212093,rnb
2024-03-08 22:01,The Neighbourhood,You Get Me So High,153000,indie
2024-03-08 22:04,Cigarettes After Sex,Starry Eyes,206000,dream pop
2024-03-08 22:08,The Neighbourhood,Fallen Star,224938,indie
2024-03-08 22:13,The Neighbourhood,Softcore,206280,indie
2024-03-08 22:17,Arctic Monkeys,Do I Wanna Know?,272394,indie
2024-03-08 22:22,Cigarettes After Sex,Heavenly,286773,dream pop
2024-03-08 22:27,Cigarettes After Sex,John Wayne,258483,dream pop
2024-03-08 23:28,Cigarettes After Sex,Each Time You Fall in Love,290630,dream pop
2024-03-08 23:31,Arctic Monkeys,Why'd You Only Call Me When You're High?,161123,indie
2024-03-08 23:37,Cigarettes After Sex,You're the Only Good Thing In My Life,275186,dream pop
2024-03-08 23:46,Arctic Monkeys,She's Thunderstorms,234920,indie
2024-03-08 23:50,Chase Atlantic,OHMAMI,226835,rnb
2024-03-08 23:55,Cigarettes After Sex,Truly,244110,dream pop
2024-03-08 23:59,Beach Weather,"Sex, Drugs, Etc.",196784,indie
2024-03-09 00:03,The Neighbourhood,Afraid,251186,indie
2024-03-09 00:06,Arctic Monkeys,Stop The World I Wanna Get Off With You,191040,indie
2024-03-09 00:10,The Neighbourhood,Sweater Weather,240400,indie
2024-03-09 00:12,Cigarettes After Sex,Sunsetz,39134,dream pop
2024-03-09 00:17,Chase Atlantic,Church,220000,rnb
2024-03-09 00:21,Chase Atlantic,Moonlight,252000,rnb
2024-03-09 00:30,Chase Atlantic,Consume (feat. Goon Des Garcons),267920,rnb
2024-03-09 00:34,Chase Atlantic,Swim,228786,rnb
2024-03-09 00:38,Chase Atlantic,Friends,28386,rnb
2024-03-09 00:38,Chase Atlantic,OHMAMI,226835,rnb
2024-03-09 06:19,Chase Atlantic,Friends,201626,rnb
2024-03-09 06:24,Chase Atlantic,Okay,46648,rnb
2024-03-09 06:24,Chase Atlantic,Meddle About,203886,rnb
2024-03-09 08:14,Chase Atlantic,Okay,95296,rnb
2024-03-10 03:28,The Neighbourhood,Sweater Weather,238078,indie
2024-03-10 03:29,The Neighbourhood,Afraid,69801,indie
2024-03-10 08:56,Chase Atlantic,Okay,70377,rnb
2024-03-10 09:01,Chase Atlantic,HEAVEN AND BACK,248240,rnb
2024-03-10 09:29,Chase Atlantic,Into It,48331,rnb
2024-03-10 23:53,The Neighbourhood,Void,122617,indie
2024-03-10 23:57,The Neighbourhood,W.D.Y.W.F.M?,259413,indie
2024-03-11 00:02,Chase Atlantic,Slow Down,212093,rnb
2024-03-11 00:05,The Neighbourhood,Baby Came Home,226880,indie
2024-03-11 00:11,Cigarettes After Sex,John Wayne,258483,dream pop
2024-03-11 00:14,Chase Atlantic,LUST,204106,rnb
2024-03-11 00:20,Cigarettes After Sex,Truly,244110,dream pop
2024-03-11 00:23,Cults,Always Forever,223746,indie pop
2024-03-11 00:28,Chase Atlantic,ESCORT,218823,rnb
2024-03-11 00:33,The Neighbourhood,The Beach,255133,indie
2024-03-11 00:38,Chase Atlantic,Numb to the Feeling,227586,rnb
2024-03-11 00:42,The Weeknd,"One Of The Girls (with JENNIE, Lily Rose Depp)",244684,rnb
2024-03-11 00:45,Arctic Monkeys,Why'd You Only Call Me When You're High?,161123,indie
2024-03-11 00:50,Cigarettes After Sex,Falling In Love,245840,dream pop
2024-03-11 00:54,Chase Atlantic,Church,220000,rnb
2024-03-11 00:58,Chase Atlantic,Right Here,235000,rnb
2024-03-11 01:01,The Neighbourhood,You Get Me So High,153000,indie
2024-03-11 03:18,Cigarettes After Sex,Kiss It Off Me,151275,dream pop
2024-03-11 20:36,Chase Atlantic,Into It,3270,rnb
2024-03-11 20:40,Lana Del Rey,Ultraviolence,251480,female vocalists
2024-03-11 20:43,Lana Del Rey,Radio,214573,female vocalists
2024-03-11 20:47,Taylor Swift,"""Slut!"" (Taylor's Version) (From The Vault)",180381,country
2024-03-11 20:53,Lana Del Rey,Brooklyn Baby,351640,female vocalists
2024-03-11 20:55,Justin Bieber,Ghost,76000,pop
2024-03-11 20:58,Taylor Swift,Midnight Rain,174782,country
2024-03-11 21:02,d4vd,Here With Me,242484,rnb
2024-03-11 21:03,Ed Sheeran,The Joker And The Queen (feat. Taylor Swift),6263,soft pop
2024-03-11 21:06,Lana Del Rey,Say Yes To Heaven,209156,female vocalists
2024-03-11 21:10,Selena Gomez,Fetish (feat. Gucci Mane),186112,pop
2024-03-11 21:14,Taylor Swift,You Belong With Me,231133,country
2024-03-11 21:17,yama,Oz.,194273,Stoner Rock
2024-03-11 21:22,Lana Del Rey,Million Dollar Man,230120,female vocalists
2024-03-11 22:30,Taylor Swift,cardigan,239560,country
2024-03-11 22:34,Lana Del Rey,Diet Mountain Dew,222920,female vocalists
2024-03-11 22:38,Lana Del Rey,Summertime Sadness,265427,female vocalists
2024-03-11 22:40,Bruno Mars,When I Was Your Man,115213,pop
2024-03-11 22:44,Taylor Swift,Don’t Blame Me,236413,country
2024-03-11 22:48,Ariana Grande,we can't be friends (wait for your love),228639,pop
2024-03-11 22:51,Taylor Swift,The Man,190360,country
2024-03-11 22:55,Lana Del Rey,Sad Girl,221412,female vocalists
2024-03-11 23:00,Chase Atlantic,Friends,230010,rnb
2024-03-11 23:04,The Neighbourhood,Alleyways,267853,indie
2024-03-11 23:07,Arctic Monkeys,Baby I'm Yours,152613,indie
2024-03-11 23:17,Arctic Monkeys,Snap Out Of It,193030,indie
2024-03-11 23:22,Chase Atlantic,Consume (feat. Goon Des Garcons),267920,rnb
2024-03-11 23:26,Chase Atlantic,EMPTY,230266,rnb
2024-03-11 23:28,Chase Atlantic,HER,169720,rnb
2024-03-11 23:33,Cults,Always Forever,223746,indie pop
2024-03-11 23:33,Chase Atlantic,ESCORT,7306,rnb
2024-03-12 01:35,Cigarettes After Sex,Kiss It Off Me,118896,dream pop
2024-03-12 01:41,Cigarettes After Sex,Each Time You Fall in Love,290630,dream pop
2024-03-12 01:45,The Neighbourhood,Fallen Star,224938,indie
2024-03-12 01:50,Chase Atlantic,EMPTY,230266,rnb
2024-03-12 01:54,Cigarettes After Sex,Sunsetz,215150,dream pop
2024-03-12 01:58,Arctic Monkeys,She's Thunderstorms,17406,indie
2024-03-12 01:58,Chase Atlantic,LIKE A ROCKSTAR,208111,rnb
2024-03-12 02:02,The Neighbourhood,Afraid,251186,indie
2024-03-12 02:07,Cigarettes After Sex,Pure,254626,dream pop
2024-03-12 02:10,Arctic Monkeys,I Wanna Be Yours,183956,indie
2024-03-12 02:16,Cigarettes After Sex,K.,320030,dream pop
2024-03-12 02:18,Djo,End of Beginning,159245,psychedelic pop
2024-03-12 02:23,Arctic Monkeys,Cornerstone,197973,indie
2024-03-12 04:21,Cigarettes After Sex,Apocalypse,290616,dream pop
2024-03-12 06:44,Arctic Monkeys,Baby I'm Yours,152613,indie
2024-03-12 06:48,Chase Atlantic,Moonlight,252000,rnb
2024-03-12 06:54,Cigarettes After Sex,Sweet,292110,dream pop
2024-03-12 06:58,The Neighbourhood,Flawless,246493,indie
2024-03-12 07:20,The Neighbourhood,Prey,12764,indie
2024-03-13 07:58,The Neighbourhood,Afraid,18538,indie
2024-03-13 08:51,Chase Atlantic,ESCORT,63786,rnb
2024-03-13 20:32,Chase Atlantic,ESCORT,147741,rnb
2024-03-13 20:45,Cigarettes After Sex,Truly,244110,dream pop
2024-03-13 20:50,Chase Atlantic,The Walls,229840,rnb
2024-03-13 20:56,Cigarettes After Sex,You're the Only Good Thing In My Life,275186,dream pop
2024-03-13 20:59,Arctic Monkeys,Stop The World I Wanna Get Off With You,191040,indie
2024-03-13 21:00,Arctic Monkeys,Brianstorm,3329,indie
2024-03-13 21:02,d4vd,Romantic Homicide,132630,rnb
2024-03-13 21:09,Cigarettes After Sex,Apocalypse,290616,dream pop
2024-03-13 21:13,The Neighbourhood,Flawless,246493,indie
2024-03-13 21:17,The Neighbourhood,Scary Love,222666,indie
2024-03-13 21:20,The Neighbourhood,You Get Me So High,153000,indie
2024-03-13 21:23,The Neighbourhood,Softcore,206280,indie
2024-03-13 21:27,Chase Atlantic,Right Here,235000,rnb
2024-03-13 22:36,Arctic Monkeys,She's Thunderstorms,234920,indie
2024-03-13 22:40,The Neighbourhood,The Beach,191971,indie
2024-03-13 22:46,The Neighbourhood,Reflections,244013,indie
2024-03-13 22:49,Arctic Monkeys,I Wanna Be Yours,183956,indie
2024-03-13 22:54,Cigarettes After Sex,Falling In Love,245840,dream pop
2024-03-13 22:59,Cigarettes After Sex,Heavenly,286773,dream pop
2024-03-13 23:03,Cigarettes After Sex,Starry Eyes,206000,dream pop
2024-03-13 23:07,Chase Atlantic,Church,220000,rnb
2024-03-13 23:12,Cigarettes After Sex,Pure,254626,dream pop
2024-03-13 23:16,Chase Atlantic,Swim,228786,rnb
2024-03-13 23:20,Chase Atlantic,Slow Down,212093,rnb
2024-03-13 23:24,Chase Atlantic,Paradise,256453,rnb
2024-03-13 23:28,David Kushner,Daylight,212953,indie
2024-03-13 23:32,Chase Atlantic,Tidal Wave,243670,rnb
2024-03-13 23:36,Cigarettes After Sex,Stop Waiting,96179,dream pop
2024-03-13 23:40,Arctic Monkeys,505,253586,indie
2024-03-13 23:43,Arctic Monkeys,Why'd You Only Call Me When You're High?,161123,indie
2024-03-13 23:47,Chase Atlantic,Into It,169202,rnb
2024-03-14 02:45,The Neighbourhood,Prey,270137,indie
2024-03-14 02:46,Arctic Monkeys,Brianstorm,84273,indie
2024-03-14 02:51,James Arthur,Car's Outside,248373,soft pop
2024-03-14 02:56,The Neighbourhood,Alleyways,267853,indie
2024-03-14 03:00,The Neighbourhood,Leaving Tonight,203866,indie
2024-03-14 04:28,Arctic Monkeys,Snap Out Of It,193030,indie
2024-03-14 04:28,Cigarettes After Sex,Heavenly,5339,dream pop
2024-03-14 04:31,Taylor Swift,Midnight Rain,174782,country
2024-03-14 04:36,Taylor Swift,cardigan,239560,country
2024-03-14 04:41,Lana Del Rey,Cinnamon Girl,300683,female vocalists
2024-03-14 04:45,Heize,내 맘을 볼 수 있나요,225785,k-ballad
2024-03-14 04:48,Melanie Martinez,"Tag, You're It",189026,pop
2024-03-14 04:50,Bruno Mars,Grenade,87452,pop
2024-03-14 04:54,Lana Del Rey,Pretty When You Cry,234146,female vocalists
2024-03-14 04:58,Taylor Swift,Love Story,235266,country
2024-03-14 05:02,Laufey,Falling Behind,173640,jazz
2024-03-14 05:04,beabadoobee,Glue Song,135066,bedroom pop
2024-03-14 05:09,James Arthur,Car's Outside,248373,soft pop
2024-03-14 05:53,Taylor Swift,Anti-Hero,1536,country
2024-03-14 05:53,Taylor Swift,Anti-Hero,153522,country
2024-03-14 05:57,Jung Kook,Still With You,239905,k-pop
2024-03-14 06:01,Selena Gomez,Fetish (feat. Gucci Mane),186112,pop
2024-03-14 06:05,Taylor Swift,Safe & Sound - from The Hunger Games Soundtrack,240066,country
2024-03-14 06:09,Taylor Swift,Bejeweled,194165,country
2024-03-14 06:13,New West,Those Eyes,220750,seen live
2024-03-14 06:17,Eddy Kim,긴 밤이 오면,226991,k-ballad
2024-03-14 06:21,Taylor Swift,The Man,190360,country
2024-03-14 06:25,Bruno Mars,Talking to the Moon,217866,pop
2024-03-14 06:29,Lana Del Rey,Dark Paradise,243187,female vocalists
2024-03-14 06:34,Taylor Swift,All Of The Girls You Loved Before,221407,country
2024-03-14 06:37,Lana Del Rey,Doin' Time,202192,female vocalists
2024-03-14 06:42,Taylor Swift,Karma,204852,country
2024-03-14 07:33,HYBS,Tip Toe,224725,synthpop
2024-03-14 07:37,Sam Smith,I'm Not The Only One,239316,soft pop
2024-03-14 07:41,Selena Gomez,People You Know,194900,pop
2024-03-14 08:11,beabadoobee,A Night To Remember,196792,bedroom pop
2024-03-14 23:23,beabadoobee,A Night To Remember,36836,bedroom pop
2024-03-14 23:28,Taylor Swift,my tears ricochet,255893,country
2024-03-14 23:32,Justin Bieber,Ghost,14923,pop
2024-03-14 23:32,Olivia O'Brien,Complicated,189000,pop
2024-03-14 23:36,Ellie Goulding,My Blood,234184,female vocalists
2024-03-14 23:41,Olivia Rodrigo,traitor,229226,pop
2024-03-14 23:45,d4vd,Here With Me,242484,rnb
2024-03-14 23:47,The Walters,I Love You So,160239,indie rock
2024-03-14 23:53,Taylor Swift,All Too Well (Taylor's Version),329160,country
2024-03-14 23:56,Olivia Rodrigo,"jealousy, jealousy",173160,pop
2024-03-15 00:02,Olivia Rodrigo,deja vu,215506,pop
2024-03-15 00:07,Cigarettes After Sex,K.,320030,dream pop
2024-03-15 00:09,Keane,Somewhere Only We Know,1630,britpop
2024-03-15 00:09,Alessia Cara,Out Of Love,57317,pop
2024-03-15 00:09,Lana Del Rey,Summertime Sadness,9400,female vocalists
2024-03-15 00:13,The Neighbourhood,The Beach,255133,indie
2024-03-15 00:18,Chase Atlantic,Moonlight,252000,rnb
2024-03-15 00:23,The Neighbourhood,Prey,282640,indie
2024-03-15 00:28,Cigarettes After Sex,Truly,244110,dream pop
2024-03-15 00:29,Arctic Monkeys,R U Mine?,16124,indie
2024-03-15 00:33,The Weeknd,"One Of The Girls (with JENNIE, Lily Rose Depp)",244684,rnb
2024-03-15 00:37,Chase Atlantic,The Walls,229840,rnb
2024-03-15 00:42,Chase Atlantic,OHMAMI,226835,rnb
2024-03-15 00:46,Arctic Monkeys,505,253586,indie
2024-03-15 01:07,James Arthur,Car's Outside,155230,soft pop
2024-03-15 01:11,Cigarettes After Sex,Sweet,292110,dream pop
2024-03-15 01:16,The Neighbourhood,Fallen Star,224938,indie
2024-03-15 01:20,Cigarettes After Sex,Starry Eyes,206000,dream pop
2024-03-15 01:24,Arctic Monkeys,She's Thunderstorms,234920,indie
2024-03-15 01:29,The Neighbourhood,Daddy Issues,260173,indie
2024-03-15 01:33,Arctic Monkeys,Cornerstone,197973,indie
2024-03-15 01:36,The Neighbourhood,Leaving Tonight,203866,indie
2024-03-15 01:40,Chase Atlantic,Numb to the Feeling,227586,rnb
2024-03-15 01:44,The Neighbourhood,Afraid,251186,indie
2024-03-15 01:48,Chase Atlantic,LIKE A ROCKSTAR,208111,rnb
2024-03-15 01:53,Chase Atlantic,HEAVEN AND BACK,248240,rnb
2024-03-15 01:57,Chase Atlantic,ESCORT,218823,rnb
2024-03-15 02:04,Chase Atlantic,Swim,140113,rnb
2024-03-15 02:08,Ariana Grande,we can't be friends (wait for your love),228639,pop
2024-03-15 02:09,Djo,End of Beginning,13491,psychedelic pop
2024-03-15 02:12,Ariana Grande,we can't be friends (wait for your love),228639,pop
2024-03-15 03:30,Ariana Grande,we can't be friends (wait for your love),228639,pop
2024-03-15 03:34,Ariana Grande,we can't be friends (wait for your love),228639,pop
2024-03-15 03:38,Ariana Grande,we can't be friends (wait for your love),228639,pop
2024-03-15 03:38,Ariana Grande,we can't be friends (wait for your love),8693,pop
2024-03-15 03:38,Coyote Theory,This Side of Paradise,7420,indie
2024-03-15 03:40,Djo,End of Beginning,159245,psychedelic pop
2024-03-15 03:43,David Kushner,Daylight,107788,indie
2024-03-15 03:46,Chase Atlantic,Into It,196767,rnb
2024-03-15 03:50,Cigarettes After Sex,Pure,254626,dream pop
2024-03-15 03:55,Arctic Monkeys,505,253586,indie
2024-03-15 03:59,Chase Atlantic,Numb to the Feeling,227586,rnb
2024-03-15 04:03,The Neighbourhood,Baby Came Home,226880,indie
2024-03-15 04:07,Chase Atlantic,EMPTY,230266,rnb
2024-03-15 04:09,Olivia Rodrigo,Can’t Catch Me Now - from The Hunger Games: The Ballad of Songbirds & Snakes,6050,pop
2024-03-15 04:09,The Neighbourhood,Reflections,47732,indie
2024-03-15 04:14,Lana Del Rey,Cinnamon Girl,300683,female vocalists
2024-03-15 04:18,Justin Bieber,Intentions,5452,pop
2024-03-15 04:18,d4vd,Here With Me,242484,rnb
2024-03-15 04:21,Avril Lavigne,Complicated,154001,pop
2024-03-15 20:31,Demi Lovato,Give Your Heart a Break,2860,pop
2024-03-15 20:31,Taylor Swift,Anti-Hero,3720,country
2024-03-15 20:35,The Weeknd,The Hills,242253,rnb
2024-03-15 20:39,A-Wall,Loverboy,134076,bedroom pop
2024-03-15 20:43,Metro Boomin,Creepin' (with The Weeknd & 21 Savage),221520,trap
2024-03-15 20:47,ZAYN,I Don’t Wanna Live Forever (Fifty Shades Darker),247160,pop
2024-03-15 20:53,Taylor Swift,Enchanted,352186,country
2024-03-15 20:56,Nicki Minaj,Va Va Voom,183560,Hip-Hop
2024-03-15 20:58,James Bay,Let It Go,1490,folk
2024-03-15 20:58,Taylor Swift,All Too Well (Taylor's Version),1560,country
2024-03-15 20:58,Zac Efron,Rewrite The Stars,5840,musicals
2024-03-15 20:58,Taylor Swift,We Are Never Ever Getting Back Together,63655,country
2024-03-15 20:58,James Arthur,Say You Won't Let Go,1110,soft pop
2024-03-15 21:02,Ellie Goulding,My Blood,234184,female vocalists
2024-03-15 21:06,Lana Del Rey,Young And Beautiful,236053,female vocalists
2024-03-15 21:11,Backstreet Boys,Everybody (Backstreet's Back) - Radio Edit,225360,pop
2024-03-15 21:14,NIKI,La La Lost You - Acoustic Version,208510,pop
2024-03-15 21:18,Taylor Swift,Lover,221306,country
2024-03-15 21:23,The Weeknd,Die For You,260253,rnb
2024-03-15 21:27,NIKI,Every Summertime,215686,pop
2024-03-15 22:29,The Weeknd,I Feel It Coming,77057,rnb
2024-03-15 22:31,The Weeknd,Save Your Tears,143970,rnb
2024-03-15 22:35,The Weeknd,Can't Feel My Face,213520,rnb
2024-03-15 22:41,Everybody Loves an Outlaw,I See Red,27319,Soundtrack
2024-03-15 23:11,Cigarettes After Sex,Falling In Love,146204,dream pop
2024-03-15 23:16,d4vd,Here With Me,242484,rnb
2024-03-15 23:19,Taylor Swift,Karma,204852,country
2024-03-15 23:23,Ariana Grande,bloodline,216893,pop
2024-03-15 23:31,Ricky Montgomery,Mr. Loverman,189769,indie
2024-03-18 20:40,Ricky Montgomery,Mr. Loverman,27103,indie
2024-03-18 20:42,Lana Del Rey,Summertime Sadness,20123,female vocalists
2024-03-18 20:46,The Neighbourhood,Scary Love,222666,indie
2024-03-18 20:50,The Neighbourhood,Reflections,244013,indie
2024-03-18 20:54,Cigarettes After Sex,Cry,256800,dream pop
2024-03-18 20:58,Chase Atlantic,Meddle About,203886,rnb
2024-03-18 21:02,Chase Atlantic,ESCORT,218823,rnb
2024-03-18 21:06,Cigarettes After Sex,Starry Eyes,206000,dream pop
2024-03-18 21:10,The Neighbourhood,Baby Came Home,226880,indie
2024-03-18 21:16,Arctic Monkeys,R U Mine?,1100,indie
2024-03-18 21:16,Cigarettes After Sex,Opera House,2550,dream pop
2024-03-18 21:16,The Neighbourhood,Baby Came Home 2 / Valentines,279084,indie
2024-03-18 21:20,Chase Atlantic,Church,220000,rnb
2024-03-18 21:23,Arctic Monkeys,Cornerstone,197973,indie
2024-03-18 21:26,Arctic Monkeys,Baby I'm Yours,152613,indie
2024-03-18 22:25,Arctic Monkeys,Do I Wanna Know?,272394,indie
2024-03-18 22:28,The Neighbourhood,You Get Me So High,153000,indie
2024-03-18 22:32,The Neighbourhood,Fallen Star,162633,indie
2024-03-18 22:35,JAEHYUN,Try Again,178233,Korean
2024-03-18 23:10,Eyedress,Something About You,153312,electronic
2024-03-18 23:13,Aimer,Sailing,188740,anime
2024-03-20 20:31,Aimer,Sailing,147237,anime
2024-03-20 20:35,Sam Smith,Stay With Me,5690,soft pop
2024-03-20 20:35,Taylor Swift,Don’t Blame Me,27690,country
2024-03-20 20:35,Lana Del Rey,Summertime Sadness,129186,female vocalists
2024-03-20 20:36,James Arthur,Car's Outside,35717,soft pop
2024-03-20 20:40,Chase Atlantic,Into It,196767,rnb
2024-03-20 20:44,Chase Atlantic,Meddle About,203886,rnb
2024-03-20 20:48,Chase Atlantic,Swim,228786,rnb
2024-03-20 21:01,Chase Atlantic,The Walls,229840,rnb
2024-03-20 21:05,Chase Atlantic,Slow Down,212093,rnb
2024-03-20 21:10,Chase Atlantic,Friends,230010,rnb
2024-03-20 21:18,Chase Atlantic,Okay,212306,rnb
2024-03-20 21:22,Chase Atlantic,Church,220000,rnb
2024-03-20 22:27,Chase Atlantic,Falling,223240,rnb
2024-03-20 22:32,Chase Atlantic,Consume (feat. Goon Des Garcons),267920,rnb
2024-03-20 22:36,Chase Atlantic,Moonlight,252000,rnb
2024-03-20 23:12,Chase Atlantic,Right Here,235000,rnb
2024-03-20 23:25,Chase Atlantic,OHMAMI,226835,rnb
2024-03-20 23:30,Chase Atlantic,HEAVEN AND BACK,248240,rnb
2024-03-20 23:32,Chase Atlantic,Paradise,144869,rnb
2024-03-22 01:06,Chase Atlantic,Paradise,73930,rnb
2024-03-25 20:16,Chase Atlantic,LOVE IS (NOT) EASY,6360,rnb
2024-03-25 20:19,James Arthur,Car's Outside,212519,soft pop
2024-03-25 20:24,Chase Atlantic,Okay,212306,rnb
2024-03-25 20:27,Arctic Monkeys,Baby I'm Yours,152613,indie
2024-03-25 20:31,Chase Atlantic,LUST,204106,rnb
2024-03-25 20:35,The Neighbourhood,Baby Came Home,226880,indie
2024-03-25 20:39,Arctic Monkeys,Snap Out Of It,193030,indie
2024-03-25 20:46,Cigarettes After Sex,Opera House,365150,dream pop
2024-03-25 20:51,Chase Atlantic,HEAVEN AND BACK,248240,rnb
2024-03-25 20:55,The Neighbourhood,Female Robbery,209520,indie
2024-03-25 20:59,The Neighbourhood,Daddy Issues,260173,indie
2024-03-25 21:04,Cigarettes After Sex,Pure,254626,dream pop
2024-03-25 21:09,Chase Atlantic,ESCORT,218823,rnb
2024-03-25 21:13,The Neighbourhood,Afraid,251186,indie
2024-03-25 23:32,The Neighbourhood,Sweater Weather,240400,indie
2024-03-25 23:34,The Neighbourhood,You Get Me So High,153000,indie
2024-03-25 23:39,Arctic Monkeys,I Wanna Be Yours,183956,indie
2024-03-25 23:43,The Neighbourhood,Flawless,246493,indie
2024-03-25 23:49,Cigarettes After Sex,Heavenly,286773,dream pop
2024-03-26 00:01,The Neighbourhood,Baby Came Home 2 / Valentines,343924,indie
2024-03-26 00:09,Chase Atlantic,Slow Down,212093,rnb
2024-03-26 00:10,Chase Atlantic,EMPTY,26226,rnb
2024-03-26 00:13,Taylor Swift,Don’t Blame Me,208740,country
2024-03-26 00:17,Taylor Swift,The Way I Loved You (Taylor’s Version),151716,country
2024-03-26 00:19,Taylor Swift,The Way I Loved You (Taylor’s Version),91426,country
2024-03-26 00:21,Mitski,My Love Mine All Mine,137773,seen live
2024-03-26 00:25,Taylor Swift,Safe & Sound - from The Hunger Games Soundtrack,240066,country
2024-03-26 00:30,Sasha Alex Sloan,Dancing With Your Ghost,195277,indie pop
2024-03-26 05:37,Charlie Puth,One Call Away,3130,soft pop
2024-03-26 05:37,Jeremy Zucker,you were good to me,3340,seen live
2024-03-26 05:37,Jeremy Zucker,you were good to me,19880,seen live
2024-03-26 05:37,Jeremy Zucker,you were good to me,5130,seen live
2024-03-26 05:37,Vanessa Carlton,A Thousand Miles,3840,pop
2024-03-26 05:37,Vanessa Carlton,A Thousand Miles,1810,pop
2024-03-26 05:37,Bruno Mars,When I Was Your Man,4990,pop
2024-03-26 05:37,gnash,"i hate u, i love u (feat. olivia o'brien)",9350,pop
2024-03-26 05:37,Alessia Cara,Out Of Love,5400,pop
2024-03-26 05:38,Sam Smith,Stay With Me,7270,soft pop
2024-03-26 05:38,Vanessa Carlton,A Thousand Miles,16670,pop
2024-03-26 05:38,Vanessa Carlton,A Thousand Miles,790,pop
2024-03-26 05:38,Olivia O'Brien,Complicated,1350,pop
2024-03-26 05:38,Olivia O'Brien,Complicated,670,pop
2024-03-26 05:38,Olivia O'Brien,Complicated,13360,pop
2024-03-26 05:38,Ruth B.,Lost Boy,3800,pop
2024-03-26 05:38,gnash,"i hate u, i love u (feat. olivia o'brien)",5290,pop
2024-03-26 05:38,Olivia Rodrigo,"All I Want - From ""High School Musical: The Musical: The Series""",1680,pop
2024-03-26 05:38,Sasha Alex Sloan,Dancing With Your Ghost,2570,indie pop
2024-03-26 05:39,Charlie Puth,One Call Away,16970,soft pop
2024-03-26 05:39,Ed Sheeran,The Joker And The Queen (feat. Taylor Swift),12040,soft pop
2024-03-26 05:39,Taylor Swift,22,15870,country
2024-03-26 05:39,d4vd,Here With Me,15700,rnb
2024-03-26 05:40,James Arthur,Car's Outside,2930,soft pop
2024-03-26 05:40,Keane,Somewhere Only We Know,7030,britpop
2024-03-26 05:40,Joji,Glimpse of Us,2890,Lo-Fi
2024-03-26 05:40,Selena Gomez,Fetish (feat. Gucci Mane),1670,pop
2024-03-26 05:40,Selena Gomez,Fetish (feat. Gucci Mane),590,pop
2024-03-26 05:40,The Walters,I Love You So,2690,indie rock
2024-03-26 05:40,Selena Gomez & The Scene,Love You Like A Love Song,9530,pop
2024-03-26 05:40,Selena Gomez & The Scene,Love You Like A Love Song,1460,pop
2024-03-26 05:41,New West,Those Eyes,81240,seen live
2024-03-26 05:42,Eddy Kim,긴 밤이 오면,31400,k-ballad
2024-03-26 06:00,Sasha Alex Sloan,Dancing With Your Ghost,2454,indie pop
2024-03-26 06:04,Olivia Rodrigo,Can’t Catch Me Now - from The Hunger Games: The Ballad of Songbirds & Snakes,205483,pop
2024-03-26 06:08,Taylor Swift,Style,231000,country
2024-03-26 06:12,Taylor Swift,cardigan,239560,country
2024-03-26 06:15,Charlie Puth,One Call Away,134186,soft pop
2024-03-26 22:59,Charlie Puth,One Call Away,60280,soft pop
2024-03-26 23:05,The 1975,About You,326490,indie
2024-03-26 23:09,Gwen Stefani,Luxurious,264920,pop
2024-03-26 23:17,Aimer,Sailing,335973,anime
2024-03-26 23:21,The Neighbourhood,Reflections,244013,indie
2024-03-26 23:23,d4vd,Here With Me,1400,rnb
2024-03-26 23:23,Selena Gomez & The Scene,Love You Like A Love Song,47031,pop
2024-03-26 23:29,Lana Del Rey,Brooklyn Baby,351640,female vocalists
2024-03-26 23:32,Selena Gomez,Fetish (feat. Gucci Mane),186112,pop
2024-03-26 23:36,Taylor Swift,Blank Space,231826,country
2024-03-26 23:41,The Weeknd,"One Of The Girls (with JENNIE, Lily Rose Depp)",244684,rnb
2024-03-26 23:43,beabadoobee,Glue Song,135066,bedroom pop
2024-03-26 23:44,Lana Del Rey,Radio,20901,female vocalists
2024-03-26 23:47,Taylor Swift,"""Slut!"" (Taylor's Version) (From The Vault)",180381,country
2024-03-26 23:51,Taylor Swift,Style,231000,country
2024-03-26 23:54,Taylor Swift,Wildest Dreams,197462,country
2024-03-26 23:55,Taylor Swift,Wildest Dreams,22981,country
2024-03-26 23:58,Taylor Swift,I Knew You Were Trouble (Taylor's Version),219760,country
2024-03-27 00:02,Lana Del Rey,Say Yes To Heaven,209156,female vocalists
2024-03-27 00:07,Lana Del Rey,Dark Paradise,243187,female vocalists
2024-03-27 00:11,Taylor Swift,Safe & Sound - from The Hunger Games Soundtrack,240066,country
2024-03-27 00:13,HENRY,It's You,2250,k-pop
2024-03-27 00:13,Melanie Martinez,Play Date,50710,pop
2024-03-27 00:14,Laufey,Falling Behind,37170,jazz
2024-03-27 00:16,Laufey,Falling Behind,136478,jazz
2024-03-27 00:20,Gwen Stefani,Luxurious,264920,pop
2024-03-27 00:29,Lana Del Rey,Diet Mountain Dew,222920,female vocalists
2024-03-27 00:31,Selena Gomez,Back To You,130356,pop
2024-03-27 00:35,"Car, the garden",Scars leave beautiful trace,213946,k-ballad
2024-03-27 00:39,Taylor Swift,Midnight Rain,174782,country
2024-03-27 00:43,Taylor Swift,All Of The Girls You Loved Before,221407,country
2024-03-27 01:50,Lana Del Rey,Ultraviolence,251480,female vocalists
2024-03-27 01:53,Sasha Alex Sloan,Dancing With Your Ghost,197732,indie pop
2024-03-27 01:59,Melanie Martinez,Dollhouse,231853,pop
2024-03-27 02:05,Joji,Glimpse of Us,233456,Lo-Fi
2024-03-27 02:09,beabadoobee,Glue Song,135066,bedroom pop
2024-03-27 02:12,Taylor Swift,Gorgeous,209680,country
2024-03-27 02:17,Taylor Swift,The Way I Loved You (Taylor’s Version),243136,country
2024-03-27 02:20,yama,Oz.,194273,Stoner Rock
2024-03-27 02:25,Taylor Swift,Back To December,293026,country
2024-03-27 02:30,Melanie Martinez,Pity Party,204085,pop
2024-03-27 02:33,Lana Del Rey,Doin' Time,202192,female vocalists
2024-03-27 02:38,Lana Del Rey,Young And Beautiful,236053,female vocalists
2024-03-27 02:42,ZAYN,I Don’t Wanna Live Forever (Fifty Shades Darker),247160,pop
2024-03-27 02:47,Taylor Swift,I Can See You (Taylor’s Version) (From The Vault),273186,country
2024-03-27 02:51,Olivia Rodrigo,vampire,219724,pop
2024-03-27 02:56,Lana Del Rey,Summertime Sadness,265427,female vocalists
2024-03-27 02:59,Ariana Grande,we can't be friends (wait for your love),228639,pop
2024-03-27 03:10,Laufey,Promise,234266,jazz
2024-03-27 03:12,Melanie Martinez,Cake,96360,pop
2024-03-27 20:32,Melanie Martinez,Cake,103325,pop
2024-03-27 20:32,Melanie Martinez,VOID,32884,pop
2024-03-27 20:36,beabadoobee,the perfect pair,177533,bedroom pop
2024-03-27 20:41,Lana Del Rey,Art Deco,295066,female vocalists
2024-03-27 20:46,Taylor Swift,Don’t Blame Me,236413,country
2024-03-27 20:50,James Arthur,Car's Outside,248373,soft pop
2024-03-27 20:54,Lana Del Rey,Radio,214573,female vocalists
2024-03-27 20:59,Lana Del Rey,Sad Girl,317760,female vocalists
2024-03-27 21:04,Ruth B.,Dandelions,233720,pop
2024-03-27 21:05,Melanie Martinez,"Tag, You're It",13200,pop
2024-03-27 21:05,Ruth B.,Lost Boy,47122,pop
2024-03-27 21:11,Taylor Swift,All Too Well (Taylor's Version),329160,country
2024-03-27 21:15,Selena Gomez,People You Know,194900,pop
2024-03-27 21:19,Laufey,Let You Break My Heart Again,269066,jazz
2024-03-27 21:23,Kali Uchis,Moonlight,187557,rnb
2024-03-27 21:26,Taylor Swift,illicit affairs,190898,country
2024-03-27 22:20,Taylor Swift,Karma,204852,country
2024-03-27 22:20,Olivia Rodrigo,"All I Want - From ""High School Musical: The Musical: The Series""",19771,pop
2024-03-27 22:24,Chase Atlantic,The Walls,229840,rnb
2024-03-27 22:25,Chase Atlantic,Tidal Wave,14516,rnb
2024-03-27 22:25,Taylor Swift,The Man,5920,country
2024-03-27 22:29,Laufey,Fragile,241080,jazz
2024-03-27 22:42,Taylor Swift,Style,231000,country
2024-03-27 23:26,Doja Cat,Agora Hills,265360,pop
2024-03-27 23:32,The 1975,About You,326490,indie
2024-03-27 23:33,Lana Del Rey,"Once Upon a Dream - From ""Maleficent"" / Pop Version",46349,female vocalists
2024-04-03 20:51,Lana Del Rey,"Once Upon a Dream - From ""Maleficent"" / Pop Version",156738,female vocalists
2024-04-03 20:51,Selena Gomez,People You Know,2031,pop
2024-04-03 20:52,Arctic Monkeys,R U Mine?,42100,indie
2024-04-03 20:55,Chase Atlantic,LUST,204106,rnb
2024-04-03 21:00,Arctic Monkeys,Arabella,207356,indie
2024-04-03 21:04,The Neighbourhood,Flawless,246493,indie
2024-04-03 21:09,David Kushner,Daylight,212953,indie
2024-04-03 21:13,Arctic Monkeys,505,253586,indie
2024-04-03 21:17,Chase Atlantic,MAMACITA,202931,rnb
2024-04-03 21:20,The Neighbourhood,Fallen Star,224938,indie
2024-04-03 21:24,Arctic Monkeys,Cornerstone,197973,indie
2024-04-03 21:28,Arctic Monkeys,She's Thunderstorms,234920,indie
2024-04-03 22:21,Cults,Always Forever,223746,indie pop
2024-04-03 22:26,Cigarettes After Sex,K.,320030,dream pop
2024-04-03 22:29,Cigarettes After Sex,Stop Waiting,132477,dream pop
2024-04-03 22:30,Ariana Grande,intro (end of the world),92400,pop
2024-04-03 22:35,Lana Del Rey,Cinnamon Girl,300683,female vocalists
2024-04-03 22:36,Melanie Martinez,VOID,17815,pop
2024-04-03 22:41,Laufey,Let You Break My Heart Again,269066,jazz
2024-04-03 22:45,Jung Kook,Still With You,239905,k-pop
2024-04-03 22:46,Taylor Swift,Blank Space,4050,country
2024-04-03 22:49,Taylor Swift,illicit affairs,190898,country
2024-04-03 22:50,Lana Del Rey,"Once Upon a Dream - From ""Maleficent"" / Pop Version",67831,female vocalists
2024-04-03 22:52,beabadoobee,Glue Song,135066,bedroom pop
2024-04-03 22:56,Olivia Rodrigo,"All I Want - From ""High School Musical: The Musical: The Series""",177322,pop
2024-04-03 23:00,Lana Del Rey,Pretty When You Cry,234146,female vocalists
2024-04-03 23:04,Selena Gomez,Fetish (feat. Gucci Mane),186112,pop
2024-04-03 23:07,Eddy Kim,긴 밤이 오면,14598,k-ballad
2024-04-03 23:14,Olivia Rodrigo,vampire,219724,pop
2024-04-03 23:17,Taylor Swift,"""Slut!"" (Taylor's Version) (From The Vault)",180381,country
2024-04-03 23:20,Olivia Rodrigo,"jealousy, jealousy",173160,pop
2024-04-03 23:24,Lana Del Rey,Dark Paradise,243187,female vocalists
2024-04-03 23:33,Lana Del Rey,West Coast,256760,female vocalists
2024-04-04 01:16,Doechii,What It Is (Solo Version),130788,rap
2024-04-05 20:35,Doechii,What It Is (Solo Version),59282,rap
2024-04-05 20:41,Olivia Rodrigo,happier,175933,pop
2024-04-05 20:45,Sixpence None The Richer,Kiss Me,208680,pop
2024-04-05 20:46,Taylor Swift,I Knew You Were Trouble (Taylor's Version),3770,country
2024-04-05 20:46,Selena Gomez,People You Know,33974,pop
2024-04-05 20:50,Olivia Rodrigo,traitor,229226,pop
2024-04-05 20:53,beabadoobee,the perfect pair,177533,bedroom pop
2024-04-05 20:58,Taylor Swift,Safe & Sound - from The Hunger Games Soundtrack,240066,country
2024-04-05 21:01,Melanie Martinez,"Tag, You're It",189026,pop
2024-04-05 21:06,Lana Del Rey,Radio,214573,female vocalists
2024-04-05 21:10,Taylor Swift,I Can See You (Taylor’s Version) (From The Vault),273186,country
2024-04-05 21:13,Justin Bieber,Ghost,153190,pop
2024-04-05 21:16,Taylor Swift,Bejeweled,194165,country
2024-04-05 21:19,Mitski,My Love Mine All Mine,137773,seen live
2024-04-05 21:22,Taylor Swift,The Man,190360,country
2024-04-05 21:28,Ariana Grande,we can't be friends (wait for your love),228639,pop
2024-04-05 21:32,beabadoobee,the way things go,143591,bedroom pop
2024-04-05 21:38,Lana Del Rey,Brooklyn Baby,351640,female vocalists
2024-04-05 21:41,Melanie Martinez,Play Date,179867,pop
2024-04-05 21:44,Taylor Swift,Wildest Dreams,220440,country
2024-04-05 21:51,7!!,オレンジ,350106,gangster rap
2024-04-05 22:40,Coyote Theory,This Side of Paradise,242010,indie
2024-04-05 22:45,Taylor Swift,Speak Now,240760,country
2024-04-05 22:49,yama,Oz.,194273,Stoner Rock
2024-04-05 22:58,Lana Del Rey,Young And Beautiful,236053,female vocalists
2024-04-05 22:59,Lana Del Rey,Art Deco,25309,female vocalists
2024-04-05 23:02,Arctic Monkeys,I Wanna Be Yours,183956,indie
2024-04-05 23:13,Chase Atlantic,ESCORT,218823,rnb
2024-04-05 23:21,Arctic Monkeys,Why'd You Only Call Me When You're High?,161123,indie
2024-04-05 23:26,Arctic Monkeys,505,253586,indie
2024-04-05 23:29,Arctic Monkeys,Stop The World I Wanna Get Off With You,191040,indie
2024-04-05 23:32,Chase Atlantic,LUST,204106,rnb
2024-04-05 23:36,The Neighbourhood,Fallen Star,224938,indie
2024-04-05 23:41,Cigarettes After Sex,Sweet,292110,dream pop
2024-04-05 23:45,The Neighbourhood,Afraid,251186,indie
2024-04-05 23:51,Cigarettes After Sex,Each Time You Fall in Love,290630,dream pop
2024-04-05 23:54,Arctic Monkeys,R U Mine?,201726,indie
2024-04-05 23:57,Cigarettes After Sex,John Wayne,175538,dream pop
2024-04-08 20:37,Cigarettes After Sex,John Wayne,82948,dream pop
2024-04-08 20:47,Cigarettes After Sex,Kiss It Off Me,269933,dream pop
2024-04-08 20:52,Cigarettes After Sex,Heavenly,286773,dream pop
2024-04-08 20:56,Cigarettes After Sex,You're the Only Good Thing In My Life,275186,dream pop
2024-04-08 21:01,Chase Atlantic,Okay,212306,rnb
2024-04-08 21:03,d4vd,Romantic Homicide,132630,rnb
2024-04-08 21:11,Chase Atlantic,Moonlight,252000,rnb
2024-04-08 21:22,Arctic Monkeys,She's Thunderstorms,234920,indie
2024-04-08 21:27,Cigarettes After Sex,K.,320030,dream pop
2024-04-08 22:24,The Neighbourhood,W.D.Y.W.F.M?,259413,indie
2024-04-08 22:28,Cigarettes After Sex,Pure,254626,dream pop
2024-04-08 22:33,Chase Atlantic,Paradise,256453,rnb
2024-04-08 22:36,The Neighbourhood,Cry Baby,235160,indie
2024-04-08 22:41,Chase Atlantic,OHMAMI,226835,rnb
2024-04-08 22:44,Chase Atlantic,Numb to the Feeling,227586,rnb
2024-04-08 22:50,Arctic Monkeys,Cornerstone,197973,indie
2024-04-08 23:00,James Arthur,Car's Outside,248373,soft pop
2024-04-08 23:05,Arctic Monkeys,Baby I'm Yours,152613,indie
2024-04-08 23:18,Cigarettes After Sex,Stop Waiting,362973,dream pop
2024-04-08 23:22,Chase Atlantic,Friends,230010,rnb
2024-04-08 23:26,The Neighbourhood,Female Robbery,209520,indie
2024-04-08 23:30,Chase Atlantic,HEAVEN AND BACK,248240,rnb
2024-04-08 23:34,David Kushner,Daylight,212953,indie
2024-04-08 23:42,Chase Atlantic,Meddle About,203886,rnb
2024-04-08 23:46,Cigarettes After Sex,Cry,256800,dream pop
2024-04-08 23:56,Chase Atlantic,Church,220000,rnb
2024-04-09 00:00,Chase Atlantic,Consume (feat. Goon Des Garcons),267920,rnb
2024-04-09 00:08,The Weeknd,"One Of The Girls (with JENNIE, Lily Rose Depp)",244684,rnb
2024-04-09 00:11,Chase Atlantic,MAMACITA,162121,rnb
2024-04-09 22:53,Chase Atlantic,MAMACITA,40809,rnb
2024-04-09 22:57,Chase Atlantic,Into It,196767,rnb
2024-04-09 23:00,Chase Atlantic,EMPTY,219085,rnb
2024-04-09 23:03,Jonas Hain,Étincelle,148542,instrumental
2024-04-09 23:05,Jesse Brown,Days Gone By,88620,neoclassical
2024-04-09 23:07,Dennis Korn,Cimetière du Père Lachaise,141000,chillout
2024-04-09 23:09,Dennis Korn,A Romance in Venice,130000,chillout
2024-04-09 23:12,Melissa Galosi,Brother's Waltz,155000,piano
2024-04-09 23:14,Pyotr Ilyich Tchaikovsky,"Children's Album, Op.39: No. 1 Morning Prayer",66973,classical
2024-04-09 23:19,Erik Satie,Gnossienne No.1,310678,classical piano
2024-04-09 23:22,Edvard Grieg,Arietta (Grieg),162703,classical
2024-04-09 23:24,Dennis Korn,Serenade,134886,chillout
2024-04-09 23:29,Lana Del Rey,Art Deco,269619,female vocalists
2024-04-09 23:42,Doja Cat,Agora Hills,265360,pop
2024-04-09 23:42,Melanie Martinez,VOID,19475,pop
2024-04-09 23:43,Ariana Grande,intro (end of the world),92400,pop
2024-04-09 23:45,Doechii,What It Is (Solo Version),60173,rap
2024-04-09 23:49,Ariana Grande,we can't be friends (wait for your love),228639,pop
2024-04-09 23:53,Taylor Swift,my tears ricochet,255893,country
2024-04-09 23:58,HENRY,It's You,231001,k-pop
2024-04-10 00:07,Laufey,From The Start,169573,jazz
2024-04-10 00:15,Melanie Martinez,Pity Party,118680,pop
2024-04-10 00:20,Chase Atlantic,Consume (feat. Goon Des Garcons),267920,rnb
2024-04-10 00:25,The Neighbourhood,Sweater Weather,240400,indie
2024-04-10 00:28,The Neighbourhood,Female Robbery,209520,indie
2024-04-10 01:45,Cigarettes After Sex,Cry,256800,dream pop
2024-04-10 01:49,Chase Atlantic,OHMAMI,226835,rnb
2024-04-10 01:57,Cigarettes After Sex,You're the Only Good Thing In My Life,275186,dream pop
2024-04-10 01:58,Chase Atlantic,Numb to the Feeling,44570,rnb
2024-04-10 02:02,Ariana Grande,Dangerous Woman,235946,pop
2024-04-10 02:05,Ariana Grande,motive (with Doja Cat),167989,pop
2024-04-10 02:09,Ariana Grande,Love Me Harder,236133,pop
2024-04-10 02:13,Ariana Grande,we can't be friends (wait for your love),228639,pop
2024-04-10 02:16,Ariana Grande,everytime,120258,pop
2024-04-10 02:20,Ariana Grande,we can't be friends (wait for your love),228639,pop
2024-04-10 02:22,Ariana Grande,bloodline,120480,pop
2024-04-10 02:26,Ariana Grande,we can't be friends (wait for your love),228639,pop
2024-04-10 02:30,Ariana Grande,Into You,244453,pop
2024-04-10 02:34,Ariana Grande,obvious,146958,pop
2024-04-10 02:37,Ariana Grande,love language,179860,pop
2024-04-10 02:39,Ariana Grande,i wish i hated you,153633,pop
2024-04-10 02:44,Ariana Grande,Break Free,214840,pop
2024-04-10 02:46,Ariana Grande,just like magic,149900,pop
2024-04-10 02:50,Ariana Grande,Be Alright,179293,pop
2024-04-10 02:54,Demi Lovato,Met Him Last Night (feat. Ariana Grande),204631,pop
2024-04-10 02:57,Ariana Grande,MONOPOLY (with Victoria Monét),158586,pop
2024-04-10 02:58,Ariana Grande,breathin,27198,pop
2024-04-10 03:03,Ariana Grande,we can't be friends (wait for your love),228639,pop
2024-04-10 03:06,Ariana Grande,boyfriend (with Social House),186106,pop
2024-04-10 03:39,Ariana Grande,Love Me Harder,156627,pop
2024-04-10 20:32,Ariana Grande,Love Me Harder,8130,pop
2024-04-10 20:35,Taylor Swift,Lover,221306,country
2024-04-10 20:40,Lana Del Rey,Dark Paradise,243187,female vocalists
2024-04-10 20:44,d4vd,Here With Me,242484,rnb
2024-04-10 20:50,The Weeknd,"One Of The Girls (with JENNIE, Lily Rose Depp)",244684,rnb
2024-04-10 20:53,Olivia Rodrigo,deja vu,215506,pop
2024-04-10 20:58,Taylor Swift,cardigan,239560,country
2024-04-10 21:02,Lana Del Rey,Ultraviolence,251480,female vocalists
2024-04-10 21:06,The Neighbourhood,Softcore,206280,indie
2024-04-10 21:07,Selena Gomez,People You Know,51839,pop
2024-04-10 21:11,JEONG SEWOON,Just Watching You,242213,soundtrack
2024-04-10 21:16,Taylor Swift,Labyrinth,247962,country
2024-04-10 21:19,Doja Cat,Kiss Me More (feat. SZA),208666,pop
2024-04-10 21:26,7!!,オレンジ,350106,gangster rap
2024-04-10 22:25,Ariana Grande,we can't be friends (wait for your love),228639,pop
2024-04-10 22:27,Olivia Rodrigo,"All I Want - From ""High School Musical: The Musical: The Series""",0,pop
2024-04-10 22:28,Laufey,Fragile,126603,jazz
2024-04-10 22:32,Ariana Grande,we can't be friends (wait for your love),228639,pop
2024-04-10 22:36,Lana Del Rey,Dark Paradise,243187,female vocalists
2024-04-10 22:40,Lana Del Rey,Million Dollar Man,230120,female vocalists
2024-04-10 22:41,Melanie Martinez,"Tag, You're It",64120,pop
2024-04-10 22:41,Taylor Swift,The Man,1590,country
2024-04-10 22:45,Olivia Rodrigo,traitor,229226,pop
2024-04-10 22:50,Lana Del Rey,Chemtrails Over The Country Club,271176,female vocalists
2024-04-10 22:54,yama,Oz.,194273,Stoner Rock
2024-04-10 22:59,Melanie Martinez,Teacher's Pet,241893,pop
2024-04-10 23:02,Laufey,Valentine,168906,jazz
2024-04-10 23:04,Ariana Grande,intro (end of the world),92400,pop
2024-04-10 23:07,Olivia Rodrigo,"All I Want - From ""High School Musical: The Musical: The Series""",177322,pop
2024-04-10 23:10,Lana Del Rey,Doin' Time,189363,female vocalists
2024-04-10 23:11,Melanie Martinez,Cake,1079,pop
2024-04-10 23:12,Melanie Martinez,VOID,23540,pop
2024-04-10 23:13,Melanie Martinez,Pity Party,77000,pop
2024-04-10 23:14,Melanie Martinez,Cake,58850,pop
2024-04-10 23:18,beabadoobee,A Night To Remember,233388,bedroom pop
2024-04-10 23:23,Taylor Swift,Back To December,293026,country
2024-04-10 23:24,Taylor Swift,Karma,16170,country
2024-04-10 23:24,Taylor Swift,Blank Space,20757,country
2024-04-10 23:27,Taylor Swift,Lover,221306,country
2024-04-10 23:32,Taylor Swift,I Can See You (Taylor’s Version) (From The Vault),273186,country
2024-04-10 23:36,Laufey,From The Start,169573,jazz
2024-04-10 23:39,Lana Del Rey,Pretty When You Cry,234146,female vocalists
2024-04-10 23:43,Taylor Swift,Midnight Rain,174782,country
2024-04-10 23:48,Lana Del Rey,Sad Girl,317760,female vocalists
2024-04-10 23:53,Olivia Rodrigo,traitor,229226,pop
2024-04-10 23:56,Sasha Alex Sloan,Dancing With Your Ghost,197732,indie pop
2024-04-10 23:59,Mitski,My Love Mine All Mine,137773,seen live
2024-04-11 00:03,Taylor Swift,Fearless (Taylor’s Version),241591,country
2024-04-11 00:08,Taylor Swift,cardigan,239560,country
2024-04-11 00:12,Taylor Swift,Speak Now,240760,country
2024-04-11 00:35,Lana Del Rey,Doin' Time,107392,female vocalists
2024-04-11 06:01,Eddy Kim,긴 밤이 오면,5670,k-ballad
2024-04-11 06:02,Alessia Cara,Out Of Love,39625,pop
2024-04-11 06:05,The Walters,I Love You So,160239,indie rock
2024-04-11 06:09,Joji,Glimpse of Us,233456,Lo-Fi
2024-04-11 06:13,Melanie Martinez,Dollhouse,231853,pop
2024-04-11 06:17,Melanie Martinez,Teacher's Pet,241893,pop
2024-04-11 06:21,Melanie Martinez,Play Date,179867,pop
2024-04-11 06:24,Taylor Swift,London Boy,190240,country
2024-04-11 06:28,Selena Gomez,Fetish (feat. Gucci Mane),186112,pop
2024-04-11 06:31,Kali Uchis,Moonlight,187557,rnb
2024-04-11 06:35,Lana Del Rey,Doin' Time,4170,female vocalists
2024-04-11 06:35,Lana Del Rey,Radio,27779,female vocalists
2024-04-11 06:35,Doechii,What It Is (Solo Version),189824,rap
2024-04-11 06:40,Lana Del Rey,Dark Paradise,243187,female vocalists
2024-04-11 06:44,Lana Del Rey,Diet Mountain Dew,222920,female vocalists
2024-04-11 06:49,Lana Del Rey,Art Deco,295066,female vocalists
2024-04-11 06:54,Gwen Stefani,Luxurious,264920,pop
2024-04-11 06:59,Lana Del Rey,Sad Girl,317760,female vocalists
2024-04-11 07:04,Taylor Swift,Daylight,293453,country
2024-04-11 07:07,Taylor Swift,Bejeweled,194165,country
2024-04-11 07:12,The Neighbourhood,Reflections,244013,indie
2024-04-11 07:16,Taylor Swift,The Way I Loved You (Taylor’s Version),243136,country
2024-04-11 07:21,Taylor Swift,I Can See You (Taylor’s Version) (From The Vault),273186,country
2024-04-11 07:25,Olivia Rodrigo,deja vu,215506,pop
2024-04-11 07:29,Olivia Rodrigo,traitor,229226,pop
2024-04-11 07:33,Olivia Rodrigo,vampire,219724,pop
2024-04-11 07:36,Olivia Rodrigo,happier,175933,pop
2024-04-11 07:38,Olivia Rodrigo,"jealousy, jealousy",129748,pop
2024-04-12 23:18,Olivia Rodrigo,"jealousy, jealousy",43302,pop
2024-04-12 23:18,James Arthur,Car's Outside,12752,soft pop
2024-04-12 23:21,Laufey,From The Start,169573,jazz
2024-04-12 23:23,Taylor Swift,All Of The Girls You Loved Before,152486,country
2024-04-14 22:41,Taylor Swift,All Of The Girls You Loved Before,69185,country
2024-04-14 22:47,Laufey,Fragile,241080,jazz
2024-04-14 22:50,Olivia Rodrigo,vampire,219724,pop
2024-04-14 22:57,The 1975,About You,326490,indie
2024-04-14 22:57,Taylor Swift,Don’t Blame Me,19204,country
2024-04-15 20:39,Taylor Swift,Don’t Blame Me,217229,country
2024-04-15 20:43,Taylor Swift,London Boy,190240,country
2024-04-15 20:48,Taylor Swift,I Can See You (Taylor’s Version) (From The Vault),273186,country
2024-04-15 20:50,Olivia Rodrigo,happier,5870,pop
2024-04-15 20:50,Melanie Martinez,Dollhouse,1270,pop
2024-04-15 20:50,Lana Del Rey,Summertime Sadness,62970,female vocalists
2024-04-15 20:54,Chase Atlantic,ESCORT,218823,rnb
2024-04-15 20:58,The Neighbourhood,Baby Came Home 2 / Valentines,224526,indie
2024-04-15 21:02,The Neighbourhood,Reflections,244013,indie
2024-04-15 21:06,Chase Atlantic,Right Here,235000,rnb
2024-04-15 21:12,Chase Atlantic,Consume (feat. Goon Des Garcons),267920,rnb
2024-04-15 21:17,Arctic Monkeys,Knee Socks,257563,indie
2024-04-15 21:21,The Neighbourhood,Fallen Star,224938,indie
2024-04-15 21:25,Chase Atlantic,Moonlight,252000,rnb
2024-04-15 21:28,The Neighbourhood,Scary Love,144183,indie
2024-04-16 01:37,The Neighbourhood,Scary Love,78480,indie
2024-04-16 01:49,Cigarettes After Sex,Heavenly,45539,dream pop
2024-04-16 01:50,Taylor Swift,We Are Never Ever Getting Back Together,13136,country
2024-04-16 01:53,Olivia Rodrigo,Can’t Catch Me Now - from The Hunger Games: The Ballad of Songbirds & Snakes,205483,pop
2024-04-16 01:58,Taylor Swift,Speak Now,240760,country
2024-04-16 01:59,Ruth B.,Lost Boy,32321,pop
2024-04-16 02:06,Lana Del Rey,Art Deco,295066,female vocalists
2024-04-16 02:10,Kali Uchis,Moonlight,187557,rnb
2024-04-16 02:14,Lana Del Rey,Summertime Sadness,265427,female vocalists
2024-04-16 02:18,Olivia Rodrigo,deja vu,215506,pop
2024-04-16 02:25,Kim Jong Kook,My Love,0,k-ballad
2024-04-16 02:25,Sabrina Carpenter,Feather,3341,pop
2024-04-16 02:36,Brit Smith,Karma's A Bitch,224841,pop
2024-04-16 04:12,Jessie J,Wild - Show & Prove Remix,31338,pop
2024-04-16 21:33,Brit Smith,Karma's A Bitch,125638,pop
2024-04-17 00:22,Billie Eilish,"What Was I Made For? [From The Motion Picture ""Barbie""]",7850,pop
2024-04-17 00:22,Billie Eilish,i love you,6207,pop
2024-04-17 00:22,Melanie Martinez,VOID,1642,pop
2024-04-17 00:26,Taylor Swift,Speak Now,240760,country
2024-04-17 00:28,Vanessa Carlton,A Thousand Miles,90196,pop
2024-04-17 00:28,Lil Wayne,Love Me,725,rap
2024-04-17 00:40,Vanessa Carlton,A Thousand Miles,237493,pop
2024-04-17 00:44,Lil Wayne,Love Me,255053,rap
2024-04-17 00:49,Sia,"Genius (feat. Sia, Diplo, and Labrinth)",213706,female vocalists
2024-04-17 00:53,The Weeknd,"One Of The Girls (with JENNIE, Lily Rose Depp)",244684,rnb
2024-04-17 00:57,ZAYN,I Don’t Wanna Live Forever (Fifty Shades Darker),247160,pop
2024-04-17 01:28,ZAYN,I Don’t Wanna Live Forever (Fifty Shades Darker),247160,pop
2024-04-17 01:32,The Weeknd,Starboy,230453,rnb
2024-04-17 01:38,Eminem,Without Me,290320,rap
2024-04-17 01:42,Lana Del Rey,Young And Beautiful,236053,female vocalists
2024-04-17 01:46,Ellie Goulding,My Blood,234184,female vocalists
2024-04-17 01:48,Ariana Grande,34+35,173710,pop
2024-04-17 02:33,Bruno Mars,Grenade,95165,pop
2024-04-18 06:06,Claude Debussy,"Suite Bergamasque, L.75: 3.: Claire De Lune",305241,classical piano
2024-04-18 06:09,Imaginary Poet,Old Letter,151205,Classical
2024-04-18 06:11,Ophelia Wilde,Reflections,124502,Classical
2024-04-18 06:14,Adrien de la Salle,Prélude d'une nuit d'automne,160750,canada
2024-04-18 06:17,George Frideric Handel,"Suite No. 7 In G Minor, HWV 432: VI. Passacaglia",127477,classical
2024-04-18 06:19,Katharine Petkovski,reminiscence,138945,dark ambient
2024-04-18 06:24,Luke Faulkner,The Wanderer,278472,Classical
2024-04-18 06:25,Andrea Vanzo,Autumn Intro,102448,composer
2024-04-18 06:28,Ophelia Wilde,dear edmond,137064,Classical
2024-04-18 06:31,Franz Gordon,The French Library,179702,piano
2024-04-18 06:35,Luke Faulkner,Awakening,246070,Classical
2024-04-18 06:38,Teesa,Waltz of Cecilia,190239,
2024-04-18 06:41,Camille Saint-Saëns,"Le Carnaval des Animaux, R. 125: XIII. Le cygne",165244,classical
2024-04-18 06:45,Robert Gromotka,Black Tulip,159760,instrumental
2024-04-18 06:49,Leila Milki,Fall Asleep - Instrumental Version,275811,Lebanon
2024-04-18 06:52,Adrien de la Salle,Whispers In Paris,156000,canada
2024-04-18 06:54,Luke Faulkner,The Journey,144838,Classical
2024-04-18 06:57,Claude Debussy,"Préludes / Book 1, L. 117: VIII. La Fille Aux Cheveux De Lin",146683,classical piano
2024-04-18 06:58,Joshua Kyan Aalampour,Return to Versailles,104319,Classical
2024-04-18 07:01,Josh Kramer,On Our Own,164372,piano
2024-04-18 07:06,Théodore,Montmartre,272386,electronic
2024-04-18 07:08,Raban,Solitude,151693,indie
2024-04-23 13:22,Brit Smith,Karma's A Bitch,4130,pop
2024-04-23 13:25,Taylor Swift,Cruel Summer,178426,country
2024-04-23 13:28,beabadoobee,the perfect pair,177533,bedroom pop
2024-04-23 13:32,Taylor Swift,Wildest Dreams,220440,country
2024-04-23 13:38,Taylor Swift,my tears ricochet,255893,country
2024-04-23 13:41,Olivia Rodrigo,"jealousy, jealousy",173160,pop
2024-04-23 13:44,SZA,Snooze,201800,rnb
2024-04-23 13:50,Taylor Swift,I Knew You Were Trouble (Taylor's Version),94046,country
2024-04-23 13:54,Lana Del Rey,Pretty When You Cry,234146,female vocalists
2024-04-23 13:57,yama,Oz.,194273,Stoner Rock
2024-04-23 13:59,Taylor Swift,"So Long, London",112289,country
2024-04-23 13:59,Taylor Swift,Bejeweled,2560,country
2024-04-23 13:59,Sasha Alex Sloan,Dancing With Your Ghost,5320,indie pop
2024-04-23 14:03,Chase Atlantic,OHMAMI,226835,rnb
2024-04-23 14:06,The Neighbourhood,You Get Me So High,153000,indie
2024-04-23 14:09,The Neighbourhood,Baby Came Home 2 / Valentines,161158,indie
2024-04-23 14:11,d4vd,Romantic Homicide,132630,rnb
2024-04-23 14:12,Chase Atlantic,EMPTY,76149,rnb
2024-04-23 14:17,Ariana Grande,we can't be friends (wait for your love),228639,pop
2024-04-23 14:20,Olivia Rodrigo,happier,175933,pop
2024-04-23 14:34,Taylor Swift,Safe & Sound - from The Hunger Games Soundtrack,240066,country
2024-04-23 14:40,Taylor Swift,I Can See You (Taylor’s Version) (From The Vault),273186,country
2024-04-23 14:44,Taylor Swift,Style,231000,country
2024-04-23 14:48,Taylor Swift,Lover,221306,country
2024-04-23 14:52,Lana Del Rey,West Coast,256760,female vocalists
2024-04-23 14:56,Olivia Rodrigo,"jealousy, jealousy",173160,pop
2024-04-23 15:00,Keane,Somewhere Only We Know,236160,britpop
2024-04-23 15:12,Lana Del Rey,Summertime Sadness,264773,female vocalists
2024-04-23 18:35,Taylor Swift,All Of The Girls You Loved Before,110210,country
2024-04-23 18:37,Taylor Swift,All Of The Girls You Loved Before,111197,country
2024-04-23 18:43,Taylor Swift,London Boy,190240,country
2024-04-23 18:48,Billie Eilish,"What Was I Made For? [From The Motion Picture ""Barbie""]",222369,pop
2024-04-23 18:52,Taylor Swift,Speak Now,240760,country
2024-04-23 18:56,Taylor Swift,Blank Space,222558,country
2024-04-23 19:05,Lana Del Rey,"Once Upon a Dream - From ""Maleficent"" / Pop Version",203080,female vocalists
2024-04-23 19:14,Selena Gomez,Fetish (feat. Gucci Mane),2840,pop
2024-04-23 19:14,Sasha Alex Sloan,Dancing With Your Ghost,159851,indie pop
2024-04-23 19:18,Taylor Swift,Karma,204852,country
2024-04-23 19:22,Ruth B.,Lost Boy,275280,pop
2024-04-23 19:28,Taylor Swift,I Can See You (Taylor’s Version) (From The Vault),273186,country
2024-04-23 19:31,Laufey,Falling Behind,173640,jazz
2024-04-23 19:44,Taylor Swift,All Too Well (Taylor's Version),329160,country
2024-04-23 19:55,The Neighbourhood,Softcore,206280,indie
2024-04-26 07:48,The Neighbourhood,Female Robbery,5310,indie
2024-04-27 22:26,Claude Debussy,"Suite Bergamasque, L.75: 3.: Claire De Lune",305241,classical piano
2024-04-27 22:30,Imaginary Poet,Adagietto,181428,Classical
2024-04-27 22:32,Ophelia Wilde,the day we met,108425,Classical
2024-04-27 22:33,Ignaz Moscheles,Prelude,71584,Classical
2024-04-27 22:38,Frédéric Chopin,"Nocturne No. 21 C Minor, Op. posth: No. 21",236620,classical piano
2024-04-27 22:42,Andrea Vanzo,Sunlight,201593,composer
2024-04-27 22:43,Antonín Dvořák,"Minuet, Op.28/1",65250,classical
2024-04-27 22:45,Imaginary Poet,Calm Ocean,140897,Classical
2024-04-27 22:48,Jonas Hain,Circles,166380,instrumental
2024-04-27 22:50,Dennis Korn,Portrait,113766,chillout
2024-04-27 22:53,Bedřich Smetana,"Bagatelles Et Impromptus, JB 1:19: No. 7 Love",135343,classical
2024-04-27 22:54,Dennis Korn,Journey,94675,chillout
2024-04-27 22:58,Johann Sebastian Bach,"Violin Concerto in A Minor, BWV 1041: I. Allegro moderato",218720,classical
2024-04-27 23:01,Jonas Kolberg,Late Night Train,144727,
2024-04-27 23:03,Dennis Korn,A foggy Morning,127250,chillout
2024-04-27 23:05,Joshua Kyan Aalampour,Return to Versailles,104319,Classical
2024-04-27 23:08,Melissa Galosi,Shadow Dust,155600,piano
2024-04-27 23:11,Yan Springett,First Flight,157812,Classical
2024-04-27 23:14,Yana Couto,Ottilia,150000,
2024-04-27 23:17,Dario Lessing,Romanza,198727,lo-fi
2024-04-27 23:20,Jonas Hain,Traces dans le sable,144818,instrumental
2024-04-27 23:22,Jonas Hain,Intra,92117,instrumental
2024-04-27 23:24,Housman,Empire of Light,154818,
2024-04-27 23:28,Erik Satie,Gnossienne No.3,215379,classical piano
2024-04-27 23:30,Henryk Pachulski,"6 Preludes, Op.8: No. 1 Andante",159450,Classical
2024-04-27 23:33,Henri de Quengo,"Correspondance Insulaire, Op. 11",146698,
2024-04-28 03:43,Marco Apicella,Two Days,41269,lo-fi beats
2024-05-03 00:16,Charlie Puth,One Call Away,194453,soft pop
2024-05-03 00:17,The Neighbourhood,Reflections,55306,indie
2024-05-06 19:09,The Neighbourhood,Sadderdaze,245826,indie
2024-05-06 19:16,Chase Atlantic,Paradise,256453,rnb
2024-05-06 19:20,Cults,Always Forever,223746,indie pop
2024-05-06 19:23,Chase Atlantic,Meddle About,203886,rnb
2024-05-06 19:30,The Neighbourhood,Baby Came Home 2 / Valentines,350245,indie
2024-05-06 19:34,Chase Atlantic,Right Here,235000,rnb
2024-05-06 19:41,Chase Atlantic,HEAVEN AND BACK,248240,rnb
2024-05-06 19:44,Arctic Monkeys,Snap Out Of It,193030,indie
2024-05-06 19:49,Cigarettes After Sex,Truly,244110,dream pop
2024-05-06 19:54,The Neighbourhood,Nervous,245000,indie
2024-05-06 19:57,Chase Atlantic,HER,169720,rnb
2024-05-06 20:01,Arctic Monkeys,Cornerstone,197973,indie
2024-05-06 20:04,Djo,End of Beginning,159245,psychedelic pop
2024-05-06 20:07,Chase Atlantic,LIKE A ROCKSTAR,208111,rnb
2024-05-06 20:13,Cigarettes After Sex,Each Time You Fall in Love,290630,dream pop
2024-05-06 20:19,The Neighbourhood,Reflections,244013,indie
2024-05-06 20:33,Arctic Monkeys,505,253586,indie
2024-05-06 20:37,The Neighbourhood,Sweater Weather,240400,indie
2024-05-06 20:42,Chase Atlantic,MAMACITA,202931,rnb
2024-05-06 20:45,Arctic Monkeys,I Wanna Be Yours,183956,indie
2024-05-06 20:48,Chase Atlantic,Slow Down,212093,rnb
2024-05-06 21:50,Cigarettes After Sex,Sweet,292110,dream pop
2024-05-06 21:53,Arctic Monkeys,Knee Socks,139808,indie
2024-05-06 21:57,Chase Atlantic,Swim,228786,rnb
2024-05-06 22:01,The Weeknd,"One Of The Girls (with JENNIE, Lily Rose Depp)",244684,rnb
2024-05-06 22:07,The Neighbourhood,Baby Came Home 2 / Valentines,286330,indie
2024-05-06 22:11,The Neighbourhood,W.D.Y.W.F.M?,259413,indie
2024-05-06 22:16,The Neighbourhood,Nervous,245000,indie
2024-05-06 22:23,Cigarettes After Sex,Stop Waiting,362973,dream pop
2024-05-06 22:28,The Neighbourhood,The Beach,255133,indie
2024-05-06 22:33,Chase Atlantic,Consume (feat. Goon Des Garcons),267920,rnb
2024-05-06 22:36,Chase Atlantic,Into It,196767,rnb
2024-05-06 22:41,Cigarettes After Sex,Apocalypse,290616,dream pop
2024-05-06 22:46,Cigarettes After Sex,Sunsetz,215150,dream pop
2024-05-06 22:58,Arctic Monkeys,505,253586,indie
2024-05-06 23:02,Chase Atlantic,LUST,204106,rnb
2024-05-06 23:06,Arctic Monkeys,She's Thunderstorms,234920,indie
2024-05-06 23:12,Cigarettes After Sex,Pure,254626,dream pop
2024-05-06 23:16,Chase Atlantic,ESCORT,218823,rnb
2024-05-06 23:19,The Neighbourhood,Void,203666,indie
2024-05-07 01:45,The Neighbourhood,Afraid,247296,indie
2024-05-07 17:53,The Neighbourhood,Afraid,4139,indie
2024-05-07 17:58,The Neighbourhood,The Beach,255133,indie
2024-05-07 18:02,Chase Atlantic,EMPTY,230266,rnb
2024-05-07 18:18,Cigarettes After Sex,Sweet,292110,dream pop
2024-05-07 18:22,Chase Atlantic,OHMAMI,226835,rnb
2024-05-07 18:28,The Neighbourhood,Alleyways,267853,indie
2024-05-07 18:31,Chase Atlantic,Numb to the Feeling,227586,rnb
2024-05-07 18:37,The Neighbourhood,Prey,282640,indie
2024-05-07 18:42,The Neighbourhood,Daddy Issues,260173,indie
2024-05-07 18:46,Chase Atlantic,Drugs & Money - New Mix,239921,rnb
2024-05-07 18:50,Chase Atlantic,Friends,230010,rnb
2024-05-07 19:08,The Neighbourhood,Flawless,246493,indie
2024-05-07 19:19,Cigarettes After Sex,John Wayne,258483,dream pop
2024-05-07 19:30,Cigarettes After Sex,Truly,244110,dream pop
2024-05-07 19:34,Chase Atlantic,MAMACITA,202931,rnb
2024-05-07 21:27,The Neighbourhood,Female Robbery,209520,indie
2024-05-07 21:32,The Neighbourhood,Sweater Weather,240400,indie
2024-05-07 21:36,The Neighbourhood,Nervous,245000,indie
2024-05-07 21:44,Arctic Monkeys,Baby I'm Yours,152613,indie
2024-05-07 21:47,Chase Atlantic,HER,169720,rnb
2024-05-07 21:52,Beach Weather,"Sex, Drugs, Etc.",196784,indie
2024-05-07 21:56,The Neighbourhood,Sadderdaze,245826,indie
2024-05-07 22:03,Chase Atlantic,OHMAMI,226835,rnb
2024-05-07 23:32,Cigarettes After Sex,Sweet,292110,dream pop
2024-05-07 23:36,Chase Atlantic,Meddle About,203886,rnb
2024-05-07 23:46,Cigarettes After Sex,Stop Waiting,362973,dream pop
2024-05-07 23:49,Chase Atlantic,Friends,230010,rnb
2024-05-07 23:53,The Neighbourhood,Compass,167960,indie
2024-05-07 23:57,Chase Atlantic,Consume (feat. Goon Des Garcons),267920,rnb
2024-05-08 00:02,Arctic Monkeys,Cornerstone,197973,indie
2024-05-08 00:04,girl in red,we fell in love in october,134403,bedroom pop
2024-05-08 00:08,Laufey,Let You Break My Heart Again,269066,jazz
2024-05-08 00:13,Taylor Swift,Labyrinth,247962,country
2024-05-08 00:16,Taylor Swift,illicit affairs,190898,country
2024-05-08 00:22,Taylor Swift,I Can See You (Taylor’s Version) (From The Vault),273186,country
2024-05-08 00:25,Taylor Swift,We Are Never Ever Getting Back Together,191880,country
2024-05-08 00:27,Taylor Swift,You Belong With Me,66265,country
2024-05-08 00:36,Lana Del Rey,Chemtrails Over The Country Club,271176,female vocalists
2024-05-08 00:41,James Arthur,Car's Outside,37623,soft pop
2024-05-08 00:51,Lana Del Rey,Sad Girl,317760,female vocalists
2024-05-08 00:54,Gracie Abrams,Risk,191566,seen live
2024-05-08 00:55,Taylor Swift,Blank Space,12633,country
2024-05-08 01:02,Doja Cat,Agora Hills,265360,pop
2024-05-08 01:06,beabadoobee,the perfect pair,177533,bedroom pop
2024-05-08 02:15,Doechii,What It Is (Solo Version),115416,rap
2024-05-08 18:34,Doechii,What It Is (Solo Version),1610,rap
2024-05-08 18:37,Chase Atlantic,MAMACITA,202931,rnb
2024-05-08 18:41,Cigarettes After Sex,John Wayne,258483,dream pop
2024-05-08 18:53,Chase Atlantic,HEAVEN AND BACK,248240,rnb
2024-05-08 18:57,Chase Atlantic,Church,220000,rnb
2024-05-08 19:03,Cigarettes After Sex,Apocalypse,290616,dream pop
2024-05-08 19:08,The Neighbourhood,Alleyways,267853,indie
2024-05-08 19:12,Chase Atlantic,Moonlight,252000,rnb
2024-05-08 19:16,The Neighbourhood,Baby Came Home,226880,indie
2024-05-08 19:21,The Neighbourhood,Void,203666,indie
2024-05-08 19:25,Arctic Monkeys,505,253586,indie
2024-05-08 19:29,Chase Atlantic,Right Here,235000,rnb
2024-05-08 19:31,The Neighbourhood,Baby Came Home 2 / Valentines,68684,indie
2024-05-08 19:35,Arctic Monkeys,Why'd You Only Call Me When You're High?,161123,indie
2024-05-08 19:40,Cigarettes After Sex,Heavenly,286773,dream pop
2024-05-08 19:42,Arctic Monkeys,Baby I'm Yours,152613,indie
2024-05-08 19:46,Chase Atlantic,Slow Down,212093,rnb
2024-05-08 19:51,Cigarettes After Sex,Kiss It Off Me,269933,dream pop
2024-05-08 19:55,Chase Atlantic,ESCORT,218823,rnb
2024-05-08 19:59,Chase Atlantic,OHMAMI,226835,rnb
2024-05-08 20:12,TV Girl,Lovers Rock,213920,indie pop
2024-05-08 20:15,Chase Atlantic,EMPTY,230266,rnb
2024-05-08 20:20,The Weeknd,"One Of The Girls (with JENNIE, Lily Rose Depp)",244684,rnb
2024-05-08 21:24,The Neighbourhood,Afraid,251186,indie
2024-05-08 21:28,The Neighbourhood,Softcore,206280,indie
2024-05-08 21:31,The Neighbourhood,Compass,167960,indie
2024-05-08 21:36,Chase Atlantic,Paradise,256453,rnb
2024-05-08 21:37,David Kushner,Daylight,44802,indie
2024-05-08 21:41,Chase Atlantic,Friends,230010,rnb
2024-05-08 21:45,Arctic Monkeys,Knee Socks,257563,indie
2024-05-08 21:49,Vacations,Telephones,212432,indie
2024-05-08 21:52,The Neighbourhood,Leaving Tonight,203866,indie
2024-05-08 21:56,Chase Atlantic,HER,169720,rnb
2024-05-08 22:00,The Neighbourhood,Sweater Weather,240400,indie
2024-05-08 22:03,The Neighbourhood,You Get Me So High,153000,indie
2024-05-08 22:06,Cigarettes After Sex,Sunsetz,215150,dream pop
2024-05-08 22:10,Arctic Monkeys,Snap Out Of It,193030,indie
2024-05-08 22:14,The Neighbourhood,Cry Baby,235160,indie
2024-05-08 22:20,The Neighbourhood,W.D.Y.W.F.M?,246596,indie
2024-05-08 22:24,Taylor Swift,The Way I Loved You (Taylor’s Version),243136,country
2024-05-08 22:29,Taylor Swift,Wildest Dreams,220440,country
2024-05-08 22:31,Lana Del Rey,Radio,154065,female vocalists
2024-05-08 22:33,Michele Nobler,Illusion,130250,classical piano
2024-05-08 22:35,Jonas Hain,Janvier,87329,instrumental
2024-05-08 22:36,Genary Korganov,"12 Arabesque, Op.6: No. 4 Moderato Con Espressione",85723,
2024-05-08 22:39,Oscar Mallen,The Caress Of The Ocean,170000,
2024-05-08 22:41,Yan Springett,Wondrous,105593,Classical
2024-05-08 22:44,Carl Nielsen,"5 Klaverstykker, Op.3: No. 1",153473,orchestra
2024-05-08 22:45,Alessandro Scarlatti,La Folia In D Minor,88206,opera
2024-05-08 22:49,Chase Atlantic,MAMACITA,202931,rnb
2024-05-08 22:52,d4vd,Romantic Homicide,132630,rnb
2024-05-08 23:01,Chase Atlantic,Okay,212306,rnb
2024-05-08 23:05,The Neighbourhood,The Beach,255133,indie
2024-05-08 23:10,The Neighbourhood,W.D.Y.W.F.M?,259413,indie
2024-05-08 23:17,The Weeknd,"One Of The Girls (with JENNIE, Lily Rose Depp)",244684,rnb
2024-05-08 23:21,The Neighbourhood,Nervous,245000,indie
2024-05-08 23:26,Chase Atlantic,Consume (feat. Goon Des Garcons),267920,rnb
2024-05-10 02:18,Arctic Monkeys,She's Thunderstorms,191063,indie
2024-05-10 18:25,Pieter Savenberg,Beyond,168192,piano
2024-05-10 18:29,Cigarettes After Sex,Kiss It Off Me,269933,dream pop
2024-05-10 18:50,Chase Atlantic,LIKE A ROCKSTAR,208111,rnb
2024-05-10 19:02,d4vd,Romantic Homicide,132630,rnb
2024-05-10 19:08,Cigarettes After Sex,John Wayne,258483,dream pop
2024-05-10 19:12,The Neighbourhood,Sadderdaze,245826,indie
2024-05-10 19:15,Beach Weather,"Sex, Drugs, Etc.",196784,indie
2024-05-10 19:19,Chase Atlantic,EMPTY,230266,rnb
2024-05-10 19:23,The Neighbourhood,Alleyways,267853,indie
2024-05-10 19:28,Arctic Monkeys,505,253586,indie
2024-05-10 19:32,girl in red,we fell in love in october,184153,bedroom pop
2024-05-10 19:36,The Neighbourhood,Reflections,244013,indie
2024-05-10 19:42,The Neighbourhood,Cry Baby,235160,indie
2024-05-10 19:51,The Neighbourhood,Nervous,245000,indie
2024-05-10 19:55,The Neighbourhood,Scary Love,222666,indie
2024-05-10 19:58,Arctic Monkeys,Stop The World I Wanna Get Off With You,191040,indie
2024-05-10 20:04,Cigarettes After Sex,Pure,254626,dream pop
2024-05-10 20:07,The Neighbourhood,Void,203666,indie
2024-05-10 20:11,Chase Atlantic,Right Here,235000,rnb
2024-05-10 23:57,Chase Atlantic,Numb to the Feeling,19270,rnb
2024-05-10 23:57,Artemas,i like the way you kiss me,10081,pop
2024-05-10 23:57,Cigarettes After Sex,Truly,244110,dream pop
2024-05-11 00:02,Doja Cat,Agora Hills,265360,pop
2024-05-11 00:09,Taylor Swift,Labyrinth,247962,country
2024-05-11 00:12,Lana Del Rey,Diet Mountain Dew,222920,female vocalists
2024-05-11 00:14,Sasha Alex Sloan,Dancing With Your Ghost,15893,indie pop
2024-05-11 00:19,Lana Del Rey,Cinnamon Girl,300683,female vocalists
2024-05-11 00:22,Olivia Rodrigo,"jealousy, jealousy",173160,pop
2024-05-11 00:24,beabadoobee,Glue Song,135066,bedroom pop
2024-05-11 00:28,Taylor Swift,All Of The Girls You Loved Before,221407,country
2024-05-11 00:33,Jung Kook,Still With You,239905,k-pop
2024-05-11 00:34,Clairo,Sofia,26418,bedroom pop
2024-05-11 00:39,7!!,オレンジ,350106,gangster rap
2024-05-11 00:47,Taylor Swift,illicit affairs,74280,country
2024-05-11 00:52,Djo,End of Beginning,11490,psychedelic pop
2024-05-11 00:52,Hozier,Too Sweet,251424,blues
2024-05-11 00:54,Arctic Monkeys,Why'd You Only Call Me When You're High?,161123,indie
2024-05-11 00:58,The Neighbourhood,Sweater Weather,240400,indie
2024-05-11 01:02,Cigarettes After Sex,Sunsetz,215150,dream pop
2024-05-11 01:06,The Neighbourhood,Baby Came Home,226880,indie
2024-05-11 01:10,Chase Atlantic,Moonlight,252000,rnb
2024-05-11 01:18,Cigarettes After Sex,Opera House,365150,dream pop
2024-05-11 01:29,Arctic Monkeys,Baby I'm Yours,152613,indie
2024-05-11 01:34,Arctic Monkeys,I Wanna Be Yours,183956,indie
2024-05-11 01:40,Cigarettes After Sex,K.,320030,dream pop
2024-05-11 01:48,Cigarettes After Sex,Apocalypse,290616,dream pop
2024-05-13 18:38,Beach Weather,"Sex, Drugs, Etc.",196650,indie
2024-05-13 18:42,Arctic Monkeys,Stop The World I Wanna Get Off With You,191040,indie
2024-05-13 18:47,Chase Atlantic,HER,169720,rnb
2024-05-13 18:51,The Neighbourhood,The Beach,255133,indie
2024-05-13 19:04,Chase Atlantic,Slow Down,212093,rnb
2024-05-13 19:08,Chase Atlantic,Swim,228786,rnb
2024-05-13 19:12,Chase Atlantic,Meddle About,203886,rnb
2024-05-13 19:16,Chase Atlantic,HEAVEN AND BACK,248240,rnb
2024-05-13 19:23,The Neighbourhood,Alleyways,267853,indie
2024-05-13 19:26,Chase Atlantic,MAMACITA,202931,rnb
2024-05-13 19:29,James Arthur,Train Wreck,154392,soft pop
2024-05-13 19:34,The Neighbourhood,Daddy Issues,260173,indie
2024-05-13 20:07,The Neighbourhood,Reflections,244013,indie
2024-05-13 20:14,Chase Atlantic,ESCORT,218823,rnb
2024-05-13 20:19,Cigarettes After Sex,Truly,244110,dream pop
2024-05-13 21:26,The Neighbourhood,Leaving Tonight,146178,indie
2024-05-13 21:27,The Neighbourhood,Leaving Tonight,57692,indie
2024-05-13 21:33,Arctic Monkeys,Cornerstone,197973,indie
2024-05-13 23:38,Cigarettes After Sex,John Wayne,180710,dream pop
2024-05-13 23:40,Cigarettes After Sex,John Wayne,77773,dream pop
2024-05-13 23:45,The Neighbourhood,Cry Baby,235160,indie
2024-05-13 23:52,The Neighbourhood,Fallen Star,224938,indie
2024-05-13 23:54,Arctic Monkeys,505,20957,indie
2024-05-13 23:54,The Neighbourhood,Reflections,6260,indie
2024-05-13 23:58,Laufey,Fragile,241080,jazz
2024-05-14 00:02,Ellie Goulding,My Blood,234184,female vocalists
2024-05-14 00:06,Doja Cat,Agora Hills,265360,pop
2024-05-14 00:10,Olivia Rodrigo,"All I Want - From ""High School Musical: The Musical: The Series""",177322,pop
2024-05-14 00:13,Melanie Martinez,Play Date,179867,pop
2024-05-14 00:22,Selena Gomez,Fetish (feat. Gucci Mane),186112,pop
2024-05-14 00:23,Olivia Rodrigo,deja vu,4040,pop
2024-05-14 00:27,Taylor Swift,cardigan,239560,country
2024-05-14 00:30,SZA,Saturn,186191,rnb
2024-05-14 00:34,Taylor Swift,I Knew You Were Trouble (Taylor's Version),4591,country
2024-05-14 00:34,Laufey,Valentine,168906,jazz
2024-05-14 00:37,Sabrina Carpenter,Looking at Me,181120,pop
2024-05-14 00:50,Olivia Rodrigo,Can’t Catch Me Now - from The Hunger Games: The Ballad of Songbirds & Snakes,205483,pop
2024-05-14 01:00,Melanie Martinez,Dollhouse,8074,pop
2024-05-14 01:00,Olivia Rodrigo,"jealousy, jealousy",1200,pop
2024-05-14 01:00,Sabrina Carpenter,Espresso,175459,pop
2024-05-14 01:00,Kali Uchis,Moonlight,3500,rnb
2024-05-14 01:00,Charlie Puth,We Don't Talk Anymore (feat. Selena Gomez),1500,soft pop
2024-05-14 01:04,Taylor Swift,The Way I Loved You (Taylor’s Version),243136,country
2024-05-14 17:37,Taylor Swift,Don’t Blame Me,55554,country
2024-05-14 17:41,Taylor Swift,Don’t Blame Me,180860,country
2024-05-14 17:44,SZA,Saturn,186191,rnb
2024-05-14 17:46,Ariana Grande,intro (end of the world),92400,pop
2024-05-14 17:51,Doja Cat,Agora Hills,265360,pop
2024-05-14 17:58,Lana Del Rey,Diet Mountain Dew,222920,female vocalists
2024-05-14 18:08,Taylor Swift,Anti-Hero,200690,country
2024-05-14 18:12,Lana Del Rey,Radio,214573,female vocalists
2024-05-14 18:20,Taylor Swift,Midnight Rain,174782,country
2024-05-14 18:27,Lana Del Rey,Chemtrails Over The Country Club,271176,female vocalists
2024-05-14 18:29,James Arthur,Car's Outside,2040,soft pop
2024-05-14 18:29,Conan Gray,Heather,7930,seen live
2024-05-14 18:29,Olivia Rodrigo,"All I Want - From ""High School Musical: The Musical: The Series""",17888,pop
2024-05-14 18:32,Doja Cat,Kiss Me More (feat. SZA),208666,pop
2024-05-14 18:36,Taylor Swift,Love Story,235266,country
2024-05-14 18:39,Olivia Rodrigo,happier,175933,pop
2024-05-14 18:46,Taylor Swift,Back To December,293026,country
2024-05-14 18:51,Taylor Swift,Fearless (Taylor’s Version),241591,country
2024-05-14 18:53,SZA,Kill Bill,153946,rnb
2024-05-14 19:00,Lana Del Rey,Million Dollar Man,230120,female vocalists
2024-05-14 19:04,Jung Kook,Still With You,239905,k-pop
2024-05-14 19:05,Arctic Monkeys,I Wanna Be Yours,62118,indie
2024-05-14 19:09,Taylor Swift,Style,231000,country
2024-05-14 19:12,Doechii,What It Is (Solo Version),189824,rap
2024-05-14 19:17,Lana Del Rey,West Coast,256760,female vocalists
2024-05-14 19:23,Aimer,Sailing,335973,anime
2024-05-14 19:28,Joji,Glimpse of Us,233456,Lo-Fi
2024-05-14 23:34,beabadoobee,A Night To Remember,233388,bedroom pop
2024-05-14 23:35,Taylor Swift,We Are Never Ever Getting Back Together,9625,country
2024-05-14 23:39,Taylor Swift,I Knew You Were Trouble (Taylor's Version),219760,country
2024-05-14 23:42,Conan Gray,Memories,3540,seen live
2024-05-14 23:42,Olivia Rodrigo,vampire,164940,pop
2024-05-14 23:42,Coyote Theory,This Side of Paradise,1570,indie
2024-05-14 23:46,Arctic Monkeys,Cornerstone,197973,indie
2024-05-14 23:51,Cigarettes After Sex,Apocalypse,290616,dream pop
2024-05-14 23:55,Cigarettes After Sex,Starry Eyes,206000,dream pop
2024-05-14 23:59,Chase Atlantic,ESCORT,218823,rnb
2024-05-15 00:04,The Neighbourhood,W.D.Y.W.F.M?,259413,indie
2024-05-15 00:07,Chase Atlantic,Numb to the Feeling,227586,rnb
2024-05-15 00:12,The Neighbourhood,Nervous,245000,indie
2024-05-15 00:17,The Neighbourhood,Scary Love,222666,indie
2024-05-15 00:21,Arctic Monkeys,Do I Wanna Know?,272394,indie
2024-05-15 00:25,Beach Weather,"Sex, Drugs, Etc.",196784,indie
2024-05-15 00:30,Chase Atlantic,Paradise,256453,rnb
2024-05-15 00:31,David Kushner,Daylight,25145,indie
2024-05-15 00:34,Imaginary Poet,Valse Of The Dry Leaves,141897,Classical
2024-05-15 00:35,Ophelia Wilde,turning page,110400,Classical
2024-05-15 00:38,Yannick Lowack,The Overthinker,161543,
2024-05-15 00:41,Brackwhit,All Water Under the Bridge Now,126683,
2024-05-15 00:43,Johann Beethoven,Truman Sleeps,121899,
2024-05-15 00:48,Floris Boere,Unsolved Mysteries,201809,contemporary classical
2024-05-15 00:51,Dennis Korn,Un Journée au Louvre,110500,chillout
2024-05-15 00:53,Imaginary Poet,November,114258,Classical
2024-05-15 01:00,Imaginary Poet,Script Of Time,166866,Classical
2024-05-15 01:03,Ophelia Wilde,i couldn't help but fall in love,103253,Classical
2024-05-15 01:05,Ophelia Wilde,marriage,97964,Classical
2024-05-15 01:08,Yanson,Pour mes Frères,133956,
2024-05-15 01:10,Ophelia Wilde,moonlight waltz,118967,Classical
2024-05-15 01:13,Felix Mendelssohn,"Lieder Ohne Worte, Op.30: 6. Venetianisches Gondellied",161459,chamber music
2024-05-15 01:21,Marius Nitzbon,Curriculum,150569,ambient
2024-05-15 01:23,Kjell Sønksen,The Dark Chapter,173500,Classical
2024-05-15 01:25,Louis Mercier,The Nightingale's Lament,93901,
2024-05-15 18:34,Klangmaler,Compassion,19018,
2024-05-15 18:38,Taylor Swift,Safe & Sound - from The Hunger Games Soundtrack,240066,country
2024-05-15 18:42,Taylor Swift,We Are Never Ever Getting Back Together,150077,country
2024-05-15 18:44,Dan Redfeld & Elizabeth Hedman,Twilight: Bella's Lullaby,140984,
2024-05-15 18:47,Niklas Blumenthaler,Oxford Whispers,153950,
2024-05-15 18:48,Franz Liszt,"Consolation, S. 172: No. 1 Andante Con Moto",105933,classical piano
2024-05-15 18:52,Imaginary Poet,Meditation,190803,Classical
2024-05-15 18:54,Javi Lobe,Love Poem,132208,spanish
2024-05-15 18:57,Imaginary Poet,My Diaries,142191,Classical
2024-05-15 18:58,Dennis Korn,The Castle of the Nymphs,99000,chillout
2024-05-15 19:02,Kjell Sønksen,The Dark Chapter,173500,Classical
2024-05-15 19:12,Daniel Paterok,Melancholia,106457,neoclassical
2024-05-15 19:16,Taylor Swift,Karma,204852,country
2024-05-15 19:21,YOASOBI,夜に駆ける,261013,j-pop
2024-05-15 19:25,Ikimonogakari,熱情のスペクトラム,223613,anime
2024-05-15 19:29,YOASOBI,怪物,206000,j-pop
2024-05-15 19:32,Yuko Ando,Shogeki,181594,anime
2024-05-15 19:42,Cö shu Nie,give it back,212476,anime
2024-05-15 19:46,BURNOUT SYNDROMES,ヒカリアレ,59329,anime
2024-05-15 19:51,Akari Kito,Tiny Light,290813,anime
2024-05-15 19:54,ギヴン,冬のはなし,208906,anime
2024-05-15 19:56,SiM,The Rumbling (TV Size),90265,classical
2024-05-15 20:01,UVERworld,Touch off,258706,anime
2024-05-15 20:05,Masayuki Suzuki,ラブ・ドラマティック (Funky Flag Version),262946,anime
2024-05-15 20:10,Masatoshi Ono,departure!,257520,anime
2024-05-15 20:18,福原 遥,風に吹かれて,164279,anime
2024-05-15 23:19,福原 遥,風に吹かれて,25780,anime
2024-05-15 23:23,Hozier,Too Sweet,251424,blues
2024-05-15 23:27,Djo,End of Beginning,116199,psychedelic pop
2024-05-15 23:27,Cigarettes After Sex,Opera House,11810,dream pop
2024-05-15 23:30,EXID,Up & Down,189882,k-pop
2024-05-15 23:33,Heize,내 맘을 볼 수 있나요,109447,k-ballad
2024-05-15 23:37,Cults,Always Forever,223746,indie pop
2024-05-15 23:41,Chase Atlantic,Meddle About,203886,rnb
2024-05-15 23:45,Cigarettes After Sex,Pure,254626,dream pop
2024-05-16 00:32,Chase Atlantic,Consume (feat. Goon Des Garcons),267920,rnb
2024-05-16 00:36,The Neighbourhood,Baby Came Home,226880,indie
2024-05-16 00:40,Chase Atlantic,Okay,212306,rnb
2024-05-16 00:44,Chase Atlantic,Paradise,256453,rnb
2024-05-16 00:49,Chase Atlantic,Church,220000,rnb
2024-05-16 01:01,Arctic Monkeys,I Wanna Be Yours,183956,indie
2024-05-16 01:06,The Neighbourhood,The Beach,255133,indie
2024-05-17 18:20,James Arthur,Car's Outside,40079,soft pop
2024-05-17 18:23,James Arthur,Car's Outside,208298,soft pop
2024-05-17 18:29,Chase Atlantic,Tidal Wave,243670,rnb
2024-05-17 18:31,The Neighbourhood,Flawless,173282,indie
2024-05-17 18:31,Joji,Glimpse of Us,2820,Lo-Fi
2024-05-17 18:37,Gwen Stefani,Luxurious,264920,pop
2024-05-17 18:41,Lana Del Rey,Young And Beautiful,236053,female vocalists
2024-05-17 18:46,Lana Del Rey,Say Yes To Heaven,209156,female vocalists
2024-05-17 18:49,Taylor Swift,I Knew You Were Trouble (Taylor's Version),219760,country
2024-05-17 18:58,Taylor Swift,Midnight Rain,174782,country
2024-05-17 19:02,Taylor Swift,The Archer,211240,country
2024-05-17 19:06,Taylor Swift,London Boy,190240,country
2024-05-17 19:09,Charlie Puth,One Call Away,194453,soft pop
2024-05-17 19:21,Selena Gomez,Fetish (feat. Gucci Mane),1660,pop
2024-05-17 19:21,beabadoobee,Take A Bite,32271,bedroom pop
2024-05-17 19:24,Taylor Swift,All Of The Girls You Loved Before,221407,country
2024-05-17 19:29,Taylor Swift,Labyrinth,247962,country
2024-05-17 19:34,Lana Del Rey,Chemtrails Over The Country Club,271176,female vocalists
2024-05-17 19:40,Aimer,Sailing,335973,anime
2024-05-17 19:45,beabadoobee,A Night To Remember,233388,bedroom pop
2024-05-17 19:48,SZA,Saturn,186191,rnb
2024-05-17 19:53,Ruth B.,Dandelions,233720,pop
2024-05-17 19:57,Taylor Swift,my tears ricochet,255893,country
2024-05-17 20:01,Mitski,I Bet on Losing Dogs,170240,seen live
2024-05-17 20:05,Lana Del Rey,Pretty When You Cry,234146,female vocalists
2024-05-17 20:19,Taylor Swift,Anti-Hero,36123,country
2024-05-17 20:19,Laufey,Promise,234266,jazz
2024-05-17 21:28,Taylor Swift,Anti-Hero,164575,country
2024-05-17 21:35,Taylor Swift,Bejeweled,194165,country
2024-05-17 21:41,Doechii,What It Is (Solo Version),41620,rap
2024-05-17 21:44,Johann Sebastian Bach,"Suite No. 3 In D Major, BWV 1068: 2. Air (Arr. For Piano)",143031,classical
2024-05-17 21:52,Yanson,Nocturne No. I,178091,
2024-05-17 21:53,Ophelia Wilde,mr darcy's proposal,92786,Classical
2024-05-17 21:56,Alstad,Breathing In,150775,instrumental
2024-05-17 21:58,Alstad,A Reflection of You,145309,instrumental
2024-05-17 22:01,Holly Jones,Twilight,113191,pop
2024-05-17 22:04,Dario Lessing,Abschied,174666,lo-fi
2024-05-17 22:15,Pieter Savenberg,No More,215922,piano
2024-05-17 22:17,Ophelia Wilde,Reflections,124502,Classical
2024-05-17 22:20,Louis Mercier,Breakfast With Chopin,126328,
2024-05-17 22:23,Johann Sebastian Bach,"Violin Concerto in A Minor, BWV 1041: I. Allegro moderato",218720,classical
2024-05-17 22:39,Kjell Sønksen,The Dark Chapter,173500,Classical
2024-05-17 22:41,Ophelia Wilde,i couldn't help but fall in love,103253,Classical
2024-05-17 22:43,Bon Coeur,Les murmures,152740,
2024-05-17 22:57,Chris Palmer,The Royal Portuguese Cabinet of Reading,157111,medieval
2024-05-17 23:02,Beach Weather,"Sex, Drugs, Etc.",196784,indie
2024-05-17 23:06,The Neighbourhood,Reflections,244013,indie
2024-05-17 23:15,Arctic Monkeys,Knee Socks,257563,indie
2024-05-17 23:19,Arctic Monkeys,Why'd You Only Call Me When You're High?,161123,indie
2024-05-17 23:28,Chase Atlantic,ESCORT,218823,rnb
2024-05-17 23:39,Chase Atlantic,LUST,204106,rnb
2024-05-17 23:47,Arctic Monkeys,She's Thunderstorms,234920,indie
2024-05-17 23:51,The Neighbourhood,Alleyways,267853,indie
2024-05-17 23:56,Chase Atlantic,Moonlight,252000,rnb
2024-05-18 00:17,Arctic Monkeys,505,253586,indie
2024-05-18 00:59,The Neighbourhood,Sweater Weather,240400,indie
2024-05-21 17:46,Chase Atlantic,Consume (feat. Goon Des Garcons),183697,rnb
2024-05-21 17:47,Chase Atlantic,Consume (feat. Goon Des Garcons),84230,rnb
2024-05-21 17:52,Chase Atlantic,LIKE A ROCKSTAR,208111,rnb
2024-05-21 17:56,Chase Atlantic,Paradise,221983,rnb
2024-05-21 17:59,Lana Del Rey,Art Deco,219230,female vocalists
2024-05-21 18:03,Yannick Lowack,La Valse Tragique,176410,
2024-05-21 18:05,Joshua Kyan Aalampour,Return to Versailles,104319,Classical
2024-05-21 18:08,Jonas Kolberg,Late Night Train,144727,
2024-05-21 18:10,Imaginary Poet,Snow Flakes,142857,Classical
2024-05-21 18:14,Frédéric Chopin,"Nocturne No. 21 C Minor, Op. posth: No. 21",236620,classical piano
2024-05-21 18:17,Ophelia Wilde,turning page,110400,Classical
2024-05-21 18:19,Johannes Brahms,"16 Waltzes No. 15 In A Major, Op. 39: No. 15",106120,classical
2024-05-21 18:21,Brackwhit,All Water Under the Bridge Now,126683,
2024-05-21 18:24,Robert Schumann,"Kinderszenen, Op. 15: No. 7, Träumerei",174954,classical piano
2024-05-21 18:26,Louis Mercier,Midnight in Montmartre,96416,
2024-05-21 18:28,Melissa Galosi,Shadow Dust,155600,piano
2024-05-21 18:31,Ophelia Wilde,the cottage,104968,Classical
2024-05-21 18:33,Louis Mercier,Midnight in Montmartre,96416,
2024-05-21 18:46,Javier Escudero,Infinite Night,144916,
2024-05-21 19:08,Ophelia Wilde,hopeless romance,106452,Classical
2024-05-21 19:18,Laufey,From The Start,169573,jazz
2024-05-21 19:20,Ariana Grande,intro (end of the world),92400,pop
2024-05-21 19:24,yama,Oz.,194273,Stoner Rock
2024-05-21 19:27,The Walters,I Love You So,160239,indie rock
2024-05-21 19:31,Taylor Swift,Don’t Blame Me,236413,country
2024-05-21 19:35,Taylor Swift,my tears ricochet,255893,country
2024-05-21 23:53,Taylor Swift,The Man,2510,country
2024-05-21 23:53,Taylor Swift,The Man,4926,country
2024-05-21 23:57,Chase Atlantic,Friends,230010,rnb
2024-05-22 00:06,The Neighbourhood,Baby Came Home,226880,indie
2024-05-22 00:10,Cults,Always Forever,223746,indie pop
2024-05-22 00:14,The Neighbourhood,Void,203666,indie
2024-05-22 00:19,The Neighbourhood,W.D.Y.W.F.M?,259413,indie
2024-05-22 00:24,Arctic Monkeys,She's Thunderstorms,234920,indie
2024-05-22 00:29,Cigarettes After Sex,Sweet,292110,dream pop
2024-05-22 00:32,Beach Weather,"Sex, Drugs, Etc.",196784,indie
2024-05-22 00:41,The Neighbourhood,Afraid,251186,indie
2024-05-22 00:51,Cigarettes After Sex,Sunsetz,215150,dream pop
2024-05-22 00:55,Cigarettes After Sex,Opera House,232246,dream pop
2024-05-22 00:59,Cigarettes After Sex,Each Time You Fall in Love,236620,dream pop
2024-05-22 01:05,Arctic Monkeys,Do I Wanna Know?,272394,indie
2024-05-22 01:33,The Neighbourhood,Baby Came Home 2 / Valentines,390493,indie
2024-05-22 18:32,Chase Atlantic,Swim,228786,rnb
2024-05-22 18:34,Arctic Monkeys,Stop The World I Wanna Get Off With You,112053,indie
2024-05-22 18:36,Claude Debussy,"Children's Corner, L. 113: V. The Little Sheperd",134116,classical piano
2024-05-22 18:40,Dennis Korn,Serenade,143336,chillout
2024-05-22 18:42,Yanson,Pour mes Frères,133956,
2024-05-22 18:45,Michele Nobler,Dreaming With Rachmaninov,188987,classical piano
2024-05-22 18:50,Andrea Vanzo,Sunlight,201593,composer
2024-05-22 18:51,Frédéric Chopin,"Mazurkas, Op. 6: No. 4 In E-Flat Minor",79651,classical piano
2024-05-22 18:57,Ludwig van Beethoven,"Piano Sonata No. 14 In C-Sharp Minor, Op. 27: No. 2 Moonlight: I. Adagio Sostenuto",354214,classical
2024-05-22 19:01,Yan Springett,First Flight,157812,Classical
2024-05-22 19:02,Dennis Korn,The Castle of the Nymphs,99000,chillout
2024-05-22 19:04,Jonas Hain,Au Vent,109434,instrumental
2024-05-22 19:08,Imaginary Poet,Old Letter,151205,Classical
2024-05-22 19:11,Johannes Wasikowski,Dusty Covers,199880,
2024-05-22 19:13,Henri Bentley,From Where You Stood,146500,
2024-05-22 19:17,Dennis Korn,A foggy Morning,127250,chillout
2024-05-22 19:19,Arctic Monkeys,I Wanna Be Yours,130,indie
2024-05-22 19:19,Arctic Monkeys,I Wanna Be Yours,2250,indie
2024-05-22 19:19,Imaginary Poet,Inspiration,121859,Classical
2024-05-22 19:22,Billie Eilish,"What Was I Made For? [From The Motion Picture ""Barbie""]",222369,pop
2024-05-22 19:25,Olivia Rodrigo,happier,175933,pop
2024-05-22 19:30,Taylor Swift,The Man,190360,country
2024-05-22 19:34,Melanie Martinez,Dollhouse,231853,pop
2024-05-22 19:51,Taylor Swift,The Way I Loved You (Taylor’s Version),243136,country
2024-05-22 19:54,The Walters,I Love You So,160239,indie rock
2024-05-22 19:58,Ruth B.,Dandelions,233720,pop
2024-05-22 20:03,Laufey,Promise,234266,jazz
2024-05-22 20:08,Gwen Stefani,Luxurious,264920,pop
2024-05-22 20:13,Taylor Swift,august,261922,country
2024-05-22 20:16,SZA,Snooze,201800,rnb
2024-05-22 20:20,Ellie Goulding,My Blood,234184,female vocalists
2024-05-22 20:25,Lana Del Rey,Diet Mountain Dew,222920,female vocalists
2024-05-22 20:29,Taylor Swift,Wildest Dreams,220440,country
2024-05-22 21:25,Aimer,Sailing,55320,anime
2024-05-22 22:24,Arctic Monkeys,505,253586,indie
2024-05-22 22:28,The Neighbourhood,Afraid,251186,indie
2024-05-22 23:15,The Neighbourhood,Scary Love,222666,indie
2024-05-22 23:30,Chase Atlantic,Drugs & Money - New Mix,239921,rnb
2024-05-22 23:38,Chase Atlantic,EMPTY,230266,rnb
2024-05-23 00:03,The Neighbourhood,Nervous,245000,indie
2024-05-23 00:20,Arctic Monkeys,Knee Socks,257563,indie
2024-05-23 00:23,Chase Atlantic,Meddle About,203886,rnb
2024-05-23 00:30,Chase Atlantic,Friends,230010,rnb
2024-05-23 00:34,d4vd,Here With Me,242484,rnb
2024-05-23 00:46,Cigarettes After Sex,You're the Only Good Thing In My Life,275186,dream pop
2024-05-23 00:54,The Neighbourhood,W.D.Y.W.F.M?,78807,indie
2024-05-24 18:32,The Neighbourhood,W.D.Y.W.F.M?,180852,indie
2024-05-24 18:34,Chase Atlantic,The Walls,48360,rnb
2024-05-24 18:36,Claude Debussy,"Page D'album, L. 133: Pièce Pour Le Vêtement Du Blessé",117973,classical piano
2024-05-24 18:38,Ophelia Wilde,café conversations,105524,Classical
2024-05-24 18:40,Imaginary Poet,Calm Ocean,140897,Classical
2024-05-24 18:42,Javier Escudero,Twelve Moons,136124,
2024-05-24 18:57,Erik Satie,Gnossienne No.1,309149,classical piano
2024-05-24 19:14,Chase Atlantic,LUST,204106,rnb
2024-05-24 19:19,Chase Atlantic,Drugs & Money - New Mix,239921,rnb
2024-05-24 19:23,Chase Atlantic,Tidal Wave,243670,rnb
2024-05-24 19:26,d4vd,Romantic Homicide,132630,rnb
2024-05-24 19:32,Cigarettes After Sex,Stop Waiting,362973,dream pop
2024-05-24 19:41,Chase Atlantic,HER,169720,rnb
2024-05-24 20:04,Cigarettes After Sex,Cry,256800,dream pop
2024-05-24 20:10,Cigarettes After Sex,Sweet,292110,dream pop
2024-05-24 20:17,The Neighbourhood,Void,203666,indie
2024-05-24 20:21,Lights,We Were Here - Chase Atlantic Remix,122820,pop
2024-05-24 20:25,The Weeknd,"One Of The Girls (with JENNIE, Lily Rose Depp)",244684,rnb
2024-05-24 22:20,Chase Atlantic,EMPTY,230266,rnb
2024-05-24 22:22,Cigarettes After Sex,Heavenly,70364,dream pop
2024-05-24 22:23,James Arthur,Car's Outside,47880,soft pop
2024-05-24 22:26,FIFTY FIFTY,Cupid - Twin Ver.,173461,k-pop
2024-05-24 22:33,Eminem,Without Me,290320,rap
2024-05-24 22:38,Selena Gomez & The Scene,Love You Like A Love Song,188453,pop
2024-05-24 22:40,Harry Styles,As It Was,1230,pop
2024-05-24 22:40,Ben Platt,If I Could Tell Her,1650,musicals
2024-05-24 22:40,Coyote Theory,This Side of Paradise,950,indie
2024-05-24 22:40,Olivia O'Brien,Complicated,82043,pop
2024-05-24 22:44,Christina Aguilera,Genie In a Bottle,217573,pop
2024-05-24 22:44,The Neighbourhood,Afraid,7016,indie
2024-05-24 22:48,Ariana Grande,Stuck with U (with Justin Bieber),228482,pop
2024-05-24 22:49,Lana Del Rey,West Coast,27044,female vocalists
2024-05-24 22:58,Backstreet Boys,Everybody (Backstreet's Back) - Radio Edit,141720,pop
2024-05-24 22:58,Taylor Swift,Love Story,1310,country
2024-05-24 22:58,Jung Seung Hwan,Day & Night,13250,k-ballad
2024-05-24 22:58,Dan + Shay,"10,000 Hours (with Justin Bieber)",1580,country
2024-05-24 22:58,Everybody Loves an Outlaw,I See Red,1160,Soundtrack
2024-05-24 22:58,New West,Those Eyes,1290,seen live
2024-05-24 23:02,Justin Bieber,Maria,248293,pop
2024-05-24 23:06,Britney Spears,Toxic,198800,pop
2024-05-24 23:06,David Kushner,Daylight,2210,indie
2024-05-24 23:06,Justin Bieber,Yummy,19641,pop
2024-05-24 23:06,Arctic Monkeys,Why'd You Only Call Me When You're High?,1280,indie
2024-05-24 23:36,Emily Mei,Monster Under The Bed,230810,booba
2024-05-25 01:14,Doja Cat,Agora Hills,119742,pop
2024-05-27 18:35,Doja Cat,Agora Hills,145876,pop
2024-05-27 18:47,The Weeknd,I Feel It Coming,138714,rnb
2024-05-27 18:50,Charlie Puth,We Don't Talk Anymore (feat. Selena Gomez),174490,soft pop
2024-05-27 18:54,Frédéric Chopin,"Waltz No. 7 In C-Sharp Minor, Op. 64: No. 2",227191,classical piano
2024-05-27 19:16,Javier Escudero,Autumn Awakening,119250,
2024-05-27 19:19,Chris Palmer,The Librarian's Secret,141848,medieval
2024-05-27 19:21,Dan Redfeld & Elizabeth Hedman,Twilight: Bella's Lullaby,140984,
2024-05-27 19:23,Johann Sebastian Bach,"The Well-Tempered Clavier Book 1, BWV 846: 1. Prelude",703,classical
2024-05-27 19:29,Gwen Stefani,Luxurious,264920,pop
2024-05-27 19:48,Taylor Swift,Anti-Hero,200690,country
2024-05-27 19:52,Lana Del Rey,Young And Beautiful,79706,female vocalists
2024-05-27 19:58,Sabrina Carpenter,Espresso,175459,pop
2024-05-27 19:58,Taylor Swift,Blank Space,19370,country
2024-05-27 20:01,beabadoobee,Glue Song,135066,bedroom pop
2024-05-27 20:06,Lana Del Rey,Ultraviolence,251480,female vocalists
2024-05-27 20:09,Taylor Swift,illicit affairs,190898,country
2024-05-27 21:23,Taylor Swift,Lover,221306,country
2024-05-27 21:31,Ariana Grande,we can't be friends (wait for your love),228639,pop
2024-05-27 21:32,Taylor Swift,All Of The Girls You Loved Before,26883,country
2024-05-27 21:35,Imaginary Poet,Longing,159736,Classical
2024-05-27 21:37,Lysander,Quiet Moments,104827,instrumental
2024-05-27 21:40,Yan Springett,Hope,166147,Classical
2024-05-27 21:42,Jonas Hain,Seul mais avec toi,72000,instrumental
2024-05-27 21:44,Bobby Celesti,Above The Clouds,125196,lullaby
2024-05-27 21:46,Kristoffer Wallin,Silence,141981,neoclassical
2024-05-27 21:47,Antonín Dvořák,"Minuet, Op.28/1",65250,classical
2024-05-27 21:48,Dennis Korn,The Red Dress,21169,chillout
2024-05-27 22:15,Laufey,Fragile,241080,jazz
2024-05-27 22:17,The Walters,I Love You So,160239,indie rock
2024-05-27 22:20,SZA,Kill Bill,153946,rnb
2024-05-27 22:24,Taylor Swift,London Boy,190240,country
2024-05-27 22:26,Taylor Swift,Anti-Hero,10226,country
2024-05-27 22:27,Billie Eilish,"What Was I Made For? [From The Motion Picture ""Barbie""]",7700,pop
2024-05-27 22:27,Lana Del Rey,Young And Beautiful,6560,female vocalists
2024-05-27 22:38,Olivia Rodrigo,traitor,229226,pop
2024-05-27 22:41,Olivia Rodrigo,happier,175933,pop
2024-05-27 23:14,Selena Gomez,Back To You - From 13 Reasons Why – Season 2 Soundtrack,207904,pop
2024-05-28 09:16,Lana Del Rey,Ultraviolence,61959,female vocalists
2024-05-28 17:39,Lana Del Rey,Ultraviolence,189779,female vocalists
2024-05-28 17:46,Lana Del Rey,Brooklyn Baby,351640,female vocalists
2024-05-28 17:49,Laufey,Valentine,168906,jazz
2024-05-28 17:54,ZAYN,I Don’t Wanna Live Forever (Fifty Shades Darker),247160,pop
2024-05-28 18:11,Jung Kook,Still With You,239905,k-pop
2024-05-28 18:18,Taylor Swift,Lover,221306,country
2024-05-28 18:21,Doechii,What It Is (Solo Version),189824,rap
2024-05-28 18:51,Taylor Swift,Back To December,293026,country
2024-05-28 18:57,Olivia Rodrigo,"All I Want - From ""High School Musical: The Musical: The Series""",36250,pop
2024-05-28 19:07,Lana Del Rey,Diet Mountain Dew,74910,female vocalists
2024-05-28 19:12,Harry Styles,Watermelon Sugar,28436,pop
2024-05-28 19:18,Eminem,Venom - Music From The Motion Picture,269573,rap
2024-05-28 23:34,Taylor Swift,Lover,19206,country
2024-05-28 23:38,The Neighbourhood,Sweater Weather,240400,indie
2024-05-28 23:41,Cigarettes After Sex,Stop Waiting,147771,dream pop
2024-05-28 23:45,Taylor Swift,cardigan,239560,country
2024-05-28 23:47,Sabrina Carpenter,Looking at Me,70627,pop
2024-05-28 23:50,beabadoobee,the perfect pair,177533,bedroom pop
2024-05-28 23:53,Sabrina Carpenter,Espresso,175459,pop
2024-05-28 23:57,Charlie Puth,We Don't Talk Anymore (feat. Selena Gomez),217706,soft pop
2024-05-29 00:00,Olivia Rodrigo,"All I Want - From ""High School Musical: The Musical: The Series""",177322,pop
2024-05-29 00:05,Laufey,Fragile,241080,jazz
2024-05-29 00:09,Taylor Swift,Don’t Blame Me,236413,country
2024-05-29 00:13,Olivia Rodrigo,happier,175933,pop
2024-05-29 00:17,Ariana Grande,we can't be friends (wait for your love),228639,pop
2024-05-29 00:21,Billie Eilish,"What Was I Made For? [From The Motion Picture ""Barbie""]",222369,pop
2024-05-29 00:25,Ellie Goulding,My Blood,234184,female vocalists
2024-05-29 00:30,Taylor Swift,All Of The Girls You Loved Before,221407,country
2024-05-29 00:33,Melanie Martinez,Dollhouse,231853,pop
2024-05-29 00:38,Taylor Swift,Cruel Summer,178426,country
2024-05-29 00:41,Taylor Swift,Style,231000,country
2024-05-29 00:45,Justin Bieber,Ghost,153190,pop
2024-05-29 00:48,beabadoobee,Glue Song,135066,bedroom pop
2024-05-29 00:51,Ruth B.,Dandelions,233720,pop
2024-05-29 00:56,Sasha Alex Sloan,Dancing With Your Ghost,197732,indie pop
2024-05-29 09:54,Taylor Swift,We Are Never Ever Getting Back Together,82737,country
2024-05-29 19:13,Carl Nielsen,"5 Klaverstykker, Op.3: No. 1",153473,orchestra
2024-05-29 19:16,Michel Haspeslagh,Inertia,113424,
2024-05-29 19:18,Gibran Alcocer,Idea 10,128000,Classical
2024-05-29 19:20,Lysander,Autumn in Versailles,124137,instrumental
2024-05-29 19:21,Raban,Solitude,22417,indie
2024-05-29 19:24,Cigarettes After Sex,Starry Eyes,206000,dream pop
2024-05-29 19:29,James Arthur,Car's Outside,248373,soft pop
2024-05-29 19:32,Cults,Always Forever,223746,indie pop
2024-05-29 19:37,Chase Atlantic,Meddle About,203886,rnb
2024-05-29 19:42,Arctic Monkeys,Baby I'm Yours,152613,indie
2024-05-29 19:58,Cigarettes After Sex,You're the Only Good Thing In My Life,275186,dream pop
2024-05-29 20:03,The Neighbourhood,Daddy Issues,260173,indie
2024-05-29 20:12,The Neighbourhood,Compass,167960,indie
2024-05-29 20:18,Chase Atlantic,Tidal Wave,243670,rnb
2024-05-29 20:20,Eyedress,Romantic Lover,86739,electronic
2024-05-29 20:24,The Neighbourhood,Reflections,244013,indie
2024-05-29 20:28,The Neighbourhood,Cry Baby,235160,indie
2024-05-29 23:06,Chase Atlantic,Consume (feat. Goon Des Garcons),21587,rnb
2024-05-29 23:10,Chase Atlantic,Consume (feat. Goon Des Garcons),246346,rnb
2024-05-29 23:13,The Neighbourhood,Leaving Tonight,129270,indie
2024-05-29 23:19,Taylor Swift,Enchanted,352186,country
2024-05-29 23:23,Taylor Swift,The Archer,211240,country
2024-05-29 23:35,Laufey,Let You Break My Heart Again,269066,jazz
2024-05-29 23:36,Taylor Swift,I Knew You Were Trouble (Taylor's Version),36728,country
2024-05-29 23:39,beabadoobee,the way things go,187800,bedroom pop
2024-05-29 23:42,Laufey,Valentine,168906,jazz
2024-05-29 23:46,Doechii,What It Is (Solo Version),189824,rap
2024-05-29 23:51,Taylor Swift,You Belong With Me,15846,country
2024-05-29 23:51,Lana Del Rey,Cinnamon Girl,300683,female vocalists
2024-05-29 23:52,Taylor Swift,Karma,1510,country
2024-05-29 23:52,Olivia Rodrigo,traitor,1510,pop
2024-05-29 23:52,Billie Eilish,LUNCH,8410,pop
2024-05-29 23:56,beabadoobee,A Night To Remember,233388,bedroom pop
2024-05-29 23:59,Lana Del Rey,Say Yes To Heaven,209156,female vocalists
2024-05-30 00:00,Lana Del Rey,Doin' Time,4430,female vocalists
2024-05-30 00:00,Taylor Swift,Gorgeous,2620,country
2024-05-30 00:00,Kali Uchis,Moonlight,2915,rnb
2024-05-30 00:03,Laufey,Falling Behind,173640,jazz
2024-05-30 00:08,Taylor Swift,Daylight,293453,country
2024-05-30 00:14,The Weeknd,"One Of The Girls (with JENNIE, Lily Rose Depp)",244684,rnb
2024-05-30 00:17,Ariana Grande,we can't be friends (wait for your love),228639,pop
2024-05-30 00:21,yama,Oz.,194273,Stoner Rock
2024-05-30 00:24,Sabrina Carpenter,Espresso,175459,pop
2024-05-30 00:29,Olivia Rodrigo,deja vu,215506,pop
2024-05-30 00:33,Lana Del Rey,Ultraviolence,251480,female vocalists
2024-05-30 00:38,Taylor Swift,Speak Now,240760,country
2024-05-30 00:42,Lana Del Rey,Million Dollar Man,230120,female vocalists
2024-05-30 00:43,Selena Gomez,Fetish (feat. Gucci Mane),4565,pop
2024-05-30 00:46,Lana Del Rey,"Once Upon a Dream - From ""Maleficent"" / Pop Version",203080,female vocalists
2024-05-30 00:50,Wiz Khalifa,See You Again (feat. Charlie Puth),229525,rap
2024-05-30 00:53,Melanie Martinez,Dollhouse,15180,pop
2024-05-30 00:53,Melanie Martinez,Teacher's Pet,114824,pop
2024-05-30 00:57,Sixpence None The Richer,Kiss Me,208680,pop
2024-05-30 01:01,Taylor Swift,All Of The Girls You Loved Before,221407,country
2024-05-30 01:06,Joji,Glimpse of Us,139945,Lo-Fi
2024-05-31 18:49,Joji,Glimpse of Us,4510,Lo-Fi
2024-05-31 18:55,Arctic Monkeys,Do I Wanna Know?,272394,indie
2024-05-31 19:21,Chase Atlantic,Moonlight,252000,rnb
2024-05-31 19:25,The Neighbourhood,Alleyways,267853,indie
2024-05-31 19:29,Chase Atlantic,Okay,212306,rnb
2024-05-31 19:33,Chase Atlantic,Slow Down,212093,rnb
2024-05-31 19:41,Chase Atlantic,Consume (feat. Goon Des Garcons),267920,rnb
2024-05-31 19:53,Cigarettes After Sex,Falling In Love,143230,dream pop
2024-05-31 19:56,The Neighbourhood,Leaving Tonight,203866,indie
2024-05-31 20:01,The Neighbourhood,Daddy Issues,260173,indie
2024-05-31 20:04,Arctic Monkeys,I Wanna Be Yours,183956,indie
2024-05-31 20:07,James Arthur,Car's Outside,930,soft pop
2024-05-31 20:07,The Neighbourhood,W.D.Y.W.F.M?,1180,indie
2024-05-31 20:07,Cigarettes After Sex,John Wayne,143856,dream pop
2024-05-31 20:07,Arctic Monkeys,Why'd You Only Call Me When You're High?,920,indie
2024-05-31 20:07,The Neighbourhood,Baby Came Home,1000,indie
2024-05-31 20:07,Arctic Monkeys,Baby I'm Yours,1630,indie
2024-05-31 20:07,Cigarettes After Sex,You're the Only Good Thing In My Life,1190,dream pop
2024-05-31 20:07,The Neighbourhood,Female Robbery,1780,indie
2024-05-31 20:11,The Neighbourhood,Flawless,246493,indie
2024-05-31 20:19,Mitski,First Love/Late Spring,278640,seen live
2024-05-31 20:30,The Neighbourhood,Sadderdaze,245826,indie
2024-05-31 22:33,Taylor Swift,Cruel Summer,178426,country
2024-05-31 22:36,beabadoobee,the perfect pair,177533,bedroom pop
2024-05-31 22:44,Taylor Swift,Lover,221306,country
2024-05-31 22:45,Charlie Puth,One Call Away,3345,soft pop
2024-05-31 22:45,Olivia Rodrigo,"All I Want - From ""High School Musical: The Musical: The Series""",4570,pop
2024-05-31 22:49,Taylor Swift,Style,231000,country
2024-05-31 22:51,beabadoobee,Glue Song,135066,bedroom pop
2024-05-31 23:14,Laufey,Fragile,241080,jazz
2024-05-31 23:18,Taylor Swift,Speak Now,240760,country
2024-05-31 23:30,Aimer,Sailing,335973,anime
2024-05-31 23:35,Taylor Swift,Karma,204852,country
2024-05-31 23:39,Lana Del Rey,Dark Paradise,243187,female vocalists
2024-05-31 23:43,Taylor Swift,Blank Space,231826,country
2024-05-31 23:47,beabadoobee,A Night To Remember,233388,bedroom pop
2024-05-31 23:50,Lana Del Rey,Diet Mountain Dew,222920,female vocalists
2024-05-31 23:56,Keane,Somewhere Only We Know,62029,britpop
2024-06-01 16:52,Lana Del Rey,Cinnamon Girl,234750,female vocalists
2024-06-01 16:53,Lana Del Rey,Cinnamon Girl,65939,female vocalists
2024-06-01 16:56,yama,Oz.,194273,Stoner Rock
2024-06-01 16:59,The Walters,I Love You So,160239,indie rock
2024-06-01 17:03,Taylor Swift,Wildest Dreams,220440,country
2024-06-01 17:07,Jung Kook,Still With You,239905,k-pop
2024-06-01 17:12,Taylor Swift,All Too Well (Taylor's Version),329160,country
2024-06-01 17:16,Taylor Swift,cardigan,239560,country
2024-06-01 17:21,Lana Del Rey,Million Dollar Man,230120,female vocalists
2024-06-01 17:26,ZAYN,I Don’t Wanna Live Forever (Fifty Shades Darker),247160,pop
2024-06-01 17:28,SZA,Kill Bill,153946,rnb
2024-06-01 17:32,Conan Gray,Memories,248818,seen live
2024-06-02 00:08,Ruth B.,Dandelions,7120,pop
2024-06-02 00:08,Ruth B.,Dandelions,168603,pop
2024-06-02 00:12,Chase Atlantic,HEAVEN AND BACK,248240,rnb
2024-06-02 00:18,Chase Atlantic,Moonlight,252000,rnb
2024-06-02 00:21,Beach Weather,"Sex, Drugs, Etc.",196784,indie
2024-06-02 00:26,The Neighbourhood,Prey,282640,indie
2024-06-02 00:31,Chase Atlantic,Slow Down,212093,rnb
2024-06-02 00:34,Arctic Monkeys,Snap Out Of It,193030,indie
2024-06-03 18:33,Chase Atlantic,MAMACITA,39314,rnb
2024-06-03 18:35,Chase Atlantic,MAMACITA,142230,rnb
2024-06-03 18:38,Camille Saint-Saëns,"Le Carnaval des Animaux, R. 125: XIII. Le cygne",165244,classical
2024-06-03 18:41,Yan Springett,Wondrous,105593,Classical
2024-06-03 18:43,Frédéric Chopin,"Waltz In A Minor, B. 150",125379,classical piano
2024-06-03 18:45,Imaginary Poet,Valse Of The Dry Leaves,141897,Classical
2024-06-03 18:47,Andrea Vanzo,Autumn Intro,102448,composer
2024-06-03 18:50,Adrien de la Salle,Souvenir des Alpes,194000,canada
2024-06-03 18:54,Javier Escudero,Twelve Moons,136124,
2024-06-03 18:55,Chris Palmer,Duke Humfrey's Library,107990,medieval
2024-06-03 19:13,Oscar Pascasio,Prelude,106515,instrumental
2024-06-03 19:17,The Neighbourhood,Baby Came Home 2 / Valentines,218000,indie
2024-06-03 19:21,The Neighbourhood,Leaving Tonight,195010,indie
2024-06-03 19:21,Ellie Goulding,My Blood,2290,female vocalists
2024-06-03 19:24,Laufey,Valentine,168906,jazz
2024-06-03 19:25,Sabrina Carpenter,Feather,38582,pop
2024-06-03 19:28,Doja Cat,Kiss Me More (feat. SZA),208666,pop
2024-06-03 19:33,Gwen Stefani,Luxurious,264920,pop
2024-06-03 19:34,Sabrina Carpenter,Looking at Me,18556,pop
2024-06-03 19:37,Taylor Swift,London Boy,190240,country
2024-06-03 19:43,Justin Bieber,Ghost,1170,pop
2024-06-03 19:43,Billie Eilish,"What Was I Made For? [From The Motion Picture ""Barbie""]",95810,pop
2024-06-03 19:47,Ariana Grande,we can't be friends (wait for your love),228639,pop
2024-06-03 19:49,Lana Del Rey,Say Yes To Heaven,27473,female vocalists
2024-06-03 19:49,SZA,Saturn,3510,rnb
2024-06-03 19:53,Taylor Swift,Labyrinth,247962,country
2024-06-03 19:56,Sixpence None The Richer,Kiss Me,208680,pop
2024-06-03 20:01,Taylor Swift,Don’t Blame Me,236413,country
2024-06-03 20:05,Olivia Rodrigo,deja vu,215506,pop
2024-06-03 20:08,Taylor Swift,We Are Never Ever Getting Back Together,191880,country
2024-06-03 20:19,The 1975,About You,326490,indie
2024-06-03 21:35,beabadoobee,Glue Song,135066,bedroom pop
2024-06-03 21:54,Noah Cyrus,July,21629,pop
2024-06-03 21:59,Ruth B.,Dandelions,233720,pop
2024-06-03 22:04,Coyote Theory,This Side of Paradise,242010,indie
2024-06-03 22:13,HYBS,Tip Toe,224725,synthpop
2024-06-03 22:17,Taylor Swift,You Belong With Me,231133,country
2024-06-03 22:18,Joji,Glimpse of Us,25770,Lo-Fi
2024-06-03 22:18,Olivia Rodrigo,"All I Want - From ""High School Musical: The Musical: The Series""",8550,pop
2024-06-03 22:19,Laufey,Promise,69130,jazz
2024-06-03 22:21,Taylor Swift,Blank Space,112850,country
2024-06-03 22:24,Laufey,From The Start,169573,jazz
2024-06-03 22:25,Julia Michaels,What A Time (feat. Niall Horan),10539,pop
2024-06-03 22:25,Lana Del Rey,Dark Paradise,1230,female vocalists
2024-06-03 22:29,SZA,Snooze,15518,rnb
2024-06-03 22:29,Taylor Swift,Fearless (Taylor’s Version),241591,country
2024-06-03 22:34,Sam Smith,I'm Not The Only One,2500,soft pop
2024-06-03 22:34,Taylor Swift,Daylight,275950,country
2024-06-03 22:35,Kina,Get You The Moon (feat. Snøw),44591,hindi hip hop
2024-06-03 22:36,Lana Del Rey,Say Yes To Heaven,10360,female vocalists
2024-06-03 22:36,Vanessa Carlton,A Thousand Miles,4700,pop
2024-06-03 22:36,SZA,Saturn,790,rnb
2024-06-03 22:36,The Weeknd,Can't Feel My Face,3450,rnb
2024-06-03 22:36,Britney Spears,Criminal,620,pop
2024-06-03 22:48,Eminem,The Real Slim Shady,284200,rap
2024-06-03 22:49,Justin Bieber,Ghost,1340,pop
2024-06-03 22:49,Taylor Swift,All Too Well (Taylor's Version),1300,country
2024-06-03 22:49,Taylor Swift,Cruel Summer,3250,country
2024-06-03 22:49,Bruno Mars,Marry You,0,pop
2024-06-03 22:49,David Kushner,Daylight,1350,indie
2024-06-03 22:49,The Weeknd,The Hills,0,rnb
2024-06-03 22:49,Maroon 5,Payphone,5880,pop
2024-06-03 22:49,Mitski,My Love Mine All Mine,860,seen live
2024-06-04 01:30,Arctic Monkeys,Why'd You Only Call Me When You're High?,30548,indie
2024-06-04 18:02,Lana Del Rey,Doin' Time,202192,female vocalists
2024-06-04 18:07,beabadoobee,the way things go,187800,bedroom pop
2024-06-04 18:16,Gwen Stefani,Luxurious,128467,pop
2024-06-04 18:19,Bedřich Smetana,"Bagatelles Et Impromptus, JB 1:19: No. 7 Love",135343,classical
2024-06-04 18:24,Robert Schumann,"Kinderszenen, Op. 15: No. 7, Träumerei",174954,classical piano
2024-06-04 18:28,Eric Christian,La Valse au Clair de Lune,190891,Classical
2024-06-04 18:29,Toshifumi Hinata,Menuet,106333,japanese classical
2024-06-04 18:32,Oscar Kowalski,Pièce Manquante,156301,
2024-06-04 18:41,Dennis Korn,February: Waltz,148746,chillout
2024-06-04 18:42,Louis Mercier,Moon over Paris,99492,
2024-06-04 18:46,Katy Perry,The One That Got Away,227333,pop
2024-06-04 18:53,The 1975,About You,326490,indie
2024-06-04 18:58,Doechii,What It Is (Solo Version),189824,rap
2024-06-04 19:01,SZA,Snooze,201800,rnb
2024-06-04 19:10,Doja Cat,Agora Hills,265360,pop
2024-06-04 19:14,Jung Kook,Still With You,239905,k-pop
2024-06-04 19:15,7!!,オレンジ,1270,gangster rap
2024-06-04 19:15,Lana Del Rey,Radio,6511,female vocalists
2024-06-04 19:15,Ellie Goulding,Burn,1130,female vocalists
2024-06-04 19:15,Taylor Swift,The Man,950,country
2024-06-04 19:15,Taylor Swift,Blank Space,2000,country
2024-06-04 19:19,Taylor Swift,Love Story,235266,country
2024-06-04 19:25,Justin Bieber,Ghost,12326,pop
2024-06-04 19:25,Taylor Swift,Enchanted,352186,country
2024-06-04 19:29,beabadoobee,A Night To Remember,233388,bedroom pop
2024-06-04 19:32,Mitski,My Love Mine All Mine,137773,seen live
2024-06-04 19:37,Taylor Swift,Daylight,282122,country
2024-06-04 22:39,Taylor Swift,Daylight,15650,country
2024-06-04 22:39,Taylor Swift,Daylight,210630,country
2024-06-04 22:47,Taylor Swift,Daylight,241430,country
2024-06-04 22:50,Taylor Swift,I Can See You (Taylor’s Version) (From The Vault),94238,country
2024-06-04 22:52,Ophelia Wilde,a letter from her majesty,131744,Classical
2024-06-04 22:54,Erik Satie,Gnossienne No.2,141758,classical piano
2024-06-04 22:58,Yan Springett,Hope,166147,Classical
2024-06-04 23:00,Edvard Grieg,"Arietta, Op.12: No. 1",80611,classical
2024-06-04 23:01,Yan Springett,Wondrous,105593,Classical
2024-06-04 23:21,Leila Milki,Fall Asleep - Instrumental Version,275811,Lebanon
2024-06-04 23:24,Joshua Kyan Aalampour,Return to Versailles,104319,Classical
2024-06-04 23:26,Dennis Korn,Un Journée au Louvre,110500,chillout
2024-06-04 23:29,Daniel Paterok,Melancholia,209921,neoclassical
2024-06-04 23:32,Frédéric Chopin,"Préludes No. 7 In A Major, Op. 28: No. 7",40223,classical piano
2024-06-04 23:32,Ophelia Wilde,i couldn't help but fall in love,103253,Classical
2024-06-04 23:36,Frédéric Chopin,"Préludes No. 13 In F-Sharp Major, Op. 28: No. 13",229151,classical piano
2024-06-04 23:39,Jonas Kolberg,Moonlight Waltz,148680,
2024-06-04 23:41,Claude Debussy,"Préludes / Book 1, L. 117: VIII. La Fille Aux Cheveux De Lin",146683,classical piano
2024-06-04 23:44,Cristian Vivaldi,A Silent Sorrow,133569,
2024-06-04 23:47,Elia Lo Monaco,As Time Goes By,161508,
2024-06-04 23:52,George Frideric Handel,"Xerxes, HWV 40",298575,classical
2024-06-04 23:54,Ophelia Wilde,the day we met,108425,Classical
2024-06-04 23:57,Imaginary Poet,Old Letter,151205,Classical
2024-06-04 23:59,Ophelia Wilde,hopeless romance,112653,Classical
2024-06-05 00:02,Gibran Alcocer,Idea 10,128000,Classical
2024-06-05 00:05,Johann Sebastian Bach,"Violin Concerto in A Minor, BWV 1041: I. Allegro moderato",218720,classical
2024-06-05 00:07,Ophelia Wilde,poetry,124382,Classical
2024-06-05 01:45,Robert Gromotka,Après-Midi,35799,instrumental
2024-06-05 18:36,Sabrina Carpenter,Espresso,175459,pop
2024-06-05 18:44,Lana Del Rey,West Coast,174805,female vocalists
2024-06-05 18:52,Sixpence None The Richer,Kiss Me,208680,pop
2024-06-05 18:53,7!!,オレンジ,1690,gangster rap
2024-06-05 18:53,Doechii,What It Is (Solo Version),880,rap
2024-06-05 18:53,The Walters,I Love You So,108070,indie rock
2024-06-05 18:54,Billie Eilish,everything i wanted,17840,pop
2024-06-05 18:54,Lana Del Rey,"Once Upon a Dream - From ""Maleficent"" / Pop Version",26500,female vocalists
2024-06-05 18:54,Dean Lewis,Be Alright,2780,indie
2024-06-05 18:54,Olivia Rodrigo,"All I Want - From ""High School Musical: The Musical: The Series""",2660,pop
2024-06-05 18:59,Taylor Swift,Back To December,293026,country
2024-06-05 19:04,Jung Seung Hwan,Day & Night,260600,k-ballad
2024-06-05 19:20,Coldplay,Yellow,246203,rock
2024-06-05 19:24,Taylor Swift,Karma,204852,country
2024-06-05 19:30,Taylor Swift,Enchanted,352186,country
2024-06-05 19:35,Laufey,Promise,234266,jazz
2024-06-05 19:38,Taylor Swift,Lover,221306,country
2024-06-05 19:43,Taylor Swift,I Knew You Were Trouble (Taylor's Version),920,country
2024-06-05 19:43,HYBS,Tip Toe,1750,synthpop
2024-06-05 19:43,Melanie Martinez,Teacher's Pet,920,pop
2024-06-05 19:43,d4vd,Here With Me,156943,rnb
2024-06-05 19:43,Lana Del Rey,Young And Beautiful,780,female vocalists
2024-06-05 19:43,Sasha Alex Sloan,Dancing With Your Ghost,1280,indie pop
2024-06-05 19:43,Ellie Goulding,"Still Falling For You - From ""Bridget Jones's Baby""",2220,female vocalists
2024-06-05 19:43,Lana Del Rey,Summertime Sadness,1300,female vocalists
2024-06-05 19:46,Doja Cat,Kiss Me More (feat. SZA),208666,pop
2024-06-05 20:05,Taylor Swift,"""Slut!"" (Taylor's Version) (From The Vault)",180381,country
2024-06-05 20:08,Taylor Swift,Cruel Summer,178426,country
2024-06-05 20:11,Melanie Martinez,Play Date,179867,pop
2024-06-05 20:18,Taylor Swift,Style,231000,country
2024-06-05 20:23,Taylor Swift,The Archer,211240,country
2024-06-05 22:53,Olivia Rodrigo,"All I Want - From ""High School Musical: The Musical: The Series""",9636,pop
2024-06-05 22:57,Olivia Rodrigo,"All I Want - From ""High School Musical: The Musical: The Series""",167662,pop
2024-06-05 23:01,d4vd,Here With Me,242484,rnb
2024-06-05 23:07,Taylor Swift,Midnight Rain,174782,country
2024-06-05 23:09,Taylor Swift,Daylight,6640,country
2024-06-05 23:09,ZAYN,I Don’t Wanna Live Forever (Fifty Shades Darker),137170,pop
2024-06-05 23:13,ZAYN,I Don’t Wanna Live Forever (Fifty Shades Darker),247160,pop
2024-06-05 23:15,Lana Del Rey,Million Dollar Man,10027,female vocalists
2024-06-05 23:18,Taylor Swift,Lover,221306,country
2024-06-05 23:22,Taylor Swift,The Archer,211240,country
2024-06-05 23:26,Taylor Swift,You Belong With Me,231133,country
2024-06-05 23:26,Mitski,My Love Mine All Mine,1572,seen live
2024-06-05 23:31,The Neighbourhood,Sweater Weather,240400,indie
2024-06-05 23:34,Chase Atlantic,LIKE A ROCKSTAR,208111,rnb
2024-06-05 23:38,Chase Atlantic,Right Here,235000,rnb
2024-06-05 23:42,James Arthur,Car's Outside,248373,soft pop
2024-06-05 23:45,Arctic Monkeys,I Wanna Be Yours,183956,indie
2024-06-05 23:48,Cigarettes After Sex,Cry,5790,dream pop
2024-06-05 23:48,The Neighbourhood,You Get Me So High,135473,indie
2024-06-05 23:48,Cigarettes After Sex,K.,1760,dream pop
2024-06-05 23:51,Lana Del Rey,Doin' Time,202192,female vocalists
2024-06-05 23:55,The Weeknd,"One Of The Girls (with JENNIE, Lily Rose Depp)",244684,rnb
2024-06-05 23:59,Keane,Somewhere Only We Know,236160,britpop
2024-06-06 00:05,Taylor Swift,Back To December,293026,country
2024-06-06 00:06,Ruth B.,Dandelions,1040,pop
2024-06-06 00:06,Taylor Swift,Safe & Sound - from The Hunger Games Soundtrack,1230,country
2024-06-06 00:06,Taylor Swift,Cruel Summer,53147,country
2024-06-06 00:06,7!!,オレンジ,930,gangster rap
2024-06-06 00:06,Olivia Rodrigo,traitor,1080,pop
2024-06-06 00:06,Laufey,Valentine,830,jazz
2024-06-06 00:06,beabadoobee,the way things go,1450,bedroom pop
2024-06-06 00:06,Lana Del Rey,Diet Mountain Dew,800,female vocalists
2024-06-06 00:06,d4vd,Here With Me,1230,rnb
2024-06-06 00:06,Doechii,What It Is (Solo Version),1160,rap
2024-06-06 00:17,Taylor Swift,"""Slut!"" (Taylor's Version) (From The Vault)",180381,country
2024-06-06 00:19,Lana Del Rey,Say Yes To Heaven,83255,female vocalists
2024-06-06 00:23,The Neighbourhood,Sadderdaze,245826,indie
2024-06-06 00:29,The Neighbourhood,Fallen Star,224938,indie
2024-06-07 18:32,Cigarettes After Sex,Sweet,204946,dream pop
2024-06-07 18:36,Mitski,My Love Mine All Mine,137773,seen live
2024-06-07 18:39,The Walters,I Love You So,160239,indie rock
2024-06-07 18:43,Taylor Swift,The Way I Loved You (Taylor’s Version),18050,country
2024-06-07 18:43,Lana Del Rey,"Once Upon a Dream - From ""Maleficent"" / Pop Version",5704,female vocalists
2024-06-07 18:48,Mitski,First Love/Late Spring,278640,seen live
2024-06-07 18:50,Mitski,Me and My Husband,137141,seen live
2024-06-07 18:54,Mitski,Washing Machine Heart,128198,seen live
2024-06-07 18:57,Mitski,Nobody,193429,seen live
2024-06-07 18:59,Mitski,Brand New City,132773,seen live
2024-06-07 19:03,Mitski,I Want You,183792,seen live
2024-06-07 19:19,Mitski,Shame,74494,seen live
2024-06-07 19:22,Mitski,When Memories Snow,104253,seen live
2024-06-07 19:24,Mitski,Strawberry Blond,114277,seen live
2024-06-07 19:28,Mitski,A Pearl,156145,seen live
2024-06-07 19:31,Mitski,Once More to See You,180999,seen live
2024-06-07 19:35,Mitski,Working for the Knife,158617,seen live
2024-06-07 19:59,Mitski,Cop Car,177293,seen live
2024-06-07 19:59,Mitski,"Because Dreaming Costs Money, My Dear",20290,seen live
2024-06-07 20:04,Mitski,First Love/Late Spring,266500,seen live
2024-06-07 20:08,Mitski,First Love/Late Spring,278640,seen live
2024-06-07 21:26,Mitski,Francis Forever,86753,seen live
2024-06-07 21:42,Mitski,First Love/Late Spring,278640,seen live
2024-06-07 21:49,Mitski,My Love Mine All Mine,137773,seen live
2024-06-07 21:51,Mitski,Washing Machine Heart,128198,seen live
2024-06-07 21:53,Mitski,Brand New City,132773,seen live
2024-06-07 21:58,Mitski,Last Words of a Shooting Star,164226,seen live
2024-06-07 22:12,Mitski,I Bet on Losing Dogs,125103,seen live
2024-06-07 22:15,Tinashe,Nasty,176027,alternative r&b
2024-06-07 22:18,Olivia Rodrigo,vampire,68494,pop
2024-06-07 22:22,Doja Cat,Agora Hills,265360,pop
2024-06-07 22:26,Ariana Grande,we can't be friends (wait for your love),228639,pop
2024-06-07 23:02,Lana Del Rey,Doin' Time,202192,female vocalists
2024-06-08 02:25,Taylor Swift,You Belong With Me,220834,country
2024-06-10 19:16,Taylor Swift,You Belong With Me,10547,country
2024-06-10 19:21,Lana Del Rey,Diet Mountain Dew,222920,female vocalists
2024-06-10 19:25,Laufey,Promise,234266,jazz
2024-06-10 20:05,Olivia Rodrigo,traitor,229226,pop
2024-06-10 20:10,Lana Del Rey,Young And Beautiful,236053,female vocalists
2024-06-10 20:17,Charlie Puth,We Don't Talk Anymore (feat. Selena Gomez),217706,soft pop
2024-06-10 20:37,Lana Del Rey,Sad Girl,317760,female vocalists
2024-06-10 21:50,SZA,Kill Bill,153946,rnb
2024-06-10 21:54,Lana Del Rey,Say Yes To Heaven,209156,female vocalists
2024-06-10 21:57,Taylor Swift,Karma,125918,country
2024-06-10 21:58,Gracie Abrams,Close To You,75320,seen live
2024-06-10 22:03,Taylor Swift,Daylight,293453,country
2024-06-10 22:07,Sabrina Carpenter,Espresso,175459,pop
2024-06-10 22:10,Taylor Swift,illicit affairs,190898,country
2024-06-10 22:17,The Neighbourhood,The Beach,5170,indie
2024-06-10 22:17,Bea Miller,feel something,3270,pop
2024-06-10 22:17,Ariana Grande,we can't be friends (wait for your love),1110,pop
2024-06-10 22:17,Bruno Mars,When I Was Your Man,920,pop
2024-06-10 22:17,Olivia Rodrigo,Can’t Catch Me Now - from The Hunger Games: The Ballad of Songbirds & Snakes,910,pop
2024-06-10 22:17,Cigarettes After Sex,You're the Only Good Thing In My Life,1490,dream pop
2024-06-10 22:17,The Neighbourhood,Female Robbery,26530,indie
2024-06-10 22:17,Lana Del Rey,Brooklyn Baby,119306,female vocalists
2024-06-10 22:20,Justin Bieber,Ghost,1030,pop
2024-06-10 22:20,Backstreet Boys,Everybody (Backstreet's Back) - Radio Edit,1180,pop
2024-06-10 22:20,The Neighbourhood,Daddy Issues,1270,indie
2024-06-10 22:20,SZA,Snooze,164360,rnb
2024-06-10 22:20,The Walters,I Love You So,1140,indie rock
2024-06-10 22:24,Ariana Grande,Stuck with U (with Justin Bieber),228482,pop
2024-06-10 22:26,Lana Del Rey,West Coast,1260,female vocalists
2024-06-10 22:26,Taylor Swift,All Too Well (Taylor's Version),1720,country
2024-06-10 22:26,Doja Cat,Paint The Town Red,970,pop
2024-06-10 22:26,Lana Del Rey,Cinnamon Girl,1010,female vocalists
2024-06-10 22:26,The Weeknd,Blinding Lights,900,rnb
2024-06-10 22:26,The Fray,How to Save a Life,2580,alternative
2024-06-10 22:26,Justin Bieber,Yummy,920,pop
2024-06-10 22:26,NIKI,La La Lost You - Acoustic Version,840,pop
2024-06-10 22:26,Eminem,Venom - Music From The Motion Picture,1040,rap
2024-06-10 22:26,Ricky Montgomery,Mr. Loverman,40375,indie
2024-06-10 22:30,ZAYN,I Don’t Wanna Live Forever (Fifty Shades Darker),247160,pop
2024-06-10 22:32,Taylor Swift,We Are Never Ever Getting Back Together,95260,country
2024-06-10 22:32,James Arthur,Say You Won't Let Go,950,soft pop
2024-06-10 22:41,Chase Atlantic,Swim,228786,rnb
2024-06-10 22:45,Chase Atlantic,Meddle About,203886,rnb
2024-06-12 19:00,Chase Atlantic,The Walls,207658,rnb
2024-06-12 19:02,Chase Atlantic,The Walls,22188,rnb
2024-06-12 19:54,Chase Atlantic,Paradise,256453,rnb
2024-06-12 19:59,Chase Atlantic,Into It,196767,rnb
2024-06-12 20:22,Chase Atlantic,Friends,230010,rnb
2024-06-12 20:26,Chase Atlantic,Church,220000,rnb
2024-06-12 20:32,Chase Atlantic,Moonlight,252000,rnb
2024-06-12 20:49,Chase Atlantic,Slow Down,212093,rnb
2024-06-12 21:01,Chase Atlantic,OHMAMI,68670,rnb
2024-06-12 21:04,Chase Atlantic,OHMAMI,158110,rnb
2024-06-12 21:09,Chase Atlantic,Consume (feat. Goon Des Garcons),267920,rnb
2024-06-12 21:13,Chase Atlantic,Falling,223240,rnb
2024-06-12 21:17,Chase Atlantic,Right Here,235000,rnb
2024-06-12 23:02,Chase Atlantic,HEAVEN AND BACK,248240,rnb
2024-06-12 23:06,Chase Atlantic,Okay,212306,rnb
2024-06-12 23:11,Chase Atlantic,EMPTY,230266,rnb
2024-06-12 23:15,Chase Atlantic,SLIDE,235720,rnb
2024-06-12 23:20,Chase Atlantic,Tidal Wave,243670,rnb
2024-06-12 23:23,Chase Atlantic,PARANOID,220120,rnb
2024-06-12 23:28,Chase Atlantic,Friends,230010,rnb
2024-06-12 23:29,Chase Atlantic,I THINK I’M LOST AGAIN,95204,rnb
2024-06-12 23:33,Chase Atlantic,MAMACITA,202931,rnb
2024-06-12 23:37,Chase Atlantic,Vibes,216217,rnb
2024-06-12 23:40,Chase Atlantic,LIKE A ROCKSTAR,208111,rnb
2024-06-12 23:44,Chase Atlantic,Numb to the Feeling,227586,rnb
2024-06-12 23:47,Chase Atlantic,ESCORT,159036,rnb
2024-06-12 23:50,Sarah Watson,Candlelight,154241,
2024-06-12 23:53,Rasmus H Thomsen,Hidden Path,122100,jazz
2024-06-12 23:56,Yannick Lowack,La Valse Tragique,176410,
2024-06-12 23:57,Dennis Korn,Dinner Time,64750,chillout
2024-06-12 23:59,Edvard Grieg,"Arietta, Op.12: No. 1",80611,classical
2024-06-13 00:02,Erik Satie,Gymnopédie No. 1,208000,classical piano
2024-06-13 00:04,Robert Gromotka,Après-Midi,142018,instrumental
2024-06-13 00:09,Johannes Brahms,"Intermezzo, Op.76: No. 7",186508,classical
2024-06-13 00:12,Chris Palmer,John Rylands Library,169280,medieval
2024-06-13 00:14,Ophelia Wilde,hopeless romance,112653,Classical
2024-06-13 00:18,Ophelia Wilde,lost in time,157053,Classical
2024-06-14 21:32,Niklas Blumenthaler,Oxford Whispers,102327,
2024-06-14 21:49,Taylor Swift,Lover,221306,country
2024-06-14 21:57,Lana Del Rey,Dark Paradise,28243,female vocalists
2024-06-14 21:58,Ariana Grande,intro (end of the world),92400,pop
2024-06-14 21:59,Selena Gomez,Fetish (feat. Gucci Mane),39600,pop
2024-06-14 22:07,Olivia Rodrigo,happier,175933,pop
2024-06-14 22:10,SZA,Kill Bill,153946,rnb
2024-06-14 22:13,Taylor Swift,Midnight Rain,174782,country
2024-06-14 22:18,Lana Del Rey,Chemtrails Over The Country Club,271176,female vocalists
2024-06-14 22:21,beabadoobee,the way things go,187800,bedroom pop
2024-06-14 22:23,Billie Eilish,"What Was I Made For? [From The Motion Picture ""Barbie""]",5520,pop
2024-06-14 22:23,Laufey,Valentine,71488,jazz
2024-06-14 22:28,Chase Atlantic,OHMAMI,226835,rnb
2024-06-14 22:41,Chase Atlantic,Slow Down,212093,rnb
2024-06-14 22:45,Chase Atlantic,Paradise,256453,rnb
2024-06-14 22:50,Chase Atlantic,Church,220000,rnb
2024-06-14 23:05,Chase Atlantic,Moonlight,242134,rnb
2024-06-14 23:05,Chase Atlantic,Moonlight,4590,rnb
2024-06-15 05:37,Chase Atlantic,Meddle About,103136,rnb
2024-06-17 19:02,Chase Atlantic,Meddle About,100676,rnb
2024-06-17 19:21,Chase Atlantic,The Walls,229840,rnb
2024-06-17 19:24,Chase Atlantic,Falling,223240,rnb
2024-06-17 19:35,Chase Atlantic,Friends,230010,rnb
2024-06-17 19:40,Chase Atlantic,Drugs & Money - New Mix,239921,rnb
2024-06-17 19:51,Chase Atlantic,Into It,196767,rnb
2024-06-17 19:55,Chase Atlantic,Right Here,235000,rnb
2024-06-17 19:59,Chase Atlantic,Okay,212306,rnb
2024-06-17 20:04,Chase Atlantic,Consume (feat. Goon Des Garcons),267920,rnb
2024-06-18 17:56,Chase Atlantic,HEAVEN AND BACK,136747,rnb
2024-06-18 17:58,Chase Atlantic,HEAVEN AND BACK,111417,rnb
2024-06-18 18:04,Chase Atlantic,Swim,228786,rnb
2024-06-18 18:13,Chase Atlantic,EMPTY,118172,rnb
2024-06-18 18:16,Adrien de la Salle,Whispers In Paris,156000,canada
2024-06-18 18:20,Domenico Cimarosa,Sonata C.55,117705,requiem
2024-06-18 18:22,Lysander,Library Whispers,85344,instrumental
2024-06-18 18:24,Imaginary Poet,Meditation,110992,Classical
2024-06-18 18:28,Chase Atlantic,Right Here,235000,rnb
2024-06-18 18:42,Chase Atlantic,Moonlight,252000,rnb
2024-06-18 18:46,Chase Atlantic,Drugs & Money - New Mix,239921,rnb
2024-06-18 18:51,Chase Atlantic,Meddle About,203886,rnb
2024-06-18 22:29,Chase Atlantic,Church,6947,rnb
2024-06-18 22:29,Chase Atlantic,Church,3350,rnb
2024-06-18 22:31,Mitski,My Love Mine All Mine,137773,seen live
2024-06-18 22:43,Lana Del Rey,Sad Girl,317760,female vocalists
2024-06-18 22:47,yama,Oz.,17152,Stoner Rock
2024-06-18 22:47,Taylor Swift,Lover,221306,country
2024-06-18 22:52,Taylor Swift,Daylight,293453,country
2024-06-18 23:15,Taylor Swift,I Can See You (Taylor’s Version) (From The Vault),273186,country
2024-06-18 23:18,Lana Del Rey,Say Yes To Heaven,116082,female vocalists
2024-06-18 23:24,Billie Eilish,"What Was I Made For? [From The Motion Picture ""Barbie""]",1070,pop
2024-06-18 23:24,Melanie Martinez,"Tag, You're It",5830,pop
2024-06-18 23:24,Charlie Puth,We Don't Talk Anymore (feat. Selena Gomez),26683,soft pop
2024-06-18 23:24,SZA,Snooze,201800,rnb
2024-06-18 23:43,Taylor Swift,cardigan,239560,country
2024-06-18 23:47,Laufey,Let You Break My Heart Again,269066,jazz
2024-06-18 23:53,Taylor Swift,my tears ricochet,255893,country
2024-06-18 23:56,HYBS,Tip Toe,224725,synthpop
2024-06-19 00:00,Taylor Swift,Midnight Rain,174782,country
2024-06-19 00:07,beabadoobee,the way things go,187800,bedroom pop
2024-06-19 18:30,Aimer,Sailing,1540,anime
2024-06-19 18:30,Olivia Rodrigo,vampire,78240,pop
2024-06-19 18:31,d4vd,Here With Me,15410,rnb
2024-06-19 18:34,Cigarettes After Sex,Starry Eyes,206000,dream pop
2024-06-19 19:03,Chase Atlantic,Swim,181940,rnb
2024-06-19 19:09,Chase Atlantic,Swim,46799,rnb
2024-06-19 19:25,The Neighbourhood,Flawless,138778,indie
2024-06-19 19:28,Thomas Klak,Old Lustre,157533,
2024-06-19 19:30,Ophelia Wilde,perfect love,131849,Classical
2024-06-19 19:35,Chase Atlantic,MAMACITA,202931,rnb
2024-06-19 19:38,Arctic Monkeys,Arabella,207356,indie
2024-06-19 19:49,Cigarettes After Sex,Kiss It Off Me,269933,dream pop
2024-06-19 19:53,Chase Atlantic,LIKE A ROCKSTAR,208111,rnb
2024-06-19 19:56,The Neighbourhood,Softcore,163470,indie
2024-06-19 20:01,Funguypiano,Outro: Lit (Koe no Katachi / A Silent Voice),157750,piano
2024-06-19 20:02,Kenshi Yonezu,ピースサイン - Peace Sign,64820,j-pop
2024-06-19 20:15,KANA-BOON,シルエット,240133,anime
2024-06-19 20:21,Nightmare,the WORLD,233200,trip hop
2024-06-19 20:25,BURNOUT SYNDROMES,PHOENIX,246813,anime
2024-06-19 23:08,Linked Horizon,Shinzo wo Sasageyo !,341413,anime
2024-06-19 23:10,AmaLee,"Sakura Kiss (From ""Ouran High School Host Club"")",89638,anime
2024-06-19 23:15,物語シリーズ,恋愛サーキュレーション,255040,anime
2024-06-19 23:16,7!!,オレンジ,96959,gangster rap
2024-06-19 23:22,UVERworld,Touch off,258706,anime
2024-06-19 23:28,SCREEN mode,Reason Living,244306,anime
2024-06-19 23:38,Sawano Hiroyuki,Attack on Titan,212962,anime
2024-06-19 23:40,Linked Horizon,Guren no Yumiya Tv Size Ver.,94283,anime
2024-06-19 23:40,KVMIL,Bakugo!,13676,anime
2024-06-19 23:40,PornoGraffitti,THE DAY,2900,anime
2024-06-19 23:49,SEVENTEEN,CLAP,167797,k-pop
2024-06-19 23:52,BTS,DNA,22500,k-pop
2024-06-19 23:52,EXO-CBX,Ka-CHING!,167452,k-pop
2024-06-19 23:59,NCT DREAM,We Young,224466,k-pop
2024-06-20 00:12,f(x),Red Light,211900,k-pop
2024-06-20 00:16,BOL4,Galaxy,213853,k-pop
2024-06-20 00:20,EXO,Lotto,189774,k-pop
2024-06-20 00:23,Cha Eun-Woo,Love so Fine,189940,pop
2024-06-20 00:27,NCT 127,소방차 Fire Truck,178565,k-pop
2024-06-20 00:28,TWICE,FANCY,59147,k-pop
2024-06-20 00:31,KARD,Don't Recall,208666,k-pop
2024-06-20 00:36,Red Velvet,Bad Boy,210817,k-pop
2024-06-20 00:39,SURAN,Heartbeat,182006,k-pop
2024-06-20 00:41,SURAN,Heartbeat,50557,k-pop
2024-06-20 00:46,BIGBANG,SOBER,237512,k-pop
2024-06-20 00:50,G-DRAGON,CROOKED,224792,k-pop
2024-06-20 00:56,iKON,AIRPLANE,216043,Gothic Rock
2024-06-20 00:58,HyunA,Bubble Pop!,10440,k-pop
2024-06-20 00:58,EXO,Growl,112629,k-pop
2024-06-20 01:01,Taylor Swift,"""Slut!"" (Taylor's Version) (From The Vault)",180381,country
2024-06-20 09:31,King Gnu,SPECIALZ,122680,j-pop
2024-06-24 19:14,King Gnu,SPECIALZ,116563,j-pop
2024-06-24 19:15,King Gnu,一途,61687,j-pop
2024-06-24 19:19,Brian the Sun,HEROES,181360,anime
2024-06-24 19:33,Aimer,Sailing,335973,anime
2024-06-24 19:41,Masayuki Suzuki,ラブ・ドラマティック (Funky Flag Version),262946,anime
2024-06-24 19:57,Tokyo Anniversary,Again (From Fullmetal Alchemist),242632,vocaloid
2024-06-24 19:57,DEAN FUJIOKA,History Maker,10005,anime
2024-06-24 20:07,YOASOBI,夜に駆ける,261013,j-pop
2024-06-24 20:15,Hyskoa(CV:Daisuke Namikawa),Kyoso Requiem,252960,anime
2024-06-24 20:19,PornoGraffitti,THE DAY,241626,anime
2024-06-24 20:23,See Siang Wong,"One Summer's Day (From ""Spirited Away"")",186306,classical piano
2024-06-24 20:27,King Gnu,SPECIALZ,238986,j-pop
2024-06-24 21:25,Haruka Tomatsu,Q&A リサイタル！,267281,anime
2024-06-24 21:25,Haruka Tomatsu,Q&A リサイタル！,4040,anime
2024-06-24 21:31,BURNOUT SYNDROMES,PHOENIX,246813,anime
2024-06-24 21:35,2PM,Take off,204000,k-pop
2024-06-24 21:42,Yuki Hayashi,Might*U,389160,anime
2024-06-24 21:47,Eve,Kaikai Kitan,221426,Hip-Hop
2024-06-24 22:07,ALI,LOST IN PARADISE,327966,dangdut
2024-06-24 22:18,Ikimonogakari,ブルーバード,215706,anime
2024-06-24 22:19,Linked Horizon,Guren no Yumiya Tv Size Ver.,94283,anime
2024-06-24 22:23,LiSA,crossing field,248946,k-pop
2024-06-24 22:27,Dempagumi.Inc,Ψです I LIKE YOU,227973,anime
2024-06-24 22:47,BURNOUT SYNDROMES,ヒカリアレ,244786,anime
2024-06-25 06:09,Mrs. GREEN APPLE,インフェルノ,160850,j-pop
2024-06-25 18:15,Mrs. GREEN APPLE,インフェルノ,51948,j-pop
2024-06-25 18:21,Sukima Switch,Ah Yeah!! - 2020 Remaster,306213,j-pop
2024-06-25 18:22,Sawano Hiroyuki,Attack on Titan,34787,anime
2024-06-25 18:23,ALI,Wild Side -Anime Ver.-,3590,dangdut
2024-06-25 18:23,TK from Ling tosite sigure,unravel (acoustic version),99050,anime
2024-06-25 18:29,Tia,Deal with the devil,282546,pop urbaine
2024-06-25 18:45,物語シリーズ,恋愛サーキュレーション,255040,anime
2024-06-25 18:47,9nine,White Wishes,64548,j-pop
2024-06-25 18:51,Ikimonogakari,熱情のスペクトラム,223613,anime
2024-06-25 18:54,Who-ya Extended,VIVID VICE,185173,anime
2024-06-25 18:56,Dempagumi.Inc,ちゅるりちゅるりら,74623,anime
2024-06-25 18:56,Masatoshi Ono,departure!,7490,anime
2024-06-25 18:57,KVMIL,Bakugo!,11146,anime
2024-06-25 19:01,LiSA,だってアタシのヒーロー。,234093,k-pop
2024-06-25 19:03,AmaLee,"Sakura Kiss (From ""Ouran High School Host Club"")",89638,anime
2024-06-25 19:07,SCREEN mode,Reason Living,244306,anime
2024-06-25 19:11,SPYAIR,アイム・ア・ビリーバー,217546,anime
2024-06-25 19:16,Lenny code fiction,Make my story,267586,anime
2024-06-25 19:21,UVERworld,ODD FUTURE,226493,anime
2024-06-25 19:25,THE ORAL CIGARETTES,Kyouran Hey Kids!!,250973,j-rock
2024-06-25 19:30,SPYAIR,サクラミツツキ,217226,anime
2024-06-25 19:34,BLUE ENCOUNT,ポラリス,224213,anime
2024-06-25 23:00,Akari Kito,Tiny Light,290813,anime
2024-06-25 23:05,Kenshi Yonezu,ピースサイン - Peace Sign,238533,j-pop
2024-06-25 23:08,King Gnu,Prayer X,197856,j-pop
2024-06-25 23:13,halca,センチメンタルクライシス,243960,anime
2024-06-25 23:22,Linked Horizon,Guren No Yumiya,316933,anime
2024-06-25 23:25,King Gnu,Prayer X,195226,j-pop
2024-06-25 23:31,Nightmare,Alumina,305933,trip hop
2024-06-25 23:36,Shinsei Kamattechan,Boku no Sensou,280466,anime
2024-06-25 23:40,ASCA,RESISTER,227080,anime
2024-06-25 23:47,7!!,オレンジ,350106,gangster rap
2024-06-26 00:03,Ai Higuchi,Akuma no Ko,227679,anime
2024-06-26 00:07,Yuki Hayashi,HERO A,195666,anime
2024-06-26 00:11,Cells at Work!,Mission! Health Comes First,202773,anime
2024-06-26 00:15,MAN WITH A MISSION,Seven Deadly Sins,207000,anime
2024-06-26 00:19,KANA-BOON,スターマーカー (Album Mix),213640,anime
2024-06-26 00:23,Kikuo,愛して 愛して 愛して,252000,vocaloid
2024-06-26 19:23,Mattyyym,In My World [Blue Exorcist] - feat. Romix,203526,anime
2024-06-26 19:26,amazarashi,空に歌えば,169573,anime
2024-06-26 19:29,ギヴン,冬のはなし,208906,anime
2024-06-26 19:38,SPYAIR,イマジネーション,179133,anime
2024-06-26 19:42,KYOKA JIRO Starring Chrissy Costanza,Hero too,258146,anime
2024-06-26 19:47,ギヴン,冬のはなし,208906,anime
2024-06-26 19:51,UVERworld,CORE PRIDE,258693,anime
2024-06-26 19:54,SiM,The Rumbling (TV Size),90265,classical
2024-06-26 19:58,Dempagumi.Inc,Ψです I LIKE YOU,227973,anime
2024-06-26 20:01,Ikimonogakari,BAKU,227706,anime
2024-06-26 20:06,King Gnu,SPECIALZ,238986,j-pop
2024-06-26 20:12,Kyle Landry,Howl's Moving Castle Theme,350347,piano
2024-06-26 20:14,Dempagumi.Inc,Ψ発見伝！,82852,anime
2024-06-26 20:17,Yuko Ando,Shogeki,181594,anime
2024-06-26 20:42,Nightmare,the WORLD,168575,trip hop
2024-06-26 20:45,ALI,Wild Side,17083,dangdut
2024-06-26 20:53,KANA-BOON,シルエット,240133,anime
2024-06-26 22:56,YOASOBI,怪物,206000,j-pop
2024-06-26 23:00,fhána,Rhapsody of Blue Sky,25649,anime
2024-06-26 23:00,Cö shu Nie,give it back,212476,anime
2024-06-26 23:05,Taylor Swift,cardigan,239560,country
2024-06-26 23:09,Taylor Swift,The Way I Loved You (Taylor’s Version),243136,country
2024-06-26 23:13,Doja Cat,Kiss Me More (feat. SZA),208666,pop
2024-06-26 23:17,Taylor Swift,my tears ricochet,255893,country
2024-06-26 23:21,Lana Del Rey,"Once Upon a Dream - From ""Maleficent"" / Pop Version",203080,female vocalists
2024-06-26 23:24,Laufey,Falling Behind,153077,jazz
2024-06-26 23:24,Lana Del Rey,Pretty When You Cry,110,female vocalists
2024-06-26 23:28,Lana Del Rey,Ultraviolence,251480,female vocalists
2024-06-26 23:33,Taylor Swift,The Archer,211240,country
2024-06-26 23:36,Keane,Somewhere Only We Know,236160,britpop
2024-06-26 23:40,Olivia Rodrigo,Can’t Catch Me Now - from The Hunger Games: The Ballad of Songbirds & Snakes,205483,pop
2024-06-26 23:44,Taylor Swift,Style,231000,country
2024-06-26 23:48,Olivia Rodrigo,"jealousy, jealousy",173160,pop
2024-06-26 23:51,Sixpence None The Richer,Kiss Me,208680,pop
2024-06-26 23:54,Doechii,What It Is (Solo Version),82222,rap
2024-06-26 23:57,Taylor Swift,Bejeweled,194165,country
2024-06-27 00:03,Olivia Rodrigo,vampire,219724,pop
2024-06-27 00:08,Ruth B.,Dandelions,233720,pop
2024-06-27 00:10,Melanie Martinez,Dollhouse,7770,pop
2024-06-27 00:10,Taylor Swift,We Are Never Ever Getting Back Together,121803,country
2024-06-27 00:10,Stephen Sanchez,Until I Found You,4220,folk
2024-06-27 00:14,Chase Atlantic,Falling,223240,rnb
2024-06-27 00:19,Chase Atlantic,Paradise,256453,rnb
2024-06-27 00:24,Chase Atlantic,HEAVEN AND BACK,248240,rnb
2024-06-27 00:29,Chase Atlantic,Into It,196767,rnb
2024-06-27 00:33,Chase Atlantic,Church,220000,rnb
2024-06-27 00:38,Chase Atlantic,Consume (feat. Goon Des Garcons),267920,rnb
2024-06-27 00:42,Chase Atlantic,Swim,228786,rnb
2024-06-27 00:47,Chase Atlantic,Slow Down,212093,rnb
2024-06-27 00:51,Chase Atlantic,Okay,212306,rnb
2024-06-27 05:32,Chase Atlantic,Friends,47922,rnb
2024-06-28 19:04,Chase Atlantic,Friends,182338,rnb
2024-06-28 19:06,Chase Atlantic,HER,169720,rnb
2024-06-28 19:11,Chase Atlantic,Moonlight,217738,rnb
2024-06-28 19:15,Keane,Somewhere Only We Know,236160,britpop
2024-06-28 19:18,Ariana Grande,intro (end of the world),92400,pop
2024-06-28 19:23,Taylor Swift,I Can See You (Taylor’s Version) (From The Vault),273186,country
2024-06-28 19:25,7!!,オレンジ,1120,gangster rap
2024-06-28 19:25,Olivia Rodrigo,deja vu,7209,pop
2024-06-28 19:36,Taylor Swift,Back To December,293026,country
2024-06-28 19:38,Melanie Martinez,Teacher's Pet,77153,pop
2024-06-28 19:41,Taylor Swift,Style,231000,country
2024-06-28 19:46,Taylor Swift,Wildest Dreams,220440,country
2024-06-28 19:50,Lana Del Rey,Dark Paradise,243173,female vocalists
2024-06-28 19:55,beabadoobee,A Night To Remember,233388,bedroom pop
2024-06-28 19:58,beabadoobee,the way things go,187800,bedroom pop
2024-06-28 20:02,Doechii,What It Is (Solo Version),189824,rap
2024-06-28 20:05,Taylor Swift,Bejeweled,194165,country
2024-06-28 20:34,The Weeknd,"One Of The Girls (with JENNIE, Lily Rose Depp)",244684,rnb
2024-06-28 21:41,Olivia Rodrigo,vampire,5890,pop
2024-06-28 21:41,Olivia Rodrigo,vampire,207295,pop
2024-06-28 21:45,BLUE ENCOUNT,ポラリス,224213,anime
2024-06-28 21:47,TK from Ling tosite sigure,unravel (acoustic version),11330,anime
2024-06-28 21:47,Kikuo,君はできない子,35937,vocaloid
2024-06-28 21:50,MAN WITH A MISSION,Seven Deadly Sins,207000,anime
2024-06-28 21:55,福原 遥,風に吹かれて,272826,anime
2024-06-28 21:57,Kyle Landry,Howl's Moving Castle Theme,10950,piano
2024-06-28 21:57,Nightmare,Alumina,48770,trip hop
2024-06-28 22:01,UVERworld,CORE PRIDE,258693,anime
2024-06-28 22:05,LiSA,だってアタシのヒーロー。,234093,k-pop
2024-06-28 22:10,PornoGraffitti,THE DAY,241626,anime
2024-06-28 22:13,2PM,Take off,204000,k-pop
2024-06-28 22:17,TK from Ling tosite sigure,unravel,114858,anime
2024-06-28 22:21,amazarashi,空に歌えば,217626,anime
2024-06-28 22:25,UVERworld,ODD FUTURE,226493,anime
2024-06-28 22:29,Brian the Sun,HEROES,181360,anime
2024-06-28 22:30,ALI,Wild Side -Anime Ver.-,89666,dangdut
2024-06-28 22:40,ALI,LOST IN PARADISE,327966,dangdut
2024-06-28 22:48,SiM,The Rumbling (TV Size),90265,classical
2024-06-30 06:13,物語シリーズ,恋愛サーキュレーション,27826,anime
2024-06-30 06:13,物語シリーズ,恋愛サーキュレーション,227214,anime
2024-06-30 06:17,Hyskoa(CV:Daisuke Namikawa),Kyoso Requiem,252960,anime
2024-06-30 06:23,Masayuki Suzuki,ラブ・ドラマティック (Funky Flag Version),262946,anime
2024-06-30 06:27,Ikimonogakari,ブルーバード,215706,anime
2024-06-30 06:33,Linked Horizon,Guren No Yumiya,316933,anime
2024-06-30 06:37,Tokyo Anniversary,Again (From Fullmetal Alchemist),242632,vocaloid
2024-06-30 06:43,9nine,White Wishes,319653,j-pop
2024-06-30 06:47,BURNOUT SYNDROMES,ヒカリアレ,244786,anime
2024-06-30 06:52,Lenny code fiction,Make my story,267586,anime
2024-06-30 06:56,SCREEN mode,Reason Living,244306,anime
2024-06-30 07:01,OFFICIAL HIGE DANDISM,Cry Baby,241680,j-pop
2024-06-30 07:03,AmaLee,"Sakura Kiss (From ""Ouran High School Host Club"")",89638,anime
2024-06-30 07:04,ギヴン,冬のはなし,37533,anime
2024-07-02 18:18,ギヴン,冬のはなし,171634,anime
2024-07-02 18:20,Masatoshi Ono,departure!,37084,anime
2024-07-02 18:24,King Gnu,SPECIALZ,238986,j-pop
2024-07-02 18:26,Who-ya Extended,VIVID VICE,119693,anime
2024-07-02 18:31,Yoshiki,Red Swan,263720,anime
2024-07-02 18:44,Cö shu Nie,give it back,212476,anime
2024-07-02 18:49,Aimer,Sailing,270433,anime
2024-07-02 19:00,SCREEN mode,Reason Living,244306,anime
2024-07-02 19:06,Linked Horizon,Guren no Yumiya Tv Size Ver.,94283,anime
2024-07-02 19:24,KYOKA JIRO Starring Chrissy Costanza,Hero too,258146,anime
2024-07-02 19:24,Hyskoa(CV:Daisuke Namikawa),Kyoso Requiem,4580,anime
2024-07-02 19:29,Tokyo Anniversary,Again (From Fullmetal Alchemist),242632,vocaloid
2024-07-02 19:30,AmaLee,"Sakura Kiss (From ""Ouran High School Host Club"")",89638,anime
2024-07-02 19:34,PornoGraffitti,THE DAY,241626,anime
2024-07-02 22:00,Sukima Switch,Ah Yeah!! - 2020 Remaster,295955,j-pop
2024-07-02 22:20,Sukima Switch,Ah Yeah!! - 2020 Remaster,10503,j-pop
2024-07-02 22:24,Kenshi Yonezu,ピースサイン - Peace Sign,238533,j-pop
2024-07-02 22:31,7!!,オレンジ,350106,gangster rap
2024-07-02 22:42,LiSA,crossing field,248946,k-pop
2024-07-02 22:47,halca,センチメンタルクライシス,243960,anime
2024-07-02 22:51,Akari Kito,Tiny Light,290813,anime
2024-07-02 22:53,TK from Ling tosite sigure,unravel (acoustic version),50918,anime
2024-07-02 22:57,Ai Higuchi,Akuma no Ko,227679,anime
2024-07-02 22:59,TK from Ling tosite sigure,unravel,161550,anime
2024-07-02 23:05,2PM,Take off,204000,k-pop
2024-07-02 23:15,King Gnu,Prayer X,197856,j-pop
2024-07-02 23:17,ALI,Wild Side -Anime Ver.-,89666,dangdut
2024-07-02 23:20,KANA-BOON,スターマーカー (Album Mix),213640,anime
2024-07-02 23:24,Ikimonogakari,ブルーバード,215706,anime
2024-07-02 23:30,Mattyyym,In My World [Blue Exorcist] - feat. Romix,203526,anime
2024-07-02 23:59,UVERworld,Touch off,258706,anime
2024-07-03 00:06,SPYAIR,イマジネーション,111335,anime
2024-07-03 00:23,Masayuki Suzuki,ラブ・ドラマティック (Funky Flag Version),262946,anime
2024-07-03 03:25,ALI,Wild Side,9166,dangdut
2024-07-03 18:18,ALI,Wild Side,149583,dangdut
2024-07-03 18:22,King Gnu,SPECIALZ,238986,j-pop
2024-07-03 18:46,yama,Oz.,194273,Stoner Rock
2024-07-03 18:49,ギヴン,冬のはなし,208906,anime
2024-07-03 18:55,Ryokuoushoku Shakai,Shout Baby,265986,j-pop
2024-07-03 18:55,KVMIL,Bakugo!,5070,anime
2024-07-03 18:55,Tia,Deal with the devil,3930,pop urbaine
2024-07-03 18:56,Nordex,Navigator (The Millionaire Detective Balance: Unlimited),91888,anime
2024-07-03 19:03,THE ORAL CIGARETTES,Kyouran Hey Kids!!,250973,j-rock
2024-07-03 19:05,Anime Covers,Chika Dance,54478,anime
2024-07-03 19:14,LiSA,紅蓮華,237586,k-pop
2024-07-03 19:24,SiM,The Rumbling (TV Size),48393,classical
2024-07-03 19:24,UVERworld,ODD FUTURE,226493,anime
2024-07-03 19:28,See Siang Wong,"One Summer's Day (From ""Spirited Away"")",186306,classical piano
2024-07-03 19:30,Masatoshi Ono,departure!,91468,anime
2024-07-03 19:33,amazarashi,空に歌えば,217626,anime
2024-07-03 19:38,Haruka Tomatsu,Q&A リサイタル！,289800,anime
2024-07-03 19:54,Masayuki Suzuki,DADDY ! DADDY ! DO !,254640,anime
2024-07-03 19:57,Yuko Ando,Shogeki,181594,anime
2024-07-03 20:01,Hello Sleepwalkers,Goya No Machiawase,170640,j-rock
2024-07-03 20:05,OFFICIAL HIGE DANDISM,Cry Baby,241680,j-pop
2024-07-03 20:08,Who-ya Extended,VIVID VICE,185173,anime
2024-07-03 20:11,Brian the Sun,HEROES,181360,anime
2024-07-03 20:16,BLUE ENCOUNT,ポラリス,224213,anime
2024-07-03 20:24,Yuki Hayashi,Might*U,389160,anime
2024-07-03 20:28,UVERworld,CORE PRIDE,258693,anime
2024-07-03 20:32,LiSA,紅蓮華,237586,k-pop
2024-07-03 23:33,BURNOUT SYNDROMES,PHOENIX,246813,anime
2024-07-03 23:36,Linked Horizon,Shinzo wo Sasageyo !,125276,anime
2024-07-03 23:40,PornoGraffitti,THE DAY,241626,anime
2024-07-03 23:41,DEAN FUJIOKA,History Maker,4700,anime
2024-07-03 23:41,Shinsei Kamattechan,Boku no Sensou,18280,anime
2024-07-03 23:45,BURNOUT SYNDROMES,ヒカリアレ,244786,anime
2024-07-03 23:48,King Gnu,Prayer X,195226,j-pop
2024-07-04 00:06,Ikimonogakari,ブルーバード,215706,anime
2024-07-04 00:15,ALI,LOST IN PARADISE,327966,dangdut
2024-07-04 00:20,BURNOUT SYNDROMES,FLY HIGH!!,244493,anime
2024-07-07 16:23,Kikuo,愛して 愛して 愛して,211514,vocaloid
2024-07-07 16:28,Taylor Swift,All Too Well (Taylor's Version),329160,country
2024-07-07 16:33,Taylor Swift,Style,231000,country
2024-07-07 16:37,Lana Del Rey,Chemtrails Over The Country Club,271176,female vocalists
2024-07-07 16:43,Gwen Stefani,Luxurious,264920,pop
2024-07-07 16:46,Olivia Rodrigo,happier,175933,pop
2024-07-07 19:48,Taylor Swift,cardigan,239560,country
2024-07-07 19:52,Laufey,Fragile,241080,jazz
2024-07-07 19:56,Melanie Martinez,Dollhouse,231853,pop
2024-07-07 20:00,Sabrina Carpenter,Feather,185552,pop
2024-07-07 20:03,Dhruv,double take,171743,jazz
2024-07-07 20:07,Lana Del Rey,Dark Paradise,243187,female vocalists
2024-07-07 20:11,Olivia Rodrigo,vampire,219724,pop
2024-07-08 18:42,Sabrina Carpenter,Espresso,168683,pop
2024-07-08 18:43,Sabrina Carpenter,Espresso,6767,pop
2024-07-08 18:46,Lana Del Rey,Radio,214573,female vocalists
2024-07-08 18:51,Sixpence None The Richer,Kiss Me,208680,pop
2024-07-08 18:54,Taylor Swift,Midnight Rain,174782,country
2024-07-08 18:58,Olivia Rodrigo,traitor,229226,pop
2024-07-08 19:02,Doja Cat,Kiss Me More (feat. SZA),208666,pop
2024-07-08 19:07,Doja Cat,Agora Hills,265360,pop
2024-07-08 19:17,Lana Del Rey,Art Deco,295066,female vocalists
2024-07-08 19:21,Lana Del Rey,Young And Beautiful,236053,female vocalists
2024-07-08 19:24,Taylor Swift,Cruel Summer,178426,country
2024-07-08 19:28,Conan Gray,The Cut That Always Bleeds,231920,seen live
2024-07-08 19:32,Taylor Swift,Labyrinth,247962,country
2024-07-08 19:51,Lana Del Rey,Say Yes To Heaven,194338,female vocalists
2024-07-08 19:54,Arctic Monkeys,Stop The World I Wanna Get Off With You,191040,indie
2024-07-08 20:00,The Neighbourhood,Prey,282640,indie
2024-07-08 20:03,Beach Weather,"Sex, Drugs, Etc.",196784,indie
2024-07-08 20:08,The Neighbourhood,Flawless,246493,indie
2024-07-08 21:26,Arctic Monkeys,Baby I'm Yours,152613,indie
2024-07-08 21:43,Arctic Monkeys,Knee Socks,139339,indie
2024-07-08 21:45,The Neighbourhood,Sadderdaze,87989,indie
2024-07-08 21:46,Kikuo,愛して 愛して 愛して,40482,vocaloid
2024-07-08 21:50,KYOKA JIRO Starring Chrissy Costanza,Hero too,258146,anime
2024-07-08 21:55,KANA-BOON,シルエット,240133,anime
2024-07-08 21:59,Sawano Hiroyuki,Attack on Titan,256920,anime
2024-07-08 22:05,福原 遥,風に吹かれて,272826,anime
2024-07-08 22:10,Linked Horizon,Shinzo wo Sasageyo !,341413,anime
2024-07-08 22:16,SiM,The Rumbling (TV Size),18998,classical
2024-07-08 22:19,Funguypiano,Outro: Lit (Koe no Katachi / A Silent Voice),157750,piano
2024-07-08 22:22,Yuko Ando,Shogeki,181594,anime
2024-07-08 22:26,Masayuki Suzuki,DADDY ! DADDY ! DO !,254640,anime
2024-07-08 22:44,Dempagumi.Inc,Ψです I LIKE YOU,130143,anime
2024-07-08 22:51,7!!,オレンジ,1750,gangster rap
2024-07-08 22:51,2PM,Take off,204000,k-pop
2024-07-08 22:51,Kyle Landry,Howl's Moving Castle Theme,28320,piano
2024-07-08 22:56,amazarashi,空に歌えば,217626,anime
2024-07-08 23:17,Nightmare,the WORLD,233200,trip hop
2024-07-08 23:22,UVERworld,CORE PRIDE,258693,anime
2024-07-08 23:45,Sukima Switch,Ah Yeah!! - 2020 Remaster,306213,j-pop
2024-07-08 23:50,Masayuki Suzuki,DADDY ! DADDY ! DO !,254640,anime
2024-07-09 02:24,LiSA,crossing field,67532,k-pop
2024-07-09 02:24,LiSA,crossing field,18048,k-pop
2024-07-09 02:24,Olivia Rodrigo,"All I Want - From ""High School Musical: The Musical: The Series""",1344,pop
2024-07-09 03:33,Kenshi Yonezu,ピースサイン - Peace Sign,238533,j-pop
2024-07-09 03:37,King Gnu,SPECIALZ,238986,j-pop
2024-07-09 03:41,yama,Oz.,194273,Stoner Rock
2024-07-09 03:46,King Gnu,白日,276373,j-pop
2024-07-09 03:51,Yoshiki,Red Swan,263720,anime
2024-07-09 03:56,Aimer,Sailing,335973,anime
2024-07-09 04:31,Creepy Nuts,Bling-Bang-Bang-Born,15271,anime
2024-07-09 05:35,YOASOBI,怪物,130630,j-pop
2024-07-09 17:38,Eve,Kaikai Kitan,221426,Hip-Hop
2024-07-09 17:52,THE ORAL CIGARETTES,Kyouran Hey Kids!!,250973,j-rock
2024-07-09 17:56,Masayuki Suzuki,ラブ・ドラマティック (Funky Flag Version),262946,anime
2024-07-09 18:08,Yuki Hayashi,HERO A,195666,anime
2024-07-09 18:14,Dempagumi.Inc,Ψです I LIKE YOU,84532,anime
2024-07-09 18:19,Hello Sleepwalkers,Goya No Machiawase,170640,j-rock
2024-07-09 18:23,Ikimonogakari,熱情のスペクトラム,223613,anime
2024-07-09 18:24,KVMIL,Bakugo!,46366,anime
2024-07-09 18:28,LiSA,紅蓮華,237586,k-pop
2024-07-09 18:29,Linked Horizon,Shoukei to Shikabane no Michi,52923,anime
2024-07-09 18:33,PornoGraffitti,THE DAY,241626,anime
2024-07-09 18:38,BURNOUT SYNDROMES,PHOENIX,27890,anime
2024-07-09 18:38,BURNOUT SYNDROMES,PHOENIX,218849,anime
2024-07-09 18:39,Kyle Landry,Howl's Moving Castle Theme,20630,piano
2024-07-09 18:43,halca,センチメンタルクライシス,243960,anime
2024-07-09 18:46,Cö shu Nie,give it back,212476,anime
2024-07-09 18:50,Kikuo,愛して 愛して 愛して,252000,vocaloid
2024-07-09 18:58,Yuki Hayashi,Might*U,389160,anime
2024-07-09 19:01,SPYAIR,アイム・ア・ビリーバー,217546,anime
2024-07-09 19:06,UVERworld,CORE PRIDE,258693,anime
2024-07-09 19:12,BURNOUT SYNDROMES,FLY HIGH!!,244493,anime
2024-07-09 19:21,物語シリーズ,恋愛サーキュレーション,255040,anime
2024-07-09 19:25,YOASOBI,怪物,206000,j-pop
2024-07-09 19:29,LiSA,crossing field,248946,k-pop
2024-07-09 19:31,福原 遥,風に吹かれて,120959,anime
2024-07-09 21:22,福原 遥,風に吹かれて,152114,anime
2024-07-09 21:28,Shinsei Kamattechan,Boku no Sensou,280466,anime
2024-07-09 21:33,Haruka Tomatsu,Q&A リサイタル！,289800,anime
2024-07-09 21:37,BURNOUT SYNDROMES,FLY HIGH!!,244493,anime
2024-07-09 21:40,SPYAIR,イマジネーション,179133,anime
2024-07-09 21:45,KANA-BOON,スターマーカー (Album Mix),213640,anime
2024-07-09 21:50,7!!,オレンジ,350106,gangster rap
2024-07-09 21:53,Funguypiano,Outro: Lit (Koe no Katachi / A Silent Voice),157750,piano
2024-07-09 21:59,Linked Horizon,Shinzo wo Sasageyo !,341413,anime
2024-07-09 22:04,BURNOUT SYNDROMES,ヒカリアレ,244786,anime
2024-07-09 22:08,Nightmare,the WORLD,233200,trip hop
2024-07-09 22:13,Ryokuoushoku Shakai,Shout Baby,265986,j-pop
2024-07-09 23:08,KANA-BOON,シルエット,240133,anime
2024-07-09 23:10,Cells at Work!,Mission! Health Comes First,102134,anime
2024-07-09 23:27,YOASOBI,夜に駆ける,261013,j-pop
2024-07-09 23:30,Who-ya Extended,VIVID VICE,185173,anime
2024-07-09 23:31,ALI,Wild Side -Anime Ver.-,89666,dangdut
2024-07-09 23:34,AmaLee,"Sakura Kiss (From ""Ouran High School Host Club"")",89638,anime
2024-07-09 23:38,TK from Ling tosite sigure,unravel,238360,anime
2024-07-09 23:44,Hyskoa(CV:Daisuke Namikawa),Kyoso Requiem,252960,anime
2024-07-09 23:48,Eir Aoi,IGNITE,91102,anime
2024-07-09 23:51,Ikimonogakari,ブルーバード,215706,anime
2024-07-09 23:56,Nightmare,Alumina,280833,trip hop
2024-07-10 00:04,Mrs. GREEN APPLE,インフェルノ,212546,j-pop
2024-07-10 00:08,amazarashi,空に歌えば,217626,anime
2024-07-10 00:23,King Gnu,Prayer X,118779,j-pop
2024-07-10 00:25,King Gnu,Prayer X,76404,j-pop
2024-07-10 00:39,Yuko Ando,Shogeki,181594,anime
2024-07-10 01:03,King Gnu,SPECIALZ,238986,j-pop
2024-07-10 01:27,MAN WITH A MISSION,Seven Deadly Sins,207000,anime
2024-07-10 05:30,Yoshiki,Red Swan,183912,anime
2024-07-10 19:00,Yoshiki,Red Swan,80055,anime
2024-07-10 19:08,9nine,White Wishes,319653,j-pop
2024-07-10 19:13,Nightmare,the WORLD,1909,trip hop
2024-07-10 19:13,Jibaku Shonen Band,No.7,232413,anime
2024-07-10 19:13,TK from Ling tosite sigure,unravel (acoustic version),2010,anime
2024-07-10 19:17,LiSA,だってアタシのヒーロー。,234093,k-pop
2024-07-10 19:42,Sukima Switch,Ah Yeah!! - 2020 Remaster,306213,j-pop
2024-07-10 19:55,Sawano Hiroyuki,Attack on Titan,950,anime
2024-07-10 19:55,UVERworld,ODD FUTURE,91220,anime
2024-07-10 19:56,ギヴン,冬のはなし,25280,anime
2024-07-10 20:01,Ryokuoushoku Shakai,Shout Baby,265986,j-pop
2024-07-10 20:12,Lenny code fiction,Make my story,267586,anime
2024-07-10 20:27,Who-ya Extended,VIVID VICE,31300,anime
2024-07-10 20:32,Yoshiki,Red Swan,263720,anime
2024-07-10 20:36,UVERworld,ODD FUTURE,226493,anime
2024-07-10 22:37,7!!,オレンジ,19078,gangster rap
2024-07-10 22:54,7!!,オレンジ,331031,gangster rap
2024-07-10 23:05,福原 遥,風に吹かれて,272826,anime
2024-07-10 23:32,SCREEN mode,Reason Living,244306,anime
2024-07-11 00:14,KYOKA JIRO Starring Chrissy Costanza,Hero too,258146,anime
2024-07-11 00:49,2PM,Take off,131113,k-pop
2024-07-16 17:53,Cigarettes After Sex,Truly,244110,dream pop
2024-07-16 18:09,Chase Atlantic,Into It,196767,rnb
2024-07-16 18:27,The Neighbourhood,Afraid,156545,indie
2024-07-16 18:27,Linked Horizon,Guren no Yumiya Tv Size Ver.,2760,anime
2024-07-16 18:27,Shinsei Kamattechan,Boku no Sensou,3980,anime
2024-07-16 18:43,Olivia Rodrigo,happier,7330,pop
2024-07-16 18:43,KANA-BOON,シルエット,173190,anime
2024-07-16 18:44,Taylor Swift,I Knew You Were Trouble (Taylor's Version),3126,country
2024-07-16 18:49,Lana Del Rey,Cinnamon Girl,1130,female vocalists
2024-07-16 18:49,Taylor Swift,Bejeweled,2880,country
2024-07-16 18:49,Lana Del Rey,Million Dollar Man,110170,female vocalists
2024-07-16 18:49,The Walters,I Love You So,1370,indie rock
2024-07-16 18:49,Lana Del Rey,Brooklyn Baby,7540,female vocalists
2024-07-16 18:53,Shawn Mendes,In My Blood,66650,pop
2024-07-16 18:58,Dynamicduo,AEAO,316944,k-rap
2024-07-16 19:08,Lil Wayne,Love Me,255053,rap
2024-07-16 19:21,Taylor Swift,Gorgeous,1940,country
2024-07-16 19:21,Selena Gomez,Back To You,149795,pop
2024-07-16 19:28,Ricky Montgomery,Mr. Loverman,216880,indie
2024-07-16 19:33,Taylor Swift,Lover,221306,country
2024-07-16 19:36,Bruno Mars,Grenade,222091,pop
2024-07-16 21:55,The Neighbourhood,Daddy Issues,117374,indie
2024-07-16 21:57,The Neighbourhood,Daddy Issues,142783,indie
2024-07-16 23:21,Doja Cat,Agora Hills,265360,pop
2024-07-16 23:35,Lana Del Rey,Cinnamon Girl,300683,female vocalists
2024-07-16 23:39,Backstreet Boys,I Want It That Way,213306,pop
2024-07-16 23:42,Nicki Minaj,Va Va Voom,183560,Hip-Hop
2024-07-16 23:44,Alec Benjamin,Let Me Down Slowly,116592,pop
2024-07-16 23:48,Avril Lavigne,Complicated,244506,pop
2024-07-16 23:54,Gwen Stefani,Luxurious,264920,pop
2024-07-17 00:11,Lana Del Rey,West Coast,256760,female vocalists
2024-07-17 00:39,Eminem,The Real Slim Shady,284200,rap
2024-07-17 01:18,Ariana Grande,Stuck with U (with Justin Bieber),228482,pop
2024-07-17 18:41,Jung Seung Hwan,Day & Night,260600,k-ballad
2024-07-17 19:07,Taylor Swift,Enchanted,352186,country
2024-07-17 19:15,SZA,Saturn,186191,rnb
2024-07-17 19:20,The Weeknd,Die For You,260253,rnb
2024-07-17 19:25,Doja Cat,Kiss Me More (feat. SZA),208666,pop
2024-07-17 19:26,Arctic Monkeys,505,9410,indie
2024-07-17 19:26,Maroon 5,Misery,40213,pop
2024-07-17 19:27,The Weeknd,I Feel It Coming,71860,rnb
2024-07-17 19:29,Megan Thee Stallion,Kitty Kat,125030,rap
2024-07-17 19:32,Justin Bieber,Yummy,36763,pop
2024-07-17 19:41,The Walters,I Love You So,160239,indie rock
2024-07-17 20:00,grentperez,Cherry Wine,125590,indie
2024-07-17 20:00,The Weeknd,Starboy,9490,rnb
2024-07-17 20:00,James Arthur,Can I Be Him,5780,soft pop
2024-07-17 20:04,Chase Atlantic,Okay,212306,rnb
2024-07-17 20:10,The Neighbourhood,W.D.Y.W.F.M?,259413,indie
2024-07-17 20:21,Cigarettes After Sex,K.,320030,dream pop
2024-07-17 20:25,Cigarettes After Sex,Starry Eyes,206000,dream pop
2024-07-17 20:29,Cigarettes After Sex,Truly,244110,dream pop
2024-07-17 22:56,Chase Atlantic,LIKE A ROCKSTAR,23556,rnb
2024-07-17 23:11,Chase Atlantic,LIKE A ROCKSTAR,184583,rnb
2024-07-17 23:12,Cigarettes After Sex,Opera House,53207,dream pop
2024-07-17 23:19,The Weeknd,"One Of The Girls (with JENNIE, Lily Rose Depp)",244684,rnb
2024-07-17 23:49,The Neighbourhood,Sadderdaze,245826,indie
2024-07-17 23:53,Arctic Monkeys,R U Mine?,201726,indie
2024-07-17 23:55,Arctic Monkeys,She's Thunderstorms,74833,indie
2024-07-18 00:01,Arctic Monkeys,Snap Out Of It,129400,indie
2024-07-18 00:05,The Neighbourhood,Cry Baby,235160,indie
2024-07-18 00:11,The Neighbourhood,Flawless,246493,indie
2024-07-18 00:24,The Neighbourhood,Sweater Weather,240400,indie
2024-07-18 00:29,Cigarettes After Sex,Apocalypse,41176,dream pop
2024-07-18 01:39,Chase Atlantic,Right Here,58190,rnb
2024-07-19 18:02,Everybody Loves an Outlaw,I See Red,230613,Soundtrack
2024-07-19 18:27,Taylor Swift,Enchanted,352186,country
2024-07-19 18:45,The Weeknd,"One Of The Girls (with JENNIE, Lily Rose Depp)",244684,rnb
2024-07-19 18:48,The Weeknd,Starboy,1160,rnb
2024-07-19 18:48,Emily Mei,Monster Under The Bed,12600,booba
2024-07-19 18:48,Billie Eilish,i love you,169053,pop
2024-07-19 18:48,d4vd,Here With Me,1270,rnb
2024-07-19 18:51,SZA,Snooze,201800,rnb
2024-07-19 18:56,Arctic Monkeys,I Wanna Be Yours,8759,indie
2024-07-19 18:56,*NSYNC,It's Gonna Be Me,192426,pop
2024-07-19 19:00,Taylor Swift,Safe & Sound - from The Hunger Games Soundtrack,240066,country
2024-07-19 19:11,Doja Cat,Agora Hills,265360,pop
2024-07-19 19:21,ZAYN,I Don’t Wanna Live Forever (Fifty Shades Darker),247160,pop
2024-07-19 19:24,Selena Gomez & The Scene,Love You Like A Love Song,188453,pop
2024-07-19 19:26,Why Don't We,What Am I,78759,pop
2024-07-19 19:29,Jonas Kolberg,Blink of an eye,158996,
2024-07-19 19:31,Franz Gordon,The Scent of Petrichor,151418,piano
2024-07-19 19:34,Dennis Korn,Cimetière du Père Lachaise,141000,chillout
2024-07-19 19:37,Robert Schumann,"Kinderszenen, Op. 15: 13. Der Dichter Spricht",141000,classical piano
2024-07-19 19:40,Kjell Sønksen,The Dark Chapter,173500,Classical
2024-07-19 19:44,Tomas Wilhelm,Words Unspoken,176444,
2024-07-19 19:46,Oscar Pascasio,Mermaid Waltz,134125,instrumental
2024-07-19 19:47,Ophelia Wilde,in the morning,96954,Classical
2024-07-19 19:50,Dennis Korn,A foggy Morning,127250,chillout
2024-07-19 19:52,Lysander,Bukowski’s Shadow,99770,instrumental
2024-07-19 19:54,Ophelia Wilde,café conversations,105524,Classical
2024-07-19 19:56,Imaginary Poet,Old Letter,151205,Classical
2024-07-19 20:00,Martin Biesecke,juliet's nocturne,155275,germany
2024-07-19 20:03,Imaginary Poet,Autumn,140901,Classical
2024-07-19 20:06,Melissa Galosi,Melancholy,182000,piano
2024-07-19 20:13,Imaginary Poet,Longing,159736,Classical
2024-07-19 20:16,Michel Haspeslagh,Inertia,113424,
2024-07-19 21:58,Jonas Hain,Au Vent,109434,instrumental
2024-07-19 21:59,Robert Schumann,"Kinderszenen, Op. 15: No. 7, Träumerei",85562,classical piano
2024-07-19 22:04,Mrs. GREEN APPLE,インフェルノ,212546,j-pop
2024-07-19 22:09,Aimer,Sailing,335973,anime
2024-07-19 22:14,halca,センチメンタルクライシス,243960,anime
2024-07-19 22:16,SiM,The Rumbling (TV Size),90265,classical
2024-07-19 22:19,2PM,Take off,204000,k-pop
2024-07-19 22:24,Nordex,Navigator (The Millionaire Detective Balance: Unlimited),91888,anime
2024-07-19 22:29,Nightmare,Alumina,305933,trip hop
2024-07-19 22:44,See Siang Wong,"One Summer's Day (From ""Spirited Away"")",77717,classical piano
2024-07-19 22:48,Masayuki Suzuki,DADDY ! DADDY ! DO !,254640,anime
2024-07-19 22:59,THE ORAL CIGARETTES,Kyouran Hey Kids!!,84490,j-rock
2024-07-19 23:01,Jeff Lewis,Did I Mention,18954,anti-folk
2024-07-19 23:04,Sofia Carson,Chillin' Like a Villain,25703,pop
2024-07-19 23:04,Jeff Lewis,Did I Mention,153786,anti-folk
2024-07-19 23:07,Sarah Jeffery,Queen of Mean,14653,Disney
2024-07-19 23:07,Jeff Lewis,Did I Mention,153786,anti-folk
2024-07-19 23:48,PornoGraffitti,THE DAY,241626,anime
2024-07-19 23:52,amazarashi,空に歌えば,217626,anime
2024-07-24 18:34,Hyskoa(CV:Daisuke Namikawa),Kyoso Requiem,36156,anime
2024-07-24 18:35,Hyskoa(CV:Daisuke Namikawa),Kyoso Requiem,52490,anime
2024-07-27 22:53,物語シリーズ,恋愛サーキュレーション,84472,anime
2024-07-27 22:56,物語シリーズ,恋愛サーキュレーション,170516,anime
2024-07-27 23:00,Sawano Hiroyuki,Attack on Titan,256920,anime
2024-07-27 23:02,Masatoshi Ono,departure!,5559,anime
2024-07-27 23:07,ALI,LOST IN PARADISE,327966,dangdut
2024-07-27 23:10,King Gnu,Prayer X,195226,j-pop
2024-07-27 23:15,Ai Higuchi,Akuma no Ko,227679,anime
2024-07-27 23:18,SPYAIR,イマジネーション,179133,anime
2024-07-27 23:23,TK from Ling tosite sigure,unravel,238360,anime
2024-07-27 23:27,Masayuki Suzuki,ラブ・ドラマティック (Funky Flag Version),262946,anime
2024-07-27 23:32,Sayuri,航海の唄,282760,anime
2024-07-27 23:36,Mrs. GREEN APPLE,インフェルノ,212546,j-pop
2024-07-27 23:42,Sukima Switch,Ah Yeah!! - 2020 Remaster,306213,j-pop
2024-07-27 23:45,UVERworld,ODD FUTURE,226493,anime
2024-07-27 23:51,Shinsei Kamattechan,Boku no Sensou,280466,anime
2024-07-27 23:54,Brian the Sun,HEROES,181360,anime
2024-07-28 00:00,Linked Horizon,Shinzo wo Sasageyo !,341413,anime
2024-07-28 00:03,2PM,Take off,204000,k-pop
2024-07-28 00:07,Cö shu Nie,give it back,212476,anime
2024-07-28 00:11,Dempagumi.Inc,Ψ発見伝！,236842,anime
2024-07-28 00:17,FictionJunction,from the edge,280933,anime
2024-07-28 00:21,Ikimonogakari,熱情のスペクトラム,223613,anime
2024-07-28 00:25,Funguypiano,Outro: Lit (Koe no Katachi / A Silent Voice),157750,piano
2024-07-28 00:29,UVERworld,Touch off,258706,anime
2024-07-28 00:34,UVERworld,CORE PRIDE,258693,anime
2024-07-28 00:39,SCREEN mode,Reason Living,244306,anime
2024-07-28 00:44,Lenny code fiction,Make my story,267586,anime
2024-07-28 00:48,Nightmare,the WORLD,233200,trip hop
2024-07-28 00:55,Yuki Hayashi,Might*U,389160,anime
2024-07-28 01:00,KANA-BOON,スターマーカー (Album Mix),213640,anime
2024-07-28 01:03,PELICAN FANCLUB,三原色,205213,anime
2024-07-28 01:10,Aimer,Sailing,335973,anime
2024-07-28 01:14,TK from Ling tosite sigure,unravel (acoustic version),228834,anime
2024-07-28 01:19,BURNOUT SYNDROMES,ヒカリアレ,244786,anime
2024-07-28 01:22,Hello Sleepwalkers,Goya No Machiawase,170640,j-rock
2024-07-28 01:26,Cells at Work!,Mission! Health Comes First,202773,anime
2024-07-28 01:30,King Gnu,SPECIALZ,238986,j-pop
2024-07-28 01:35,BURNOUT SYNDROMES,PHOENIX,246813,anime
2024-07-28 01:39,LiSA,だってアタシのヒーロー。,234093,k-pop
2024-07-28 01:43,halca,センチメンタルクライシス,243960,anime
2024-07-28 01:47,Aimer,残響散歌,184893,anime
2024-07-28 01:50,ALI,Wild Side,158500,dangdut
2024-07-28 01:53,ギヴン,冬のはなし,208906,anime
2024-07-28 01:57,Yuko Ando,Shogeki,181594,anime
2024-07-30 18:34,BURNOUT SYNDROMES,FLY HIGH!!,10120,anime
2024-07-30 18:34,BURNOUT SYNDROMES,FLY HIGH!!,188093,anime
2024-07-30 18:35,Melanie Martinez,Play Date,1960,pop
2024-07-30 19:21,yama,Oz.,194273,Stoner Rock
2024-07-30 19:21,The Walters,I Love You So,3064,indie rock
2024-07-30 19:25,yama,Oz.,194273,Stoner Rock
2024-07-30 19:29,Taylor Swift,The Way I Loved You (Taylor’s Version),243136,country
2024-07-30 19:30,Taylor Swift,I Knew You Were Trouble (Taylor's Version),3322,country
2024-07-30 19:33,Kali Uchis,Moonlight,187557,rnb
2024-07-30 19:40,Lana Del Rey,Brooklyn Baby,351640,female vocalists
2024-07-30 19:48,Taylor Swift,Enchanted,352186,country
2024-07-30 19:51,Taylor Swift,Midnight Rain,174782,country
2024-07-30 19:56,Tinashe,2 On (feat. ScHoolboy Q),227000,alternative r&b
2024-07-30 19:59,Sabrina Carpenter,Looking at Me,152549,pop
2024-07-30 20:05,Taylor Swift,Enchanted,352186,country
2024-07-30 20:41,Olivia Rodrigo,Can’t Catch Me Now - from The Hunger Games: The Ballad of Songbirds & Snakes,154173,pop
2024-07-30 21:44,Taylor Swift,Blank Space,22614,country
2024-07-30 21:44,Olivia Rodrigo,Can’t Catch Me Now - from The Hunger Games: The Ballad of Songbirds & Snakes,51556,pop
2024-07-30 21:44,Olivia Rodrigo,"All I Want - From ""High School Musical: The Musical: The Series""",1260,pop
2024-07-30 21:46,Taylor Swift,Karma,4480,country
2024-07-30 21:46,Sabrina Carpenter,Espresso,50226,pop
2024-07-30 22:01,yama,Oz.,194273,Stoner Rock
2024-07-30 22:02,Taylor Swift,I Knew You Were Trouble (Taylor's Version),52976,country
2024-07-30 22:06,Lana Del Rey,Art Deco,26591,female vocalists
2024-07-30 22:06,beabadoobee,A Night To Remember,233388,bedroom pop
2024-07-30 22:10,Taylor Swift,cardigan,239560,country
2024-07-30 22:11,Taylor Swift,Cruel Summer,55279,country
2024-07-30 22:29,Aimer,Sailing,335973,anime
2024-07-30 22:32,d4vd,Here With Me,150022,rnb
2024-07-30 22:37,Taylor Swift,Back To December,293026,country
2024-07-30 22:42,Tinashe,2 On (feat. ScHoolboy Q),227000,alternative r&b
2024-07-30 22:47,Lana Del Rey,Chemtrails Over The Country Club,271176,female vocalists
2024-07-30 22:51,Jung Kook,Still With You,239905,k-pop
2024-07-30 22:56,Taylor Swift,Labyrinth,247962,country
2024-07-30 23:02,Taylor Swift,I Can See You (Taylor’s Version) (From The Vault),273186,country
2024-07-30 23:04,Mitski,My Love Mine All Mine,137773,seen live
2024-07-30 23:08,Olivia Rodrigo,traitor,229226,pop
2024-07-30 23:12,Laufey,Let You Break My Heart Again,269066,jazz
2024-07-30 23:17,Lana Del Rey,Radio,214573,female vocalists
2024-07-30 23:22,The 1975,About You,326490,indie
2024-07-30 23:24,Lana Del Rey,Brooklyn Baby,75790,female vocalists
2024-07-30 23:28,Olivia Rodrigo,deja vu,215506,pop
2024-07-31 19:00,Ruth B.,Dandelions,84633,pop
2024-07-31 19:05,Ruth B.,Dandelions,149082,pop
2024-07-31 19:28,Joji,Glimpse of Us,233456,Lo-Fi
2024-07-31 19:45,Laufey,Fragile,241080,jazz
2024-07-31 19:52,Taylor Swift,All Too Well (Taylor's Version),329160,country
2024-07-31 19:55,Lana Del Rey,Say Yes To Heaven,209156,female vocalists
2024-07-31 20:01,James Arthur,Car's Outside,248373,soft pop
2024-07-31 20:04,Taylor Swift,Love Story,235266,country
2024-07-31 20:27,Melanie Martinez,Dollhouse,231853,pop
2024-07-31 20:31,Ariana Grande,we can't be friends (wait for your love),228639,pop
2024-07-31 20:35,Selena Gomez,Fetish (feat. Gucci Mane),186112,pop
2024-07-31 20:39,Camila Cabello,Never Be the Same,226973,pop
2024-07-31 20:45,Taylor Swift,Cruel Summer,178426,country
2024-07-31 23:17,Taylor Swift,Daylight,172777,country
2024-07-31 23:27,Taylor Swift,Daylight,120685,country
2024-07-31 23:28,Sabrina Carpenter,Looking at Me,26553,pop
2024-07-31 23:32,Ellie Goulding,My Blood,234184,female vocalists
2024-07-31 23:35,*NSYNC,It's Gonna Be Me,192426,pop
2024-07-31 23:37,Ricky Montgomery,Mr. Loverman,55675,indie
2024-07-31 23:41,Justin Bieber,Maria,248293,pop
2024-08-01 00:01,Shawn Mendes,In My Blood,211360,pop
2024-08-01 00:03,Taylor Swift,All Too Well (Taylor's Version),2040,country
2024-08-01 00:03,Sam Smith,I'm Not The Only One,22708,soft pop
2024-08-01 00:03,The Walters,I Love You So,6620,indie rock
2024-08-01 00:03,Lana Del Rey,Summertime Sadness,4670,female vocalists
2024-08-01 00:06,Ruth B.,Dandelions,180220,pop
2024-08-01 00:10,Taylor Swift,You Belong With Me,231133,country
2024-08-01 00:14,Dan + Shay,"10,000 Hours (with Justin Bieber)",167693,country
2024-08-01 00:19,The Weeknd,"One Of The Girls (with JENNIE, Lily Rose Depp)",36685,rnb
2024-08-01 00:23,Chappell Roan,Casual,232796,pop
2024-08-01 00:29,Chappell Roan,"Good Luck, Babe!",218423,pop
2024-08-01 00:32,Chappell Roan,HOT TO GO!,184841,pop
2024-08-01 00:34,Chappell Roan,Love Me Anyway,53236,pop
2024-08-01 00:38,Chappell Roan,Femininomenon,219710,pop
2024-08-01 00:41,Chappell Roan,Super Graphic Ultra Modern Girl,183888,pop
2024-08-01 00:44,Charli xcx,Apple,151739,hyperpop
2024-08-01 00:46,Chappell Roan,Die Young,154921,pop
2024-08-01 00:50,Gracie Abrams,Close To You,225973,seen live
2024-08-02 18:58,Charli xcx,Guess,1820,hyperpop
2024-08-02 18:58,Charli xcx,Guess,68326,hyperpop
2024-08-02 19:01,Lana Del Rey,Doin' Time,202192,female vocalists
2024-08-02 19:16,Taylor Swift,cardigan,239560,country
2024-08-02 19:19,Olivia Rodrigo,vampire,219724,pop
2024-08-02 19:23,The Walters,I Love You So,160239,indie rock
2024-08-02 19:27,Lana Del Rey,Pretty When You Cry,234146,female vocalists
2024-08-02 19:40,Lana Del Rey,Radio,214573,female vocalists
2024-08-02 19:41,Taylor Swift,Blank Space,51400,country
2024-08-02 19:44,Robert Gromotka,Letter To A Friend,184000,instrumental
2024-08-02 19:48,Emma Jackson,Prelude,168000,neoclassical
2024-08-02 19:51,Robert Gromotka,Black Tulip,159760,instrumental
2024-08-02 19:52,Jesse Brown,Days Gone By,88620,neoclassical
2024-08-02 19:55,Adrien de la Salle,Whispers In Paris,156000,canada
2024-08-02 19:58,Imaginary Poet,Morning Walk,190178,Classical
2024-08-02 20:01,Marco Apicella,Moonrise,175360,lo-fi beats
2024-08-02 20:03,Imaginary Poet,Wipe My Tears,149093,Classical
2024-08-02 20:05,Frédéric Chopin,"12 Etudes, Op. 10: No. 3 In E Tristesse",130200,classical piano
2024-08-02 20:07,Ophelia Wilde,hopeless romance,112653,Classical
2024-08-02 20:09,Imaginary Poet,Fantasy,125955,Classical
2024-08-02 20:12,Luke Faulkner,Clouds,179187,Classical
2024-08-02 20:28,Kristoffer Wallin,As Time Passes,124000,neoclassical
2024-08-02 20:34,Holly Jones,Twilight,113191,pop
2024-08-02 20:37,Imaginary Poet,Lullaby,152000,Classical
2024-08-02 20:43,Daniel Paterok,Dawn,147020,neoclassical
2024-08-02 20:46,Oscar Mallen,Room of Memories,164000,
2024-08-02 21:59,Oscar Kowalski,Pièce Manquante,156301,
2024-08-02 22:01,Martin Biesecke,the empty theater,128304,germany
2024-08-02 22:04,Lysander,Candlelight,125517,instrumental
2024-08-02 22:08,Frédéric Chopin,"Préludes No. 13 In F-Sharp Major, Op. 28: No. 13",229151,classical piano
2024-08-02 23:17,Luke Faulkner,The Wanderer,254451,Classical
2024-08-02 23:21,Luke Faulkner,The Wanderer,24269,Classical
2024-08-02 23:24,Howard Harper-Barnes,The English Affair,123805,instrumental
2024-08-02 23:26,Jonas Hain,Au Ciel,131317,instrumental
2024-08-02 23:36,Dennis Korn,Dinner Time,64750,chillout
2024-08-02 23:39,Dennis Korn,February: Waltz,148746,chillout
2024-08-02 23:42,Imaginary Poet,Hope,130044,Classical
2024-08-02 23:44,Henri Bentley,From Where You Stood,146500,
2024-08-02 23:46,Rasmus H Thomsen,Universal Language,98450,jazz
2024-08-02 23:50,Andrea Vanzo,Fire Burns Inside Me,213593,composer
2024-08-02 23:52,Yanson,Mémoires,140500,
2024-08-02 23:55,Ophelia Wilde,inner solitude,136602,Classical
2024-08-02 23:58,Jonas Hain,Traces dans le sable,144818,instrumental
2024-08-03 00:10,Ophelia Wilde,at twilight,98516,Classical
2024-08-03 00:14,Imaginary Poet,Dream World,236156,Classical
2024-08-03 00:16,Ophelia Wilde,transylvanian nights,104663,Classical
2024-08-03 00:19,Adrien de la Salle,Prélude d'une nuit d'automne,160750,canada
2024-08-03 00:22,Christopher Dicker,Impromptu No 2: Hiraeth,160833,neoclassical
2024-08-03 00:25,Rich Batsford,Heard On the Breeze,108250,neoclassical
2024-08-03 00:27,Klangmaler,Hymn For Stars,115433,
2024-08-03 00:32,Johann Sebastian Bach,"Suite No. 3 In D Major, BWV 1068: 2. Air (Arr. For Piano)",143031,classical
2024-08-03 00:36,Katharine Petkovski,reminiscence,138945,dark ambient
2024-08-03 00:38,Imaginary Poet,Script Of Time,166866,Classical
2024-08-03 00:42,Erik Satie,Gymnopédie No. 1,208000,classical piano
2024-08-03 00:45,Dennis Korn,Un Journée au Louvre,110500,chillout
2024-08-03 00:48,Francis Obel,"Serse, HWV 40: Ombra mai fu (Arr. for Piano)",174750,classical
2024-08-03 00:49,Edvard Grieg,"19 Norwegian Folk Tunes, Op.66: No. 19 Gjendine's Lullaby",63495,classical
2024-08-03 00:52,Erik Satie,Gnossienne No.3,215379,classical piano
2024-08-03 00:54,Ophelia Wilde,days passing,95735,Classical
2024-08-03 00:57,Claude Debussy,"Children's Corner, L. 113: V. The Little Sheperd",134116,classical piano
2024-08-03 01:01,Erik Satie,Gnossienne No.4,233062,classical piano
2024-08-03 01:03,Robert Gromotka,Black Tulip,159760,instrumental
2024-08-03 01:04,Erik Satie,"Mercure, Scene 1: La nuit",13273,classical piano
2024-08-03 01:07,Tinashe,2 On (feat. ScHoolboy Q),227000,alternative r&b
2024-08-03 01:11,Taylor Swift,Speak Now,240760,country
2024-08-03 01:48,Selena Gomez,Fetish (feat. Gucci Mane),177750,pop
2024-08-03 04:47,Selena Gomez,Fetish (feat. Gucci Mane),8609,pop
2024-08-03 04:53,Taylor Swift,I Can See You (Taylor’s Version) (From The Vault),273186,country
2024-08-03 04:59,7!!,オレンジ,350106,gangster rap
2024-08-03 05:04,Olivia Rodrigo,deja vu,215506,pop
2024-08-03 05:07,Taylor Swift,Karma,204852,country
2024-08-03 05:13,Taylor Swift,my tears ricochet,255893,country
2024-08-03 05:17,Taylor Swift,Safe & Sound - from The Hunger Games Soundtrack,240066,country
2024-08-03 05:21,The Weeknd,"One Of The Girls (with JENNIE, Lily Rose Depp)",244684,rnb
2024-08-03 05:24,Taylor Swift,Midnight Rain,174782,country
2024-08-03 05:29,Keane,Somewhere Only We Know,236160,britpop
2024-08-03 05:32,beabadoobee,the perfect pair,177533,bedroom pop
2024-08-03 05:37,Olivia Rodrigo,traitor,229226,pop
2024-08-03 05:39,beabadoobee,Glue Song,135066,bedroom pop
2024-08-03 05:43,Taylor Swift,The Man,190360,country
2024-08-03 05:47,Ariana Grande,we can't be friends (wait for your love),228639,pop
2024-08-03 05:52,Taylor Swift,Don’t Blame Me,236413,country
2024-08-03 05:56,Jung Kook,Still With You,239905,k-pop
2024-08-03 06:00,Lana Del Rey,Diet Mountain Dew,222920,female vocalists
2024-08-03 06:03,beabadoobee,the way things go,187800,bedroom pop
2024-08-03 06:08,Taylor Swift,illicit affairs,190898,country
2024-08-03 06:10,beabadoobee,Glue Song (feat. Clairo),135066,bedroom pop
2024-08-03 06:13,Sixpence None The Richer,Kiss Me,208680,pop
2024-08-03 06:17,Sabrina Carpenter,Feather,185552,pop
2024-08-03 06:21,Doechii,What It Is (Solo Version),189824,rap
2024-08-03 06:27,The 1975,About You,326490,indie
2024-08-03 06:31,Charlie Puth,We Don't Talk Anymore (feat. Selena Gomez),217706,soft pop
2024-08-03 06:37,Taylor Swift,All Too Well (Taylor's Version),329160,country
2024-08-03 06:38,Taylor Swift,We Are Never Ever Getting Back Together,55848,country
2024-08-05 01:05,Taylor Swift,We Are Never Ever Getting Back Together,84694,country
2024-08-05 01:09,Doja Cat,Agora Hills,265360,pop
2024-08-05 01:13,SZA,Saturn,186191,rnb
2024-08-05 01:17,Taylor Swift,Style,231000,country
2024-08-05 01:22,Laufey,Promise,234266,jazz
2024-08-05 01:26,Taylor Swift,Lover,221306,country
2024-08-05 01:31,Olivia Rodrigo,Can’t Catch Me Now - from The Hunger Games: The Ballad of Songbirds & Snakes,205483,pop
2024-08-05 01:32,Taylor Swift,Anti-Hero,67488,country
2024-08-05 01:34,The Neighbourhood,You Get Me So High,153000,indie
2024-08-05 01:40,The Neighbourhood,Flawless,246493,indie
2024-08-05 01:43,The Neighbourhood,Scary Love,222666,indie
2024-08-05 01:48,Chase Atlantic,Friends,230010,rnb
2024-08-05 01:52,Chase Atlantic,EMPTY,230266,rnb
2024-08-05 01:56,Chase Atlantic,Tidal Wave,243670,rnb
2024-08-05 02:00,Chase Atlantic,Church,220000,rnb
2024-08-05 02:05,Cigarettes After Sex,K.,320030,dream pop
2024-08-05 02:09,Cigarettes After Sex,Pure,254626,dream pop
2024-08-05 02:14,Cigarettes After Sex,Apocalypse,290616,dream pop
2024-08-05 02:18,The Neighbourhood,Cry Baby,235160,indie
2024-08-05 02:24,Cigarettes After Sex,Kiss It Off Me,269933,dream pop
2024-08-05 02:27,Chase Atlantic,LIKE A ROCKSTAR,208111,rnb
2024-08-05 02:32,The Neighbourhood,Afraid,251186,indie
2024-08-05 02:36,Cigarettes After Sex,You're the Only Good Thing In My Life,275186,dream pop
2024-08-07 23:15,Arctic Monkeys,R U Mine?,45888,indie
2024-08-07 23:18,Arctic Monkeys,R U Mine?,155838,indie
2024-08-07 23:22,Chase Atlantic,Drugs & Money - New Mix,239921,rnb
2024-08-07 23:30,Cigarettes After Sex,Starry Eyes,206000,dream pop
2024-08-07 23:35,The Neighbourhood,Prey,282640,indie
2024-08-07 23:41,Chase Atlantic,HEAVEN AND BACK,248240,rnb
2024-08-07 23:44,Cigarettes After Sex,Sunsetz,215150,dream pop
2024-08-07 23:49,Cigarettes After Sex,Truly,244110,dream pop
2024-08-07 23:56,The Neighbourhood,Fallen Star,224938,indie
2024-08-09 17:09,Adele,Skyfall,286480,dangdut
2024-08-09 17:10,Adele,Set Fire to the Rain,43950,dangdut
2024-08-09 17:15,Adele,Skyfall,286480,dangdut
2024-08-09 17:18,Adele,Water Under the Bridge,104770,dangdut
2024-08-09 17:19,d4vd,Here With Me,63260,rnb
2024-08-09 17:35,Lana Del Rey,Radio,214573,female vocalists
2024-08-09 17:42,Aimer,Sailing,335973,anime
2024-08-09 17:44,SZA,Kill Bill,153946,rnb
2024-08-09 17:49,Taylor Swift,Love Story,235266,country
2024-08-09 17:52,Taylor Swift,The Man,169815,country
2024-08-09 17:58,Adele,Skyfall,286480,dangdut
2024-08-09 18:00,gnash,"i hate u, i love u (feat. olivia o'brien)",75420,pop
2024-08-09 18:04,Ariana Grande,bloodline,216893,pop
2024-08-09 18:06,Melanie Martinez,Cake,151046,pop
2024-08-09 18:08,Zac Efron,Rewrite The Stars,55187,musicals
2024-08-09 18:08,Bruno Mars,Marry You,15570,pop
2024-08-09 18:27,Adele,Skyfall,286480,dangdut
2024-08-09 18:27,Adele,Set Fire to the Rain,24798,dangdut
2024-08-09 18:33,Adele,Skyfall,286480,dangdut
2024-08-09 18:36,Olivia Rodrigo,"jealousy, jealousy",173160,pop
2024-08-09 18:40,yama,Oz.,194273,Stoner Rock
2024-08-09 20:59,Ruth B.,Lost Boy,63619,pop
2024-08-09 21:05,Adele,Skyfall,286480,dangdut
2024-08-09 21:08,Taylor Swift,Bejeweled,194165,country
2024-08-09 21:13,James Arthur,Car's Outside,917,soft pop
2024-08-09 21:14,Conan Gray,The Story,28703,seen live
2024-08-09 21:18,Paloma Faith,Only Love Can Hurt Like This,232893,soul
2024-08-09 21:21,Mitski,Nobody,193429,seen live
2024-08-09 21:25,Labrinth,All For Us - from the HBO Original Series Euphoria,192986,electronic
2024-08-09 21:35,K.Flay,High Enough,231600,Hip-Hop
2024-08-09 21:36,grandson,Blood // Water,65714,alternative rock
2024-08-09 21:48,AURORA,Running with the Wolves,77620,norwegian pop
2024-08-09 21:51,Melanie Martinez,Teacher's Pet,7920,pop
2024-08-09 21:51,TAEYEON,Fine,14150,k-pop
2024-08-09 21:51,Kesha,Backstabber,186840,pop
2024-08-09 21:56,Adele,Skyfall,286480,dangdut
2024-08-09 22:01,SZA,Saturn,186191,rnb
2024-08-09 22:19,Lana Del Rey,Brooklyn Baby,240933,female vocalists
2024-08-09 22:21,Lana Del Rey,Brooklyn Baby,110554,female vocalists
2024-08-09 22:31,Taylor Swift,illicit affairs,190898,country
2024-08-09 22:47,Taylor Swift,The Way I Loved You (Taylor’s Version),243136,country
2024-08-09 22:53,Taylor Swift,Lover,221306,country
2024-08-10 02:39,Taylor Swift,Don’t Blame Me,119779,country
2024-08-11 00:59,Frédéric Chopin,"Nocturne No. 19 E Minor, Op. 72: No. 1",32448,classical piano
2024-08-13 20:01,Olivia Rodrigo,"All I Want - From ""High School Musical: The Musical: The Series""",177322,pop
2024-08-13 20:25,beabadoobee,A Night To Remember,233388,bedroom pop
2024-08-13 20:29,Melanie Martinez,Dollhouse,231853,pop
2024-08-13 20:33,Taylor Swift,I Knew You Were Trouble (Taylor's Version),219760,country
2024-08-13 20:48,Taylor Swift,All Too Well (Taylor's Version),329160,country
2024-08-13 20:54,The Weeknd,"One Of The Girls (with JENNIE, Lily Rose Depp)",244684,rnb
2024-08-13 20:57,Taylor Swift,Bejeweled,194165,country
2024-08-13 21:01,Olivia Rodrigo,traitor,229226,pop
2024-08-13 21:05,Taylor Swift,All Of The Girls You Loved Before,221407,country
2024-08-13 21:09,SZA,Kill Bill,153946,rnb
2024-08-13 21:13,ZAYN,I Don’t Wanna Live Forever (Fifty Shades Darker),247160,pop
2024-08-13 21:14,Ruth B.,Dandelions,1270,pop
2024-08-13 21:14,Lana Del Rey,Young And Beautiful,1110,female vocalists
2024-08-13 21:14,Sabrina Carpenter,Feather,15560,pop
2024-08-13 21:18,Taylor Swift,Style,231000,country
2024-08-13 21:22,d4vd,Here With Me,242484,rnb
2024-08-13 21:27,Lana Del Rey,Million Dollar Man,50805,female vocalists
2024-08-13 21:30,Imaginary Poet,Longing,159736,Classical
2024-08-13 21:32,Imaginary Poet,November,114258,Classical
2024-08-13 21:33,Lysander,Quiet Moments,104827,instrumental
2024-08-13 21:39,Melissa Galosi,Melancholy,182000,piano
2024-08-13 21:44,Frédéric Chopin,"Nocturnes, Op.37: No. 1 Andante Sostenuto",295348,classical piano
2024-08-13 21:47,Andrea Vanzo,Intimacy,146925,composer
2024-08-13 21:49,Chris Palmer,Duke Humfrey's Library,107990,medieval
2024-08-13 21:52,praam,"ernestine, 1983",171826,contemporary classical
2024-08-13 21:57,Erik Satie,Gnossienne No.1,310678,classical piano
2024-08-13 22:00,Dennis Korn,A Romance in Venice,130000,chillout
2024-08-13 22:02,Claude Debussy,"Children's Corner, L. 113: V. The Little Sheperd",134116,classical piano
2024-08-13 22:04,Imaginary Poet,Autumn,140901,Classical
2024-08-13 22:06,Ophelia Wilde,marriage,97964,Classical
2024-08-13 22:09,Sarah Watson,Broken Clouds,100659,
2024-08-13 22:12,Oscar Mallen,The Caress Of The Ocean,170000,
2024-08-13 22:14,bzur,Into The Unknown,135057,electronica
2024-08-13 22:17,Dennis Korn,Cimetière du Père Lachaise,141000,chillout
2024-08-13 22:20,Dario Marianelli,"Dawn - From ""Pride & Prejudice"" Soundtrack",158600,soundtrack
2024-08-14 00:14,Jonas Kolberg,Late Night Train,124800,
2024-08-14 00:14,Jonas Kolberg,Late Night Train,2340,
2024-08-14 00:19,The Weeknd,"One Of The Girls (with JENNIE, Lily Rose Depp)",244684,rnb
2024-08-14 00:23,ZAYN,I Don’t Wanna Live Forever (Fifty Shades Darker),247160,pop
2024-08-14 00:26,Laufey,From The Start,169573,jazz
2024-08-14 00:29,Taylor Swift,Lover,221306,country
2024-08-14 00:33,Taylor Swift,We Are Never Ever Getting Back Together,191880,country
2024-08-14 00:36,Taylor Swift,Cruel Summer,178426,country
2024-08-14 00:42,Billie Eilish,"What Was I Made For? [From The Motion Picture ""Barbie""]",222369,pop
2024-08-14 00:58,Jung Kook,Still With You,239905,k-pop
2024-08-14 01:02,Taylor Swift,Love Story,235266,country
2024-08-14 01:06,Kali Uchis,Melting,208853,rnb
2024-08-14 01:09,Charlie Puth,One Call Away,194453,soft pop
2024-08-14 01:13,Taylor Swift,All Too Well (Taylor's Version),123824,country
2024-08-19 19:53,Taylor Swift,All Too Well (Taylor's Version),205554,country
2024-08-19 19:59,Lana Del Rey,Brooklyn Baby,351640,female vocalists
2024-08-19 20:07,Lana Del Rey,Pretty When You Cry,234146,female vocalists
2024-08-19 20:11,Joji,Glimpse of Us,233456,Lo-Fi
2024-08-24 08:58,Chase Atlantic,LIKE A ROCKSTAR,134826,rnb
2024-08-31 16:19,Adele,Skyfall,286480,dangdut
2024-08-31 16:21,Taylor Swift,Karma,30477,country
2024-08-31 16:24,Arctic Monkeys,I Wanna Be Yours,183956,indie
2024-08-31 16:29,The Neighbourhood,The Beach,255133,indie
2024-08-31 16:34,Cigarettes After Sex,You're the Only Good Thing In My Life,275186,dream pop
2024-08-31 16:38,Chase Atlantic,Numb to the Feeling,227586,rnb
2024-08-31 16:41,d4vd,Romantic Homicide,132630,rnb
2024-08-31 16:46,The Neighbourhood,Alleyways,267853,indie
2024-08-31 16:51,Chase Atlantic,MAMACITA,202931,rnb
2024-08-31 16:55,Cigarettes After Sex,Truly,244110,dream pop
2024-08-31 17:00,The Neighbourhood,Sadderdaze,245826,indie
2024-08-31 17:05,Cigarettes After Sex,Apocalypse,290616,dream pop
2024-08-31 17:10,Chase Atlantic,Drugs & Money - New Mix,239921,rnb
2024-08-31 17:13,Chase Atlantic,Church,220000,rnb
2024-08-31 17:18,Chase Atlantic,EMPTY,230266,rnb
2024-08-31 17:21,The Neighbourhood,Softcore,206280,indie
2024-08-31 17:30,Arctic Monkeys,Snap Out Of It,187766,indie
2024-09-02 22:22,Arctic Monkeys,R U Mine?,5461,indie
2024-09-02 22:22,The Weeknd,"One Of The Girls (with JENNIE, Lily Rose Depp)",1770,rnb
2024-09-02 22:22,Lana Del Rey,"Once Upon a Dream - From ""Maleficent"" / Pop Version",4074,female vocalists
2024-09-02 22:22,Lana Del Rey,Cinnamon Girl,1343,female vocalists
2024-09-02 22:22,Arctic Monkeys,Snap Out Of It,1259,indie
2024-09-02 22:22,Keane,Somewhere Only We Know,1045,britpop
2024-09-02 22:22,Taylor Swift,Don’t Blame Me,1920,country
2024-09-02 22:22,Sasha Alex Sloan,Dancing With Your Ghost,2069,indie pop
2024-09-02 22:22,Laufey,Let You Break My Heart Again,1002,jazz
2024-09-02 22:23,Taylor Swift,All Too Well (Taylor's Version),4416,country
2024-09-02 22:23,Matt Maltese,As the World Caves In,3946,pop
2024-09-02 22:23,KANA-BOON,スターマーカー (Album Mix),1877,anime
2024-09-02 22:23,Lana Del Rey,Radio,2197,female vocalists
2024-09-02 22:23,Regina Spektor,Two Birds,3669,female vocalists
2024-09-02 22:23,Billie Eilish,BIRDS OF A FEATHER,725,pop
2024-09-02 22:23,Taylor Swift,The Man,4245,country
2024-09-02 22:23,Sasha Alex Sloan,Dancing With Your Ghost,6229,indie pop
2024-09-02 22:28,Billie Eilish,WILDFLOWER,261466,pop
2024-09-02 22:29,Taylor Swift,Don’t Blame Me,277,country
2024-09-02 22:34,Taylor Swift,You Belong With Me,832,country
2024-09-02 22:34,Billie Eilish,WILDFLOWER,1467,pop
2024-09-02 22:34,Billie Eilish,WILDFLOWER,21290,pop
2024-09-02 22:34,Billie Eilish,WILDFLOWER,8539,pop
2024-09-02 22:34,Taylor Swift,We Are Never Ever Getting Back Together,13589,country
2024-09-02 22:34,Olivia Rodrigo,"All I Want - From ""High School Musical: The Musical: The Series""",485,pop
2024-09-02 22:34,Olivia Rodrigo,"All I Want - From ""High School Musical: The Musical: The Series""",768,pop
2024-09-02 22:39,Billie Eilish,WILDFLOWER,261466,pop
2024-09-02 22:41,The Neighbourhood,You Get Me So High,153000,indie
2024-09-02 22:42,Sabrina Carpenter,Taste,17073,pop
2024-09-02 22:46,The Neighbourhood,The Beach,255133,indie
2024-09-02 22:50,Arctic Monkeys,505,253586,indie
2024-09-02 22:56,The Neighbourhood,Flawless,177192,indie
2024-09-03 03:41,Billie Eilish,WILDFLOWER,19578,pop
2024-09-03 03:41,Billie Eilish,BIRDS OF A FEATHER,210373,pop
2024-09-03 03:45,Sixpence None The Richer,Kiss Me,207530,pop
2024-09-03 09:33,Billie Eilish,WILDFLOWER,261466,pop
2024-09-03 09:38,Billie Eilish,WILDFLOWER,261466,pop
2024-09-03 09:42,Billie Eilish,WILDFLOWER,261466,pop
2024-09-03 09:46,Billie Eilish,WILDFLOWER,261466,pop
2024-09-03 09:51,Billie Eilish,WILDFLOWER,261466,pop
2024-09-03 09:55,Billie Eilish,WILDFLOWER,261466,pop
2024-09-03 09:59,Billie Eilish,WILDFLOWER,261466,pop
2024-09-03 10:03,Billie Eilish,WILDFLOWER,235289,pop
2024-09-04 18:35,Billie Eilish,WILDFLOWER,17290,pop
2024-09-04 18:39,Billie Eilish,WILDFLOWER,261466,pop
2024-09-04 18:43,Taylor Swift,Labyrinth,247962,country
2024-09-04 18:47,Taylor Swift,Lover,221306,country
2024-09-04 18:51,Jung Kook,Still With You,239905,k-pop
2024-09-04 18:57,Lana Del Rey,Brooklyn Baby,351640,female vocalists
2024-09-04 19:01,Coyote Theory,This Side of Paradise,242010,indie
2024-09-04 19:04,Lana Del Rey,Summertime Sadness,195818,female vocalists
2024-09-04 19:09,Claude Debussy,"Suite Bergamasque, L.75: 3.: Claire De Lune",305241,classical piano
2024-09-04 19:12,Imaginary Poet,Old Letter,151205,Classical
2024-09-04 19:14,Ophelia Wilde,Reflections,124502,Classical
2024-09-04 19:17,Adrien de la Salle,Prélude d'une nuit d'automne,160750,canada
2024-09-04 19:18,Lysander,Library Whispers,85344,instrumental
2024-09-04 19:21,Wallerstedt,Serenity,182780,
2024-09-04 19:23,Yehezkel Raz,Consolation No. 2 in A-flat Major,108906,ambient
2024-09-04 19:25,George Frideric Handel,"Suite No. 7 In G Minor, HWV 432: VI. Passacaglia",127477,classical
2024-09-04 19:30,Luke Faulkner,The Wanderer,278472,Classical
2024-09-04 19:31,Andrea Vanzo,Autumn Intro,102448,composer
2024-09-04 19:34,Lysander,Candlelight,125517,instrumental
2024-09-04 19:36,Alstad,Garden Waltz,130840,instrumental
2024-09-04 19:38,Edward Cross,the willow,139157,Classical
2024-09-04 19:40,Ophelia Wilde,dear edmond,137064,Classical
2024-09-04 19:43,Franz Gordon,The French Library,179702,piano
2024-09-04 19:44,Luke Faulkner,Awakening,43057,Classical
2024-09-04 19:49,Taylor Swift,Daylight,293453,country
2024-09-04 19:53,Billie Eilish,"What Was I Made For? [From The Motion Picture ""Barbie""]",222369,pop
2024-09-04 19:56,SZA,Saturn,186191,rnb
2024-09-04 19:59,Taylor Swift,illicit affairs,190898,country
2024-09-04 20:02,Olivia Rodrigo,Can’t Catch Me Now - from The Hunger Games: The Ballad of Songbirds & Snakes,205483,pop
2024-09-04 20:06,Taylor Swift,Anti-Hero,200690,country
2024-09-04 20:09,beabadoobee,the perfect pair,177533,bedroom pop
2024-09-04 20:12,Taylor Swift,London Boy,186989,country
2024-09-04 20:17,Claude Debussy,"Suite Bergamasque, L.75: 3.: Claire De Lune",305241,classical piano
2024-09-04 20:20,Imaginary Poet,Old Letter,151205,Classical
2024-09-04 20:22,Ophelia Wilde,Reflections,124502,Classical
2024-09-04 20:24,Adrien de la Salle,Prélude d'une nuit d'automne,160750,canada
2024-09-04 20:26,Lysander,Library Whispers,85344,instrumental
2024-09-04 20:29,Wallerstedt,Serenity,182780,
2024-09-04 20:31,Yehezkel Raz,Consolation No. 2 in A-flat Major,108906,ambient
2024-09-04 21:28,George Frideric Handel,"Suite No. 7 In G Minor, HWV 432: VI. Passacaglia",127477,classical
2024-09-04 21:32,Luke Faulkner,The Wanderer,243841,Classical
2024-09-04 21:32,Gwen Stefani,Luxurious,7410,pop
2024-09-04 21:36,Chase Atlantic,Friends,230010,rnb
2024-09-04 21:39,Beach Weather,"Sex, Drugs, Etc.",196784,indie
2024-09-04 21:43,The Neighbourhood,Nervous,245000,indie
2024-09-04 21:47,Chase Atlantic,Moonlight,252000,rnb
2024-09-04 21:48,Chase Atlantic,LUST,29655,rnb
2024-09-04 21:51,Taylor Swift,You Belong With Me,4370,country
2024-09-04 21:51,Cigarettes After Sex,Heavenly,169190,dream pop
2024-09-04 21:54,SZA,Saturn,186191,rnb
2024-09-04 21:57,Taylor Swift,illicit affairs,190898,country
2024-09-04 22:00,Taylor Swift,We Are Never Ever Getting Back Together,191880,country
2024-09-04 22:04,Ellie Goulding,My Blood,234184,female vocalists
2024-09-04 22:05,Laufey,Let You Break My Heart Again,73445,jazz
2024-09-04 22:11,Claude Debussy,"Suite Bergamasque, L.75: 3.: Claire De Lune",305241,classical piano
2024-09-04 22:13,Imaginary Poet,Old Letter,151205,Classical
2024-09-04 22:15,Ophelia Wilde,Reflections,124502,Classical
2024-09-04 22:18,Adrien de la Salle,Prélude d'une nuit d'automne,160750,canada
2024-09-04 22:19,Lysander,Library Whispers,85344,instrumental
2024-09-04 22:22,Wallerstedt,Serenity,182780,
2024-09-04 22:24,Yehezkel Raz,Consolation No. 2 in A-flat Major,108906,ambient
2024-09-04 22:26,George Frideric Handel,"Suite No. 7 In G Minor, HWV 432: VI. Passacaglia",127477,classical
2024-09-04 22:31,Luke Faulkner,The Wanderer,278472,Classical
2024-09-04 22:33,Andrea Vanzo,Autumn Intro,102448,composer
2024-09-04 22:35,Lysander,Candlelight,125517,instrumental
2024-09-04 22:37,Alstad,Garden Waltz,130840,instrumental
2024-09-04 22:39,Edward Cross,the willow,139157,Classical
2024-09-04 22:42,Ophelia Wilde,dear edmond,137064,Classical
2024-09-04 22:45,Franz Gordon,The French Library,179702,piano
2024-09-04 22:49,Tom Kristiaan,Les Secrets de la Soirée,27517,instrumental
2024-09-04 22:49,Luke Faulkner,Awakening,246070,Classical
2024-09-04 22:54,Taylor Swift,Back To December,293026,country
2024-09-04 22:57,Sabrina Carpenter,Feather,185552,pop
2024-09-04 23:01,Melanie Martinez,Dollhouse,231853,pop
2024-09-04 23:04,Charlie Puth,One Call Away,194453,soft pop
2024-09-04 23:07,Taylor Swift,Anti-Hero,138994,country
2024-09-04 23:09,beabadoobee,Glue Song,135066,bedroom pop
2024-09-04 23:12,Lana Del Rey,Doin' Time,202192,female vocalists
2024-09-05 00:04,Gwen Stefani,Luxurious,115560,pop
2024-09-05 15:52,Gwen Stefani,Luxurious,149613,pop
2024-09-05 15:56,Taylor Swift,The Archer,211240,country
2024-09-05 15:56,Taylor Swift,Style,10967,country
2024-09-05 15:56,SZA,Kill Bill,1720,rnb
2024-09-05 16:00,Taylor Swift,cardigan,239560,country
2024-09-05 16:03,Taylor Swift,illicit affairs,190898,country
2024-09-05 16:07,ZAYN,I Don’t Wanna Live Forever (Fifty Shades Darker),247160,pop
2024-09-05 16:09,Ariana Grande,intro (end of the world),92400,pop
2024-09-05 16:13,Keane,Somewhere Only We Know,236160,britpop
2024-09-05 16:14,Selena Gomez,Fetish (feat. Gucci Mane),72371,pop
2024-09-05 16:19,Lana Del Rey,Art Deco,295066,female vocalists
2024-09-05 16:22,Olivia Rodrigo,happier,175933,pop
2024-09-05 16:26,Taylor Swift,You Belong With Me,231133,country
2024-09-05 16:30,Lana Del Rey,Pretty When You Cry,234146,female vocalists
2024-09-05 16:30,Melanie Martinez,Teacher's Pet,14760,pop
2024-09-05 16:30,Ruth B.,Lost Boy,1120,pop
2024-09-05 16:33,SZA,Saturn,187549,rnb
2024-09-05 16:36,Justin Bieber,Ghost,153190,pop
2024-09-05 16:37,Doechii,What It Is (Solo Version),109071,rap
2024-09-05 16:45,Lana Del Rey,Chemtrails Over The Country Club,271176,female vocalists
2024-09-05 16:49,Lana Del Rey,Say Yes To Heaven,209156,female vocalists
2024-09-05 16:51,Taylor Swift,Midnight Rain,174782,country
2024-09-05 16:55,Billie Eilish,BIRDS OF A FEATHER,210373,pop
2024-09-05 17:01,Lana Del Rey,Brooklyn Baby,351640,female vocalists
2024-09-05 17:05,Billie Eilish,"What Was I Made For? [From The Motion Picture ""Barbie""]",222369,pop
2024-09-05 17:14,Laufey,Promise,234266,jazz
2024-09-05 17:17,Taylor Swift,We Are Never Ever Getting Back Together,1220,country
2024-09-05 17:17,d4vd,Here With Me,133744,rnb
2024-09-05 17:17,Taylor Swift,Bejeweled,1190,country
2024-09-05 17:17,Laufey,Let You Break My Heart Again,1330,jazz
2024-09-05 17:20,SZA,Snooze,201800,rnb
2024-09-05 17:25,Taylor Swift,Daylight,293453,country
2024-09-05 19:21,The 1975,About You,326490,indie
2024-09-05 19:22,Taylor Swift,I Knew You Were Trouble (Taylor's Version),3595,country
2024-09-05 19:25,Taylor Swift,Gorgeous,209680,country
2024-09-05 19:26,Melanie Martinez,Play Date,50870,pop
2024-09-05 19:30,Lana Del Rey,Ultraviolence,251480,female vocalists
2024-09-05 19:34,HYBS,Tip Toe,224725,synthpop
2024-09-05 19:40,Taylor Swift,Enchanted,352186,country
2024-09-05 19:44,Lana Del Rey,West Coast,256760,female vocalists
2024-09-05 19:48,Ariana Grande,we can't be friends (wait for your love),228639,pop
2024-09-05 19:51,beabadoobee,the perfect pair,177533,bedroom pop
2024-09-05 19:55,Taylor Swift,Lover,221306,country
2024-09-05 19:58,Lana Del Rey,Young And Beautiful,236053,female vocalists
2024-09-05 20:02,Taylor Swift,Love Story,235266,country
2024-09-05 20:06,Taylor Swift,The Way I Loved You (Taylor’s Version),243136,country
2024-09-05 20:10,beabadoobee,A Night To Remember,233388,bedroom pop
2024-09-05 20:14,Taylor Swift,Blank Space,231826,country
2024-09-05 20:17,Taylor Swift,London Boy,190240,country
2024-09-05 20:21,Lana Del Rey,Radio,214573,female vocalists
2024-09-05 20:23,Lana Del Rey,Sad Girl,1120,female vocalists
2024-09-05 20:23,Taylor Swift,I Can See You (Taylor’s Version) (From The Vault),91412,country
2024-09-05 20:26,Ruth B.,Dandelions,233720,pop
2024-09-05 20:31,Doja Cat,Agora Hills,265360,pop
2024-09-05 20:37,Lana Del Rey,Diet Mountain Dew,222920,female vocalists
2024-09-05 20:40,Taylor Swift,Cruel Summer,178426,country
2024-09-05 20:43,beabadoobee,the way things go,187800,bedroom pop
2024-09-05 20:47,Taylor Swift,Don’t Blame Me,236413,country
2024-09-05 20:50,The Walters,I Love You So,160239,indie rock
2024-09-05 20:52,Laufey,Valentine,168906,jazz
2024-09-05 20:52,Sasha Alex Sloan,Dancing With Your Ghost,3323,indie pop
2024-09-05 20:57,Adele,Skyfall,286480,dangdut
2024-09-05 21:01,Tinashe,2 On (feat. ScHoolboy Q),227000,alternative r&b
2024-09-05 21:07,Lana Del Rey,Dark Paradise,243187,female vocalists
2024-09-05 21:11,Taylor Swift,Karma,204852,country
2024-09-05 23:36,The Weeknd,"One Of The Girls (with JENNIE, Lily Rose Depp)",67450,rnb
2024-09-06 07:46,Lady Gaga,Die With A Smile,248533,art pop
2024-09-06 18:31,Billie Eilish,WILDFLOWER,152,pop
2024-09-06 18:31,Lady Gaga,Die With A Smile,251667,art pop
2024-09-06 18:50,Doja Cat,Agora Hills,265360,pop
2024-09-06 18:53,Taylor Swift,Gorgeous,209680,country
2024-09-06 18:54,Selena Gomez,Fetish (feat. Gucci Mane),27460,pop
2024-09-06 18:58,Taylor Swift,cardigan,239560,country
2024-09-06 19:01,Taylor Swift,All Of The Girls You Loved Before,221407,country
2024-09-06 19:16,Taylor Swift,illicit affairs,190898,country
2024-09-06 19:19,Taylor Swift,Midnight Rain,174782,country
2024-09-06 19:22,Billie Eilish,"What Was I Made For? [From The Motion Picture ""Barbie""]",222369,pop
2024-09-06 19:23,Taylor Swift,All Too Well (Taylor's Version),8431,country
2024-09-06 19:27,The Weeknd,"One Of The Girls (with JENNIE, Lily Rose Depp)",244684,rnb
2024-09-06 19:29,Taylor Swift,Anti-Hero,118805,country
2024-09-06 19:32,Taylor Swift,Lover,221306,country
2024-09-06 19:37,Taylor Swift,I Can See You (Taylor’s Version) (From The Vault),273186,country
2024-09-06 19:51,Lana Del Rey,Chemtrails Over The Country Club,235676,female vocalists
2024-09-06 19:51,Lana Del Rey,Million Dollar Man,9000,female vocalists
2024-09-06 19:53,beabadoobee,Glue Song,135066,bedroom pop
2024-09-06 19:58,Lana Del Rey,Dark Paradise,243187,female vocalists
2024-09-06 20:00,beabadoobee,the perfect pair,177533,bedroom pop
2024-09-06 20:03,Melanie Martinez,Play Date,179867,pop
2024-09-06 20:06,Laufey,Falling Behind,173640,jazz
2024-09-06 20:10,Melanie Martinez,Teacher's Pet,241893,pop
2024-09-06 20:15,Billie Eilish,WILDFLOWER,261466,pop
2024-09-06 20:16,Ariana Grande,intro (end of the world),92400,pop
2024-09-06 20:19,Laufey,From The Start,169573,jazz
2024-09-06 21:30,Taylor Swift,my tears ricochet,191232,country
2024-09-06 21:32,Taylor Swift,my tears ricochet,64663,country
2024-09-06 21:35,Taylor Swift,Don’t Blame Me,236413,country
2024-09-06 21:41,7!!,オレンジ,350106,gangster rap
2024-09-06 21:53,Taylor Swift,Blank Space,41347,country
2024-09-06 21:53,Lana Del Rey,Brooklyn Baby,351640,female vocalists
2024-09-06 22:00,Olivia Rodrigo,"jealousy, jealousy",461,pop
2024-09-06 22:00,beabadoobee,A Night To Remember,233388,bedroom pop
2024-09-06 22:00,SZA,Snooze,4590,rnb
2024-09-06 22:05,Taylor Swift,Karma,47827,country
2024-09-06 22:05,Taylor Swift,Labyrinth,247962,country
2024-09-06 22:09,Taylor Swift,Wildest Dreams,220440,country
2024-09-06 22:13,Lady Gaga,Die With A Smile,251667,art pop
2024-09-06 22:16,Taylor Swift,"""Slut!"" (Taylor's Version) (From The Vault)",180381,country
2024-09-06 22:20,Lana Del Rey,Diet Mountain Dew,222920,female vocalists
2024-09-06 22:23,Laufey,Valentine,168906,jazz
2024-09-06 22:34,Lana Del Rey,Ultraviolence,151964,female vocalists
2024-09-06 22:37,Djo,End of Beginning,159245,psychedelic pop
2024-09-06 22:41,Sixpence None The Richer,Kiss Me,236174,pop
2024-09-06 22:45,The Neighbourhood,Nervous,245000,indie
2024-09-06 23:01,Chase Atlantic,Numb to the Feeling,227586,rnb
2024-09-06 23:05,Chase Atlantic,Church,220000,rnb
2024-09-06 23:33,The Neighbourhood,Compass,2970,indie
2024-09-06 23:33,Cigarettes After Sex,Falling In Love,2410,dream pop
2024-09-06 23:33,Cigarettes After Sex,Pure,191233,dream pop
2024-09-06 23:36,Arctic Monkeys,Stop The World I Wanna Get Off With You,191040,indie
2024-09-06 23:59,Chase Atlantic,HEAVEN AND BACK,258330,rnb
2024-09-07 06:11,Billie Eilish,BIRDS OF A FEATHER,210373,pop
2024-09-07 06:11,Lana Del Rey,Young And Beautiful,4038,female vocalists
2024-09-08 04:04,Hello Ga-Young,"Did you wake up? (one and only romance X Hello Ga-Young, WONPIL(DAY6))",199146,k-ballad
2024-09-08 23:16,Taylor Swift,Enchanted,3562,country
2024-09-08 23:16,King Gnu,Prayer X,59169,j-pop
2024-09-08 23:21,Arctic Monkeys,505,253586,indie
2024-09-08 23:24,The Neighbourhood,Scary Love,222666,indie
2024-09-08 23:37,The Neighbourhood,Flawless,246493,indie
2024-09-08 23:37,Lady Gaga,Die With A Smile,233,art pop
2024-09-10 19:31,Lady Gaga,Die With A Smile,251439,art pop
2024-09-10 19:35,The Neighbourhood,Sweater Weather,240400,indie
2024-09-10 19:43,The Neighbourhood,Reflections,244013,indie
2024-09-10 19:48,The Neighbourhood,Prey,282640,indie
2024-09-10 19:52,Chase Atlantic,Swim,228786,rnb
2024-09-10 19:56,Cigarettes After Sex,Sunsetz,215150,dream pop
2024-09-10 20:15,Chase Atlantic,OHMAMI,226835,rnb
2024-09-10 20:19,The Neighbourhood,Afraid,251186,indie
2024-09-10 20:23,Chase Atlantic,Right Here,235000,rnb
2024-09-10 20:27,The Neighbourhood,Daddy Issues,260173,indie
2024-09-10 20:30,Cigarettes After Sex,Cry,12200,dream pop
2024-09-10 20:30,Cigarettes After Sex,Stop Waiting,149065,dream pop
2024-09-10 20:33,The Neighbourhood,Compass,167960,indie
2024-09-10 20:40,Chase Atlantic,Tidal Wave,243670,rnb
2024-09-10 20:46,Arctic Monkeys,Why'd You Only Call Me When You're High?,161123,indie
2024-09-10 20:49,Arctic Monkeys,Stop The World I Wanna Get Off With You,191040,indie
2024-09-10 20:53,The Neighbourhood,Void,203666,indie
2024-09-10 20:57,Chase Atlantic,Drugs & Money - New Mix,239921,rnb
2024-09-10 21:01,The Weeknd,"One Of The Girls (with JENNIE, Lily Rose Depp)",244684,rnb
2024-09-10 21:04,Chase Atlantic,HER,169720,rnb
2024-09-10 21:09,Cigarettes After Sex,Kiss It Off Me,269933,dream pop
2024-09-10 21:12,Chase Atlantic,Okay,212306,rnb
2024-09-10 21:16,Chase Atlantic,HEAVEN AND BACK,248240,rnb
2024-09-10 21:21,The Neighbourhood,Baby Came Home,226880,indie
2024-09-10 22:26,Cigarettes After Sex,K.,320030,dream pop
2024-09-10 22:27,Cigarettes After Sex,Starry Eyes,71922,dream pop
2024-09-10 22:41,Chase Atlantic,Paradise,256453,rnb
2024-09-10 22:49,Cigarettes After Sex,Falling In Love,11016,dream pop
2024-09-10 22:54,beabadoobee,A Night To Remember,233388,bedroom pop
2024-09-10 23:01,Melanie Martinez,Teacher's Pet,3479,pop
2024-09-10 23:01,Sabrina Carpenter,Feather,185552,pop
2024-09-10 23:02,Taylor Swift,I Knew You Were Trouble (Taylor's Version),6090,country
2024-09-10 23:02,Taylor Swift,The Man,1110,country
2024-09-10 23:02,Sabrina Carpenter,Looking at Me,29450,pop
2024-09-10 23:06,Taylor Swift,Speak Now,240760,country
2024-09-10 23:10,Olivia Rodrigo,Can’t Catch Me Now - from The Hunger Games: The Ballad of Songbirds & Snakes,205483,pop
2024-09-10 23:15,Ruth B.,Lost Boy,275280,pop
2024-09-10 23:19,Taylor Swift,Safe & Sound - from The Hunger Games Soundtrack,240066,country
2024-09-10 23:27,Taylor Swift,Daylight,293453,country
2024-09-10 23:32,Lana Del Rey,Art Deco,295066,female vocalists
2024-09-10 23:36,Laufey,Fragile,241080,jazz
2024-09-10 23:39,Taylor Swift,Gorgeous,209680,country
2024-09-10 23:44,Taylor Swift,The Way I Loved You (Taylor’s Version),243136,country
2024-09-10 23:47,Billie Eilish,BIRDS OF A FEATHER,210373,pop
2024-09-10 23:51,Olivia Rodrigo,traitor,229226,pop
2024-09-11 00:08,Gwen Stefani,Luxurious,193622,pop
2024-09-11 00:12,Gwen Stefani,Luxurious,71312,pop
2024-09-11 00:17,Lana Del Rey,Sad Girl,317760,female vocalists
2024-09-11 02:21,Ellie Goulding,My Blood,27148,female vocalists
2024-09-12 15:36,Ellie Goulding,My Blood,207292,female vocalists
2024-09-12 15:46,Coyote Theory,This Side of Paradise,242010,indie
2024-09-12 15:54,Taylor Swift,Don’t Blame Me,236413,country
2024-09-12 16:00,Taylor Swift,Fearless (Taylor’s Version),241591,country
2024-09-12 16:14,Taylor Swift,Blank Space,231826,country
2024-09-12 16:44,Lana Del Rey,Chemtrails Over The Country Club,271176,female vocalists
2024-09-12 16:45,Charlie Puth,One Call Away,39989,soft pop
2024-09-12 16:49,Lana Del Rey,West Coast,256760,female vocalists
2024-09-12 16:50,Charlie Puth,We Don't Talk Anymore (feat. Selena Gomez),27960,soft pop
2024-09-12 16:54,Lana Del Rey,Diet Mountain Dew,222920,female vocalists
2024-09-12 16:59,Lana Del Rey,Brooklyn Baby,351640,female vocalists
2024-09-12 17:04,Taylor Swift,Labyrinth,247962,country
2024-09-12 17:11,Laufey,Let You Break My Heart Again,269066,jazz
2024-09-12 17:20,d4vd,Here With Me,77480,rnb
2024-09-12 17:24,Taylor Swift,Wildest Dreams,220440,country
2024-09-12 17:26,Justin Bieber,Ghost,153190,pop
2024-09-12 17:29,Taylor Swift,All Too Well (Taylor's Version),2620,country
2024-09-12 17:29,Joji,Glimpse of Us,1160,Lo-Fi
2024-09-12 17:29,Taylor Swift,London Boy,121699,country
2024-09-12 17:29,Doechii,What It Is (Solo Version),1100,rap
2024-09-12 17:32,Laufey,Falling Behind,29280,jazz
2024-09-12 17:32,Olivia Rodrigo,"jealousy, jealousy",1000,pop
2024-09-12 17:32,Taylor Swift,Bejeweled,850,country
2024-09-12 17:32,SZA,Snooze,3730,rnb
2024-09-12 17:32,SZA,Kill Bill,1240,rnb
2024-09-12 17:36,SZA,Saturn,186191,rnb
2024-09-12 17:40,Taylor Swift,my tears ricochet,255893,country
2024-09-12 23:11,Taylor Swift,All Of The Girls You Loved Before,100116,country
2024-09-12 23:13,Taylor Swift,All Of The Girls You Loved Before,121230,country
2024-09-13 00:20,Billie Eilish,"What Was I Made For? [From The Motion Picture ""Barbie""]",222369,pop
2024-09-13 00:24,Lana Del Rey,Dark Paradise,243187,female vocalists
2024-09-13 00:27,Selena Gomez,Fetish (feat. Gucci Mane),186112,pop
2024-09-13 00:32,Adele,Skyfall,286480,dangdut
2024-09-13 00:35,Taylor Swift,illicit affairs,190898,country
2024-09-13 00:40,Taylor Swift,cardigan,239560,country
2024-09-13 00:43,Laufey,From The Start,169573,jazz
2024-09-13 00:46,Taylor Swift,Cruel Summer,178426,country
2024-09-13 00:47,Taylor Swift,We Are Never Ever Getting Back Together,78531,country
2024-09-13 00:51,Taylor Swift,Lover,221306,country
2024-09-13 01:02,Lana Del Rey,"Once Upon a Dream - From ""Maleficent"" / Pop Version",160443,female vocalists
2024-09-13 01:07,Arctic Monkeys,Do I Wanna Know?,272394,indie
2024-09-13 01:11,The Neighbourhood,Nervous,245000,indie
2024-09-13 01:14,Chase Atlantic,Meddle About,203886,rnb
2024-09-13 01:18,Lady Gaga,Die With A Smile,251667,art pop
2024-09-13 01:47,Chase Atlantic,HEAVEN AND BACK,248240,rnb
2024-09-13 01:50,Arctic Monkeys,R U Mine?,201726,indie
2024-09-13 05:26,Chase Atlantic,Drugs & Money - New Mix,99955,rnb
2024-09-13 22:20,Johann Sebastian Bach,"The Well-Tempered Clavier: Book 1, BWV 846-869: 1. Prelude",169102,classical
2024-09-13 22:23,Chris Palmer,Library of Trinity College,157628,medieval
2024-09-13 22:26,Modest Mussorgsky,Meditation (Album Leaf),217723,orchestra
2024-09-13 22:29,Thomas Klak,Chimes,144493,
2024-09-13 22:30,Frédéric Chopin,"Préludes No. 20 In C Minor, Op. 28: No. 20",94700,classical piano
2024-09-13 22:33,Oscar Pascasio,Mermaid Waltz,134125,instrumental
2024-09-13 22:35,Oscar Kowalski,Pièce Manquante,156301,
2024-09-13 22:37,Johann Sebastian Bach,"The Well-Tempered Clavier Book 1, BWV 846: 1. Prelude",114633,classical
2024-09-13 22:39,Imaginary Poet,On The Rooftops,135955,Classical
2024-09-13 22:42,Alstad,Garden Waltz,130840,instrumental
2024-09-13 22:43,Niklas Blumenthaler,Follow Me,100000,
2024-09-13 22:46,Imaginary Poet,Wooden Clock,147897,Classical
2024-09-13 22:48,Imaginary Poet,Passion,161799,Classical
2024-09-13 22:51,Dennis Korn,Serenade,143336,chillout
2024-09-13 22:53,Brackwhit,Links To The Past,113850,
2024-09-13 22:55,Francesco Siano,Shimmer,118787,neoclassical
2024-09-13 22:58,Andrea Vanzo,Sunlight,201593,composer
2024-09-13 23:01,Franz Gordon,The French Library,179702,piano
2024-09-13 23:03,Oscar Pascasio,Wonderful Life,134750,instrumental
2024-09-13 23:05,Joshua Kyan Aalampour,Return to Versailles,104319,Classical
2024-09-13 23:07,Fabrizio Paterlini,Rue des trois frères,111442,neoclassical
2024-09-13 23:10,Imaginary Poet,Morning Walk,190178,Classical
2024-09-13 23:13,Yan Springett,Hope,166147,Classical
2024-09-13 23:16,Luke Faulkner,Clouds,179187,Classical
2024-09-13 23:19,Chris Palmer,John Rylands Library,169280,medieval
2024-09-13 23:21,Imaginary Poet,Inspiration,160575,Classical
2024-09-13 23:24,Lysander,Autumn in Versailles,124137,instrumental
2024-09-13 23:26,Chris Palmer,The Librarian's Secret,141848,medieval
2024-09-13 23:29,Edvard Grieg,"Peer Gynt Suite No. 2, Op. 55: IV. Solveig's Song",203172,classical
2024-09-13 23:32,Claude Debussy,"Children's Corner, L. 113: V. The Little Sheperd",134116,classical piano
2024-09-13 23:35,Yanson,Nocturne No. I,178091,
2024-09-13 23:37,bzur,Into The Unknown,135057,electronica
2024-09-13 23:39,Imaginary Poet,Nocturne,116316,Classical
2024-09-13 23:41,Robert Gromotka,Après-Midi,142018,instrumental
2024-09-13 23:43,Richard Wagner,"Tannhäuser, WWV 70: Song to the Evening Star",134677,opera
2024-09-13 23:49,Erik Satie,Gnossienne No.1,310678,classical piano
2024-09-13 23:51,Niklas Blumenthaler,Love Birds,118052,
2024-09-13 23:52,Domenico Cimarosa,Sonata C.55,117705,requiem
2024-09-13 23:55,Alstad,Breathing In,150775,instrumental
2024-09-13 23:57,Oscar Mallen,The Melody Of The Heart,113733,
2024-09-13 23:59,Dennis Korn,The Midnight Story,146750,chillout
2024-09-14 00:02,Jóhann Jóhannsson,A Model of the Universe,172444,neoclassical
2024-09-14 00:05,Jonas Hain,Traces dans le sable,144818,instrumental
2024-09-14 00:08,Floris Boere,Unsolved Mysteries,201809,contemporary classical
2024-09-14 00:10,Franz Liszt,"Consolation, S. 172: No. 1 Andante Con Moto",105933,classical piano
2024-09-14 00:12,Yan Springett,Introspection,151478,Classical
2024-09-14 00:16,Erik Satie,Gnossienne: No. 3,216906,classical piano
2024-09-14 00:19,Christopher Dicker,Impromptu No 2: Hiraeth,160833,neoclassical
2024-09-14 00:21,Imaginary Poet,November,114258,Classical
2024-09-14 00:23,Daniel Paterok,Awakening,151102,neoclassical
2024-09-14 00:26,Yannick Lowack,La Valse Tragique,176410,
2024-09-14 00:29,Klangmaler,Compassion,171982,
2024-09-14 00:32,Austin Farwell,New Home (Slowed),174521,Classical
2024-09-14 00:34,Dennis Korn,An old Pocket Watch,132000,chillout
2024-09-14 00:37,Wallerstedt,Serenity,182780,
2024-09-14 00:42,Wolfgang Amadeus Mozart,"Piano Sonata In F Major, KV332: 2. Adagio",292450,classical
2024-09-14 00:48,Ludwig van Beethoven,"Piano Sonata No. 14 In C-Sharp Minor, Op. 27: No. 2 Moonlight: I. Adagio Sostenuto",354214,classical
2024-09-14 00:50,Ophelia Wilde,sitting under a tree,134293,Classical
2024-09-14 00:53,Niklas Blumenthaler,Oxford Whispers,153950,
2024-09-14 00:54,Sylkus,Evening Nostalgia,93831,
2024-09-14 00:57,Edward Cross,the willow,139157,Classical
2024-09-14 00:58,Dennis Korn,Dinner Time,64750,chillout
2024-09-14 01:00,Chris Palmer,Duke Humfrey's Library,107990,medieval
2024-09-14 01:02,Ophelia Wilde,dark history,133003,Classical
2024-09-14 01:03,Dennis Korn,Old Chapel,94000,chillout
2024-09-14 01:06,Dennis Korn,Westminster Bridge,160000,chillout
2024-09-14 01:08,Dennis Korn,Dancing in a Ballroom,134500,chillout
2024-09-14 01:12,Joshua Kyan Aalampour,Enemies to Lovers,225177,Classical
2024-09-14 01:14,Imaginary Poet,Tea Time,128642,Classical
2024-09-14 01:17,Eric Christian,La Valse au Clair de Lune,190891,Classical
2024-09-14 01:19,Claude Debussy,"Page D'album, L. 133: Pièce Pour Le Vêtement Du Blessé",117973,classical piano
2024-09-14 01:22,Housman,Empire of Light,154818,
2024-09-14 01:23,César Franck,Allegretto Poco Mosso,62611,chamber music
2024-09-14 01:25,Lysander,Romanticizing Life,107931,instrumental
2024-09-14 01:28,Imaginary Poet,Adagietto,181428,Classical
2024-09-14 01:31,Yannick Lowack,Perpetual,176608,
2024-09-14 01:33,Holly Jones,Ghost,131627,pop
2024-09-14 01:35,Javier Escudero,Autumn Awakening,119250,
2024-09-14 01:37,Ophelia Wilde,turning page,110400,Classical
2024-09-14 01:39,Imaginary Poet,Writing My Thoughts,113375,Classical
2024-09-14 03:23,Kristoffer Wallin,Silence,71815,neoclassical
2024-09-16 23:58,Kristoffer Wallin,Silence,70422,neoclassical
2024-09-17 00:00,Rasmus H Thomsen,Hidden Path,122100,jazz
2024-09-17 00:02,Johannes Bornlöf,Nocturnal Waltz,128766,piano
2024-09-17 00:04,Jonas Hain,Echoes,127350,instrumental
2024-09-17 00:09,Frédéric Chopin,"Nocturne No. 19 E Minor, Op. 72: No. 1",280544,classical piano
2024-09-17 00:11,Dennis Korn,The Castle of the Nymphs,99000,chillout
2024-09-17 00:13,Carl Nielsen,"5 Klaverstykker, Op.3: No. 1",153473,orchestra
2024-09-17 01:32,Lysander,October,116563,instrumental
2024-09-17 19:24,Chase Atlantic,Drugs & Money - New Mix,117631,rnb
2024-09-17 19:32,Cigarettes After Sex,Apocalypse,290616,dream pop
2024-09-17 19:52,Chase Atlantic,Slow Down,212093,rnb
2024-09-17 19:56,Chase Atlantic,OHMAMI,226835,rnb
2024-09-17 20:11,Chase Atlantic,EMPTY,230266,rnb
2024-09-17 20:19,Beach Weather,"Sex, Drugs, Etc.",196784,indie
2024-09-17 20:23,Chase Atlantic,Right Here,235000,rnb
2024-09-17 20:26,Chase Atlantic,MAMACITA,202931,rnb
2024-09-17 20:30,The Neighbourhood,Reflections,244013,indie
2024-09-17 20:35,The Neighbourhood,Alleyways,267853,indie
2024-09-17 20:46,Cigarettes After Sex,Cry,161584,dream pop
2024-09-17 20:50,Taylor Swift,Love Story,235266,country
2024-09-17 20:54,Olivia Rodrigo,traitor,229226,pop
2024-09-17 20:58,Lana Del Rey,West Coast,256760,female vocalists
2024-09-17 21:02,Charlie Puth,We Don't Talk Anymore (feat. Selena Gomez),217706,soft pop
2024-09-17 21:06,Lana Del Rey,Dark Paradise,243187,female vocalists
2024-09-17 21:23,Taylor Swift,Wildest Dreams,220440,country
2024-09-17 21:31,Kali Uchis,Moonlight,50172,rnb
2024-09-17 23:28,Taylor Swift,We Are Never Ever Getting Back Together,4880,country
2024-09-17 23:28,Billie Eilish,"What Was I Made For? [From The Motion Picture ""Barbie""]",6200,pop
2024-09-17 23:28,Kali Uchis,Moonlight,0,rnb
2024-09-17 23:36,The Neighbourhood,W.D.Y.W.F.M?,259413,indie
2024-09-17 23:40,Chase Atlantic,Slow Down,212093,rnb
2024-09-17 23:43,The Neighbourhood,You Get Me So High,153000,indie
2024-09-17 23:46,Chase Atlantic,LIKE A ROCKSTAR,208111,rnb
2024-09-17 23:57,The Weeknd,"One Of The Girls (with JENNIE, Lily Rose Depp)",244684,rnb
2024-09-18 00:02,Chase Atlantic,Drugs & Money - New Mix,239921,rnb
2024-09-18 00:17,Cigarettes After Sex,John Wayne,258483,dream pop
2024-09-18 00:20,The Neighbourhood,Void,203666,indie
2024-09-18 00:23,d4vd,Romantic Homicide,132630,rnb
2024-09-18 00:24,David Kushner,Daylight,104764,indie
2024-09-18 00:42,Cigarettes After Sex,You're the Only Good Thing In My Life,275186,dream pop
2024-09-18 00:59,Chase Atlantic,Tidal Wave,243670,rnb
2024-09-18 01:36,The Neighbourhood,Sweater Weather,240400,indie
2024-09-18 09:23,James Arthur,Car's Outside,216364,soft pop
2024-09-19 16:00,James Arthur,Car's Outside,32175,soft pop
2024-09-19 16:06,Cigarettes After Sex,Stop Waiting,362973,dream pop
2024-09-19 16:15,The Neighbourhood,Baby Came Home,158922,indie
2024-09-19 16:15,Laufey,Fragile,8390,jazz
2024-09-19 16:15,Lady Gaga,Die With A Smile,6890,art pop
2024-09-19 16:19,Lady Gaga,Die With A Smile,244777,art pop
2024-09-19 16:26,Billie Eilish,"What Was I Made For? [From The Motion Picture ""Barbie""]",222369,pop
2024-09-19 16:29,Laufey,Valentine,168906,jazz
2024-09-19 16:32,The Walters,I Love You So,160239,indie rock
2024-09-19 16:53,Ellie Goulding,My Blood,234184,female vocalists
2024-09-19 16:56,Selena Gomez,Fetish (feat. Gucci Mane),186112,pop
2024-09-19 17:00,Ariana Grande,we can't be friends (wait for your love),228639,pop
2024-09-19 17:04,Lana Del Rey,Young And Beautiful,236053,female vocalists
2024-09-19 17:07,Mitski,My Love Mine All Mine,137773,seen live
2024-09-19 17:10,Kali Uchis,Moonlight,187557,rnb
2024-09-19 17:14,Lana Del Rey,Chemtrails Over The Country Club,271176,female vocalists
2024-09-19 17:18,Lana Del Rey,Dark Paradise,243187,female vocalists
2024-09-19 17:27,Aimer,Sailing,335973,anime
2024-09-19 17:31,Jung Kook,Still With You,239905,k-pop
2024-09-19 17:35,Adele,Skyfall,264333,dangdut
2024-09-19 19:33,Sixpence None The Richer,Kiss Me,208680,pop
2024-09-19 19:39,The 1975,About You,326490,indie
2024-09-19 19:39,Doechii,What It Is (Solo Version),9429,rap
2024-09-19 19:47,Claude Debussy,"Suite Bergamasque, L.75: 3.: Claire De Lune",305241,classical piano
2024-09-19 19:49,Imaginary Poet,Old Letter,151205,Classical
2024-09-19 19:51,Ophelia Wilde,Reflections,124502,Classical
2024-09-19 19:54,Adrien de la Salle,Prélude d'une nuit d'automne,160750,canada
2024-09-19 19:56,Lysander,Library Whispers,85344,instrumental
2024-09-19 20:33,Wallerstedt,Serenity,52486,
2024-09-19 20:42,Wallerstedt,Serenity,130537,
2024-09-19 20:43,Yehezkel Raz,Consolation No. 2 in A-flat Major,108906,ambient
2024-09-19 20:46,George Frideric Handel,"Suite No. 7 In G Minor, HWV 432: VI. Passacaglia",127477,classical
2024-09-19 20:50,Luke Faulkner,The Wanderer,278472,Classical
2024-09-19 20:52,Andrea Vanzo,Autumn Intro,102448,composer
2024-09-19 20:54,Lysander,Candlelight,125517,instrumental
2024-09-19 20:56,Alstad,Garden Waltz,130840,instrumental
2024-09-19 20:59,Edward Cross,the willow,139157,Classical
2024-09-19 21:01,Ophelia Wilde,dear edmond,137064,Classical
2024-09-19 21:04,Franz Gordon,The French Library,179702,piano
2024-09-19 21:08,Luke Faulkner,Awakening,246070,Classical
2024-09-19 21:09,Tom Kristiaan,Les Secrets de la Soirée,86834,instrumental
2024-09-19 21:14,Taylor Swift,my tears ricochet,255893,country
2024-09-19 21:17,Taylor Swift,All Of The Girls You Loved Before,221407,country
2024-09-19 21:22,Taylor Swift,Speak Now,240760,country
2024-09-19 23:16,Lana Del Rey,Sad Girl,318539,female vocalists
2024-09-19 23:21,Gwen Stefani,Luxurious,264920,pop
2024-09-20 00:33,Taylor Swift,Bejeweled,82556,country
2024-09-20 00:35,Cigarettes After Sex,Opera House,83290,dream pop
2024-09-20 00:39,Arctic Monkeys,505,253586,indie
2024-09-20 00:42,The Neighbourhood,Compass,167960,indie
2024-09-20 00:45,Beach Weather,"Sex, Drugs, Etc.",196784,indie
2024-09-20 00:49,The Neighbourhood,Softcore,206280,indie
2024-09-20 00:53,James Arthur,Car's Outside,248373,soft pop
2024-09-20 00:56,Chase Atlantic,Okay,212306,rnb
2024-09-20 01:01,Chase Atlantic,Tidal Wave,243670,rnb
2024-09-20 01:04,Arctic Monkeys,Cornerstone,197973,indie
2024-09-20 01:19,Cigarettes After Sex,Falling In Love,150805,dream pop
2024-09-20 01:23,Lil Wayne,Love Me,255053,rap
2024-09-20 01:27,ZAYN,I Don’t Wanna Live Forever (Fifty Shades Darker),247160,pop
2024-09-20 01:43,Ellie Goulding,My Blood,234184,female vocalists
2024-09-20 01:57,Backstreet Boys,Everybody (Backstreet's Back) - Radio Edit,225360,pop
2024-09-20 02:05,The Walters,I Love You So,151931,indie rock
2024-09-20 02:10,Doja Cat,Agora Hills,265360,pop
2024-09-20 02:14,James Bay,Let It Go,260533,folk
2024-09-24 17:53,Doja Cat,Kiss Me More (feat. SZA),123696,pop
2024-09-24 19:27,Doja Cat,Kiss Me More (feat. SZA),84980,pop
2024-09-24 19:33,Eminem,Superman,350320,rap
2024-09-24 19:36,Nicki Minaj,Va Va Voom,183560,Hip-Hop
2024-09-24 19:40,Jung Seung Hwan,Day & Night,260600,k-ballad
2024-09-24 19:44,Demi Lovato,Give Your Heart a Break,205346,pop
2024-09-24 19:47,Ariana Grande,34+35,173710,pop
2024-09-24 19:50,Nicki Minaj,Super Freaky Girl,170977,Hip-Hop
2024-09-24 19:58,Bruno Mars,Talking to the Moon,217866,pop
2024-09-24 20:13,The Weeknd,Sacrifice,188918,rnb
2024-09-24 20:17,The Weeknd,The Hills,242253,rnb
2024-09-24 20:20,Justin Bieber,Ghost,153190,pop
2024-09-24 20:21,The Weeknd,Save Your Tears,65567,rnb
2024-09-24 20:25,The Neighbourhood,Leaving Tonight,203866,indie
2024-09-24 20:28,Arctic Monkeys,Snap Out Of It,193030,indie
2024-09-24 20:32,The Neighbourhood,Prey,282640,indie
2024-09-24 20:41,Beach Weather,"Sex, Drugs, Etc.",196784,indie
2024-09-24 20:47,Chase Atlantic,LIKE A ROCKSTAR,208111,rnb
2024-09-24 20:49,Djo,End of Beginning,159245,psychedelic pop
2024-09-24 21:00,Cigarettes After Sex,Truly,244110,dream pop
2024-09-24 21:01,Cigarettes After Sex,Each Time You Fall in Love,18371,dream pop
2024-09-24 21:05,Chase Atlantic,LUST,204106,rnb
2024-09-24 21:08,Arctic Monkeys,Stop The World I Wanna Get Off With You,191040,indie
2024-09-24 21:11,Chase Atlantic,Into It,196767,rnb
2024-09-24 23:21,James Arthur,Car's Outside,179076,soft pop
2024-09-24 23:24,Chase Atlantic,EMPTY,230266,rnb
2024-09-24 23:28,Chase Atlantic,ESCORT,218823,rnb
2024-09-24 23:31,Arctic Monkeys,R U Mine?,201726,indie
2024-09-24 23:35,Chase Atlantic,Drugs & Money - New Mix,239921,rnb
2024-09-24 23:39,Cigarettes After Sex,Starry Eyes,206000,dream pop
2024-09-24 23:42,David Kushner,Daylight,212953,indie
2024-09-24 23:44,d4vd,Romantic Homicide,102658,rnb
2024-09-24 23:49,Cigarettes After Sex,Kiss It Off Me,269933,dream pop
2024-09-24 23:50,Arctic Monkeys,Knee Socks,71215,indie
2024-09-24 23:53,The Neighbourhood,Softcore,206280,indie
2024-09-24 23:57,The Neighbourhood,Void,203666,indie
2024-09-25 00:01,The Neighbourhood,Reflections,244013,indie
2024-09-25 00:05,Chase Atlantic,The Walls,229840,rnb
2024-09-25 00:09,Chase Atlantic,Tidal Wave,243670,rnb
2024-09-25 00:13,Lady Gaga,Die With A Smile,251667,art pop
2024-09-25 00:17,Chase Atlantic,HEAVEN AND BACK,248240,rnb
2024-09-25 00:20,Arctic Monkeys,Arabella,207356,indie
2024-09-25 00:24,Chase Atlantic,Church,220000,rnb
2024-09-25 00:48,Cults,Always Forever,189695,indie pop
2024-09-25 00:52,The Neighbourhood,Nervous,245000,indie
2024-09-25 00:56,Chase Atlantic,Meddle About,203886,rnb
2024-09-26 08:29,Cigarettes After Sex,Apocalypse,251583,dream pop
2024-09-26 08:31,Mitski,My Love Mine All Mine,137773,seen live
2024-09-26 08:35,Billie Eilish,WILDFLOWER,261466,pop
2024-09-26 08:38,The Neighbourhood,You Get Me So High,153000,indie
2024-09-26 08:40,Lady Gaga,Die With A Smile,153502,art pop
2024-09-26 16:13,Lana Del Rey,Art Deco,295066,female vocalists
2024-09-26 16:18,James Arthur,Car's Outside,248373,soft pop
2024-09-26 16:21,SZA,Saturn,186191,rnb
2024-09-26 16:27,Taylor Swift,Enchanted,352186,country
2024-09-26 16:44,Laufey,Let You Break My Heart Again,191981,jazz
2024-09-26 16:48,Lana Del Rey,Say Yes To Heaven,209156,female vocalists
2024-09-26 16:52,Taylor Swift,Fearless (Taylor’s Version),241591,country
2024-09-26 16:56,ZAYN,I Don’t Wanna Live Forever (Fifty Shades Darker),247160,pop
2024-09-26 16:59,yama,Oz.,194273,Stoner Rock
2024-09-26 17:03,Billie Eilish,BIRDS OF A FEATHER,210373,pop
2024-09-26 17:07,beabadoobee,A Night To Remember,233388,bedroom pop
2024-09-26 17:08,Olivia Rodrigo,vampire,67966,pop
2024-09-26 17:17,Taylor Swift,I Can See You (Taylor’s Version) (From The Vault),273186,country
2024-09-26 17:19,beabadoobee,Glue Song,135066,bedroom pop
2024-09-26 17:29,Taylor Swift,Anti-Hero,200690,country
2024-09-26 17:38,Taylor Swift,We Are Never Ever Getting Back Together,167526,country
2024-09-26 17:38,Sabrina Carpenter,Looking at Me,1540,pop
2024-09-26 17:38,SZA,Kill Bill,1140,rnb
2024-09-26 17:38,Mitski,My Love Mine All Mine,1470,seen live
2024-09-26 17:42,Taylor Swift,Speak Now,240760,country
2024-09-26 17:45,Taylor Swift,"""Slut!"" (Taylor's Version) (From The Vault)",180381,country
2024-09-26 18:41,Taylor Swift,The Way I Loved You (Taylor’s Version),69308,country
2024-09-26 19:43,Claude Debussy,"Suite Bergamasque, L.75: 3.: Claire De Lune",305241,classical piano
2024-09-26 19:45,Imaginary Poet,Old Letter,151205,Classical
2024-09-26 19:48,Ophelia Wilde,Reflections,124502,Classical
2024-09-26 19:50,Adrien de la Salle,Prélude d'une nuit d'automne,160750,canada
2024-09-26 19:52,Lysander,Library Whispers,85344,instrumental
2024-09-26 19:55,Wallerstedt,Serenity,182780,
2024-09-26 20:10,Andrea Vanzo,Autumn Intro - Extended Version,186943,composer
2024-09-26 20:12,Yehezkel Raz,Consolation No. 2 in A-flat Major,108906,ambient
2024-09-26 20:14,George Frideric Handel,"Suite No. 7 In G Minor, HWV 432: VI. Passacaglia",127477,classical
2024-09-26 20:18,Luke Faulkner,The Wanderer,278472,Classical
2024-09-26 20:21,Lysander,Candlelight,125517,instrumental
2024-09-26 20:23,Alstad,Garden Waltz,130840,instrumental
2024-09-26 20:25,Edward Cross,the willow,139157,Classical
2024-09-26 20:27,Ophelia Wilde,dear edmond,137064,Classical
2024-09-26 20:30,Franz Gordon,The French Library,179702,piano
2024-09-26 20:34,Luke Faulkner,Awakening,246070,Classical
2024-09-26 20:37,Tom Kristiaan,Les Secrets de la Soirée,145522,instrumental
2024-09-26 20:40,Camille Saint-Saëns,"Le Carnaval des Animaux, R. 125: XIII. Le cygne",165244,classical
2024-09-26 20:44,Lysander,October,121034,instrumental
2024-09-26 20:47,Robert Gromotka,Black Tulip,159760,instrumental
2024-09-26 20:51,Luke Faulkner,The Winter Wind,235708,Classical
2024-09-26 20:53,Katharine Petkovski,reminiscence,138945,dark ambient
2024-09-26 20:58,Leila Milki,Fall Asleep - Instrumental Version,275811,Lebanon
2024-09-26 21:01,Yannick Lowack,Perpetual,176608,
2024-09-26 21:03,Niklas Blumenthaler,The Valley,148669,
2024-09-26 21:06,Adrien de la Salle,Whispers In Paris,156000,canada
2024-09-26 21:08,Luke Faulkner,The Journey,144838,Classical
2024-09-26 21:11,Claude Debussy,"Préludes / Book 1, L. 117: VIII. La Fille Aux Cheveux De Lin",146683,classical piano
2024-09-26 21:13,Lysander,Bukowski’s Shadow,99770,instrumental
2024-09-26 21:14,Joshua Kyan Aalampour,Return to Versailles,104319,Classical
2024-09-26 21:15,praam,"ernestine, 1983",51444,contemporary classical
2024-09-26 21:16,Sabrina Carpenter,Looking at Me,41230,pop
2024-09-26 21:20,Ruth B.,Lost Boy,275280,pop
2024-09-26 23:04,Ellie Goulding,My Blood,234184,female vocalists
2024-09-27 00:34,Taylor Swift,illicit affairs,167316,country
2024-09-27 00:36,Cigarettes After Sex,Sunsetz,100160,dream pop
2024-09-27 00:39,The Neighbourhood,Softcore,206280,indie
2024-09-27 00:43,David Kushner,Daylight,212953,indie
2024-09-27 00:47,The Neighbourhood,Nervous,245000,indie
2024-09-27 00:51,Chase Atlantic,Paradise,256453,rnb
2024-09-27 00:52,Arctic Monkeys,Knee Socks,13693,indie
2024-09-27 00:55,Arctic Monkeys,I Wanna Be Yours,183956,indie
2024-09-27 00:59,The Neighbourhood,Prey,282640,indie
2024-09-27 01:04,Cigarettes After Sex,Kiss It Off Me,269933,dream pop
2024-09-27 01:08,Arctic Monkeys,505,253586,indie
2024-09-27 01:12,The Neighbourhood,Daddy Issues,260173,indie
2024-09-27 01:16,The Neighbourhood,Female Robbery,209520,indie
2024-09-27 01:19,Chase Atlantic,LUST,204106,rnb
2024-09-27 01:23,Chase Atlantic,ESCORT,218823,rnb
2024-09-27 01:27,Chase Atlantic,Numb to the Feeling,227586,rnb
2024-09-27 01:31,Chase Atlantic,Right Here,235000,rnb
2024-09-27 01:33,Arctic Monkeys,Baby I'm Yours,141452,indie
2024-09-27 01:44,Chase Atlantic,Meddle About,203886,rnb
2024-09-27 02:35,Arctic Monkeys,She's Thunderstorms,193465,indie
2024-09-28 06:31,Chase Atlantic,Paradise,242752,rnb
2024-10-01 19:37,The Neighbourhood,Female Robbery,209520,indie
2024-10-01 19:40,Chase Atlantic,The Walls,229840,rnb
2024-10-01 19:41,Arctic Monkeys,R U Mine?,9650,indie
2024-10-01 19:44,Chase Atlantic,Right Here,235000,rnb
2024-10-01 19:48,Chase Atlantic,Vibes,216217,rnb
2024-10-01 19:53,Arctic Monkeys,Do I Wanna Know?,272394,indie
2024-10-01 19:56,Chase Atlantic,Meddle About,203886,rnb
2024-10-01 20:06,The Neighbourhood,The Beach,255133,indie
2024-10-01 20:13,The Neighbourhood,Leaving Tonight,203866,indie
2024-10-01 20:14,Arctic Monkeys,She's Thunderstorms,56662,indie
2024-10-01 20:17,Taylor Swift,illicit affairs,190898,country
2024-10-01 20:18,Taylor Swift,Karma,37201,country
2024-10-01 20:22,Laufey,Fragile,241080,jazz
2024-10-01 20:25,Taylor Swift,Cruel Summer,178426,country
2024-10-01 20:29,Taylor Swift,Style,231000,country
2024-10-01 20:32,Olivia Rodrigo,happier,175933,pop
2024-10-01 20:35,Lana Del Rey,Say Yes To Heaven,209156,female vocalists
2024-10-01 20:38,The Walters,I Love You So,160239,indie rock
2024-10-01 20:44,The 1975,About You,326490,indie
2024-10-01 20:49,Ariana Grande,we can't be friends (wait for your love),228639,pop
2024-10-01 20:52,Olivia Rodrigo,Can’t Catch Me Now - from The Hunger Games: The Ballad of Songbirds & Snakes,205483,pop
2024-10-01 20:56,Ellie Goulding,My Blood,234184,female vocalists
2024-10-01 21:01,Adele,Skyfall,286480,dangdut
2024-10-01 21:05,ZAYN,I Don’t Wanna Live Forever (Fifty Shades Darker),247160,pop
2024-10-01 21:09,Lana Del Rey,Dark Paradise,243187,female vocalists
2024-10-01 21:13,Jung Kook,Still With You,239905,k-pop
2024-10-01 21:17,Taylor Swift,Fearless (Taylor’s Version),241591,country
2024-10-01 21:21,Taylor Swift,Labyrinth,247962,country
2024-10-01 23:25,Laufey,From The Start,169573,jazz
2024-10-01 23:29,d4vd,Here With Me,242484,rnb
2024-10-01 23:33,Taylor Swift,You Belong With Me,231133,country
2024-10-01 23:36,Charlie Puth,We Don't Talk Anymore (feat. Selena Gomez),217706,soft pop
2024-10-01 23:39,Taylor Swift,London Boy,165900,country
2024-10-01 23:43,Ruth B.,Dandelions,233720,pop
2024-10-01 23:45,Lana Del Rey,West Coast,28050,female vocalists
2024-10-01 23:45,Arctic Monkeys,Knee Socks,5070,indie
2024-10-01 23:45,Taylor Swift,The Man,99920,country
2024-10-01 23:49,The Neighbourhood,Afraid,251186,indie
2024-10-01 23:54,Cigarettes After Sex,Kiss It Off Me,269933,dream pop
2024-10-01 23:58,The Neighbourhood,Fallen Star,224938,indie
2024-10-02 00:02,James Arthur,Car's Outside,248373,soft pop
2024-10-02 00:12,Arctic Monkeys,I Wanna Be Yours,183956,indie
2024-10-02 00:16,Chase Atlantic,Slow Down,212093,rnb
2024-10-02 00:20,The Neighbourhood,Nervous,245000,indie
2024-10-02 00:24,The Weeknd,"One Of The Girls (with JENNIE, Lily Rose Depp)",244684,rnb
2024-10-02 00:28,The Neighbourhood,Baby Came Home,226880,indie
2024-10-02 00:31,Chase Atlantic,Vibes,216217,rnb
2024-10-02 00:35,Chase Atlantic,Swim,228786,rnb
2024-10-02 00:39,Arctic Monkeys,505,253586,indie
2024-10-02 00:43,Beach Weather,"Sex, Drugs, Etc.",196784,indie
2024-10-02 01:00,Cigarettes After Sex,John Wayne,258483,dream pop
2024-10-02 01:16,Chase Atlantic,Friends,230010,rnb
2024-10-02 01:34,Chase Atlantic,Right Here,235000,rnb
2024-10-02 04:47,Arctic Monkeys,Arabella,20174,indie
2024-10-02 05:55,Doja Cat,Agora Hills,265360,pop
2024-10-02 05:56,The Neighbourhood,You Get Me So High,59921,indie
2024-10-03 04:42,Chase Atlantic,Friends,17564,rnb
2024-10-03 04:42,Billie Eilish,BIRDS OF A FEATHER,210373,pop
2024-10-03 04:52,Kristen Bell,"Love Is an Open Door - From ""Frozen""/Soundtrack Version",141397,Veronica Mars
2024-10-03 04:52,Mandy Moore,"When Will My Life Begin? - From ""Tangled"" / Soundtrack Version",2188,pop
2024-10-03 04:54,Kristen Bell,"Love Is an Open Door - From ""Frozen""/Soundtrack Version",67498,Veronica Mars
2024-10-03 04:58,Billie Eilish,WILDFLOWER,261466,pop
2024-10-03 04:59,The Neighbourhood,Reflections,57371,indie
2024-10-03 16:22,Cigarettes After Sex,Cry,256800,dream pop
2024-10-03 16:25,The Neighbourhood,Scary Love,222666,indie
2024-10-03 16:29,Chase Atlantic,Right Here,235000,rnb
2024-10-03 16:47,The Neighbourhood,Compass,167960,indie
2024-10-03 16:57,Chase Atlantic,Consume (feat. Goon Des Garcons),267920,rnb
2024-10-03 17:01,Chase Atlantic,Paradise,256453,rnb
2024-10-03 17:05,Cigarettes After Sex,Truly,244110,dream pop
2024-10-03 17:13,James Arthur,Car's Outside,248373,soft pop
2024-10-03 17:17,The Neighbourhood,Sweater Weather,240400,indie
2024-10-03 17:24,The Neighbourhood,Nervous,245000,indie
2024-10-03 17:31,Chase Atlantic,Friends,230010,rnb
2024-10-03 17:34,Cigarettes After Sex,Starry Eyes,206000,dream pop
2024-10-03 17:38,Cigarettes After Sex,Each Time You Fall in Love,18309,dream pop
2024-10-03 17:38,Arctic Monkeys,R U Mine?,201726,indie
2024-10-03 17:42,Chase Atlantic,Swim,228786,rnb
2024-10-03 19:35,Chase Atlantic,Tidal Wave,83753,rnb
2024-10-03 19:35,Taylor Swift,The Man,3290,country
2024-10-03 19:40,Claude Debussy,"Suite Bergamasque, L.75: 3.: Claire De Lune",305241,classical piano
2024-10-03 19:42,Imaginary Poet,Old Letter,151205,Classical
2024-10-03 19:45,Ophelia Wilde,Reflections,124502,Classical
2024-10-03 19:47,Adrien de la Salle,Prélude d'une nuit d'automne,160750,canada
2024-10-03 19:49,Lysander,Library Whispers,85344,instrumental
2024-10-03 19:52,Wallerstedt,Serenity,182780,
2024-10-03 19:55,Andrea Vanzo,Autumn Intro - Extended Version,186943,composer
2024-10-03 19:57,Yehezkel Raz,Consolation No. 2 in A-flat Major,108906,ambient
2024-10-03 19:59,George Frideric Handel,"Suite No. 7 In G Minor, HWV 432: VI. Passacaglia",127477,classical
2024-10-03 20:04,Luke Faulkner,The Wanderer,278472,Classical
2024-10-03 20:06,Niklas Blumenthaler,Masquerade,134718,
2024-10-03 20:08,Lysander,Candlelight,125517,instrumental
2024-10-03 20:11,Raban,Passacaglia (Raban's Version),159932,indie
2024-10-03 20:13,Ophelia Wilde,dear edmond,137064,Classical
2024-10-03 20:16,Franz Gordon,The French Library,179702,piano
2024-10-03 20:21,Luke Faulkner,Awakening,246070,Classical
2024-10-03 20:28,Alstad,Garden Waltz,130840,instrumental
2024-10-03 20:31,Edward Cross,the willow,139157,Classical
2024-10-03 20:33,Camille Saint-Saëns,"Le Carnaval des Animaux, R. 125: XIII. Le cygne",165244,classical
2024-10-03 20:35,Lysander,October,121034,instrumental
2024-10-03 20:38,Robert Gromotka,Black Tulip,159760,instrumental
2024-10-03 20:46,Tom Kristiaan,Les Secrets de la Soirée,145522,instrumental
2024-10-03 20:48,Katharine Petkovski,reminiscence,138945,dark ambient
2024-10-03 20:53,Leila Milki,Fall Asleep - Instrumental Version,275811,Lebanon
2024-10-03 20:57,Luke Faulkner,The Winter Wind,235708,Classical
2024-10-03 20:59,Niklas Blumenthaler,The Valley,148669,
2024-10-03 21:02,Adrien de la Salle,Whispers In Paris,156000,canada
2024-10-03 21:04,Luke Faulkner,The Journey,144838,Classical
2024-10-03 21:07,Claude Debussy,"Préludes / Book 1, L. 117: VIII. La Fille Aux Cheveux De Lin",146683,classical piano
2024-10-03 21:15,Lysander,Bukowski’s Shadow,99770,instrumental
2024-10-03 21:18,Yannick Lowack,Perpetual,176608,
2024-10-03 21:19,Joshua Kyan Aalampour,Return to Versailles,104319,Classical
2024-10-03 21:22,praam,"ernestine, 1983",171826,contemporary classical
2024-10-03 21:25,Yannick Lowack,La Valse Tragique,176410,
2024-10-03 21:28,Lysander,Her Aesthetic,152413,instrumental
2024-10-03 23:07,Ophelia Wilde,lonely waltz,108122,Classical
2024-10-03 23:10,Chase Atlantic,HER,169720,rnb
2024-10-03 23:15,The Neighbourhood,Prey,282640,indie
2024-10-03 23:19,Chase Atlantic,Drugs & Money - New Mix,239921,rnb
2024-10-04 00:24,Djo,End of Beginning,159245,psychedelic pop
2024-10-04 00:28,Chase Atlantic,Numb to the Feeling,227586,rnb
2024-10-04 00:34,Chase Atlantic,Vibes,216217,rnb
2024-10-04 00:37,Chase Atlantic,Slow Down,212093,rnb
2024-10-04 00:38,Arctic Monkeys,Stop The World I Wanna Get Off With You,24588,indie
2024-10-04 00:41,The Neighbourhood,Void,203666,indie
2024-10-04 00:47,The Neighbourhood,Scary Love,222666,indie
2024-10-04 00:52,Lady Gaga,Die With A Smile,251667,art pop
2024-10-04 00:58,Cigarettes After Sex,Sunsetz,145159,dream pop
2024-10-04 01:02,Cigarettes After Sex,Opera House,9056,dream pop
2024-10-04 01:02,Cigarettes After Sex,Opera House,5980,dream pop
2024-10-04 01:02,Chappell Roan,"Good Luck, Babe!",218423,pop
2024-10-04 01:02,The Neighbourhood,Softcore,580,indie
2024-10-04 01:02,Billie Eilish,BIRDS OF A FEATHER,9730,pop
2024-10-04 01:06,Billie Eilish,BIRDS OF A FEATHER,210373,pop
2024-10-04 01:09,Billie Eilish,BIRDS OF A FEATHER,210373,pop
2024-10-04 01:10,The Neighbourhood,Softcore,7360,indie
2024-10-04 01:10,Billie Eilish,BIRDS OF A FEATHER,36963,pop
2024-10-04 01:15,Taylor Swift,Karma,31116,country
2024-10-04 01:15,Lana Del Rey,Cinnamon Girl,300683,female vocalists
2024-10-04 01:19,Taylor Swift,Wildest Dreams,220440,country
2024-10-04 01:25,7!!,オレンジ,350106,gangster rap
2024-10-04 01:28,Lana Del Rey,"Once Upon a Dream - From ""Maleficent"" / Pop Version",203080,female vocalists
2024-10-04 01:54,Ruth B.,Dandelions,83393,pop
2024-10-04 01:56,beabadoobee,the perfect pair,177533,bedroom pop
2024-10-04 02:00,Taylor Swift,Speak Now,240760,country
2024-10-04 02:07,SZA,Snooze,201800,rnb
2024-10-04 02:11,Selena Gomez,Fetish (feat. Gucci Mane),186112,pop
2024-10-04 02:14,James Arthur,Car's Outside,1120,soft pop
2024-10-04 02:14,Doechii,What It Is (Solo Version),189824,rap
2024-10-04 02:14,Sabrina Carpenter,Feather,25058,pop
2024-10-04 02:14,Lana Del Rey,Summertime Sadness,1100,female vocalists
2024-10-04 02:17,Laufey,Valentine,168906,jazz
2024-10-04 02:20,Sasha Alex Sloan,Dancing With Your Ghost,197732,indie pop
2024-10-04 06:06,Taylor Swift,I Can See You (Taylor’s Version) (From The Vault),17956,country
2024-10-04 06:11,Taylor Swift,I Can See You (Taylor’s Version) (From The Vault),255235,country
2024-10-04 06:13,Justin Bieber,Ghost,153190,pop
2024-10-04 06:17,Taylor Swift,We Are Never Ever Getting Back Together,191880,country
2024-10-04 06:20,Laufey,Promise,234266,jazz
2024-10-04 06:24,Sixpence None The Richer,Kiss Me,208680,pop
2024-10-04 06:28,Taylor Swift,Lover,221306,country
2024-10-04 06:31,Lana Del Rey,Doin' Time,202192,female vocalists
2024-10-04 07:08,Taylor Swift,Daylight,217898,country
2024-10-05 20:41,Radiohead,Exit Music (For A Film),158699,art rock
2024-10-05 20:45,ECLIPSE,Sudden Shower,233031,soundtrack
2024-10-05 20:49,ECLIPSE,Sudden Shower,8158,soundtrack
2024-10-05 20:49,ECLIPSE,Sudden Shower,233031,soundtrack
2024-10-05 20:53,ECLIPSE,Sudden Shower,235058,soundtrack
2024-10-05 20:53,10CM,Spring Snow,1199,k-ballad
2024-10-05 21:05,Billie Eilish,BIRDS OF A FEATHER,210373,pop
2024-10-05 21:08,Billie Eilish,WILDFLOWER,180444,pop
2024-10-05 21:24,Lysander,October,4732,instrumental
2024-10-05 21:26,Imaginary Poet,Longing,159736,Classical
2024-10-05 21:29,Henri de Quengo,"Correspondance Insulaire, Op. 11",146698,
2024-10-05 21:31,Yanson,Pour mes Frères,133956,
2024-10-05 21:33,Tom Kristiaan,Les Secrets de la Soirée,145522,instrumental
2024-10-05 21:36,Robert Gromotka,Waltz of the Yearning Heart,159375,instrumental
2024-10-05 21:39,Yana Couto,Ottilia,150000,
2024-10-05 21:41,Robert Gromotka,Black Tulip,159760,instrumental
2024-10-05 21:43,Ophelia Wilde,café conversations,105524,Classical
2024-10-05 21:45,Michele Nobler,Illusion,130250,classical piano
2024-10-05 21:48,Imaginary Poet,Snow Flakes,142857,Classical
2024-10-05 21:50,Cristian Vivaldi,A Silent Sorrow,133569,
2024-10-05 21:51,Dennis Korn,Journey,94675,chillout
2024-10-05 21:53,George Frideric Handel,"Keyboard Suite No. 4 In D Minor, HWV 437: III. Sarabande",102370,classical
2024-10-05 21:56,Carl Bohm,Still as the Night,155161,
2024-10-05 21:58,Imaginary Poet,Love Poem,149946,Classical
2024-10-05 22:00,Ophelia Wilde,"yet, life goes on",92618,Classical
2024-10-05 22:01,Imaginary Poet,Nature Falling Asleep,104017,Classical
2024-10-05 22:03,Alstad,Uendelig Lengsel,117965,instrumental
2024-10-05 22:06,Cameron Segal,Past Reflections,139694,
2024-10-05 22:09,Carl Philipp Emanuel Bach,"Rondo Espressivo, Sonata In B Minor, H.245",216803,classical
2024-10-05 22:13,Luke Faulkner,The Winter Wind,235708,Classical
2024-10-05 22:16,Jonas Kolberg,A Quiet Journey,157708,
2024-10-05 22:18,Dan Redfeld & Elizabeth Hedman,Twilight: Bella's Lullaby,140984,
2024-10-05 22:20,Holly Jones,In a Field of Wildflowers,102042,pop
2024-10-05 22:26,Sabrina Carpenter,Bed Chem,150590,pop
2024-10-05 22:27,Ariana Grande,intro (end of the world),92400,pop
2024-10-05 22:28,Ariana Grande,bye,2240,pop
2024-10-05 22:30,Ariana Grande,intro (end of the world),92400,pop
2024-10-05 22:34,Chase Atlantic,Consume (feat. Goon Des Garcons),256780,rnb
2024-10-05 22:41,Felix Mendelssohn,"Lieder Ohne Worte, Op.19b: 6. Venetianisches Gondellied",147437,chamber music
2024-10-05 22:43,Ophelia Wilde,café conversations,105524,Classical
2024-10-05 22:48,Ludwig van Beethoven,"Piano Sonata No. 8 In C Minor, Op. 13: 2. Adagio cantabile ''Pathétique''",315669,classical
2024-10-05 23:52,Camille Saint-Saëns,"Le Carnaval des Animaux, R. 125: XIII. Le cygne",56478,classical
2024-10-05 23:54,Ariana Grande,bye,11800,pop
2024-10-05 23:54,Ariana Grande,intro (end of the world),92400,pop
2024-10-06 00:04,Billie Eilish,BIRDS OF A FEATHER,421250,pop
2024-10-06 00:08,ECLIPSE,Sudden Shower,233031,soundtrack
2024-10-06 00:11,Jung Kook,Still With You,32328,k-pop
2024-10-06 00:14,Ariana Grande,34+35,173710,pop
2024-10-06 00:16,Lady Gaga,Die With A Smile,106469,art pop
2024-10-06 00:19,Ariana Grande,34+35,143560,pop
2024-10-06 00:19,Ariana Grande,Side To Side,1380,pop
2024-10-06 05:56,Ariana Grande,Side To Side,222430,pop
2024-10-06 08:17,ECLIPSE,Sudden Shower,233031,soundtrack
2024-10-06 08:22,ECLIPSE,Sudden Shower,233031,soundtrack
2024-10-06 08:25,ECLIPSE,Sudden Shower,233031,soundtrack
2024-10-06 08:29,ECLIPSE,Sudden Shower,233031,soundtrack
2024-10-06 08:33,ECLIPSE,Sudden Shower,233031,soundtrack
2024-10-06 08:33,ECLIPSE,Sudden Shower,555,soundtrack
2024-10-06 10:43,Ellie Goulding,Love Me Like You Do,22310,female vocalists
2024-10-06 10:43,Ellie Goulding,Love Me Like You Do,253520,female vocalists
2024-10-06 10:48,ZAYN,I Don’t Wanna Live Forever (Fifty Shades Darker),173589,pop
2024-10-06 22:42,Billie Eilish,BIRDS OF A FEATHER,197350,pop
2024-10-06 22:46,ECLIPSE,Sudden Shower,230330,soundtrack
2024-10-06 22:49,10CM,Spring Snow,201595,k-ballad
2024-10-06 22:51,Ariana Grande,intro (end of the world),92400,pop
2024-10-06 22:52,Lady Gaga,Die With A Smile,104874,art pop
2024-10-08 19:30,Taylor Swift,We Are Never Ever Getting Back Together,12530,country
2024-10-08 19:30,ZAYN,I Don’t Wanna Live Forever (Fifty Shades Darker),12090,pop
2024-10-08 19:34,Taylor Swift,Labyrinth,247962,country
2024-10-08 19:38,The Weeknd,"One Of The Girls (with JENNIE, Lily Rose Depp)",244684,rnb
2024-10-08 19:41,beabadoobee,the perfect pair,177533,bedroom pop
2024-10-08 19:47,Taylor Swift,Enchanted,352186,country
2024-10-08 19:51,Coyote Theory,This Side of Paradise,242010,indie
2024-10-08 19:55,Taylor Swift,All Of The Girls You Loved Before,221407,country
2024-10-08 19:57,Ruth B.,Lost Boy,3169,pop
2024-10-08 19:57,beabadoobee,Glue Song,135066,bedroom pop
2024-10-08 19:59,Taylor Swift,Anti-Hero,4610,country
2024-10-08 19:59,Ariana Grande,intro (end of the world),92400,pop
2024-10-08 20:03,Lana Del Rey,Chemtrails Over The Country Club,271176,female vocalists
2024-10-08 20:07,Lana Del Rey,Young And Beautiful,236053,female vocalists
2024-10-08 20:12,ECLIPSE,Sudden Shower,296440,soundtrack
2024-10-08 20:12,Lana Del Rey,Young And Beautiful,920,female vocalists
2024-10-08 20:12,Taylor Swift,Bejeweled,3700,country
2024-10-08 20:12,Taylor Swift,Bejeweled,18,country
2024-10-08 20:22,ECLIPSE,Sudden Shower,2370,soundtrack
2024-10-08 20:22,ECLIPSE,Sudden Shower,294460,soundtrack
2024-10-08 20:26,ECLIPSE,Sudden Shower,1598,soundtrack
2024-10-08 20:26,ECLIPSE,Sudden Shower,233031,soundtrack
2024-10-08 20:30,The Neighbourhood,Baby Came Home,226880,indie
2024-10-08 20:34,Cigarettes After Sex,Heavenly,262550,dream pop
2024-10-08 20:38,ECLIPSE,Sudden Shower,2228,soundtrack
2024-10-08 20:38,ECLIPSE,Sudden Shower,233031,soundtrack
2024-10-08 20:48,Chase Atlantic,Friends,230010,rnb
2024-10-08 20:51,Chase Atlantic,MAMACITA,202931,rnb
2024-10-08 20:55,The Weeknd,"One Of The Girls (with JENNIE, Lily Rose Depp)",244684,rnb
2024-10-08 20:59,Chase Atlantic,Church,220000,rnb
2024-10-08 21:02,Cigarettes After Sex,Each Time You Fall in Love,178363,dream pop
2024-10-08 21:05,Chase Atlantic,Okay,212306,rnb
2024-10-08 21:09,Chase Atlantic,The Walls,229840,rnb
2024-10-08 21:13,Chase Atlantic,DIE FOR ME,198103,rnb
2024-10-08 23:26,Arctic Monkeys,R U Mine?,1820,indie
2024-10-08 23:26,Arctic Monkeys,Why'd You Only Call Me When You're High?,51430,indie
2024-10-08 23:30,Arctic Monkeys,Cornerstone,197973,indie
2024-10-08 23:36,The Neighbourhood,Nervous,245000,indie
2024-10-08 23:40,David Kushner,Daylight,212953,indie
2024-10-08 23:43,The Neighbourhood,Softcore,206280,indie
2024-10-08 23:48,The Neighbourhood,Prey,282640,indie
2024-10-08 23:52,The Neighbourhood,W.D.Y.W.F.M?,259413,indie
2024-10-09 00:08,Cigarettes After Sex,Opera House,365150,dream pop
2024-10-09 00:13,The Neighbourhood,Void,203666,indie
2024-10-09 00:17,ECLIPSE,Sudden Shower,233031,soundtrack
2024-10-09 00:24,Chase Atlantic,Numb to the Feeling,227586,rnb
2024-10-09 00:28,ECLIPSE,Sudden Shower,233031,soundtrack
2024-10-09 00:33,Cigarettes After Sex,K.,320030,dream pop
2024-10-09 00:40,Cigarettes After Sex,Pure,254626,dream pop
2024-10-09 00:43,Chase Atlantic,LUST,204106,rnb
2024-10-09 00:47,The Neighbourhood,Baby Came Home,226880,indie
2024-10-09 00:50,10CM,Spring Snow,201595,k-ballad
2024-10-09 00:54,ECLIPSE,Sudden Shower,233031,soundtrack
2024-10-09 00:58,ZAYN,I Don’t Wanna Live Forever (Fifty Shades Darker),247160,pop
2024-10-09 01:03,Chase Atlantic,Consume (feat. Goon Des Garcons),267920,rnb
2024-10-09 01:07,Arctic Monkeys,She's Thunderstorms,234920,indie
2024-10-09 04:46,The Neighbourhood,Baby Came Home 2 / Valentines,260562,indie
2024-10-10 15:13,The Neighbourhood,Baby Came Home 2 / Valentines,12920,indie
2024-10-10 15:17,Lady Gaga,Die With A Smile,251667,art pop
2024-10-10 15:21,Arctic Monkeys,Do I Wanna Know?,272394,indie
2024-10-10 15:25,Chase Atlantic,Vibes,216217,rnb
2024-10-10 15:28,Arctic Monkeys,Stop The World I Wanna Get Off With You,191040,indie
2024-10-10 15:31,Chase Atlantic,Into It,196767,rnb
2024-10-10 15:35,Cults,Always Forever,223746,indie pop
2024-10-10 15:39,James Arthur,Car's Outside,248373,soft pop
2024-10-10 15:43,Chase Atlantic,Moonlight,252000,rnb
2024-10-10 15:46,Cigarettes After Sex,You're the Only Good Thing In My Life,176603,dream pop
2024-10-10 15:50,Chase Atlantic,OHMAMI,226835,rnb
2024-10-10 15:55,Cigarettes After Sex,Apocalypse,290616,dream pop
2024-10-10 15:58,Beach Weather,"Sex, Drugs, Etc.",196784,indie
2024-10-10 16:10,The Neighbourhood,Sadderdaze,245826,indie
2024-10-10 16:13,Cigarettes After Sex,Heavenly,63106,dream pop
2024-10-10 16:16,beabadoobee,the perfect pair,177533,bedroom pop
2024-10-10 16:19,Taylor Swift,You Belong With Me,6024,country
2024-10-10 16:19,Sasha Alex Sloan,Dancing With Your Ghost,197732,indie pop
2024-10-10 16:22,Taylor Swift,"""Slut!"" (Taylor's Version) (From The Vault)",180381,country
2024-10-10 16:37,Claude Debussy,"Suite Bergamasque, L.75: 3.: Claire De Lune",8240,classical piano
2024-10-10 16:37,Gwen Stefani,Luxurious,247198,pop
2024-10-10 16:37,Ruth B.,Lost Boy,1760,pop
2024-10-10 16:39,Ophelia Wilde,dark history,133003,Classical
2024-10-10 16:43,Carl Philipp Emanuel Bach,"Rondo Espressivo, Sonata In B Minor, H.245",216803,classical
2024-10-10 16:45,Andrea Vanzo,Autumn Intro,102448,composer
2024-10-10 16:47,Jonas Hain,Au Ciel,131317,instrumental
2024-10-10 16:49,Javier Escudero,Twelve Moons,136124,
2024-10-10 16:52,Ophelia Wilde,lost in time,157053,Classical
2024-10-10 16:53,Ophelia Wilde,days passing,95735,Classical
2024-10-10 16:56,Cristian Vivaldi,A Silent Sorrow,133569,
2024-10-10 17:01,Martin Biesecke,the empty theater,128304,germany
2024-10-10 17:03,Lysander,October,121034,instrumental
2024-10-10 17:05,Dennis Korn,A Romance in Venice,130000,chillout
2024-10-10 17:08,Marco Apicella,Moonrise,175360,lo-fi beats
2024-10-10 17:10,Ophelia Wilde,a lost love,123260,Classical
2024-10-10 17:12,Ophelia Wilde,sitting under a tree,134293,Classical
2024-10-10 17:14,Bobby Celesti,Luminary,108857,lullaby
2024-10-10 17:16,Imaginary Poet,Nature Falling Asleep,104017,Classical
2024-10-10 19:35,Yan Springett,First Flight,157812,Classical
2024-10-10 19:37,Imaginary Poet,Rainy Day,114750,Classical
2024-10-10 19:40,Housman,Empire of Light,154818,
2024-10-10 19:42,Imaginary Poet,Wooden Clock,147897,Classical
2024-10-10 19:45,Morunas,From Now On,154214,piano
2024-10-10 19:47,Yannick Lowack,The Overthinker,161543,
2024-10-10 19:49,Johannes Brahms,"16 Waltzes No. 15 In A Major, Op. 39: No. 15",106120,classical
2024-10-10 19:51,Luke Faulkner,The Journey,144838,Classical
2024-10-10 20:12,Toshifumi Hinata,Menuet,106333,japanese classical
2024-10-10 20:18,Alessandro Scarlatti,La Folia In D Minor,119147,opera
2024-10-10 20:19,Lysander,Library Whispers,85344,instrumental
2024-10-10 20:20,Dennis Korn,Dinner Time,64750,chillout
2024-10-10 20:22,Annie Rosier,l'adieu,139522,
2024-10-10 20:25,Imaginary Poet,Autumn,140901,Classical
2024-10-10 20:27,Imaginary Poet,Tea Time,128642,Classical
2024-10-10 20:30,Marco Apicella,Two Days,166826,lo-fi beats
2024-10-10 20:32,Adrien de la Salle,Whispers In Paris,156000,canada
2024-10-10 20:37,Erik Satie,Gnossienne No.1,310678,classical piano
2024-10-10 20:41,Daniel Paterok,Winter,193852,neoclassical
2024-10-10 20:43,Dennis Korn,The Windmill of Heckington,126500,chillout
2024-10-10 20:45,Jonas Kolberg,Late Night Train,144727,
2024-10-10 20:48,Oscar Mallen,Room of Memories,164000,
2024-10-10 20:50,Fabrizio Paterlini,Rue des trois frères,111442,neoclassical
2024-10-10 20:53,Johannes Brahms,"Intermezzo, Op.76: No. 7",186508,classical
2024-10-10 20:55,Imaginary Poet,Snow Flakes,142857,Classical
2024-10-10 20:58,Henri Bentley,Shifting Tides,144083,
2024-10-10 21:03,Claude Debussy,"Suite Bergamasque, L.75: 3.: Claire De Lune",305241,classical piano
2024-10-10 21:04,Erik Satie,"Mercure, Scene 1: La nuit",73826,classical piano
2024-10-10 21:06,Brackwhit,Links To The Past,113850,
2024-10-10 21:09,Raban,Solitude,151693,indie
2024-10-10 21:10,Sarah Watson,Broken Clouds,100659,
2024-10-10 21:12,Ophelia Wilde,mr darcy's proposal,92786,Classical
2024-10-10 21:15,Johannes Wasikowski,Dusty Covers,199880,
2024-10-10 21:17,Jonas Hain,Echoes,127350,instrumental
2024-10-10 21:20,Alexander B. A. Pielsticker,Nocturnal Thoughts,160000,
2024-10-10 21:24,Andrea Vanzo,London Rain,208215,composer
2024-10-10 21:27,Matthijs Van Der Wilt,Conformations,178209,
2024-10-10 21:29,Howard Harper-Barnes,The English Affair,123805,instrumental
2024-10-10 21:31,Frédéric Chopin,"Préludes No. 4 In E Minor, Op. 28: No. 4",153941,classical piano
2024-10-10 21:34,praam,"ernestine, 1983",171826,contemporary classical
2024-10-10 22:38,Ophelia Wilde,dear edmond,137064,Classical
2024-10-10 22:39,Ophelia Wilde,inner solitude,35020,Classical
2024-10-10 22:51,Lana Del Rey,Art Deco,295066,female vocalists
2024-10-11 00:39,Lana Del Rey,Chemtrails Over The Country Club,271176,female vocalists
2024-10-11 00:42,Sabrina Carpenter,Looking at Me,166546,pop
2024-10-11 00:44,Arctic Monkeys,Knee Socks,3180,indie
2024-10-11 00:44,The Walters,I Love You So,151150,indie rock
2024-10-11 00:48,Chase Atlantic,Into It,196767,rnb
2024-10-11 00:51,Chase Atlantic,DIE FOR ME,206815,rnb
2024-10-11 00:54,Chase Atlantic,MAMACITA,202931,rnb
2024-10-11 00:58,Cigarettes After Sex,Truly,244110,dream pop
2024-10-11 01:03,Chase Atlantic,HEAVEN AND BACK,248240,rnb
2024-10-11 01:06,Chase Atlantic,Swim,228786,rnb
2024-10-11 01:07,Sam Smith,I'm Not The Only One,1110,soft pop
2024-10-11 01:07,Harry Styles,As It Was,1240,pop
2024-10-11 01:07,ZAYN,I Don’t Wanna Live Forever (Fifty Shades Darker),11460,pop
2024-10-11 01:07,The Weeknd,Blinding Lights,2360,rnb
2024-10-11 01:07,Chase Atlantic,OHMAMI,35839,rnb
2024-10-11 01:07,Taylor Swift,22,1660,country
2024-10-11 01:11,Coyote Theory,This Side of Paradise,242010,indie
2024-10-11 01:12,Ed Sheeran,Happier,5599,soft pop
2024-10-11 01:15,EXO,Ko Ko Bop,190422,k-pop
2024-10-11 01:18,Fujii Kaze,Shinunoga E-Wa,185573,j-pop
2024-10-11 01:21,Superfruit,GUY.exe,222680,pop
2024-10-11 01:24,leo.,despair,175500,modern rock
2024-10-11 01:27,Vanessa Paradis,La Seine - Extrait de la bande originale un monstre à Paris,167520,variété française
2024-10-11 01:30,The Dresden Dolls,My Alcoholic Friends,167680,dark cabaret
2024-10-11 01:34,Sixpence None The Richer,Kiss Me,208680,pop
2024-10-11 02:01,Kesha,Die Young,211920,pop
2024-10-11 02:03,Zack Tabudlo,Habang Buhay,101853,opm
2024-10-11 02:07,SURAN,WINE (Feat.Changmo) (Prod. SUGA),232194,k-pop
2024-10-11 02:28,Ed Sheeran,Photograph,258986,soft pop
2024-10-11 02:31,TWICE,The Feels,198053,k-pop
2024-10-11 02:36,girl in red,i wanna be your girlfriend,204990,bedroom pop
2024-10-11 02:56,Lana Del Rey,Young And Beautiful,98274,female vocalists
2024-10-12 05:36,ECLIPSE,Sudden Shower,233031,soundtrack
2024-10-12 06:17,ECLIPSE,Sudden Shower,233031,soundtrack
2024-10-12 08:03,ECLIPSE,Sudden Shower,52979,soundtrack
2024-10-13 05:20,ECLIPSE,Sudden Shower,233031,soundtrack
2024-10-15 22:45,ECLIPSE,Sudden Shower,71833,soundtrack
2024-10-15 22:49,ECLIPSE,Sudden Shower,233031,soundtrack
2024-10-17 19:26,ECLIPSE,Sudden Shower,15300,soundtrack
2024-10-17 19:30,ECLIPSE,Sudden Shower,233031,soundtrack
2024-10-17 19:38,ECLIPSE,Sudden Shower,233031,soundtrack
2024-10-17 19:44,ECLIPSE,Sudden Shower,233031,soundtrack
2024-10-17 19:44,ECLIPSE,Sudden Shower,415,soundtrack
2024-10-17 19:49,Caleb Hyles,Love Like You,186960,american
2024-10-17 19:59,BØRNS,Electric Love,90780,pop
2024-10-17 20:03,Heize,내 맘을 볼 수 있나요,0,k-ballad
2024-10-17 20:04,BØRNS,Electric Love,2490,pop
2024-10-17 20:43,FIFTY FIFTY,Cupid (Twin Ver.) - Live Studio Version OT4,11504,k-pop
2024-10-17 20:43,Heize,내 맘을 볼 수 있나요,225785,k-ballad
2024-10-17 20:48,Dynamicduo,AEAO,316944,k-rap
2024-10-17 20:49,Alexander 23,IDK You Yet,57105,pop
2024-10-17 20:52,Doja Cat,Woman,172626,pop
2024-10-17 20:55,Hello Ga-Young,"Did you wake up? (one and only romance X Hello Ga-Young, WONPIL(DAY6))",199146,k-ballad
2024-10-17 20:58,SUNMI,Gashina,180000,k-pop
2024-10-17 21:05,beabadoobee,If You Want To,223638,bedroom pop
2024-10-17 21:18,LeeHi,ONLY,240906,k-ballad
2024-10-17 21:21,BTS,I Need U,210986,k-pop
2024-10-17 21:25,Moira Dela Torre,"Babalik Sa'yo (from ""2 Good 2 Be True"")",229711,opm
2024-10-17 21:28,Kali Uchis,Melting,208853,rnb
2024-10-17 21:32,BTS,dimple,196776,k-pop
2024-10-17 21:36,Cafuné,Tek It,113023,indie pop
2024-10-17 21:39,Cafuné,Tek It,78756,indie pop
2024-10-17 21:42,Zack Tabudlo,Binibini,213617,opm
2024-10-17 21:42,leo.,despair,2,modern rock
2024-10-17 21:43,SEVENTEEN,VERY NICE,1580,k-pop
2024-10-17 21:43,Vanessa Paradis,La Seine - Extrait de la bande originale un monstre à Paris,1568,variété française
2024-10-17 21:46,The Rare Occasions,Notion,195120,indie
2024-10-17 21:49,Stephen Sanchez,Until I Found You,30089,folk
2024-10-17 21:50,Jonas Hain,Intra,92117,instrumental
2024-10-17 22:18,Dennis Korn,Farewell to a Friend,75482,chillout
2024-10-17 22:21,IU,dlwlrma,176098,k-pop
2024-10-17 23:22,Heize,내 맘을 볼 수 있나요,225785,k-ballad
2024-10-18 02:45,TWICE,The Feels,26582,k-pop
2024-10-18 02:57,TWICE,The Feels,113590,k-pop
2024-10-18 02:58,Queen,Good Old-Fashioned Lover Boy - Remastered 2011,1400,classic rock
2024-10-18 03:01,Girls' Generation,Lion Heart,224257,k-pop
2024-10-18 03:05,HWASA,Maria,199026,k-pop
2024-10-18 03:08,The Rare Occasions,Notion,195120,indie
2024-10-18 03:12,Zack Tabudlo,Binibini,221538,opm
2024-10-18 03:19,Akari Kito,Tiny Light,290813,anime
2024-10-18 03:26,Charlie Puth,We Don't Talk Anymore (feat. Selena Gomez),217706,soft pop
2024-10-18 03:38,Kesha,Die Young,211920,pop
2024-10-18 03:43,BTS,I Need U,146033,k-pop
2024-10-18 03:47,James Arthur,Car's Outside,248373,soft pop
2024-10-18 03:51,ECLIPSE,Sudden Shower,233031,soundtrack
2024-10-18 03:55,Chase Atlantic,Into It,196767,rnb
2024-10-18 03:58,Cigarettes After Sex,Sunsetz,215150,dream pop
2024-10-18 04:00,Cults,Always Forever,1630,indie pop
2024-10-18 04:00,Arctic Monkeys,Why'd You Only Call Me When You're High?,88537,indie
2024-10-18 04:00,Cigarettes After Sex,You're the Only Good Thing In My Life,1180,dream pop
2024-10-18 04:02,d4vd,Romantic Homicide,132630,rnb
2024-10-18 04:12,Arctic Monkeys,Arabella,46759,indie
2024-10-18 04:19,TWICE,Doughnut,263680,k-pop
2024-10-18 04:23,The Neighbourhood,Compass,167960,indie
2024-10-18 04:45,The Neighbourhood,W.D.Y.W.F.M?,259413,indie
2024-10-18 04:48,Arctic Monkeys,Baby I'm Yours,152613,indie
2024-10-18 05:56,David Kushner,Daylight,86533,indie
2024-10-18 08:32,Billie Eilish,WILDFLOWER,10048,pop
2024-10-18 08:33,One Direction,Night Changes,7829,pop
2024-10-18 08:33,Lady Gaga,Die With A Smile,746,art pop
2024-10-18 10:24,Taylor Swift,Daylight,3840,country
2024-10-18 10:24,Taylor Swift,Lover,3050,country
2024-10-18 10:24,Joe Hisaishi,Merry-Go-Round of Life - from 'Howl's Moving Castle',1985,japanese classical
2024-10-18 10:24,Joe Hisaishi,Merry-Go-Round of Life - from 'Howl's Moving Castle',4928,japanese classical
2024-10-18 10:24,Billie Eilish,BIRDS OF A FEATHER,6207,pop
2024-10-18 10:24,Sixpence None The Richer,Kiss Me,3584,pop
2024-10-18 10:24,Lady Gaga,Die With A Smile,3541,art pop
2024-10-18 10:27,Taylor Swift,All Of The Girls You Loved Before,182591,country
2024-10-19 04:45,Wheatus,Teenage Dirtbag,210026,rock
2024-10-19 04:46,ECLIPSE,Sudden Shower,10880,soundtrack
2024-10-19 04:47,Sixpence None The Richer,Kiss Me,57045,pop
2024-10-19 06:00,Sixpence None The Richer,Kiss Me,151644,pop
2024-10-19 06:05,Joe Hisaishi,Merry-Go-Round of Life - from 'Howl's Moving Castle',311106,japanese classical
2024-10-19 06:08,Billie Eilish,BIRDS OF A FEATHER,210373,pop
2024-10-19 06:12,Taylor Swift,All Of The Girls You Loved Before,221407,country
2024-10-19 06:16,Taylor Swift,Lover,221306,country
2024-10-19 06:21,Taylor Swift,Daylight,293453,country
2024-10-19 06:25,Lady Gaga,Die With A Smile,251667,art pop
2024-10-19 06:29,One Direction,Night Changes,226600,pop
2024-10-19 06:32,Sixpence None The Richer,Kiss Me,208680,pop
2024-10-19 06:37,Joe Hisaishi,Merry-Go-Round of Life - from 'Howl's Moving Castle',311106,japanese classical
2024-10-19 06:41,Billie Eilish,BIRDS OF A FEATHER,210373,pop
2024-10-19 06:44,Taylor Swift,All Of The Girls You Loved Before,221407,country
2024-10-19 06:45,Taylor Swift,Lover,16208,country
2024-10-20 00:28,Sixpence None The Richer,Kiss Me,11136,pop
2024-10-20 00:28,Sixpence None The Richer,Kiss Me,9131,pop
2024-10-20 00:32,Sixpence None The Richer,Kiss Me,188434,pop
2024-10-20 00:35,One Direction,Night Changes,226600,pop
2024-10-20 00:39,Taylor Swift,All Of The Girls You Loved Before,221407,country
2024-10-20 00:45,Billie Eilish,BIRDS OF A FEATHER,210373,pop
2024-10-20 00:50,Taylor Swift,Daylight,293453,country
2024-10-20 00:54,Taylor Swift,Lover,221306,country
2024-10-20 00:55,Joe Hisaishi,Merry-Go-Round of Life - from 'Howl's Moving Castle',87842,japanese classical
2024-10-20 01:05,Joe Hisaishi,One Summer Day,189800,japanese classical
2024-10-20 01:08,Yuji Nomi,Breeze Blowing on the Hilltop,137706,anime
2024-10-20 01:15,Joe Hisaishi,The Boy Who Swallowed a Star,449840,japanese classical
2024-10-20 01:18,Joe Hisaishi,Day Of The River,193000,japanese classical
2024-10-20 01:21,Joe Hisaishi,On a Clear Day,136040,japanese classical
2024-10-20 01:24,Joe Hisaishi,Labyrinth of Eden,213773,japanese classical
2024-10-20 01:25,Yuji Nomi,The Elf Queen,60466,anime
2024-10-20 01:29,Joe Hisaishi,"""My Neighbor Totoro Symphony"" The Path of the Wind",222000,japanese classical
2024-10-20 01:33,Yumi Kimura,Always with Me,215426,japanese
2024-10-20 04:12,Joe Hisaishi,Morning in the Slag Ravine,11409,japanese classical
2024-10-20 04:15,Chase Atlantic,HER,574,rnb
2024-10-20 04:15,Chase Atlantic,HER,169720,rnb
2024-10-20 08:00,Sabrina Carpenter,Bed Chem,162304,pop
2024-10-21 00:01,Sabrina Carpenter,Bed Chem,9568,pop
2024-10-21 00:02,Sabrina Carpenter,Bed Chem,20460,pop
2024-10-21 00:02,Taylor Swift,We Are Never Ever Getting Back Together,24256,country
2024-10-21 00:06,Ruth B.,Dandelions,3355,pop
2024-10-21 00:06,Laufey,Promise,234266,jazz
2024-10-21 00:09,Joe Hisaishi,One Summer Day,189800,japanese classical
2024-10-21 00:11,Joe Hisaishi,Nahoko (The Proposal),70400,japanese classical
2024-10-21 00:16,Owaru,Totoro Main Theme - My Neighbor Totoro,189484,japanese classical
2024-10-21 00:23,Joe Hisaishi,Fantasia (for NAUSICAÄ),416800,japanese classical
2024-10-21 00:25,Joe Hisaishi,On a Clear Day,136040,japanese classical
2024-10-21 00:27,Hasso Gakudan,Life of a Tanuki,103933,anime
2024-10-21 00:29,Joe Hisaishi,A Shooting Star,97480,japanese classical
2024-10-21 01:07,Joe Hisaishi,The Sixth Station,27992,japanese classical
2024-10-21 02:24,Chase Atlantic,HER,169720,rnb
2024-10-21 02:28,Chase Atlantic,Friends,230010,rnb
2024-10-21 02:30,The Neighbourhood,You Get Me So High,153000,indie
2024-10-21 06:11,Isabel LaRosa,i'm yours,59742,pop
2024-10-22 07:27,Coldplay,Sparks,310,rock
2024-10-22 07:27,Taylor Swift,cardigan,0,country
2024-10-22 08:21,Billie Eilish,WILDFLOWER,261466,pop
2024-10-22 08:21,The Neighbourhood,You Get Me So High,7814,indie
2024-10-22 08:26,Billie Eilish,WILDFLOWER,261466,pop
2024-10-22 08:28,Billie Eilish,WILDFLOWER,61084,pop
2024-10-22 19:35,Chase Atlantic,Friends,230010,rnb
2024-10-22 19:40,Cigarettes After Sex,Apocalypse,290616,dream pop
2024-10-22 19:41,Cigarettes After Sex,Opera House,82542,dream pop
2024-10-22 19:41,Cigarettes After Sex,John Wayne,870,dream pop
2024-10-22 19:45,The Neighbourhood,Scary Love,222666,indie
2024-10-22 19:49,Chase Atlantic,Moonlight,252000,rnb
2024-10-22 19:53,Chase Atlantic,Slow Down,212093,rnb
2024-10-22 19:53,The Neighbourhood,Prey,24110,indie
2024-10-22 19:56,Taylor Swift,Midnight Rain,174782,country
2024-10-22 20:00,Lana Del Rey,West Coast,256760,female vocalists
2024-10-22 20:10,Laufey,From The Start,169573,jazz
2024-10-22 20:15,Taylor Swift,Cruel Summer,178426,country
2024-10-22 20:19,Taylor Swift,Speak Now,240760,country
2024-10-22 20:24,Adele,Skyfall,286480,dangdut
2024-10-22 20:28,Taylor Swift,my tears ricochet,255893,country
2024-10-22 20:31,SZA,Kill Bill,153946,rnb
2024-10-22 20:42,Laufey,Let You Break My Heart Again,269066,jazz
2024-10-22 21:03,Joji,Glimpse of Us,233456,Lo-Fi
2024-10-22 21:06,Taylor Swift,London Boy,64844,country
2024-10-22 21:09,One Direction,Drag Me Down,192120,pop
2024-10-22 21:09,One Direction,Drag Me Down,10200,pop
2024-10-22 21:12,One Direction,Midnight Memories,176320,pop
2024-10-22 21:15,One Direction,Midnight Memories,176320,pop
2024-10-22 21:18,One Direction,Midnight Memories,176320,pop
2024-10-22 21:18,One Direction,Midnight Memories,5460,pop
2024-10-22 21:21,One Direction,Drag Me Down,192120,pop
2024-10-22 22:36,One Direction,Drag Me Down,1120,pop
2024-10-22 22:36,One Direction,Drag Me Down,221560,pop
2024-10-22 22:36,One Direction,Drag Me Down,8440,pop
2024-10-22 22:40,One Direction,Night Changes,226600,pop
2024-10-22 22:43,One Direction,No Control,199720,pop
2024-10-22 22:46,One Direction,One Way or Another (Teenage Kicks),157293,pop
2024-10-22 22:49,One Direction,I Should Have Kissed You,215933,pop
2024-10-22 22:52,One Direction,One Thing,197600,pop
2024-10-22 22:57,One Direction,Gotta Be You,244506,pop
2024-10-22 23:00,One Direction,Right Now,200400,pop
2024-10-22 23:04,One Direction,Steal My Girl,228133,pop
2024-10-22 23:09,One Direction,Ready to Run,196053,pop
2024-10-22 23:13,One Direction,More Than This,229106,pop
2024-10-22 23:17,One Direction,Don't Forget Where You Belong,241000,pop
2024-10-22 23:21,One Direction,Story of My Life,245493,pop
2024-10-22 23:25,One Direction,Perfect,230333,pop
2024-10-22 23:29,One Direction,Infinity,249480,pop
2024-10-22 23:33,One Direction,Hey Angel,240000,pop
2024-10-22 23:37,One Direction,Where Do Broken Hearts Go,229040,pop
2024-10-22 23:41,One Direction,You & I,237933,pop
2024-10-22 23:44,One Direction,One Thing - Acoustic,182005,pop
2024-10-22 23:47,One Direction,Na Na Na,185653,pop
2024-10-22 23:50,One Direction,Up All Night,194693,pop
2024-10-22 23:54,One Direction,18,248360,pop
2024-10-22 23:58,One Direction,Little Things,219040,pop
2024-10-23 00:01,One Direction,They Don't Know About Us,200400,pop
2024-10-23 05:12,One Direction,Fool's Gold,115161,pop
2024-10-23 05:14,One Direction,No Control,71594,pop
2024-10-23 05:56,One Direction,No Control,126123,pop
2024-10-23 08:52,One Direction,No Control,197973,pop
2024-10-24 06:57,One Direction,No Control,199720,pop
2024-10-24 06:57,One Direction,No Control,18937,pop
2024-10-24 07:01,One Direction,Rock Me,200266,pop
2024-10-24 07:01,One Direction,Rock Me,1878,pop
2024-10-24 07:48,Taylor Swift,The Man,23787,country
2024-10-24 07:48,Bruno Mars,When I Was Your Man,59435,pop
2024-10-24 08:03,Chase Atlantic,Swim,76715,rnb
2024-10-24 08:41,Chase Atlantic,Paradise,252437,rnb
2024-10-24 18:10,One Direction,Perfect,254783,pop
2024-10-24 18:25,One Direction,Steal My Girl,228133,pop
2024-10-24 18:28,One Direction,What Makes You Beautiful,199986,pop
2024-10-24 18:46,One Direction,Taken,237706,pop
2024-10-24 18:49,One Direction,Stockholm Syndrome,214720,pop
2024-10-24 18:54,One Direction,18,248360,pop
2024-10-24 18:58,One Direction,Infinity,249480,pop
2024-10-24 19:01,One Direction,Kiss You,182866,pop
2024-10-24 19:05,One Direction,Where Do Broken Hearts Go,229040,pop
2024-10-24 19:08,One Direction,They Don't Know About Us,200400,pop
2024-10-24 19:11,One Direction,Stand Up,175093,pop
2024-10-24 19:14,One Direction,Live While We're Young,200213,pop
2024-10-24 19:18,One Direction,A.M.,209040,pop
2024-10-24 19:21,One Direction,Fool's Gold,210893,pop
2024-10-24 19:24,One Direction,Up All Night,194693,pop
2024-10-24 19:28,One Direction,Don't Forget Where You Belong,241000,pop
2024-10-24 19:32,One Direction,Girl Almighty,201853,pop
2024-10-24 19:35,One Direction,Fireproof,174080,pop
2024-10-24 19:38,One Direction,Love You Goodbye,196933,pop
2024-10-24 19:41,One Direction,Right Now,200400,pop
2024-10-24 19:45,One Direction,History,187426,pop
2024-10-24 19:48,One Direction,You & I,237933,pop
2024-10-24 19:52,One Direction,Half a Heart,188546,pop
2024-10-24 19:56,One Direction,One Way or Another (Teenage Kicks),157293,pop
2024-10-24 23:17,One Direction,Last First Kiss,203546,pop
2024-10-25 00:18,One Direction,Strong,176296,pop
2024-10-25 00:29,Chase Atlantic,Swim,199090,rnb
2024-10-25 00:30,Joe Hisaishi,Porco e Bella,66160,japanese classical
2024-10-25 00:33,Yuji Nomi,Haru's Memories,201133,anime
2024-10-25 00:41,Satoshi Takebe,Summer of Farewells - From Up On Poppy Hill (Vocals by Aoi Teshima),248186,anime
2024-10-25 00:43,Joe Hisaishi,Bygone Days,136400,japanese classical
2024-10-25 00:45,Satoshi Takebe,Sunrise ~ The Breakfast Song (Vocals by Aoi Teshima),134180,anime
2024-10-25 00:47,Claude Debussy,"Page D'album, L. 133: Pièce Pour Le Vêtement Du Blessé",117973,classical piano
2024-10-25 00:49,Imaginary Poet,Nature Falling Asleep,104017,Classical
2024-10-25 00:57,Oscar Pascasio,Wonderful Life,134750,instrumental
2024-10-25 01:02,Erik Satie,Gnossienne No.1,310678,classical piano
2024-10-25 01:04,Sarah Watson,Broken Clouds,100659,
2024-10-25 01:07,Dennis Korn,Waltz of the Black Swan,155000,chillout
2024-10-25 01:08,Frédéric Chopin,"Préludes No. 7 In A Major, Op. 28: No. 7",40223,classical piano
2024-10-25 01:13,Erik Satie,Gnossienne No.4,233062,classical piano
2024-10-25 01:16,Erik Satie,Gymnopédie No.2,192241,classical piano
2024-10-25 01:17,Sylkus,Evening Nostalgia,93831,
2024-10-25 01:20,Cameron Segal,Past Reflections,139694,
2024-10-25 01:27,Dennis Korn,February: Waltz,148746,chillout
2024-10-25 01:32,Dennis Korn,Canterbury,88000,chillout
2024-10-25 01:34,Ophelia Wilde,the day we met,108425,Classical
2024-10-25 01:37,Melissa Galosi,Shadow Dust,155600,piano
2024-10-25 01:39,Imaginary Poet,Tea Time,128642,Classical
2024-10-25 01:44,Klangmaler,Compassion,171982,
2024-10-25 01:47,Dennis Korn,The Rose Garden,20440,chillout
2024-10-25 01:51,Arctic Monkeys,R U Mine?,201726,indie
2024-10-25 04:05,Cigarettes After Sex,Apocalypse,290616,dream pop
2024-10-25 04:10,The Neighbourhood,Daddy Issues,260173,indie
2024-10-25 04:14,The Neighbourhood,The Beach,255133,indie
2024-10-25 04:14,The Neighbourhood,Afraid,12930,indie
2024-10-25 04:19,One Direction,"Rock Me - Live Version from The Motion Picture ""One Direction: This Is Us""",255320,pop
2024-10-25 04:24,One Direction,Moments,262640,pop
2024-10-25 04:28,One Direction,I Should Have Kissed You,215933,pop
2024-10-25 04:31,One Direction,Last First Kiss,203546,pop
2024-10-25 04:34,One Direction,Strong,184373,pop
2024-10-25 04:37,One Direction,Up All Night,194693,pop
2024-10-25 04:41,One Direction,Gotta Be You,244506,pop
2024-10-25 04:45,One Direction,Drag Me Down,192120,pop
2024-10-25 04:48,One Direction,Right Now,200400,pop
2024-10-25 04:51,One Direction,What Makes You Beautiful,199986,pop
2024-10-25 04:55,One Direction,Night Changes,226600,pop
2024-10-25 04:56,One Direction,Love You Goodbye,42479,pop
2024-10-25 04:59,One Direction,Olivia,177973,pop
2024-10-25 05:12,One Direction,Over Again,182040,pop
2024-10-25 05:18,One Direction,Little Things,188226,pop
2024-10-25 05:20,One Direction,One Way or Another (Teenage Kicks),157293,pop
2024-10-25 05:24,One Direction,Best Song Ever,200106,pop
2024-10-25 05:34,One Direction,Live While We're Young,200213,pop
2024-10-25 06:35,One Direction,Kiss You,63476,pop
2024-10-26 08:56,One Direction,No Control,199720,pop
2024-10-26 08:57,Chase Atlantic,HER,24618,rnb
2024-10-26 08:57,One Direction,No Control,75492,pop
2024-10-26 09:00,Chase Atlantic,HER,169720,rnb
2024-10-26 09:04,Chase Atlantic,HER,56190,rnb
2024-10-26 23:27,Chase Atlantic,LUST,204106,rnb
2024-10-26 23:30,Chase Atlantic,ESCORT,218823,rnb
2024-10-26 23:34,Chase Atlantic,DIE FOR ME,206815,rnb
2024-10-26 23:38,Cigarettes After Sex,Cry,256800,dream pop
2024-10-26 23:41,Chase Atlantic,Into It,196767,rnb
2024-10-26 23:45,Chase Atlantic,Slow Down,212093,rnb
2024-10-26 23:46,The Neighbourhood,Sweater Weather,82180,indie
2024-10-26 23:47,Joe Hisaishi,Evening Wind,61106,japanese classical
2024-10-26 23:48,Joe Hisaishi,White Wall,46000,japanese classical
2024-10-26 23:49,Joe Hisaishi,Overture,53920,japanese classical
2024-10-27 00:43,Joe Hisaishi,The Boy Who Swallowed a Star,178166,japanese classical
2024-10-27 03:06,One Direction,No Control,114368,pop
2024-10-27 05:18,One Direction,No Control,199720,pop
2024-10-27 05:25,One Direction,No Control,190649,pop
2024-10-29 04:27,One Direction,No Control,3776,pop
2024-10-29 04:31,The Neighbourhood,Nervous,245000,indie
2024-10-29 07:33,The Neighbourhood,Compass,3588,indie
2024-10-29 19:43,The Neighbourhood,Compass,164630,indie
2024-10-29 20:20,Arctic Monkeys,Knee Socks,153950,indie
2024-10-29 20:20,Dijon,The Dress,0,seen live
2024-10-29 20:33,Chase Atlantic,Moonlight,245470,rnb
2024-10-29 20:33,The Neighbourhood,Reflections,310,indie
2024-10-29 20:33,The Neighbourhood,Reflections,320,indie
2024-10-29 20:33,The Neighbourhood,Reflections,160,indie
2024-10-29 20:33,The Neighbourhood,Reflections,240,indie
2024-10-29 20:33,The Neighbourhood,Reflections,1040,indie
2024-10-29 20:33,The Neighbourhood,Reflections,580,indie
2024-10-29 20:34,The Neighbourhood,Reflections,7250,indie
2024-10-29 20:34,The Neighbourhood,Reflections,17450,indie
2024-10-29 20:34,The Neighbourhood,Reflections,180,indie
2024-10-29 20:34,The Neighbourhood,Reflections,4620,indie
2024-10-29 20:34,The Neighbourhood,Reflections,5000,indie
2024-10-29 20:34,The Neighbourhood,Reflections,2490,indie
2024-10-29 20:34,The Neighbourhood,Reflections,190,indie
2024-10-29 20:34,The Neighbourhood,Reflections,160,indie
2024-10-29 20:34,The Neighbourhood,Reflections,670,indie
2024-10-29 20:34,The Neighbourhood,Reflections,60,indie
2024-10-29 20:34,The Neighbourhood,Reflections,660,indie
2024-10-29 21:07,The Neighbourhood,Reflections,244013,indie
2024-10-29 21:11,The Neighbourhood,Void,203666,indie
2024-10-29 21:11,Cigarettes After Sex,Kiss It Off Me,27290,dream pop
2024-10-29 21:16,Lady Gaga,Die With A Smile,251667,art pop
2024-10-29 21:20,Arctic Monkeys,R U Mine?,201726,indie
2024-10-29 21:26,Cigarettes After Sex,John Wayne,258483,dream pop
2024-10-29 23:20,Cigarettes After Sex,Stop Waiting,307212,dream pop
2024-10-29 23:24,One Direction,I Wish,216946,pop
2024-10-29 23:30,One Direction,History,187426,pop
2024-10-29 23:33,One Direction,Drag Me Down,192120,pop
2024-10-29 23:36,One Direction,Never Enough,213440,pop
2024-10-29 23:41,One Direction,18,248360,pop
2024-10-29 23:44,One Direction,Over Again,182040,pop
2024-10-29 23:49,One Direction,Half a Heart,188546,pop
2024-10-29 23:52,One Direction,Right Now,200400,pop
2024-10-29 23:56,One Direction,Live While We're Young,200213,pop
2024-10-30 00:00,One Direction,Home,175666,pop
2024-10-30 00:04,The Neighbourhood,Afraid,251186,indie
2024-10-30 00:07,Cigarettes After Sex,K.,142513,dream pop
2024-10-30 00:10,Chase Atlantic,Swim,228786,rnb
2024-10-30 00:14,Arctic Monkeys,Stop The World I Wanna Get Off With You,191040,indie
2024-10-30 00:18,Chase Atlantic,The Walls,229840,rnb
2024-10-30 00:21,Cigarettes After Sex,Kiss It Off Me,191573,dream pop
2024-10-30 00:25,Chase Atlantic,Moonlight,252000,rnb
2024-10-30 00:28,Chase Atlantic,Slow Down,212093,rnb
2024-10-30 00:33,Lady Gaga,Die With A Smile,251667,art pop
2024-10-30 00:35,Arctic Monkeys,Why'd You Only Call Me When You're High?,161123,indie
2024-10-30 00:40,The Neighbourhood,Prey,282640,indie
2024-10-30 00:45,Cigarettes After Sex,Each Time You Fall in Love,290630,dream pop
2024-10-30 00:58,Chase Atlantic,Drugs & Money - New Mix,239921,rnb
2024-10-30 01:02,Cigarettes After Sex,You're the Only Good Thing In My Life,275186,dream pop
2024-10-30 01:06,Cigarettes After Sex,Sunsetz,215150,dream pop
2024-10-30 01:10,Chase Atlantic,Numb to the Feeling,227586,rnb
2024-10-30 06:51,Cigarettes After Sex,Opera House,176079,dream pop
2024-10-30 06:52,Cigarettes After Sex,Opera House,13526,dream pop
2024-10-30 06:58,The Neighbourhood,Baby Came Home,42431,indie
2024-10-30 07:04,The Neighbourhood,Female Robbery,32725,indie
2024-10-30 07:24,jsthebg,American Wedding,4159,
2024-10-30 07:24,jsthebg,American Wedding,8128,
2024-10-30 07:24,jsthebg,American Wedding,187200,
2024-10-31 16:20,Chase Atlantic,HER,169720,rnb
2024-10-31 16:26,Cigarettes After Sex,Stop Waiting,37760,dream pop
2024-10-31 16:30,Chase Atlantic,ESCORT,218823,rnb
2024-10-31 16:34,The Neighbourhood,The Beach,255133,indie
2024-10-31 16:40,Chase Atlantic,Paradise,363606,rnb
2024-10-31 16:42,The Neighbourhood,You Get Me So High,153000,indie
2024-10-31 16:46,The Neighbourhood,Scary Love,222666,indie
2024-10-31 16:50,The Neighbourhood,Afraid,63820,indie
2024-10-31 16:54,Chase Atlantic,Friends,230010,rnb
2024-10-31 16:57,Chase Atlantic,YOU TOO.,187853,rnb
2024-10-31 17:01,Chase Atlantic,SLIDE,235720,rnb
2024-10-31 17:08,Chase Atlantic,EMPTY,230266,rnb
2024-10-31 17:16,Chase Atlantic,Roxanne,232048,rnb
2024-10-31 17:19,Chase Atlantic,The Walls,229840,rnb
2024-10-31 17:29,Chase Atlantic,HEAVEN AND BACK,248240,rnb
2024-10-31 17:41,Chase Atlantic,I NEVER EXISTED,230133,rnb
2024-10-31 17:52,Chase Atlantic,RICOCHET,197671,rnb
2024-10-31 18:25,Chase Atlantic,STUCKINMYBRAIN,181646,rnb
2024-10-31 19:17,Chase Atlantic,STUCKINMYBRAIN,48544,rnb
2024-10-31 19:21,Chase Atlantic,PARANOID,220120,rnb
2024-10-31 19:25,Chase Atlantic,Falling,223240,rnb
2024-10-31 19:29,Chase Atlantic,Moonlight,252000,rnb
2024-10-31 19:33,Chase Atlantic,WHAT U CALL THAT,207826,rnb
2024-10-31 19:36,Chase Atlantic,Right Here,235000,rnb
2024-10-31 19:40,ELIO,hurts 2 hate somebody (with Chase Atlantic & No Rome),38774,choral
2024-10-31 19:40,ELIO,hurts 2 hate somebody (with Chase Atlantic & No Rome),186665,choral
2024-10-31 19:44,Chase Atlantic,Tidal Wave,243670,rnb
2024-10-31 19:48,Chase Atlantic,OHMAMI,226835,rnb
2024-10-31 19:52,Chase Atlantic,Numb to the Feeling,227586,rnb
2024-10-31 19:54,Chase Atlantic,ESCORT,134047,rnb
2024-10-31 19:55,Henri Bertini,"25 Etudes, Op.29: No. 11",76169,Classical
2024-10-31 19:57,Domenico Cimarosa,Sonata C.55,117705,requiem
2024-10-31 19:59,Ophelia Wilde,transylvanian nights,104663,Classical
2024-10-31 20:01,Dennis Korn,The Red Dress,123000,chillout
2024-10-31 20:03,Imaginary Poet,Slow Valse,111227,Classical
2024-10-31 20:05,Niklas Blumenthaler,Follow Me,100000,
2024-10-31 20:07,Dennis Korn,King's Chair,110500,chillout
2024-10-31 20:15,Dennis Korn,The Windmill of Heckington,126500,chillout
2024-10-31 20:18,Dario Lessing,Romanza,198727,lo-fi
2024-10-31 20:20,Imaginary Poet,November,114258,Classical
2024-10-31 20:21,Ludwig van Beethoven,"6 Piano Variations In G Major, WoO 70: Theme. ''Nel Cor Più Non Mi Sento''",62330,classical
2024-10-31 20:23,Dennis Korn,Flight of the Elves,129000,chillout
2024-10-31 20:25,Klangmaler,Fortune,124482,
2024-10-31 20:28,Luke Faulkner,The Journey,144838,Classical
2024-10-31 20:30,Brackwhit,All Water Under the Bridge Now,126683,
2024-10-31 20:32,Carl Bohm,Still as the Night,155161,
2024-10-31 20:35,Imaginary Poet,Passion,161799,Classical
2024-10-31 20:38,Imaginary Poet,Adagietto,181428,Classical
2024-10-31 20:39,Lysander,Library Whispers,85344,instrumental
2024-10-31 20:41,Edvard Grieg,"Arietta, Op.12: No. 1",80611,classical
2024-10-31 20:42,César Franck,Allegretto Poco Mosso,62611,chamber music
2024-10-31 20:45,Chris Palmer,The Royal Portuguese Cabinet of Reading,157111,medieval
2024-10-31 20:48,Wallerstedt,Serenity,182780,
2024-10-31 20:49,Andrea Vanzo,London Rain,89072,composer
2024-10-31 20:51,Fabrizio Paterlini,Rue des trois frères,111602,neoclassical
2024-10-31 20:54,Melissa Galosi,Brother's Waltz,155000,piano
2024-10-31 21:03,Lysander,Candlelight,125517,instrumental
2024-10-31 21:05,Yanson,La Dernière Fois,154248,
2024-10-31 21:08,Michael Janzen,Long Overdue,181288,contemporary classical
2024-10-31 21:11,Imaginary Poet,Tea Time,128642,Classical
2024-10-31 21:12,Yehezkel Raz,Consolation No. 2 in A-flat Major,95499,ambient
2024-10-31 21:16,One Direction,Story of My Life,245493,pop
2024-10-31 23:19,One Direction,Girl Almighty,201853,pop
2024-11-01 00:25,One Direction,Where Do Broken Hearts Go,229040,pop
2024-11-01 00:32,One Direction,Infinity,97243,pop
2024-11-01 00:36,One Direction,You & I,237933,pop
2024-11-01 00:39,One Direction,Best Song Ever,200106,pop
2024-11-01 00:40,One Direction,Hey Angel,62250,pop
2024-11-01 00:41,One Direction,Ready to Run,12420,pop
2024-11-01 00:45,Chase Atlantic,Paradise,256453,rnb
2024-11-01 00:52,Chase Atlantic,DEVILISH,172386,rnb
2024-11-01 01:04,Chase Atlantic,Why Stop Now,222878,rnb
2024-11-01 01:08,Chase Atlantic,TOO LATE,49210,rnb
2024-11-01 01:08,Chase Atlantic,LIKE A ROCKSTAR,208111,rnb
2024-11-01 01:12,The Neighbourhood,Sweater Weather,240400,indie
2024-11-01 01:17,The Neighbourhood,Here We Go Again,257720,indie
2024-11-01 01:18,The Neighbourhood,Honest - From The Amazing Spider-Man 2 Soundtrack,81440,indie
2024-11-01 01:23,The Neighbourhood,Alleyways,267853,indie
2024-11-01 01:25,The Neighbourhood,Compass,167960,indie
2024-11-01 01:34,The Neighbourhood,Devil's Advocate,186306,indie
2024-11-01 01:40,The Neighbourhood,A Little Death,209706,indie
2024-11-01 01:52,The Neighbourhood,The Beach,255133,indie
2024-11-02 03:22,The Neighbourhood,Daddy Issues,203920,indie
2024-11-02 03:23,The Neighbourhood,Daddy Issues,56252,indie
2024-11-02 03:26,The Neighbourhood,Cherry Flavoured,208453,indie
2024-11-02 03:30,The Neighbourhood,$TING,928,indie
2024-11-02 03:30,The Neighbourhood,Reflections,244013,indie
2024-11-05 20:40,Lana Del Rey,Chemtrails Over The Country Club,271176,female vocalists
2024-11-05 20:44,Doja Cat,Agora Hills,265360,pop
2024-11-05 20:50,Aimer,Sailing,335973,anime
2024-11-05 20:52,beabadoobee,Glue Song,135066,bedroom pop
2024-11-05 20:56,Sixpence None The Richer,Kiss Me,208680,pop
2024-11-05 20:56,Laufey,Promise,26923,jazz
2024-11-05 20:59,Taylor Swift,Midnight Rain,174782,country
2024-11-05 21:07,Lana Del Rey,Say Yes To Heaven,209156,female vocalists
2024-11-05 21:07,Laufey,From The Start,3120,jazz
2024-11-05 21:07,Selena Gomez,Fetish (feat. Gucci Mane),23671,pop
2024-11-05 21:08,Taylor Swift,Blank Space,3900,country
2024-11-05 21:11,Lana Del Rey,Doin' Time,202192,female vocalists
2024-11-05 21:14,Charlie Puth,One Call Away,194453,soft pop
2024-11-05 21:17,Olivia Rodrigo,"jealousy, jealousy",173160,pop
2024-11-05 21:21,Taylor Swift,Speak Now,240760,country
2024-11-05 21:25,Lana Del Rey,"Once Upon a Dream - From ""Maleficent"" / Pop Version",203080,female vocalists
2024-11-05 21:33,Olivia Rodrigo,vampire,219724,pop
2024-11-05 21:41,Taylor Swift,Back To December,293026,country
2024-11-05 21:48,Lana Del Rey,Cinnamon Girl,262092,female vocalists
2024-11-05 21:51,One Direction,They Don't Know About Us,200400,pop
2024-11-05 21:55,One Direction,Infinity,249480,pop
2024-11-05 21:58,One Direction,One Thing - Acoustic,182005,pop
2024-11-05 22:02,One Direction,Night Changes,226600,pop
2024-11-05 22:03,One Direction,History,21564,pop
2024-11-05 22:10,One Direction,Night Changes,451200,pop
2024-11-06 00:45,One Direction,History,70200,pop
2024-11-06 00:48,Chase Atlantic,LUST,204106,rnb
2024-11-06 00:53,The Neighbourhood,Sweater Weather,240400,indie
2024-11-06 00:57,Cigarettes After Sex,You're the Only Good Thing In My Life,275186,dream pop
2024-11-06 01:01,Chase Atlantic,Drugs & Money - New Mix,239921,rnb
2024-11-06 01:02,Djo,End of Beginning,44345,psychedelic pop
2024-11-06 01:06,Djo,End of Beginning,22938,psychedelic pop
2024-11-06 01:06,Chase Atlantic,Drugs & Money - New Mix,239921,rnb
2024-11-06 01:07,Cigarettes After Sex,Sunsetz,21140,dream pop
2024-11-06 01:10,One Direction,Best Song Ever,200106,pop
2024-11-06 01:13,One Direction,History,187426,pop
2024-11-06 01:17,One Direction,Night Changes,226600,pop
2024-11-06 01:18,One Direction,Taken,45006,pop
2024-11-06 01:21,One Direction,Fireproof,174080,pop
2024-11-06 01:24,One Direction,Home,28770,pop
2024-11-06 01:24,One Direction,Right Now,200400,pop
2024-11-06 01:28,One Direction,Ready to Run,196053,pop
2024-11-06 01:29,One Direction,Don't Forget Where You Belong,64486,pop
2024-11-06 01:36,One Direction,Up All Night,194693,pop
2024-11-06 01:38,One Direction,Midnight Memories,176320,pop
2024-11-06 01:48,One Direction,Wolves,241533,pop
2024-11-06 02:14,One Direction,Gotta Be You,244506,pop
2024-11-06 02:15,One Direction,Love You Goodbye,41396,pop
2024-11-06 02:32,One Direction,A.M.,209040,pop
2024-11-06 02:36,One Direction,Never Enough,213440,pop
2024-11-07 19:17,One Direction,Last First Kiss,203405,pop
2024-11-07 19:20,One Direction,What Makes You Beautiful,199986,pop
2024-11-07 19:36,One Direction,Diana,184666,pop
2024-11-07 19:41,One Direction,Story of My Life,245493,pop
2024-11-07 19:44,One Direction,Midnight Memories,176320,pop
2024-11-07 19:47,One Direction,One Thing,197600,pop
2024-11-07 19:50,One Direction,Stand Up,175093,pop
2024-11-07 19:52,One Direction,Half a Heart,95035,pop
2024-11-07 19:56,Cigarettes After Sex,Truly,244110,dream pop
2024-11-07 19:58,Cigarettes After Sex,You're the Only Good Thing In My Life,115119,dream pop
2024-11-07 20:01,Arctic Monkeys,Stop The World I Wanna Get Off With You,191040,indie
2024-11-07 20:04,Arctic Monkeys,Knee Socks,214603,indie
2024-11-07 20:08,The Weeknd,"One Of The Girls (with JENNIE, Lily Rose Depp)",244684,rnb
2024-11-07 20:12,Chase Atlantic,LUST,204106,rnb
2024-11-07 20:18,Arctic Monkeys,Do I Wanna Know?,272394,indie
2024-11-07 20:32,jsthebg,American Wedding,299903,
2024-11-07 20:38,The Neighbourhood,Nervous,137368,indie
2024-11-07 20:43,Flowervillain,solo (i roll),44993,Hip-Hop
2024-11-07 20:43,dopuu,american wedding (Hotel California),277826,
2024-11-07 20:45,dopuu,american wedding (Hotel California),112420,
2024-11-07 20:51,Arctic Monkeys,Baby I'm Yours,152613,indie
2024-11-07 21:01,Arctic Monkeys,I Wanna Be Yours,183956,indie
2024-11-07 21:04,Arctic Monkeys,Cornerstone,197973,indie
2024-11-07 21:07,Arctic Monkeys,Why'd You Only Call Me When You're High?,161123,indie
2024-11-07 21:11,The Neighbourhood,Cry Baby,216336,indie
2024-11-07 21:13,Claude Debussy,"Préludes / Book 1, L. 117: VIII. La Fille Aux Cheveux De Lin",146683,classical piano
2024-11-07 21:16,Yanson,La Dernière Fois,154248,
2024-11-07 21:18,Louis Mercier,Moon over Paris,137917,
2024-11-07 21:20,Imaginary Poet,November,114258,Classical
2024-11-07 21:23,Yan Springett,First Flight,157812,Classical
2024-11-07 21:25,Jonas Hain,Étincelle,148542,instrumental
2024-11-07 21:29,Sid Acharya,The Life Equation,213230,piano
2024-11-07 21:31,Dennis Korn,Flight of the Elves,129000,chillout
2024-11-07 21:33,Johann Sebastian Bach,"The Well-Tempered Clavier Book 1, BWV 846: 1. Prelude",114633,classical
2024-11-07 21:35,George Frideric Handel,"Suite No. 7 In G Minor, HWV 432: VI. Passacaglia",127477,classical
2024-11-07 21:37,Claude Debussy,"Page D'album, L. 133: Pièce Pour Le Vêtement Du Blessé",117973,classical piano
2024-11-07 21:39,Brackwhit,Links To The Past,113850,
2024-11-07 21:42,Shoshana Michel,Glissé,206500,neoclassical
2024-11-07 21:45,Johannes Wasikowski,Dusty Covers,199880,
2024-11-07 21:47,Ophelia Wilde,"yet, life goes on",92618,Classical
2024-11-07 21:49,Dennis Korn,A foggy Morning,127250,chillout
2024-11-07 21:56,Brackwhit,All Water Under the Bridge Now,126683,
2024-11-07 21:58,Luke Faulkner,The Journey,144838,Classical
2024-11-07 22:00,Dennis Korn,The Windmill of Heckington,126500,chillout
2024-11-07 22:02,Jonas Hain,Intra,92117,instrumental
2024-11-07 22:05,Erik Satie,Gnossienne: No. 3,216906,classical piano
2024-11-07 22:08,Jonas Hain,Circles,166380,instrumental
2024-11-07 22:11,Austin Farwell,New Home (Slowed),174521,Classical
2024-11-07 22:13,Javier Escudero,Infinite Night,144916,
2024-11-07 22:17,Andrea Vanzo,Autumn Intro - Extended Version,186943,composer
2024-11-07 22:19,Jonas Kolberg,A Quiet Journey,157708,
2024-11-07 22:20,Dennis Korn,Dancing in a Ballroom,48493,chillout
2024-11-08 00:16,Chase Atlantic,I THINK I’M LOST AGAIN,211773,rnb
2024-11-08 00:19,Chase Atlantic,EMPTY,230266,rnb
2024-11-08 01:25,Chase Atlantic,MESS ME UP,208000,rnb
2024-11-08 01:29,Chase Atlantic,CALL ME BACK,245000,rnb
2024-11-08 01:33,Chase Atlantic,Slow Down,212093,rnb
2024-11-08 01:36,Chase Atlantic,Vibes,216217,rnb
2024-11-08 01:40,Chase Atlantic,YOU,213103,rnb
2024-11-08 01:44,Chase Atlantic,Drugs & Money - New Mix,239921,rnb
2024-11-08 01:47,Chase Atlantic,RICOCHET,197671,rnb
2024-11-08 01:51,Chase Atlantic,Falling,220923,rnb
2024-11-08 01:54,Chase Atlantic,HER,169720,rnb
2024-11-08 01:58,Chase Atlantic,Tidal Wave,243670,rnb
2024-11-08 02:00,Justin Bieber,Ghost,4280,pop
2024-11-08 02:00,Taylor Swift,Midnight Rain,13450,country
2024-11-08 02:00,Chase Atlantic,I DON'T LIKE DARKNESS,128421,rnb
2024-11-08 02:01,Lana Del Rey,Young And Beautiful,12430,female vocalists
2024-11-08 02:01,Lana Del Rey,Young And Beautiful,3280,female vocalists
2024-11-08 02:04,Taylor Swift,Love Story,4536,country
2024-11-08 02:04,The Weeknd,Call Out My Name,228373,rnb
2024-11-08 02:05,Taylor Swift,cardigan,12940,country
2024-11-08 02:09,Kenshi Yonezu,ピースサイン - Peace Sign,238533,j-pop
2024-11-08 02:13,LiSA,紅蓮華,237586,k-pop
2024-11-08 02:21,UVERworld,ODD FUTURE,226493,anime
2024-11-08 02:23,PornoGraffitti,THE DAY,6206,anime
2024-11-08 02:29,LiSA,だってアタシのヒーロー。,234093,k-pop
2024-11-08 02:45,Brian the Sun,HEROES,181360,anime
2024-11-08 03:39,BURNOUT SYNDROMES,ヒカリアレ,237386,anime
2024-11-08 05:55,Michael Giacchino,Married Life,45290,soundtrack
2024-11-09 09:23,The Neighbourhood,Reflections,82688,indie
2024-11-12 09:55,One Direction,Midnight Memories,176320,pop
2024-11-12 09:56,One Direction,No Control,75340,pop
2024-11-12 20:44,Chase Atlantic,Okay,212306,rnb
2024-11-12 20:53,The Neighbourhood,Nervous,245000,indie
2024-11-12 21:33,Arctic Monkeys,She's Thunderstorms,980,indie
2024-11-12 21:33,The Neighbourhood,Baby Came Home 2 / Valentines,271893,indie
2024-11-12 21:40,Arctic Monkeys,She's Thunderstorms,2240,indie
2024-11-12 21:40,The Neighbourhood,Baby Came Home 2 / Valentines,406350,indie
2024-11-12 21:44,Arctic Monkeys,No. 1 Party Anthem,243131,indie
2024-11-12 21:49,Chase Atlantic,Swim,228786,rnb
2024-11-12 21:54,The Weeknd,"One Of The Girls (with JENNIE, Lily Rose Depp)",244684,rnb
2024-11-12 22:18,The Neighbourhood,Alleyways,267853,indie
2024-11-12 22:22,Hozier,Too Sweet,251424,blues
2024-11-12 22:26,Chase Atlantic,Meddle About,203886,rnb
2024-11-12 22:30,Chase Atlantic,Tidal Wave,243670,rnb
2024-11-12 22:32,Arctic Monkeys,Baby I'm Yours,152613,indie
2024-11-12 23:28,Cigarettes After Sex,Apocalypse,132059,dream pop
2024-11-13 00:26,Cigarettes After Sex,Apocalypse,158806,dream pop
2024-11-13 00:37,Chase Atlantic,Friends,5570,rnb
2024-11-13 00:37,Chase Atlantic,Friends,590,rnb
2024-11-13 00:37,Cults,Always Forever,101384,indie pop
2024-11-13 00:37,Cigarettes After Sex,Truly,10470,dream pop
2024-11-13 00:37,Cigarettes After Sex,Truly,650,dream pop
2024-11-13 00:47,Chase Atlantic,Friends,228724,rnb
2024-11-13 00:51,Lady Gaga,Die With A Smile,251667,art pop
2024-11-13 00:54,Chase Atlantic,Slow Down,212093,rnb
2024-11-13 00:59,d4vd,Romantic Homicide,132630,rnb
2024-11-13 01:23,James Arthur,Car's Outside,248373,soft pop
2024-11-13 01:34,The Neighbourhood,Cry Baby,235160,indie
2024-11-13 01:47,Chase Atlantic,HER,169720,rnb
2024-11-14 00:54,ELIO,hurts 2 hate somebody (with Chase Atlantic & No Rome),73661,choral
2024-11-14 00:56,ELIO,hurts 2 hate somebody (with Chase Atlantic & No Rome),109888,choral
2024-11-14 08:15,ELIO,hurts 2 hate somebody (with Chase Atlantic & No Rome),3131,choral
2024-11-14 08:17,Chase Atlantic,Into It,95484,rnb
2024-11-14 08:17,Kenshi Yonezu,ピースサイン - Peace Sign,640,j-pop
2024-11-14 08:19,The Neighbourhood,Void,114070,indie
2024-11-14 08:19,ELIO,hurts 2 hate somebody (with Chase Atlantic & No Rome),554,choral
2024-11-14 08:19,KVMIL,Bakugo!,1898,anime
2024-11-14 08:19,Kenshi Yonezu,ピースサイン - Peace Sign,2858,j-pop
2024-11-14 08:20,Kyle Landry,Howl's Moving Castle Theme,21546,piano
2024-11-14 08:20,Cigarettes After Sex,Stop Waiting,554,dream pop
2024-11-14 08:21,Tokyo Anniversary,Again (From Fullmetal Alchemist),68181,vocaloid
2024-11-14 08:22,Tia,Deal with the devil,32042,pop urbaine
2024-11-14 08:22,TK from Ling tosite sigure,unravel (acoustic version),37802,anime
2024-11-14 08:23,UVERworld,CORE PRIDE,71957,anime
2024-11-14 08:25,See Siang Wong,"One Summer's Day (From ""Spirited Away"")",1898,classical piano
2024-11-14 08:25,Kenshi Yonezu,ピースサイン - Peace Sign,70890,j-pop
2024-11-14 08:28,Yuki Hayashi,HERO A,4257,anime
2024-11-14 08:28,Cells at Work!,Mission! Health Comes First,202773,anime
2024-11-14 16:58,Cigarettes After Sex,Starry Eyes,206000,dream pop
2024-11-14 17:02,Cigarettes After Sex,Each Time You Fall in Love,290630,dream pop
2024-11-14 17:06,Arctic Monkeys,Snap Out Of It,193030,indie
2024-11-14 17:10,Cigarettes After Sex,Pure,254626,dream pop
2024-11-14 17:19,Arctic Monkeys,Stop The World I Wanna Get Off With You,191040,indie
2024-11-14 17:22,Arctic Monkeys,I Wanna Be Yours,183956,indie
2024-11-14 17:25,Arctic Monkeys,Cornerstone,197973,indie
2024-11-14 17:31,Hozier,Too Sweet,251424,blues
2024-11-14 17:39,Cigarettes After Sex,Heavenly,286773,dream pop
2024-11-14 17:43,Chase Atlantic,EMPTY,230266,rnb
2024-11-14 17:53,Chase Atlantic,Okay,212306,rnb
2024-11-14 18:01,Chase Atlantic,Church,220000,rnb
2024-11-14 18:12,Cigarettes After Sex,John Wayne,258483,dream pop
2024-11-14 18:16,Chase Atlantic,Friends,230010,rnb
2024-11-14 18:30,Arctic Monkeys,R U Mine?,201726,indie
2024-11-14 18:34,The Neighbourhood,Cry Baby,235160,indie
2024-11-14 18:44,The Neighbourhood,Reflections,244013,indie
2024-11-14 18:48,Cigarettes After Sex,Sunsetz,215150,dream pop
2024-11-14 20:15,Arctic Monkeys,Knee Socks,257563,indie
2024-11-14 21:01,The Neighbourhood,Leaving Tonight,203866,indie
2024-11-14 21:04,Chase Atlantic,Into It,196767,rnb
2024-11-14 21:11,The Neighbourhood,Afraid,251186,indie
2024-11-14 21:15,Chase Atlantic,Consume (feat. Goon Des Garcons),267920,rnb
2024-11-14 22:20,Cigarettes After Sex,Sweet,292110,dream pop
2024-11-14 22:23,The Neighbourhood,Female Robbery,209520,indie
2024-11-15 00:10,Chase Atlantic,Tidal Wave,243670,rnb
2024-11-15 00:13,Arctic Monkeys,Stop The World I Wanna Get Off With You,191040,indie
2024-11-15 01:28,The Neighbourhood,W.D.Y.W.F.M?,259413,indie
2024-11-15 01:32,The Neighbourhood,Sweater Weather,240400,indie
2024-11-15 01:36,Cigarettes After Sex,Falling In Love,214077,dream pop
2024-11-15 01:36,Cigarettes After Sex,K.,1370,dream pop
2024-11-15 01:36,Cigarettes After Sex,You're the Only Good Thing In My Life,2170,dream pop
2024-11-15 01:36,Cigarettes After Sex,Kiss It Off Me,6260,dream pop
2024-11-15 01:40,Chase Atlantic,Swim,228786,rnb
2024-11-15 01:48,Chase Atlantic,ESCORT,218823,rnb
2024-11-15 01:51,Chase Atlantic,Right Here,235000,rnb
2024-11-15 01:56,The Neighbourhood,Sadderdaze,246005,indie
2024-11-15 01:58,Cigarettes After Sex,Truly,118023,dream pop
2024-11-15 02:02,The Neighbourhood,Flawless,246493,indie
2024-11-15 02:06,Chase Atlantic,Moonlight,252000,rnb
2024-11-15 02:10,Arctic Monkeys,Do I Wanna Know?,272394,indie
2024-11-15 02:14,ELIO,hurts 2 hate somebody (with Chase Atlantic & No Rome),186665,choral
2024-11-15 02:20,The Neighbourhood,Baby Came Home 2 / Valentines,390493,indie
2024-11-15 02:23,The Neighbourhood,Compass,167960,indie
2024-11-15 02:27,The Neighbourhood,Alleyways,267853,indie
2024-11-15 02:30,d4vd,Romantic Homicide,132630,rnb
2024-11-15 02:32,Djo,End of Beginning,159245,psychedelic pop
2024-11-15 02:39,Arctic Monkeys,No. 1 Party Anthem,243131,indie
2024-11-15 02:49,Beach Weather,"Sex, Drugs, Etc.",196784,indie
2024-11-15 02:49,James Arthur,Car's Outside,4857,soft pop
2024-11-15 02:49,Cigarettes After Sex,Stop Waiting,930,dream pop
2024-11-15 02:52,Chase Atlantic,Meddle About,203886,rnb
2024-11-15 02:57,The Neighbourhood,Prey,282640,indie
2024-11-15 03:00,Arctic Monkeys,Arabella,207356,indie
2024-11-15 03:04,Chase Atlantic,OHMAMI,226835,rnb
2024-11-15 03:08,Chase Atlantic,LUST,204106,rnb
2024-11-15 08:37,Chase Atlantic,HEAVEN AND BACK,164825,rnb
2024-11-15 10:23,Cigarettes After Sex,Falling In Love,12202,dream pop
2024-11-16 04:24,Chase Atlantic,Paradise,237440,rnb
2024-11-19 06:33,Joe Hisaishi,Merry-Go-Round of Life - from 'Howl's Moving Castle',2069,japanese classical
2024-11-19 06:36,The Goo Goo Dolls,Iris,136149,rock
2024-11-19 21:44,The Goo Goo Dolls,Iris,290573,rock
2024-11-19 21:44,The Goo Goo Dolls,Iris,1966,rock
2024-11-19 21:47,The Neighbourhood,Softcore,206280,indie
2024-11-19 21:51,Chase Atlantic,Okay,212306,rnb
2024-11-19 21:55,Cigarettes After Sex,Falling In Love,245840,dream pop
2024-11-19 21:57,The Neighbourhood,You Get Me So High,153000,indie
2024-11-19 22:01,Arctic Monkeys,No. 1 Party Anthem,243131,indie
2024-11-19 22:05,Arctic Monkeys,Snap Out Of It,193030,indie
2024-11-19 22:09,Chase Atlantic,Moonlight,252000,rnb
2024-11-19 22:12,The Neighbourhood,Leaving Tonight,203866,indie
2024-11-19 22:16,Chase Atlantic,LUST,204106,rnb
2024-11-19 22:21,Cigarettes After Sex,K.,320030,dream pop
2024-11-19 22:24,ELIO,hurts 2 hate somebody (with Chase Atlantic & No Rome),186665,choral
2024-11-20 00:24,Arctic Monkeys,Baby I'm Yours,41982,indie
2024-11-20 00:26,Arctic Monkeys,Baby I'm Yours,110639,indie
2024-11-20 00:50,Cigarettes After Sex,You're the Only Good Thing In My Life,275564,dream pop
2024-11-20 00:54,Chase Atlantic,EMPTY,230266,rnb
2024-11-20 00:57,Chase Atlantic,Vibes,216217,rnb
2024-11-20 01:06,Arctic Monkeys,Why'd You Only Call Me When You're High?,161123,indie
2024-11-20 01:20,The Neighbourhood,Sadderdaze,245826,indie
2024-11-20 01:33,David Kushner,Daylight,165652,indie
2024-11-20 01:50,The Neighbourhood,Cry Baby,235160,indie
2024-11-20 01:52,d4vd,Romantic Homicide,132630,rnb
2024-11-20 01:57,Arctic Monkeys,505,253586,indie
2024-11-20 02:01,The Neighbourhood,Fallen Star,224938,indie
2024-11-20 07:11,Chase Atlantic,Church,52983,rnb
2024-11-20 07:12,Arctic Monkeys,No. 1 Party Anthem,91541,indie
2024-11-21 19:52,The Neighbourhood,Flawless,246493,indie
2024-11-21 19:56,The Neighbourhood,Baby Came Home,226880,indie
2024-11-21 19:59,Chase Atlantic,LIKE A ROCKSTAR,208111,rnb
2024-11-21 20:16,Beach Weather,"Sex, Drugs, Etc.",196784,indie
2024-11-21 20:27,Cigarettes After Sex,Truly,244110,dream pop
2024-11-21 20:30,Chase Atlantic,MAMACITA,202931,rnb
2024-11-21 20:34,Cigarettes After Sex,John Wayne,258483,dream pop
2024-11-21 20:38,Chase Atlantic,Slow Down,212093,rnb
2024-11-21 20:42,The Neighbourhood,Alleyways,267853,indie
2024-11-21 20:46,Chase Atlantic,Numb to the Feeling,227586,rnb
2024-11-21 20:51,Cigarettes After Sex,You're the Only Good Thing In My Life,275186,dream pop
2024-11-21 20:56,Cigarettes After Sex,Each Time You Fall in Love,290630,dream pop
2024-11-21 21:00,jsthebg,American Wedding,267147,
2024-11-21 21:03,The Neighbourhood,Leaving Tonight,203866,indie
2024-11-21 21:06,Arctic Monkeys,I Wanna Be Yours,183956,indie
2024-11-21 21:10,Chase Atlantic,Swim,223027,rnb
2024-11-21 21:14,Henri Bentley,From Where You Stood,146500,
2024-11-21 21:16,Imaginary Poet,My Diaries,142191,Classical
2024-11-21 21:19,Oscar Mallen,Room of Memories,164000,
2024-11-21 21:22,Tomas Wilhelm,Words Unspoken,176444,
2024-11-21 21:24,Imaginary Poet,Hope,130044,Classical
2024-11-21 21:26,Ophelia Wilde,poetry,124382,Classical
2024-11-21 21:31,Chris Palmer,Upper Lusatian Library of Sciences,169537,medieval
2024-11-21 21:31,Imaginary Poet,Autumn,14419,Classical
2024-11-21 21:35,Chase Atlantic,Numb to the Feeling,227586,rnb
2024-11-21 21:39,Arctic Monkeys,I Wanna Be Yours,1313,indie
2024-11-21 21:39,Chase Atlantic,Church,220000,rnb
2024-11-21 21:41,Annie Rosier,l'adieu,139522,
2024-11-21 21:46,George Frideric Handel,"Xerxes, HWV 40",298575,classical
2024-11-21 21:48,Chris Palmer,Library of Trinity College,157628,medieval
2024-11-21 21:51,Chase Atlantic,MAMACITA,5970,rnb
2024-11-21 21:51,Adrien de la Salle,Souvenir des Alpes,157823,canada
2024-11-21 21:56,jsthebg,American Wedding,299903,
2024-11-21 22:21,Chase Atlantic,EMPTY,103916,rnb
2024-11-21 22:25,The Neighbourhood,Nervous,245000,indie
2024-11-21 23:20,Cigarettes After Sex,Truly,244110,dream pop
2024-11-21 23:27,Cigarettes After Sex,Opera House,365150,dream pop
2024-11-21 23:33,The Neighbourhood,Alleyways,267853,indie
2024-11-21 23:37,Chase Atlantic,DIE FOR ME,206815,rnb
2024-11-21 23:41,Chase Atlantic,Friends,230010,rnb
2024-11-21 23:42,ELIO,hurts 2 hate somebody (with Chase Atlantic & No Rome),53120,choral
2024-11-21 23:44,Jonas Hain,Traces dans le sable,144818,instrumental
2024-11-21 23:48,Joshua Kyan Aalampour,Enemies to Lovers,225177,Classical
2024-11-21 23:50,Robert Schumann,"Kinderszenen, Op. 15: 12. Kind Im Einschlummern",158004,classical piano
2024-11-21 23:53,Ophelia Wilde,dear edmond,137064,Classical
2024-11-21 23:58,Ludwig van Beethoven,"Piano Sonata No. 8 In C Minor, Op. 13: 2. Adagio cantabile ''Pathétique''",315669,classical
2024-11-22 00:00,Sarah Watson,Shadows,104565,
2024-11-22 00:01,Jonas Hain,Janvier,87329,instrumental
2024-11-22 00:04,Imaginary Poet,Condolences,159008,Classical
2024-11-22 00:07,Robert Gromotka,Letter To A Friend,184000,instrumental
2024-11-22 00:11,Erik Satie,Gnossienne: No. 3,216906,classical piano
2024-11-22 00:13,Morunas,From Now On,154214,piano
2024-11-22 00:14,Edvard Grieg,"19 Norwegian Folk Tunes, Op.66: No. 19 Gjendine's Lullaby",63495,classical
2024-11-22 00:15,Adrien de la Salle,Whispers In Paris,34954,canada
2024-11-22 00:19,Joshua Kyan Aalampour,Enemies to Lovers,225177,Classical
2024-11-22 01:30,One Direction,Night Changes,226600,pop
2024-11-22 01:34,ECLIPSE,Sudden Shower,220392,soundtrack
2024-11-22 01:36,The Neighbourhood,Compass,167960,indie
2024-11-22 01:38,Cigarettes After Sex,Sweet,89520,dream pop
2024-11-22 01:42,Joshua Kyan Aalampour,Enemies to Lovers,225177,Classical
2024-11-22 01:43,Cigarettes After Sex,Sweet,12150,dream pop
2024-11-22 01:43,The Neighbourhood,Sadderdaze,40652,indie
2024-11-22 01:47,Cigarettes After Sex,Sweet,940,dream pop
2024-11-22 01:51,The Neighbourhood,Sadderdaze,245826,indie
2024-11-22 01:56,Hozier,Too Sweet,251424,blues
2024-11-22 01:59,Chase Atlantic,Vibes,216217,rnb
2024-11-22 02:09,Chase Atlantic,Swim,228786,rnb
2024-11-22 02:15,Chase Atlantic,LIKE A ROCKSTAR,208111,rnb
2024-11-22 02:19,The Neighbourhood,Reflections,244013,indie
2024-11-22 02:23,The Neighbourhood,Cry Baby,235160,indie
2024-11-22 02:26,d4vd,Romantic Homicide,132630,rnb
2024-11-22 02:29,Cigarettes After Sex,Sunsetz,215150,dream pop
2024-11-22 02:32,Arctic Monkeys,Stop The World I Wanna Get Off With You,191040,indie
2024-11-22 02:37,Lady Gaga,Die With A Smile,251667,art pop
2024-11-22 02:48,The Neighbourhood,Scary Love,222666,indie
2024-11-22 02:52,Joshua Kyan Aalampour,Enemies to Lovers,225177,Classical
2024-11-22 02:52,The Neighbourhood,Scary Love,2440,indie
2024-11-22 02:52,Arctic Monkeys,I Wanna Be Yours,19786,indie
2024-11-22 02:57,Arctic Monkeys,I Wanna Be Yours,173120,indie
2024-11-22 03:01,Joshua Kyan Aalampour,Enemies to Lovers,225177,Classical
2024-11-22 03:01,One Direction,Night Changes,11100,pop
2024-11-22 08:52,One Direction,Night Changes,187905,pop
2024-11-22 22:30,Joshua Kyan Aalampour,Enemies to Lovers,225177,Classical
2024-11-22 22:34,Joshua Kyan Aalampour,Enemies to Lovers,225177,Classical
2024-11-22 22:38,Joshua Kyan Aalampour,Enemies to Lovers,1833,Classical
2024-11-22 22:38,Joshua Kyan Aalampour,Enemies to Lovers,224369,Classical
2024-11-22 22:44,Joshua Kyan Aalampour,Return to Versailles,104319,Classical
2024-11-22 22:45,Joshua Kyan Aalampour,The Hidden Library,92517,Classical
2024-11-22 22:46,Joshua Kyan Aalampour,Enemies to Lovers,31517,Classical
2024-11-23 00:35,Joshua Kyan Aalampour,Enemies to Lovers,225177,Classical
2024-11-23 00:35,Joshua Kyan Aalampour,La Solitude,2842,Classical
2024-11-23 00:39,Joshua Kyan Aalampour,Enemies to Lovers,228797,Classical
2024-11-23 00:40,Joshua Kyan Aalampour,La Solitude,71812,Classical
2024-11-23 00:56,Joshua Kyan Aalampour,Enemies to Lovers,293677,Classical
2024-11-23 00:57,Joshua Kyan Aalampour,La Solitude,75750,Classical
2024-11-23 01:00,Joshua Kyan Aalampour,The Conqueror's Waltz,100000,Classical
2024-11-23 01:01,Joshua Kyan Aalampour,Birth of a Romantic,74199,Classical
2024-11-23 01:03,Joshua Kyan Aalampour,Halcyon,96002,Classical
2024-11-23 01:04,Arctic Monkeys,She's Thunderstorms,85070,indie
2024-11-23 01:11,The Neighbourhood,Sadderdaze,245826,indie
2024-11-23 01:16,Arctic Monkeys,Snap Out Of It,193030,indie
2024-11-23 01:16,The Neighbourhood,Softcore,0,indie
2024-11-23 01:18,George Frideric Handel,"Suite No. 7 In G Minor, HWV 432: VI. Passacaglia",127477,classical
2024-11-23 01:22,Raban,Solas (Raban's Version),210652,indie
2024-11-23 01:23,Joshua Kyan Aalampour,Midnight Tryst,65140,Classical
2024-11-23 01:24,Joshua Kyan Aalampour,Waltz of the Knells,106021,Classical
2024-11-23 01:25,Joshua Kyan Aalampour,Heirloom,38748,Classical
2024-11-23 01:27,Joshua Kyan Aalampour,The Queen's Castle,97000,Classical
2024-11-23 01:30,Joshua Kyan Aalampour,Enemies to Lovers,225177,Classical
2024-11-23 01:32,Joshua Kyan Aalampour,La Solitude,75750,Classical
2024-11-23 01:33,Joshua Kyan Aalampour,Birth of a Romantic,74199,Classical
2024-11-23 01:35,Joshua Kyan Aalampour,A Flower Amidst Thorns,96000,Classical
2024-11-23 01:36,Joshua Kyan Aalampour,Night at the Manor,102309,Classical
2024-11-23 01:38,Joshua Kyan Aalampour,Victorian Fantasy,118619,Classical
2024-11-23 01:39,Joshua Kyan Aalampour,Paisaje de Luna,43374,Classical
2024-11-23 01:40,Joshua Kyan Aalampour,"Nocturne No. 3 in A Major, Op. 2",52187,Classical
2024-11-23 01:42,Joshua Kyan Aalampour,Return to Versailles,104319,Classical
2024-11-23 01:43,Joshua Kyan Aalampour,A Sleepless Night's Nocturne,92000,Classical
2024-11-23 01:45,Joshua Kyan Aalampour,The Hidden Library,92517,Classical
2024-11-23 01:47,Joshua Kyan Aalampour,Moonlight's Embrace,111301,Classical
2024-11-23 01:48,Joshua Kyan Aalampour,The Lonely Pianist,79034,Classical
2024-11-23 01:50,Joshua Kyan Aalampour,A Lost Memory,101445,Classical
2024-11-23 01:52,Joshua Kyan Aalampour,Beloved Vestige,112750,Classical
2024-11-23 01:53,Joshua Kyan Aalampour,My Dearest Rain,98750,Classical
2024-11-23 04:48,Joshua Kyan Aalampour,The Trianon,8682,Classical
2024-11-23 04:49,Joshua Kyan Aalampour,The Trianon,69624,Classical
2024-11-23 04:51,Joshua Kyan Aalampour,Childhood Memories,89281,Classical
2024-11-23 04:51,Joshua Kyan Aalampour,Halcyon,12184,Classical
2024-11-23 04:55,Chase Atlantic,Numb to the Feeling,227586,rnb
2024-11-23 04:59,Chase Atlantic,OHMAMI,226835,rnb
2024-11-23 05:03,The Neighbourhood,Daddy Issues,260173,indie
2024-11-23 06:32,Chase Atlantic,Falling,179214,rnb
2024-11-23 06:36,Chase Atlantic,Falling,223240,rnb
2024-11-23 06:40,Chase Atlantic,Paradise,256453,rnb
2024-11-23 06:43,Chase Atlantic,HER,169720,rnb
2024-11-23 06:44,The Neighbourhood,The Beach,14324,indie
2024-11-23 08:15,Joshua Kyan Aalampour,Enemies to Lovers,225177,Classical
2024-11-23 08:23,Joshua Kyan Aalampour,Enemies to Lovers,129330,Classical
2024-11-25 04:27,Chase Atlantic,OHMAMI,226835,rnb
2024-11-25 04:30,Chase Atlantic,The Walls,229840,rnb
2024-11-25 04:38,Chase Atlantic,DIE FOR ME,165513,rnb
2024-11-25 07:05,Imaginary Poet,Lullaby,152000,Classical
2024-11-25 07:07,Henri Bentley,Lacuna,144937,
2024-11-25 07:13,Dennis Korn,Portrait,77550,chillout
2024-11-26 20:50,Chase Atlantic,Swim,228786,rnb
2024-11-26 20:53,Arctic Monkeys,Cornerstone,197973,indie
2024-11-26 20:54,Cigarettes After Sex,Kiss It Off Me,19720,dream pop
2024-11-26 20:57,Chase Atlantic,HER,169720,rnb
2024-11-26 21:03,Chase Atlantic,Paradise,256453,rnb
2024-11-26 21:03,d4vd,Romantic Homicide,23296,rnb
2024-11-26 21:04,Joshua Kyan Aalampour,Heirloom,38748,Classical
2024-11-26 21:06,Joshua Kyan Aalampour,Mind Palace,107579,Classical
2024-11-26 21:08,Joshua Kyan Aalampour,The Lonely Waltz,121794,Classical
2024-11-26 21:09,Joshua Kyan Aalampour,Beautiful Torment,92124,Classical
2024-11-26 21:10,Joshua Kyan Aalampour,The Trianon,78124,Classical
2024-11-26 21:12,Joshua Kyan Aalampour,Beloved Mirage,102782,Classical
2024-11-26 21:14,Joshua Kyan Aalampour,The Hidden Library,92517,Classical
2024-11-26 21:15,Joshua Kyan Aalampour,Childhood Memories,51235,Classical
2024-11-26 21:16,David Kushner,Daylight,5120,indie
2024-11-26 21:16,Cigarettes After Sex,Pure,84250,dream pop
2024-11-26 21:19,The Neighbourhood,You Get Me So High,153000,indie
2024-11-26 21:27,Arctic Monkeys,Cornerstone,197973,indie
2024-11-26 21:45,Cigarettes After Sex,Truly,244110,dream pop
2024-11-26 21:46,d4vd,Romantic Homicide,49526,rnb
2024-11-26 21:47,Robert Gromotka,Postcard from Paris,0,instrumental
2024-11-26 21:52,Claude Debussy,"Suite Bergamasque, L.75: 3.: Claire De Lune",312021,classical piano
2024-11-26 21:55,Felix Mendelssohn,"Lieder Ohne Worte, Op.19b: 6. Venetianisches Gondellied",147437,chamber music
2024-11-26 21:58,Franz Gordon,The French Library,179702,piano
2024-11-26 21:59,Jonas Hain,Seul mais avec toi,72000,instrumental
2024-11-26 22:01,Yanson,Pour mes Frères,133956,
2024-11-26 22:03,Oscar Mallen,Room of Memories,95762,
2024-11-26 22:06,Chase Atlantic,LIKE A ROCKSTAR,208111,rnb
2024-11-26 22:11,Chase Atlantic,Consume (feat. Goon Des Garcons),267920,rnb
2024-11-26 22:14,Chase Atlantic,Slow Down,212093,rnb
2024-11-26 22:18,Chase Atlantic,DIE FOR ME,206815,rnb
2024-11-26 22:21,Arctic Monkeys,Arabella,207356,indie
2024-11-26 22:27,The Neighbourhood,Sadderdaze,245826,indie
2024-11-26 22:31,The Neighbourhood,Nervous,245000,indie
2024-11-26 22:35,The Neighbourhood,The Beach,255133,indie
2024-11-26 22:37,David Kushner,Daylight,124173,indie
2024-11-26 22:41,The Neighbourhood,Baby Came Home,226880,indie
2024-11-26 22:45,Chase Atlantic,Tidal Wave,243670,rnb
2024-11-26 22:49,Chase Atlantic,The Walls,229840,rnb
2024-11-27 00:19,Chase Atlantic,Falling,223240,rnb
2024-11-27 00:24,The Neighbourhood,Prey,282640,indie
2024-11-27 00:27,Chase Atlantic,ESCORT,218823,rnb
2024-11-27 00:31,Arctic Monkeys,No. 1 Party Anthem,243131,indie
2024-11-27 00:34,ELIO,hurts 2 hate somebody (with Chase Atlantic & No Rome),186665,choral
2024-11-27 00:39,Cigarettes After Sex,Kiss It Off Me,269933,dream pop
2024-11-27 00:43,Chase Atlantic,HEAVEN AND BACK,248240,rnb
2024-11-27 00:46,The Neighbourhood,Compass,167960,indie
2024-11-27 00:52,Cigarettes After Sex,Opera House,365150,dream pop
2024-11-27 00:57,Cigarettes After Sex,Sweet,292110,dream pop
2024-11-27 01:00,Arctic Monkeys,I Wanna Be Yours,183956,indie
2024-11-27 01:04,Chase Atlantic,Swim,228786,rnb
2024-11-27 01:08,Cigarettes After Sex,Cry,256800,dream pop
2024-11-27 01:15,The Neighbourhood,Flawless,246493,indie
2024-11-27 01:17,Cigarettes After Sex,You're the Only Good Thing In My Life,100469,dream pop
2024-11-27 01:21,Chase Atlantic,DIE FOR ME,206815,rnb
2024-11-27 01:26,Chase Atlantic,Meddle About,203886,rnb
2024-11-27 01:40,Chase Atlantic,STRANGER THINGS,168000,rnb
2024-11-27 01:44,Chase Atlantic,Right Here,235000,rnb
2024-11-27 01:47,Chase Atlantic,TOO LATE,192360,rnb
2024-11-27 02:05,Chase Atlantic,Church,220000,rnb
2024-11-27 02:08,Chase Atlantic,I DON'T LIKE DARKNESS,220613,rnb
2024-11-27 02:13,Chase Atlantic,Falling,223240,rnb
2024-11-27 02:19,Chase Atlantic,DISCONNECTED,250884,rnb
2024-11-27 06:04,Chase Atlantic,RICOCHET,69920,rnb
2024-11-28 03:19,Chase Atlantic,RICOCHET,7702,rnb
2024-11-28 03:19,The Neighbourhood,Chip Chrome,31045,indie
2024-11-28 03:23,The Neighbourhood,A Little Death,209706,indie
2024-11-28 03:26,The Neighbourhood,Silver Lining,179453,indie
2024-11-28 03:36,The Neighbourhood,Cherry Flavoured,208453,indie
2024-11-28 03:39,The Neighbourhood,Devil's Advocate,186306,indie
2024-11-28 03:42,The Neighbourhood,Flawless,4325,indie
2024-11-28 03:42,The Neighbourhood,Compass,167960,indie
2024-11-28 18:37,The Neighbourhood,Flawless,46166,indie
2024-11-28 18:41,The Neighbourhood,Flawless,105800,indie
2024-11-28 18:50,Chase Atlantic,Swim,1440,rnb
2024-11-28 18:50,The Neighbourhood,Baby Came Home 2 / Valentines,376300,indie
2024-11-28 19:00,Chase Atlantic,Swim,233076,rnb
2024-11-28 19:00,The Neighbourhood,Female Robbery,13013,indie
2024-11-28 19:10,Chase Atlantic,Consume (feat. Goon Des Garcons),267920,rnb
2024-11-28 19:13,Chase Atlantic,DIE FOR ME,206815,rnb
2024-11-28 19:14,Chase Atlantic,NIGHT CALLS,88000,rnb
2024-11-28 19:18,Chase Atlantic,MAMACITA,202931,rnb
2024-11-28 19:22,Chase Atlantic,Drugs & Money - New Mix,239921,rnb
2024-11-28 19:26,Chase Atlantic,MESS ME UP,208000,rnb
2024-11-28 19:26,Chase Atlantic,Swim,23282,rnb
2024-11-28 19:29,Chase Atlantic,CHXSE,209777,rnb
2024-11-28 19:33,Chase Atlantic,RICOCHET,197671,rnb
2024-11-28 19:36,Chase Atlantic,STRANGER THINGS,168000,rnb
2024-11-28 19:38,Chase Atlantic,HER,169720,rnb
2024-11-28 19:42,Chase Atlantic,Okay,212306,rnb
2024-11-28 19:44,Chase Atlantic,COLD NIGHTS,111334,rnb
2024-11-28 19:52,The Neighbourhood,Prey,282640,indie
2024-11-28 19:55,The Neighbourhood,Silver Lining,179453,indie
2024-11-28 20:00,The Neighbourhood,Alleyways,267853,indie
2024-11-28 20:10,The Neighbourhood,Everybody's Watching Me (Uh Oh),238026,indie
2024-11-28 20:22,The Neighbourhood,A Little Death,209706,indie
2024-11-28 20:23,The Neighbourhood,A Little Death,1840,indie
2024-11-28 20:23,The Neighbourhood,A Little Death,20140,indie
2024-11-28 20:23,The Neighbourhood,A Little Death,590,indie
2024-11-28 20:23,The Neighbourhood,The Shining,27010,indie
2024-11-28 20:23,The Neighbourhood,The Shining,1190,indie
2024-11-28 20:23,The Neighbourhood,Everybody's Watching Me (Uh Oh),3750,indie
2024-11-28 20:29,The Neighbourhood,The Shining,214693,indie
2024-11-28 20:33,The Neighbourhood,#icanteven (feat. French Montana),234480,indie
2024-11-28 20:35,The Neighbourhood,Unfair,146866,indie
2024-11-28 20:43,The Neighbourhood,Cherry Flavoured,208453,indie
2024-11-28 20:46,The Neighbourhood,Compass,167960,indie
2024-11-29 01:14,The Neighbourhood,U&I,169162,indie
2024-11-29 01:28,David Kushner,Daylight,53260,indie
2024-11-29 01:31,Cigarettes After Sex,Truly,165000,dream pop
2024-11-29 01:37,Taylor Swift,Enchanted,352186,country
2024-11-29 01:41,Lana Del Rey,Doin' Time,202192,female vocalists
2024-11-29 01:45,Taylor Swift,Fearless (Taylor’s Version),241591,country
2024-11-29 01:46,Laufey,Fragile,78678,jazz
2024-11-29 01:47,One Direction,One Thing - Acoustic,58950,pop
2024-11-29 01:53,One Direction,More Than This,229106,pop
2024-11-29 02:08,One Direction,18,248360,pop
2024-11-29 02:12,One Direction,Wolves,241533,pop
2024-11-29 02:15,One Direction,Over Again,182040,pop
2024-11-29 02:20,One Direction,I Should Have Kissed You,215933,pop
2024-11-29 02:24,One Direction,Fool's Gold,210893,pop
2024-11-29 02:28,One Direction,One Way or Another (Teenage Kicks),157293,pop
2024-11-29 02:31,One Direction,They Don't Know About Us,200400,pop
2024-11-29 02:35,One Direction,Night Changes,226600,pop
2024-11-29 02:49,One Direction,Strong,184373,pop
2024-11-29 02:57,One Direction,One Thing,197600,pop
2024-11-29 03:03,One Direction,Fireproof,174080,pop
2024-11-29 03:07,One Direction,Moments,262640,pop
2024-11-29 21:04,One Direction,Love You Goodbye,6096,pop
2024-11-30 01:13,The Neighbourhood,Sadderdaze,245826,indie
2024-11-30 01:17,Chase Atlantic,Friends,230010,rnb
2024-11-30 01:20,Beach Weather,"Sex, Drugs, Etc.",196784,indie
2024-11-30 01:24,Chase Atlantic,Tidal Wave,243670,rnb
2024-11-30 01:29,The Neighbourhood,Prey,282640,indie
2024-11-30 01:33,The Weeknd,"One Of The Girls (with JENNIE, Lily Rose Depp)",244684,rnb
2024-11-30 01:37,Cigarettes After Sex,Cry,256800,dream pop
2024-11-30 01:40,Arctic Monkeys,Cornerstone,197973,indie
2024-11-30 01:42,Cigarettes After Sex,Opera House,2453,dream pop
2024-11-30 01:42,David Kushner,Daylight,117834,indie
2024-11-30 01:47,The Neighbourhood,Alleyways,267853,indie
2024-11-30 01:51,Chase Atlantic,Right Here,235000,rnb
2024-11-30 01:54,Chase Atlantic,DIE FOR ME,206815,rnb
2024-11-30 15:19,Chase Atlantic,Okay,108543,rnb
2024-11-30 15:21,Chase Atlantic,Okay,98610,rnb
2024-11-30 15:32,The Neighbourhood,The Beach,255133,indie
2024-11-30 15:42,Cigarettes After Sex,Falling In Love,36786,dream pop
2024-11-30 15:42,The Neighbourhood,Female Robbery,209520,indie
2024-11-30 15:44,Olivia Rodrigo,happier,89720,pop
2024-11-30 15:48,Ariana Grande,we can't be friends (wait for your love),228639,pop
2024-11-30 15:51,Olivia Rodrigo,deja vu,215506,pop
2024-11-30 15:55,Olivia Rodrigo,Can’t Catch Me Now - from The Hunger Games: The Ballad of Songbirds & Snakes,205483,pop
2024-11-30 16:06,The 1975,About You,326490,indie
2024-11-30 16:10,Taylor Swift,All Of The Girls You Loved Before,2759,country
2024-11-30 16:16,Imogen Heap,Headlock,215481,female vocalists
2024-11-30 16:19,Imogen Heap,Headlock,198008,female vocalists
2024-11-30 16:23,Chase Atlantic,I THINK I’M LOST AGAIN,211773,rnb
2024-11-30 16:46,Chase Atlantic,Paradise,256453,rnb
2024-11-30 19:23,Chase Atlantic,Consume (feat. Goon Des Garcons),267920,rnb
2024-11-30 19:36,Chase Atlantic,Church,220000,rnb
2024-11-30 19:40,Chase Atlantic,LUST,204106,rnb
2024-11-30 19:44,Chase Atlantic,WHAT U CALL THAT,207826,rnb
2024-11-30 19:47,Chase Atlantic,PARANOID,220120,rnb
2024-11-30 19:51,Chase Atlantic,ESCORT,218823,rnb
2024-11-30 20:04,Chase Atlantic,Numb to the Feeling,227586,rnb
2024-11-30 20:08,Chase Atlantic,HEAVEN AND BACK,248240,rnb
2024-11-30 20:12,Chase Atlantic,I DON'T LIKE DARKNESS,220613,rnb
2024-11-30 20:16,Chase Atlantic,The Walls,229840,rnb
2024-11-30 20:20,Chase Atlantic,RICOCHET,197671,rnb
2024-11-30 21:03,Chase Atlantic,DIE FOR ME,206815,rnb
2024-11-30 21:06,Chase Atlantic,EMPTY,230266,rnb
2024-11-30 21:10,Chase Atlantic,Falling,223240,rnb
2024-11-30 21:14,Chase Atlantic,LIKE A ROCKSTAR,208111,rnb
2024-11-30 21:19,Chase Atlantic,Right Here,235000,rnb
2024-11-30 21:22,Chase Atlantic,COLD NIGHTS,191990,rnb
2024-11-30 21:26,Chase Atlantic,I NEVER EXISTED,230133,rnb
2024-11-30 21:29,Chase Atlantic,Meddle About,203886,rnb
2024-11-30 21:33,Chase Atlantic,DOUBT IT,208000,rnb
2024-11-30 21:36,Chase Atlantic,Slow Down,212093,rnb
2024-11-30 21:40,Chase Atlantic,Friends,230010,rnb
2024-11-30 21:48,Chase Atlantic,DIE FOR ME,206815,rnb
2024-11-30 21:52,Chase Atlantic,HOURS LOST,229568,rnb
2024-12-01 00:28,Chase Atlantic,CALL ME BACK,99524,rnb
2024-12-01 00:35,Taylor Swift,Midnight Rain,172380,country
2024-12-01 00:40,Lana Del Rey,Brooklyn Baby,177430,female vocalists
2024-12-01 00:43,Chase Atlantic,Into It,196767,rnb
2024-12-01 00:46,Chase Atlantic,Okay,47342,rnb
2024-12-01 00:48,The Neighbourhood,You Get Me So High,153000,indie
2024-12-01 00:52,Arctic Monkeys,I Wanna Be Yours,183956,indie
2024-12-01 00:56,Cigarettes After Sex,Pure,254626,dream pop
2024-12-01 01:02,Cigarettes After Sex,Stop Waiting,362973,dream pop
2024-12-01 01:06,The Neighbourhood,Scary Love,222666,indie
2024-12-01 01:09,Chase Atlantic,DIE FOR ME,206815,rnb
2024-12-01 01:13,The Neighbourhood,A Little Death,209706,indie
2024-12-01 01:17,The Neighbourhood,Baby Came Home,226880,indie
2024-12-01 01:21,Chase Atlantic,Numb to the Feeling,227586,rnb
2024-12-01 01:24,Beach Weather,"Sex, Drugs, Etc.",196784,indie
2024-12-01 01:27,Cigarettes After Sex,Sunsetz,215150,dream pop
2024-12-01 01:30,The Neighbourhood,Silver Lining,179453,indie
2024-12-01 01:35,The Neighbourhood,Nervous,245000,indie
2024-12-01 22:16,The Neighbourhood,Baby Came Home 2 / Valentines,70321,indie
2024-12-01 23:59,Dennis Korn,Nocturne D´Amour,7722,chillout
2024-12-03 20:52,Cigarettes After Sex,Pure,254626,dream pop
2024-12-03 20:57,Cigarettes After Sex,John Wayne,258483,dream pop
2024-12-03 21:01,Chase Atlantic,Church,220000,rnb
2024-12-03 21:05,The Neighbourhood,The Beach,255133,indie
2024-12-03 21:30,The Neighbourhood,The Shining,214693,indie
2024-12-03 21:37,Arctic Monkeys,R U Mine?,201726,indie
2024-12-03 21:43,Chase Atlantic,LIKE A ROCKSTAR,208111,rnb
2024-12-03 21:47,jsthebg,American Wedding,258505,
2024-12-03 21:47,Cigarettes After Sex,Sunsetz,2070,dream pop
2024-12-03 21:51,The Neighbourhood,Sweater Weather,240400,indie
2024-12-03 21:54,Cigarettes After Sex,Starry Eyes,206000,dream pop
2024-12-03 21:59,Arctic Monkeys,Knee Socks,46980,indie
2024-12-03 21:59,Chase Atlantic,HEAVEN AND BACK,248240,rnb
2024-12-03 22:03,Beach Weather,"Sex, Drugs, Etc.",196784,indie
2024-12-03 22:07,Chase Atlantic,Consume (feat. Goon Des Garcons),267920,rnb
2024-12-03 22:11,The Neighbourhood,Cherry Flavoured,208453,indie
2024-12-03 22:14,Chase Atlantic,OHMAMI,226835,rnb
2024-12-03 22:19,Lady Gaga,Die With A Smile,251667,art pop
2024-12-03 22:22,Arctic Monkeys,I Wanna Be Yours,183956,indie
2024-12-03 22:26,Chase Atlantic,Moonlight,252000,rnb
2024-12-03 22:29,Chase Atlantic,Meddle About,203716,rnb
2024-12-04 00:15,Chase Atlantic,Right Here,235000,rnb
2024-12-04 00:17,The Neighbourhood,You Get Me So High,153000,indie
2024-12-04 00:22,The Neighbourhood,W.D.Y.W.F.M?,259413,indie
2024-12-04 00:25,James Bay,Let It Go,11390,folk
2024-12-04 00:25,Imogen Heap,Headlock,15020,female vocalists
2024-12-04 00:25,Maroon 5,Payphone,5260,pop
2024-12-04 00:25,The Neighbourhood,Fallen Star,190364,indie
2024-12-04 00:29,Maroon 5,Misery,216200,pop
2024-12-04 00:33,Taylor Swift,Cruel Summer,14968,country
2024-12-04 00:33,Imogen Heap,Headlock,215481,female vocalists
2024-12-04 00:36,James Arthur,Say You Won't Let Go,211466,soft pop
2024-12-04 00:40,Taylor Swift,Speak Now,240760,country
2024-12-04 00:44,SZA,Snooze,201800,rnb
2024-12-04 00:47,The Weeknd,Blinding Lights,200040,rnb
2024-12-04 00:50,Demi Lovato,Give Your Heart a Break,205346,pop
2024-12-04 00:55,Eminem,Without Me,290320,rap
2024-12-04 01:00,The Neighbourhood,Afraid,251186,indie
2024-12-04 01:03,The Weeknd,Sacrifice,188918,rnb
2024-12-04 01:07,The Weeknd,Starboy,15637,rnb
2024-12-04 01:07,The Weeknd,"One Of The Girls (with JENNIE, Lily Rose Depp)",244684,rnb
2024-12-04 01:10,Nicki Minaj,Good Form,199400,Hip-Hop
2024-12-04 01:14,Christina Aguilera,Genie In a Bottle,217573,pop
2024-12-04 01:15,James Bay,Let It Go,62316,folk
2024-12-04 01:19,Britney Spears,...Baby One More Time,211066,pop
2024-12-04 01:19,Selena Gomez,People You Know,24183,pop
2024-12-04 01:23,Stephanie Hsu,A Guy That I'd Kinda Be Into,27063,musicals
2024-12-04 01:23,Backstreet Boys,As Long as You Love Me,221106,pop
2024-12-04 01:25,Justin Bieber,Intentions,98910,pop
2024-12-04 01:29,SiM,The Rumbling (TV Size),4437,classical
2024-12-04 01:29,Dempagumi.Inc,Ψ発見伝！,236842,anime
2024-12-04 01:33,YOASOBI,夜に駆ける,261013,j-pop
2024-12-04 01:41,Yuki Hayashi,Might*U,389160,anime
2024-12-04 01:49,SCREEN mode,Reason Living,142606,anime
2024-12-04 01:52,2PM,Take off,204000,k-pop
2024-12-04 01:56,LiSA,紅蓮華,237586,k-pop
2024-12-04 02:13,King Gnu,Prayer X,197856,j-pop
2024-12-04 03:00,BLUE ENCOUNT,ポラリス,110446,anime
2024-12-04 22:30,The Weeknd,"One Of The Girls (with JENNIE, Lily Rose Depp)",244684,rnb
2024-12-04 22:34,The Weeknd,"One Of The Girls (with JENNIE, Lily Rose Depp)",244684,rnb
2024-12-04 22:38,The Weeknd,"One Of The Girls (with JENNIE, Lily Rose Depp)",244684,rnb
2024-12-04 22:41,The Weeknd,"One Of The Girls (with JENNIE, Lily Rose Depp)",67454,rnb
2024-12-08 17:49,The Weeknd,"One Of The Girls (with JENNIE, Lily Rose Depp)",2360,rnb
2024-12-08 17:49,The Weeknd,I Feel It Coming,5860,rnb
2024-12-08 17:59,Cigarettes After Sex,Kiss It Off Me,269933,dream pop
2024-12-08 18:02,The Neighbourhood,You Get Me So High,153000,indie
2024-12-08 18:04,Cigarettes After Sex,Starry Eyes,980,dream pop
2024-12-08 18:04,Cigarettes After Sex,Falling In Love,154796,dream pop
2024-12-08 18:05,Chase Atlantic,The Walls,28450,rnb
2024-12-08 18:06,Taylor Swift,We Are Never Ever Getting Back Together,91350,country
2024-12-08 18:07,BLACKPINK,As If It's Your Last,41790,k-pop
2024-12-08 18:11,EXO,Monster,221341,k-pop
2024-12-08 18:14,f(x),Electric Shock,196946,k-pop
2024-12-08 18:17,GOT7,Just Right,2890,k-pop
2024-12-08 18:17,CHANYEOL,Stay With Me,192441,k-pop
2024-12-08 18:21,VIXX,Chained Up,192921,k-pop
2024-12-08 18:24,SISTAR,I Like That,221371,k-pop
2024-12-08 18:28,NCT 127,無限的我 무한적아; LIMITLESS,247467,k-pop
2024-12-08 18:32,HyunA,Bubble Pop!,212244,k-pop
2024-12-08 18:36,IU,Palette (feat. G-DRAGON),217412,k-pop
2024-12-08 18:36,Girls' Generation,The Boys - English Version,10332,k-pop
2024-12-08 18:40,SURAN,WINE (Feat.Changmo) (Prod. SUGA),232194,k-pop
2024-12-08 18:43,IU,dlwlrma,176098,k-pop
2024-12-08 18:54,Girls' Generation,Lion Heart,70196,k-pop
2024-12-08 18:58,MONSTA X,DRAMARAMA,186295,k-pop
2024-12-08 19:01,KARD,RUMOR,17831,k-pop
2024-12-08 19:01,KARD,Hola Hola,202962,k-pop
2024-12-08 19:14,SISTAR,Touch my body,206500,k-pop
2024-12-08 19:20,Girls' Generation,Mr.Mr.,235434,k-pop
2024-12-08 19:20,MONSTA X,Jealousy,24630,k-pop
2024-12-08 19:20,SISTAR,SHAKE IT,2340,k-pop
2024-12-08 19:20,CLC,Hobgoblin,9185,k-pop
2024-12-08 19:24,EXID,Ah Yeah,199642,k-pop
2024-12-08 19:27,f(x),Red Light,211900,k-pop
2024-12-08 19:31,4Minute,Whatcha Doin' Today,206027,k-pop
2024-12-08 19:34,G-DRAGON,CROOKED,224792,k-pop
2024-12-08 19:37,f(x),첫 사랑니 (Rum Pum Pum Pum),164956,k-pop
2024-12-08 19:40,4Minute,Hate,189270,k-pop
2024-12-08 19:43,Dario Lessing,Abschied,174666,lo-fi
2024-12-08 19:47,Andrea Vanzo,Fire Burns Inside Me,213593,composer
2024-12-08 19:49,Henri Bentley,Her Favourite Story,123937,
2024-12-08 19:51,Dennis Korn,"Elegie Nr. 9 : ""Stilles Verlangen""",123250,chillout
2024-12-08 19:53,Dennis Korn,"Elegie Nr. 4 ""Abschied von Paris""",147750,chillout
2024-12-08 22:01,Bobby Celesti,Luminary,79142,lullaby
2024-12-08 22:04,Djo,End of Beginning,159245,psychedelic pop
2024-12-08 22:08,The Neighbourhood,Daddy Issues,260173,indie
2024-12-08 22:12,Chase Atlantic,Vibes,216217,rnb
2024-12-08 22:13,Cigarettes After Sex,You're the Only Good Thing In My Life,32973,dream pop
2024-12-08 22:17,Haruka Tomatsu,Q&A リサイタル！,289800,anime
2024-12-08 22:21,SPYAIR,アイム・ア・ビリーバー,217546,anime
2024-12-08 22:22,DEAN FUJIOKA,History Maker,27113,anime
2024-12-08 22:28,Kenshi Yonezu,ピースサイン - Peace Sign,238533,j-pop
2024-12-08 22:32,福原 遥,風に吹かれて,272826,anime
2024-12-08 22:37,TK from Ling tosite sigure,unravel,238360,anime
2024-12-08 22:40,ALI,Wild Side,158500,dangdut
2024-12-08 22:45,Sukima Switch,Ah Yeah!! - 2020 Remaster,306213,j-pop
2024-12-08 22:49,物語シリーズ,恋愛サーキュレーション,255040,anime
2024-12-08 22:53,halca,センチメンタルクライシス,243570,anime
2024-12-08 23:30,Hello Sleepwalkers,Goya No Machiawase,170640,j-rock
2024-12-08 23:31,Masayuki Suzuki,DADDY ! DADDY ! DO !,22846,anime
2024-12-08 23:34,One Direction,No Control,199720,pop
2024-12-08 23:38,One Direction,A.M.,209040,pop
2024-12-08 23:42,One Direction,Moments,262640,pop
2024-12-08 23:45,One Direction,Up All Night,194693,pop
2024-12-08 23:49,One Direction,Strong,184373,pop
2024-12-08 23:53,One Direction,Perfect,230333,pop
2024-12-09 00:01,One Direction,Ready to Run,188069,pop
2024-12-09 00:59,Robert Schumann,"Kinderszenen, Op. 15: 12. Kind Im Einschlummern",158004,classical piano
2024-12-09 01:02,Imaginary Poet,Calm Ocean,140897,Classical
2024-12-09 01:03,Cinthya Garcia,"Bartók: Romanian Folk Dances, Sz.56: III. Pe-loc-Andante",69589,neoclassical
2024-12-09 01:06,Robert Gromotka,Waltz of the Yearning Heart,159375,instrumental
2024-12-09 01:10,Frédéric Chopin,"Nocturne No. 2 in E-Flat Major, Op. 9 No. 2",273666,classical piano
2024-12-09 01:14,Alstad,The Wind From Last September,206783,instrumental
2024-12-09 01:16,Elias Kiefer,Scherben,131208,
2024-12-09 01:27,Raban,Solitude,92303,indie
2024-12-09 20:49,Raban,Solitude,1310,indie
2024-12-09 20:53,Chase Atlantic,DIE FOR ME,206815,rnb
2024-12-09 20:55,d4vd,Romantic Homicide,132630,rnb
2024-12-09 20:58,Arctic Monkeys,Stop The World I Wanna Get Off With You,191040,indie
2024-12-09 21:08,Chase Atlantic,OHMAMI,226835,rnb
2024-12-09 21:12,Chase Atlantic,HEAVEN AND BACK,248240,rnb
2024-12-09 21:20,Chase Atlantic,Consume (feat. Goon Des Garcons),267920,rnb
2024-12-09 21:24,Cigarettes After Sex,You're the Only Good Thing In My Life,275186,dream pop
2024-12-09 21:28,Chase Atlantic,Friends,230010,rnb
2024-12-09 21:34,The Neighbourhood,Sweater Weather,240400,indie
2024-12-09 21:39,Cigarettes After Sex,Pure,254626,dream pop
2024-12-09 21:45,Cigarettes After Sex,Cry,256800,dream pop
2024-12-09 22:05,The Weeknd,"One Of The Girls (with JENNIE, Lily Rose Depp)",244684,rnb
2024-12-09 22:13,Chase Atlantic,Into It,196767,rnb
2024-12-09 22:13,Arctic Monkeys,Baby I'm Yours,11452,indie
2024-12-09 22:16,One Direction,Over Again,182040,pop
2024-12-09 22:21,One Direction,You & I,237933,pop
2024-12-09 22:24,One Direction,Last First Kiss,203546,pop
2024-12-09 22:28,One Direction,Perfect,230333,pop
2024-12-09 22:31,One Direction,Kiss You,182866,pop
2024-12-09 22:34,One Direction,Half a Heart,188546,pop
2024-12-09 22:37,One Direction,What Makes You Beautiful,199986,pop
2024-12-09 22:43,One Direction,Taken,237080,pop
2024-12-09 22:46,One Direction,Live While We're Young,200213,pop
2024-12-09 22:56,One Direction,Moments,262640,pop
2024-12-09 23:01,One Direction,Strong,184373,pop
2024-12-09 23:05,One Direction,18,248360,pop
2024-12-09 23:11,One Direction,Gotta Be You,244506,pop
2024-12-09 23:19,One Direction,A.M.,209040,pop
2024-12-10 00:03,One Direction,Girl Almighty,201853,pop
2024-12-10 00:07,One Direction,Don't Forget Where You Belong,241000,pop
2024-12-10 00:12,One Direction,Night Changes,226600,pop
2024-12-10 02:25,One Direction,Best Song Ever,195092,pop
2024-12-10 06:10,One Direction,Best Song Ever,4878,pop
2024-12-10 06:13,One Direction,One Thing,197600,pop
2024-12-10 06:17,One Direction,Up All Night,194693,pop
2024-12-10 06:20,One Direction,Ready to Run,196053,pop
2024-12-10 06:23,One Direction,Midnight Memories,176320,pop
2024-12-10 06:26,One Direction,I Wish,216946,pop
2024-12-10 06:30,One Direction,One Thing - Acoustic,182005,pop
2024-12-10 06:30,One Direction,One Way or Another (Teenage Kicks),21503,pop
2024-12-10 06:34,Arctic Monkeys,505,253586,indie
2024-12-10 06:38,Cigarettes After Sex,Cry,256800,dream pop
2024-12-10 06:47,Arctic Monkeys,Knee Socks,257563,indie
2024-12-10 06:50,Djo,End of Beginning,159245,psychedelic pop
2024-12-10 06:55,Chase Atlantic,Swim,228786,rnb
2024-12-10 06:59,The Neighbourhood,Cry Baby,235160,indie
2024-12-10 07:10,The Neighbourhood,Baby Came Home 2 / Valentines,390493,indie
2024-12-10 07:17,Chase Atlantic,Slow Down,212093,rnb
2024-12-10 07:38,Hozier,Too Sweet,251424,blues
2024-12-10 09:32,Cigarettes After Sex,John Wayne,215513,dream pop
2024-12-14 21:33,Cigarettes After Sex,John Wayne,0,dream pop
2024-12-15 20:38,Selena Gomez,Fetish (feat. Gucci Mane),9493,pop
2024-12-15 20:40,Cigarettes After Sex,Each Time You Fall in Love,136220,dream pop
2024-12-15 20:48,Chase Atlantic,Okay,212306,rnb
2024-12-15 20:57,Arctic Monkeys,R U Mine?,37003,indie
2024-12-15 21:01,One Direction,Best Song Ever,200106,pop
2024-12-15 21:04,One Direction,Girl Almighty,201853,pop
2024-12-15 21:11,One Direction,I Wish,216946,pop
2024-12-15 21:14,One Direction,Olivia,177973,pop
2024-12-15 21:32,One Direction,One Way or Another (Teenage Kicks),157293,pop
2024-12-15 21:43,"Tyler, The Creator","Sticky (feat. GloRilla, Sexyy Red & Lil Wayne)",255915,Hip-Hop
2024-12-15 21:48,One Direction,One Thing,197600,pop
2024-12-15 21:55,One Direction,Steal My Girl,228133,pop
2024-12-15 21:56,One Direction,Home,9407,pop
2024-12-15 22:00,One Direction,Wolves,241533,pop
2024-12-15 22:04,One Direction,Story of My Life,245493,pop
2024-12-15 22:07,One Direction,Stand Up,175093,pop
2024-12-15 22:10,One Direction,No Control,199720,pop
2024-12-15 22:14,One Direction,I Should Have Kissed You,215933,pop
2024-12-15 22:18,One Direction,Half a Heart,188546,pop
2024-12-15 22:20,One Direction,Midnight Memories,176320,pop
2024-12-15 22:22,One Direction,Right Now,75220,pop
2024-12-15 22:28,One Direction,Half a Heart,188546,pop
2024-12-15 22:31,One Direction,Right Now,200400,pop
2024-12-15 22:35,One Direction,Hey Angel,240000,pop
2024-12-15 22:39,One Direction,What Makes You Beautiful,199986,pop
2024-12-16 02:16,One Direction,Live While We're Young,7410,pop
2024-12-16 02:16,One Direction,Live While We're Young,58916,pop
2024-12-16 02:18,d4vd,Romantic Homicide,132630,rnb
2024-12-16 02:34,David Kushner,Daylight,186909,indie
2024-12-16 02:40,Cigarettes After Sex,Sweet,292110,dream pop
2024-12-16 02:45,Arctic Monkeys,Snap Out Of It,193030,indie
2024-12-16 02:46,Arctic Monkeys,Cornerstone,40639,indie
2024-12-16 02:55,The Neighbourhood,A Little Death,209706,indie
2024-12-16 02:58,The Neighbourhood,Silver Lining,179453,indie
2024-12-16 03:02,Chase Atlantic,Tidal Wave,243670,rnb
2024-12-16 03:06,Chase Atlantic,Moonlight,252000,rnb
2024-12-16 03:16,The Neighbourhood,Daddy Issues,260173,indie
2024-12-16 03:35,Arctic Monkeys,I Wanna Be Yours,183956,indie
2024-12-16 03:42,Chase Atlantic,Numb to the Feeling,227586,rnb
2024-12-16 03:47,The Neighbourhood,Fallen Star,224938,indie
2024-12-16 03:54,Cigarettes After Sex,Heavenly,241210,dream pop
2024-12-16 05:01,Cults,Always Forever,112900,indie pop
2024-12-17 23:53,Cults,Always Forever,111945,indie pop
2024-12-19 01:51,The Neighbourhood,Compass,88664,indie
2024-12-19 01:55,The Neighbourhood,Compass,79300,indie
2024-12-19 01:59,The Neighbourhood,Softcore,206280,indie
2024-12-19 02:39,The Neighbourhood,Sweater Weather,69220,indie
2024-12-20 00:35,The Neighbourhood,Sweater Weather,242710,indie
2024-12-20 00:38,Arctic Monkeys,Arabella,207356,indie
2024-12-20 00:58,The Neighbourhood,Prey,282640,indie
2024-12-20 01:02,The Neighbourhood,Sadderdaze,245826,indie
2024-12-20 01:48,Chase Atlantic,The Walls,69602,rnb
2024-12-20 01:53,Ariana Grande,Side To Side,0,pop
2024-12-20 01:53,Ariana Grande,Side To Side,1600,pop
2024-12-20 01:53,Ariana Grande,Side To Side,252590,pop
2024-12-20 01:57,Ariana Grande,34+35,173710,pop
2024-12-22 00:56,Chase Atlantic,HEAVEN AND BACK,248240,rnb
2024-12-22 01:10,Chase Atlantic,Falling,223240,rnb
2024-12-22 01:13,Arctic Monkeys,Why'd You Only Call Me When You're High?,161123,indie
2024-12-22 01:17,Cigarettes After Sex,Cry,256800,dream pop
2024-12-22 01:20,Chase Atlantic,LUST,204106,rnb
2024-12-22 01:25,The Neighbourhood,Daddy Issues,260173,indie
2024-12-22 01:30,The Neighbourhood,Flawless,246493,indie
2024-12-22 01:33,Chase Atlantic,Okay,212306,rnb
2024-12-22 01:37,Chase Atlantic,OHMAMI,226835,rnb
2024-12-22 01:40,The Neighbourhood,Softcore,206280,indie
2024-12-22 01:43,The Neighbourhood,Compass,167960,indie
2024-12-22 03:24,Chase Atlantic,Meddle About,101964,rnb
2024-12-22 11:35,Chase Atlantic,Meddle About,102183,rnb
2024-12-22 11:35,Chase Atlantic,Swim,8929,rnb
2024-12-22 22:36,Arctic Monkeys,There’d Better Be A Mirrorball,87594,indie
2024-12-26 04:22,Arctic Monkeys,There’d Better Be A Mirrorball,1642,indie
2024-12-26 04:45,YOASOBI,怪物,2325,j-pop
2024-12-26 05:51,King Gnu,Prayer X,7210,j-pop
2025-01-03 08:52,Nick Jonas,Jealous,223106,pop
2025-01-03 08:55,One Direction,One Thing,188318,pop
2025-01-06 20:27,Conan Gray,The Cut That Always Bleeds,3776,seen live
2025-01-06 20:27,Conan Gray,The Cut That Always Bleeds,6530,seen live
2025-01-06 20:31,Laufey,Fragile,241080,jazz
2025-01-06 20:36,Conan Gray,The Cut That Always Bleeds,231920,seen live
2025-01-06 20:46,Lana Del Rey,"Once Upon a Dream - From ""Maleficent"" / Pop Version",203080,female vocalists
2025-01-06 20:53,Tinashe,2 On (feat. ScHoolboy Q),227000,alternative r&b
2025-01-06 20:55,Laufey,From The Start,169573,jazz
2025-01-06 20:59,Charlie Puth,We Don't Talk Anymore (feat. Selena Gomez),217706,soft pop
2025-01-06 21:14,SZA,Snooze,201800,rnb
2025-01-06 21:18,Taylor Swift,Fearless (Taylor’s Version),241591,country
2025-01-06 21:22,Coyote Theory,This Side of Paradise,242010,indie
2025-01-06 21:26,Taylor Swift,my tears ricochet,255893,country
2025-01-06 21:29,Olivia Rodrigo,happier,175933,pop
2025-01-06 21:33,Ellie Goulding,My Blood,234184,female vocalists
2025-01-06 21:37,Taylor Swift,You Belong With Me,231133,country
2025-01-06 21:41,Taylor Swift,Labyrinth,247962,country
2025-01-06 21:45,The Weeknd,"One Of The Girls (with JENNIE, Lily Rose Depp)",244684,rnb
2025-01-06 21:49,Taylor Swift,Style,231000,country
2025-01-06 21:55,Lana Del Rey,Brooklyn Baby,351640,female vocalists
2025-01-06 22:00,Adele,Skyfall,286480,dangdut
2025-01-06 22:04,Ruth B.,Lost Boy,275280,pop
2025-01-06 22:07,Taylor Swift,Midnight Rain,174782,country
2025-01-06 22:11,Lana Del Rey,Dark Paradise,243187,female vocalists
2025-01-06 22:16,Gwen Stefani,Luxurious,264920,pop
2025-01-06 22:19,Conan Gray,The Cut That Always Bleeds,231920,seen live
2025-01-06 22:23,Joji,Glimpse of Us,233453,Lo-Fi
2025-01-07 00:17,Taylor Swift,All Of The Girls You Loved Before,221407,country
2025-01-07 00:22,Lana Del Rey,Art Deco,295066,female vocalists
2025-01-07 00:27,Lana Del Rey,Cinnamon Girl,300683,female vocalists
2025-01-07 00:31,d4vd,Here With Me,242484,rnb
2025-01-07 00:34,Kali Uchis,Moonlight,106261,rnb
2025-01-07 00:36,d4vd,Romantic Homicide,132630,rnb
2025-01-07 00:40,Chase Atlantic,Church,220000,rnb
2025-01-07 00:45,The Neighbourhood,The Shining,214693,indie
2025-01-07 00:52,The Neighbourhood,Prey,282640,indie
2025-01-07 01:10,Cigarettes After Sex,Sunsetz,215150,dream pop
2025-01-07 01:14,Conan Gray,The Cut That Always Bleeds,231920,seen live
2025-01-07 01:15,Arctic Monkeys,There’d Better Be A Mirrorball,64895,indie
2025-01-07 01:19,ECLIPSE,Sudden Shower,233031,soundtrack
2025-01-07 01:28,The Neighbourhood,Devil's Advocate,100988,indie
2025-01-07 01:32,Conan Gray,The Cut That Always Bleeds,231920,seen live
2025-01-07 01:38,MINNIE,Like A Dream,249217,k-pop
2025-01-07 01:59,Superfruit,GUY.exe,222680,pop
2025-01-07 02:19,Aimer,Sailing,144870,anime
2025-01-07 05:59,Aimer,Sailing,191358,anime
2025-01-07 06:01,Jamie Miller,Wishes,117731,pop
2025-01-07 06:02,Wanna One,Energetic,51968,k-pop
2025-01-07 08:30,SEVENTEEN,VERY NICE,94762,k-pop
2025-01-07 19:48,SZA,Kill Bill,153946,rnb
2025-01-07 19:52,Lana Del Rey,"Once Upon a Dream - From ""Maleficent"" / Pop Version",203080,female vocalists
2025-01-07 19:56,Lana Del Rey,Young And Beautiful,236053,female vocalists
2025-01-07 20:09,Doechii,What It Is (Solo Version),109290,rap
2025-01-07 20:13,Lana Del Rey,Dark Paradise,243187,female vocalists
2025-01-07 20:20,Katy Perry,Wide Awake,220946,pop
2025-01-07 20:23,SZA,Saturn,186191,rnb
2025-01-07 20:27,The Weeknd,"One Of The Girls (with JENNIE, Lily Rose Depp)",244684,rnb
2025-01-07 20:32,Joji,Glimpse of Us,233453,Lo-Fi
2025-01-07 20:42,Taylor Swift,Daylight,293453,country
2025-01-07 20:57,Sixpence None The Richer,Kiss Me,208680,pop
2025-01-07 21:00,Lady Gaga,Die With A Smile,49393,art pop
2025-01-07 21:06,Lana Del Rey,Ultraviolence,251480,female vocalists
2025-01-07 21:11,beabadoobee,A Night To Remember,233388,bedroom pop
2025-01-07 21:16,Kali Uchis,Moonlight,187557,rnb
2025-01-08 00:18,Lana Del Rey,West Coast,238063,female vocalists
2025-01-08 00:21,Arctic Monkeys,Stop The World I Wanna Get Off With You,191040,indie
2025-01-08 00:25,Chase Atlantic,Church,220000,rnb
2025-01-08 00:29,The Neighbourhood,Cherry Flavoured,208453,indie
2025-01-08 00:32,Beach Weather,"Sex, Drugs, Etc.",196784,indie
2025-01-08 00:36,Cigarettes After Sex,Cry,256800,dream pop
2025-01-08 00:40,Cigarettes After Sex,Sunsetz,215150,dream pop
2025-01-08 00:48,The Neighbourhood,Flawless,246493,indie
2025-01-08 00:52,The Neighbourhood,A Little Death,209706,indie
2025-01-08 01:04,Cigarettes After Sex,John Wayne,258483,dream pop
2025-01-08 01:12,Chase Atlantic,Slow Down,212093,rnb
2025-01-08 01:21,The Neighbourhood,Sweater Weather,240400,indie
2025-01-08 01:24,Djo,End of Beginning,159245,psychedelic pop
2025-01-08 01:35,The Neighbourhood,Prey,282640,indie
2025-01-08 01:39,The Neighbourhood,Daddy Issues,260173,indie
2025-01-08 01:43,Chase Atlantic,MAMACITA,202931,rnb
2025-01-08 01:57,The Neighbourhood,Softcore,206280,indie
2025-01-08 02:02,The Neighbourhood,Fallen Star,224938,indie
2025-01-08 20:35,The Neighbourhood,Baby Came Home,80286,indie
2025-01-08 20:37,The Neighbourhood,Baby Came Home,146596,indie
2025-01-08 21:16,Cigarettes After Sex,Stop Waiting,31754,dream pop
2025-01-08 21:20,Olivia Rodrigo,vampire,219724,pop
2025-01-08 21:33,Gwen Stefani,Luxurious,264920,pop
2025-01-08 21:59,Ariana Grande,we can't be friends (wait for your love),376394,pop
2025-01-08 22:04,Lana Del Rey,West Coast,256760,female vocalists
2025-01-08 22:04,Taylor Swift,Gorgeous,10200,country
2025-01-08 22:06,Taylor Swift,Anti-Hero,124170,country
2025-01-08 22:09,Laufey,Valentine,168906,jazz
2025-01-08 22:11,Mitski,My Love Mine All Mine,137773,seen live
2025-01-08 22:15,Lana Del Rey,Young And Beautiful,236053,female vocalists
2025-01-08 22:23,Taylor Swift,Fearless (Taylor’s Version),241591,country
2025-01-08 23:33,Taylor Swift,my tears ricochet,255893,country
2025-01-08 23:35,Taylor Swift,Cruel Summer,86629,country
2025-01-08 23:38,Sixpence None The Richer,Kiss Me,208680,pop
2025-01-08 23:42,Taylor Swift,Style,231000,country
2025-01-08 23:46,Taylor Swift,I Can See You (Taylor’s Version) (From The Vault),273186,country
2025-01-08 23:50,Sasha Alex Sloan,Dancing With Your Ghost,197732,indie pop
2025-01-08 23:53,Olivia Rodrigo,deja vu,215506,pop
2025-01-08 23:54,Lana Del Rey,Radio,4040,female vocalists
2025-01-08 23:54,Lana Del Rey,Radio,38534,female vocalists
2025-01-08 23:57,One Direction,No Control,199720,pop
2025-01-09 00:02,One Direction,"Rock Me - Live Version from The Motion Picture ""One Direction: This Is Us""",255320,pop
2025-01-09 00:06,One Direction,Wolves,241533,pop
2025-01-09 00:12,One Direction,Infinity,249602,pop
2025-01-09 00:16,One Direction,Stand Up,175093,pop
2025-01-09 00:19,One Direction,Diana,184666,pop
2025-01-09 00:27,One Direction,A.M.,124924,pop
2025-01-09 00:32,Sukima Switch,Ah Yeah!! - 2020 Remaster,306213,j-pop
2025-01-09 00:35,SiM,The Rumbling (TV Size),3270,classical
2025-01-09 00:35,Funguypiano,Outro: Lit (Koe no Katachi / A Silent Voice),117466,piano
2025-01-09 00:36,Tia,Deal with the devil,8460,pop urbaine
2025-01-09 00:40,物語シリーズ,恋愛サーキュレーション,255040,anime
2025-01-09 01:15,Cells at Work!,Mission! Health Comes First,202773,anime
2025-01-09 18:42,BURNOUT SYNDROMES,FLY HIGH!!,123246,anime
2025-01-09 18:45,BURNOUT SYNDROMES,FLY HIGH!!,121250,anime
2025-01-09 18:50,Dempagumi.Inc,Ψ発見伝！,236842,anime
2025-01-09 19:06,LiSA,crossing field,248946,k-pop
2025-01-09 19:10,Jibaku Shonen Band,No.7,232413,anime
2025-01-09 19:19,2PM,Take off,204000,k-pop
2025-01-09 19:31,Eve,Kaikai Kitan,221426,Hip-Hop
2025-01-09 19:44,Kikuo,君はできない子,261600,vocaloid
2025-01-09 19:48,amazarashi,空に歌えば,217626,anime
2025-01-09 19:57,Ikimonogakari,ブルーバード,215706,anime
2025-01-09 20:13,yama,Oz.,194273,Stoner Rock
2025-01-09 20:16,Who-ya Extended,VIVID VICE,185173,anime
2025-01-09 20:29,Sawano Hiroyuki,Attack on Titan,256920,anime
2025-01-09 21:21,Linked Horizon,Shinzo wo Sasageyo !,2402,anime
2025-01-09 22:23,Linked Horizon,Shinzo wo Sasageyo !,3600,anime
2025-01-09 22:26,The Neighbourhood,Cherry Flavoured,208453,indie
2025-01-09 22:31,The Neighbourhood,Reflections,244013,indie
2025-01-09 22:46,The Neighbourhood,Fallen Star,224938,indie
2025-01-09 22:50,Arctic Monkeys,She's Thunderstorms,38177,indie
2025-01-09 22:50,Chase Atlantic,Swim,228786,rnb
2025-01-09 22:55,The Neighbourhood,Prey,282640,indie
2025-01-09 23:02,Cigarettes After Sex,Falling In Love,245840,dream pop
2025-01-09 23:12,The Neighbourhood,A Little Death,209706,indie
2025-01-09 23:22,Chase Atlantic,Friends,67023,rnb
2025-01-09 23:22,Cigarettes After Sex,Pure,2800,dream pop
2025-01-09 23:27,Arctic Monkeys,Do I Wanna Know?,272394,indie
2025-01-10 00:00,Chase Atlantic,Falling,223240,rnb
2025-01-10 00:04,Cigarettes After Sex,John Wayne,258483,dream pop
2025-01-13 19:45,Cults,Always Forever,55622,indie pop
2025-01-13 19:49,Lana Del Rey,Diet Mountain Dew,222920,female vocalists
2025-01-13 19:53,Taylor Swift,Fearless (Taylor’s Version),241591,country
2025-01-13 20:29,Mitski,My Love Mine All Mine,137773,seen live
2025-01-13 20:41,Sasha Alex Sloan,Dancing With Your Ghost,197732,indie pop
2025-01-13 20:51,Laufey,From The Start,169573,jazz
2025-01-13 20:56,Lana Del Rey,Say Yes To Heaven,209156,female vocalists
2025-01-13 21:00,Ariana Grande,we can't be friends (wait for your love),228639,pop
2025-01-13 21:04,yama,Oz.,194273,Stoner Rock
2025-01-13 21:24,Lady Gaga,Die With A Smile,251667,art pop
2025-01-13 22:19,Taylor Swift,Love Story,235266,country
2025-01-13 22:23,Lana Del Rey,Ultraviolence,251480,female vocalists
2025-01-13 22:26,Justin Bieber,Ghost,153190,pop
2025-01-14 00:36,Taylor Swift,London Boy,190240,country
2025-01-14 00:41,7!!,オレンジ,350106,gangster rap
2025-01-14 00:46,Taylor Swift,I Can See You (Taylor’s Version) (From The Vault),273186,country
2025-01-14 00:49,SZA,Saturn,186191,rnb
2025-01-14 00:53,Olivia Rodrigo,deja vu,215506,pop
2025-01-14 00:55,SZA,Kill Bill,153946,rnb
2025-01-14 00:58,Taylor Swift,Cruel Summer,178426,country
2025-01-14 01:02,Taylor Swift,The Way I Loved You (Taylor’s Version),243136,country
2025-01-14 01:07,Gwen Stefani,Luxurious,264920,pop
2025-01-14 01:10,Charlie Puth,We Don't Talk Anymore (feat. Selena Gomez),217706,soft pop
2025-01-14 01:14,Katy Perry,Wide Awake,220946,pop
2025-01-14 01:18,ZAYN,I Don’t Wanna Live Forever (Fifty Shades Darker),247160,pop
2025-01-14 01:28,Lana Del Rey,Radio,214573,female vocalists
2025-01-14 01:32,Taylor Swift,Wildest Dreams,220440,country
2025-01-14 01:35,Katy Perry,Wide Awake,220946,pop
2025-01-14 01:38,Olivia Rodrigo,"All I Want - From ""High School Musical: The Musical: The Series""",177322,pop
2025-01-14 01:42,HYBS,Tip Toe,224725,synthpop
2025-01-14 02:14,Lana Del Rey,Cinnamon Girl,300683,female vocalists
2025-01-14 02:19,Taylor Swift,Daylight,293453,country
2025-01-14 19:55,Laufey,Promise,141013,jazz
2025-01-14 19:56,Laufey,Promise,93236,jazz
2025-01-14 20:25,Olivia Rodrigo,happier,175933,pop
2025-01-14 20:44,Lana Del Rey,Dark Paradise,103200,female vocalists
2025-01-14 20:48,Chase Atlantic,Falling,223240,rnb
2025-01-14 20:51,The Neighbourhood,A Little Death,209706,indie
2025-01-14 20:56,Chase Atlantic,Tidal Wave,243670,rnb
2025-01-14 20:59,Chase Atlantic,Swim,228786,rnb
2025-01-14 21:07,The Neighbourhood,Afraid,251186,indie
2025-01-14 21:13,Arctic Monkeys,505,253586,indie
2025-01-14 21:17,The Neighbourhood,The Beach,255133,indie
2025-01-14 21:21,The Neighbourhood,Nervous,245000,indie
2025-01-14 21:26,The Neighbourhood,W.D.Y.W.F.M?,259413,indie
2025-01-14 21:30,Cigarettes After Sex,Each Time You Fall in Love,290630,dream pop
2025-01-14 21:34,The Neighbourhood,You Get Me So High,153000,indie
2025-01-14 21:38,The Neighbourhood,Sweater Weather,240400,indie
2025-01-14 21:51,The Neighbourhood,Baby Came Home 2 / Valentines,390493,indie
2025-01-14 21:55,The Weeknd,"One Of The Girls (with JENNIE, Lily Rose Depp)",244684,rnb
2025-01-14 22:00,jsthebg,American Wedding,299899,
2025-01-14 22:03,The Neighbourhood,Leaving Tonight,203866,indie
2025-01-14 22:07,The Neighbourhood,Softcore,206280,indie
2025-01-14 22:12,The Neighbourhood,Cry Baby,235160,indie
2025-01-14 22:15,ELIO,hurts 2 hate somebody (with Chase Atlantic & No Rome),186665,choral
2025-01-14 22:19,The Neighbourhood,Daddy Issues,260173,indie
2025-01-14 22:23,Chase Atlantic,OHMAMI,226835,rnb
2025-01-14 22:27,The Neighbourhood,Scary Love,222666,indie
2025-01-14 22:31,Cigarettes After Sex,Pure,254626,dream pop
2025-01-14 22:34,Arctic Monkeys,Why'd You Only Call Me When You're High?,161123,indie
2025-01-14 22:37,Arctic Monkeys,R U Mine?,201726,indie
2025-01-14 22:43,Cigarettes After Sex,Stop Waiting,362973,dream pop
2025-01-14 22:47,Chase Atlantic,LIKE A ROCKSTAR,208111,rnb
2025-01-14 22:51,Arctic Monkeys,There’d Better Be A Mirrorball,265798,indie
2025-01-14 22:56,Cigarettes After Sex,Heavenly,286773,dream pop
2025-01-14 23:00,Chase Atlantic,Church,220000,rnb
2025-01-15 00:35,Cigarettes After Sex,Sunsetz,43556,dream pop
2025-01-15 00:40,Chase Atlantic,EMPTY,230266,rnb
2025-01-15 00:52,Chase Atlantic,Meddle About,203886,rnb
2025-01-15 00:55,The Neighbourhood,Compass,167960,indie
2025-01-15 01:09,The Neighbourhood,Flawless,246493,indie
2025-01-15 01:15,Hozier,Too Sweet,251424,blues
2025-01-15 02:20,Arctic Monkeys,Knee Socks,257563,indie
2025-01-15 02:23,David Kushner,Daylight,212953,indie
2025-01-15 10:00,Djo,End of Beginning,17712,psychedelic pop
2025-01-15 18:47,Djo,End of Beginning,141790,psychedelic pop
2025-01-15 18:58,Cigarettes After Sex,You're the Only Good Thing In My Life,209774,dream pop
2025-01-15 19:03,Yoshiki,Red Swan,263720,anime
2025-01-15 19:17,Brian the Sun,HEROES,181360,anime
2025-01-15 19:45,Masatoshi Ono,departure!,257520,anime
2025-01-15 19:49,Eve,Kaikai Kitan,221426,Hip-Hop
2025-01-15 19:52,See Siang Wong,"One Summer's Day (From ""Spirited Away"")",86443,classical piano
2025-01-15 19:56,UVERworld,Touch off,258706,anime
2025-01-15 20:01,Shinsei Kamattechan,Boku no Sensou,280466,anime
2025-01-15 20:04,Cells at Work!,Mission! Health Comes First,202773,anime
2025-01-15 20:08,Dempagumi.Inc,Ψです I LIKE YOU,227973,anime
2025-01-15 20:12,Jibaku Shonen Band,No.7,232413,anime
2025-01-15 20:16,Tokyo Anniversary,Again (From Fullmetal Alchemist),242632,vocaloid
2025-01-15 20:19,Hello Sleepwalkers,Goya No Machiawase,170640,j-rock
2025-01-15 20:23,MAN WITH A MISSION,Seven Deadly Sins,207000,anime
2025-01-15 20:27,UVERworld,CORE PRIDE,258693,anime
2025-01-15 20:28,Nordex,Navigator (The Millionaire Detective Balance: Unlimited),91888,anime
2025-01-15 20:33,KANA-BOON,スターマーカー (Album Mix),213640,anime
2025-01-15 20:37,yama,Oz.,194273,Stoner Rock
2025-01-15 23:26,ALI,Wild Side,23379,dangdut
2025-01-15 23:28,ALI,Wild Side,135132,dangdut
2025-01-15 23:35,Masayuki Suzuki,ラブ・ドラマティック (Funky Flag Version),262946,anime
2025-01-15 23:36,BURNOUT SYNDROMES,FLY HIGH!!,23042,anime
2025-01-15 23:39,Cigarettes After Sex,Sweet,6180,dream pop
2025-01-15 23:41,Arctic Monkeys,Baby I'm Yours,152613,indie
2025-01-15 23:45,Cults,Always Forever,223746,indie pop
2025-01-15 23:54,The Neighbourhood,Flawless,246493,indie
2025-01-16 00:10,Cigarettes After Sex,Each Time You Fall in Love,266886,dream pop
2025-01-16 00:13,One Direction,Home,194906,pop
2025-01-16 00:25,One Direction,Little Things,219040,pop
2025-01-16 00:35,One Direction,Stockholm Syndrome,214720,pop
2025-01-16 00:39,One Direction,Hey Angel,240000,pop
2025-01-16 00:43,One Direction,I Should Have Kissed You,215933,pop
2025-01-16 00:55,One Direction,You & I,237933,pop
2025-01-16 01:07,One Direction,Infinity,249480,pop
2025-01-18 09:39,One Direction,Girl Almighty,126516,pop
2025-01-18 09:47,Saint Avangeline,Lilith,255709,indie
2025-01-18 09:47,The Neighbourhood,Reflections,10904,indie
2025-01-18 09:51,Saint Avangeline,Lilith,255709,indie
2025-01-18 09:55,Saint Avangeline,Lilith,255709,indie
2025-01-18 10:00,Saint Avangeline,Lilith,255709,indie
2025-01-18 10:05,Saint Avangeline,Lilith,201056,indie
2025-01-20 19:35,beabadoobee,Glue Song,135066,bedroom pop
2025-01-20 19:43,Taylor Swift,Lover,1790,country
2025-01-20 19:43,Saint Avangeline,Lilith,8314,indie
2025-01-20 19:43,beabadoobee,Glue Song,840,bedroom pop
2025-01-20 19:46,beabadoobee,Glue Song,135066,bedroom pop
2025-01-20 19:50,Saint Avangeline,Lilith,255709,indie
2025-01-20 19:54,Billie Eilish,"What Was I Made For? [From The Motion Picture ""Barbie""]",21126,pop
2025-01-20 19:54,Taylor Swift,Lover,221306,country
2025-01-20 19:59,Taylor Swift,Back To December,293026,country
2025-01-20 20:03,Taylor Swift,Don’t Blame Me,236413,country
2025-01-20 20:08,Lana Del Rey,Sad Girl,317760,female vocalists
2025-01-20 20:13,Taylor Swift,I Can See You (Taylor’s Version) (From The Vault),273186,country
2025-01-20 20:16,HYBS,Tip Toe,224725,synthpop
2025-01-20 20:19,Laufey,From The Start,169573,jazz
2025-01-20 20:22,beabadoobee,the perfect pair,177533,bedroom pop
2025-01-20 20:26,Olivia Rodrigo,vampire,219724,pop
2025-01-20 20:31,Taylor Swift,Daylight,293453,country
2025-01-20 20:35,Taylor Swift,Labyrinth,247962,country
2025-01-20 20:40,Lana Del Rey,Million Dollar Man,230120,female vocalists
2025-01-20 20:41,Ariana Grande,intro (end of the world),92400,pop
2025-01-20 20:44,Laufey,Valentine,168906,jazz
2025-01-20 20:49,Adele,Skyfall,286480,dangdut
2025-01-20 20:52,Sabrina Carpenter,Looking at Me,181120,pop
2025-01-20 21:00,Sabrina Carpenter,Feather,162735,pop
2025-01-20 21:06,The Neighbourhood,Baby Came Home 2 / Valentines,390493,indie
2025-01-20 21:10,The Neighbourhood,A Little Death,209706,indie
2025-01-20 21:14,The Neighbourhood,Alleyways,267853,indie
2025-01-20 21:18,The Neighbourhood,Afraid,251186,indie
2025-01-20 21:22,Hozier,Too Sweet,251424,blues
2025-01-20 21:25,Djo,End of Beginning,159245,psychedelic pop
2025-01-20 21:29,Cigarettes After Sex,Pure,254626,dream pop
2025-01-20 22:27,Arctic Monkeys,Cornerstone,197973,indie
2025-01-21 01:11,The Neighbourhood,Flawless,246493,indie
2025-01-21 01:15,Lady Gaga,Die With A Smile,251667,art pop
2025-01-21 01:29,Arctic Monkeys,Do I Wanna Know?,272394,indie
2025-01-21 05:26,The Neighbourhood,Sweater Weather,240400,indie
2025-01-21 05:30,Chase Atlantic,Swim,228786,rnb
2025-01-21 05:58,Chase Atlantic,Drugs & Money - New Mix,239921,rnb
2025-01-21 06:01,Cigarettes After Sex,K.,158375,dream pop
2025-01-21 06:04,The Neighbourhood,You Get Me So High,153000,indie
2025-01-21 06:08,Arctic Monkeys,She's Thunderstorms,234920,indie
2025-01-21 20:46,jsthebg,American Wedding,161290,
2025-01-21 20:51,jsthebg,American Wedding,305429,
2025-01-21 20:54,Arctic Monkeys,Why'd You Only Call Me When You're High?,161123,indie
2025-01-21 21:08,Cigarettes After Sex,Heavenly,286773,dream pop
2025-01-21 21:12,Chase Atlantic,Into It,196767,rnb
2025-01-21 21:22,The Neighbourhood,Female Robbery,209520,indie
2025-01-21 21:25,Chase Atlantic,LUST,204106,rnb
2025-01-21 21:43,The Neighbourhood,The Beach,255133,indie
2025-01-21 21:52,Chase Atlantic,Okay,187556,rnb
2025-01-21 21:58,Charlie Puth,One Call Away,194453,soft pop
2025-01-21 22:17,Taylor Swift,Bejeweled,194165,country
2025-01-21 22:23,Taylor Swift,All Too Well (Taylor's Version),329160,country
2025-01-21 22:26,Taylor Swift,The Man,190360,country
2025-01-21 22:32,Taylor Swift,illicit affairs,190898,country
2025-01-21 22:35,Taylor Swift,"""Slut!"" (Taylor's Version) (From The Vault)",180381,country
2025-01-21 22:38,Olivia Rodrigo,"jealousy, jealousy",173160,pop
2025-01-21 22:41,Kali Uchis,Moonlight,187557,rnb
2025-01-21 22:45,Taylor Swift,Speak Now,240760,country
2025-01-21 22:50,The 1975,About You,326490,indie
2025-01-21 22:54,Taylor Swift,Wildest Dreams,220440,country
2025-01-21 22:57,Taylor Swift,The Archer,211240,country
2025-01-21 23:02,Lana Del Rey,Art Deco,295066,female vocalists
2025-01-21 23:05,Mitski,My Love Mine All Mine,137773,seen live
2025-01-21 23:09,Lana Del Rey,Pretty When You Cry,234146,female vocalists
2025-01-21 23:12,Sixpence None The Richer,Kiss Me,208680,pop
2025-01-21 23:15,Doechii,What It Is (Solo Version),189824,rap
2025-01-21 23:20,Ruth B.,Lost Boy,275280,pop
2025-01-21 23:23,Lana Del Rey,Diet Mountain Dew,189981,female vocalists
2025-01-21 23:27,Cigarettes After Sex,Cry,256800,dream pop
2025-01-22 00:27,Arctic Monkeys,I Wanna Be Yours,183956,indie
2025-01-22 00:31,Chase Atlantic,Paradise,256453,rnb
2025-01-22 00:35,Arctic Monkeys,No. 1 Party Anthem,243131,indie
2025-01-22 00:40,Chase Atlantic,Friends,230010,rnb
2025-01-22 00:45,The Neighbourhood,Nervous,245000,indie
2025-01-22 00:49,Cigarettes After Sex,John Wayne,238017,dream pop
2025-01-22 00:53,Chase Atlantic,Slow Down,212093,rnb
2025-01-22 00:56,Chase Atlantic,Vibes,216217,rnb
2025-01-22 01:01,Cigarettes After Sex,Apocalypse,290616,dream pop
2025-01-22 01:07,Cigarettes After Sex,Stop Waiting,362973,dream pop
2025-01-22 01:11,The Neighbourhood,Fallen Star,224938,indie
2025-01-22 01:15,Chase Atlantic,HEAVEN AND BACK,248240,rnb
2025-01-22 01:19,Arctic Monkeys,Arabella,207356,indie
2025-01-22 01:24,Cigarettes After Sex,Each Time You Fall in Love,290630,dream pop
2025-01-22 01:27,Chase Atlantic,HER,169720,rnb
2025-01-22 01:31,Cults,Always Forever,223746,indie pop
2025-01-22 01:35,Cigarettes After Sex,Heavenly,286773,dream pop
2025-01-22 01:39,Chase Atlantic,The Walls,229840,rnb
2025-01-22 01:41,d4vd,Romantic Homicide,132630,rnb
2025-01-22 01:46,Hozier,Too Sweet,251424,blues
2025-01-22 01:50,The Neighbourhood,Prey,282640,indie
2025-01-22 01:55,Arctic Monkeys,505,253586,indie
2025-01-22 02:09,Chase Atlantic,Meddle About,203886,rnb
2025-01-22 07:16,Chase Atlantic,Tidal Wave,107525,rnb
2025-01-22 18:24,Chase Atlantic,Tidal Wave,136395,rnb
2025-01-22 19:00,The Neighbourhood,Baby Came Home 2 / Valentines,296257,indie
2025-01-22 20:15,Taylor Swift,All Of The Girls You Loved Before,221407,country
2025-01-22 20:19,Taylor Swift,Safe & Sound - from The Hunger Games Soundtrack,240066,country
2025-01-22 20:25,Lana Del Rey,Brooklyn Baby,351640,female vocalists
2025-01-22 20:29,Lana Del Rey,Chemtrails Over The Country Club,271176,female vocalists
2025-01-22 20:34,Billie Eilish,WILDFLOWER,261466,pop
2025-01-23 05:00,Lana Del Rey,Cinnamon Girl,174522,female vocalists
2025-01-23 05:04,The Neighbourhood,W.D.Y.W.F.M?,259413,indie
2025-01-23 05:08,Chase Atlantic,OHMAMI,226835,rnb
2025-01-23 05:12,Lady Gaga,Die With A Smile,251667,art pop
2025-01-23 05:16,Arctic Monkeys,She's Thunderstorms,234920,indie
2025-01-23 05:20,Cigarettes After Sex,Falling In Love,244873,dream pop
2025-01-23 05:37,Cigarettes After Sex,Pure,254626,dream pop
2025-01-23 05:41,Chase Atlantic,Numb to the Feeling,227586,rnb
2025-01-23 05:45,The Neighbourhood,Baby Came Home,226880,indie
2025-01-23 05:58,Cigarettes After Sex,K.,320030,dream pop
2025-01-23 06:01,Arctic Monkeys,R U Mine?,201726,indie
2025-01-23 06:05,Chase Atlantic,MAMACITA,202931,rnb
2025-01-23 06:08,The Neighbourhood,Leaving Tonight,203866,indie
2025-01-23 06:11,The Neighbourhood,Silver Lining,179453,indie
2025-01-23 06:56,Cigarettes After Sex,Starry Eyes,152122,dream pop
2025-01-23 18:30,Cigarettes After Sex,Starry Eyes,54120,dream pop
2025-01-23 18:33,The Neighbourhood,You Get Me So High,153000,indie
2025-01-23 18:35,Chase Atlantic,HER,169720,rnb
2025-01-23 19:01,ELIO,hurts 2 hate somebody (with Chase Atlantic & No Rome),186665,choral
2025-01-23 19:16,jsthebg,American Wedding,503654,
2025-01-23 19:19,Arctic Monkeys,Baby I'm Yours,152613,indie
2025-01-23 19:24,Cigarettes After Sex,You're the Only Good Thing In My Life,275186,dream pop
2025-01-23 19:28,Chase Atlantic,HEAVEN AND BACK,248240,rnb
2025-01-23 19:32,Hozier,Too Sweet,251424,blues
2025-01-23 19:49,The Neighbourhood,Baby Came Home 2 / Valentines,264905,indie
2025-01-23 19:55,Chase Atlantic,Tidal Wave,243670,rnb
2025-01-23 19:56,Cigarettes After Sex,John Wayne,7740,dream pop
2025-01-23 19:56,Cigarettes After Sex,Sunsetz,42739,dream pop
2025-01-23 19:59,Chase Atlantic,Meddle About,203886,rnb
2025-01-23 20:03,The Neighbourhood,Void,203666,indie
2025-01-23 20:07,Cigarettes After Sex,Truly,244110,dream pop
2025-01-23 20:12,Cigarettes After Sex,Each Time You Fall in Love,290630,dream pop
2025-01-23 20:15,The Neighbourhood,Softcore,206280,indie
2025-01-23 20:19,Chase Atlantic,Slow Down,212093,rnb
2025-01-23 20:22,Chase Atlantic,LIKE A ROCKSTAR,208111,rnb
2025-01-23 20:27,Arctic Monkeys,Do I Wanna Know?,272394,indie
2025-01-23 22:31,The Neighbourhood,A Little Death,209706,indie
2025-01-23 22:36,The Neighbourhood,Silver Lining,204234,indie
2025-01-23 22:40,Cigarettes After Sex,Apocalypse,196696,dream pop
2025-01-23 22:45,Arctic Monkeys,There’d Better Be A Mirrorball,265798,indie
2025-01-23 22:55,Chase Atlantic,Okay,212306,rnb
2025-01-23 22:56,The Neighbourhood,Scary Love,79645,indie
2025-01-23 23:00,Olivia Rodrigo,deja vu,215506,pop
2025-01-23 23:13,Katy Perry,Wide Awake,387709,pop
2025-01-23 23:13,Lana Del Rey,Young And Beautiful,40413,female vocalists
2025-01-23 23:16,The Walters,I Love You So,160239,indie rock
2025-01-23 23:20,Taylor Swift,Love Story,235266,country
2025-01-23 23:23,SZA,Saturn,186191,rnb
2025-01-23 23:27,Taylor Swift,Gorgeous,209680,country
2025-01-23 23:30,Selena Gomez,Fetish (feat. Gucci Mane),186112,pop
2025-01-23 23:34,Keane,Somewhere Only We Know,236160,britpop
2025-01-23 23:37,Lana Del Rey,Radio,214573,female vocalists
2025-01-23 23:41,Taylor Swift,Lover,221306,country
2025-01-23 23:45,Taylor Swift,Style,231000,country
2025-01-24 00:02,Billie Eilish,BIRDS OF A FEATHER,210373,pop
2025-01-24 00:10,Sasha Alex Sloan,Dancing With Your Ghost,129025,indie pop
2025-01-26 13:01,Bruno Mars,Locked out of Heaven,233478,pop
2025-01-26 13:01,Bruno Mars,Locked out of Heaven,6320,pop
2025-01-27 19:42,Bruno Mars,Locked out of Heaven,4117,pop
2025-01-27 19:45,Lana Del Rey,"Once Upon a Dream - From ""Maleficent"" / Pop Version",203080,female vocalists
2025-01-27 20:07,Coyote Theory,This Side of Paradise,242010,indie
2025-01-27 20:11,The Weeknd,"One Of The Girls (with JENNIE, Lily Rose Depp)",244684,rnb
2025-01-27 20:16,Taylor Swift,Back To December,293026,country
2025-01-27 20:18,Justin Bieber,Ghost,153190,pop
2025-01-27 20:24,Aimer,Sailing,335973,anime
2025-01-27 20:28,Taylor Swift,Speak Now,240760,country
2025-01-27 20:32,Lana Del Rey,Summertime Sadness,265427,female vocalists
2025-01-27 20:43,Olivia Rodrigo,"All I Want - From ""High School Musical: The Musical: The Series""",177322,pop
2025-01-27 20:52,beabadoobee,A Night To Remember,233388,bedroom pop
2025-01-27 20:56,Taylor Swift,You Belong With Me,231133,country
2025-01-27 21:00,Doja Cat,Agora Hills,265360,pop
2025-01-27 21:04,Tinashe,2 On (feat. ScHoolboy Q),227000,alternative r&b
2025-01-27 21:08,Jung Kook,Still With You,239905,k-pop
2025-01-27 21:12,Charlie Puth,We Don't Talk Anymore (feat. Selena Gomez),217706,soft pop
2025-01-27 21:16,Taylor Swift,Don’t Blame Me,236413,country
2025-01-27 21:19,Billie Eilish,"What Was I Made For? [From The Motion Picture ""Barbie""]",3440,pop
2025-01-27 21:19,Taylor Swift,The Man,7984,country
2025-01-27 21:19,Olivia Rodrigo,Can’t Catch Me Now - from The Hunger Games: The Ballad of Songbirds & Snakes,205483,pop
2025-01-27 21:23,Ellie Goulding,My Blood,234184,female vocalists
2025-01-27 21:26,Taylor Swift,Cruel Summer,178426,country
2025-01-28 00:25,Taylor Swift,Gorgeous,26985,country
2025-01-28 00:28,Chase Atlantic,LUST,204106,rnb
2025-01-28 00:32,The Neighbourhood,Female Robbery,209520,indie
2025-01-28 00:34,Lady Gaga,Die With A Smile,115543,art pop
2025-01-28 00:38,Cults,Always Forever,223746,indie pop
2025-01-28 00:42,Chase Atlantic,Falling,223240,rnb
2025-01-28 00:45,The Neighbourhood,Leaving Tonight,203866,indie
2025-01-28 00:49,Djo,End of Beginning,42481,psychedelic pop
2025-01-28 00:49,Chase Atlantic,DIE FOR ME,206815,rnb
2025-01-28 00:55,The Neighbourhood,Cry Baby,235160,indie
2025-01-28 01:11,The Neighbourhood,Sweater Weather,240400,indie
2025-01-28 01:15,The Neighbourhood,Flawless,246493,indie
2025-01-28 01:26,Chase Atlantic,Numb to the Feeling,227586,rnb
2025-01-28 01:36,The Neighbourhood,Devil's Advocate,186306,indie
2025-01-28 01:57,Cigarettes After Sex,Opera House,155843,dream pop
2025-01-28 02:04,Imogen Heap,Headlock,409158,female vocalists
2025-01-28 02:08,Imogen Heap,Headlock,215338,female vocalists
2025-01-28 04:31,Imogen Heap,Headlock,25722,female vocalists
2025-01-28 05:29,Imogen Heap,Headlock,189873,female vocalists
2025-01-28 05:33,Imogen Heap,Headlock,215338,female vocalists
2025-01-28 05:37,Imogen Heap,Headlock,215338,female vocalists
2025-01-28 05:40,Imogen Heap,Headlock,215338,female vocalists
2025-01-28 05:44,Imogen Heap,Headlock,215338,female vocalists
2025-01-28 06:47,Imogen Heap,Headlock,14452,female vocalists
2025-01-28 19:40,Imogen Heap,Headlock,201141,female vocalists
2025-01-28 19:43,Imogen Heap,Headlock,215338,female vocalists
2025-01-28 19:46,Imogen Heap,Headlock,191565,female vocalists
2025-01-28 19:55,Imogen Heap,Headlock,23773,female vocalists
2025-01-28 19:59,Imogen Heap,Headlock,215338,female vocalists
2025-01-28 20:03,Saint Avangeline,Lilith,255709,indie
2025-01-28 20:08,Adele,Skyfall,286480,dangdut
2025-01-28 20:08,Imogen Heap,Headlock,14699,female vocalists
2025-01-28 20:12,Imogen Heap,Headlock,215338,female vocalists
2025-01-28 20:16,Adele,Skyfall,286480,dangdut
2025-01-28 20:20,Joshua Kyan Aalampour,Enemies to Lovers,225177,Classical
2025-01-28 20:24,Saint Avangeline,Lilith,255709,indie
2025-01-28 20:28,Imogen Heap,Headlock,215338,female vocalists
2025-01-28 20:33,Adele,Skyfall,286480,dangdut
2025-01-28 20:37,Joshua Kyan Aalampour,Enemies to Lovers,225177,Classical
2025-01-28 20:41,Saint Avangeline,Lilith,255709,indie
2025-01-28 20:45,Imogen Heap,Headlock,215338,female vocalists
2025-01-28 20:49,Adele,Skyfall,286480,dangdut
2025-01-28 20:53,Joshua Kyan Aalampour,Enemies to Lovers,225177,Classical
2025-01-28 20:57,Saint Avangeline,Lilith,255709,indie
2025-01-28 21:01,Imogen Heap,Headlock,215338,female vocalists
2025-01-28 21:07,Adele,Skyfall,286480,dangdut
2025-01-28 21:10,Joshua Kyan Aalampour,Enemies to Lovers,225177,Classical
2025-01-28 21:15,Saint Avangeline,Lilith,255709,indie
2025-01-28 21:18,Imogen Heap,Headlock,215338,female vocalists
2025-01-28 21:23,Adele,Skyfall,286480,dangdut
2025-01-28 21:27,Joshua Kyan Aalampour,Enemies to Lovers,225177,Classical
2025-01-28 21:32,Saint Avangeline,Lilith,255709,indie
2025-01-28 22:19,Imogen Heap,Headlock,215338,female vocalists
2025-01-28 22:24,Adele,Skyfall,286480,dangdut
2025-01-28 22:32,Joshua Kyan Aalampour,Enemies to Lovers,225177,Classical
2025-01-28 22:36,Saint Avangeline,Lilith,255709,indie
2025-01-28 22:40,Imogen Heap,Headlock,215338,female vocalists
2025-01-28 22:45,Adele,Skyfall,286480,dangdut
2025-01-28 22:48,Joshua Kyan Aalampour,Enemies to Lovers,225177,Classical
2025-01-28 22:54,Saint Avangeline,Lilith,93773,indie
2025-01-28 22:57,Laufey,Valentine,168906,jazz
2025-01-28 23:01,Taylor Swift,All Of The Girls You Loved Before,221407,country
2025-01-28 23:04,Olivia Rodrigo,happier,175933,pop
2025-01-28 23:07,Taylor Swift,"""Slut!"" (Taylor's Version) (From The Vault)",180381,country
2025-01-28 23:09,Mitski,My Love Mine All Mine,137773,seen live
2025-01-28 23:13,Ariana Grande,we can't be friends (wait for your love),228639,pop
2025-01-28 23:16,beabadoobee,the perfect pair,177533,bedroom pop
2025-01-28 23:21,Taylor Swift,Enchanted,352186,country
2025-01-28 23:25,yama,Oz.,194273,Stoner Rock
2025-01-28 23:29,Taylor Swift,Karma,204852,country
2025-01-29 00:28,Lana Del Rey,Art Deco,43062,female vocalists
2025-01-29 00:29,Lana Del Rey,Art Deco,61005,female vocalists
2025-01-29 00:31,The Beatles,Eleanor Rigby - Remastered 2009,126533,classic rock
2025-01-29 00:35,The Neighbourhood,A Little Death,209706,indie
2025-01-29 00:42,Lana Del Rey,Young And Beautiful,76290,female vocalists
2025-01-29 00:45,Lana Del Rey,Young And Beautiful,159770,female vocalists
2025-01-29 00:48,Lorde,Buzzcut Season,186080,pop
2025-01-29 00:52,Hozier,Take Me to Church,241693,blues
2025-01-29 00:53,Lorde,The Louvre,33696,pop
2025-01-29 00:57,Saint Avangeline,Lilith,255709,indie
2025-01-29 01:00,Adele,Skyfall,3371,dangdut
2025-01-29 01:00,Imogen Heap,Headlock,215338,female vocalists
2025-01-29 01:01,The Beatles,Eleanor Rigby - Remastered 2009,5790,classic rock
2025-01-29 01:04,Lizzy McAlpine,Pushing It Down and Praying,234076,indie pop
2025-01-29 01:07,The Smiths,This Charming Man - 2011 Remaster,162920,new wave
2025-01-29 01:08,Bon Iver,Flume,58163,indie folk
2025-01-29 01:10,The Last Shadow Puppets,"Sweet Dreams, TN",137010,baroque pop
2025-01-29 01:12,Lizzy McAlpine,doomsday,66700,indie pop
2025-01-29 01:16,Saint Avangeline,Lilith,255709,indie
2025-01-29 01:20,Conan Gray,The Cut That Always Bleeds,231920,seen live
2025-01-29 01:23,Joshua Kyan Aalampour,Enemies to Lovers,225177,Classical
2025-01-29 01:27,Ellie Goulding,My Blood,234184,female vocalists
2025-01-29 01:32,Adele,Skyfall,286480,dangdut
2025-01-29 02:01,Imogen Heap,Headlock,215338,female vocalists
2025-01-29 02:06,Mitski,My Love Mine All Mine,137773,seen live
2025-01-29 18:44,Saint Avangeline,Lilith,9930,indie
2025-01-29 18:44,Saint Avangeline,Lilith,211645,indie
2025-01-29 18:55,Dead Man's Bones,In The Room Where You Sleep,212800,folk
2025-01-29 19:15,The Beatles,Taxman - Remastered 2009,158853,classic rock
2025-01-29 19:19,Ethel Cain,Michelle Pfeiffer (feat. lil aaron),154856,dream pop
2025-01-29 19:23,Conan Gray,The Cut That Always Bleeds,231920,seen live
2025-01-29 19:27,Joshua Kyan Aalampour,Enemies to Lovers,225177,Classical
2025-01-29 19:31,Ellie Goulding,My Blood,234184,female vocalists
2025-01-29 19:36,Adele,Skyfall,286480,dangdut
2025-01-29 19:46,Mitski,My Love Mine All Mine,137773,seen live
2025-01-29 20:07,Saint Avangeline,Lilith,255709,indie
2025-01-29 20:11,Imogen Heap,Headlock,215338,female vocalists
2025-01-29 20:15,Joshua Kyan Aalampour,Enemies to Lovers,30705,Classical
2025-01-29 20:15,Conan Gray,The Cut That Always Bleeds,231920,seen live
2025-01-29 20:22,Conan Gray,The Cut That Always Bleeds,267150,seen live
2025-01-29 20:26,Joshua Kyan Aalampour,Enemies to Lovers,225177,Classical
2025-01-29 20:30,Ellie Goulding,My Blood,234184,female vocalists
2025-01-29 20:35,Adele,Skyfall,286480,dangdut
2025-01-29 20:37,Mitski,My Love Mine All Mine,137773,seen live
2025-01-30 00:03,Saint Avangeline,Lilith,255709,indie
2025-01-30 00:09,Imogen Heap,Headlock,67724,female vocalists
2025-01-30 00:11,Imogen Heap,Headlock,147616,female vocalists
2025-01-30 00:15,Conan Gray,The Cut That Always Bleeds,231920,seen live
2025-01-30 00:19,Joshua Kyan Aalampour,Enemies to Lovers,225177,Classical
2025-01-30 00:19,Ellie Goulding,My Blood,27586,female vocalists
2025-01-30 00:26,Conan Gray,The Cut That Always Bleeds,407410,seen live
2025-01-30 00:31,Adele,Skyfall,286480,dangdut
2025-01-30 00:33,Saint Avangeline,Lilith,21856,indie
2025-01-30 00:33,Mitski,My Love Mine All Mine,137773,seen live
2025-01-30 00:37,Lana Del Rey,Pretty When You Cry,234146,female vocalists
2025-01-30 00:41,Taylor Swift,Bejeweled,194165,country
2025-01-30 00:44,Olivia Rodrigo,deja vu,215506,pop
2025-01-30 00:49,Laufey,Let You Break My Heart Again,269066,jazz
2025-01-30 00:51,beabadoobee,Glue Song,135066,bedroom pop
2025-01-30 00:55,Taylor Swift,Labyrinth,247962,country
2025-01-30 00:59,HYBS,Tip Toe,224725,synthpop
2025-01-30 01:02,Doja Cat,Kiss Me More (feat. SZA),208666,pop
2025-01-30 01:07,Taylor Swift,Back To December,293026,country
2025-01-30 01:11,Taylor Swift,The Archer,211240,country
2025-01-30 01:14,Taylor Swift,illicit affairs,190898,country
2025-01-30 01:17,Justin Bieber,Ghost,153190,pop
2025-01-30 01:20,Doechii,What It Is (Solo Version),189824,rap
2025-01-30 01:23,SZA,Snooze,201800,rnb
2025-01-30 01:27,Taylor Swift,Wildest Dreams,220440,country
2025-01-30 01:30,Laufey,From The Start,169573,jazz
2025-01-30 01:33,Olivia Rodrigo,Can’t Catch Me Now - from The Hunger Games: The Ballad of Songbirds & Snakes,205483,pop
2025-01-30 18:59,Doja Cat,Agora Hills,153195,pop
2025-01-30 19:01,Doja Cat,Agora Hills,112164,pop
2025-01-30 19:05,Lana Del Rey,Doin' Time,202192,female vocalists
2025-01-30 19:24,Taylor Swift,Love Story,235266,country
2025-01-30 19:35,Mitski,My Love Mine All Mine,137773,seen live
2025-01-30 19:40,Taylor Swift,my tears ricochet,255893,country
2025-01-30 19:50,Laufey,Falling Behind,136090,jazz
2025-01-30 19:50,Taylor Swift,Daylight,17250,country
2025-01-30 19:50,Taylor Swift,Anti-Hero,1230,country
2025-01-30 19:54,Conan Gray,Comfort Crowd,2200,seen live
2025-01-30 19:54,Gang of Youths,Achilles Come Down,216790,seen live
2025-01-30 19:54,Gang of Youths,Achilles Come Down,1490,seen live
2025-01-30 19:57,Conan Gray,Comfort Crowd,174680,seen live
2025-01-30 20:00,5 Seconds of Summer,Best Years,190382,pop rock
2025-01-30 20:03,Hozier,Foreigner's God,225226,blues
2025-01-30 20:08,Hozier,Arsonist's Lullabye,266613,blues
2025-01-30 20:13,Cavetown,Boys Will Be Bugs,329049,bedroom pop
2025-01-30 20:20,Mumford & Sons,Little Lion Man,246973,folk
2025-01-30 20:21,Sufjan Stevens,Futile Devices (Doveman Remix),54034,chamber pop
2025-01-30 20:24,Billie Eilish,bitches broken hearts,176471,pop
2025-01-30 20:28,Harry Styles,Falling,240133,pop
2025-01-30 22:24,Nick Cave & The Bad Seeds,O Children,409546,post-punk
2025-01-30 22:28,Ruel,Painkiller,213506,pop
2025-01-30 22:32,Hozier,Take Me to Church,222301,blues
2025-01-30 22:42,5 Seconds of Summer,Red Desert,86530,pop rock
2025-01-30 22:46,Arctic Monkeys,No. 1 Party Anthem,243131,indie
2025-01-30 22:50,The Neighbourhood,Alleyways,267853,indie
2025-01-30 22:54,Arctic Monkeys,Stop The World I Wanna Get Off With You,191040,indie
2025-01-30 22:58,The Neighbourhood,Sadderdaze,245826,indie
2025-01-30 23:00,Chase Atlantic,HER,169720,rnb
2025-01-30 23:04,Chase Atlantic,MAMACITA,202931,rnb
2025-01-30 23:08,Cigarettes After Sex,Falling In Love,245840,dream pop
2025-01-30 23:44,The Neighbourhood,W.D.Y.W.F.M?,259413,indie
2025-01-30 23:45,Cigarettes After Sex,Sweet,88603,dream pop
2025-01-30 23:49,Cigarettes After Sex,Sweet,203518,dream pop
2025-01-30 23:50,Chase Atlantic,Friends,77032,rnb
2025-01-30 23:52,Franz Liszt,"Consolation, S. 172: No. 1 Andante Con Moto",105933,classical piano
2025-01-30 23:54,Alstad,Uendelig Lengsel,117965,instrumental
2025-01-31 00:10,Felix Mendelssohn,"Lieder Ohne Worte, Op. 19b: VI. Venetianisches Gondellied",147437,chamber music
2025-01-31 00:21,Imaginary Poet,Adagietto,181428,Classical
2025-01-31 00:23,Ophelia Wilde,moonlight waltz,118967,Classical
2025-01-31 00:30,Jonas Hain,Nocturne,146169,instrumental
2025-01-31 00:32,Annie Rosier,marionnettes,117857,
2025-01-31 00:34,Lysander,October,121034,instrumental
2025-01-31 00:38,Luke Faulkner,Awakening,246070,Classical
2025-01-31 00:40,George Frideric Handel,"Keyboard Suite No. 4 In D Minor, HWV 437: III. Sarabande",102370,classical
2025-01-31 00:42,Claude Debussy,"Préludes / Book 1, L. 117: VIII. La Fille Aux Cheveux De Lin",146683,classical piano
2025-01-31 00:45,Yan Springett,Introspection,151478,Classical
2025-01-31 00:47,Austin Farwell,New Home (Slowed),99244,Classical
2025-01-31 00:47,Elena Kats-Chernin,Roses in a Box,46880,chamber music
2025-01-31 00:50,Imaginary Poet,Wipe My Tears,149093,Classical
2025-01-31 00:51,César Franck,Allegretto Poco Mosso,62611,chamber music
2025-02-01 08:52,Johann Sebastian Bach,"The Well-Tempered Clavier: Book 1, BWV 846-869: 1. Prelude",2553,classical
2025-02-01 08:58,Indila,Love Story,303658,french pop
2025-02-03 04:32,Indila,Love Story,316280,french pop
2025-02-03 04:36,Indila,Love Story,200297,french pop
2025-02-03 19:53,The Weeknd,"One Of The Girls (with JENNIE, Lily Rose Depp)",244684,rnb
2025-02-03 19:58,Hozier,Too Sweet,251424,blues
2025-02-03 20:01,Chase Atlantic,The Walls,229840,rnb
2025-02-03 20:05,Arctic Monkeys,She's Thunderstorms,234920,indie
2025-02-03 20:09,Arctic Monkeys,Arabella,207356,indie
2025-02-03 20:13,Chase Atlantic,Swim,228786,rnb
2025-02-03 20:17,Chase Atlantic,HEAVEN AND BACK,248240,rnb
2025-02-03 20:20,The Neighbourhood,The Shining,214693,indie
2025-02-03 20:25,The Neighbourhood,Reflections,244013,indie
2025-02-03 20:29,Cigarettes After Sex,Cry,256800,dream pop
2025-02-03 20:32,The Neighbourhood,Softcore,206280,indie
2025-02-03 20:37,Arctic Monkeys,Do I Wanna Know?,272394,indie
2025-02-03 20:41,Chase Atlantic,Consume (feat. Goon Des Garcons),267920,rnb
2025-02-03 20:46,The Neighbourhood,Daddy Issues,260173,indie
2025-02-03 20:50,Chase Atlantic,Tidal Wave,243670,rnb
2025-02-03 21:00,Chase Atlantic,Meddle About,203886,rnb
2025-02-03 21:03,Chase Atlantic,Vibes,216217,rnb
2025-02-03 21:07,Chase Atlantic,LIKE A ROCKSTAR,208111,rnb
2025-02-03 21:10,ELIO,hurts 2 hate somebody (with Chase Atlantic & No Rome),186665,choral
2025-02-03 21:15,Arctic Monkeys,There’d Better Be A Mirrorball,265798,indie
2025-02-03 21:18,The Neighbourhood,Scary Love,222666,indie
2025-02-03 21:22,Arctic Monkeys,Cornerstone,197973,indie
2025-02-03 21:24,Arctic Monkeys,Why'd You Only Call Me When You're High?,161123,indie
2025-02-03 21:28,The Neighbourhood,Sadderdaze,245826,indie
2025-02-03 21:33,Lady Gaga,Die With A Smile,251667,art pop
2025-02-04 00:29,Beach Weather,"Sex, Drugs, Etc.",145405,indie
2025-02-04 00:30,Beach Weather,"Sex, Drugs, Etc.",51382,indie
2025-02-04 00:32,Cigarettes After Sex,Heavenly,48398,dream pop
2025-02-04 00:41,Billie Eilish,"What Was I Made For? [From The Motion Picture ""Barbie""]",222369,pop
2025-02-04 00:44,Lana Del Rey,Say Yes To Heaven,209156,female vocalists
2025-02-04 00:49,Taylor Swift,The Way I Loved You (Taylor’s Version),243136,country
2025-02-04 00:55,Lana Del Rey,Cinnamon Girl,233987,female vocalists
2025-02-04 00:59,Imogen Heap,Headlock,215338,female vocalists
2025-02-04 01:03,Conan Gray,The Cut That Always Bleeds,231920,seen live
2025-02-04 01:08,Indila,Love Story,316280,french pop
2025-02-04 01:17,Ellie Goulding,My Blood,234184,female vocalists
2025-02-04 01:21,Adele,Skyfall,286480,dangdut
2025-02-04 01:25,Joshua Kyan Aalampour,Enemies to Lovers,225177,Classical
2025-02-04 01:29,Saint Avangeline,Lilith,255709,indie
2025-02-04 01:32,Mitski,My Love Mine All Mine,137773,seen live
2025-02-04 01:35,Imogen Heap,Headlock,215338,female vocalists
2025-02-04 01:39,Conan Gray,The Cut That Always Bleeds,231920,seen live
2025-02-04 01:45,Indila,Love Story,316280,french pop
2025-02-04 01:48,Ellie Goulding,My Blood,234184,female vocalists
2025-02-04 01:53,Adele,Skyfall,286480,dangdut
2025-02-04 01:57,Joshua Kyan Aalampour,Enemies to Lovers,225177,Classical
2025-02-04 02:01,Saint Avangeline,Lilith,255709,indie
2025-02-04 02:04,Mitski,My Love Mine All Mine,137773,seen live
2025-02-04 02:07,Imogen Heap,Headlock,215338,female vocalists
2025-02-04 02:11,Conan Gray,The Cut That Always Bleeds,231920,seen live
2025-02-05 19:04,Indila,Love Story,82861,french pop
2025-02-05 19:08,Indila,Love Story,233427,french pop
2025-02-05 19:11,Ellie Goulding,My Blood,50673,female vocalists
2025-02-05 19:14,Lana Del Rey,"Once Upon a Dream - From ""Maleficent"" / Pop Version",203080,female vocalists
2025-02-05 19:21,Lana Del Rey,Ultraviolence,251480,female vocalists
2025-02-05 19:24,Sabrina Carpenter,Feather,185552,pop
2025-02-05 19:49,Taylor Swift,Lover,181997,country
2025-02-05 19:50,Gracie Abrams,"I miss you, I’m sorry",11160,seen live
2025-02-05 19:50,Gracie Abrams,Close To You,8250,seen live
2025-02-05 19:50,Gracie Abrams,Close To You,32860,seen live
2025-02-05 19:50,Gracie Abrams,That’s So True,23930,seen live
2025-02-05 19:51,Gracie Abrams,Risk,19690,seen live
2025-02-05 19:54,Joshua Kyan Aalampour,Enemies to Lovers,225177,Classical
2025-02-05 19:57,Gracie Abrams,That’s So True,166300,seen live
2025-02-05 20:02,Adele,Skyfall,286480,dangdut
2025-02-05 20:06,Gracie Abrams,"I Love You, I'm Sorry",157146,seen live
2025-02-05 20:13,Imogen Heap,Headlock,43715,female vocalists
2025-02-05 20:16,Gracie Abrams,"I miss you, I’m sorry",167538,seen live
2025-02-05 20:18,Mitski,My Love Mine All Mine,137773,seen live
2025-02-05 20:24,Indila,Love Story,316280,french pop
2025-02-05 20:31,Saint Avangeline,Lilith,255709,indie
2025-02-05 23:34,Ellie Goulding,My Blood,17448,female vocalists
2025-02-05 23:34,Conan Gray,The Cut That Always Bleeds,231920,seen live
2025-02-05 23:55,Ariana Grande,we can't be friends (wait for your love),228639,pop
2025-02-05 23:59,Tinashe,2 On (feat. ScHoolboy Q),111800,alternative r&b
2025-02-06 00:03,Charlie Puth,We Don't Talk Anymore (feat. Selena Gomez),217706,soft pop
2025-02-06 00:21,Gwen Stefani,Luxurious,19403,pop
2025-02-06 00:29,Gwen Stefani,Luxurious,8780,pop
2025-02-06 00:29,Cigarettes After Sex,Pure,18110,dream pop
2025-02-06 00:34,Cigarettes After Sex,John Wayne,258483,dream pop
2025-02-06 00:36,Arctic Monkeys,Baby I'm Yours,152613,indie
2025-02-06 00:38,David Kushner,Daylight,104803,indie
2025-02-06 00:42,The Neighbourhood,Sweater Weather,240400,indie
2025-02-06 00:54,Chase Atlantic,EMPTY,230266,rnb
2025-02-06 18:19,The Neighbourhood,Baby Came Home 2 / Valentines,192223,indie
2025-02-06 18:23,The Neighbourhood,Baby Came Home 2 / Valentines,198273,indie
2025-02-06 18:26,Chase Atlantic,Slow Down,212093,rnb
2025-02-06 18:29,Arctic Monkeys,Stop The World I Wanna Get Off With You,191040,indie
2025-02-06 18:31,Charlie Puth,One Call Away,41310,soft pop
2025-02-06 18:31,Cigarettes After Sex,Cry,60714,dream pop
2025-02-06 18:34,The Vogues,My Special Angel,180613,doo-wop
2025-02-06 18:38,Scott Walker,The Old Man's Back Again (Dedicated To The Neo-Stalinist Regime),220573,baroque pop
2025-02-06 18:40,Billy Fury,Wondrous Place,145240,rock and roll
2025-02-06 18:41,Buffy Sainte-Marie,He's A Keeper Of The Fire,64613,folk rock
2025-02-06 18:55,Ernie Rowell,Facing You,174115,
2025-02-06 18:58,Perry Como,Bibbidi-Bobbidi-Boo (The Magic Song) - As heard in the Netflix series The Umbrella Academy,139573,christmas
2025-02-06 19:02,Tony Joe White,Polk Salad Annie,223533,blues
2025-02-06 19:05,Parra for Cuva,Wicked Games (feat. Anna Naklab) - Radio Edit,195210,downtempo
2025-02-06 19:06,Bobby Helms,Jingle Bell Rock,94377,christmas
2025-02-06 19:10,Katy Perry,Wide Awake,220946,pop
2025-02-06 19:14,Taylor Swift,Speak Now,240760,country
2025-02-06 19:18,SZA,Saturn,186191,rnb
2025-02-06 19:23,The 1975,About You,326490,indie
2025-02-06 19:28,Lana Del Rey,Sad Girl,317760,female vocalists
2025-02-06 19:32,Billie Eilish,BIRDS OF A FEATHER,210373,pop
2025-02-06 19:39,Ruth B.,Dandelions,99487,pop
2025-02-06 19:39,Taylor Swift,Cruel Summer,1280,country
2025-02-06 19:39,Taylor Swift,Love Story,3380,country
2025-02-06 19:54,Aimer,Sailing,335973,anime
2025-02-06 19:57,Doja Cat,Kiss Me More (feat. SZA),208666,pop
2025-02-06 20:01,Sasha Alex Sloan,Dancing With Your Ghost,197732,indie pop
2025-02-06 20:02,Ariana Grande,intro (end of the world),92400,pop
2025-02-06 20:06,Taylor Swift,Don’t Blame Me,236413,country
2025-02-06 20:10,Olivia Rodrigo,traitor,229226,pop
2025-02-06 20:14,Jung Kook,Still With You,239905,k-pop
2025-02-06 20:17,Olivia Rodrigo,happier,175933,pop
2025-02-06 20:18,Keane,Somewhere Only We Know,42098,britpop
2025-02-07 03:03,Laufey,Fragile,238690,jazz
2025-02-07 03:06,Chase Atlantic,Into It,196767,rnb
2025-02-07 03:11,Djo,End of Beginning,44436,psychedelic pop
2025-02-07 03:11,Chase Atlantic,LUST,204106,rnb
2025-02-07 03:15,The Weeknd,"One Of The Girls (with JENNIE, Lily Rose Depp)",244684,rnb
2025-02-07 03:18,Chase Atlantic,Okay,147615,rnb
2025-02-07 03:27,Chase Atlantic,The Walls,229840,rnb
2025-02-10 20:00,Chase Atlantic,DIE FOR ME,11880,rnb
2025-02-10 20:03,Chase Atlantic,DIE FOR ME,194885,rnb
2025-02-10 20:27,Chase Atlantic,Paradise,256453,rnb
2025-02-10 20:45,The Neighbourhood,Afraid,22568,indie
2025-02-10 20:45,Chase Atlantic,ESCORT,218823,rnb
2025-02-10 20:49,Taylor Swift,Style,231000,country
2025-02-10 20:53,Lana Del Rey,Diet Mountain Dew,222920,female vocalists
2025-02-10 20:59,7!!,オレンジ,350106,gangster rap
2025-02-10 21:02,Lana Del Rey,Radio,214573,female vocalists
2025-02-10 21:06,Taylor Swift,The Archer,211240,country
2025-02-10 21:10,Lana Del Rey,Million Dollar Man,230120,female vocalists
2025-02-10 21:13,Taylor Swift,All Of The Girls You Loved Before,221407,country
2025-02-10 21:17,yama,Oz.,194273,Stoner Rock
2025-02-10 21:17,Taylor Swift,Gorgeous,4138,country
2025-02-10 21:21,Coyote Theory,This Side of Paradise,242010,indie
2025-02-10 21:25,Lana Del Rey,Chemtrails Over The Country Club,271176,female vocalists
2025-02-10 21:25,Taylor Swift,The Man,4592,country
2025-02-10 21:29,Taylor Swift,illicit affairs,190898,country
2025-02-10 21:34,Lady Gaga,Die With A Smile,251667,art pop
2025-02-10 21:51,Lana Del Rey,Cinnamon Girl,107243,female vocalists
2025-02-10 21:53,Ophelia Wilde,dark history,133003,Classical
2025-02-10 21:55,Jonas Hain,Seul mais avec toi,72000,instrumental
2025-02-10 21:56,Dennis Korn,King's Chair,110500,chillout
2025-02-10 22:00,Andrea Vanzo,London Rain,208215,composer
2025-02-10 22:02,Imaginary Poet,My Diaries,142191,Classical
2025-02-10 22:05,Yannick Lowack,The Overthinker,161543,
2025-02-10 22:07,Sylkus,Evening Nostalgia,93831,
2025-02-10 22:09,Imaginary Poet,Script Of Time,166866,Classical
2025-02-10 22:11,Yan Springett,Wondrous,105593,Classical
2025-02-10 22:13,Dennis Korn,Journey,94675,chillout
2025-02-10 22:15,Gibran Alcocer,Idea 10,128000,Classical
2025-02-10 22:17,Raban,Passacaglia (Raban's Version),159932,indie
2025-02-11 00:18,Imaginary Poet,Meditation,89776,Classical
2025-02-11 00:30,Olivia Rodrigo,deja vu,16130,pop
2025-02-11 00:34,Chase Atlantic,Friends,230010,rnb
2025-02-11 00:36,d4vd,Romantic Homicide,132630,rnb
2025-02-11 00:41,Chase Atlantic,Meddle About,203886,rnb
2025-02-11 00:58,Cigarettes After Sex,Truly,244110,dream pop
2025-02-11 01:01,Arctic Monkeys,Arabella,207356,indie
2025-02-11 01:05,The Neighbourhood,The Shining,214693,indie
2025-02-11 01:11,Arctic Monkeys,She's Thunderstorms,234920,indie
2025-02-11 01:49,The Neighbourhood,Cherry Flavoured,208453,indie
2025-02-12 18:47,The Neighbourhood,Daddy Issues,39567,indie
2025-02-12 18:47,The Neighbourhood,Daddy Issues,220608,indie
2025-02-12 19:00,Arctic Monkeys,Snap Out Of It,40680,indie
2025-02-12 19:04,Joshua Kyan Aalampour,Enemies to Lovers,225177,Classical
2025-02-12 19:30,Gracie Abrams,"I Love You, I'm Sorry",157146,seen live
2025-02-12 19:43,Imogen Heap,Headlock,203415,female vocalists
2025-02-12 19:46,Gracie Abrams,"I Love You, I'm Sorry",161806,seen live
2025-02-12 19:50,Imogen Heap,Headlock,215338,female vocalists
2025-02-12 19:55,Adele,Skyfall,286480,dangdut
2025-02-12 19:57,Gracie Abrams,That’s So True,166300,seen live
2025-02-12 20:03,Indila,Love Story,316280,french pop
2025-02-12 20:07,Ellie Goulding,My Blood,233448,female vocalists
2025-02-12 20:14,Conan Gray,The Cut That Always Bleeds,231920,seen live
2025-02-12 20:17,Gracie Abrams,"I miss you, I’m sorry",167538,seen live
2025-02-12 20:20,Mitski,My Love Mine All Mine,137773,seen live
2025-02-12 20:25,Saint Avangeline,Lilith,255709,indie
2025-02-12 20:29,Joshua Kyan Aalampour,Enemies to Lovers,225177,Classical
2025-02-12 20:32,Gracie Abrams,"I Love You, I'm Sorry",157146,seen live
2025-02-12 22:55,Imogen Heap,Headlock,10520,female vocalists
2025-02-12 23:26,Imogen Heap,Headlock,39800,female vocalists
2025-02-12 23:30,Adele,Skyfall,286480,dangdut
2025-02-12 23:33,Gracie Abrams,That’s So True,166300,seen live
2025-02-12 23:38,Indila,Love Story,316280,french pop
2025-02-12 23:42,Ellie Goulding,My Blood,234184,female vocalists
2025-02-12 23:46,Conan Gray,The Cut That Always Bleeds,231920,seen live
2025-02-12 23:49,Gracie Abrams,"I miss you, I’m sorry",167538,seen live
2025-02-12 23:59,Mitski,My Love Mine All Mine,137773,seen live
2025-02-13 00:04,Joshua Kyan Aalampour,Enemies to Lovers,31543,Classical
2025-02-13 00:04,Saint Avangeline,Lilith,255709,indie
2025-02-13 00:10,Cigarettes After Sex,John Wayne,258483,dream pop
2025-02-13 00:14,Chase Atlantic,LIKE A ROCKSTAR,208111,rnb
2025-02-13 00:25,Chase Atlantic,Tidal Wave,243670,rnb
2025-02-13 00:27,Cigarettes After Sex,Each Time You Fall in Love,128844,dream pop
2025-02-13 00:35,Ellie Goulding,My Blood,234184,female vocalists
2025-02-13 00:37,Gracie Abrams,That’s So True,166300,seen live
2025-02-13 00:38,Imogen Heap,Headlock,9115,female vocalists
2025-02-13 00:42,Adele,Skyfall,286480,dangdut
2025-02-13 00:48,Indila,Love Story,316280,french pop
2025-02-13 01:31,Mitski,My Love Mine All Mine,137773,seen live
2025-02-13 01:35,Conan Gray,The Cut That Always Bleeds,231920,seen live
2025-02-13 03:32,Gracie Abrams,"I miss you, I’m sorry",112346,seen live
2025-02-17 02:40,Joshua Kyan Aalampour,Enemies to Lovers,1094,Classical
2025-02-17 02:40,Conan Gray,The Cut That Always Bleeds,231920,seen live
2025-02-24 18:40,Doechii,What It Is (Solo Version),147320,rap
2025-02-24 18:46,Indila,Love Story,316280,french pop
2025-02-24 18:48,Gracie Abrams,"I Love You, I'm Sorry",157146,seen live
2025-02-24 18:59,Ellie Goulding,My Blood,234184,female vocalists
2025-02-24 19:02,Gracie Abrams,That’s So True,166300,seen live
2025-02-24 19:06,Adele,Skyfall,286480,dangdut
2025-02-24 19:10,Conan Gray,The Cut That Always Bleeds,231920,seen live
2025-02-24 19:15,Saint Avangeline,Lilith,255709,indie
2025-02-24 19:32,Joshua Kyan Aalampour,Enemies to Lovers,225177,Classical
2025-02-24 19:51,Imogen Heap,Headlock,215338,female vocalists
2025-02-24 19:53,Mitski,My Love Mine All Mine,137773,seen live
2025-02-24 19:56,Gracie Abrams,"I miss you, I’m sorry",167538,seen live
2025-02-24 20:02,Indila,Love Story,316280,french pop
2025-02-24 20:04,Gracie Abrams,"I Love You, I'm Sorry",157146,seen live
2025-02-24 20:04,Ellie Goulding,My Blood,2028,female vocalists
2025-02-24 20:07,Gracie Abrams,That’s So True,166300,seen live
2025-02-24 20:12,Adele,Skyfall,286480,dangdut
2025-02-24 20:16,Conan Gray,The Cut That Always Bleeds,231920,seen live
2025-02-24 20:20,Saint Avangeline,Lilith,255709,indie
2025-02-24 20:25,Joshua Kyan Aalampour,Enemies to Lovers,225177,Classical
2025-02-24 20:26,Imogen Heap,Headlock,6412,female vocalists
2025-02-24 20:28,beabadoobee,Glue Song,135066,bedroom pop
2025-02-24 20:30,Sabrina Carpenter,Looking at Me,103723,pop
2025-02-24 20:38,Dennis Korn,Dancing in a Ballroom,134500,chillout
2025-02-24 20:40,Dennis Korn,Serenade,940,chillout
2025-02-24 20:40,Dennis Korn,Serenade,62833,chillout
2025-02-24 20:40,Dennis Korn,Serenade,1250,chillout
2025-02-24 20:40,Ophelia Wilde,i couldn't help but fall in love,0,Classical
2025-02-24 20:46,Arctic Monkeys,There’d Better Be A Mirrorball,265798,indie
2025-02-24 20:50,The Neighbourhood,Devil's Advocate,186306,indie
2025-02-24 21:03,Beach Weather,"Sex, Drugs, Etc.",196784,indie
2025-02-24 21:06,The Neighbourhood,Void,203666,indie
2025-02-24 21:10,The Neighbourhood,Nervous,245000,indie
2025-02-24 21:14,Chase Atlantic,Falling,223240,rnb
2025-02-24 21:18,Chase Atlantic,EMPTY,230266,rnb
2025-02-25 00:17,Arctic Monkeys,R U Mine?,116807,indie
2025-02-25 00:18,Arctic Monkeys,R U Mine?,84919,indie
2025-02-25 00:22,The Neighbourhood,Sadderdaze,245826,indie
2025-02-25 00:26,The Neighbourhood,Leaving Tonight,203866,indie
2025-02-25 00:29,Cults,Always Forever,183278,indie pop
2025-02-25 00:33,Chase Atlantic,Church,220000,rnb
2025-02-25 00:37,Chase Atlantic,Vibes,216217,rnb
2025-02-25 00:41,The Neighbourhood,W.D.Y.W.F.M?,259413,indie
2025-02-25 01:08,Cigarettes After Sex,Cry,256800,dream pop
2025-02-25 01:12,Hozier,Too Sweet,251424,blues
2025-02-25 01:15,Chase Atlantic,LUST,204106,rnb
2025-02-25 01:20,Cigarettes After Sex,Apocalypse,290146,dream pop
2025-02-25 01:31,Arctic Monkeys,Knee Socks,257563,indie
2025-02-25 01:35,The Neighbourhood,The Beach,255133,indie
2025-02-25 01:39,The Neighbourhood,Afraid,251186,indie
2025-02-25 01:41,d4vd,Romantic Homicide,132630,rnb
2025-02-25 01:45,Arctic Monkeys,Snap Out Of It,193030,indie
2025-02-25 01:53,Chase Atlantic,ESCORT,218823,rnb
2025-02-25 06:12,The Neighbourhood,Female Robbery,193213,indie
2025-02-25 20:02,The Neighbourhood,Female Robbery,16560,indie
2025-02-25 20:05,Chase Atlantic,DIE FOR ME,206815,rnb
2025-02-25 20:09,Chase Atlantic,Swim,228786,rnb
2025-02-25 20:18,Chase Atlantic,HER,169720,rnb
2025-02-25 20:29,Djo,End of Beginning,57449,psychedelic pop
2025-02-25 20:38,The Neighbourhood,Daddy Issues,260173,indie
2025-02-25 20:43,Margaux Beylier,Northern Italy,177976,
2025-02-25 20:52,5 Seconds of Summer,Lover Of Mine,206973,pop rock
2025-02-25 20:56,Jaymes Young,I'll Be Good,247346,indie
2025-02-25 21:00,Luke Hemmings,Repeat,212837,5 Seconds of Summer
2025-02-25 21:04,Conan Gray,Greek God,236746,seen live
2025-02-25 21:08,RENAISSANCE,Northern Lights,247200,Progressive rock
2025-02-25 21:11,Françoise Hardy,Tous les garçons et les filles - Stereo Mix,187746,chanson
2025-02-25 21:15,Hozier,Jackie and Wilson,223120,blues
2025-02-25 21:31,Simon & Garfunkel,Bridge Over Troubled Water,225778,folk rock
2025-02-25 21:36,Chase Atlantic,HEAVEN AND BACK,248240,rnb
2025-02-25 21:39,ELIO,hurts 2 hate somebody (with Chase Atlantic & No Rome),186665,choral
2025-02-25 21:43,Arctic Monkeys,No. 1 Party Anthem,243131,indie
2025-02-25 21:48,Arctic Monkeys,There’d Better Be A Mirrorball,265798,indie
2025-02-25 22:39,Chase Atlantic,Into It,196767,rnb
2025-02-25 22:47,Chase Atlantic,Paradise,256453,rnb
2025-02-25 22:52,Chase Atlantic,Numb to the Feeling,227586,rnb
2025-02-25 22:54,Arctic Monkeys,Baby I'm Yours,152613,indie
2025-02-25 23:20,The Neighbourhood,Cherry Flavoured,208453,indie
2025-02-25 23:27,The Neighbourhood,Baby Came Home,226880,indie
2025-02-26 00:30,Cigarettes After Sex,Opera House,364680,dream pop
2025-02-26 00:33,Chase Atlantic,MAMACITA,202931,rnb
2025-02-26 00:35,David Kushner,Daylight,87905,indie
2025-02-26 00:35,The Neighbourhood,Cry Baby,6110,indie
2025-02-26 00:38,Taylor Swift,Midnight Rain,174782,country
2025-02-26 00:47,Laufey,From The Start,169573,jazz
2025-02-26 00:58,Taylor Swift,I Can See You (Taylor’s Version) (From The Vault),273186,country
2025-02-26 01:02,Gracie Abrams,Close To You,225973,seen live
2025-02-26 01:13,Lana Del Rey,Sad Girl,94044,female vocalists
2025-02-26 01:16,Gracie Abrams,That’s So True,194540,seen live
2025-02-26 01:18,Gracie Abrams,"I miss you, I’m sorry",92689,seen live
2025-02-26 01:26,Adele,Skyfall,286480,dangdut
2025-02-26 01:28,Gracie Abrams,"I Love You, I'm Sorry",157146,seen live
2025-02-26 01:31,Mitski,My Love Mine All Mine,137773,seen live
2025-02-26 01:35,Conan Gray,The Cut That Always Bleeds,231920,seen live
2025-02-26 01:38,ECLIPSE,Sudden Shower,233031,soundtrack
2025-02-26 01:42,Ellie Goulding,My Blood,234184,female vocalists
2025-02-26 01:45,Gracie Abrams,That’s So True,166300,seen live
2025-02-26 02:10,Joshua Kyan Aalampour,Enemies to Lovers,225177,Classical
2025-02-26 02:15,Saint Avangeline,Lilith,255709,indie
2025-02-26 02:25,Indila,Love Story,316280,french pop
2025-02-26 08:11,Gracie Abrams,"I miss you, I’m sorry",151835,seen live
2025-02-26 19:13,BØRNS,Electric Love,174600,pop
2025-02-26 19:13,Taylor Swift,Bejeweled,37000,country
2025-02-26 19:16,Taylor Swift,"""Slut!"" (Taylor's Version) (From The Vault)",180381,country
2025-02-26 19:21,Lana Del Rey,Ultraviolence,251480,female vocalists
2025-02-26 19:25,Gwen Stefani,Luxurious,264920,pop
2025-02-26 19:43,beabadoobee,A Night To Remember,171688,bedroom pop
2025-02-26 19:45,Imogen Heap,Headlock,89650,female vocalists
2025-02-26 19:49,Billie Eilish,WILDFLOWER,261466,pop
2025-02-26 19:52,Billie Eilish,BIRDS OF A FEATHER,210373,pop
2025-02-26 19:55,Mitski,My Love Mine All Mine,137773,seen live
2025-02-26 19:59,Adele,Skyfall,286480,dangdut
2025-02-26 20:02,Gracie Abrams,"I Love You, I'm Sorry",157146,seen live
2025-02-26 20:09,Ellie Goulding,My Blood,234184,female vocalists
2025-02-26 20:23,Indila,Love Story,316280,french pop
2025-02-26 20:27,Joshua Kyan Aalampour,Enemies to Lovers,225177,Classical
2025-02-26 20:30,Gracie Abrams,"I miss you, I’m sorry",167538,seen live
2025-02-26 20:31,Saint Avangeline,Lilith,38913,indie
2025-02-26 20:31,Gracie Abrams,That’s So True,1200,seen live
2025-02-26 20:34,Conan Gray,The Cut That Always Bleeds,231920,seen live
2025-02-26 20:37,Billie Eilish,WILDFLOWER,129064,pop
2025-02-26 23:39,Christina Aguilera,Genie In a Bottle,217573,pop
2025-02-26 23:43,The Weeknd,"One Of The Girls (with JENNIE, Lily Rose Depp)",244684,rnb
2025-02-26 23:44,Taylor Swift,Karma,5010,country
2025-02-26 23:44,Lukas Graham,Love Someone,64692,pop
2025-02-26 23:45,The Weeknd,Save Your Tears,15030,rnb
2025-02-26 23:48,KANA-BOON,スターマーカー (Album Mix),213640,anime
2025-02-26 23:53,Akari Kito,Tiny Light,290813,anime
2025-02-26 23:57,TK from Ling tosite sigure,unravel,238360,anime
2025-02-27 00:01,Mrs. GREEN APPLE,インフェルノ,212546,j-pop
2025-02-27 00:06,LiSA,crossing field,248946,k-pop
2025-02-27 00:11,Yoshiki,Red Swan,263720,anime
2025-02-27 00:11,Linked Horizon,Shinzo wo Sasageyo !,8803,anime
2025-02-27 00:15,UVERworld,CORE PRIDE,258693,anime
2025-02-27 00:28,Nightmare,the WORLD,233200,trip hop
2025-02-27 18:29,amazarashi,空に歌えば,194516,anime
2025-02-27 18:30,amazarashi,空に歌えば,30636,anime
2025-02-27 18:55,Tokyo Anniversary,Again (From Fullmetal Alchemist),242632,vocaloid
2025-02-27 19:14,Aimer,Sailing,235551,anime
2025-02-27 19:18,Chase Atlantic,Right Here,235000,rnb
2025-02-27 19:24,Cigarettes After Sex,Stop Waiting,362973,dream pop
2025-02-27 19:28,The Neighbourhood,Softcore,206280,indie
2025-02-27 19:32,Chase Atlantic,Drugs & Money - New Mix,239921,rnb
2025-02-27 19:46,The Neighbourhood,Scary Love,222666,indie
2025-02-27 19:52,Cigarettes After Sex,Each Time You Fall in Love,290160,dream pop
2025-02-27 19:56,Arctic Monkeys,Arabella,207356,indie
2025-02-27 19:58,Cigarettes After Sex,John Wayne,23801,dream pop
2025-02-27 20:02,Arctic Monkeys,Do I Wanna Know?,272394,indie
2025-02-27 20:06,Chase Atlantic,Friends,230010,rnb
2025-02-27 22:23,Hozier,Too Sweet,251424,blues
2025-02-27 22:26,The Neighbourhood,Compass,167960,indie
2025-02-27 22:28,Arctic Monkeys,505,129341,indie
2025-02-27 22:31,Justin Bieber,Intentions,212868,pop
2025-02-27 22:36,Imogen Heap,Headlock,215338,female vocalists
2025-02-27 22:41,Ariana Grande,34+35,173710,pop
2025-02-27 22:44,Bruno Mars,Talking to the Moon,217866,pop
2025-02-27 23:11,Howard Harper-Barnes,The English Affair,6960,instrumental
2025-02-27 23:11,The Irrepressibles,In This Shirt,12868,chamber pop
2025-02-27 23:11,Bruno Mars,Marry You,8215,pop
2025-02-27 23:11,Shawn Mendes,In My Blood,211360,pop
2025-02-27 23:16,Ruelle,Game Of Survival,178566,pop
2025-02-27 23:17,Digital Daggers,The Devil Within,67673,indie
2025-02-27 23:17,Adele,Skyfall,6900,dangdut
2025-02-27 23:21,mikeeysmind,VVV,227612,trap
2025-02-27 23:22,James Bay,Let It Go,2750,folk
2025-02-27 23:22,Alec Benjamin,Let Me Down Slowly,1450,pop
2025-02-27 23:22,Metro Boomin,Creepin' (with The Weeknd & 21 Savage),17807,trap
2025-02-27 23:22,Jung Seung Hwan,Day & Night,3570,k-ballad
2025-02-27 23:25,Nicki Minaj,Good Form,199400,Hip-Hop
2025-02-27 23:39,The Weeknd,Starboy,230453,rnb
2025-02-28 00:02,The Neighbourhood,Reflections,244013,indie
2025-02-28 00:36,Britney Spears,Criminal,49973,pop
