timestamp,artist_history,track_history,duration_ms_history,join_key,Unnamed: 0,artist_kaggle,track_kaggle,track_id,popularity,year,genre,danceability,energy,key,loudness,mode,speechiness,acousticness,instrumentalness,liveness,valence,tempo,duration_ms_kaggle,time_signature
2024-02-10 08:27,The Neighbourhood,Sweater Weather,2560,the neighbourhood - sweater weather,1800,The Neighbourhood,Sweater Weather,4pGqFOfzvfe6avb9kbZicC,60,2012,alt-rock,0.695,0.615,7,-5.325,0,0.042,0.15,0.000212,0.0879,0.414,124.015,240040,4
2024-02-29 04:31,Arctic Monkeys,Brianstorm,10016,arctic monkeys - brianstorm,1145384,Arctic Monkeys,Brianstorm,5rTIpPWeO0IL4HWlGWrz5G,58,2007,garage,0.421,0.98,1,-4.229,1,0.212,8.39e-05,0.00125,0.237,0.435,165.193,170253,4
2024-02-29 12:21,grentperez,Cherry Wine,112917,grentperez - cherry wine,483665,grentperez,Cherry Wine,5o5WaO9pzPhXSGIrTIYVce,71,2021,chill,0.74,0.563,11,-7.016,0,0.04,0.34,0.0,0.0824,0.577,104.958,173286,4
2024-03-01 21:23,grentperez,Cherry Wine,60377,grentperez - cherry wine,483665,grentperez,Cherry Wine,5o5WaO9pzPhXSGIrTIYVce,71,2021,chill,0.74,0.563,11,-7.016,0,0.04,0.34,0.0,0.0824,0.577,104.958,173286,4
2024-03-01 21:44,Queen,Good Old-Fashioned Lover Boy - Remastered 2011,1230,queen - good old-fashioned lover boy - remastered 2011,150271,Queen,Good Old-Fashioned Lover Boy - Remastered 2011,5GQUVjaja81SDqQC6TuFdd,36,2014,rock,0.535,0.469,3,-6.754,1,0.0313,0.578,0.0,0.0855,0.434,96.779,173053,4
2024-03-01 21:44,Conan Gray,Heather,22970,conan gray - heather,461994,Conan Gray,Heather,4xqrdfXkTW4T0RauPLv3WA,85,2020,pop,0.357,0.425,5,-7.301,1,0.0333,0.584,0.0,0.322,0.27,102.078,198040,3
2024-03-01 21:48,Chase Atlantic,Right Here,231625,chase atlantic - right here,293542,Chase Atlantic,Right Here,2KtS31kaWNHs12Q5B43Ixh,70,2017,pop,0.351,0.587,6,-6.413,1,0.0413,0.00516,1.87e-05,0.121,0.221,159.881,235000,4
2024-03-01 21:52,Arctic Monkeys,505,253586,arctic monkeys - 505,1145378,Arctic Monkeys,505,58ge6dfP91o9oXMzq3XkIS,80,2007,garage,0.52,0.852,0,-5.866,1,0.0543,0.00237,5.79e-05,0.0733,0.234,140.267,253587,4
2024-03-01 21:56,Cults,Always Forever,223746,cults - always forever,87537,Cults,Always Forever,2enPRFda84VE2wtI8c86Uf,78,2013,indie-pop,0.174,0.742,8,-5.93,1,0.0485,0.00181,0.281,0.198,0.36,163.378,223747,4
2024-03-01 22:01,Arctic Monkeys,Do I Wanna Know?,272394,arctic monkeys - do i wanna know?,77593,Arctic Monkeys,Do I Wanna Know?,5FVd6KXrgO9B3JPmC8OPst,86,2013,garage,0.548,0.532,5,-7.596,1,0.0323,0.186,0.000263,0.217,0.405,85.03,272394,4
2024-03-01 22:10,The Neighbourhood,The Beach,255133,the neighbourhood - the beach,162917,The Neighbourhood,The Beach,2u0CelO5c81XS7z3dGpHbS,75,2015,alt-rock,0.245,0.64,2,-7.426,0,0.0608,0.131,8.11e-06,0.0766,0.105,135.739,255133,4
2024-03-02 01:20,d4vd,Romantic Homicide,132630,d4vd - romantic homicide,569185,d4vd,Romantic Homicide,1xK59OXxi2TAAAbmZK0kBL,90,2022,pop,0.571,0.544,6,-10.613,1,0.0299,0.453,0.00805,0.322,0.216,132.052,132631,4
2024-03-02 01:32,The Neighbourhood,Cry Baby,235160,the neighbourhood - cry baby,162920,The Neighbourhood,Cry Baby,0EfsDEYaSjGYd66Pr881nq,73,2015,alt-rock,0.581,0.656,4,-4.891,0,0.0294,0.00269,2.78e-06,0.101,0.338,108.033,235160,4
2024-03-02 02:14,Arctic Monkeys,Stop The World I Wanna Get Off With You,36026,arctic monkeys - stop the world i wanna get off with you,77598,Arctic Monkeys,Stop The World I Wanna Get Off With You,2QUlMbvD9bL8wHqfsoqoet,69,2013,garage,0.661,0.73,6,-6.779,0,0.0574,0.0537,3.44e-05,0.14,0.53,95.027,191040,4
2024-03-02 02:18,Chase Atlantic,The Walls,229840,chase atlantic - the walls,293625,Chase Atlantic,The Walls,5pXui9rkf5W90DgZobuDiK,62,2017,pop,0.357,0.704,0,-6.925,0,0.0828,0.326,1.54e-06,0.124,0.225,144.172,229840,4
2024-03-02 03:58,The Neighbourhood,Sadderdaze,186960,the neighbourhood - sadderdaze,311120,The Neighbourhood,Sadderdaze,7sIYHDxjteT6RY29gAGzP2,57,2018,alt-rock,0.414,0.527,4,-4.749,0,0.0287,0.00971,5.05e-05,0.145,0.306,120.009,245827,4
2024-03-02 06:17,Chase Atlantic,Right Here,235000,chase atlantic - right here,293542,Chase Atlantic,Right Here,2KtS31kaWNHs12Q5B43Ixh,70,2017,pop,0.351,0.587,6,-6.413,1,0.0413,0.00516,1.87e-05,0.121,0.221,159.881,235000,4
2024-03-02 06:21,Chase Atlantic,Meddle About,203886,chase atlantic - meddle about,197593,Chase Atlantic,Meddle About,1x5gfSHfhWpMFKKqbuDe9G,68,2015,pop,0.387,0.797,4,-6.41,0,0.052,0.00404,0.0108,0.314,0.369,159.897,203886,4
2024-03-02 06:29,Chase Atlantic,LUST,204106,chase atlantic - lust,406673,Chase Atlantic,LUST,51t7nQOI35g07O0z4fflO1,57,2019,pop,0.641,0.755,4,-6.274,1,0.244,0.018,0.000443,0.159,0.477,131.954,204107,4
2024-03-02 06:33,Cigarettes After Sex,Each Time You Fall in Love,290630,cigarettes after sex - each time you fall in love,255751,Cigarettes After Sex,Each Time You Fall In Love,6YbqjyoqQx9p13IndkOzeP,63,2017,ambient,0.383,0.534,10,-8.829,1,0.0277,0.468,0.676,0.14,0.276,76.046,290160,4
2024-03-02 06:38,Cults,Always Forever,223746,cults - always forever,87537,Cults,Always Forever,2enPRFda84VE2wtI8c86Uf,78,2013,indie-pop,0.174,0.742,8,-5.93,1,0.0485,0.00181,0.281,0.198,0.36,163.378,223747,4
2024-03-02 06:41,Arctic Monkeys,Arabella,207356,arctic monkeys - arabella,77595,Arctic Monkeys,Arabella,7nzsY8vlnKdvGOEE0rjAXZ,76,2013,garage,0.579,0.558,2,-6.986,1,0.0895,0.0202,1.26e-06,0.212,0.506,179.949,207357,4
2024-03-02 06:46,Chase Atlantic,The Walls,229840,chase atlantic - the walls,293625,Chase Atlantic,The Walls,5pXui9rkf5W90DgZobuDiK,62,2017,pop,0.357,0.704,0,-6.925,0,0.0828,0.326,1.54e-06,0.124,0.225,144.172,229840,4
2024-03-02 06:50,Arctic Monkeys,Snap Out Of It,193030,arctic monkeys - snap out of it,77594,Arctic Monkeys,Snap Out Of It,0NdTUS4UiNYCNn5FgVqKQY,78,2013,garage,0.728,0.638,5,-6.455,0,0.0336,0.249,0.0,0.116,0.872,130.014,193030,4
2024-03-02 07:11,Chase Atlantic,HEAVEN AND BACK,248240,chase atlantic - heaven and back,406526,Chase Atlantic,HEAVEN AND BACK,5dewQ7ojISR32NAYNHFYWC,66,2019,pop,0.309,0.793,10,-6.195,0,0.0774,0.0902,0.092,0.0888,0.532,193.714,248240,4
2024-03-02 07:15,Cigarettes After Sex,Truly,244110,cigarettes after sex - truly,255760,Cigarettes After Sex,Truly,6qwEx0TQJMEqvQdN8hRZDx,57,2017,ambient,0.44,0.387,4,-9.792,1,0.0279,0.148,0.559,0.0844,0.267,96.556,243640,4
2024-03-02 07:22,Cigarettes After Sex,Opera House,365150,cigarettes after sex - opera house,255753,Cigarettes After Sex,Opera House,0syIc2ocYBIKASFqifvwRz,63,2017,ambient,0.319,0.293,5,-14.145,1,0.0378,0.734,0.85,0.0971,0.0689,115.481,364680,4
2024-03-02 07:25,The Neighbourhood,You Get Me So High,153000,the neighbourhood - you get me so high,311043,The Neighbourhood,You Get Me So High,7zwn1eykZtZ5LODrf7c0tS,81,2018,alt-rock,0.551,0.881,7,-6.099,0,0.0542,0.186,0.0791,0.152,0.387,88.036,153000,4
2024-03-02 07:30,Cigarettes After Sex,K.,320030,cigarettes after sex - k.,215605,Cigarettes After Sex,K.,36Zs84njjWZD3TGYE77WPC,47,2016,ambient,0.454,0.404,3,-10.26,1,0.027,0.146,0.819,0.141,0.313,94.113,319560,4
2024-03-02 07:35,The Neighbourhood,Reflections,244013,the neighbourhood - reflections,311045,The Neighbourhood,Reflections,2xql0pid3EUwW38AsywxhV,77,2018,alt-rock,0.648,0.594,11,-7.027,0,0.0293,0.114,0.0462,0.116,0.544,113.983,244013,4
2024-03-02 08:18,Arctic Monkeys,Cornerstone,140825,arctic monkeys - cornerstone,1286929,Arctic Monkeys,Cornerstone,3MC4XRbQADJdW9IIIwbe2u,53,2009,garage,0.287,0.721,9,-5.81,1,0.0387,0.00764,0.0,0.328,0.763,169.252,197973,4
2024-03-02 08:26,The Neighbourhood,Prey,260300,the neighbourhood - prey,162945,The Neighbourhood,Prey,38kjFXYgPvtuXCPbHPMGte,63,2015,alt-rock,0.517,0.779,9,-5.005,0,0.0477,0.0258,0.0,0.0622,0.197,115.206,282640,4
2024-03-03 00:36,The Neighbourhood,Prey,22587,the neighbourhood - prey,162945,The Neighbourhood,Prey,38kjFXYgPvtuXCPbHPMGte,63,2015,alt-rock,0.517,0.779,9,-5.005,0,0.0477,0.0258,0.0,0.0622,0.197,115.206,282640,4
2024-03-03 00:41,Cigarettes After Sex,Pure,254626,cigarettes after sex - pure,368590,Cigarettes After Sex,Pure,5EYkide3NzE6gDIHvd4Pvz,53,2019,ambient,0.521,0.211,6,-13.489,0,0.0324,0.544,0.836,0.101,0.0412,134.285,254627,3
2024-03-03 05:28,The Neighbourhood,The Beach,255133,the neighbourhood - the beach,162917,The Neighbourhood,The Beach,2u0CelO5c81XS7z3dGpHbS,75,2015,alt-rock,0.245,0.64,2,-7.426,0,0.0608,0.131,8.11e-06,0.0766,0.105,135.739,255133,4
2024-03-03 05:32,Cigarettes After Sex,Starry Eyes,206000,cigarettes after sex - starry eyes,2728,Cigarettes After Sex,Starry Eyes,2xfRDWDKOisEXgRnYI58Tb,59,2012,ambient,0.425,0.363,2,-15.32,1,0.0322,0.448,0.321,0.0685,0.12,100.426,206000,4
2024-03-03 05:36,The Neighbourhood,W.D.Y.W.F.M?,259413,the neighbourhood - w.d.y.w.f.m?,56407,The Neighbourhood,W.D.Y.W.F.M?,3vooOYHU0Fi3ViCG7Ozh0Y,65,2013,alt-rock,0.557,0.845,8,-2.926,0,0.0346,0.0303,0.00851,0.354,0.508,123.997,259413,4
2024-03-03 05:41,Cigarettes After Sex,Apocalypse,290616,cigarettes after sex - apocalypse,255746,Cigarettes After Sex,Apocalypse,3AVrVz5rK8Hrqo9YGiVGN5,81,2017,ambient,0.369,0.467,5,-9.018,1,0.0274,0.0194,0.46,0.109,0.174,94.473,290147,4
2024-03-03 05:46,The Neighbourhood,Daddy Issues,260173,the neighbourhood - daddy issues,162916,The Neighbourhood,Daddy Issues,5E30LdtzQTGqRvNd7l6kG5,84,2015,alt-rock,0.588,0.521,10,-9.461,1,0.0329,0.0678,0.149,0.123,0.337,85.012,260173,4
2024-03-03 05:50,Chase Atlantic,Drugs & Money - New Mix,239921,chase atlantic - drugs & money - new mix,293587,Chase Atlantic,Drugs & Money - New Mix,4SRyrhBJ5mq8fEa3bsdZn6,65,2017,pop,0.629,0.735,11,-4.826,1,0.0599,0.2,0.0,0.243,0.477,123.996,239922,4
2024-03-03 05:55,The Neighbourhood,Alleyways,267853,the neighbourhood - alleyways,56435,The Neighbourhood,Alleyways,4V37tyDu9CtqYshvrgLke4,59,2013,alt-rock,0.622,0.831,5,-4.819,0,0.0273,0.00102,0.803,0.119,0.363,101.03,267853,4
2024-03-03 06:00,Chase Atlantic,Numb to the Feeling,227586,chase atlantic - numb to the feeling,350308,Chase Atlantic,Numb to the Feeling,102cCjW3CnC3sws3qOhie8,63,2018,pop,0.695,0.737,5,-5.75,0,0.122,0.232,0.0,0.136,0.248,129.999,227587,4
2024-03-03 06:04,Arctic Monkeys,Knee Socks,257563,arctic monkeys - knee socks,77596,Arctic Monkeys,Knee Socks,2LGdO5MtFdyphi2EihANZG,74,2013,garage,0.665,0.542,11,-8.323,0,0.033,0.123,0.00291,0.342,0.587,97.975,257563,4
2024-03-03 06:08,Chase Atlantic,Into It,196767,chase atlantic - into it,293490,Chase Atlantic,Into It,4HwDCXsMBC7SUdp2WT4MZP,77,2017,pop,0.518,0.572,10,-6.706,0,0.0416,0.0503,2.41e-05,0.129,0.291,130.053,196767,4
2024-03-03 06:12,The Neighbourhood,Sweater Weather,240400,the neighbourhood - sweater weather,1800,The Neighbourhood,Sweater Weather,4pGqFOfzvfe6avb9kbZicC,60,2012,alt-rock,0.695,0.615,7,-5.325,0,0.042,0.15,0.000212,0.0879,0.414,124.015,240040,4
2024-03-03 06:16,Chase Atlantic,LIKE A ROCKSTAR,208111,chase atlantic - like a rockstar,406638,Chase Atlantic,LIKE A ROCKSTAR,1e5Zf1EU0TAitK207VOUY7,59,2019,pop,0.58,0.611,8,-6.33,0,0.0646,0.331,0.0,0.0982,0.463,81.55,208112,4
2024-03-03 06:21,Arctic Monkeys,Do I Wanna Know?,272394,arctic monkeys - do i wanna know?,77593,Arctic Monkeys,Do I Wanna Know?,5FVd6KXrgO9B3JPmC8OPst,86,2013,garage,0.548,0.532,5,-7.596,1,0.0323,0.186,0.000263,0.217,0.405,85.03,272394,4
2024-03-03 06:30,Chase Atlantic,Tidal Wave,243706,chase atlantic - tidal wave,350373,Chase Atlantic,Tidal Wave,2b2lL6iY3x1CSOv7QQbp8R,60,2018,pop,0.599,0.609,4,-5.14,1,0.052,0.565,2.11e-05,0.137,0.383,123.967,243707,4
2024-03-03 06:34,Arctic Monkeys,She's Thunderstorms,234920,arctic monkeys - she's thunderstorms,1428149,Arctic Monkeys,She's Thunderstorms,5qm8ISXOho1EvFj6e4f4bG,46,2011,garage,0.505,0.898,7,-4.906,1,0.0329,0.000518,0.00236,0.173,0.731,118.929,234920,4
2024-03-03 06:37,Arctic Monkeys,Stop The World I Wanna Get Off With You,191040,arctic monkeys - stop the world i wanna get off with you,77598,Arctic Monkeys,Stop The World I Wanna Get Off With You,2QUlMbvD9bL8wHqfsoqoet,69,2013,garage,0.661,0.73,6,-6.779,0,0.0574,0.0537,3.44e-05,0.14,0.53,95.027,191040,4
2024-03-03 06:41,The Neighbourhood,Softcore,206280,the neighbourhood - softcore,311042,The Neighbourhood,Softcore,2K7xn816oNHJZ0aVqdQsha,84,2018,alt-rock,0.575,0.568,9,-5.509,0,0.03,0.0484,0.000417,0.286,0.37,93.986,206280,4
2024-03-03 06:48,Chase Atlantic,HER,169720,chase atlantic - her,406529,Chase Atlantic,HER,5i7g9wTIruXgWKvA83BXlk,64,2019,pop,0.706,0.586,5,-5.404,0,0.066,0.106,5.43e-06,0.169,0.689,139.984,169714,4
2024-03-03 06:53,Cigarettes After Sex,You're the Only Good Thing In My Life,275186,cigarettes after sex - you're the only good thing in my life,368583,Cigarettes After Sex,You're the Only Good Thing in My Life,69BeOEL0DFLwA3WplXJxX5,59,2019,ambient,0.462,0.288,5,-11.199,1,0.0288,0.781,0.756,0.131,0.0589,130.164,275187,4
2024-03-03 06:57,Arctic Monkeys,I Wanna Be Yours,183956,arctic monkeys - i wanna be yours,77591,Arctic Monkeys,I Wanna Be Yours,5XeFesFbtLpXzIVDNQP22n,91,2013,garage,0.464,0.417,0,-9.345,0,0.0256,0.136,0.022,0.0974,0.479,67.528,183956,4
2024-03-03 07:00,The Neighbourhood,Fallen Star,224938,the neighbourhood - fallen star,478403,The Neighbourhood,Fallen Star,60F6pgM6H6miNr5AmjxwjL,68,2021,alt-rock,0.603,0.551,10,-6.259,0,0.0304,0.0696,0.0976,0.192,0.439,75.001,224939,4
2024-03-03 07:01,Arctic Monkeys,R U Mine?,22150,arctic monkeys - r u mine?,23776,Arctic Monkeys,R U Mine?,6XnNiyYTxhxuC0zpP22M7C,34,2012,garage,0.52,0.785,6,-4.765,0,0.0329,0.0468,0.0,0.698,0.679,96.996,200188,4
2024-03-03 07:05,The Neighbourhood,Afraid,251186,the neighbourhood - afraid,56398,The Neighbourhood,Afraid,7brQHA2CgQpcMBiOlfiXYb,74,2013,alt-rock,0.464,0.701,6,-5.693,0,0.0411,0.00892,0.309,0.335,0.356,83.996,251187,4
2024-03-03 07:09,Chase Atlantic,OHMAMI,226835,chase atlantic - ohmami,515742,Chase Atlantic,OHMAMI,2zVaxB54fNngkbWs5uZnla,66,2021,pop,0.625,0.717,10,-5.796,0,0.121,0.0476,8.73e-05,0.277,0.398,126.004,226835,4
2024-03-03 07:12,The Neighbourhood,You Get Me So High,153000,the neighbourhood - you get me so high,311043,The Neighbourhood,You Get Me So High,7zwn1eykZtZ5LODrf7c0tS,81,2018,alt-rock,0.551,0.881,7,-6.099,0,0.0542,0.186,0.0791,0.152,0.387,88.036,153000,4
2024-03-03 07:16,Chase Atlantic,Swim,228786,chase atlantic - swim,293479,Chase Atlantic,Swim,3M0lSi5WW79CXQamgSBIjx,80,2017,pop,0.666,0.542,8,-6.429,1,0.0392,0.27,0.0,0.0765,0.0771,120.134,228787,4
2024-03-03 07:19,Djo,End of Beginning,159245,djo - end of beginning,569335,Djo,End of Beginning,3qhlB30KknSejmIvZZLjOD,66,2022,pop,0.689,0.454,2,-7.643,1,0.0584,0.0351,0.00259,0.0707,0.912,159.982,159246,4
2024-03-03 07:21,d4vd,Romantic Homicide,7625,d4vd - romantic homicide,569185,d4vd,Romantic Homicide,1xK59OXxi2TAAAbmZK0kBL,90,2022,pop,0.571,0.544,6,-10.613,1,0.0299,0.453,0.00805,0.322,0.216,132.052,132631,4
2024-03-03 07:26,The Neighbourhood,Prey,282640,the neighbourhood - prey,162945,The Neighbourhood,Prey,38kjFXYgPvtuXCPbHPMGte,63,2015,alt-rock,0.517,0.779,9,-5.005,0,0.0477,0.0258,0.0,0.0622,0.197,115.206,282640,4
2024-03-03 07:30,Chase Atlantic,OHMAMI,226835,chase atlantic - ohmami,515742,Chase Atlantic,OHMAMI,2zVaxB54fNngkbWs5uZnla,66,2021,pop,0.625,0.717,10,-5.796,0,0.121,0.0476,8.73e-05,0.277,0.398,126.004,226835,4
2024-03-03 07:35,Cigarettes After Sex,Heavenly,286773,cigarettes after sex - heavenly,368576,Cigarettes After Sex,Heavenly,1Bh0UzthW8pKEnYg7v40Oa,69,2019,ambient,0.539,0.431,8,-9.298,1,0.0249,0.628,0.653,0.11,0.122,105.156,288595,4
2024-03-03 07:41,Cigarettes After Sex,K.,320030,cigarettes after sex - k.,215605,Cigarettes After Sex,K.,36Zs84njjWZD3TGYE77WPC,47,2016,ambient,0.454,0.404,3,-10.26,1,0.027,0.146,0.819,0.141,0.313,94.113,319560,4
2024-03-04 05:07,Arctic Monkeys,505,253586,arctic monkeys - 505,1145378,Arctic Monkeys,505,58ge6dfP91o9oXMzq3XkIS,80,2007,garage,0.52,0.852,0,-5.866,1,0.0543,0.00237,5.79e-05,0.0733,0.234,140.267,253587,4
2024-03-04 05:11,The Neighbourhood,Alleyways,267853,the neighbourhood - alleyways,56435,The Neighbourhood,Alleyways,4V37tyDu9CtqYshvrgLke4,59,2013,alt-rock,0.622,0.831,5,-4.819,0,0.0273,0.00102,0.803,0.119,0.363,101.03,267853,4
2024-03-04 05:14,Arctic Monkeys,Baby I'm Yours,152613,arctic monkeys - baby i'm yours,1076412,Arctic Monkeys,Baby I'm Yours,6FLqFu1ApSkUddZ9P4H6Io,58,2006,garage,0.462,0.595,2,-9.363,1,0.0347,0.215,0.0,0.184,0.64,113.719,152613,4
2024-03-04 05:18,Cigarettes After Sex,Sunsetz,215150,cigarettes after sex - sunsetz,255747,Cigarettes After Sex,Sunsetz,69UqtTHfUKAJweQwEStRzC,77,2017,ambient,0.412,0.477,9,-9.381,0,0.029,0.0542,0.798,0.0975,0.141,75.302,214680,4
2024-03-04 05:23,Cigarettes After Sex,Apocalypse,290616,cigarettes after sex - apocalypse,255746,Cigarettes After Sex,Apocalypse,3AVrVz5rK8Hrqo9YGiVGN5,81,2017,ambient,0.369,0.467,5,-9.018,1,0.0274,0.0194,0.46,0.109,0.174,94.473,290147,4
2024-03-04 05:32,The Neighbourhood,Sadderdaze,245826,the neighbourhood - sadderdaze,311120,The Neighbourhood,Sadderdaze,7sIYHDxjteT6RY29gAGzP2,57,2018,alt-rock,0.414,0.527,4,-4.749,0,0.0287,0.00971,5.05e-05,0.145,0.306,120.009,245827,4
2024-03-04 05:36,The Neighbourhood,Daddy Issues,260173,the neighbourhood - daddy issues,162916,The Neighbourhood,Daddy Issues,5E30LdtzQTGqRvNd7l6kG5,84,2015,alt-rock,0.588,0.521,10,-9.461,1,0.0329,0.0678,0.149,0.123,0.337,85.012,260173,4
2024-03-04 05:45,Cigarettes After Sex,Kiss It Off Me,269933,cigarettes after sex - kiss it off me,368580,Cigarettes After Sex,Kiss It Off Me,1Mhf6QIO0UuVr2ZvQPgymt,62,2019,ambient,0.521,0.298,4,-12.471,1,0.0258,0.753,0.496,0.111,0.235,80.259,269933,4
2024-03-04 06:49,James Arthur,Car's Outside,248373,james arthur - car's outside,406437,James Arthur,Car's Outside,0otRX6Z89qKkHkQ9OqJpKt,81,2019,pop,0.338,0.562,9,-7.181,1,0.029,0.039,0.0,0.107,0.259,149.907,248373,4
2024-03-04 06:53,The Neighbourhood,Female Robbery,209520,the neighbourhood - female robbery,2046,The Neighbourhood,Female Robbery,7e8bQb1csn5WvpOc4b5PJg,40,2012,alt-rock,0.403,0.888,7,-3.382,0,0.0413,0.056,0.00161,0.0682,0.391,176.483,206813,4
2024-03-04 06:57,Arctic Monkeys,Cornerstone,197973,arctic monkeys - cornerstone,1286929,Arctic Monkeys,Cornerstone,3MC4XRbQADJdW9IIIwbe2u,53,2009,garage,0.287,0.721,9,-5.81,1,0.0387,0.00764,0.0,0.328,0.763,169.252,197973,4
2024-03-04 06:59,Arctic Monkeys,Brianstorm,170253,arctic monkeys - brianstorm,1145384,Arctic Monkeys,Brianstorm,5rTIpPWeO0IL4HWlGWrz5G,58,2007,garage,0.421,0.98,1,-4.229,1,0.212,8.39e-05,0.00125,0.237,0.435,165.193,170253,4
2024-03-04 07:03,The Neighbourhood,You Get Me So High,153000,the neighbourhood - you get me so high,311043,The Neighbourhood,You Get Me So High,7zwn1eykZtZ5LODrf7c0tS,81,2018,alt-rock,0.551,0.881,7,-6.099,0,0.0542,0.186,0.0791,0.152,0.387,88.036,153000,4
2024-03-04 07:07,Cigarettes After Sex,Falling In Love,245840,cigarettes after sex - falling in love,368577,Cigarettes After Sex,Falling In Love,4m1jesCFX1gQtIRFirfwCW,65,2019,ambient,0.482,0.267,7,-11.638,1,0.0262,0.722,0.02,0.125,0.347,140.617,245840,4
2024-03-04 07:16,Cigarettes After Sex,You're the Only Good Thing In My Life,275186,cigarettes after sex - you're the only good thing in my life,368583,Cigarettes After Sex,You're the Only Good Thing in My Life,69BeOEL0DFLwA3WplXJxX5,59,2019,ambient,0.462,0.288,5,-11.199,1,0.0288,0.781,0.756,0.131,0.0589,130.164,275187,4
2024-03-04 07:21,Chase Atlantic,Consume (feat. Goon Des Garcons),267920,chase atlantic - consume (feat. goon des garcons),293489,Chase Atlantic,Consume (feat. Goon Des Garcons),0X2bh8NVQ8svDQIn2AdCbW,77,2017,pop,0.556,0.714,9,-5.322,0,0.158,0.07,0.0,0.261,0.434,146.113,267920,4
2024-03-04 07:24,Chase Atlantic,The Walls,229840,chase atlantic - the walls,293625,Chase Atlantic,The Walls,5pXui9rkf5W90DgZobuDiK,62,2017,pop,0.357,0.704,0,-6.925,0,0.0828,0.326,1.54e-06,0.124,0.225,144.172,229840,4
2024-03-04 07:28,Arctic Monkeys,Snap Out Of It,193030,arctic monkeys - snap out of it,77594,Arctic Monkeys,Snap Out Of It,0NdTUS4UiNYCNn5FgVqKQY,78,2013,garage,0.728,0.638,5,-6.455,0,0.0336,0.249,0.0,0.116,0.872,130.014,193030,4
2024-03-04 08:13,Cigarettes After Sex,Starry Eyes,206000,cigarettes after sex - starry eyes,2728,Cigarettes After Sex,Starry Eyes,2xfRDWDKOisEXgRnYI58Tb,59,2012,ambient,0.425,0.363,2,-15.32,1,0.0322,0.448,0.321,0.0685,0.12,100.426,206000,4
2024-03-04 08:16,Chase Atlantic,LIKE A ROCKSTAR,208111,chase atlantic - like a rockstar,406638,Chase Atlantic,LIKE A ROCKSTAR,1e5Zf1EU0TAitK207VOUY7,59,2019,pop,0.58,0.611,8,-6.33,0,0.0646,0.331,0.0,0.0982,0.463,81.55,208112,4
2024-03-04 08:19,Chase Atlantic,HER,169720,chase atlantic - her,406529,Chase Atlantic,HER,5i7g9wTIruXgWKvA83BXlk,64,2019,pop,0.706,0.586,5,-5.404,0,0.066,0.106,5.43e-06,0.169,0.689,139.984,169714,4
2024-03-04 09:07,Cults,Always Forever,179939,cults - always forever,87537,Cults,Always Forever,2enPRFda84VE2wtI8c86Uf,78,2013,indie-pop,0.174,0.742,8,-5.93,1,0.0485,0.00181,0.281,0.198,0.36,163.378,223747,4
2024-03-04 21:38,The Neighbourhood,Sadderdaze,59119,the neighbourhood - sadderdaze,311120,The Neighbourhood,Sadderdaze,7sIYHDxjteT6RY29gAGzP2,57,2018,alt-rock,0.414,0.527,4,-4.749,0,0.0287,0.00971,5.05e-05,0.145,0.306,120.009,245827,4
2024-03-04 21:44,Cigarettes After Sex,K.,320030,cigarettes after sex - k.,215605,Cigarettes After Sex,K.,36Zs84njjWZD3TGYE77WPC,47,2016,ambient,0.454,0.404,3,-10.26,1,0.027,0.146,0.819,0.141,0.313,94.113,319560,4
2024-03-04 21:48,The Neighbourhood,Scary Love,222666,the neighbourhood - scary love,311068,The Neighbourhood,Scary Love,6TA5aymvVrtiPVbuAwmPIc,65,2018,alt-rock,0.595,0.636,5,-5.981,0,0.0312,9.45e-05,0.0529,0.196,0.147,112.008,222667,4
2024-03-04 21:53,Cigarettes After Sex,Falling In Love,245840,cigarettes after sex - falling in love,368577,Cigarettes After Sex,Falling In Love,4m1jesCFX1gQtIRFirfwCW,65,2019,ambient,0.482,0.267,7,-11.638,1,0.0262,0.722,0.02,0.125,0.347,140.617,245840,4
2024-03-04 21:57,The Neighbourhood,Softcore,206280,the neighbourhood - softcore,311042,The Neighbourhood,Softcore,2K7xn816oNHJZ0aVqdQsha,84,2018,alt-rock,0.575,0.568,9,-5.509,0,0.03,0.0484,0.000417,0.286,0.37,93.986,206280,4
2024-03-04 22:02,The Neighbourhood,Prey,282640,the neighbourhood - prey,162945,The Neighbourhood,Prey,38kjFXYgPvtuXCPbHPMGte,63,2015,alt-rock,0.517,0.779,9,-5.005,0,0.0477,0.0258,0.0,0.0622,0.197,115.206,282640,4
2024-03-04 22:06,The Neighbourhood,Fallen Star,224938,the neighbourhood - fallen star,478403,The Neighbourhood,Fallen Star,60F6pgM6H6miNr5AmjxwjL,68,2021,alt-rock,0.603,0.551,10,-6.259,0,0.0304,0.0696,0.0976,0.192,0.439,75.001,224939,4
2024-03-04 22:09,The Neighbourhood,You Get Me So High,153000,the neighbourhood - you get me so high,311043,The Neighbourhood,You Get Me So High,7zwn1eykZtZ5LODrf7c0tS,81,2018,alt-rock,0.551,0.881,7,-6.099,0,0.0542,0.186,0.0791,0.152,0.387,88.036,153000,4
2024-03-04 22:13,Chase Atlantic,Swim,228786,chase atlantic - swim,293479,Chase Atlantic,Swim,3M0lSi5WW79CXQamgSBIjx,80,2017,pop,0.666,0.542,8,-6.429,1,0.0392,0.27,0.0,0.0765,0.0771,120.134,228787,4
2024-03-04 22:18,Cigarettes After Sex,Cry,256800,cigarettes after sex - cry,368575,Cigarettes After Sex,Cry,0Qr61NXlyAeQaADO5xn3rI,76,2019,ambient,0.409,0.399,7,-10.456,1,0.0275,0.763,0.654,0.112,0.161,142.823,256800,4
2024-03-04 22:22,Chase Atlantic,Meddle About,203886,chase atlantic - meddle about,197593,Chase Atlantic,Meddle About,1x5gfSHfhWpMFKKqbuDe9G,68,2015,pop,0.387,0.797,4,-6.41,0,0.052,0.00404,0.0108,0.314,0.369,159.897,203886,4
2024-03-04 23:25,Cigarettes After Sex,Opera House,365150,cigarettes after sex - opera house,255753,Cigarettes After Sex,Opera House,0syIc2ocYBIKASFqifvwRz,63,2017,ambient,0.319,0.293,5,-14.145,1,0.0378,0.734,0.85,0.0971,0.0689,115.481,364680,4
2024-03-04 23:44,Cigarettes After Sex,John Wayne,258483,cigarettes after sex - john wayne,255750,Cigarettes After Sex,John Wayne,5IonbH68pmDKBwcKlyswmR,65,2017,ambient,0.429,0.457,3,-8.375,1,0.0294,0.35,0.859,0.099,0.183,124.033,258013,4
2024-03-04 23:55,Chase Atlantic,Consume (feat. Goon Des Garcons),267920,chase atlantic - consume (feat. goon des garcons),293489,Chase Atlantic,Consume (feat. Goon Des Garcons),0X2bh8NVQ8svDQIn2AdCbW,77,2017,pop,0.556,0.714,9,-5.322,0,0.158,0.07,0.0,0.261,0.434,146.113,267920,4
2024-03-05 00:00,Chase Atlantic,LUST,204106,chase atlantic - lust,406673,Chase Atlantic,LUST,51t7nQOI35g07O0z4fflO1,57,2019,pop,0.641,0.755,4,-6.274,1,0.244,0.018,0.000443,0.159,0.477,131.954,204107,4
2024-03-05 00:07,Arctic Monkeys,R U Mine?,201726,arctic monkeys - r u mine?,23776,Arctic Monkeys,R U Mine?,6XnNiyYTxhxuC0zpP22M7C,34,2012,garage,0.52,0.785,6,-4.765,0,0.0329,0.0468,0.0,0.698,0.679,96.996,200188,4
2024-03-05 00:12,The Neighbourhood,Baby Came Home,226880,the neighbourhood - baby came home,1880,The Neighbourhood,Baby Came Home,3ypXE4brttsQR3OLLZbLZB,50,2012,alt-rock,0.639,0.571,0,-5.766,1,0.0284,0.0127,0.00283,0.0963,0.273,113.037,226893,4
2024-03-05 00:16,Cigarettes After Sex,Kiss It Off Me,269933,cigarettes after sex - kiss it off me,368580,Cigarettes After Sex,Kiss It Off Me,1Mhf6QIO0UuVr2ZvQPgymt,62,2019,ambient,0.521,0.298,4,-12.471,1,0.0258,0.753,0.496,0.111,0.235,80.259,269933,4
2024-03-05 00:23,Cigarettes After Sex,Sweet,292110,cigarettes after sex - sweet,255748,Cigarettes After Sex,Sweet,3VSYkAf6f46i5ZkXOHORq1,72,2017,ambient,0.448,0.511,6,-9.084,1,0.0274,0.362,0.823,0.129,0.112,96.321,291640,4
2024-03-05 00:29,The Neighbourhood,Baby Came Home 2 / Valentines,390493,the neighbourhood - baby came home 2 / valentines,162929,The Neighbourhood,Baby Came Home 2 / Valentines,40gvh6jP5qxMJuMmF9lG9A,67,2015,alt-rock,0.21,0.499,2,-9.754,0,0.0485,0.0687,0.00315,0.773,0.108,74.094,390493,4
2024-03-05 00:37,Cigarettes After Sex,Heavenly,286773,cigarettes after sex - heavenly,368576,Cigarettes After Sex,Heavenly,1Bh0UzthW8pKEnYg7v40Oa,69,2019,ambient,0.539,0.431,8,-9.298,1,0.0249,0.628,0.653,0.11,0.122,105.156,288595,4
2024-03-05 00:41,Chase Atlantic,Numb to the Feeling,227586,chase atlantic - numb to the feeling,350308,Chase Atlantic,Numb to the Feeling,102cCjW3CnC3sws3qOhie8,63,2018,pop,0.695,0.737,5,-5.75,0,0.122,0.232,0.0,0.136,0.248,129.999,227587,4
2024-03-05 00:46,Cigarettes After Sex,Truly,244110,cigarettes after sex - truly,255760,Cigarettes After Sex,Truly,6qwEx0TQJMEqvQdN8hRZDx,57,2017,ambient,0.44,0.387,4,-9.792,1,0.0279,0.148,0.559,0.0844,0.267,96.556,243640,4
2024-03-05 00:50,The Neighbourhood,Flawless,246493,the neighbourhood - flawless,56405,The Neighbourhood,Flawless,2Kt1XplPBQBsDKQDa6TssB,68,2013,alt-rock,0.568,0.871,0,-3.453,1,0.0308,0.0553,0.51,0.303,0.374,119.99,246493,4
2024-03-05 01:03,Arctic Monkeys,She's Thunderstorms,234920,arctic monkeys - she's thunderstorms,1428149,Arctic Monkeys,She's Thunderstorms,5qm8ISXOho1EvFj6e4f4bG,46,2011,garage,0.505,0.898,7,-4.906,1,0.0329,0.000518,0.00236,0.173,0.731,118.929,234920,4
2024-03-05 01:13,Chase Atlantic,Into It,196767,chase atlantic - into it,293490,Chase Atlantic,Into It,4HwDCXsMBC7SUdp2WT4MZP,77,2017,pop,0.518,0.572,10,-6.706,0,0.0416,0.0503,2.41e-05,0.129,0.291,130.053,196767,4
2024-03-05 01:37,Cigarettes After Sex,Sunsetz,215150,cigarettes after sex - sunsetz,255747,Cigarettes After Sex,Sunsetz,69UqtTHfUKAJweQwEStRzC,77,2017,ambient,0.412,0.477,9,-9.381,0,0.029,0.0542,0.798,0.0975,0.141,75.302,214680,4
2024-03-05 03:58,Arctic Monkeys,Cornerstone,112578,arctic monkeys - cornerstone,1286929,Arctic Monkeys,Cornerstone,3MC4XRbQADJdW9IIIwbe2u,53,2009,garage,0.287,0.721,9,-5.81,1,0.0387,0.00764,0.0,0.328,0.763,169.252,197973,4
2024-03-05 04:18,Cults,Always Forever,44060,cults - always forever,87537,Cults,Always Forever,2enPRFda84VE2wtI8c86Uf,78,2013,indie-pop,0.174,0.742,8,-5.93,1,0.0485,0.00181,0.281,0.198,0.36,163.378,223747,4
2024-03-05 04:22,The Neighbourhood,Fallen Star,224938,the neighbourhood - fallen star,478403,The Neighbourhood,Fallen Star,60F6pgM6H6miNr5AmjxwjL,68,2021,alt-rock,0.603,0.551,10,-6.259,0,0.0304,0.0696,0.0976,0.192,0.439,75.001,224939,4
2024-03-05 07:58,The Neighbourhood,Afraid,251186,the neighbourhood - afraid,56398,The Neighbourhood,Afraid,7brQHA2CgQpcMBiOlfiXYb,74,2013,alt-rock,0.464,0.701,6,-5.693,0,0.0411,0.00892,0.309,0.335,0.356,83.996,251187,4
2024-03-05 08:01,The Neighbourhood,Compass,167960,the neighbourhood - compass,311053,The Neighbourhood,Compass,0YNtAadZvKBBEFARtfoCV8,69,2018,alt-rock,0.7,0.82,5,-5.499,0,0.0329,0.238,0.318,0.658,0.667,109.998,167960,4
2024-03-05 08:03,Arctic Monkeys,Why'd You Only Call Me When You're High?,161123,arctic monkeys - why'd you only call me when you're high?,77592,Arctic Monkeys,Why'd You Only Call Me When You're High?,086myS9r57YsLbJpU0TgK9,85,2013,garage,0.691,0.631,2,-6.478,1,0.0368,0.0483,1.13e-05,0.104,0.8,92.004,161124,4
2024-03-05 08:12,Cigarettes After Sex,John Wayne,258483,cigarettes after sex - john wayne,255750,Cigarettes After Sex,John Wayne,5IonbH68pmDKBwcKlyswmR,65,2017,ambient,0.429,0.457,3,-8.375,1,0.0294,0.35,0.859,0.099,0.183,124.033,258013,4
2024-03-05 08:18,The Neighbourhood,W.D.Y.W.F.M?,259413,the neighbourhood - w.d.y.w.f.m?,56407,The Neighbourhood,W.D.Y.W.F.M?,3vooOYHU0Fi3ViCG7Ozh0Y,65,2013,alt-rock,0.557,0.845,8,-2.926,0,0.0346,0.0303,0.00851,0.354,0.508,123.997,259413,4
2024-03-06 02:14,Billie Eilish,i love you,4560,billie eilish - i love you,406386,Billie Eilish,i love you,6CcJMwBtXByIz4zQLzFkKc,78,2019,pop,0.421,0.131,0,-18.435,1,0.0382,0.952,0.00453,0.109,0.12,137.446,291796,4
2024-03-06 02:18,Bruno Mars,Talking to the Moon,217866,bruno mars - talking to the moon,591100,Bruno Mars,Talking to the Moon,5PjJRQ0XKlAzBY9hLdv4dr,0,2023,dance,0.523,0.607,1,-4.754,0,0.03,0.512,0.0,0.106,0.0651,145.837,217867,4
2024-03-06 02:22,Everybody Loves an Outlaw,I See Red,230613,everybody loves an outlaw - i see red,313904,Everybody Loves an Outlaw,I See Red,5MAK1nd8R6PWnle1Q1WJvh,74,2018,blues,0.509,0.448,4,-7.552,0,0.0357,0.00713,0.0137,0.244,0.221,156.909,230613,3
2024-03-06 02:27,The Neighbourhood,Afraid,251186,the neighbourhood - afraid,56398,The Neighbourhood,Afraid,7brQHA2CgQpcMBiOlfiXYb,74,2013,alt-rock,0.464,0.701,6,-5.693,0,0.0411,0.00892,0.309,0.335,0.356,83.996,251187,4
2024-03-06 02:31,Taylor Swift,Safe & Sound - from The Hunger Games Soundtrack,240066,taylor swift - safe & sound - from the hunger games soundtrack,40377,Taylor Swift,Safe & Sound - from The Hunger Games Soundtrack,0z9UVN8VBHJ9HdfYsOuuNf,64,2012,pop,0.471,0.3,7,-10.807,1,0.028,0.883,1.05e-05,0.0698,0.289,144.319,240067,4
2024-03-06 02:36,Bruno Mars,Marry You,230192,bruno mars - marry you,1343497,Bruno Mars,Marry You,22PMfvdz35fFKYnJyMn077,74,2010,dance,0.621,0.82,10,-4.865,1,0.0367,0.332,0.0,0.104,0.452,144.905,230192,4
2024-03-06 02:39,Carly Rae Jepsen,Call Me Maybe,193853,carly rae jepsen - call me maybe,12108,Carly Rae Jepsen,Call Me Maybe,3TGRqZ0a2l1LRblBkJoaDx,71,2012,dance,0.783,0.58,7,-6.548,1,0.0408,0.0114,2.28e-06,0.108,0.66,120.021,193400,4
2024-03-06 02:42,Nicki Minaj,Good Form,199400,nicki minaj - good form,321104,Nicki Minaj,Good Form,19Fcrc0nJiwMKom00gS9SW,61,2018,dance,0.88,0.775,7,-5.133,1,0.0953,0.113,0.00264,0.0943,0.284,96.503,199400,4
2024-03-06 02:48,Taylor Swift,Enchanted,352186,taylor swift - enchanted,1380362,Taylor Swift,Enchanted,10eBRyImhfqVvkiVEGf0N0,73,2010,pop,0.455,0.623,8,-3.878,1,0.0288,0.0739,0.000424,0.146,0.208,163.893,352187,4
2024-03-06 02:53,Lana Del Rey,Chemtrails Over The Country Club,271176,lana del rey - chemtrails over the country club,515662,Lana Del Rey,Chemtrails Over The Country Club,7bPWdJgx8vek7S5i5yAtvG,70,2021,pop,0.334,0.276,4,-13.125,0,0.0643,0.877,0.000249,0.113,0.429,201.025,271177,3
2024-03-06 02:57,A-Wall,Loverboy,224520,a-wall - loverboy,406424,A-Wall,Loverboy,0qXP5fMhxGzxALOkXYUxfP,70,2019,pop,0.604,0.466,0,-10.093,1,0.0315,0.649,0.0334,0.093,0.499,120.045,224520,4
2024-03-06 03:01,NIKI,Every Summertime,215686,niki - every summertime,515634,NIKI,Every Summertime,68HocO7fx9z0MgDU0ZPHro,76,2021,pop,0.628,0.676,6,-4.227,1,0.0424,0.393,6.94e-05,0.0978,0.723,78.996,215687,4
2024-03-06 04:03,Arctic Monkeys,Cornerstone,85339,arctic monkeys - cornerstone,1286929,Arctic Monkeys,Cornerstone,3MC4XRbQADJdW9IIIwbe2u,53,2009,garage,0.287,0.721,9,-5.81,1,0.0387,0.00764,0.0,0.328,0.763,169.252,197973,4
2024-03-06 04:04,Cigarettes After Sex,Each Time You Fall in Love,6367,cigarettes after sex - each time you fall in love,255751,Cigarettes After Sex,Each Time You Fall In Love,6YbqjyoqQx9p13IndkOzeP,63,2017,ambient,0.383,0.534,10,-8.829,1,0.0277,0.468,0.676,0.14,0.276,76.046,290160,4
2024-03-06 04:06,Chase Atlantic,OHMAMI,148672,chase atlantic - ohmami,515742,Chase Atlantic,OHMAMI,2zVaxB54fNngkbWs5uZnla,66,2021,pop,0.625,0.717,10,-5.796,0,0.121,0.0476,8.73e-05,0.277,0.398,126.004,226835,4
2024-03-06 07:00,Harry Styles,Watermelon Sugar,5630,harry styles - watermelon sugar,406370,Harry Styles,Watermelon Sugar,6UelLqGlWMcVH1E5c4H7lY,87,2019,pop,0.548,0.816,0,-4.209,1,0.0465,0.122,0.0,0.335,0.557,95.39,174000,4
2024-03-06 07:00,Taylor Swift,We Are Never Ever Getting Back Together,11300,taylor swift - we are never ever getting back together,40360,Taylor Swift,We Are Never Ever Getting Back Together,0VwNdo84DaVYLIkbVO86ND,74,2012,pop,0.628,0.676,7,-5.911,1,0.0916,0.00957,2.65e-05,0.121,0.75,85.984,193147,4
2024-03-06 07:00,Taylor Swift,cardigan,63090,taylor swift - cardigan,461996,Taylor Swift,cardigan,4R2kfaDFhslZEMJqAFNpdd,84,2020,pop,0.613,0.581,0,-8.588,0,0.0424,0.537,0.000345,0.25,0.551,130.033,239560,4
2024-03-06 07:04,Arctic Monkeys,Arabella,207356,arctic monkeys - arabella,77595,Arctic Monkeys,Arabella,7nzsY8vlnKdvGOEE0rjAXZ,76,2013,garage,0.579,0.558,2,-6.986,1,0.0895,0.0202,1.26e-06,0.212,0.506,179.949,207357,4
2024-03-06 07:08,Chase Atlantic,Consume (feat. Goon Des Garcons),267920,chase atlantic - consume (feat. goon des garcons),293489,Chase Atlantic,Consume (feat. Goon Des Garcons),0X2bh8NVQ8svDQIn2AdCbW,77,2017,pop,0.556,0.714,9,-5.322,0,0.158,0.07,0.0,0.261,0.434,146.113,267920,4
2024-03-06 07:16,The Neighbourhood,Baby Came Home 2 / Valentines,390493,the neighbourhood - baby came home 2 / valentines,162929,The Neighbourhood,Baby Came Home 2 / Valentines,40gvh6jP5qxMJuMmF9lG9A,67,2015,alt-rock,0.21,0.499,2,-9.754,0,0.0485,0.0687,0.00315,0.773,0.108,74.094,390493,4
2024-03-06 07:19,Chase Atlantic,HER,169720,chase atlantic - her,406529,Chase Atlantic,HER,5i7g9wTIruXgWKvA83BXlk,64,2019,pop,0.706,0.586,5,-5.404,0,0.066,0.106,5.43e-06,0.169,0.689,139.984,169714,4
2024-03-06 07:24,Cigarettes After Sex,Cry,256800,cigarettes after sex - cry,368575,Cigarettes After Sex,Cry,0Qr61NXlyAeQaADO5xn3rI,76,2019,ambient,0.409,0.399,7,-10.456,1,0.0275,0.763,0.654,0.112,0.161,142.823,256800,4
2024-03-06 07:27,Chase Atlantic,Into It,196767,chase atlantic - into it,293490,Chase Atlantic,Into It,4HwDCXsMBC7SUdp2WT4MZP,77,2017,pop,0.518,0.572,10,-6.706,0,0.0416,0.0503,2.41e-05,0.129,0.291,130.053,196767,4
2024-03-06 07:30,d4vd,Romantic Homicide,132630,d4vd - romantic homicide,569185,d4vd,Romantic Homicide,1xK59OXxi2TAAAbmZK0kBL,90,2022,pop,0.571,0.544,6,-10.613,1,0.0299,0.453,0.00805,0.322,0.216,132.052,132631,4
2024-03-06 07:38,The Neighbourhood,Sadderdaze,245826,the neighbourhood - sadderdaze,311120,The Neighbourhood,Sadderdaze,7sIYHDxjteT6RY29gAGzP2,57,2018,alt-rock,0.414,0.527,4,-4.749,0,0.0287,0.00971,5.05e-05,0.145,0.306,120.009,245827,4
2024-03-06 07:41,The Neighbourhood,Scary Love,222666,the neighbourhood - scary love,311068,The Neighbourhood,Scary Love,6TA5aymvVrtiPVbuAwmPIc,65,2018,alt-rock,0.595,0.636,5,-5.981,0,0.0312,9.45e-05,0.0529,0.196,0.147,112.008,222667,4
2024-03-06 07:48,Cigarettes After Sex,Opera House,365150,cigarettes after sex - opera house,255753,Cigarettes After Sex,Opera House,0syIc2ocYBIKASFqifvwRz,63,2017,ambient,0.319,0.293,5,-14.145,1,0.0378,0.734,0.85,0.0971,0.0689,115.481,364680,4
2024-03-06 07:56,Chase Atlantic,The Walls,229840,chase atlantic - the walls,293625,Chase Atlantic,The Walls,5pXui9rkf5W90DgZobuDiK,62,2017,pop,0.357,0.704,0,-6.925,0,0.0828,0.326,1.54e-06,0.124,0.225,144.172,229840,4
2024-03-06 08:01,Chase Atlantic,Swim,228786,chase atlantic - swim,293479,Chase Atlantic,Swim,3M0lSi5WW79CXQamgSBIjx,80,2017,pop,0.666,0.542,8,-6.429,1,0.0392,0.27,0.0,0.0765,0.0771,120.134,228787,4
2024-03-06 08:03,The Neighbourhood,Compass,167960,the neighbourhood - compass,311053,The Neighbourhood,Compass,0YNtAadZvKBBEFARtfoCV8,69,2018,alt-rock,0.7,0.82,5,-5.499,0,0.0329,0.238,0.318,0.658,0.667,109.998,167960,4
2024-03-06 08:08,The Neighbourhood,Softcore,206280,the neighbourhood - softcore,311042,The Neighbourhood,Softcore,2K7xn816oNHJZ0aVqdQsha,84,2018,alt-rock,0.575,0.568,9,-5.509,0,0.03,0.0484,0.000417,0.286,0.37,93.986,206280,4
2024-03-06 08:12,Chase Atlantic,Drugs & Money - New Mix,239921,chase atlantic - drugs & money - new mix,293587,Chase Atlantic,Drugs & Money - New Mix,4SRyrhBJ5mq8fEa3bsdZn6,65,2017,pop,0.629,0.735,11,-4.826,1,0.0599,0.2,0.0,0.243,0.477,123.996,239922,4
2024-03-06 08:17,Arctic Monkeys,505,253586,arctic monkeys - 505,1145378,Arctic Monkeys,505,58ge6dfP91o9oXMzq3XkIS,80,2007,garage,0.52,0.852,0,-5.866,1,0.0543,0.00237,5.79e-05,0.0733,0.234,140.267,253587,4
2024-03-06 08:20,Chase Atlantic,Friends,230010,chase atlantic - friends,197528,Chase Atlantic,Friends,2jQiSYrwJehQAcuaaQrXnS,79,2015,pop,0.422,0.609,11,-6.361,0,0.0335,0.0114,4.76e-06,0.108,0.0911,107.34,230011,3
2024-03-06 08:24,Chase Atlantic,Meddle About,203886,chase atlantic - meddle about,197593,Chase Atlantic,Meddle About,1x5gfSHfhWpMFKKqbuDe9G,68,2015,pop,0.387,0.797,4,-6.41,0,0.052,0.00404,0.0108,0.314,0.369,159.897,203886,4
2024-03-06 08:29,Arctic Monkeys,Do I Wanna Know?,272394,arctic monkeys - do i wanna know?,77593,Arctic Monkeys,Do I Wanna Know?,5FVd6KXrgO9B3JPmC8OPst,86,2013,garage,0.548,0.532,5,-7.596,1,0.0323,0.186,0.000263,0.217,0.405,85.03,272394,4
2024-03-06 08:33,Chase Atlantic,OHMAMI,226835,chase atlantic - ohmami,515742,Chase Atlantic,OHMAMI,2zVaxB54fNngkbWs5uZnla,66,2021,pop,0.625,0.717,10,-5.796,0,0.121,0.0476,8.73e-05,0.277,0.398,126.004,226835,4
2024-03-06 08:42,The Neighbourhood,Sweater Weather,240400,the neighbourhood - sweater weather,1800,The Neighbourhood,Sweater Weather,4pGqFOfzvfe6avb9kbZicC,60,2012,alt-rock,0.695,0.615,7,-5.325,0,0.042,0.15,0.000212,0.0879,0.414,124.015,240040,4
2024-03-06 08:46,Arctic Monkeys,Knee Socks,257563,arctic monkeys - knee socks,77596,Arctic Monkeys,Knee Socks,2LGdO5MtFdyphi2EihANZG,74,2013,garage,0.665,0.542,11,-8.323,0,0.033,0.123,0.00291,0.342,0.587,97.975,257563,4
2024-03-06 09:19,The Neighbourhood,Void,81291,the neighbourhood - void,311061,The Neighbourhood,Void,2wXioTynVwrEWYRv6R6vEj,66,2018,alt-rock,0.534,0.582,5,-7.912,1,0.0401,0.047,0.0328,0.0883,0.346,84.183,203667,4
2024-03-06 21:08,Chase Atlantic,OHMAMI,78167,chase atlantic - ohmami,515742,Chase Atlantic,OHMAMI,2zVaxB54fNngkbWs5uZnla,66,2021,pop,0.625,0.717,10,-5.796,0,0.121,0.0476,8.73e-05,0.277,0.398,126.004,226835,4
2024-03-06 21:13,Chase Atlantic,Church,220000,chase atlantic - church,293564,Chase Atlantic,Church,7bbYT48HWWIbL3YKmtMNzn,68,2017,pop,0.556,0.824,5,-4.539,0,0.0548,0.0109,0.0,0.112,0.292,112.99,220000,4
2024-03-06 21:33,James Arthur,Car's Outside,248373,james arthur - car's outside,406437,James Arthur,Car's Outside,0otRX6Z89qKkHkQ9OqJpKt,81,2019,pop,0.338,0.562,9,-7.181,1,0.029,0.039,0.0,0.107,0.259,149.907,248373,4
2024-03-06 21:35,Cigarettes After Sex,Pure,53413,cigarettes after sex - pure,368590,Cigarettes After Sex,Pure,5EYkide3NzE6gDIHvd4Pvz,53,2019,ambient,0.521,0.211,6,-13.489,0,0.0324,0.544,0.836,0.101,0.0412,134.285,254627,3
2024-03-06 21:57,Heize,내 맘을 볼 수 있나요,225785,heize - 내 맘을 볼 수 있나요,401257,HEIZE,내 맘을 볼 수 있나요,2oVHb8wyg6oC2iNpGBNvx1,60,2019,k-pop,0.397,0.166,9,-10.678,1,0.0349,0.884,0.0,0.1,0.131,134.708,225786,4
2024-03-06 22:06,Charlie Puth,We Don't Talk Anymore (feat. Selena Gomez),217706,charlie puth - we don't talk anymore (feat. selena gomez),224459,Charlie Puth,We Don't Talk Anymore (feat. Selena Gomez),37FXw5QGFN7uwwsLy8uAc0,68,2016,dance,0.728,0.563,1,-8.053,0,0.134,0.621,0.0,0.179,0.352,100.017,217707,4
2024-03-06 22:10,Taylor Swift,Love Story,235266,taylor swift - love story,1238481,Taylor Swift,Love Story,1vrd6UOGamcKNGnSHJQlSt,67,2008,pop,0.618,0.741,2,-3.95,1,0.031,0.17,0.0,0.0822,0.296,118.984,235267,4
2024-03-06 22:15,Olivia Rodrigo,"All I Want - From ""High School Musical: The Musical: The Series""",177322,"olivia rodrigo - all i want - from ""high school musical: the musical: the series""",406403,Olivia Rodrigo,"All I Want - From ""High School Musical: The Musical: The Series""",4Yxc55NX3tAXC2mHRAhtcW,76,2019,pop,0.376,0.43,0,-6.585,0,0.0328,0.0902,0.0,0.0912,0.129,77.599,177323,3
2024-03-06 22:19,New West,Those Eyes,220750,new west - those eyes,399063,New West,Those Eyes,50x1Ic8CaXkYNvjmxe3WXy,87,2019,indie-pop,0.593,0.352,4,-8.296,1,0.0284,0.695,2.22e-05,0.3,0.226,119.988,220750,3
2024-03-06 22:23,Ellie Goulding,My Blood,234184,ellie goulding - my blood,12165,Ellie Goulding,My Blood,6knYNyQupBIbBxV8TMOMYM,58,2012,dance,0.476,0.592,9,-5.283,0,0.029,0.556,0.0,0.281,0.306,87.003,234185,4
2024-03-06 22:27,Olivia Rodrigo,traitor,229226,olivia rodrigo - traitor,515570,Olivia Rodrigo,traitor,5CZ40GBx1sQ9agT82CLQCT,84,2021,pop,0.38,0.339,3,-7.885,1,0.0338,0.691,0.0,0.12,0.0849,100.607,229227,4
2024-03-06 23:58,Lana Del Rey,Brooklyn Baby,67871,lana del rey - brooklyn baby,146776,Lana Del Rey,Brooklyn Baby,1NZs6n6hl8UuMaX0UC0YTz,80,2014,pop,0.404,0.664,1,-6.698,1,0.0407,0.542,0.00402,0.11,0.0949,107.747,351640,4
2024-03-07 01:15,Lana Del Rey,Brooklyn Baby,284014,lana del rey - brooklyn baby,146776,Lana Del Rey,Brooklyn Baby,1NZs6n6hl8UuMaX0UC0YTz,80,2014,pop,0.404,0.664,1,-6.698,1,0.0407,0.542,0.00402,0.11,0.0949,107.747,351640,4
2024-03-07 01:28,Taylor Swift,Karma,204852,taylor swift - karma,569212,Taylor Swift,Karma,7KokYm8cMIXCsGVmUvKtqf,80,2022,pop,0.642,0.62,8,-7.091,1,0.0666,0.0734,0.0,0.483,0.0969,90.02,204852,4
2024-03-07 01:32,HENRY,It's You,231001,henry - it's you,288474,HENRY,It's You,3hm4axDodp2jFEDohQfXxV,63,2017,k-pop,0.545,0.468,7,-6.064,1,0.0247,0.637,0.0,0.128,0.279,76.045,231643,4
2024-03-07 01:40,Lana Del Rey,Ultraviolence,251480,lana del rey - ultraviolence,146806,Lana Del Rey,Ultraviolence,1y3r6RXiJZNBV1EI0NggpS,73,2014,pop,0.144,0.541,0,-7.076,1,0.038,0.278,1.01e-05,0.101,0.0899,79.262,251480,3
2024-03-07 01:47,Justin Bieber,Ghost,153190,justin bieber - ghost,515568,Justin Bieber,Ghost,6I3mqTwhRpn34SLVafSH7G,85,2021,pop,0.601,0.741,2,-5.569,1,0.0478,0.185,2.91e-05,0.415,0.441,153.96,153190,4
2024-03-07 01:55,Taylor Swift,Blank Space,231826,taylor swift - blank space,146765,Taylor Swift,Blank Space,1p80LdxRV74UKvL8gnD7ky,76,2014,pop,0.753,0.678,5,-5.421,1,0.0644,0.085,1.64e-06,0.13,0.583,96.006,231827,4
2024-03-07 02:04,SZA,Kill Bill,153946,sza - kill bill,569184,SZA,Kill Bill,1Qrg8KqiBpW07V7PNxwwwL,94,2022,pop,0.644,0.735,8,-5.747,1,0.0391,0.0521,0.144,0.161,0.418,88.98,153947,4
2024-03-07 02:09,Taylor Swift,Safe & Sound - from The Hunger Games Soundtrack,240066,taylor swift - safe & sound - from the hunger games soundtrack,40377,Taylor Swift,Safe & Sound - from The Hunger Games Soundtrack,0z9UVN8VBHJ9HdfYsOuuNf,64,2012,pop,0.471,0.3,7,-10.807,1,0.028,0.883,1.05e-05,0.0698,0.289,144.319,240067,4
2024-03-07 02:22,James Arthur,Car's Outside,248373,james arthur - car's outside,406437,James Arthur,Car's Outside,0otRX6Z89qKkHkQ9OqJpKt,81,2019,pop,0.338,0.562,9,-7.181,1,0.029,0.039,0.0,0.107,0.259,149.907,248373,4
2024-03-07 02:30,Taylor Swift,All Of The Girls You Loved Before,221407,taylor swift - all of the girls you loved before,406371,Taylor Swift,All Of The Girls You Loved Before,4P9Q0GojKVXpRTJCaL3kyy,82,2019,pop,0.718,0.467,2,-9.66,1,0.0398,0.707,6.92e-05,0.126,0.396,95.96,221407,3
2024-03-07 02:45,ZAYN,I Don’t Wanna Live Forever (Fifty Shades Darker),247160,zayn - i don’t wanna live forever (fifty shades darker),264785,ZAYN,I Don’t Wanna Live Forever (Fifty Shades Darker),55n9yjI6qqXh5F2mYvUc2y,77,2017,dance,0.731,0.445,0,-8.418,1,0.0533,0.0586,1.96e-05,0.14,0.106,117.97,247160,4
2024-03-07 04:56,Eddy Kim,긴 밤이 오면,226991,eddy kim - 긴 밤이 오면,288554,Eddy Kim,긴 밤이 오면,5LiWJsSSjZh7Y3hqml18Ki,54,2017,k-pop,0.48,0.501,5,-5.511,1,0.0296,0.624,0.0,0.0748,0.222,110.889,226992,4
2024-03-07 04:59,Taylor Swift,We Are Never Ever Getting Back Together,191880,taylor swift - we are never ever getting back together,40360,Taylor Swift,We Are Never Ever Getting Back Together,0VwNdo84DaVYLIkbVO86ND,74,2012,pop,0.628,0.676,7,-5.911,1,0.0916,0.00957,2.65e-05,0.121,0.75,85.984,193147,4
2024-03-07 05:03,Melanie Martinez,Play Date,179867,melanie martinez - play date,175403,Melanie Martinez,Play Date,4DpNNXFMMxQEKl7r0ykkWA,76,2015,electro,0.68,0.729,5,-5.077,1,0.0475,0.612,0.0,0.224,0.446,123.97,179867,4
2024-03-07 05:09,The 1975,About You,326490,the 1975 - about you,531980,The 1975,About You,1fDFHXcykq4iw8Gg7s5hG9,81,2022,alt-rock,0.416,0.762,2,-7.385,1,0.0279,0.312,0.804,0.0559,0.461,95.967,326491,4
2024-03-07 05:16,Olivia Rodrigo,deja vu,215506,olivia rodrigo - deja vu,515572,Olivia Rodrigo,deja vu,6HU7h9RYOaPRFeh0R3UeAr,83,2021,pop,0.442,0.612,2,-7.222,1,0.112,0.584,5.7e-06,0.37,0.178,180.917,215507,4
2024-03-07 05:18,Lana Del Rey,West Coast,13080,lana del rey - west coast,146772,Lana Del Rey,West Coast,5Y6nVaayzitvsD5F7nr3DV,81,2014,pop,0.527,0.591,6,-7.664,0,0.0396,0.194,0.0194,0.0907,0.461,123.167,256760,4
2024-03-07 05:18,Lana Del Rey,Summertime Sadness,28455,lana del rey - summertime sadness,40349,Lana Del Rey,Summertime Sadness,1Ist6PR2BZR3n2z2Y5R6S1,73,2012,pop,0.566,0.647,1,-6.815,0,0.0335,0.0477,0.0,0.121,0.22,111.96,264773,4
2024-03-07 05:21,Chase Atlantic,Meddle About,203886,chase atlantic - meddle about,197593,Chase Atlantic,Meddle About,1x5gfSHfhWpMFKKqbuDe9G,68,2015,pop,0.387,0.797,4,-6.41,0,0.052,0.00404,0.0108,0.314,0.369,159.897,203886,4
2024-03-07 05:44,Cigarettes After Sex,Pure,254626,cigarettes after sex - pure,368590,Cigarettes After Sex,Pure,5EYkide3NzE6gDIHvd4Pvz,53,2019,ambient,0.521,0.211,6,-13.489,0,0.0324,0.544,0.836,0.101,0.0412,134.285,254627,3
2024-03-07 05:49,Chase Atlantic,Tidal Wave,243706,chase atlantic - tidal wave,350373,Chase Atlantic,Tidal Wave,2b2lL6iY3x1CSOv7QQbp8R,60,2018,pop,0.599,0.609,4,-5.14,1,0.052,0.565,2.11e-05,0.137,0.383,123.967,243707,4
2024-03-07 05:53,The Neighbourhood,Alleyways,267853,the neighbourhood - alleyways,56435,The Neighbourhood,Alleyways,4V37tyDu9CtqYshvrgLke4,59,2013,alt-rock,0.622,0.831,5,-4.819,0,0.0273,0.00102,0.803,0.119,0.363,101.03,267853,4
2024-03-07 05:58,The Neighbourhood,Sadderdaze,245826,the neighbourhood - sadderdaze,311120,The Neighbourhood,Sadderdaze,7sIYHDxjteT6RY29gAGzP2,57,2018,alt-rock,0.414,0.527,4,-4.749,0,0.0287,0.00971,5.05e-05,0.145,0.306,120.009,245827,4
2024-03-07 06:22,The Neighbourhood,Baby Came Home,226880,the neighbourhood - baby came home,1880,The Neighbourhood,Baby Came Home,3ypXE4brttsQR3OLLZbLZB,50,2012,alt-rock,0.639,0.571,0,-5.766,1,0.0284,0.0127,0.00283,0.0963,0.273,113.037,226893,4
2024-03-07 06:25,Arctic Monkeys,I Wanna Be Yours,183956,arctic monkeys - i wanna be yours,77591,Arctic Monkeys,I Wanna Be Yours,5XeFesFbtLpXzIVDNQP22n,91,2013,garage,0.464,0.417,0,-9.345,0,0.0256,0.136,0.022,0.0974,0.479,67.528,183956,4
2024-03-07 06:30,Cigarettes After Sex,Cry,256800,cigarettes after sex - cry,368575,Cigarettes After Sex,Cry,0Qr61NXlyAeQaADO5xn3rI,76,2019,ambient,0.409,0.399,7,-10.456,1,0.0275,0.763,0.654,0.112,0.161,142.823,256800,4
2024-03-07 06:52,Cigarettes After Sex,Opera House,194075,cigarettes after sex - opera house,255753,Cigarettes After Sex,Opera House,0syIc2ocYBIKASFqifvwRz,63,2017,ambient,0.319,0.293,5,-14.145,1,0.0378,0.734,0.85,0.0971,0.0689,115.481,364680,4
2024-03-08 21:54,Cigarettes After Sex,Opera House,171322,cigarettes after sex - opera house,255753,Cigarettes After Sex,Opera House,0syIc2ocYBIKASFqifvwRz,63,2017,ambient,0.319,0.293,5,-14.145,1,0.0378,0.734,0.85,0.0971,0.0689,115.481,364680,4
2024-03-08 22:01,The Neighbourhood,You Get Me So High,153000,the neighbourhood - you get me so high,311043,The Neighbourhood,You Get Me So High,7zwn1eykZtZ5LODrf7c0tS,81,2018,alt-rock,0.551,0.881,7,-6.099,0,0.0542,0.186,0.0791,0.152,0.387,88.036,153000,4
2024-03-08 22:04,Cigarettes After Sex,Starry Eyes,206000,cigarettes after sex - starry eyes,2728,Cigarettes After Sex,Starry Eyes,2xfRDWDKOisEXgRnYI58Tb,59,2012,ambient,0.425,0.363,2,-15.32,1,0.0322,0.448,0.321,0.0685,0.12,100.426,206000,4
2024-03-08 22:08,The Neighbourhood,Fallen Star,224938,the neighbourhood - fallen star,478403,The Neighbourhood,Fallen Star,60F6pgM6H6miNr5AmjxwjL,68,2021,alt-rock,0.603,0.551,10,-6.259,0,0.0304,0.0696,0.0976,0.192,0.439,75.001,224939,4
2024-03-08 22:13,The Neighbourhood,Softcore,206280,the neighbourhood - softcore,311042,The Neighbourhood,Softcore,2K7xn816oNHJZ0aVqdQsha,84,2018,alt-rock,0.575,0.568,9,-5.509,0,0.03,0.0484,0.000417,0.286,0.37,93.986,206280,4
2024-03-08 22:17,Arctic Monkeys,Do I Wanna Know?,272394,arctic monkeys - do i wanna know?,77593,Arctic Monkeys,Do I Wanna Know?,5FVd6KXrgO9B3JPmC8OPst,86,2013,garage,0.548,0.532,5,-7.596,1,0.0323,0.186,0.000263,0.217,0.405,85.03,272394,4
2024-03-08 22:22,Cigarettes After Sex,Heavenly,286773,cigarettes after sex - heavenly,368576,Cigarettes After Sex,Heavenly,1Bh0UzthW8pKEnYg7v40Oa,69,2019,ambient,0.539,0.431,8,-9.298,1,0.0249,0.628,0.653,0.11,0.122,105.156,288595,4
2024-03-08 22:27,Cigarettes After Sex,John Wayne,258483,cigarettes after sex - john wayne,255750,Cigarettes After Sex,John Wayne,5IonbH68pmDKBwcKlyswmR,65,2017,ambient,0.429,0.457,3,-8.375,1,0.0294,0.35,0.859,0.099,0.183,124.033,258013,4
2024-03-08 23:28,Cigarettes After Sex,Each Time You Fall in Love,290630,cigarettes after sex - each time you fall in love,255751,Cigarettes After Sex,Each Time You Fall In Love,6YbqjyoqQx9p13IndkOzeP,63,2017,ambient,0.383,0.534,10,-8.829,1,0.0277,0.468,0.676,0.14,0.276,76.046,290160,4
2024-03-08 23:31,Arctic Monkeys,Why'd You Only Call Me When You're High?,161123,arctic monkeys - why'd you only call me when you're high?,77592,Arctic Monkeys,Why'd You Only Call Me When You're High?,086myS9r57YsLbJpU0TgK9,85,2013,garage,0.691,0.631,2,-6.478,1,0.0368,0.0483,1.13e-05,0.104,0.8,92.004,161124,4
2024-03-08 23:37,Cigarettes After Sex,You're the Only Good Thing In My Life,275186,cigarettes after sex - you're the only good thing in my life,368583,Cigarettes After Sex,You're the Only Good Thing in My Life,69BeOEL0DFLwA3WplXJxX5,59,2019,ambient,0.462,0.288,5,-11.199,1,0.0288,0.781,0.756,0.131,0.0589,130.164,275187,4
2024-03-08 23:46,Arctic Monkeys,She's Thunderstorms,234920,arctic monkeys - she's thunderstorms,1428149,Arctic Monkeys,She's Thunderstorms,5qm8ISXOho1EvFj6e4f4bG,46,2011,garage,0.505,0.898,7,-4.906,1,0.0329,0.000518,0.00236,0.173,0.731,118.929,234920,4
2024-03-08 23:50,Chase Atlantic,OHMAMI,226835,chase atlantic - ohmami,515742,Chase Atlantic,OHMAMI,2zVaxB54fNngkbWs5uZnla,66,2021,pop,0.625,0.717,10,-5.796,0,0.121,0.0476,8.73e-05,0.277,0.398,126.004,226835,4
2024-03-08 23:55,Cigarettes After Sex,Truly,244110,cigarettes after sex - truly,255760,Cigarettes After Sex,Truly,6qwEx0TQJMEqvQdN8hRZDx,57,2017,ambient,0.44,0.387,4,-9.792,1,0.0279,0.148,0.559,0.0844,0.267,96.556,243640,4
2024-03-09 00:03,The Neighbourhood,Afraid,251186,the neighbourhood - afraid,56398,The Neighbourhood,Afraid,7brQHA2CgQpcMBiOlfiXYb,74,2013,alt-rock,0.464,0.701,6,-5.693,0,0.0411,0.00892,0.309,0.335,0.356,83.996,251187,4
2024-03-09 00:06,Arctic Monkeys,Stop The World I Wanna Get Off With You,191040,arctic monkeys - stop the world i wanna get off with you,77598,Arctic Monkeys,Stop The World I Wanna Get Off With You,2QUlMbvD9bL8wHqfsoqoet,69,2013,garage,0.661,0.73,6,-6.779,0,0.0574,0.0537,3.44e-05,0.14,0.53,95.027,191040,4
2024-03-09 00:10,The Neighbourhood,Sweater Weather,240400,the neighbourhood - sweater weather,1800,The Neighbourhood,Sweater Weather,4pGqFOfzvfe6avb9kbZicC,60,2012,alt-rock,0.695,0.615,7,-5.325,0,0.042,0.15,0.000212,0.0879,0.414,124.015,240040,4
2024-03-09 00:12,Cigarettes After Sex,Sunsetz,39134,cigarettes after sex - sunsetz,255747,Cigarettes After Sex,Sunsetz,69UqtTHfUKAJweQwEStRzC,77,2017,ambient,0.412,0.477,9,-9.381,0,0.029,0.0542,0.798,0.0975,0.141,75.302,214680,4
2024-03-09 00:17,Chase Atlantic,Church,220000,chase atlantic - church,293564,Chase Atlantic,Church,7bbYT48HWWIbL3YKmtMNzn,68,2017,pop,0.556,0.824,5,-4.539,0,0.0548,0.0109,0.0,0.112,0.292,112.99,220000,4
2024-03-09 00:30,Chase Atlantic,Consume (feat. Goon Des Garcons),267920,chase atlantic - consume (feat. goon des garcons),293489,Chase Atlantic,Consume (feat. Goon Des Garcons),0X2bh8NVQ8svDQIn2AdCbW,77,2017,pop,0.556,0.714,9,-5.322,0,0.158,0.07,0.0,0.261,0.434,146.113,267920,4
2024-03-09 00:34,Chase Atlantic,Swim,228786,chase atlantic - swim,293479,Chase Atlantic,Swim,3M0lSi5WW79CXQamgSBIjx,80,2017,pop,0.666,0.542,8,-6.429,1,0.0392,0.27,0.0,0.0765,0.0771,120.134,228787,4
2024-03-09 00:38,Chase Atlantic,Friends,28386,chase atlantic - friends,197528,Chase Atlantic,Friends,2jQiSYrwJehQAcuaaQrXnS,79,2015,pop,0.422,0.609,11,-6.361,0,0.0335,0.0114,4.76e-06,0.108,0.0911,107.34,230011,3
2024-03-09 00:38,Chase Atlantic,OHMAMI,226835,chase atlantic - ohmami,515742,Chase Atlantic,OHMAMI,2zVaxB54fNngkbWs5uZnla,66,2021,pop,0.625,0.717,10,-5.796,0,0.121,0.0476,8.73e-05,0.277,0.398,126.004,226835,4
2024-03-09 06:19,Chase Atlantic,Friends,201626,chase atlantic - friends,197528,Chase Atlantic,Friends,2jQiSYrwJehQAcuaaQrXnS,79,2015,pop,0.422,0.609,11,-6.361,0,0.0335,0.0114,4.76e-06,0.108,0.0911,107.34,230011,3
2024-03-09 06:24,Chase Atlantic,Okay,46648,chase atlantic - okay,293566,Chase Atlantic,Okay,492PZFHvGTm3RZZYeeUVWT,67,2017,pop,0.614,0.815,0,-6.784,1,0.131,0.112,0.0,0.121,0.431,130.049,212307,4
2024-03-09 06:24,Chase Atlantic,Meddle About,203886,chase atlantic - meddle about,197593,Chase Atlantic,Meddle About,1x5gfSHfhWpMFKKqbuDe9G,68,2015,pop,0.387,0.797,4,-6.41,0,0.052,0.00404,0.0108,0.314,0.369,159.897,203886,4
2024-03-09 08:14,Chase Atlantic,Okay,95296,chase atlantic - okay,293566,Chase Atlantic,Okay,492PZFHvGTm3RZZYeeUVWT,67,2017,pop,0.614,0.815,0,-6.784,1,0.131,0.112,0.0,0.121,0.431,130.049,212307,4
2024-03-10 03:28,The Neighbourhood,Sweater Weather,238078,the neighbourhood - sweater weather,1800,The Neighbourhood,Sweater Weather,4pGqFOfzvfe6avb9kbZicC,60,2012,alt-rock,0.695,0.615,7,-5.325,0,0.042,0.15,0.000212,0.0879,0.414,124.015,240040,4
2024-03-10 03:29,The Neighbourhood,Afraid,69801,the neighbourhood - afraid,56398,The Neighbourhood,Afraid,7brQHA2CgQpcMBiOlfiXYb,74,2013,alt-rock,0.464,0.701,6,-5.693,0,0.0411,0.00892,0.309,0.335,0.356,83.996,251187,4
2024-03-10 08:56,Chase Atlantic,Okay,70377,chase atlantic - okay,293566,Chase Atlantic,Okay,492PZFHvGTm3RZZYeeUVWT,67,2017,pop,0.614,0.815,0,-6.784,1,0.131,0.112,0.0,0.121,0.431,130.049,212307,4
2024-03-10 09:01,Chase Atlantic,HEAVEN AND BACK,248240,chase atlantic - heaven and back,406526,Chase Atlantic,HEAVEN AND BACK,5dewQ7ojISR32NAYNHFYWC,66,2019,pop,0.309,0.793,10,-6.195,0,0.0774,0.0902,0.092,0.0888,0.532,193.714,248240,4
2024-03-10 09:29,Chase Atlantic,Into It,48331,chase atlantic - into it,293490,Chase Atlantic,Into It,4HwDCXsMBC7SUdp2WT4MZP,77,2017,pop,0.518,0.572,10,-6.706,0,0.0416,0.0503,2.41e-05,0.129,0.291,130.053,196767,4
2024-03-10 23:53,The Neighbourhood,Void,122617,the neighbourhood - void,311061,The Neighbourhood,Void,2wXioTynVwrEWYRv6R6vEj,66,2018,alt-rock,0.534,0.582,5,-7.912,1,0.0401,0.047,0.0328,0.0883,0.346,84.183,203667,4
2024-03-10 23:57,The Neighbourhood,W.D.Y.W.F.M?,259413,the neighbourhood - w.d.y.w.f.m?,56407,The Neighbourhood,W.D.Y.W.F.M?,3vooOYHU0Fi3ViCG7Ozh0Y,65,2013,alt-rock,0.557,0.845,8,-2.926,0,0.0346,0.0303,0.00851,0.354,0.508,123.997,259413,4
2024-03-11 00:05,The Neighbourhood,Baby Came Home,226880,the neighbourhood - baby came home,1880,The Neighbourhood,Baby Came Home,3ypXE4brttsQR3OLLZbLZB,50,2012,alt-rock,0.639,0.571,0,-5.766,1,0.0284,0.0127,0.00283,0.0963,0.273,113.037,226893,4
2024-03-11 00:11,Cigarettes After Sex,John Wayne,258483,cigarettes after sex - john wayne,255750,Cigarettes After Sex,John Wayne,5IonbH68pmDKBwcKlyswmR,65,2017,ambient,0.429,0.457,3,-8.375,1,0.0294,0.35,0.859,0.099,0.183,124.033,258013,4
2024-03-11 00:14,Chase Atlantic,LUST,204106,chase atlantic - lust,406673,Chase Atlantic,LUST,51t7nQOI35g07O0z4fflO1,57,2019,pop,0.641,0.755,4,-6.274,1,0.244,0.018,0.000443,0.159,0.477,131.954,204107,4
2024-03-11 00:20,Cigarettes After Sex,Truly,244110,cigarettes after sex - truly,255760,Cigarettes After Sex,Truly,6qwEx0TQJMEqvQdN8hRZDx,57,2017,ambient,0.44,0.387,4,-9.792,1,0.0279,0.148,0.559,0.0844,0.267,96.556,243640,4
2024-03-11 00:23,Cults,Always Forever,223746,cults - always forever,87537,Cults,Always Forever,2enPRFda84VE2wtI8c86Uf,78,2013,indie-pop,0.174,0.742,8,-5.93,1,0.0485,0.00181,0.281,0.198,0.36,163.378,223747,4
2024-03-11 00:33,The Neighbourhood,The Beach,255133,the neighbourhood - the beach,162917,The Neighbourhood,The Beach,2u0CelO5c81XS7z3dGpHbS,75,2015,alt-rock,0.245,0.64,2,-7.426,0,0.0608,0.131,8.11e-06,0.0766,0.105,135.739,255133,4
2024-03-11 00:38,Chase Atlantic,Numb to the Feeling,227586,chase atlantic - numb to the feeling,350308,Chase Atlantic,Numb to the Feeling,102cCjW3CnC3sws3qOhie8,63,2018,pop,0.695,0.737,5,-5.75,0,0.122,0.232,0.0,0.136,0.248,129.999,227587,4
2024-03-11 00:45,Arctic Monkeys,Why'd You Only Call Me When You're High?,161123,arctic monkeys - why'd you only call me when you're high?,77592,Arctic Monkeys,Why'd You Only Call Me When You're High?,086myS9r57YsLbJpU0TgK9,85,2013,garage,0.691,0.631,2,-6.478,1,0.0368,0.0483,1.13e-05,0.104,0.8,92.004,161124,4
2024-03-11 00:50,Cigarettes After Sex,Falling In Love,245840,cigarettes after sex - falling in love,368577,Cigarettes After Sex,Falling In Love,4m1jesCFX1gQtIRFirfwCW,65,2019,ambient,0.482,0.267,7,-11.638,1,0.0262,0.722,0.02,0.125,0.347,140.617,245840,4
2024-03-11 00:54,Chase Atlantic,Church,220000,chase atlantic - church,293564,Chase Atlantic,Church,7bbYT48HWWIbL3YKmtMNzn,68,2017,pop,0.556,0.824,5,-4.539,0,0.0548,0.0109,0.0,0.112,0.292,112.99,220000,4
2024-03-11 00:58,Chase Atlantic,Right Here,235000,chase atlantic - right here,293542,Chase Atlantic,Right Here,2KtS31kaWNHs12Q5B43Ixh,70,2017,pop,0.351,0.587,6,-6.413,1,0.0413,0.00516,1.87e-05,0.121,0.221,159.881,235000,4
2024-03-11 01:01,The Neighbourhood,You Get Me So High,153000,the neighbourhood - you get me so high,311043,The Neighbourhood,You Get Me So High,7zwn1eykZtZ5LODrf7c0tS,81,2018,alt-rock,0.551,0.881,7,-6.099,0,0.0542,0.186,0.0791,0.152,0.387,88.036,153000,4
2024-03-11 03:18,Cigarettes After Sex,Kiss It Off Me,151275,cigarettes after sex - kiss it off me,368580,Cigarettes After Sex,Kiss It Off Me,1Mhf6QIO0UuVr2ZvQPgymt,62,2019,ambient,0.521,0.298,4,-12.471,1,0.0258,0.753,0.496,0.111,0.235,80.259,269933,4
2024-03-11 20:36,Chase Atlantic,Into It,3270,chase atlantic - into it,293490,Chase Atlantic,Into It,4HwDCXsMBC7SUdp2WT4MZP,77,2017,pop,0.518,0.572,10,-6.706,0,0.0416,0.0503,2.41e-05,0.129,0.291,130.053,196767,4
2024-03-11 20:40,Lana Del Rey,Ultraviolence,251480,lana del rey - ultraviolence,146806,Lana Del Rey,Ultraviolence,1y3r6RXiJZNBV1EI0NggpS,73,2014,pop,0.144,0.541,0,-7.076,1,0.038,0.278,1.01e-05,0.101,0.0899,79.262,251480,3
2024-03-11 20:43,Lana Del Rey,Radio,214573,lana del rey - radio,40378,Lana Del Rey,Radio,4PMdq7Q7xOFrY424ZelZEb,59,2012,pop,0.423,0.857,2,-5.173,1,0.0687,0.188,2.63e-05,0.105,0.196,75.024,214574,4
2024-03-11 20:53,Lana Del Rey,Brooklyn Baby,351640,lana del rey - brooklyn baby,146776,Lana Del Rey,Brooklyn Baby,1NZs6n6hl8UuMaX0UC0YTz,80,2014,pop,0.404,0.664,1,-6.698,1,0.0407,0.542,0.00402,0.11,0.0949,107.747,351640,4
2024-03-11 20:55,Justin Bieber,Ghost,76000,justin bieber - ghost,515568,Justin Bieber,Ghost,6I3mqTwhRpn34SLVafSH7G,85,2021,pop,0.601,0.741,2,-5.569,1,0.0478,0.185,2.91e-05,0.415,0.441,153.96,153190,4
2024-03-11 20:58,Taylor Swift,Midnight Rain,174782,taylor swift - midnight rain,569203,Taylor Swift,Midnight Rain,3rWDp9tBPQR9z6U5YyRSK4,83,2022,pop,0.643,0.363,0,-11.738,1,0.0767,0.69,5.17e-05,0.115,0.23,139.865,174783,4
2024-03-11 21:02,d4vd,Here With Me,242484,d4vd - here with me,569188,d4vd,Here With Me,78Sw5GDo6AlGwTwanjXbGh,92,2022,pop,0.574,0.469,4,-8.209,1,0.0254,0.534,9.21e-05,0.128,0.288,132.023,242485,4
2024-03-11 21:03,Ed Sheeran,The Joker And The Queen (feat. Taylor Swift),6263,ed sheeran - the joker and the queen (feat. taylor swift),569454,Ed Sheeran,The Joker And The Queen (feat. Taylor Swift),6N1K5OVVCopBjGViHs2IvP,70,2022,pop,0.528,0.309,0,-7.398,1,0.0329,0.924,2.1e-06,0.282,0.307,133.83,185422,4
2024-03-11 21:10,Selena Gomez,Fetish (feat. Gucci Mane),186112,selena gomez - fetish (feat. gucci mane),264809,Selena Gomez,Fetish (feat. Gucci Mane),4lnAN2S1fcI0SjxEbksZVr,71,2017,dance,0.708,0.618,2,-4.424,1,0.0592,0.0204,6.81e-06,0.062,0.265,123.013,186113,4
2024-03-11 21:14,Taylor Swift,You Belong With Me,231133,taylor swift - you belong with me,1238475,Taylor Swift,You Belong With Me,3GCL1PydwsLodcpv0Ll1ch,68,2008,pop,0.687,0.783,6,-4.44,1,0.0386,0.162,1.35e-05,0.114,0.443,129.964,231133,4
2024-03-11 21:22,Lana Del Rey,Million Dollar Man,230120,lana del rey - million dollar man,40394,Lana Del Rey,Million Dollar Man,4lXHVnmDO5u62tGJIpTafd,53,2012,pop,0.382,0.589,6,-5.991,1,0.0359,0.484,0.0,0.131,0.511,65.627,231574,4
2024-03-11 22:30,Taylor Swift,cardigan,239560,taylor swift - cardigan,461996,Taylor Swift,cardigan,4R2kfaDFhslZEMJqAFNpdd,84,2020,pop,0.613,0.581,0,-8.588,0,0.0424,0.537,0.000345,0.25,0.551,130.033,239560,4
2024-03-11 22:34,Lana Del Rey,Diet Mountain Dew,222920,lana del rey - diet mountain dew,40357,Lana Del Rey,Diet Mountain Dew,6BFnRhvKCclDQOajt8dBGi,67,2012,pop,0.442,0.68,10,-5.971,0,0.0858,0.284,0.0,0.421,0.601,176.09,222920,4
2024-03-11 22:38,Lana Del Rey,Summertime Sadness,265427,lana del rey - summertime sadness,40349,Lana Del Rey,Summertime Sadness,1Ist6PR2BZR3n2z2Y5R6S1,73,2012,pop,0.566,0.647,1,-6.815,0,0.0335,0.0477,0.0,0.121,0.22,111.96,264773,4
2024-03-11 22:40,Bruno Mars,When I Was Your Man,115213,bruno mars - when i was your man,40342,Bruno Mars,When I Was Your Man,0nJW01T7XtvILxQgC5J7Wh,87,2012,pop,0.612,0.28,0,-8.648,1,0.0434,0.932,0.0,0.088,0.387,72.795,213827,4
2024-03-11 22:44,Taylor Swift,Don’t Blame Me,236413,taylor swift - don’t blame me,293464,Taylor Swift,Don’t Blame Me,1R0a2iXumgCiFb7HEZ7gUE,85,2017,pop,0.615,0.534,9,-6.719,0,0.0386,0.106,1.76e-05,0.0607,0.193,135.917,236413,4
2024-03-11 22:51,Taylor Swift,The Man,190360,taylor swift - the man,406380,Taylor Swift,The Man,3RauEVgRgj1IuWdJ9fDs70,78,2019,pop,0.777,0.658,0,-5.191,1,0.054,0.0767,0.0,0.0901,0.633,110.048,190360,4
2024-03-11 22:55,Lana Del Rey,Sad Girl,221412,lana del rey - sad girl,146791,Lana Del Rey,Sad Girl,11MyiSGZSYSmhhqwGUTtAq,75,2014,pop,0.345,0.587,5,-8.346,1,0.0364,0.539,0.0731,0.119,0.258,119.479,317760,4
2024-03-11 23:00,Chase Atlantic,Friends,230010,chase atlantic - friends,197528,Chase Atlantic,Friends,2jQiSYrwJehQAcuaaQrXnS,79,2015,pop,0.422,0.609,11,-6.361,0,0.0335,0.0114,4.76e-06,0.108,0.0911,107.34,230011,3
2024-03-11 23:04,The Neighbourhood,Alleyways,267853,the neighbourhood - alleyways,56435,The Neighbourhood,Alleyways,4V37tyDu9CtqYshvrgLke4,59,2013,alt-rock,0.622,0.831,5,-4.819,0,0.0273,0.00102,0.803,0.119,0.363,101.03,267853,4
2024-03-11 23:07,Arctic Monkeys,Baby I'm Yours,152613,arctic monkeys - baby i'm yours,1076412,Arctic Monkeys,Baby I'm Yours,6FLqFu1ApSkUddZ9P4H6Io,58,2006,garage,0.462,0.595,2,-9.363,1,0.0347,0.215,0.0,0.184,0.64,113.719,152613,4
2024-03-11 23:17,Arctic Monkeys,Snap Out Of It,193030,arctic monkeys - snap out of it,77594,Arctic Monkeys,Snap Out Of It,0NdTUS4UiNYCNn5FgVqKQY,78,2013,garage,0.728,0.638,5,-6.455,0,0.0336,0.249,0.0,0.116,0.872,130.014,193030,4
2024-03-11 23:22,Chase Atlantic,Consume (feat. Goon Des Garcons),267920,chase atlantic - consume (feat. goon des garcons),293489,Chase Atlantic,Consume (feat. Goon Des Garcons),0X2bh8NVQ8svDQIn2AdCbW,77,2017,pop,0.556,0.714,9,-5.322,0,0.158,0.07,0.0,0.261,0.434,146.113,267920,4
2024-03-11 23:28,Chase Atlantic,HER,169720,chase atlantic - her,406529,Chase Atlantic,HER,5i7g9wTIruXgWKvA83BXlk,64,2019,pop,0.706,0.586,5,-5.404,0,0.066,0.106,5.43e-06,0.169,0.689,139.984,169714,4
2024-03-11 23:33,Cults,Always Forever,223746,cults - always forever,87537,Cults,Always Forever,2enPRFda84VE2wtI8c86Uf,78,2013,indie-pop,0.174,0.742,8,-5.93,1,0.0485,0.00181,0.281,0.198,0.36,163.378,223747,4
2024-03-12 01:35,Cigarettes After Sex,Kiss It Off Me,118896,cigarettes after sex - kiss it off me,368580,Cigarettes After Sex,Kiss It Off Me,1Mhf6QIO0UuVr2ZvQPgymt,62,2019,ambient,0.521,0.298,4,-12.471,1,0.0258,0.753,0.496,0.111,0.235,80.259,269933,4
2024-03-12 01:41,Cigarettes After Sex,Each Time You Fall in Love,290630,cigarettes after sex - each time you fall in love,255751,Cigarettes After Sex,Each Time You Fall In Love,6YbqjyoqQx9p13IndkOzeP,63,2017,ambient,0.383,0.534,10,-8.829,1,0.0277,0.468,0.676,0.14,0.276,76.046,290160,4
2024-03-12 01:45,The Neighbourhood,Fallen Star,224938,the neighbourhood - fallen star,478403,The Neighbourhood,Fallen Star,60F6pgM6H6miNr5AmjxwjL,68,2021,alt-rock,0.603,0.551,10,-6.259,0,0.0304,0.0696,0.0976,0.192,0.439,75.001,224939,4
2024-03-12 01:54,Cigarettes After Sex,Sunsetz,215150,cigarettes after sex - sunsetz,255747,Cigarettes After Sex,Sunsetz,69UqtTHfUKAJweQwEStRzC,77,2017,ambient,0.412,0.477,9,-9.381,0,0.029,0.0542,0.798,0.0975,0.141,75.302,214680,4
2024-03-12 01:58,Arctic Monkeys,She's Thunderstorms,17406,arctic monkeys - she's thunderstorms,1428149,Arctic Monkeys,She's Thunderstorms,5qm8ISXOho1EvFj6e4f4bG,46,2011,garage,0.505,0.898,7,-4.906,1,0.0329,0.000518,0.00236,0.173,0.731,118.929,234920,4
2024-03-12 01:58,Chase Atlantic,LIKE A ROCKSTAR,208111,chase atlantic - like a rockstar,406638,Chase Atlantic,LIKE A ROCKSTAR,1e5Zf1EU0TAitK207VOUY7,59,2019,pop,0.58,0.611,8,-6.33,0,0.0646,0.331,0.0,0.0982,0.463,81.55,208112,4
2024-03-12 02:02,The Neighbourhood,Afraid,251186,the neighbourhood - afraid,56398,The Neighbourhood,Afraid,7brQHA2CgQpcMBiOlfiXYb,74,2013,alt-rock,0.464,0.701,6,-5.693,0,0.0411,0.00892,0.309,0.335,0.356,83.996,251187,4
2024-03-12 02:07,Cigarettes After Sex,Pure,254626,cigarettes after sex - pure,368590,Cigarettes After Sex,Pure,5EYkide3NzE6gDIHvd4Pvz,53,2019,ambient,0.521,0.211,6,-13.489,0,0.0324,0.544,0.836,0.101,0.0412,134.285,254627,3
2024-03-12 02:10,Arctic Monkeys,I Wanna Be Yours,183956,arctic monkeys - i wanna be yours,77591,Arctic Monkeys,I Wanna Be Yours,5XeFesFbtLpXzIVDNQP22n,91,2013,garage,0.464,0.417,0,-9.345,0,0.0256,0.136,0.022,0.0974,0.479,67.528,183956,4
2024-03-12 02:16,Cigarettes After Sex,K.,320030,cigarettes after sex - k.,215605,Cigarettes After Sex,K.,36Zs84njjWZD3TGYE77WPC,47,2016,ambient,0.454,0.404,3,-10.26,1,0.027,0.146,0.819,0.141,0.313,94.113,319560,4
2024-03-12 02:18,Djo,End of Beginning,159245,djo - end of beginning,569335,Djo,End of Beginning,3qhlB30KknSejmIvZZLjOD,66,2022,pop,0.689,0.454,2,-7.643,1,0.0584,0.0351,0.00259,0.0707,0.912,159.982,159246,4
2024-03-12 02:23,Arctic Monkeys,Cornerstone,197973,arctic monkeys - cornerstone,1286929,Arctic Monkeys,Cornerstone,3MC4XRbQADJdW9IIIwbe2u,53,2009,garage,0.287,0.721,9,-5.81,1,0.0387,0.00764,0.0,0.328,0.763,169.252,197973,4
2024-03-12 04:21,Cigarettes After Sex,Apocalypse,290616,cigarettes after sex - apocalypse,255746,Cigarettes After Sex,Apocalypse,3AVrVz5rK8Hrqo9YGiVGN5,81,2017,ambient,0.369,0.467,5,-9.018,1,0.0274,0.0194,0.46,0.109,0.174,94.473,290147,4
2024-03-12 06:44,Arctic Monkeys,Baby I'm Yours,152613,arctic monkeys - baby i'm yours,1076412,Arctic Monkeys,Baby I'm Yours,6FLqFu1ApSkUddZ9P4H6Io,58,2006,garage,0.462,0.595,2,-9.363,1,0.0347,0.215,0.0,0.184,0.64,113.719,152613,4
2024-03-12 06:54,Cigarettes After Sex,Sweet,292110,cigarettes after sex - sweet,255748,Cigarettes After Sex,Sweet,3VSYkAf6f46i5ZkXOHORq1,72,2017,ambient,0.448,0.511,6,-9.084,1,0.0274,0.362,0.823,0.129,0.112,96.321,291640,4
2024-03-12 06:58,The Neighbourhood,Flawless,246493,the neighbourhood - flawless,56405,The Neighbourhood,Flawless,2Kt1XplPBQBsDKQDa6TssB,68,2013,alt-rock,0.568,0.871,0,-3.453,1,0.0308,0.0553,0.51,0.303,0.374,119.99,246493,4
2024-03-12 07:20,The Neighbourhood,Prey,12764,the neighbourhood - prey,162945,The Neighbourhood,Prey,38kjFXYgPvtuXCPbHPMGte,63,2015,alt-rock,0.517,0.779,9,-5.005,0,0.0477,0.0258,0.0,0.0622,0.197,115.206,282640,4
2024-03-13 07:58,The Neighbourhood,Afraid,18538,the neighbourhood - afraid,56398,The Neighbourhood,Afraid,7brQHA2CgQpcMBiOlfiXYb,74,2013,alt-rock,0.464,0.701,6,-5.693,0,0.0411,0.00892,0.309,0.335,0.356,83.996,251187,4
2024-03-13 20:45,Cigarettes After Sex,Truly,244110,cigarettes after sex - truly,255760,Cigarettes After Sex,Truly,6qwEx0TQJMEqvQdN8hRZDx,57,2017,ambient,0.44,0.387,4,-9.792,1,0.0279,0.148,0.559,0.0844,0.267,96.556,243640,4
2024-03-13 20:50,Chase Atlantic,The Walls,229840,chase atlantic - the walls,293625,Chase Atlantic,The Walls,5pXui9rkf5W90DgZobuDiK,62,2017,pop,0.357,0.704,0,-6.925,0,0.0828,0.326,1.54e-06,0.124,0.225,144.172,229840,4
2024-03-13 20:56,Cigarettes After Sex,You're the Only Good Thing In My Life,275186,cigarettes after sex - you're the only good thing in my life,368583,Cigarettes After Sex,You're the Only Good Thing in My Life,69BeOEL0DFLwA3WplXJxX5,59,2019,ambient,0.462,0.288,5,-11.199,1,0.0288,0.781,0.756,0.131,0.0589,130.164,275187,4
2024-03-13 20:59,Arctic Monkeys,Stop The World I Wanna Get Off With You,191040,arctic monkeys - stop the world i wanna get off with you,77598,Arctic Monkeys,Stop The World I Wanna Get Off With You,2QUlMbvD9bL8wHqfsoqoet,69,2013,garage,0.661,0.73,6,-6.779,0,0.0574,0.0537,3.44e-05,0.14,0.53,95.027,191040,4
2024-03-13 21:00,Arctic Monkeys,Brianstorm,3329,arctic monkeys - brianstorm,1145384,Arctic Monkeys,Brianstorm,5rTIpPWeO0IL4HWlGWrz5G,58,2007,garage,0.421,0.98,1,-4.229,1,0.212,8.39e-05,0.00125,0.237,0.435,165.193,170253,4
2024-03-13 21:02,d4vd,Romantic Homicide,132630,d4vd - romantic homicide,569185,d4vd,Romantic Homicide,1xK59OXxi2TAAAbmZK0kBL,90,2022,pop,0.571,0.544,6,-10.613,1,0.0299,0.453,0.00805,0.322,0.216,132.052,132631,4
2024-03-13 21:09,Cigarettes After Sex,Apocalypse,290616,cigarettes after sex - apocalypse,255746,Cigarettes After Sex,Apocalypse,3AVrVz5rK8Hrqo9YGiVGN5,81,2017,ambient,0.369,0.467,5,-9.018,1,0.0274,0.0194,0.46,0.109,0.174,94.473,290147,4
2024-03-13 21:13,The Neighbourhood,Flawless,246493,the neighbourhood - flawless,56405,The Neighbourhood,Flawless,2Kt1XplPBQBsDKQDa6TssB,68,2013,alt-rock,0.568,0.871,0,-3.453,1,0.0308,0.0553,0.51,0.303,0.374,119.99,246493,4
2024-03-13 21:17,The Neighbourhood,Scary Love,222666,the neighbourhood - scary love,311068,The Neighbourhood,Scary Love,6TA5aymvVrtiPVbuAwmPIc,65,2018,alt-rock,0.595,0.636,5,-5.981,0,0.0312,9.45e-05,0.0529,0.196,0.147,112.008,222667,4
2024-03-13 21:20,The Neighbourhood,You Get Me So High,153000,the neighbourhood - you get me so high,311043,The Neighbourhood,You Get Me So High,7zwn1eykZtZ5LODrf7c0tS,81,2018,alt-rock,0.551,0.881,7,-6.099,0,0.0542,0.186,0.0791,0.152,0.387,88.036,153000,4
2024-03-13 21:23,The Neighbourhood,Softcore,206280,the neighbourhood - softcore,311042,The Neighbourhood,Softcore,2K7xn816oNHJZ0aVqdQsha,84,2018,alt-rock,0.575,0.568,9,-5.509,0,0.03,0.0484,0.000417,0.286,0.37,93.986,206280,4
2024-03-13 21:27,Chase Atlantic,Right Here,235000,chase atlantic - right here,293542,Chase Atlantic,Right Here,2KtS31kaWNHs12Q5B43Ixh,70,2017,pop,0.351,0.587,6,-6.413,1,0.0413,0.00516,1.87e-05,0.121,0.221,159.881,235000,4
2024-03-13 22:36,Arctic Monkeys,She's Thunderstorms,234920,arctic monkeys - she's thunderstorms,1428149,Arctic Monkeys,She's Thunderstorms,5qm8ISXOho1EvFj6e4f4bG,46,2011,garage,0.505,0.898,7,-4.906,1,0.0329,0.000518,0.00236,0.173,0.731,118.929,234920,4
2024-03-13 22:40,The Neighbourhood,The Beach,191971,the neighbourhood - the beach,162917,The Neighbourhood,The Beach,2u0CelO5c81XS7z3dGpHbS,75,2015,alt-rock,0.245,0.64,2,-7.426,0,0.0608,0.131,8.11e-06,0.0766,0.105,135.739,255133,4
2024-03-13 22:46,The Neighbourhood,Reflections,244013,the neighbourhood - reflections,311045,The Neighbourhood,Reflections,2xql0pid3EUwW38AsywxhV,77,2018,alt-rock,0.648,0.594,11,-7.027,0,0.0293,0.114,0.0462,0.116,0.544,113.983,244013,4
2024-03-13 22:49,Arctic Monkeys,I Wanna Be Yours,183956,arctic monkeys - i wanna be yours,77591,Arctic Monkeys,I Wanna Be Yours,5XeFesFbtLpXzIVDNQP22n,91,2013,garage,0.464,0.417,0,-9.345,0,0.0256,0.136,0.022,0.0974,0.479,67.528,183956,4
2024-03-13 22:54,Cigarettes After Sex,Falling In Love,245840,cigarettes after sex - falling in love,368577,Cigarettes After Sex,Falling In Love,4m1jesCFX1gQtIRFirfwCW,65,2019,ambient,0.482,0.267,7,-11.638,1,0.0262,0.722,0.02,0.125,0.347,140.617,245840,4
2024-03-13 22:59,Cigarettes After Sex,Heavenly,286773,cigarettes after sex - heavenly,368576,Cigarettes After Sex,Heavenly,1Bh0UzthW8pKEnYg7v40Oa,69,2019,ambient,0.539,0.431,8,-9.298,1,0.0249,0.628,0.653,0.11,0.122,105.156,288595,4
2024-03-13 23:03,Cigarettes After Sex,Starry Eyes,206000,cigarettes after sex - starry eyes,2728,Cigarettes After Sex,Starry Eyes,2xfRDWDKOisEXgRnYI58Tb,59,2012,ambient,0.425,0.363,2,-15.32,1,0.0322,0.448,0.321,0.0685,0.12,100.426,206000,4
2024-03-13 23:07,Chase Atlantic,Church,220000,chase atlantic - church,293564,Chase Atlantic,Church,7bbYT48HWWIbL3YKmtMNzn,68,2017,pop,0.556,0.824,5,-4.539,0,0.0548,0.0109,0.0,0.112,0.292,112.99,220000,4
2024-03-13 23:12,Cigarettes After Sex,Pure,254626,cigarettes after sex - pure,368590,Cigarettes After Sex,Pure,5EYkide3NzE6gDIHvd4Pvz,53,2019,ambient,0.521,0.211,6,-13.489,0,0.0324,0.544,0.836,0.101,0.0412,134.285,254627,3
2024-03-13 23:16,Chase Atlantic,Swim,228786,chase atlantic - swim,293479,Chase Atlantic,Swim,3M0lSi5WW79CXQamgSBIjx,80,2017,pop,0.666,0.542,8,-6.429,1,0.0392,0.27,0.0,0.0765,0.0771,120.134,228787,4
2024-03-13 23:32,Chase Atlantic,Tidal Wave,243670,chase atlantic - tidal wave,350373,Chase Atlantic,Tidal Wave,2b2lL6iY3x1CSOv7QQbp8R,60,2018,pop,0.599,0.609,4,-5.14,1,0.052,0.565,2.11e-05,0.137,0.383,123.967,243707,4
2024-03-13 23:40,Arctic Monkeys,505,253586,arctic monkeys - 505,1145378,Arctic Monkeys,505,58ge6dfP91o9oXMzq3XkIS,80,2007,garage,0.52,0.852,0,-5.866,1,0.0543,0.00237,5.79e-05,0.0733,0.234,140.267,253587,4
2024-03-13 23:43,Arctic Monkeys,Why'd You Only Call Me When You're High?,161123,arctic monkeys - why'd you only call me when you're high?,77592,Arctic Monkeys,Why'd You Only Call Me When You're High?,086myS9r57YsLbJpU0TgK9,85,2013,garage,0.691,0.631,2,-6.478,1,0.0368,0.0483,1.13e-05,0.104,0.8,92.004,161124,4
2024-03-13 23:47,Chase Atlantic,Into It,169202,chase atlantic - into it,293490,Chase Atlantic,Into It,4HwDCXsMBC7SUdp2WT4MZP,77,2017,pop,0.518,0.572,10,-6.706,0,0.0416,0.0503,2.41e-05,0.129,0.291,130.053,196767,4
2024-03-14 02:45,The Neighbourhood,Prey,270137,the neighbourhood - prey,162945,The Neighbourhood,Prey,38kjFXYgPvtuXCPbHPMGte,63,2015,alt-rock,0.517,0.779,9,-5.005,0,0.0477,0.0258,0.0,0.0622,0.197,115.206,282640,4
2024-03-14 02:46,Arctic Monkeys,Brianstorm,84273,arctic monkeys - brianstorm,1145384,Arctic Monkeys,Brianstorm,5rTIpPWeO0IL4HWlGWrz5G,58,2007,garage,0.421,0.98,1,-4.229,1,0.212,8.39e-05,0.00125,0.237,0.435,165.193,170253,4
2024-03-14 02:51,James Arthur,Car's Outside,248373,james arthur - car's outside,406437,James Arthur,Car's Outside,0otRX6Z89qKkHkQ9OqJpKt,81,2019,pop,0.338,0.562,9,-7.181,1,0.029,0.039,0.0,0.107,0.259,149.907,248373,4
2024-03-14 02:56,The Neighbourhood,Alleyways,267853,the neighbourhood - alleyways,56435,The Neighbourhood,Alleyways,4V37tyDu9CtqYshvrgLke4,59,2013,alt-rock,0.622,0.831,5,-4.819,0,0.0273,0.00102,0.803,0.119,0.363,101.03,267853,4
2024-03-14 03:00,The Neighbourhood,Leaving Tonight,203866,the neighbourhood - leaving tonight,1840,The Neighbourhood,Leaving Tonight,6C0T7QMpmeDoDkke32Ctqb,54,2012,alt-rock,0.566,0.681,9,-5.443,0,0.0299,0.0149,0.0,0.104,0.187,119.916,203880,4
2024-03-14 04:28,Arctic Monkeys,Snap Out Of It,193030,arctic monkeys - snap out of it,77594,Arctic Monkeys,Snap Out Of It,0NdTUS4UiNYCNn5FgVqKQY,78,2013,garage,0.728,0.638,5,-6.455,0,0.0336,0.249,0.0,0.116,0.872,130.014,193030,4
2024-03-14 04:28,Cigarettes After Sex,Heavenly,5339,cigarettes after sex - heavenly,368576,Cigarettes After Sex,Heavenly,1Bh0UzthW8pKEnYg7v40Oa,69,2019,ambient,0.539,0.431,8,-9.298,1,0.0249,0.628,0.653,0.11,0.122,105.156,288595,4
2024-03-14 04:31,Taylor Swift,Midnight Rain,174782,taylor swift - midnight rain,569203,Taylor Swift,Midnight Rain,3rWDp9tBPQR9z6U5YyRSK4,83,2022,pop,0.643,0.363,0,-11.738,1,0.0767,0.69,5.17e-05,0.115,0.23,139.865,174783,4
2024-03-14 04:36,Taylor Swift,cardigan,239560,taylor swift - cardigan,461996,Taylor Swift,cardigan,4R2kfaDFhslZEMJqAFNpdd,84,2020,pop,0.613,0.581,0,-8.588,0,0.0424,0.537,0.000345,0.25,0.551,130.033,239560,4
2024-03-14 04:41,Lana Del Rey,Cinnamon Girl,300683,lana del rey - cinnamon girl,406385,Lana Del Rey,Cinnamon Girl,2mdEsXPu8ZmkHRRtAdC09e,79,2019,pop,0.294,0.337,6,-10.614,0,0.036,0.814,0.414,0.14,0.135,91.781,300683,5
2024-03-14 04:45,Heize,내 맘을 볼 수 있나요,225785,heize - 내 맘을 볼 수 있나요,401257,HEIZE,내 맘을 볼 수 있나요,2oVHb8wyg6oC2iNpGBNvx1,60,2019,k-pop,0.397,0.166,9,-10.678,1,0.0349,0.884,0.0,0.1,0.131,134.708,225786,4
2024-03-14 04:48,Melanie Martinez,"Tag, You're It",189026,"melanie martinez - tag, you're it",175408,Melanie Martinez,"Tag, You're It",3u1FiuSpfsgVnekEMXgMwJ,72,2015,electro,0.559,0.835,5,-5.555,0,0.0424,0.24,0.019,0.185,0.382,114.908,189027,4
2024-03-14 04:50,Bruno Mars,Grenade,87452,bruno mars - grenade,591097,Bruno Mars,Grenade,4m14b57FPuVPPEHu3z4c9q,0,2023,dance,0.706,0.558,2,-7.237,0,0.0596,0.146,0.0,0.118,0.228,110.444,223253,4
2024-03-14 04:54,Lana Del Rey,Pretty When You Cry,234146,lana del rey - pretty when you cry,146790,Lana Del Rey,Pretty When You Cry,6PnluwP0fjGnpIBsqTdUTq,74,2014,pop,0.509,0.547,10,-6.548,0,0.0417,0.399,0.0,0.215,0.197,109.436,234147,4
2024-03-14 04:58,Taylor Swift,Love Story,235266,taylor swift - love story,1238481,Taylor Swift,Love Story,1vrd6UOGamcKNGnSHJQlSt,67,2008,pop,0.618,0.741,2,-3.95,1,0.031,0.17,0.0,0.0822,0.296,118.984,235267,4
2024-03-14 05:02,Laufey,Falling Behind,173640,laufey - falling behind,577944,Laufey,Falling Behind,4KGGeE7RJsgLNZmnxGFlOj,63,2022,singer-songwriter,0.449,0.353,7,-12.986,1,0.0915,0.942,0.0786,0.109,0.55,165.888,173640,4
2024-03-14 05:04,beabadoobee,Glue Song,135066,beabadoobee - glue song,606469,beabadoobee,Glue Song,3iBgrkexCzVuPy4O9vx7Mf,82,2023,indie-pop,0.62,0.409,1,-10.146,1,0.0282,0.77,0.0542,0.105,0.582,113.946,135067,3
2024-03-14 05:09,James Arthur,Car's Outside,248373,james arthur - car's outside,406437,James Arthur,Car's Outside,0otRX6Z89qKkHkQ9OqJpKt,81,2019,pop,0.338,0.562,9,-7.181,1,0.029,0.039,0.0,0.107,0.259,149.907,248373,4
2024-03-14 05:53,Taylor Swift,Anti-Hero,1536,taylor swift - anti-hero,569187,Taylor Swift,Anti-Hero,0V3wPSX9ygBnCm8psDIegu,92,2022,pop,0.637,0.643,4,-6.571,1,0.0519,0.13,1.8e-06,0.142,0.533,97.008,200690,4
2024-03-14 05:53,Taylor Swift,Anti-Hero,153522,taylor swift - anti-hero,569187,Taylor Swift,Anti-Hero,0V3wPSX9ygBnCm8psDIegu,92,2022,pop,0.637,0.643,4,-6.571,1,0.0519,0.13,1.8e-06,0.142,0.533,97.008,200690,4
2024-03-14 06:01,Selena Gomez,Fetish (feat. Gucci Mane),186112,selena gomez - fetish (feat. gucci mane),264809,Selena Gomez,Fetish (feat. Gucci Mane),4lnAN2S1fcI0SjxEbksZVr,71,2017,dance,0.708,0.618,2,-4.424,1,0.0592,0.0204,6.81e-06,0.062,0.265,123.013,186113,4
2024-03-14 06:05,Taylor Swift,Safe & Sound - from The Hunger Games Soundtrack,240066,taylor swift - safe & sound - from the hunger games soundtrack,40377,Taylor Swift,Safe & Sound - from The Hunger Games Soundtrack,0z9UVN8VBHJ9HdfYsOuuNf,64,2012,pop,0.471,0.3,7,-10.807,1,0.028,0.883,1.05e-05,0.0698,0.289,144.319,240067,4
2024-03-14 06:09,Taylor Swift,Bejeweled,194165,taylor swift - bejeweled,569211,Taylor Swift,Bejeweled,3qoftcUZaUOncvIYjFSPdE,80,2022,pop,0.696,0.559,7,-9.19,1,0.0693,0.0618,5.58e-05,0.0887,0.433,163.999,194166,4
2024-03-14 06:13,New West,Those Eyes,220750,new west - those eyes,399063,New West,Those Eyes,50x1Ic8CaXkYNvjmxe3WXy,87,2019,indie-pop,0.593,0.352,4,-8.296,1,0.0284,0.695,2.22e-05,0.3,0.226,119.988,220750,3
2024-03-14 06:17,Eddy Kim,긴 밤이 오면,226991,eddy kim - 긴 밤이 오면,288554,Eddy Kim,긴 밤이 오면,5LiWJsSSjZh7Y3hqml18Ki,54,2017,k-pop,0.48,0.501,5,-5.511,1,0.0296,0.624,0.0,0.0748,0.222,110.889,226992,4
2024-03-14 06:21,Taylor Swift,The Man,190360,taylor swift - the man,406380,Taylor Swift,The Man,3RauEVgRgj1IuWdJ9fDs70,78,2019,pop,0.777,0.658,0,-5.191,1,0.054,0.0767,0.0,0.0901,0.633,110.048,190360,4
2024-03-14 06:25,Bruno Mars,Talking to the Moon,217866,bruno mars - talking to the moon,591100,Bruno Mars,Talking to the Moon,5PjJRQ0XKlAzBY9hLdv4dr,0,2023,dance,0.523,0.607,1,-4.754,0,0.03,0.512,0.0,0.106,0.0651,145.837,217867,4
2024-03-14 06:29,Lana Del Rey,Dark Paradise,243187,lana del rey - dark paradise,40368,Lana Del Rey,Dark Paradise,2Y115i0IhELJhyyftvoSFt,62,2012,pop,0.6,0.653,1,-8.309,0,0.0594,0.0953,0.0,0.122,0.43,119.994,243187,4
2024-03-14 06:34,Taylor Swift,All Of The Girls You Loved Before,221407,taylor swift - all of the girls you loved before,406371,Taylor Swift,All Of The Girls You Loved Before,4P9Q0GojKVXpRTJCaL3kyy,82,2019,pop,0.718,0.467,2,-9.66,1,0.0398,0.707,6.92e-05,0.126,0.396,95.96,221407,3
2024-03-14 06:37,Lana Del Rey,Doin' Time,202192,lana del rey - doin' time,406379,Lana Del Rey,Doin' Time,0Oqc0kKFsQ6MhFOLBNZIGX,81,2019,pop,0.641,0.559,7,-11.132,0,0.0355,0.404,0.00402,0.0937,0.523,144.982,202193,4
2024-03-14 06:42,Taylor Swift,Karma,204852,taylor swift - karma,569212,Taylor Swift,Karma,7KokYm8cMIXCsGVmUvKtqf,80,2022,pop,0.642,0.62,8,-7.091,1,0.0666,0.0734,0.0,0.483,0.0969,90.02,204852,4
2024-03-14 07:37,Sam Smith,I'm Not The Only One,239316,sam smith - i'm not the only one,146770,Sam Smith,I'm Not The Only One,7795WJLVKJoAyVoOtCWqXN,84,2014,pop,0.677,0.485,5,-5.795,1,0.0361,0.529,2.04e-05,0.0766,0.493,82.001,239317,4
2024-03-14 07:41,Selena Gomez,People You Know,194900,selena gomez - people you know,433234,Selena Gomez,People You Know,63mdJr3NMY3wReOkNE6c6W,78,2020,dance,0.695,0.62,8,-8.082,0,0.0521,0.0881,5.43e-05,0.111,0.62,150.032,194900,4
2024-03-14 23:28,Taylor Swift,my tears ricochet,255893,taylor swift - my tears ricochet,462020,Taylor Swift,my tears ricochet,1MgV7FIyNxIG7WzMRJV5HC,74,2020,pop,0.456,0.263,0,-10.63,1,0.0332,0.806,0.0,0.0749,0.111,129.86,255894,4
2024-03-14 23:32,Justin Bieber,Ghost,14923,justin bieber - ghost,515568,Justin Bieber,Ghost,6I3mqTwhRpn34SLVafSH7G,85,2021,pop,0.601,0.741,2,-5.569,1,0.0478,0.185,2.91e-05,0.415,0.441,153.96,153190,4
2024-03-14 23:32,Olivia O'Brien,Complicated,189000,olivia o'brien - complicated,197592,Olivia O'Brien,Complicated,0jllH0usRFD4LJkJnGK9Lf,67,2015,pop,0.657,0.355,7,-12.044,1,0.0714,0.694,0.000427,0.123,0.0808,74.99,189000,4
2024-03-14 23:36,Ellie Goulding,My Blood,234184,ellie goulding - my blood,12165,Ellie Goulding,My Blood,6knYNyQupBIbBxV8TMOMYM,58,2012,dance,0.476,0.592,9,-5.283,0,0.029,0.556,0.0,0.281,0.306,87.003,234185,4
2024-03-14 23:41,Olivia Rodrigo,traitor,229226,olivia rodrigo - traitor,515570,Olivia Rodrigo,traitor,5CZ40GBx1sQ9agT82CLQCT,84,2021,pop,0.38,0.339,3,-7.885,1,0.0338,0.691,0.0,0.12,0.0849,100.607,229227,4
2024-03-14 23:45,d4vd,Here With Me,242484,d4vd - here with me,569188,d4vd,Here With Me,78Sw5GDo6AlGwTwanjXbGh,92,2022,pop,0.574,0.469,4,-8.209,1,0.0254,0.534,9.21e-05,0.128,0.288,132.023,242485,4
2024-03-14 23:53,Taylor Swift,All Too Well (Taylor's Version),329160,taylor swift - all too well (taylor's version),515629,Taylor Swift,All Too Well (Taylor's Version),3nsfB1vus2qaloUdcBZvDu,71,2021,pop,0.44,0.528,0,-7.809,1,0.0317,0.0171,0.00203,0.234,0.132,185.972,329160,4
2024-03-14 23:56,Olivia Rodrigo,"jealousy, jealousy",173160,"olivia rodrigo - jealousy, jealousy",515579,Olivia Rodrigo,"jealousy, jealousy",0MMyJUC3WNnFS1lit5pTjk,80,2021,pop,0.695,0.575,10,-6.334,0,0.116,0.198,0.0,0.0614,0.699,163.929,173160,4
2024-03-15 00:02,Olivia Rodrigo,deja vu,215506,olivia rodrigo - deja vu,515572,Olivia Rodrigo,deja vu,6HU7h9RYOaPRFeh0R3UeAr,83,2021,pop,0.442,0.612,2,-7.222,1,0.112,0.584,5.7e-06,0.37,0.178,180.917,215507,4
2024-03-15 00:07,Cigarettes After Sex,K.,320030,cigarettes after sex - k.,215605,Cigarettes After Sex,K.,36Zs84njjWZD3TGYE77WPC,47,2016,ambient,0.454,0.404,3,-10.26,1,0.027,0.146,0.819,0.141,0.313,94.113,319560,4
2024-03-15 00:09,Keane,Somewhere Only We Know,1630,keane - somewhere only we know,93054,Keane,Somewhere Only We Know,7AQAlklmptrrkBSeujkXsD,54,2013,piano,0.442,0.606,9,-5.825,1,0.0259,0.0678,1.43e-05,0.0973,0.359,171.982,235880,4
2024-03-15 00:09,Alessia Cara,Out Of Love,57317,alessia cara - out of love,327783,Alessia Cara,Out Of Love,4WzhjxvLP95y7AMDy0Atwb,70,2018,electro,0.481,0.267,7,-9.249,1,0.0339,0.8,0.0,0.249,0.137,117.64,227693,3
2024-03-15 00:09,Lana Del Rey,Summertime Sadness,9400,lana del rey - summertime sadness,40349,Lana Del Rey,Summertime Sadness,1Ist6PR2BZR3n2z2Y5R6S1,73,2012,pop,0.566,0.647,1,-6.815,0,0.0335,0.0477,0.0,0.121,0.22,111.96,264773,4
2024-03-15 00:13,The Neighbourhood,The Beach,255133,the neighbourhood - the beach,162917,The Neighbourhood,The Beach,2u0CelO5c81XS7z3dGpHbS,75,2015,alt-rock,0.245,0.64,2,-7.426,0,0.0608,0.131,8.11e-06,0.0766,0.105,135.739,255133,4
2024-03-15 00:23,The Neighbourhood,Prey,282640,the neighbourhood - prey,162945,The Neighbourhood,Prey,38kjFXYgPvtuXCPbHPMGte,63,2015,alt-rock,0.517,0.779,9,-5.005,0,0.0477,0.0258,0.0,0.0622,0.197,115.206,282640,4
2024-03-15 00:28,Cigarettes After Sex,Truly,244110,cigarettes after sex - truly,255760,Cigarettes After Sex,Truly,6qwEx0TQJMEqvQdN8hRZDx,57,2017,ambient,0.44,0.387,4,-9.792,1,0.0279,0.148,0.559,0.0844,0.267,96.556,243640,4
2024-03-15 00:29,Arctic Monkeys,R U Mine?,16124,arctic monkeys - r u mine?,23776,Arctic Monkeys,R U Mine?,6XnNiyYTxhxuC0zpP22M7C,34,2012,garage,0.52,0.785,6,-4.765,0,0.0329,0.0468,0.0,0.698,0.679,96.996,200188,4
2024-03-15 00:37,Chase Atlantic,The Walls,229840,chase atlantic - the walls,293625,Chase Atlantic,The Walls,5pXui9rkf5W90DgZobuDiK,62,2017,pop,0.357,0.704,0,-6.925,0,0.0828,0.326,1.54e-06,0.124,0.225,144.172,229840,4
2024-03-15 00:42,Chase Atlantic,OHMAMI,226835,chase atlantic - ohmami,515742,Chase Atlantic,OHMAMI,2zVaxB54fNngkbWs5uZnla,66,2021,pop,0.625,0.717,10,-5.796,0,0.121,0.0476,8.73e-05,0.277,0.398,126.004,226835,4
2024-03-15 00:46,Arctic Monkeys,505,253586,arctic monkeys - 505,1145378,Arctic Monkeys,505,58ge6dfP91o9oXMzq3XkIS,80,2007,garage,0.52,0.852,0,-5.866,1,0.0543,0.00237,5.79e-05,0.0733,0.234,140.267,253587,4
2024-03-15 01:07,James Arthur,Car's Outside,155230,james arthur - car's outside,406437,James Arthur,Car's Outside,0otRX6Z89qKkHkQ9OqJpKt,81,2019,pop,0.338,0.562,9,-7.181,1,0.029,0.039,0.0,0.107,0.259,149.907,248373,4
2024-03-15 01:11,Cigarettes After Sex,Sweet,292110,cigarettes after sex - sweet,255748,Cigarettes After Sex,Sweet,3VSYkAf6f46i5ZkXOHORq1,72,2017,ambient,0.448,0.511,6,-9.084,1,0.0274,0.362,0.823,0.129,0.112,96.321,291640,4
2024-03-15 01:16,The Neighbourhood,Fallen Star,224938,the neighbourhood - fallen star,478403,The Neighbourhood,Fallen Star,60F6pgM6H6miNr5AmjxwjL,68,2021,alt-rock,0.603,0.551,10,-6.259,0,0.0304,0.0696,0.0976,0.192,0.439,75.001,224939,4
2024-03-15 01:20,Cigarettes After Sex,Starry Eyes,206000,cigarettes after sex - starry eyes,2728,Cigarettes After Sex,Starry Eyes,2xfRDWDKOisEXgRnYI58Tb,59,2012,ambient,0.425,0.363,2,-15.32,1,0.0322,0.448,0.321,0.0685,0.12,100.426,206000,4
2024-03-15 01:24,Arctic Monkeys,She's Thunderstorms,234920,arctic monkeys - she's thunderstorms,1428149,Arctic Monkeys,She's Thunderstorms,5qm8ISXOho1EvFj6e4f4bG,46,2011,garage,0.505,0.898,7,-4.906,1,0.0329,0.000518,0.00236,0.173,0.731,118.929,234920,4
2024-03-15 01:29,The Neighbourhood,Daddy Issues,260173,the neighbourhood - daddy issues,162916,The Neighbourhood,Daddy Issues,5E30LdtzQTGqRvNd7l6kG5,84,2015,alt-rock,0.588,0.521,10,-9.461,1,0.0329,0.0678,0.149,0.123,0.337,85.012,260173,4
2024-03-15 01:33,Arctic Monkeys,Cornerstone,197973,arctic monkeys - cornerstone,1286929,Arctic Monkeys,Cornerstone,3MC4XRbQADJdW9IIIwbe2u,53,2009,garage,0.287,0.721,9,-5.81,1,0.0387,0.00764,0.0,0.328,0.763,169.252,197973,4
2024-03-15 01:36,The Neighbourhood,Leaving Tonight,203866,the neighbourhood - leaving tonight,1840,The Neighbourhood,Leaving Tonight,6C0T7QMpmeDoDkke32Ctqb,54,2012,alt-rock,0.566,0.681,9,-5.443,0,0.0299,0.0149,0.0,0.104,0.187,119.916,203880,4
2024-03-15 01:40,Chase Atlantic,Numb to the Feeling,227586,chase atlantic - numb to the feeling,350308,Chase Atlantic,Numb to the Feeling,102cCjW3CnC3sws3qOhie8,63,2018,pop,0.695,0.737,5,-5.75,0,0.122,0.232,0.0,0.136,0.248,129.999,227587,4
2024-03-15 01:44,The Neighbourhood,Afraid,251186,the neighbourhood - afraid,56398,The Neighbourhood,Afraid,7brQHA2CgQpcMBiOlfiXYb,74,2013,alt-rock,0.464,0.701,6,-5.693,0,0.0411,0.00892,0.309,0.335,0.356,83.996,251187,4
2024-03-15 01:48,Chase Atlantic,LIKE A ROCKSTAR,208111,chase atlantic - like a rockstar,406638,Chase Atlantic,LIKE A ROCKSTAR,1e5Zf1EU0TAitK207VOUY7,59,2019,pop,0.58,0.611,8,-6.33,0,0.0646,0.331,0.0,0.0982,0.463,81.55,208112,4
2024-03-15 01:53,Chase Atlantic,HEAVEN AND BACK,248240,chase atlantic - heaven and back,406526,Chase Atlantic,HEAVEN AND BACK,5dewQ7ojISR32NAYNHFYWC,66,2019,pop,0.309,0.793,10,-6.195,0,0.0774,0.0902,0.092,0.0888,0.532,193.714,248240,4
2024-03-15 02:04,Chase Atlantic,Swim,140113,chase atlantic - swim,293479,Chase Atlantic,Swim,3M0lSi5WW79CXQamgSBIjx,80,2017,pop,0.666,0.542,8,-6.429,1,0.0392,0.27,0.0,0.0765,0.0771,120.134,228787,4
2024-03-15 02:09,Djo,End of Beginning,13491,djo - end of beginning,569335,Djo,End of Beginning,3qhlB30KknSejmIvZZLjOD,66,2022,pop,0.689,0.454,2,-7.643,1,0.0584,0.0351,0.00259,0.0707,0.912,159.982,159246,4
2024-03-15 03:40,Djo,End of Beginning,159245,djo - end of beginning,569335,Djo,End of Beginning,3qhlB30KknSejmIvZZLjOD,66,2022,pop,0.689,0.454,2,-7.643,1,0.0584,0.0351,0.00259,0.0707,0.912,159.982,159246,4
2024-03-15 03:46,Chase Atlantic,Into It,196767,chase atlantic - into it,293490,Chase Atlantic,Into It,4HwDCXsMBC7SUdp2WT4MZP,77,2017,pop,0.518,0.572,10,-6.706,0,0.0416,0.0503,2.41e-05,0.129,0.291,130.053,196767,4
2024-03-15 03:50,Cigarettes After Sex,Pure,254626,cigarettes after sex - pure,368590,Cigarettes After Sex,Pure,5EYkide3NzE6gDIHvd4Pvz,53,2019,ambient,0.521,0.211,6,-13.489,0,0.0324,0.544,0.836,0.101,0.0412,134.285,254627,3
2024-03-15 03:55,Arctic Monkeys,505,253586,arctic monkeys - 505,1145378,Arctic Monkeys,505,58ge6dfP91o9oXMzq3XkIS,80,2007,garage,0.52,0.852,0,-5.866,1,0.0543,0.00237,5.79e-05,0.0733,0.234,140.267,253587,4
2024-03-15 03:59,Chase Atlantic,Numb to the Feeling,227586,chase atlantic - numb to the feeling,350308,Chase Atlantic,Numb to the Feeling,102cCjW3CnC3sws3qOhie8,63,2018,pop,0.695,0.737,5,-5.75,0,0.122,0.232,0.0,0.136,0.248,129.999,227587,4
2024-03-15 04:03,The Neighbourhood,Baby Came Home,226880,the neighbourhood - baby came home,1880,The Neighbourhood,Baby Came Home,3ypXE4brttsQR3OLLZbLZB,50,2012,alt-rock,0.639,0.571,0,-5.766,1,0.0284,0.0127,0.00283,0.0963,0.273,113.037,226893,4
2024-03-15 04:09,The Neighbourhood,Reflections,47732,the neighbourhood - reflections,311045,The Neighbourhood,Reflections,2xql0pid3EUwW38AsywxhV,77,2018,alt-rock,0.648,0.594,11,-7.027,0,0.0293,0.114,0.0462,0.116,0.544,113.983,244013,4
2024-03-15 04:14,Lana Del Rey,Cinnamon Girl,300683,lana del rey - cinnamon girl,406385,Lana Del Rey,Cinnamon Girl,2mdEsXPu8ZmkHRRtAdC09e,79,2019,pop,0.294,0.337,6,-10.614,0,0.036,0.814,0.414,0.14,0.135,91.781,300683,5
2024-03-15 04:18,Justin Bieber,Intentions,5452,justin bieber - intentions,462066,Justin Bieber,Intentions,364dI1bYnvamSnBJ8JcNzN,70,2020,pop,0.811,0.553,9,-6.644,1,0.0552,0.317,0.0,0.105,0.86,148.014,212869,4
2024-03-15 04:18,d4vd,Here With Me,242484,d4vd - here with me,569188,d4vd,Here With Me,78Sw5GDo6AlGwTwanjXbGh,92,2022,pop,0.574,0.469,4,-8.209,1,0.0254,0.534,9.21e-05,0.128,0.288,132.023,242485,4
2024-03-15 04:21,Avril Lavigne,Complicated,154001,avril lavigne - complicated,805043,Avril Lavigne,Complicated,5xEM5hIgJ1jjgcEBfpkt2F,78,2002,dance,0.585,0.776,5,-5.898,1,0.0459,0.0572,7.74e-06,0.3,0.427,77.987,244507,4
2024-03-15 20:31,Demi Lovato,Give Your Heart a Break,2860,demi lovato - give your heart a break,1412816,Demi Lovato,Give Your Heart a Break,3sP3c86WFjOzHHnbhhZcLA,69,2011,dance,0.651,0.695,6,-3.218,1,0.0487,0.23,0.0,0.144,0.569,123.008,205347,4
2024-03-15 20:31,Taylor Swift,Anti-Hero,3720,taylor swift - anti-hero,569187,Taylor Swift,Anti-Hero,0V3wPSX9ygBnCm8psDIegu,92,2022,pop,0.637,0.643,4,-6.571,1,0.0519,0.13,1.8e-06,0.142,0.533,97.008,200690,4
2024-03-15 20:35,The Weeknd,The Hills,242253,the weeknd - the hills,197514,The Weeknd,The Hills,7fBv7CLKzipRk6EC6TWHOB,86,2015,pop,0.585,0.564,0,-7.063,0,0.0515,0.0671,0.0,0.135,0.137,113.003,242253,4
2024-03-15 20:39,A-Wall,Loverboy,134076,a-wall - loverboy,406424,A-Wall,Loverboy,0qXP5fMhxGzxALOkXYUxfP,70,2019,pop,0.604,0.466,0,-10.093,1,0.0315,0.649,0.0334,0.093,0.499,120.045,224520,4
2024-03-15 20:47,ZAYN,I Don’t Wanna Live Forever (Fifty Shades Darker),247160,zayn - i don’t wanna live forever (fifty shades darker),264785,ZAYN,I Don’t Wanna Live Forever (Fifty Shades Darker),55n9yjI6qqXh5F2mYvUc2y,77,2017,dance,0.731,0.445,0,-8.418,1,0.0533,0.0586,1.96e-05,0.14,0.106,117.97,247160,4
2024-03-15 20:53,Taylor Swift,Enchanted,352186,taylor swift - enchanted,1380362,Taylor Swift,Enchanted,10eBRyImhfqVvkiVEGf0N0,73,2010,pop,0.455,0.623,8,-3.878,1,0.0288,0.0739,0.000424,0.146,0.208,163.893,352187,4
2024-03-15 20:56,Nicki Minaj,Va Va Voom,183560,nicki minaj - va va voom,12157,Nicki Minaj,Va Va Voom,2jATUzETZL49e6SywauZKE,64,2012,dance,0.648,0.836,8,-3.394,1,0.0316,0.0625,0.00995,0.202,0.705,126.889,183560,4
2024-03-15 20:58,James Bay,Let It Go,1490,james bay - let it go,146785,James Bay,Let It Go,13HVjjWUZFaWilh2QUJKsP,68,2014,pop,0.546,0.311,1,-10.396,1,0.0288,0.818,1.65e-05,0.107,0.246,147.464,260533,4
2024-03-15 20:58,Taylor Swift,All Too Well (Taylor's Version),1560,taylor swift - all too well (taylor's version),515629,Taylor Swift,All Too Well (Taylor's Version),3nsfB1vus2qaloUdcBZvDu,71,2021,pop,0.44,0.528,0,-7.809,1,0.0317,0.0171,0.00203,0.234,0.132,185.972,329160,4
2024-03-15 20:58,Zac Efron,Rewrite The Stars,5840,zac efron - rewrite the stars,264801,Zac Efron,Rewrite The Stars,65fpYBrI8o2cfrwf2US4gq,71,2017,dance,0.684,0.619,10,-7.005,1,0.0386,0.0716,0.0,0.122,0.284,125.046,217440,4
2024-03-15 20:58,Zac Efron,Rewrite The Stars,5840,zac efron - rewrite the stars,523861,Zac Efron,Rewrite the Stars,36WulNibylWVb07PazOJQN,5,2021,show-tunes,0.685,0.619,10,-7.005,1,0.0386,0.0716,0.0,0.122,0.284,125.044,217440,4
2024-03-15 20:58,Taylor Swift,We Are Never Ever Getting Back Together,63655,taylor swift - we are never ever getting back together,40360,Taylor Swift,We Are Never Ever Getting Back Together,0VwNdo84DaVYLIkbVO86ND,74,2012,pop,0.628,0.676,7,-5.911,1,0.0916,0.00957,2.65e-05,0.121,0.75,85.984,193147,4
2024-03-15 21:02,Ellie Goulding,My Blood,234184,ellie goulding - my blood,12165,Ellie Goulding,My Blood,6knYNyQupBIbBxV8TMOMYM,58,2012,dance,0.476,0.592,9,-5.283,0,0.029,0.556,0.0,0.281,0.306,87.003,234185,4
2024-03-15 21:06,Lana Del Rey,Young And Beautiful,236053,lana del rey - young and beautiful,93567,Lana Del Rey,Young And Beautiful,2nMeu6UenVvwUktBCpLMK9,81,2013,pop,0.324,0.416,11,-8.92,0,0.0368,0.262,3.69e-05,0.11,0.151,113.986,236053,4
2024-03-15 21:11,Backstreet Boys,Everybody (Backstreet's Back) - Radio Edit,225360,backstreet boys - everybody (backstreet's back) - radio edit,66286,Backstreet Boys,Everybody (Backstreet's Back) - Radio Edit,4rTeOSYqwXNz5qPR2DUTFZ,63,2013,dance,0.735,0.873,10,-3.493,0,0.0402,0.025,3.27e-06,0.265,0.586,108.021,224960,4
2024-03-15 21:18,Taylor Swift,Lover,221306,taylor swift - lover,406372,Taylor Swift,Lover,1dGr1c8CrMLDpV6mPbImSI,83,2019,pop,0.359,0.543,7,-7.582,1,0.0919,0.492,1.58e-05,0.118,0.453,68.534,221307,4
2024-03-15 21:23,The Weeknd,Die For You,260253,the weeknd - die for you,612505,The Weeknd,Die For You,2D43Jia9ZFY5AtCjbRczKd,0,2023,pop,0.434,0.528,1,-7.152,0,0.0798,0.111,0.0,0.157,0.445,65.687,260256,4
2024-03-15 21:27,NIKI,Every Summertime,215686,niki - every summertime,515634,NIKI,Every Summertime,68HocO7fx9z0MgDU0ZPHro,76,2021,pop,0.628,0.676,6,-4.227,1,0.0424,0.393,6.94e-05,0.0978,0.723,78.996,215687,4
2024-03-15 22:29,The Weeknd,I Feel It Coming,77057,the weeknd - i feel it coming,612506,The Weeknd,I Feel It Coming,1GDoL9pnaoaidiOFUQ7x3c,0,2023,pop,0.773,0.82,0,-5.897,0,0.115,0.394,0.0,0.0739,0.555,92.996,269187,4
2024-03-15 22:31,The Weeknd,Save Your Tears,143970,the weeknd - save your tears,461993,The Weeknd,Save Your Tears,5QO79kh1waicV47BqGRL3g,87,2020,pop,0.68,0.826,0,-5.487,1,0.0309,0.0212,1.24e-05,0.543,0.644,118.051,215627,4
2024-03-15 22:35,The Weeknd,Can't Feel My Face,213520,the weeknd - can't feel my face,197519,The Weeknd,Can't Feel My Face,22VdIZQfgXJea34mQxlt81,81,2015,pop,0.705,0.769,9,-5.526,0,0.0425,0.113,0.0,0.105,0.583,107.949,213520,4
2024-03-15 22:41,Everybody Loves an Outlaw,I See Red,27319,everybody loves an outlaw - i see red,313904,Everybody Loves an Outlaw,I See Red,5MAK1nd8R6PWnle1Q1WJvh,74,2018,blues,0.509,0.448,4,-7.552,0,0.0357,0.00713,0.0137,0.244,0.221,156.909,230613,3
2024-03-15 23:11,Cigarettes After Sex,Falling In Love,146204,cigarettes after sex - falling in love,368577,Cigarettes After Sex,Falling In Love,4m1jesCFX1gQtIRFirfwCW,65,2019,ambient,0.482,0.267,7,-11.638,1,0.0262,0.722,0.02,0.125,0.347,140.617,245840,4
2024-03-15 23:16,d4vd,Here With Me,242484,d4vd - here with me,569188,d4vd,Here With Me,78Sw5GDo6AlGwTwanjXbGh,92,2022,pop,0.574,0.469,4,-8.209,1,0.0254,0.534,9.21e-05,0.128,0.288,132.023,242485,4
2024-03-15 23:19,Taylor Swift,Karma,204852,taylor swift - karma,569212,Taylor Swift,Karma,7KokYm8cMIXCsGVmUvKtqf,80,2022,pop,0.642,0.62,8,-7.091,1,0.0666,0.0734,0.0,0.483,0.0969,90.02,204852,4
2024-03-15 23:23,Ariana Grande,bloodline,216893,ariana grande - bloodline,377718,Ariana Grande,bloodline,2hloaUoRonYssMuqLCBLTX,68,2019,dance,0.758,0.665,2,-5.188,0,0.0774,0.0815,0.000157,0.216,0.643,151.976,216893,4
2024-03-18 20:42,Lana Del Rey,Summertime Sadness,20123,lana del rey - summertime sadness,40349,Lana Del Rey,Summertime Sadness,1Ist6PR2BZR3n2z2Y5R6S1,73,2012,pop,0.566,0.647,1,-6.815,0,0.0335,0.0477,0.0,0.121,0.22,111.96,264773,4
2024-03-18 20:46,The Neighbourhood,Scary Love,222666,the neighbourhood - scary love,311068,The Neighbourhood,Scary Love,6TA5aymvVrtiPVbuAwmPIc,65,2018,alt-rock,0.595,0.636,5,-5.981,0,0.0312,9.45e-05,0.0529,0.196,0.147,112.008,222667,4
2024-03-18 20:50,The Neighbourhood,Reflections,244013,the neighbourhood - reflections,311045,The Neighbourhood,Reflections,2xql0pid3EUwW38AsywxhV,77,2018,alt-rock,0.648,0.594,11,-7.027,0,0.0293,0.114,0.0462,0.116,0.544,113.983,244013,4
2024-03-18 20:54,Cigarettes After Sex,Cry,256800,cigarettes after sex - cry,368575,Cigarettes After Sex,Cry,0Qr61NXlyAeQaADO5xn3rI,76,2019,ambient,0.409,0.399,7,-10.456,1,0.0275,0.763,0.654,0.112,0.161,142.823,256800,4
2024-03-18 20:58,Chase Atlantic,Meddle About,203886,chase atlantic - meddle about,197593,Chase Atlantic,Meddle About,1x5gfSHfhWpMFKKqbuDe9G,68,2015,pop,0.387,0.797,4,-6.41,0,0.052,0.00404,0.0108,0.314,0.369,159.897,203886,4
2024-03-18 21:06,Cigarettes After Sex,Starry Eyes,206000,cigarettes after sex - starry eyes,2728,Cigarettes After Sex,Starry Eyes,2xfRDWDKOisEXgRnYI58Tb,59,2012,ambient,0.425,0.363,2,-15.32,1,0.0322,0.448,0.321,0.0685,0.12,100.426,206000,4
2024-03-18 21:10,The Neighbourhood,Baby Came Home,226880,the neighbourhood - baby came home,1880,The Neighbourhood,Baby Came Home,3ypXE4brttsQR3OLLZbLZB,50,2012,alt-rock,0.639,0.571,0,-5.766,1,0.0284,0.0127,0.00283,0.0963,0.273,113.037,226893,4
2024-03-18 21:16,Arctic Monkeys,R U Mine?,1100,arctic monkeys - r u mine?,23776,Arctic Monkeys,R U Mine?,6XnNiyYTxhxuC0zpP22M7C,34,2012,garage,0.52,0.785,6,-4.765,0,0.0329,0.0468,0.0,0.698,0.679,96.996,200188,4
2024-03-18 21:16,Cigarettes After Sex,Opera House,2550,cigarettes after sex - opera house,255753,Cigarettes After Sex,Opera House,0syIc2ocYBIKASFqifvwRz,63,2017,ambient,0.319,0.293,5,-14.145,1,0.0378,0.734,0.85,0.0971,0.0689,115.481,364680,4
2024-03-18 21:16,The Neighbourhood,Baby Came Home 2 / Valentines,279084,the neighbourhood - baby came home 2 / valentines,162929,The Neighbourhood,Baby Came Home 2 / Valentines,40gvh6jP5qxMJuMmF9lG9A,67,2015,alt-rock,0.21,0.499,2,-9.754,0,0.0485,0.0687,0.00315,0.773,0.108,74.094,390493,4
2024-03-18 21:20,Chase Atlantic,Church,220000,chase atlantic - church,293564,Chase Atlantic,Church,7bbYT48HWWIbL3YKmtMNzn,68,2017,pop,0.556,0.824,5,-4.539,0,0.0548,0.0109,0.0,0.112,0.292,112.99,220000,4
2024-03-18 21:23,Arctic Monkeys,Cornerstone,197973,arctic monkeys - cornerstone,1286929,Arctic Monkeys,Cornerstone,3MC4XRbQADJdW9IIIwbe2u,53,2009,garage,0.287,0.721,9,-5.81,1,0.0387,0.00764,0.0,0.328,0.763,169.252,197973,4
2024-03-18 21:26,Arctic Monkeys,Baby I'm Yours,152613,arctic monkeys - baby i'm yours,1076412,Arctic Monkeys,Baby I'm Yours,6FLqFu1ApSkUddZ9P4H6Io,58,2006,garage,0.462,0.595,2,-9.363,1,0.0347,0.215,0.0,0.184,0.64,113.719,152613,4
2024-03-18 22:25,Arctic Monkeys,Do I Wanna Know?,272394,arctic monkeys - do i wanna know?,77593,Arctic Monkeys,Do I Wanna Know?,5FVd6KXrgO9B3JPmC8OPst,86,2013,garage,0.548,0.532,5,-7.596,1,0.0323,0.186,0.000263,0.217,0.405,85.03,272394,4
2024-03-18 22:28,The Neighbourhood,You Get Me So High,153000,the neighbourhood - you get me so high,311043,The Neighbourhood,You Get Me So High,7zwn1eykZtZ5LODrf7c0tS,81,2018,alt-rock,0.551,0.881,7,-6.099,0,0.0542,0.186,0.0791,0.152,0.387,88.036,153000,4
2024-03-18 22:32,The Neighbourhood,Fallen Star,162633,the neighbourhood - fallen star,478403,The Neighbourhood,Fallen Star,60F6pgM6H6miNr5AmjxwjL,68,2021,alt-rock,0.603,0.551,10,-6.259,0,0.0304,0.0696,0.0976,0.192,0.439,75.001,224939,4
2024-03-18 23:10,Eyedress,Something About You,153312,eyedress - something about you,515592,Eyedress,Something About You,6RiiSy9GzSwiyDEJDiMuKe,76,2021,pop,0.648,0.781,9,-8.736,0,0.0271,0.0332,0.013,0.305,0.822,133.417,153313,4
2024-03-20 20:35,Sam Smith,Stay With Me,5690,sam smith - stay with me,146773,Sam Smith,Stay With Me,5Nm9ERjJZ5oyfXZTECKmRt,82,2014,pop,0.418,0.42,0,-6.444,1,0.0414,0.588,6.39e-05,0.11,0.184,84.094,172724,4
2024-03-20 20:35,Taylor Swift,Don’t Blame Me,27690,taylor swift - don’t blame me,293464,Taylor Swift,Don’t Blame Me,1R0a2iXumgCiFb7HEZ7gUE,85,2017,pop,0.615,0.534,9,-6.719,0,0.0386,0.106,1.76e-05,0.0607,0.193,135.917,236413,4
2024-03-20 20:35,Lana Del Rey,Summertime Sadness,129186,lana del rey - summertime sadness,40349,Lana Del Rey,Summertime Sadness,1Ist6PR2BZR3n2z2Y5R6S1,73,2012,pop,0.566,0.647,1,-6.815,0,0.0335,0.0477,0.0,0.121,0.22,111.96,264773,4
2024-03-20 20:36,James Arthur,Car's Outside,35717,james arthur - car's outside,406437,James Arthur,Car's Outside,0otRX6Z89qKkHkQ9OqJpKt,81,2019,pop,0.338,0.562,9,-7.181,1,0.029,0.039,0.0,0.107,0.259,149.907,248373,4
2024-03-20 20:40,Chase Atlantic,Into It,196767,chase atlantic - into it,293490,Chase Atlantic,Into It,4HwDCXsMBC7SUdp2WT4MZP,77,2017,pop,0.518,0.572,10,-6.706,0,0.0416,0.0503,2.41e-05,0.129,0.291,130.053,196767,4
2024-03-20 20:44,Chase Atlantic,Meddle About,203886,chase atlantic - meddle about,197593,Chase Atlantic,Meddle About,1x5gfSHfhWpMFKKqbuDe9G,68,2015,pop,0.387,0.797,4,-6.41,0,0.052,0.00404,0.0108,0.314,0.369,159.897,203886,4
2024-03-20 20:48,Chase Atlantic,Swim,228786,chase atlantic - swim,293479,Chase Atlantic,Swim,3M0lSi5WW79CXQamgSBIjx,80,2017,pop,0.666,0.542,8,-6.429,1,0.0392,0.27,0.0,0.0765,0.0771,120.134,228787,4
2024-03-20 21:01,Chase Atlantic,The Walls,229840,chase atlantic - the walls,293625,Chase Atlantic,The Walls,5pXui9rkf5W90DgZobuDiK,62,2017,pop,0.357,0.704,0,-6.925,0,0.0828,0.326,1.54e-06,0.124,0.225,144.172,229840,4
2024-03-20 21:10,Chase Atlantic,Friends,230010,chase atlantic - friends,197528,Chase Atlantic,Friends,2jQiSYrwJehQAcuaaQrXnS,79,2015,pop,0.422,0.609,11,-6.361,0,0.0335,0.0114,4.76e-06,0.108,0.0911,107.34,230011,3
2024-03-20 21:18,Chase Atlantic,Okay,212306,chase atlantic - okay,293566,Chase Atlantic,Okay,492PZFHvGTm3RZZYeeUVWT,67,2017,pop,0.614,0.815,0,-6.784,1,0.131,0.112,0.0,0.121,0.431,130.049,212307,4
2024-03-20 21:22,Chase Atlantic,Church,220000,chase atlantic - church,293564,Chase Atlantic,Church,7bbYT48HWWIbL3YKmtMNzn,68,2017,pop,0.556,0.824,5,-4.539,0,0.0548,0.0109,0.0,0.112,0.292,112.99,220000,4
2024-03-20 22:32,Chase Atlantic,Consume (feat. Goon Des Garcons),267920,chase atlantic - consume (feat. goon des garcons),293489,Chase Atlantic,Consume (feat. Goon Des Garcons),0X2bh8NVQ8svDQIn2AdCbW,77,2017,pop,0.556,0.714,9,-5.322,0,0.158,0.07,0.0,0.261,0.434,146.113,267920,4
2024-03-20 23:12,Chase Atlantic,Right Here,235000,chase atlantic - right here,293542,Chase Atlantic,Right Here,2KtS31kaWNHs12Q5B43Ixh,70,2017,pop,0.351,0.587,6,-6.413,1,0.0413,0.00516,1.87e-05,0.121,0.221,159.881,235000,4
2024-03-20 23:25,Chase Atlantic,OHMAMI,226835,chase atlantic - ohmami,515742,Chase Atlantic,OHMAMI,2zVaxB54fNngkbWs5uZnla,66,2021,pop,0.625,0.717,10,-5.796,0,0.121,0.0476,8.73e-05,0.277,0.398,126.004,226835,4
2024-03-20 23:30,Chase Atlantic,HEAVEN AND BACK,248240,chase atlantic - heaven and back,406526,Chase Atlantic,HEAVEN AND BACK,5dewQ7ojISR32NAYNHFYWC,66,2019,pop,0.309,0.793,10,-6.195,0,0.0774,0.0902,0.092,0.0888,0.532,193.714,248240,4
2024-03-25 20:19,James Arthur,Car's Outside,212519,james arthur - car's outside,406437,James Arthur,Car's Outside,0otRX6Z89qKkHkQ9OqJpKt,81,2019,pop,0.338,0.562,9,-7.181,1,0.029,0.039,0.0,0.107,0.259,149.907,248373,4
2024-03-25 20:24,Chase Atlantic,Okay,212306,chase atlantic - okay,293566,Chase Atlantic,Okay,492PZFHvGTm3RZZYeeUVWT,67,2017,pop,0.614,0.815,0,-6.784,1,0.131,0.112,0.0,0.121,0.431,130.049,212307,4
2024-03-25 20:27,Arctic Monkeys,Baby I'm Yours,152613,arctic monkeys - baby i'm yours,1076412,Arctic Monkeys,Baby I'm Yours,6FLqFu1ApSkUddZ9P4H6Io,58,2006,garage,0.462,0.595,2,-9.363,1,0.0347,0.215,0.0,0.184,0.64,113.719,152613,4
2024-03-25 20:31,Chase Atlantic,LUST,204106,chase atlantic - lust,406673,Chase Atlantic,LUST,51t7nQOI35g07O0z4fflO1,57,2019,pop,0.641,0.755,4,-6.274,1,0.244,0.018,0.000443,0.159,0.477,131.954,204107,4
2024-03-25 20:35,The Neighbourhood,Baby Came Home,226880,the neighbourhood - baby came home,1880,The Neighbourhood,Baby Came Home,3ypXE4brttsQR3OLLZbLZB,50,2012,alt-rock,0.639,0.571,0,-5.766,1,0.0284,0.0127,0.00283,0.0963,0.273,113.037,226893,4
2024-03-25 20:39,Arctic Monkeys,Snap Out Of It,193030,arctic monkeys - snap out of it,77594,Arctic Monkeys,Snap Out Of It,0NdTUS4UiNYCNn5FgVqKQY,78,2013,garage,0.728,0.638,5,-6.455,0,0.0336,0.249,0.0,0.116,0.872,130.014,193030,4
2024-03-25 20:46,Cigarettes After Sex,Opera House,365150,cigarettes after sex - opera house,255753,Cigarettes After Sex,Opera House,0syIc2ocYBIKASFqifvwRz,63,2017,ambient,0.319,0.293,5,-14.145,1,0.0378,0.734,0.85,0.0971,0.0689,115.481,364680,4
2024-03-25 20:51,Chase Atlantic,HEAVEN AND BACK,248240,chase atlantic - heaven and back,406526,Chase Atlantic,HEAVEN AND BACK,5dewQ7ojISR32NAYNHFYWC,66,2019,pop,0.309,0.793,10,-6.195,0,0.0774,0.0902,0.092,0.0888,0.532,193.714,248240,4
2024-03-25 20:55,The Neighbourhood,Female Robbery,209520,the neighbourhood - female robbery,2046,The Neighbourhood,Female Robbery,7e8bQb1csn5WvpOc4b5PJg,40,2012,alt-rock,0.403,0.888,7,-3.382,0,0.0413,0.056,0.00161,0.0682,0.391,176.483,206813,4
2024-03-25 20:59,The Neighbourhood,Daddy Issues,260173,the neighbourhood - daddy issues,162916,The Neighbourhood,Daddy Issues,5E30LdtzQTGqRvNd7l6kG5,84,2015,alt-rock,0.588,0.521,10,-9.461,1,0.0329,0.0678,0.149,0.123,0.337,85.012,260173,4
2024-03-25 21:04,Cigarettes After Sex,Pure,254626,cigarettes after sex - pure,368590,Cigarettes After Sex,Pure,5EYkide3NzE6gDIHvd4Pvz,53,2019,ambient,0.521,0.211,6,-13.489,0,0.0324,0.544,0.836,0.101,0.0412,134.285,254627,3
2024-03-25 21:13,The Neighbourhood,Afraid,251186,the neighbourhood - afraid,56398,The Neighbourhood,Afraid,7brQHA2CgQpcMBiOlfiXYb,74,2013,alt-rock,0.464,0.701,6,-5.693,0,0.0411,0.00892,0.309,0.335,0.356,83.996,251187,4
2024-03-25 23:32,The Neighbourhood,Sweater Weather,240400,the neighbourhood - sweater weather,1800,The Neighbourhood,Sweater Weather,4pGqFOfzvfe6avb9kbZicC,60,2012,alt-rock,0.695,0.615,7,-5.325,0,0.042,0.15,0.000212,0.0879,0.414,124.015,240040,4
2024-03-25 23:34,The Neighbourhood,You Get Me So High,153000,the neighbourhood - you get me so high,311043,The Neighbourhood,You Get Me So High,7zwn1eykZtZ5LODrf7c0tS,81,2018,alt-rock,0.551,0.881,7,-6.099,0,0.0542,0.186,0.0791,0.152,0.387,88.036,153000,4
2024-03-25 23:39,Arctic Monkeys,I Wanna Be Yours,183956,arctic monkeys - i wanna be yours,77591,Arctic Monkeys,I Wanna Be Yours,5XeFesFbtLpXzIVDNQP22n,91,2013,garage,0.464,0.417,0,-9.345,0,0.0256,0.136,0.022,0.0974,0.479,67.528,183956,4
2024-03-25 23:43,The Neighbourhood,Flawless,246493,the neighbourhood - flawless,56405,The Neighbourhood,Flawless,2Kt1XplPBQBsDKQDa6TssB,68,2013,alt-rock,0.568,0.871,0,-3.453,1,0.0308,0.0553,0.51,0.303,0.374,119.99,246493,4
2024-03-25 23:49,Cigarettes After Sex,Heavenly,286773,cigarettes after sex - heavenly,368576,Cigarettes After Sex,Heavenly,1Bh0UzthW8pKEnYg7v40Oa,69,2019,ambient,0.539,0.431,8,-9.298,1,0.0249,0.628,0.653,0.11,0.122,105.156,288595,4
2024-03-26 00:01,The Neighbourhood,Baby Came Home 2 / Valentines,343924,the neighbourhood - baby came home 2 / valentines,162929,The Neighbourhood,Baby Came Home 2 / Valentines,40gvh6jP5qxMJuMmF9lG9A,67,2015,alt-rock,0.21,0.499,2,-9.754,0,0.0485,0.0687,0.00315,0.773,0.108,74.094,390493,4
2024-03-26 00:13,Taylor Swift,Don’t Blame Me,208740,taylor swift - don’t blame me,293464,Taylor Swift,Don’t Blame Me,1R0a2iXumgCiFb7HEZ7gUE,85,2017,pop,0.615,0.534,9,-6.719,0,0.0386,0.106,1.76e-05,0.0607,0.193,135.917,236413,4
2024-03-26 00:17,Taylor Swift,The Way I Loved You (Taylor’s Version),151716,taylor swift - the way i loved you (taylor’s version),515593,Taylor Swift,The Way I Loved You (Taylor’s Version),22bPsP2jCgbLUvh82U0Z3M,78,2021,pop,0.402,0.732,5,-4.665,1,0.0484,0.0033,0.0,0.108,0.472,161.032,243137,4
2024-03-26 00:19,Taylor Swift,The Way I Loved You (Taylor’s Version),91426,taylor swift - the way i loved you (taylor’s version),515593,Taylor Swift,The Way I Loved You (Taylor’s Version),22bPsP2jCgbLUvh82U0Z3M,78,2021,pop,0.402,0.732,5,-4.665,1,0.0484,0.0033,0.0,0.108,0.472,161.032,243137,4
2024-03-26 00:25,Taylor Swift,Safe & Sound - from The Hunger Games Soundtrack,240066,taylor swift - safe & sound - from the hunger games soundtrack,40377,Taylor Swift,Safe & Sound - from The Hunger Games Soundtrack,0z9UVN8VBHJ9HdfYsOuuNf,64,2012,pop,0.471,0.3,7,-10.807,1,0.028,0.883,1.05e-05,0.0698,0.289,144.319,240067,4
2024-03-26 00:30,Sasha Alex Sloan,Dancing With Your Ghost,195277,sasha alex sloan - dancing with your ghost,384327,Sasha Alex Sloan,Dancing With Your Ghost,1TQXIltqoZ5XXyfCbAeSQQ,78,2019,electro,0.629,0.328,11,-8.284,1,0.029,0.768,2.5e-05,0.103,0.389,74.953,197732,4
2024-03-26 05:37,Charlie Puth,One Call Away,3130,charlie puth - one call away,224474,Charlie Puth,One Call Away,7soJgKhQTO8hLP2JPRkL5O,64,2016,dance,0.667,0.613,1,-5.353,1,0.0344,0.403,0.0,0.115,0.47,91.024,194453,4
2024-03-26 05:37,Vanessa Carlton,A Thousand Miles,3840,vanessa carlton - a thousand miles,293427,Vanessa Carlton,A Thousand Miles,0zdTil4OA0P0Wv6s1BnmLw,15,2017,piano,0.567,0.809,11,-4.688,1,0.0355,0.295,0.0,0.169,0.282,94.916,237493,4
2024-03-26 05:37,Vanessa Carlton,A Thousand Miles,1810,vanessa carlton - a thousand miles,293427,Vanessa Carlton,A Thousand Miles,0zdTil4OA0P0Wv6s1BnmLw,15,2017,piano,0.567,0.809,11,-4.688,1,0.0355,0.295,0.0,0.169,0.282,94.916,237493,4
2024-03-26 05:37,Bruno Mars,When I Was Your Man,4990,bruno mars - when i was your man,40342,Bruno Mars,When I Was Your Man,0nJW01T7XtvILxQgC5J7Wh,87,2012,pop,0.612,0.28,0,-8.648,1,0.0434,0.932,0.0,0.088,0.387,72.795,213827,4
2024-03-26 05:37,Alessia Cara,Out Of Love,5400,alessia cara - out of love,327783,Alessia Cara,Out Of Love,4WzhjxvLP95y7AMDy0Atwb,70,2018,electro,0.481,0.267,7,-9.249,1,0.0339,0.8,0.0,0.249,0.137,117.64,227693,3
2024-03-26 05:38,Sam Smith,Stay With Me,7270,sam smith - stay with me,146773,Sam Smith,Stay With Me,5Nm9ERjJZ5oyfXZTECKmRt,82,2014,pop,0.418,0.42,0,-6.444,1,0.0414,0.588,6.39e-05,0.11,0.184,84.094,172724,4
2024-03-26 05:38,Vanessa Carlton,A Thousand Miles,16670,vanessa carlton - a thousand miles,293427,Vanessa Carlton,A Thousand Miles,0zdTil4OA0P0Wv6s1BnmLw,15,2017,piano,0.567,0.809,11,-4.688,1,0.0355,0.295,0.0,0.169,0.282,94.916,237493,4
2024-03-26 05:38,Vanessa Carlton,A Thousand Miles,790,vanessa carlton - a thousand miles,293427,Vanessa Carlton,A Thousand Miles,0zdTil4OA0P0Wv6s1BnmLw,15,2017,piano,0.567,0.809,11,-4.688,1,0.0355,0.295,0.0,0.169,0.282,94.916,237493,4
2024-03-26 05:38,Olivia O'Brien,Complicated,1350,olivia o'brien - complicated,197592,Olivia O'Brien,Complicated,0jllH0usRFD4LJkJnGK9Lf,67,2015,pop,0.657,0.355,7,-12.044,1,0.0714,0.694,0.000427,0.123,0.0808,74.99,189000,4
2024-03-26 05:38,Olivia O'Brien,Complicated,670,olivia o'brien - complicated,197592,Olivia O'Brien,Complicated,0jllH0usRFD4LJkJnGK9Lf,67,2015,pop,0.657,0.355,7,-12.044,1,0.0714,0.694,0.000427,0.123,0.0808,74.99,189000,4
2024-03-26 05:38,Olivia O'Brien,Complicated,13360,olivia o'brien - complicated,197592,Olivia O'Brien,Complicated,0jllH0usRFD4LJkJnGK9Lf,67,2015,pop,0.657,0.355,7,-12.044,1,0.0714,0.694,0.000427,0.123,0.0808,74.99,189000,4
2024-03-26 05:38,Ruth B.,Lost Boy,3800,ruth b. - lost boy,197564,Ruth B.,Lost Boy,4h0zU3O9R5xzuTmNO7dNDU,70,2015,pop,0.71,0.0565,7,-15.099,1,0.0534,0.965,0.0,0.0889,0.348,123.994,275280,4
2024-03-26 05:38,Olivia Rodrigo,"All I Want - From ""High School Musical: The Musical: The Series""",1680,"olivia rodrigo - all i want - from ""high school musical: the musical: the series""",406403,Olivia Rodrigo,"All I Want - From ""High School Musical: The Musical: The Series""",4Yxc55NX3tAXC2mHRAhtcW,76,2019,pop,0.376,0.43,0,-6.585,0,0.0328,0.0902,0.0,0.0912,0.129,77.599,177323,3
2024-03-26 05:38,Sasha Alex Sloan,Dancing With Your Ghost,2570,sasha alex sloan - dancing with your ghost,384327,Sasha Alex Sloan,Dancing With Your Ghost,1TQXIltqoZ5XXyfCbAeSQQ,78,2019,electro,0.629,0.328,11,-8.284,1,0.029,0.768,2.5e-05,0.103,0.389,74.953,197732,4
2024-03-26 05:39,Charlie Puth,One Call Away,16970,charlie puth - one call away,224474,Charlie Puth,One Call Away,7soJgKhQTO8hLP2JPRkL5O,64,2016,dance,0.667,0.613,1,-5.353,1,0.0344,0.403,0.0,0.115,0.47,91.024,194453,4
2024-03-26 05:39,Ed Sheeran,The Joker And The Queen (feat. Taylor Swift),12040,ed sheeran - the joker and the queen (feat. taylor swift),569454,Ed Sheeran,The Joker And The Queen (feat. Taylor Swift),6N1K5OVVCopBjGViHs2IvP,70,2022,pop,0.528,0.309,0,-7.398,1,0.0329,0.924,2.1e-06,0.282,0.307,133.83,185422,4
2024-03-26 05:39,Taylor Swift,22,15870,taylor swift - 22,40369,Taylor Swift,22,6ce41JVa6KFaryfmC2bu2W,68,2012,pop,0.661,0.729,7,-6.561,1,0.0376,0.00215,0.0013,0.0477,0.668,103.987,232120,4
2024-03-26 05:39,d4vd,Here With Me,15700,d4vd - here with me,569188,d4vd,Here With Me,78Sw5GDo6AlGwTwanjXbGh,92,2022,pop,0.574,0.469,4,-8.209,1,0.0254,0.534,9.21e-05,0.128,0.288,132.023,242485,4
2024-03-26 05:40,James Arthur,Car's Outside,2930,james arthur - car's outside,406437,James Arthur,Car's Outside,0otRX6Z89qKkHkQ9OqJpKt,81,2019,pop,0.338,0.562,9,-7.181,1,0.029,0.039,0.0,0.107,0.259,149.907,248373,4
2024-03-26 05:40,Keane,Somewhere Only We Know,7030,keane - somewhere only we know,93054,Keane,Somewhere Only We Know,7AQAlklmptrrkBSeujkXsD,54,2013,piano,0.442,0.606,9,-5.825,1,0.0259,0.0678,1.43e-05,0.0973,0.359,171.982,235880,4
2024-03-26 05:40,Joji,Glimpse of Us,2890,joji - glimpse of us,569204,Joji,Glimpse of Us,6xGruZOHLs39ZbVccQTuPZ,85,2022,pop,0.44,0.317,8,-9.258,1,0.0531,0.891,4.78e-06,0.141,0.268,169.914,233456,3
2024-03-26 05:40,Selena Gomez,Fetish (feat. Gucci Mane),1670,selena gomez - fetish (feat. gucci mane),264809,Selena Gomez,Fetish (feat. Gucci Mane),4lnAN2S1fcI0SjxEbksZVr,71,2017,dance,0.708,0.618,2,-4.424,1,0.0592,0.0204,6.81e-06,0.062,0.265,123.013,186113,4
2024-03-26 05:40,Selena Gomez,Fetish (feat. Gucci Mane),590,selena gomez - fetish (feat. gucci mane),264809,Selena Gomez,Fetish (feat. Gucci Mane),4lnAN2S1fcI0SjxEbksZVr,71,2017,dance,0.708,0.618,2,-4.424,1,0.0592,0.0204,6.81e-06,0.062,0.265,123.013,186113,4
2024-03-26 05:40,Selena Gomez & The Scene,Love You Like A Love Song,9530,selena gomez & the scene - love you like a love song,119839,Selena Gomez & The Scene,Love You Like A Love Song,7lAoovVf67mECK18oOpJbc,54,2014,dance,0.858,0.677,1,-3.842,0,0.047,0.0768,0.0,0.0757,0.922,117.011,188453,4
2024-03-26 05:40,Selena Gomez & The Scene,Love You Like A Love Song,1460,selena gomez & the scene - love you like a love song,119839,Selena Gomez & The Scene,Love You Like A Love Song,7lAoovVf67mECK18oOpJbc,54,2014,dance,0.858,0.677,1,-3.842,0,0.047,0.0768,0.0,0.0757,0.922,117.011,188453,4
2024-03-26 05:41,New West,Those Eyes,81240,new west - those eyes,399063,New West,Those Eyes,50x1Ic8CaXkYNvjmxe3WXy,87,2019,indie-pop,0.593,0.352,4,-8.296,1,0.0284,0.695,2.22e-05,0.3,0.226,119.988,220750,3
2024-03-26 05:42,Eddy Kim,긴 밤이 오면,31400,eddy kim - 긴 밤이 오면,288554,Eddy Kim,긴 밤이 오면,5LiWJsSSjZh7Y3hqml18Ki,54,2017,k-pop,0.48,0.501,5,-5.511,1,0.0296,0.624,0.0,0.0748,0.222,110.889,226992,4
2024-03-26 06:00,Sasha Alex Sloan,Dancing With Your Ghost,2454,sasha alex sloan - dancing with your ghost,384327,Sasha Alex Sloan,Dancing With Your Ghost,1TQXIltqoZ5XXyfCbAeSQQ,78,2019,electro,0.629,0.328,11,-8.284,1,0.029,0.768,2.5e-05,0.103,0.389,74.953,197732,4
2024-03-26 06:08,Taylor Swift,Style,231000,taylor swift - style,146766,Taylor Swift,Style,4lIxdJw6W3Fg4vUIYCB0S5,74,2014,pop,0.598,0.786,2,-5.572,1,0.0383,0.00253,0.0016,0.117,0.456,95.019,231000,4
2024-03-26 06:12,Taylor Swift,cardigan,239560,taylor swift - cardigan,461996,Taylor Swift,cardigan,4R2kfaDFhslZEMJqAFNpdd,84,2020,pop,0.613,0.581,0,-8.588,0,0.0424,0.537,0.000345,0.25,0.551,130.033,239560,4
2024-03-26 06:15,Charlie Puth,One Call Away,134186,charlie puth - one call away,224474,Charlie Puth,One Call Away,7soJgKhQTO8hLP2JPRkL5O,64,2016,dance,0.667,0.613,1,-5.353,1,0.0344,0.403,0.0,0.115,0.47,91.024,194453,4
2024-03-26 22:59,Charlie Puth,One Call Away,60280,charlie puth - one call away,224474,Charlie Puth,One Call Away,7soJgKhQTO8hLP2JPRkL5O,64,2016,dance,0.667,0.613,1,-5.353,1,0.0344,0.403,0.0,0.115,0.47,91.024,194453,4
2024-03-26 23:05,The 1975,About You,326490,the 1975 - about you,531980,The 1975,About You,1fDFHXcykq4iw8Gg7s5hG9,81,2022,alt-rock,0.416,0.762,2,-7.385,1,0.0279,0.312,0.804,0.0559,0.461,95.967,326491,4
2024-03-26 23:09,Gwen Stefani,Luxurious,264920,gwen stefani - luxurious,931096,Gwen Stefani,Luxurious,3UQmoVQJqBYauTZLVPs3uo,62,2004,dance,0.811,0.726,0,-3.995,1,0.0813,0.154,0.0,0.116,0.666,131.027,264920,4
2024-03-26 23:21,The Neighbourhood,Reflections,244013,the neighbourhood - reflections,311045,The Neighbourhood,Reflections,2xql0pid3EUwW38AsywxhV,77,2018,alt-rock,0.648,0.594,11,-7.027,0,0.0293,0.114,0.0462,0.116,0.544,113.983,244013,4
2024-03-26 23:23,d4vd,Here With Me,1400,d4vd - here with me,569188,d4vd,Here With Me,78Sw5GDo6AlGwTwanjXbGh,92,2022,pop,0.574,0.469,4,-8.209,1,0.0254,0.534,9.21e-05,0.128,0.288,132.023,242485,4
2024-03-26 23:23,Selena Gomez & The Scene,Love You Like A Love Song,47031,selena gomez & the scene - love you like a love song,119839,Selena Gomez & The Scene,Love You Like A Love Song,7lAoovVf67mECK18oOpJbc,54,2014,dance,0.858,0.677,1,-3.842,0,0.047,0.0768,0.0,0.0757,0.922,117.011,188453,4
2024-03-26 23:29,Lana Del Rey,Brooklyn Baby,351640,lana del rey - brooklyn baby,146776,Lana Del Rey,Brooklyn Baby,1NZs6n6hl8UuMaX0UC0YTz,80,2014,pop,0.404,0.664,1,-6.698,1,0.0407,0.542,0.00402,0.11,0.0949,107.747,351640,4
2024-03-26 23:32,Selena Gomez,Fetish (feat. Gucci Mane),186112,selena gomez - fetish (feat. gucci mane),264809,Selena Gomez,Fetish (feat. Gucci Mane),4lnAN2S1fcI0SjxEbksZVr,71,2017,dance,0.708,0.618,2,-4.424,1,0.0592,0.0204,6.81e-06,0.062,0.265,123.013,186113,4
2024-03-26 23:36,Taylor Swift,Blank Space,231826,taylor swift - blank space,146765,Taylor Swift,Blank Space,1p80LdxRV74UKvL8gnD7ky,76,2014,pop,0.753,0.678,5,-5.421,1,0.0644,0.085,1.64e-06,0.13,0.583,96.006,231827,4
2024-03-26 23:43,beabadoobee,Glue Song,135066,beabadoobee - glue song,606469,beabadoobee,Glue Song,3iBgrkexCzVuPy4O9vx7Mf,82,2023,indie-pop,0.62,0.409,1,-10.146,1,0.0282,0.77,0.0542,0.105,0.582,113.946,135067,3
2024-03-26 23:44,Lana Del Rey,Radio,20901,lana del rey - radio,40378,Lana Del Rey,Radio,4PMdq7Q7xOFrY424ZelZEb,59,2012,pop,0.423,0.857,2,-5.173,1,0.0687,0.188,2.63e-05,0.105,0.196,75.024,214574,4
2024-03-26 23:51,Taylor Swift,Style,231000,taylor swift - style,146766,Taylor Swift,Style,4lIxdJw6W3Fg4vUIYCB0S5,74,2014,pop,0.598,0.786,2,-5.572,1,0.0383,0.00253,0.0016,0.117,0.456,95.019,231000,4
2024-03-26 23:54,Taylor Swift,Wildest Dreams,197462,taylor swift - wildest dreams,146777,Taylor Swift,Wildest Dreams,59HjlYCeBsxdI0fcm3zglw,71,2014,pop,0.554,0.666,8,-7.414,1,0.0747,0.0702,0.00593,0.106,0.472,140.056,220440,4
2024-03-26 23:55,Taylor Swift,Wildest Dreams,22981,taylor swift - wildest dreams,146777,Taylor Swift,Wildest Dreams,59HjlYCeBsxdI0fcm3zglw,71,2014,pop,0.554,0.666,8,-7.414,1,0.0747,0.0702,0.00593,0.106,0.472,140.056,220440,4
2024-03-26 23:58,Taylor Swift,I Knew You Were Trouble (Taylor's Version),219760,taylor swift - i knew you were trouble (taylor's version),515618,Taylor Swift,I Knew You Were Trouble (Taylor's Version),6AtZLIzUINvExIUy4QhdjP,72,2021,pop,0.584,0.557,6,-6.371,1,0.0342,0.0129,0.0,0.0576,0.767,154.008,219760,4
2024-03-27 00:07,Lana Del Rey,Dark Paradise,243187,lana del rey - dark paradise,40368,Lana Del Rey,Dark Paradise,2Y115i0IhELJhyyftvoSFt,62,2012,pop,0.6,0.653,1,-8.309,0,0.0594,0.0953,0.0,0.122,0.43,119.994,243187,4
2024-03-27 00:11,Taylor Swift,Safe & Sound - from The Hunger Games Soundtrack,240066,taylor swift - safe & sound - from the hunger games soundtrack,40377,Taylor Swift,Safe & Sound - from The Hunger Games Soundtrack,0z9UVN8VBHJ9HdfYsOuuNf,64,2012,pop,0.471,0.3,7,-10.807,1,0.028,0.883,1.05e-05,0.0698,0.289,144.319,240067,4
2024-03-27 00:13,HENRY,It's You,2250,henry - it's you,288474,HENRY,It's You,3hm4axDodp2jFEDohQfXxV,63,2017,k-pop,0.545,0.468,7,-6.064,1,0.0247,0.637,0.0,0.128,0.279,76.045,231643,4
2024-03-27 00:13,Melanie Martinez,Play Date,50710,melanie martinez - play date,175403,Melanie Martinez,Play Date,4DpNNXFMMxQEKl7r0ykkWA,76,2015,electro,0.68,0.729,5,-5.077,1,0.0475,0.612,0.0,0.224,0.446,123.97,179867,4
2024-03-27 00:14,Laufey,Falling Behind,37170,laufey - falling behind,577944,Laufey,Falling Behind,4KGGeE7RJsgLNZmnxGFlOj,63,2022,singer-songwriter,0.449,0.353,7,-12.986,1,0.0915,0.942,0.0786,0.109,0.55,165.888,173640,4
2024-03-27 00:16,Laufey,Falling Behind,136478,laufey - falling behind,577944,Laufey,Falling Behind,4KGGeE7RJsgLNZmnxGFlOj,63,2022,singer-songwriter,0.449,0.353,7,-12.986,1,0.0915,0.942,0.0786,0.109,0.55,165.888,173640,4
2024-03-27 00:20,Gwen Stefani,Luxurious,264920,gwen stefani - luxurious,931096,Gwen Stefani,Luxurious,3UQmoVQJqBYauTZLVPs3uo,62,2004,dance,0.811,0.726,0,-3.995,1,0.0813,0.154,0.0,0.116,0.666,131.027,264920,4
2024-03-27 00:29,Lana Del Rey,Diet Mountain Dew,222920,lana del rey - diet mountain dew,40357,Lana Del Rey,Diet Mountain Dew,6BFnRhvKCclDQOajt8dBGi,67,2012,pop,0.442,0.68,10,-5.971,0,0.0858,0.284,0.0,0.421,0.601,176.09,222920,4
2024-03-27 00:31,Selena Gomez,Back To You,130356,selena gomez - back to you,321078,Selena Gomez,Back To You,514rhnksEwHUh6LxXsQ4Y9,70,2018,dance,0.6,0.683,6,-6.271,1,0.0493,0.0984,1.26e-06,0.11,0.494,102.036,210240,4
2024-03-27 00:35,"Car, the garden",Scars leave beautiful trace,213946,"car, the garden - scars leave beautiful trace",562497,"Car, the garden",Scars leave beautiful trace,1y6dEjheBdnopNo0xDXJ9P,59,2022,indie-pop,0.479,0.535,11,-6.676,0,0.03,0.49,0.0,0.0923,0.21,82.024,213947,4
2024-03-27 00:39,Taylor Swift,Midnight Rain,174782,taylor swift - midnight rain,569203,Taylor Swift,Midnight Rain,3rWDp9tBPQR9z6U5YyRSK4,83,2022,pop,0.643,0.363,0,-11.738,1,0.0767,0.69,5.17e-05,0.115,0.23,139.865,174783,4
2024-03-27 00:43,Taylor Swift,All Of The Girls You Loved Before,221407,taylor swift - all of the girls you loved before,406371,Taylor Swift,All Of The Girls You Loved Before,4P9Q0GojKVXpRTJCaL3kyy,82,2019,pop,0.718,0.467,2,-9.66,1,0.0398,0.707,6.92e-05,0.126,0.396,95.96,221407,3
2024-03-27 01:50,Lana Del Rey,Ultraviolence,251480,lana del rey - ultraviolence,146806,Lana Del Rey,Ultraviolence,1y3r6RXiJZNBV1EI0NggpS,73,2014,pop,0.144,0.541,0,-7.076,1,0.038,0.278,1.01e-05,0.101,0.0899,79.262,251480,3
2024-03-27 01:53,Sasha Alex Sloan,Dancing With Your Ghost,197732,sasha alex sloan - dancing with your ghost,384327,Sasha Alex Sloan,Dancing With Your Ghost,1TQXIltqoZ5XXyfCbAeSQQ,78,2019,electro,0.629,0.328,11,-8.284,1,0.029,0.768,2.5e-05,0.103,0.389,74.953,197732,4
2024-03-27 01:59,Melanie Martinez,Dollhouse,231853,melanie martinez - dollhouse,126365,Melanie Martinez,Dollhouse,3deFSRUdM7JC8P1Fi6r0rY,43,2014,electro,0.725,0.708,5,-5.331,0,0.0756,0.22,0.0,0.777,0.555,130.029,231853,4
2024-03-27 02:05,Joji,Glimpse of Us,233456,joji - glimpse of us,569204,Joji,Glimpse of Us,6xGruZOHLs39ZbVccQTuPZ,85,2022,pop,0.44,0.317,8,-9.258,1,0.0531,0.891,4.78e-06,0.141,0.268,169.914,233456,3
2024-03-27 02:09,beabadoobee,Glue Song,135066,beabadoobee - glue song,606469,beabadoobee,Glue Song,3iBgrkexCzVuPy4O9vx7Mf,82,2023,indie-pop,0.62,0.409,1,-10.146,1,0.0282,0.77,0.0542,0.105,0.582,113.946,135067,3
2024-03-27 02:12,Taylor Swift,Gorgeous,209680,taylor swift - gorgeous,293486,Taylor Swift,Gorgeous,1ZY1PqizIl78geGM4xWlEA,77,2017,pop,0.8,0.535,7,-6.684,1,0.135,0.0713,9.48e-06,0.213,0.451,92.027,209680,4
2024-03-27 02:17,Taylor Swift,The Way I Loved You (Taylor’s Version),243136,taylor swift - the way i loved you (taylor’s version),515593,Taylor Swift,The Way I Loved You (Taylor’s Version),22bPsP2jCgbLUvh82U0Z3M,78,2021,pop,0.402,0.732,5,-4.665,1,0.0484,0.0033,0.0,0.108,0.472,161.032,243137,4
2024-03-27 02:25,Taylor Swift,Back To December,293026,taylor swift - back to december,1380399,Taylor Swift,Back To December,3DrjZArsPsoqbLzUZZV1Id,67,2010,pop,0.529,0.67,2,-4.663,1,0.0303,0.117,0.0,0.334,0.286,141.893,293027,4
2024-03-27 02:30,Melanie Martinez,Pity Party,204085,melanie martinez - pity party,175409,Melanie Martinez,Pity Party,3fo6DYGktjENCiagUeU9yH,71,2015,electro,0.716,0.73,6,-4.126,0,0.0364,0.058,7.32e-06,0.151,0.339,136.05,204086,4
2024-03-27 02:33,Lana Del Rey,Doin' Time,202192,lana del rey - doin' time,406379,Lana Del Rey,Doin' Time,0Oqc0kKFsQ6MhFOLBNZIGX,81,2019,pop,0.641,0.559,7,-11.132,0,0.0355,0.404,0.00402,0.0937,0.523,144.982,202193,4
2024-03-27 02:38,Lana Del Rey,Young And Beautiful,236053,lana del rey - young and beautiful,93567,Lana Del Rey,Young And Beautiful,2nMeu6UenVvwUktBCpLMK9,81,2013,pop,0.324,0.416,11,-8.92,0,0.0368,0.262,3.69e-05,0.11,0.151,113.986,236053,4
2024-03-27 02:42,ZAYN,I Don’t Wanna Live Forever (Fifty Shades Darker),247160,zayn - i don’t wanna live forever (fifty shades darker),264785,ZAYN,I Don’t Wanna Live Forever (Fifty Shades Darker),55n9yjI6qqXh5F2mYvUc2y,77,2017,dance,0.731,0.445,0,-8.418,1,0.0533,0.0586,1.96e-05,0.14,0.106,117.97,247160,4
2024-03-27 02:56,Lana Del Rey,Summertime Sadness,265427,lana del rey - summertime sadness,40349,Lana Del Rey,Summertime Sadness,1Ist6PR2BZR3n2z2Y5R6S1,73,2012,pop,0.566,0.647,1,-6.815,0,0.0335,0.0477,0.0,0.121,0.22,111.96,264773,4
2024-03-27 03:12,Melanie Martinez,Cake,96360,melanie martinez - cake,175405,Melanie Martinez,Cake,5H3TCfiw0CQTX1XU7A9TXM,74,2015,electro,0.518,0.655,8,-6.255,1,0.0826,0.381,0.0,0.271,0.29,156.992,199682,4
2024-03-27 20:32,Melanie Martinez,Cake,103325,melanie martinez - cake,175405,Melanie Martinez,Cake,5H3TCfiw0CQTX1XU7A9TXM,74,2015,electro,0.518,0.655,8,-6.255,1,0.0826,0.381,0.0,0.271,0.29,156.992,199682,4
2024-03-27 20:36,beabadoobee,the perfect pair,177533,beabadoobee - the perfect pair,561972,beabadoobee,the perfect pair,41P6Tnd8KIHqON0QIydx6a,78,2022,indie-pop,0.634,0.663,11,-6.818,1,0.0331,0.433,0.124,0.102,0.6,146.053,177533,4
2024-03-27 20:41,Lana Del Rey,Art Deco,295066,lana del rey - art deco,197562,Lana Del Rey,Art Deco,5jqNQZBwbZWQXPWfo0ygZF,72,2015,pop,0.282,0.464,11,-11.112,0,0.0533,0.544,0.215,0.111,0.0596,148.345,295067,5
2024-03-27 20:46,Taylor Swift,Don’t Blame Me,236413,taylor swift - don’t blame me,293464,Taylor Swift,Don’t Blame Me,1R0a2iXumgCiFb7HEZ7gUE,85,2017,pop,0.615,0.534,9,-6.719,0,0.0386,0.106,1.76e-05,0.0607,0.193,135.917,236413,4
2024-03-27 20:50,James Arthur,Car's Outside,248373,james arthur - car's outside,406437,James Arthur,Car's Outside,0otRX6Z89qKkHkQ9OqJpKt,81,2019,pop,0.338,0.562,9,-7.181,1,0.029,0.039,0.0,0.107,0.259,149.907,248373,4
2024-03-27 20:54,Lana Del Rey,Radio,214573,lana del rey - radio,40378,Lana Del Rey,Radio,4PMdq7Q7xOFrY424ZelZEb,59,2012,pop,0.423,0.857,2,-5.173,1,0.0687,0.188,2.63e-05,0.105,0.196,75.024,214574,4
2024-03-27 20:59,Lana Del Rey,Sad Girl,317760,lana del rey - sad girl,146791,Lana Del Rey,Sad Girl,11MyiSGZSYSmhhqwGUTtAq,75,2014,pop,0.345,0.587,5,-8.346,1,0.0364,0.539,0.0731,0.119,0.258,119.479,317760,4
2024-03-27 21:04,Ruth B.,Dandelions,233720,ruth b. - dandelions,293465,Ruth B.,Dandelions,2eAvDnpXP5W0cVtiI0PUxV,87,2017,pop,0.609,0.692,1,-2.958,1,0.0259,0.0157,0.0,0.0864,0.454,116.959,233720,3
2024-03-27 21:05,Melanie Martinez,"Tag, You're It",13200,"melanie martinez - tag, you're it",175408,Melanie Martinez,"Tag, You're It",3u1FiuSpfsgVnekEMXgMwJ,72,2015,electro,0.559,0.835,5,-5.555,0,0.0424,0.24,0.019,0.185,0.382,114.908,189027,4
2024-03-27 21:05,Ruth B.,Lost Boy,47122,ruth b. - lost boy,197564,Ruth B.,Lost Boy,4h0zU3O9R5xzuTmNO7dNDU,70,2015,pop,0.71,0.0565,7,-15.099,1,0.0534,0.965,0.0,0.0889,0.348,123.994,275280,4
2024-03-27 21:11,Taylor Swift,All Too Well (Taylor's Version),329160,taylor swift - all too well (taylor's version),515629,Taylor Swift,All Too Well (Taylor's Version),3nsfB1vus2qaloUdcBZvDu,71,2021,pop,0.44,0.528,0,-7.809,1,0.0317,0.0171,0.00203,0.234,0.132,185.972,329160,4
2024-03-27 21:15,Selena Gomez,People You Know,194900,selena gomez - people you know,433234,Selena Gomez,People You Know,63mdJr3NMY3wReOkNE6c6W,78,2020,dance,0.695,0.62,8,-8.082,0,0.0521,0.0881,5.43e-05,0.111,0.62,150.032,194900,4
2024-03-27 21:23,Kali Uchis,Moonlight,187557,kali uchis - moonlight,612537,Kali Uchis,Moonlight,2i2gDpKKWjvnRTOZRhaPh2,78,2023,pop,0.639,0.723,7,-6.462,0,0.0532,0.511,0.0,0.167,0.878,136.872,187558,4
2024-03-27 21:26,Taylor Swift,illicit affairs,190898,taylor swift - illicit affairs,462035,Taylor Swift,illicit affairs,2NmsngXHeC1GQ9wWrzhOMf,71,2020,pop,0.559,0.31,10,-10.445,1,0.0338,0.881,0.0,0.106,0.46,119.845,190898,4
2024-03-27 22:20,Taylor Swift,Karma,204852,taylor swift - karma,569212,Taylor Swift,Karma,7KokYm8cMIXCsGVmUvKtqf,80,2022,pop,0.642,0.62,8,-7.091,1,0.0666,0.0734,0.0,0.483,0.0969,90.02,204852,4
2024-03-27 22:20,Olivia Rodrigo,"All I Want - From ""High School Musical: The Musical: The Series""",19771,"olivia rodrigo - all i want - from ""high school musical: the musical: the series""",406403,Olivia Rodrigo,"All I Want - From ""High School Musical: The Musical: The Series""",4Yxc55NX3tAXC2mHRAhtcW,76,2019,pop,0.376,0.43,0,-6.585,0,0.0328,0.0902,0.0,0.0912,0.129,77.599,177323,3
2024-03-27 22:24,Chase Atlantic,The Walls,229840,chase atlantic - the walls,293625,Chase Atlantic,The Walls,5pXui9rkf5W90DgZobuDiK,62,2017,pop,0.357,0.704,0,-6.925,0,0.0828,0.326,1.54e-06,0.124,0.225,144.172,229840,4
2024-03-27 22:25,Chase Atlantic,Tidal Wave,14516,chase atlantic - tidal wave,350373,Chase Atlantic,Tidal Wave,2b2lL6iY3x1CSOv7QQbp8R,60,2018,pop,0.599,0.609,4,-5.14,1,0.052,0.565,2.11e-05,0.137,0.383,123.967,243707,4
2024-03-27 22:25,Taylor Swift,The Man,5920,taylor swift - the man,406380,Taylor Swift,The Man,3RauEVgRgj1IuWdJ9fDs70,78,2019,pop,0.777,0.658,0,-5.191,1,0.054,0.0767,0.0,0.0901,0.633,110.048,190360,4
2024-03-27 22:29,Laufey,Fragile,241080,laufey - fragile,577950,Laufey,Fragile,608wYP5XWenLz8cOSYjX7X,59,2022,singer-songwriter,0.361,0.413,3,-12.43,1,0.065,0.931,0.000179,0.231,0.336,149.301,241080,4
2024-03-27 22:42,Taylor Swift,Style,231000,taylor swift - style,146766,Taylor Swift,Style,4lIxdJw6W3Fg4vUIYCB0S5,74,2014,pop,0.598,0.786,2,-5.572,1,0.0383,0.00253,0.0016,0.117,0.456,95.019,231000,4
2024-03-27 23:32,The 1975,About You,326490,the 1975 - about you,531980,The 1975,About You,1fDFHXcykq4iw8Gg7s5hG9,81,2022,alt-rock,0.416,0.762,2,-7.385,1,0.0279,0.312,0.804,0.0559,0.461,95.967,326491,4
2024-03-27 23:33,Lana Del Rey,"Once Upon a Dream - From ""Maleficent"" / Pop Version",46349,"lana del rey - once upon a dream - from ""maleficent"" / pop version",146828,Lana Del Rey,"Once Upon a Dream - From ""Maleficent"" / Pop Version",3liiZRlJxa8GeLUgWMoIeu,64,2014,pop,0.289,0.274,5,-16.574,1,0.0353,0.659,0.0166,0.109,0.167,119.997,203080,3
2024-04-03 20:51,Lana Del Rey,"Once Upon a Dream - From ""Maleficent"" / Pop Version",156738,"lana del rey - once upon a dream - from ""maleficent"" / pop version",146828,Lana Del Rey,"Once Upon a Dream - From ""Maleficent"" / Pop Version",3liiZRlJxa8GeLUgWMoIeu,64,2014,pop,0.289,0.274,5,-16.574,1,0.0353,0.659,0.0166,0.109,0.167,119.997,203080,3
2024-04-03 20:51,Selena Gomez,People You Know,2031,selena gomez - people you know,433234,Selena Gomez,People You Know,63mdJr3NMY3wReOkNE6c6W,78,2020,dance,0.695,0.62,8,-8.082,0,0.0521,0.0881,5.43e-05,0.111,0.62,150.032,194900,4
2024-04-03 20:52,Arctic Monkeys,R U Mine?,42100,arctic monkeys - r u mine?,23776,Arctic Monkeys,R U Mine?,6XnNiyYTxhxuC0zpP22M7C,34,2012,garage,0.52,0.785,6,-4.765,0,0.0329,0.0468,0.0,0.698,0.679,96.996,200188,4
2024-04-03 20:55,Chase Atlantic,LUST,204106,chase atlantic - lust,406673,Chase Atlantic,LUST,51t7nQOI35g07O0z4fflO1,57,2019,pop,0.641,0.755,4,-6.274,1,0.244,0.018,0.000443,0.159,0.477,131.954,204107,4
2024-04-03 21:00,Arctic Monkeys,Arabella,207356,arctic monkeys - arabella,77595,Arctic Monkeys,Arabella,7nzsY8vlnKdvGOEE0rjAXZ,76,2013,garage,0.579,0.558,2,-6.986,1,0.0895,0.0202,1.26e-06,0.212,0.506,179.949,207357,4
2024-04-03 21:04,The Neighbourhood,Flawless,246493,the neighbourhood - flawless,56405,The Neighbourhood,Flawless,2Kt1XplPBQBsDKQDa6TssB,68,2013,alt-rock,0.568,0.871,0,-3.453,1,0.0308,0.0553,0.51,0.303,0.374,119.99,246493,4
2024-04-03 21:13,Arctic Monkeys,505,253586,arctic monkeys - 505,1145378,Arctic Monkeys,505,58ge6dfP91o9oXMzq3XkIS,80,2007,garage,0.52,0.852,0,-5.866,1,0.0543,0.00237,5.79e-05,0.0733,0.234,140.267,253587,4
2024-04-03 21:20,The Neighbourhood,Fallen Star,224938,the neighbourhood - fallen star,478403,The Neighbourhood,Fallen Star,60F6pgM6H6miNr5AmjxwjL,68,2021,alt-rock,0.603,0.551,10,-6.259,0,0.0304,0.0696,0.0976,0.192,0.439,75.001,224939,4
2024-04-03 21:24,Arctic Monkeys,Cornerstone,197973,arctic monkeys - cornerstone,1286929,Arctic Monkeys,Cornerstone,3MC4XRbQADJdW9IIIwbe2u,53,2009,garage,0.287,0.721,9,-5.81,1,0.0387,0.00764,0.0,0.328,0.763,169.252,197973,4
2024-04-03 21:28,Arctic Monkeys,She's Thunderstorms,234920,arctic monkeys - she's thunderstorms,1428149,Arctic Monkeys,She's Thunderstorms,5qm8ISXOho1EvFj6e4f4bG,46,2011,garage,0.505,0.898,7,-4.906,1,0.0329,0.000518,0.00236,0.173,0.731,118.929,234920,4
2024-04-03 22:21,Cults,Always Forever,223746,cults - always forever,87537,Cults,Always Forever,2enPRFda84VE2wtI8c86Uf,78,2013,indie-pop,0.174,0.742,8,-5.93,1,0.0485,0.00181,0.281,0.198,0.36,163.378,223747,4
2024-04-03 22:26,Cigarettes After Sex,K.,320030,cigarettes after sex - k.,215605,Cigarettes After Sex,K.,36Zs84njjWZD3TGYE77WPC,47,2016,ambient,0.454,0.404,3,-10.26,1,0.027,0.146,0.819,0.141,0.313,94.113,319560,4
2024-04-03 22:35,Lana Del Rey,Cinnamon Girl,300683,lana del rey - cinnamon girl,406385,Lana Del Rey,Cinnamon Girl,2mdEsXPu8ZmkHRRtAdC09e,79,2019,pop,0.294,0.337,6,-10.614,0,0.036,0.814,0.414,0.14,0.135,91.781,300683,5
2024-04-03 22:46,Taylor Swift,Blank Space,4050,taylor swift - blank space,146765,Taylor Swift,Blank Space,1p80LdxRV74UKvL8gnD7ky,76,2014,pop,0.753,0.678,5,-5.421,1,0.0644,0.085,1.64e-06,0.13,0.583,96.006,231827,4
2024-04-03 22:49,Taylor Swift,illicit affairs,190898,taylor swift - illicit affairs,462035,Taylor Swift,illicit affairs,2NmsngXHeC1GQ9wWrzhOMf,71,2020,pop,0.559,0.31,10,-10.445,1,0.0338,0.881,0.0,0.106,0.46,119.845,190898,4
2024-04-03 22:50,Lana Del Rey,"Once Upon a Dream - From ""Maleficent"" / Pop Version",67831,"lana del rey - once upon a dream - from ""maleficent"" / pop version",146828,Lana Del Rey,"Once Upon a Dream - From ""Maleficent"" / Pop Version",3liiZRlJxa8GeLUgWMoIeu,64,2014,pop,0.289,0.274,5,-16.574,1,0.0353,0.659,0.0166,0.109,0.167,119.997,203080,3
2024-04-03 22:52,beabadoobee,Glue Song,135066,beabadoobee - glue song,606469,beabadoobee,Glue Song,3iBgrkexCzVuPy4O9vx7Mf,82,2023,indie-pop,0.62,0.409,1,-10.146,1,0.0282,0.77,0.0542,0.105,0.582,113.946,135067,3
2024-04-03 22:56,Olivia Rodrigo,"All I Want - From ""High School Musical: The Musical: The Series""",177322,"olivia rodrigo - all i want - from ""high school musical: the musical: the series""",406403,Olivia Rodrigo,"All I Want - From ""High School Musical: The Musical: The Series""",4Yxc55NX3tAXC2mHRAhtcW,76,2019,pop,0.376,0.43,0,-6.585,0,0.0328,0.0902,0.0,0.0912,0.129,77.599,177323,3
2024-04-03 23:00,Lana Del Rey,Pretty When You Cry,234146,lana del rey - pretty when you cry,146790,Lana Del Rey,Pretty When You Cry,6PnluwP0fjGnpIBsqTdUTq,74,2014,pop,0.509,0.547,10,-6.548,0,0.0417,0.399,0.0,0.215,0.197,109.436,234147,4
2024-04-03 23:04,Selena Gomez,Fetish (feat. Gucci Mane),186112,selena gomez - fetish (feat. gucci mane),264809,Selena Gomez,Fetish (feat. Gucci Mane),4lnAN2S1fcI0SjxEbksZVr,71,2017,dance,0.708,0.618,2,-4.424,1,0.0592,0.0204,6.81e-06,0.062,0.265,123.013,186113,4
2024-04-03 23:07,Eddy Kim,긴 밤이 오면,14598,eddy kim - 긴 밤이 오면,288554,Eddy Kim,긴 밤이 오면,5LiWJsSSjZh7Y3hqml18Ki,54,2017,k-pop,0.48,0.501,5,-5.511,1,0.0296,0.624,0.0,0.0748,0.222,110.889,226992,4
2024-04-03 23:20,Olivia Rodrigo,"jealousy, jealousy",173160,"olivia rodrigo - jealousy, jealousy",515579,Olivia Rodrigo,"jealousy, jealousy",0MMyJUC3WNnFS1lit5pTjk,80,2021,pop,0.695,0.575,10,-6.334,0,0.116,0.198,0.0,0.0614,0.699,163.929,173160,4
2024-04-03 23:24,Lana Del Rey,Dark Paradise,243187,lana del rey - dark paradise,40368,Lana Del Rey,Dark Paradise,2Y115i0IhELJhyyftvoSFt,62,2012,pop,0.6,0.653,1,-8.309,0,0.0594,0.0953,0.0,0.122,0.43,119.994,243187,4
2024-04-03 23:33,Lana Del Rey,West Coast,256760,lana del rey - west coast,146772,Lana Del Rey,West Coast,5Y6nVaayzitvsD5F7nr3DV,81,2014,pop,0.527,0.591,6,-7.664,0,0.0396,0.194,0.0194,0.0907,0.461,123.167,256760,4
2024-04-05 20:41,Olivia Rodrigo,happier,175933,olivia rodrigo - happier,515580,Olivia Rodrigo,happier,2tGvwE8GcFKwNdAXMnlbfl,82,2021,pop,0.395,0.443,6,-9.72,1,0.133,0.765,9.67e-06,0.0839,0.338,168.924,175933,3
2024-04-05 20:45,Sixpence None The Richer,Kiss Me,208680,sixpence none the richer - kiss me,901251,Sixpence None The Richer,Kiss Me,2aZ5oYPdDbLNRIUghXM9EV,39,2003,pop,0.475,0.898,3,-4.776,1,0.0442,0.00379,0.00108,0.082,0.351,100.127,199093,4
2024-04-05 20:46,Taylor Swift,I Knew You Were Trouble (Taylor's Version),3770,taylor swift - i knew you were trouble (taylor's version),515618,Taylor Swift,I Knew You Were Trouble (Taylor's Version),6AtZLIzUINvExIUy4QhdjP,72,2021,pop,0.584,0.557,6,-6.371,1,0.0342,0.0129,0.0,0.0576,0.767,154.008,219760,4
2024-04-05 20:46,Selena Gomez,People You Know,33974,selena gomez - people you know,433234,Selena Gomez,People You Know,63mdJr3NMY3wReOkNE6c6W,78,2020,dance,0.695,0.62,8,-8.082,0,0.0521,0.0881,5.43e-05,0.111,0.62,150.032,194900,4
2024-04-05 20:50,Olivia Rodrigo,traitor,229226,olivia rodrigo - traitor,515570,Olivia Rodrigo,traitor,5CZ40GBx1sQ9agT82CLQCT,84,2021,pop,0.38,0.339,3,-7.885,1,0.0338,0.691,0.0,0.12,0.0849,100.607,229227,4
2024-04-05 20:53,beabadoobee,the perfect pair,177533,beabadoobee - the perfect pair,561972,beabadoobee,the perfect pair,41P6Tnd8KIHqON0QIydx6a,78,2022,indie-pop,0.634,0.663,11,-6.818,1,0.0331,0.433,0.124,0.102,0.6,146.053,177533,4
2024-04-05 20:58,Taylor Swift,Safe & Sound - from The Hunger Games Soundtrack,240066,taylor swift - safe & sound - from the hunger games soundtrack,40377,Taylor Swift,Safe & Sound - from The Hunger Games Soundtrack,0z9UVN8VBHJ9HdfYsOuuNf,64,2012,pop,0.471,0.3,7,-10.807,1,0.028,0.883,1.05e-05,0.0698,0.289,144.319,240067,4
2024-04-05 21:01,Melanie Martinez,"Tag, You're It",189026,"melanie martinez - tag, you're it",175408,Melanie Martinez,"Tag, You're It",3u1FiuSpfsgVnekEMXgMwJ,72,2015,electro,0.559,0.835,5,-5.555,0,0.0424,0.24,0.019,0.185,0.382,114.908,189027,4
2024-04-05 21:06,Lana Del Rey,Radio,214573,lana del rey - radio,40378,Lana Del Rey,Radio,4PMdq7Q7xOFrY424ZelZEb,59,2012,pop,0.423,0.857,2,-5.173,1,0.0687,0.188,2.63e-05,0.105,0.196,75.024,214574,4
2024-04-05 21:13,Justin Bieber,Ghost,153190,justin bieber - ghost,515568,Justin Bieber,Ghost,6I3mqTwhRpn34SLVafSH7G,85,2021,pop,0.601,0.741,2,-5.569,1,0.0478,0.185,2.91e-05,0.415,0.441,153.96,153190,4
2024-04-05 21:16,Taylor Swift,Bejeweled,194165,taylor swift - bejeweled,569211,Taylor Swift,Bejeweled,3qoftcUZaUOncvIYjFSPdE,80,2022,pop,0.696,0.559,7,-9.19,1,0.0693,0.0618,5.58e-05,0.0887,0.433,163.999,194166,4
2024-04-05 21:22,Taylor Swift,The Man,190360,taylor swift - the man,406380,Taylor Swift,The Man,3RauEVgRgj1IuWdJ9fDs70,78,2019,pop,0.777,0.658,0,-5.191,1,0.054,0.0767,0.0,0.0901,0.633,110.048,190360,4
2024-04-05 21:38,Lana Del Rey,Brooklyn Baby,351640,lana del rey - brooklyn baby,146776,Lana Del Rey,Brooklyn Baby,1NZs6n6hl8UuMaX0UC0YTz,80,2014,pop,0.404,0.664,1,-6.698,1,0.0407,0.542,0.00402,0.11,0.0949,107.747,351640,4
2024-04-05 21:41,Melanie Martinez,Play Date,179867,melanie martinez - play date,175403,Melanie Martinez,Play Date,4DpNNXFMMxQEKl7r0ykkWA,76,2015,electro,0.68,0.729,5,-5.077,1,0.0475,0.612,0.0,0.224,0.446,123.97,179867,4
2024-04-05 21:44,Taylor Swift,Wildest Dreams,220440,taylor swift - wildest dreams,146777,Taylor Swift,Wildest Dreams,59HjlYCeBsxdI0fcm3zglw,71,2014,pop,0.554,0.666,8,-7.414,1,0.0747,0.0702,0.00593,0.106,0.472,140.056,220440,4
2024-04-05 21:51,7!!,オレンジ,350106,7!! - オレンジ,297466,7!!,オレンジ,1iOQmZULzzkDN1hQZNoDii,49,2017,rock,0.4,0.563,7,-4.023,1,0.0319,0.194,0.0,0.162,0.311,172.027,350107,4
2024-04-05 22:45,Taylor Swift,Speak Now,240760,taylor swift - speak now,1380435,Taylor Swift,Speak Now,24DefNCFiWTP8OjYWiXuYe,62,2010,pop,0.709,0.599,7,-3.734,1,0.0304,0.095,0.0,0.0973,0.735,118.975,240760,4
2024-04-05 22:58,Lana Del Rey,Young And Beautiful,236053,lana del rey - young and beautiful,93567,Lana Del Rey,Young And Beautiful,2nMeu6UenVvwUktBCpLMK9,81,2013,pop,0.324,0.416,11,-8.92,0,0.0368,0.262,3.69e-05,0.11,0.151,113.986,236053,4
2024-04-05 22:59,Lana Del Rey,Art Deco,25309,lana del rey - art deco,197562,Lana Del Rey,Art Deco,5jqNQZBwbZWQXPWfo0ygZF,72,2015,pop,0.282,0.464,11,-11.112,0,0.0533,0.544,0.215,0.111,0.0596,148.345,295067,5
2024-04-05 23:02,Arctic Monkeys,I Wanna Be Yours,183956,arctic monkeys - i wanna be yours,77591,Arctic Monkeys,I Wanna Be Yours,5XeFesFbtLpXzIVDNQP22n,91,2013,garage,0.464,0.417,0,-9.345,0,0.0256,0.136,0.022,0.0974,0.479,67.528,183956,4
2024-04-05 23:21,Arctic Monkeys,Why'd You Only Call Me When You're High?,161123,arctic monkeys - why'd you only call me when you're high?,77592,Arctic Monkeys,Why'd You Only Call Me When You're High?,086myS9r57YsLbJpU0TgK9,85,2013,garage,0.691,0.631,2,-6.478,1,0.0368,0.0483,1.13e-05,0.104,0.8,92.004,161124,4
2024-04-05 23:26,Arctic Monkeys,505,253586,arctic monkeys - 505,1145378,Arctic Monkeys,505,58ge6dfP91o9oXMzq3XkIS,80,2007,garage,0.52,0.852,0,-5.866,1,0.0543,0.00237,5.79e-05,0.0733,0.234,140.267,253587,4
2024-04-05 23:29,Arctic Monkeys,Stop The World I Wanna Get Off With You,191040,arctic monkeys - stop the world i wanna get off with you,77598,Arctic Monkeys,Stop The World I Wanna Get Off With You,2QUlMbvD9bL8wHqfsoqoet,69,2013,garage,0.661,0.73,6,-6.779,0,0.0574,0.0537,3.44e-05,0.14,0.53,95.027,191040,4
2024-04-05 23:32,Chase Atlantic,LUST,204106,chase atlantic - lust,406673,Chase Atlantic,LUST,51t7nQOI35g07O0z4fflO1,57,2019,pop,0.641,0.755,4,-6.274,1,0.244,0.018,0.000443,0.159,0.477,131.954,204107,4
2024-04-05 23:36,The Neighbourhood,Fallen Star,224938,the neighbourhood - fallen star,478403,The Neighbourhood,Fallen Star,60F6pgM6H6miNr5AmjxwjL,68,2021,alt-rock,0.603,0.551,10,-6.259,0,0.0304,0.0696,0.0976,0.192,0.439,75.001,224939,4
2024-04-05 23:41,Cigarettes After Sex,Sweet,292110,cigarettes after sex - sweet,255748,Cigarettes After Sex,Sweet,3VSYkAf6f46i5ZkXOHORq1,72,2017,ambient,0.448,0.511,6,-9.084,1,0.0274,0.362,0.823,0.129,0.112,96.321,291640,4
2024-04-05 23:45,The Neighbourhood,Afraid,251186,the neighbourhood - afraid,56398,The Neighbourhood,Afraid,7brQHA2CgQpcMBiOlfiXYb,74,2013,alt-rock,0.464,0.701,6,-5.693,0,0.0411,0.00892,0.309,0.335,0.356,83.996,251187,4
2024-04-05 23:51,Cigarettes After Sex,Each Time You Fall in Love,290630,cigarettes after sex - each time you fall in love,255751,Cigarettes After Sex,Each Time You Fall In Love,6YbqjyoqQx9p13IndkOzeP,63,2017,ambient,0.383,0.534,10,-8.829,1,0.0277,0.468,0.676,0.14,0.276,76.046,290160,4
2024-04-05 23:54,Arctic Monkeys,R U Mine?,201726,arctic monkeys - r u mine?,23776,Arctic Monkeys,R U Mine?,6XnNiyYTxhxuC0zpP22M7C,34,2012,garage,0.52,0.785,6,-4.765,0,0.0329,0.0468,0.0,0.698,0.679,96.996,200188,4
2024-04-05 23:57,Cigarettes After Sex,John Wayne,175538,cigarettes after sex - john wayne,255750,Cigarettes After Sex,John Wayne,5IonbH68pmDKBwcKlyswmR,65,2017,ambient,0.429,0.457,3,-8.375,1,0.0294,0.35,0.859,0.099,0.183,124.033,258013,4
2024-04-08 20:37,Cigarettes After Sex,John Wayne,82948,cigarettes after sex - john wayne,255750,Cigarettes After Sex,John Wayne,5IonbH68pmDKBwcKlyswmR,65,2017,ambient,0.429,0.457,3,-8.375,1,0.0294,0.35,0.859,0.099,0.183,124.033,258013,4
2024-04-08 20:47,Cigarettes After Sex,Kiss It Off Me,269933,cigarettes after sex - kiss it off me,368580,Cigarettes After Sex,Kiss It Off Me,1Mhf6QIO0UuVr2ZvQPgymt,62,2019,ambient,0.521,0.298,4,-12.471,1,0.0258,0.753,0.496,0.111,0.235,80.259,269933,4
2024-04-08 20:52,Cigarettes After Sex,Heavenly,286773,cigarettes after sex - heavenly,368576,Cigarettes After Sex,Heavenly,1Bh0UzthW8pKEnYg7v40Oa,69,2019,ambient,0.539,0.431,8,-9.298,1,0.0249,0.628,0.653,0.11,0.122,105.156,288595,4
2024-04-08 20:56,Cigarettes After Sex,You're the Only Good Thing In My Life,275186,cigarettes after sex - you're the only good thing in my life,368583,Cigarettes After Sex,You're the Only Good Thing in My Life,69BeOEL0DFLwA3WplXJxX5,59,2019,ambient,0.462,0.288,5,-11.199,1,0.0288,0.781,0.756,0.131,0.0589,130.164,275187,4
2024-04-08 21:01,Chase Atlantic,Okay,212306,chase atlantic - okay,293566,Chase Atlantic,Okay,492PZFHvGTm3RZZYeeUVWT,67,2017,pop,0.614,0.815,0,-6.784,1,0.131,0.112,0.0,0.121,0.431,130.049,212307,4
2024-04-08 21:03,d4vd,Romantic Homicide,132630,d4vd - romantic homicide,569185,d4vd,Romantic Homicide,1xK59OXxi2TAAAbmZK0kBL,90,2022,pop,0.571,0.544,6,-10.613,1,0.0299,0.453,0.00805,0.322,0.216,132.052,132631,4
2024-04-08 21:22,Arctic Monkeys,She's Thunderstorms,234920,arctic monkeys - she's thunderstorms,1428149,Arctic Monkeys,She's Thunderstorms,5qm8ISXOho1EvFj6e4f4bG,46,2011,garage,0.505,0.898,7,-4.906,1,0.0329,0.000518,0.00236,0.173,0.731,118.929,234920,4
2024-04-08 21:27,Cigarettes After Sex,K.,320030,cigarettes after sex - k.,215605,Cigarettes After Sex,K.,36Zs84njjWZD3TGYE77WPC,47,2016,ambient,0.454,0.404,3,-10.26,1,0.027,0.146,0.819,0.141,0.313,94.113,319560,4
2024-04-08 22:24,The Neighbourhood,W.D.Y.W.F.M?,259413,the neighbourhood - w.d.y.w.f.m?,56407,The Neighbourhood,W.D.Y.W.F.M?,3vooOYHU0Fi3ViCG7Ozh0Y,65,2013,alt-rock,0.557,0.845,8,-2.926,0,0.0346,0.0303,0.00851,0.354,0.508,123.997,259413,4
2024-04-08 22:28,Cigarettes After Sex,Pure,254626,cigarettes after sex - pure,368590,Cigarettes After Sex,Pure,5EYkide3NzE6gDIHvd4Pvz,53,2019,ambient,0.521,0.211,6,-13.489,0,0.0324,0.544,0.836,0.101,0.0412,134.285,254627,3
2024-04-08 22:36,The Neighbourhood,Cry Baby,235160,the neighbourhood - cry baby,162920,The Neighbourhood,Cry Baby,0EfsDEYaSjGYd66Pr881nq,73,2015,alt-rock,0.581,0.656,4,-4.891,0,0.0294,0.00269,2.78e-06,0.101,0.338,108.033,235160,4
2024-04-08 22:41,Chase Atlantic,OHMAMI,226835,chase atlantic - ohmami,515742,Chase Atlantic,OHMAMI,2zVaxB54fNngkbWs5uZnla,66,2021,pop,0.625,0.717,10,-5.796,0,0.121,0.0476,8.73e-05,0.277,0.398,126.004,226835,4
2024-04-08 22:44,Chase Atlantic,Numb to the Feeling,227586,chase atlantic - numb to the feeling,350308,Chase Atlantic,Numb to the Feeling,102cCjW3CnC3sws3qOhie8,63,2018,pop,0.695,0.737,5,-5.75,0,0.122,0.232,0.0,0.136,0.248,129.999,227587,4
2024-04-08 22:50,Arctic Monkeys,Cornerstone,197973,arctic monkeys - cornerstone,1286929,Arctic Monkeys,Cornerstone,3MC4XRbQADJdW9IIIwbe2u,53,2009,garage,0.287,0.721,9,-5.81,1,0.0387,0.00764,0.0,0.328,0.763,169.252,197973,4
2024-04-08 23:00,James Arthur,Car's Outside,248373,james arthur - car's outside,406437,James Arthur,Car's Outside,0otRX6Z89qKkHkQ9OqJpKt,81,2019,pop,0.338,0.562,9,-7.181,1,0.029,0.039,0.0,0.107,0.259,149.907,248373,4
2024-04-08 23:05,Arctic Monkeys,Baby I'm Yours,152613,arctic monkeys - baby i'm yours,1076412,Arctic Monkeys,Baby I'm Yours,6FLqFu1ApSkUddZ9P4H6Io,58,2006,garage,0.462,0.595,2,-9.363,1,0.0347,0.215,0.0,0.184,0.64,113.719,152613,4
2024-04-08 23:22,Chase Atlantic,Friends,230010,chase atlantic - friends,197528,Chase Atlantic,Friends,2jQiSYrwJehQAcuaaQrXnS,79,2015,pop,0.422,0.609,11,-6.361,0,0.0335,0.0114,4.76e-06,0.108,0.0911,107.34,230011,3
2024-04-08 23:26,The Neighbourhood,Female Robbery,209520,the neighbourhood - female robbery,2046,The Neighbourhood,Female Robbery,7e8bQb1csn5WvpOc4b5PJg,40,2012,alt-rock,0.403,0.888,7,-3.382,0,0.0413,0.056,0.00161,0.0682,0.391,176.483,206813,4
2024-04-08 23:30,Chase Atlantic,HEAVEN AND BACK,248240,chase atlantic - heaven and back,406526,Chase Atlantic,HEAVEN AND BACK,5dewQ7ojISR32NAYNHFYWC,66,2019,pop,0.309,0.793,10,-6.195,0,0.0774,0.0902,0.092,0.0888,0.532,193.714,248240,4
2024-04-08 23:42,Chase Atlantic,Meddle About,203886,chase atlantic - meddle about,197593,Chase Atlantic,Meddle About,1x5gfSHfhWpMFKKqbuDe9G,68,2015,pop,0.387,0.797,4,-6.41,0,0.052,0.00404,0.0108,0.314,0.369,159.897,203886,4
2024-04-08 23:46,Cigarettes After Sex,Cry,256800,cigarettes after sex - cry,368575,Cigarettes After Sex,Cry,0Qr61NXlyAeQaADO5xn3rI,76,2019,ambient,0.409,0.399,7,-10.456,1,0.0275,0.763,0.654,0.112,0.161,142.823,256800,4
2024-04-08 23:56,Chase Atlantic,Church,220000,chase atlantic - church,293564,Chase Atlantic,Church,7bbYT48HWWIbL3YKmtMNzn,68,2017,pop,0.556,0.824,5,-4.539,0,0.0548,0.0109,0.0,0.112,0.292,112.99,220000,4
2024-04-09 00:00,Chase Atlantic,Consume (feat. Goon Des Garcons),267920,chase atlantic - consume (feat. goon des garcons),293489,Chase Atlantic,Consume (feat. Goon Des Garcons),0X2bh8NVQ8svDQIn2AdCbW,77,2017,pop,0.556,0.714,9,-5.322,0,0.158,0.07,0.0,0.261,0.434,146.113,267920,4
2024-04-09 22:57,Chase Atlantic,Into It,196767,chase atlantic - into it,293490,Chase Atlantic,Into It,4HwDCXsMBC7SUdp2WT4MZP,77,2017,pop,0.518,0.572,10,-6.706,0,0.0416,0.0503,2.41e-05,0.129,0.291,130.053,196767,4
2024-04-09 23:29,Lana Del Rey,Art Deco,269619,lana del rey - art deco,197562,Lana Del Rey,Art Deco,5jqNQZBwbZWQXPWfo0ygZF,72,2015,pop,0.282,0.464,11,-11.112,0,0.0533,0.544,0.215,0.111,0.0596,148.345,295067,5
2024-04-09 23:53,Taylor Swift,my tears ricochet,255893,taylor swift - my tears ricochet,462020,Taylor Swift,my tears ricochet,1MgV7FIyNxIG7WzMRJV5HC,74,2020,pop,0.456,0.263,0,-10.63,1,0.0332,0.806,0.0,0.0749,0.111,129.86,255894,4
2024-04-09 23:58,HENRY,It's You,231001,henry - it's you,288474,HENRY,It's You,3hm4axDodp2jFEDohQfXxV,63,2017,k-pop,0.545,0.468,7,-6.064,1,0.0247,0.637,0.0,0.128,0.279,76.045,231643,4
2024-04-10 00:15,Melanie Martinez,Pity Party,118680,melanie martinez - pity party,175409,Melanie Martinez,Pity Party,3fo6DYGktjENCiagUeU9yH,71,2015,electro,0.716,0.73,6,-4.126,0,0.0364,0.058,7.32e-06,0.151,0.339,136.05,204086,4
2024-04-10 00:20,Chase Atlantic,Consume (feat. Goon Des Garcons),267920,chase atlantic - consume (feat. goon des garcons),293489,Chase Atlantic,Consume (feat. Goon Des Garcons),0X2bh8NVQ8svDQIn2AdCbW,77,2017,pop,0.556,0.714,9,-5.322,0,0.158,0.07,0.0,0.261,0.434,146.113,267920,4
2024-04-10 00:25,The Neighbourhood,Sweater Weather,240400,the neighbourhood - sweater weather,1800,The Neighbourhood,Sweater Weather,4pGqFOfzvfe6avb9kbZicC,60,2012,alt-rock,0.695,0.615,7,-5.325,0,0.042,0.15,0.000212,0.0879,0.414,124.015,240040,4
2024-04-10 00:28,The Neighbourhood,Female Robbery,209520,the neighbourhood - female robbery,2046,The Neighbourhood,Female Robbery,7e8bQb1csn5WvpOc4b5PJg,40,2012,alt-rock,0.403,0.888,7,-3.382,0,0.0413,0.056,0.00161,0.0682,0.391,176.483,206813,4
2024-04-10 01:45,Cigarettes After Sex,Cry,256800,cigarettes after sex - cry,368575,Cigarettes After Sex,Cry,0Qr61NXlyAeQaADO5xn3rI,76,2019,ambient,0.409,0.399,7,-10.456,1,0.0275,0.763,0.654,0.112,0.161,142.823,256800,4
2024-04-10 01:49,Chase Atlantic,OHMAMI,226835,chase atlantic - ohmami,515742,Chase Atlantic,OHMAMI,2zVaxB54fNngkbWs5uZnla,66,2021,pop,0.625,0.717,10,-5.796,0,0.121,0.0476,8.73e-05,0.277,0.398,126.004,226835,4
2024-04-10 01:57,Cigarettes After Sex,You're the Only Good Thing In My Life,275186,cigarettes after sex - you're the only good thing in my life,368583,Cigarettes After Sex,You're the Only Good Thing in My Life,69BeOEL0DFLwA3WplXJxX5,59,2019,ambient,0.462,0.288,5,-11.199,1,0.0288,0.781,0.756,0.131,0.0589,130.164,275187,4
2024-04-10 01:58,Chase Atlantic,Numb to the Feeling,44570,chase atlantic - numb to the feeling,350308,Chase Atlantic,Numb to the Feeling,102cCjW3CnC3sws3qOhie8,63,2018,pop,0.695,0.737,5,-5.75,0,0.122,0.232,0.0,0.136,0.248,129.999,227587,4
2024-04-10 02:02,Ariana Grande,Dangerous Woman,235946,ariana grande - dangerous woman,224462,Ariana Grande,Dangerous Woman,6RUhbFEhrvGISaQ8u2j2JN,67,2016,dance,0.664,0.602,4,-5.369,0,0.0412,0.0529,0.0,0.356,0.289,134.049,235947,3
2024-04-10 02:05,Ariana Grande,motive (with Doja Cat),167989,ariana grande - motive (with doja cat),433219,Ariana Grande,motive (with Doja Cat),5GkQIP5mWPi4KZLLXeuFTT,75,2020,dance,0.789,0.742,10,-5.664,0,0.0652,0.0681,0.0,0.166,0.661,116.965,167990,4
2024-04-10 02:09,Ariana Grande,Love Me Harder,236133,ariana grande - love me harder,119675,Ariana Grande,Love Me Harder,5J4ZkQpzMUFojo1CtAZYpn,78,2014,dance,0.472,0.714,1,-4.389,0,0.0334,0.00937,0.0,0.0764,0.24,98.992,236133,4
2024-04-10 02:16,Ariana Grande,everytime,120258,ariana grande - everytime,321048,Ariana Grande,everytime,0WdR2AyLW1Drd3OUdwezM0,73,2018,dance,0.71,0.614,10,-6.757,0,0.0431,0.186,0.0,0.0974,0.658,148.152,172107,4
2024-04-10 02:22,Ariana Grande,bloodline,120480,ariana grande - bloodline,377718,Ariana Grande,bloodline,2hloaUoRonYssMuqLCBLTX,68,2019,dance,0.758,0.665,2,-5.188,0,0.0774,0.0815,0.000157,0.216,0.643,151.976,216893,4
2024-04-10 02:30,Ariana Grande,Into You,244453,ariana grande - into you,224454,Ariana Grande,Into You,63y6xWR4gXz7bnUGOk8iI6,69,2016,dance,0.623,0.734,9,-5.948,1,0.107,0.0162,1.75e-06,0.145,0.37,107.853,244453,4
2024-04-10 02:34,Ariana Grande,obvious,146958,ariana grande - obvious,433315,Ariana Grande,obvious,0q85C1JiECyYIQthz1posA,60,2020,dance,0.624,0.672,0,-5.334,1,0.106,0.0967,0.0,0.155,0.26,159.852,146959,4
2024-04-10 02:37,Ariana Grande,love language,179860,ariana grande - love language,433359,Ariana Grande,love language,6NYtLvyThMT0oALFdJFdzq,58,2020,dance,0.688,0.573,10,-5.03,0,0.208,0.0686,0.0,0.0749,0.553,110.034,179861,4
2024-04-10 02:44,Ariana Grande,Break Free,214840,ariana grande - break free,119684,Ariana Grande,Break Free,12KUFSHFgT0XCoiSlvdQi4,75,2014,dance,0.687,0.702,7,-5.324,0,0.0455,0.0064,4.35e-05,0.204,0.284,129.956,214840,4
2024-04-10 02:46,Ariana Grande,just like magic,149900,ariana grande - just like magic,433249,Ariana Grande,just like magic,7Dx9Z6Aon1qPS2N0rHSWTe,67,2020,dance,0.719,0.607,8,-5.156,1,0.165,0.08,0.0,0.125,0.464,128.006,149900,4
2024-04-10 02:50,Ariana Grande,Be Alright,179293,ariana grande - be alright,224511,Ariana Grande,Be Alright,1MkFj1ThZZxjYMNkczx9mk,60,2016,dance,0.813,0.456,1,-7.667,0,0.0684,0.169,2.86e-06,0.105,0.587,108.801,179293,4
2024-04-10 02:54,Demi Lovato,Met Him Last Night (feat. Ariana Grande),204631,demi lovato - met him last night (feat. ariana grande),488124,Demi Lovato,Met Him Last Night (feat. Ariana Grande),0BI0hfbmqybnd3TezrDME3,58,2021,dance,0.538,0.512,4,-4.548,0,0.0262,0.22,0.0,0.101,0.12,144.978,204632,4
2024-04-10 02:57,Ariana Grande,MONOPOLY (with Victoria Monét),158586,ariana grande - monopoly (with victoria monét),406564,Ariana Grande,MONOPOLY (with Victoria Monét),6tsOcBnaKgzK22yEiqRh8P,61,2019,pop,0.892,0.507,0,-8.282,1,0.378,0.704,3.14e-05,0.109,0.695,143.96,158587,4
2024-04-10 02:58,Ariana Grande,breathin,27198,ariana grande - breathin,321051,Ariana Grande,breathin,4OafepJy2teCjYJbvFE60J,70,2018,dance,0.568,0.656,8,-5.413,1,0.0433,0.0211,1.37e-05,0.213,0.364,100.049,198160,4
2024-04-10 03:06,Ariana Grande,boyfriend (with Social House),186106,ariana grande - boyfriend (with social house),377670,Ariana Grande,boyfriend (with Social House),0Ryd8975WihbObpp5cPW1t,78,2019,dance,0.4,0.795,10,-3.731,0,0.461,0.119,0.0,0.159,0.702,190.097,186107,4
2024-04-10 03:39,Ariana Grande,Love Me Harder,156627,ariana grande - love me harder,119675,Ariana Grande,Love Me Harder,5J4ZkQpzMUFojo1CtAZYpn,78,2014,dance,0.472,0.714,1,-4.389,0,0.0334,0.00937,0.0,0.0764,0.24,98.992,236133,4
2024-04-10 20:32,Ariana Grande,Love Me Harder,8130,ariana grande - love me harder,119675,Ariana Grande,Love Me Harder,5J4ZkQpzMUFojo1CtAZYpn,78,2014,dance,0.472,0.714,1,-4.389,0,0.0334,0.00937,0.0,0.0764,0.24,98.992,236133,4
2024-04-10 20:35,Taylor Swift,Lover,221306,taylor swift - lover,406372,Taylor Swift,Lover,1dGr1c8CrMLDpV6mPbImSI,83,2019,pop,0.359,0.543,7,-7.582,1,0.0919,0.492,1.58e-05,0.118,0.453,68.534,221307,4
2024-04-10 20:40,Lana Del Rey,Dark Paradise,243187,lana del rey - dark paradise,40368,Lana Del Rey,Dark Paradise,2Y115i0IhELJhyyftvoSFt,62,2012,pop,0.6,0.653,1,-8.309,0,0.0594,0.0953,0.0,0.122,0.43,119.994,243187,4
2024-04-10 20:44,d4vd,Here With Me,242484,d4vd - here with me,569188,d4vd,Here With Me,78Sw5GDo6AlGwTwanjXbGh,92,2022,pop,0.574,0.469,4,-8.209,1,0.0254,0.534,9.21e-05,0.128,0.288,132.023,242485,4
2024-04-10 20:53,Olivia Rodrigo,deja vu,215506,olivia rodrigo - deja vu,515572,Olivia Rodrigo,deja vu,6HU7h9RYOaPRFeh0R3UeAr,83,2021,pop,0.442,0.612,2,-7.222,1,0.112,0.584,5.7e-06,0.37,0.178,180.917,215507,4
2024-04-10 20:58,Taylor Swift,cardigan,239560,taylor swift - cardigan,461996,Taylor Swift,cardigan,4R2kfaDFhslZEMJqAFNpdd,84,2020,pop,0.613,0.581,0,-8.588,0,0.0424,0.537,0.000345,0.25,0.551,130.033,239560,4
2024-04-10 21:02,Lana Del Rey,Ultraviolence,251480,lana del rey - ultraviolence,146806,Lana Del Rey,Ultraviolence,1y3r6RXiJZNBV1EI0NggpS,73,2014,pop,0.144,0.541,0,-7.076,1,0.038,0.278,1.01e-05,0.101,0.0899,79.262,251480,3
2024-04-10 21:06,The Neighbourhood,Softcore,206280,the neighbourhood - softcore,311042,The Neighbourhood,Softcore,2K7xn816oNHJZ0aVqdQsha,84,2018,alt-rock,0.575,0.568,9,-5.509,0,0.03,0.0484,0.000417,0.286,0.37,93.986,206280,4
2024-04-10 21:07,Selena Gomez,People You Know,51839,selena gomez - people you know,433234,Selena Gomez,People You Know,63mdJr3NMY3wReOkNE6c6W,78,2020,dance,0.695,0.62,8,-8.082,0,0.0521,0.0881,5.43e-05,0.111,0.62,150.032,194900,4
2024-04-10 21:11,JEONG SEWOON,Just Watching You,242213,jeong sewoon - just watching you,564502,JEONG SEWOON,Just Watching You,0pPl0eb7HcfwuXkFZqp4TU,55,2022,k-pop,0.422,0.14,8,-10.577,1,0.0291,0.837,0.0,0.123,0.235,69.861,242213,4
2024-04-10 21:19,Doja Cat,Kiss Me More (feat. SZA),208666,doja cat - kiss me more (feat. sza),487896,Doja Cat,Kiss Me More (feat. SZA),3DarAbFujv6eYNliUTyqtz,80,2021,dance,0.764,0.705,8,-3.463,1,0.0284,0.259,8.92e-05,0.12,0.781,110.97,208667,4
2024-04-10 21:26,7!!,オレンジ,350106,7!! - オレンジ,297466,7!!,オレンジ,1iOQmZULzzkDN1hQZNoDii,49,2017,rock,0.4,0.563,7,-4.023,1,0.0319,0.194,0.0,0.162,0.311,172.027,350107,4
2024-04-10 22:27,Olivia Rodrigo,"All I Want - From ""High School Musical: The Musical: The Series""",0,"olivia rodrigo - all i want - from ""high school musical: the musical: the series""",406403,Olivia Rodrigo,"All I Want - From ""High School Musical: The Musical: The Series""",4Yxc55NX3tAXC2mHRAhtcW,76,2019,pop,0.376,0.43,0,-6.585,0,0.0328,0.0902,0.0,0.0912,0.129,77.599,177323,3
2024-04-10 22:28,Laufey,Fragile,126603,laufey - fragile,577950,Laufey,Fragile,608wYP5XWenLz8cOSYjX7X,59,2022,singer-songwriter,0.361,0.413,3,-12.43,1,0.065,0.931,0.000179,0.231,0.336,149.301,241080,4
2024-04-10 22:36,Lana Del Rey,Dark Paradise,243187,lana del rey - dark paradise,40368,Lana Del Rey,Dark Paradise,2Y115i0IhELJhyyftvoSFt,62,2012,pop,0.6,0.653,1,-8.309,0,0.0594,0.0953,0.0,0.122,0.43,119.994,243187,4
2024-04-10 22:40,Lana Del Rey,Million Dollar Man,230120,lana del rey - million dollar man,40394,Lana Del Rey,Million Dollar Man,4lXHVnmDO5u62tGJIpTafd,53,2012,pop,0.382,0.589,6,-5.991,1,0.0359,0.484,0.0,0.131,0.511,65.627,231574,4
2024-04-10 22:41,Melanie Martinez,"Tag, You're It",64120,"melanie martinez - tag, you're it",175408,Melanie Martinez,"Tag, You're It",3u1FiuSpfsgVnekEMXgMwJ,72,2015,electro,0.559,0.835,5,-5.555,0,0.0424,0.24,0.019,0.185,0.382,114.908,189027,4
2024-04-10 22:41,Taylor Swift,The Man,1590,taylor swift - the man,406380,Taylor Swift,The Man,3RauEVgRgj1IuWdJ9fDs70,78,2019,pop,0.777,0.658,0,-5.191,1,0.054,0.0767,0.0,0.0901,0.633,110.048,190360,4
2024-04-10 22:45,Olivia Rodrigo,traitor,229226,olivia rodrigo - traitor,515570,Olivia Rodrigo,traitor,5CZ40GBx1sQ9agT82CLQCT,84,2021,pop,0.38,0.339,3,-7.885,1,0.0338,0.691,0.0,0.12,0.0849,100.607,229227,4
2024-04-10 22:50,Lana Del Rey,Chemtrails Over The Country Club,271176,lana del rey - chemtrails over the country club,515662,Lana Del Rey,Chemtrails Over The Country Club,7bPWdJgx8vek7S5i5yAtvG,70,2021,pop,0.334,0.276,4,-13.125,0,0.0643,0.877,0.000249,0.113,0.429,201.025,271177,3
2024-04-10 22:59,Melanie Martinez,Teacher's Pet,241893,melanie martinez - teacher's pet,384326,Melanie Martinez,Teacher's Pet,5o5akY9xnEk6lpMkD8RwD9,74,2019,electro,0.686,0.794,7,-6.136,0,0.0385,0.27,2.25e-05,0.125,0.532,140.952,241893,3
2024-04-10 23:02,Laufey,Valentine,168906,laufey - valentine,577935,Laufey,Valentine,6cx5CvFhqN19efStehJqoW,72,2022,singer-songwriter,0.472,0.204,3,-13.065,1,0.0452,0.917,0.0,0.107,0.224,82.51,168907,4
2024-04-10 23:07,Olivia Rodrigo,"All I Want - From ""High School Musical: The Musical: The Series""",177322,"olivia rodrigo - all i want - from ""high school musical: the musical: the series""",406403,Olivia Rodrigo,"All I Want - From ""High School Musical: The Musical: The Series""",4Yxc55NX3tAXC2mHRAhtcW,76,2019,pop,0.376,0.43,0,-6.585,0,0.0328,0.0902,0.0,0.0912,0.129,77.599,177323,3
2024-04-10 23:10,Lana Del Rey,Doin' Time,189363,lana del rey - doin' time,406379,Lana Del Rey,Doin' Time,0Oqc0kKFsQ6MhFOLBNZIGX,81,2019,pop,0.641,0.559,7,-11.132,0,0.0355,0.404,0.00402,0.0937,0.523,144.982,202193,4
2024-04-10 23:11,Melanie Martinez,Cake,1079,melanie martinez - cake,175405,Melanie Martinez,Cake,5H3TCfiw0CQTX1XU7A9TXM,74,2015,electro,0.518,0.655,8,-6.255,1,0.0826,0.381,0.0,0.271,0.29,156.992,199682,4
2024-04-10 23:13,Melanie Martinez,Pity Party,77000,melanie martinez - pity party,175409,Melanie Martinez,Pity Party,3fo6DYGktjENCiagUeU9yH,71,2015,electro,0.716,0.73,6,-4.126,0,0.0364,0.058,7.32e-06,0.151,0.339,136.05,204086,4
2024-04-10 23:14,Melanie Martinez,Cake,58850,melanie martinez - cake,175405,Melanie Martinez,Cake,5H3TCfiw0CQTX1XU7A9TXM,74,2015,electro,0.518,0.655,8,-6.255,1,0.0826,0.381,0.0,0.271,0.29,156.992,199682,4
2024-04-10 23:23,Taylor Swift,Back To December,293026,taylor swift - back to december,1380399,Taylor Swift,Back To December,3DrjZArsPsoqbLzUZZV1Id,67,2010,pop,0.529,0.67,2,-4.663,1,0.0303,0.117,0.0,0.334,0.286,141.893,293027,4
2024-04-10 23:24,Taylor Swift,Karma,16170,taylor swift - karma,569212,Taylor Swift,Karma,7KokYm8cMIXCsGVmUvKtqf,80,2022,pop,0.642,0.62,8,-7.091,1,0.0666,0.0734,0.0,0.483,0.0969,90.02,204852,4
2024-04-10 23:24,Taylor Swift,Blank Space,20757,taylor swift - blank space,146765,Taylor Swift,Blank Space,1p80LdxRV74UKvL8gnD7ky,76,2014,pop,0.753,0.678,5,-5.421,1,0.0644,0.085,1.64e-06,0.13,0.583,96.006,231827,4
2024-04-10 23:27,Taylor Swift,Lover,221306,taylor swift - lover,406372,Taylor Swift,Lover,1dGr1c8CrMLDpV6mPbImSI,83,2019,pop,0.359,0.543,7,-7.582,1,0.0919,0.492,1.58e-05,0.118,0.453,68.534,221307,4
2024-04-10 23:39,Lana Del Rey,Pretty When You Cry,234146,lana del rey - pretty when you cry,146790,Lana Del Rey,Pretty When You Cry,6PnluwP0fjGnpIBsqTdUTq,74,2014,pop,0.509,0.547,10,-6.548,0,0.0417,0.399,0.0,0.215,0.197,109.436,234147,4
2024-04-10 23:43,Taylor Swift,Midnight Rain,174782,taylor swift - midnight rain,569203,Taylor Swift,Midnight Rain,3rWDp9tBPQR9z6U5YyRSK4,83,2022,pop,0.643,0.363,0,-11.738,1,0.0767,0.69,5.17e-05,0.115,0.23,139.865,174783,4
2024-04-10 23:48,Lana Del Rey,Sad Girl,317760,lana del rey - sad girl,146791,Lana Del Rey,Sad Girl,11MyiSGZSYSmhhqwGUTtAq,75,2014,pop,0.345,0.587,5,-8.346,1,0.0364,0.539,0.0731,0.119,0.258,119.479,317760,4
2024-04-10 23:53,Olivia Rodrigo,traitor,229226,olivia rodrigo - traitor,515570,Olivia Rodrigo,traitor,5CZ40GBx1sQ9agT82CLQCT,84,2021,pop,0.38,0.339,3,-7.885,1,0.0338,0.691,0.0,0.12,0.0849,100.607,229227,4
2024-04-10 23:56,Sasha Alex Sloan,Dancing With Your Ghost,197732,sasha alex sloan - dancing with your ghost,384327,Sasha Alex Sloan,Dancing With Your Ghost,1TQXIltqoZ5XXyfCbAeSQQ,78,2019,electro,0.629,0.328,11,-8.284,1,0.029,0.768,2.5e-05,0.103,0.389,74.953,197732,4
2024-04-11 00:03,Taylor Swift,Fearless (Taylor’s Version),241591,taylor swift - fearless (taylor’s version),515625,Taylor Swift,Fearless (Taylor’s Version),77sMIMlNaSURUAXq5coCxE,71,2021,pop,0.569,0.741,5,-4.963,1,0.0282,0.0122,0.0,0.333,0.43,100.118,241592,4
2024-04-11 00:08,Taylor Swift,cardigan,239560,taylor swift - cardigan,461996,Taylor Swift,cardigan,4R2kfaDFhslZEMJqAFNpdd,84,2020,pop,0.613,0.581,0,-8.588,0,0.0424,0.537,0.000345,0.25,0.551,130.033,239560,4
2024-04-11 00:12,Taylor Swift,Speak Now,240760,taylor swift - speak now,1380435,Taylor Swift,Speak Now,24DefNCFiWTP8OjYWiXuYe,62,2010,pop,0.709,0.599,7,-3.734,1,0.0304,0.095,0.0,0.0973,0.735,118.975,240760,4
2024-04-11 00:35,Lana Del Rey,Doin' Time,107392,lana del rey - doin' time,406379,Lana Del Rey,Doin' Time,0Oqc0kKFsQ6MhFOLBNZIGX,81,2019,pop,0.641,0.559,7,-11.132,0,0.0355,0.404,0.00402,0.0937,0.523,144.982,202193,4
2024-04-11 06:01,Eddy Kim,긴 밤이 오면,5670,eddy kim - 긴 밤이 오면,288554,Eddy Kim,긴 밤이 오면,5LiWJsSSjZh7Y3hqml18Ki,54,2017,k-pop,0.48,0.501,5,-5.511,1,0.0296,0.624,0.0,0.0748,0.222,110.889,226992,4
2024-04-11 06:02,Alessia Cara,Out Of Love,39625,alessia cara - out of love,327783,Alessia Cara,Out Of Love,4WzhjxvLP95y7AMDy0Atwb,70,2018,electro,0.481,0.267,7,-9.249,1,0.0339,0.8,0.0,0.249,0.137,117.64,227693,3
2024-04-11 06:09,Joji,Glimpse of Us,233456,joji - glimpse of us,569204,Joji,Glimpse of Us,6xGruZOHLs39ZbVccQTuPZ,85,2022,pop,0.44,0.317,8,-9.258,1,0.0531,0.891,4.78e-06,0.141,0.268,169.914,233456,3
2024-04-11 06:13,Melanie Martinez,Dollhouse,231853,melanie martinez - dollhouse,126365,Melanie Martinez,Dollhouse,3deFSRUdM7JC8P1Fi6r0rY,43,2014,electro,0.725,0.708,5,-5.331,0,0.0756,0.22,0.0,0.777,0.555,130.029,231853,4
2024-04-11 06:17,Melanie Martinez,Teacher's Pet,241893,melanie martinez - teacher's pet,384326,Melanie Martinez,Teacher's Pet,5o5akY9xnEk6lpMkD8RwD9,74,2019,electro,0.686,0.794,7,-6.136,0,0.0385,0.27,2.25e-05,0.125,0.532,140.952,241893,3
2024-04-11 06:21,Melanie Martinez,Play Date,179867,melanie martinez - play date,175403,Melanie Martinez,Play Date,4DpNNXFMMxQEKl7r0ykkWA,76,2015,electro,0.68,0.729,5,-5.077,1,0.0475,0.612,0.0,0.224,0.446,123.97,179867,4
2024-04-11 06:24,Taylor Swift,London Boy,190240,taylor swift - london boy,406414,Taylor Swift,London Boy,1LLXZFeAHK9R4xUramtUKw,73,2019,pop,0.695,0.71,1,-6.639,1,0.05,0.0246,0.000104,0.133,0.557,157.925,190240,4
2024-04-11 06:28,Selena Gomez,Fetish (feat. Gucci Mane),186112,selena gomez - fetish (feat. gucci mane),264809,Selena Gomez,Fetish (feat. Gucci Mane),4lnAN2S1fcI0SjxEbksZVr,71,2017,dance,0.708,0.618,2,-4.424,1,0.0592,0.0204,6.81e-06,0.062,0.265,123.013,186113,4
2024-04-11 06:31,Kali Uchis,Moonlight,187557,kali uchis - moonlight,612537,Kali Uchis,Moonlight,2i2gDpKKWjvnRTOZRhaPh2,78,2023,pop,0.639,0.723,7,-6.462,0,0.0532,0.511,0.0,0.167,0.878,136.872,187558,4
2024-04-11 06:35,Lana Del Rey,Doin' Time,4170,lana del rey - doin' time,406379,Lana Del Rey,Doin' Time,0Oqc0kKFsQ6MhFOLBNZIGX,81,2019,pop,0.641,0.559,7,-11.132,0,0.0355,0.404,0.00402,0.0937,0.523,144.982,202193,4
2024-04-11 06:35,Lana Del Rey,Radio,27779,lana del rey - radio,40378,Lana Del Rey,Radio,4PMdq7Q7xOFrY424ZelZEb,59,2012,pop,0.423,0.857,2,-5.173,1,0.0687,0.188,2.63e-05,0.105,0.196,75.024,214574,4
2024-04-11 06:40,Lana Del Rey,Dark Paradise,243187,lana del rey - dark paradise,40368,Lana Del Rey,Dark Paradise,2Y115i0IhELJhyyftvoSFt,62,2012,pop,0.6,0.653,1,-8.309,0,0.0594,0.0953,0.0,0.122,0.43,119.994,243187,4
2024-04-11 06:44,Lana Del Rey,Diet Mountain Dew,222920,lana del rey - diet mountain dew,40357,Lana Del Rey,Diet Mountain Dew,6BFnRhvKCclDQOajt8dBGi,67,2012,pop,0.442,0.68,10,-5.971,0,0.0858,0.284,0.0,0.421,0.601,176.09,222920,4
2024-04-11 06:49,Lana Del Rey,Art Deco,295066,lana del rey - art deco,197562,Lana Del Rey,Art Deco,5jqNQZBwbZWQXPWfo0ygZF,72,2015,pop,0.282,0.464,11,-11.112,0,0.0533,0.544,0.215,0.111,0.0596,148.345,295067,5
2024-04-11 06:54,Gwen Stefani,Luxurious,264920,gwen stefani - luxurious,931096,Gwen Stefani,Luxurious,3UQmoVQJqBYauTZLVPs3uo,62,2004,dance,0.811,0.726,0,-3.995,1,0.0813,0.154,0.0,0.116,0.666,131.027,264920,4
2024-04-11 06:59,Lana Del Rey,Sad Girl,317760,lana del rey - sad girl,146791,Lana Del Rey,Sad Girl,11MyiSGZSYSmhhqwGUTtAq,75,2014,pop,0.345,0.587,5,-8.346,1,0.0364,0.539,0.0731,0.119,0.258,119.479,317760,4
2024-04-11 07:04,Taylor Swift,Daylight,293453,taylor swift - daylight,406418,Taylor Swift,Daylight,1fzAuUVbzlhZ1lJAx9PtY6,73,2019,pop,0.557,0.496,0,-9.602,1,0.0563,0.808,0.000173,0.0772,0.265,149.983,293453,4
2024-04-11 07:07,Taylor Swift,Bejeweled,194165,taylor swift - bejeweled,569211,Taylor Swift,Bejeweled,3qoftcUZaUOncvIYjFSPdE,80,2022,pop,0.696,0.559,7,-9.19,1,0.0693,0.0618,5.58e-05,0.0887,0.433,163.999,194166,4
2024-04-11 07:12,The Neighbourhood,Reflections,244013,the neighbourhood - reflections,311045,The Neighbourhood,Reflections,2xql0pid3EUwW38AsywxhV,77,2018,alt-rock,0.648,0.594,11,-7.027,0,0.0293,0.114,0.0462,0.116,0.544,113.983,244013,4
2024-04-11 07:16,Taylor Swift,The Way I Loved You (Taylor’s Version),243136,taylor swift - the way i loved you (taylor’s version),515593,Taylor Swift,The Way I Loved You (Taylor’s Version),22bPsP2jCgbLUvh82U0Z3M,78,2021,pop,0.402,0.732,5,-4.665,1,0.0484,0.0033,0.0,0.108,0.472,161.032,243137,4
2024-04-11 07:25,Olivia Rodrigo,deja vu,215506,olivia rodrigo - deja vu,515572,Olivia Rodrigo,deja vu,6HU7h9RYOaPRFeh0R3UeAr,83,2021,pop,0.442,0.612,2,-7.222,1,0.112,0.584,5.7e-06,0.37,0.178,180.917,215507,4
2024-04-11 07:29,Olivia Rodrigo,traitor,229226,olivia rodrigo - traitor,515570,Olivia Rodrigo,traitor,5CZ40GBx1sQ9agT82CLQCT,84,2021,pop,0.38,0.339,3,-7.885,1,0.0338,0.691,0.0,0.12,0.0849,100.607,229227,4
2024-04-11 07:36,Olivia Rodrigo,happier,175933,olivia rodrigo - happier,515580,Olivia Rodrigo,happier,2tGvwE8GcFKwNdAXMnlbfl,82,2021,pop,0.395,0.443,6,-9.72,1,0.133,0.765,9.67e-06,0.0839,0.338,168.924,175933,3
2024-04-11 07:38,Olivia Rodrigo,"jealousy, jealousy",129748,"olivia rodrigo - jealousy, jealousy",515579,Olivia Rodrigo,"jealousy, jealousy",0MMyJUC3WNnFS1lit5pTjk,80,2021,pop,0.695,0.575,10,-6.334,0,0.116,0.198,0.0,0.0614,0.699,163.929,173160,4
2024-04-12 23:18,Olivia Rodrigo,"jealousy, jealousy",43302,"olivia rodrigo - jealousy, jealousy",515579,Olivia Rodrigo,"jealousy, jealousy",0MMyJUC3WNnFS1lit5pTjk,80,2021,pop,0.695,0.575,10,-6.334,0,0.116,0.198,0.0,0.0614,0.699,163.929,173160,4
2024-04-12 23:18,James Arthur,Car's Outside,12752,james arthur - car's outside,406437,James Arthur,Car's Outside,0otRX6Z89qKkHkQ9OqJpKt,81,2019,pop,0.338,0.562,9,-7.181,1,0.029,0.039,0.0,0.107,0.259,149.907,248373,4
2024-04-12 23:23,Taylor Swift,All Of The Girls You Loved Before,152486,taylor swift - all of the girls you loved before,406371,Taylor Swift,All Of The Girls You Loved Before,4P9Q0GojKVXpRTJCaL3kyy,82,2019,pop,0.718,0.467,2,-9.66,1,0.0398,0.707,6.92e-05,0.126,0.396,95.96,221407,3
2024-04-14 22:41,Taylor Swift,All Of The Girls You Loved Before,69185,taylor swift - all of the girls you loved before,406371,Taylor Swift,All Of The Girls You Loved Before,4P9Q0GojKVXpRTJCaL3kyy,82,2019,pop,0.718,0.467,2,-9.66,1,0.0398,0.707,6.92e-05,0.126,0.396,95.96,221407,3
2024-04-14 22:47,Laufey,Fragile,241080,laufey - fragile,577950,Laufey,Fragile,608wYP5XWenLz8cOSYjX7X,59,2022,singer-songwriter,0.361,0.413,3,-12.43,1,0.065,0.931,0.000179,0.231,0.336,149.301,241080,4
2024-04-14 22:57,The 1975,About You,326490,the 1975 - about you,531980,The 1975,About You,1fDFHXcykq4iw8Gg7s5hG9,81,2022,alt-rock,0.416,0.762,2,-7.385,1,0.0279,0.312,0.804,0.0559,0.461,95.967,326491,4
2024-04-14 22:57,Taylor Swift,Don’t Blame Me,19204,taylor swift - don’t blame me,293464,Taylor Swift,Don’t Blame Me,1R0a2iXumgCiFb7HEZ7gUE,85,2017,pop,0.615,0.534,9,-6.719,0,0.0386,0.106,1.76e-05,0.0607,0.193,135.917,236413,4
2024-04-15 20:39,Taylor Swift,Don’t Blame Me,217229,taylor swift - don’t blame me,293464,Taylor Swift,Don’t Blame Me,1R0a2iXumgCiFb7HEZ7gUE,85,2017,pop,0.615,0.534,9,-6.719,0,0.0386,0.106,1.76e-05,0.0607,0.193,135.917,236413,4
2024-04-15 20:43,Taylor Swift,London Boy,190240,taylor swift - london boy,406414,Taylor Swift,London Boy,1LLXZFeAHK9R4xUramtUKw,73,2019,pop,0.695,0.71,1,-6.639,1,0.05,0.0246,0.000104,0.133,0.557,157.925,190240,4
2024-04-15 20:50,Olivia Rodrigo,happier,5870,olivia rodrigo - happier,515580,Olivia Rodrigo,happier,2tGvwE8GcFKwNdAXMnlbfl,82,2021,pop,0.395,0.443,6,-9.72,1,0.133,0.765,9.67e-06,0.0839,0.338,168.924,175933,3
2024-04-15 20:50,Melanie Martinez,Dollhouse,1270,melanie martinez - dollhouse,126365,Melanie Martinez,Dollhouse,3deFSRUdM7JC8P1Fi6r0rY,43,2014,electro,0.725,0.708,5,-5.331,0,0.0756,0.22,0.0,0.777,0.555,130.029,231853,4
2024-04-15 20:50,Lana Del Rey,Summertime Sadness,62970,lana del rey - summertime sadness,40349,Lana Del Rey,Summertime Sadness,1Ist6PR2BZR3n2z2Y5R6S1,73,2012,pop,0.566,0.647,1,-6.815,0,0.0335,0.0477,0.0,0.121,0.22,111.96,264773,4
2024-04-15 20:58,The Neighbourhood,Baby Came Home 2 / Valentines,224526,the neighbourhood - baby came home 2 / valentines,162929,The Neighbourhood,Baby Came Home 2 / Valentines,40gvh6jP5qxMJuMmF9lG9A,67,2015,alt-rock,0.21,0.499,2,-9.754,0,0.0485,0.0687,0.00315,0.773,0.108,74.094,390493,4
2024-04-15 21:02,The Neighbourhood,Reflections,244013,the neighbourhood - reflections,311045,The Neighbourhood,Reflections,2xql0pid3EUwW38AsywxhV,77,2018,alt-rock,0.648,0.594,11,-7.027,0,0.0293,0.114,0.0462,0.116,0.544,113.983,244013,4
2024-04-15 21:06,Chase Atlantic,Right Here,235000,chase atlantic - right here,293542,Chase Atlantic,Right Here,2KtS31kaWNHs12Q5B43Ixh,70,2017,pop,0.351,0.587,6,-6.413,1,0.0413,0.00516,1.87e-05,0.121,0.221,159.881,235000,4
2024-04-15 21:12,Chase Atlantic,Consume (feat. Goon Des Garcons),267920,chase atlantic - consume (feat. goon des garcons),293489,Chase Atlantic,Consume (feat. Goon Des Garcons),0X2bh8NVQ8svDQIn2AdCbW,77,2017,pop,0.556,0.714,9,-5.322,0,0.158,0.07,0.0,0.261,0.434,146.113,267920,4
2024-04-15 21:17,Arctic Monkeys,Knee Socks,257563,arctic monkeys - knee socks,77596,Arctic Monkeys,Knee Socks,2LGdO5MtFdyphi2EihANZG,74,2013,garage,0.665,0.542,11,-8.323,0,0.033,0.123,0.00291,0.342,0.587,97.975,257563,4
2024-04-15 21:21,The Neighbourhood,Fallen Star,224938,the neighbourhood - fallen star,478403,The Neighbourhood,Fallen Star,60F6pgM6H6miNr5AmjxwjL,68,2021,alt-rock,0.603,0.551,10,-6.259,0,0.0304,0.0696,0.0976,0.192,0.439,75.001,224939,4
2024-04-15 21:28,The Neighbourhood,Scary Love,144183,the neighbourhood - scary love,311068,The Neighbourhood,Scary Love,6TA5aymvVrtiPVbuAwmPIc,65,2018,alt-rock,0.595,0.636,5,-5.981,0,0.0312,9.45e-05,0.0529,0.196,0.147,112.008,222667,4
2024-04-16 01:37,The Neighbourhood,Scary Love,78480,the neighbourhood - scary love,311068,The Neighbourhood,Scary Love,6TA5aymvVrtiPVbuAwmPIc,65,2018,alt-rock,0.595,0.636,5,-5.981,0,0.0312,9.45e-05,0.0529,0.196,0.147,112.008,222667,4
2024-04-16 01:49,Cigarettes After Sex,Heavenly,45539,cigarettes after sex - heavenly,368576,Cigarettes After Sex,Heavenly,1Bh0UzthW8pKEnYg7v40Oa,69,2019,ambient,0.539,0.431,8,-9.298,1,0.0249,0.628,0.653,0.11,0.122,105.156,288595,4
2024-04-16 01:50,Taylor Swift,We Are Never Ever Getting Back Together,13136,taylor swift - we are never ever getting back together,40360,Taylor Swift,We Are Never Ever Getting Back Together,0VwNdo84DaVYLIkbVO86ND,74,2012,pop,0.628,0.676,7,-5.911,1,0.0916,0.00957,2.65e-05,0.121,0.75,85.984,193147,4
2024-04-16 01:58,Taylor Swift,Speak Now,240760,taylor swift - speak now,1380435,Taylor Swift,Speak Now,24DefNCFiWTP8OjYWiXuYe,62,2010,pop,0.709,0.599,7,-3.734,1,0.0304,0.095,0.0,0.0973,0.735,118.975,240760,4
2024-04-16 01:59,Ruth B.,Lost Boy,32321,ruth b. - lost boy,197564,Ruth B.,Lost Boy,4h0zU3O9R5xzuTmNO7dNDU,70,2015,pop,0.71,0.0565,7,-15.099,1,0.0534,0.965,0.0,0.0889,0.348,123.994,275280,4
2024-04-16 02:06,Lana Del Rey,Art Deco,295066,lana del rey - art deco,197562,Lana Del Rey,Art Deco,5jqNQZBwbZWQXPWfo0ygZF,72,2015,pop,0.282,0.464,11,-11.112,0,0.0533,0.544,0.215,0.111,0.0596,148.345,295067,5
2024-04-16 02:10,Kali Uchis,Moonlight,187557,kali uchis - moonlight,612537,Kali Uchis,Moonlight,2i2gDpKKWjvnRTOZRhaPh2,78,2023,pop,0.639,0.723,7,-6.462,0,0.0532,0.511,0.0,0.167,0.878,136.872,187558,4
2024-04-16 02:14,Lana Del Rey,Summertime Sadness,265427,lana del rey - summertime sadness,40349,Lana Del Rey,Summertime Sadness,1Ist6PR2BZR3n2z2Y5R6S1,73,2012,pop,0.566,0.647,1,-6.815,0,0.0335,0.0477,0.0,0.121,0.22,111.96,264773,4
2024-04-16 02:18,Olivia Rodrigo,deja vu,215506,olivia rodrigo - deja vu,515572,Olivia Rodrigo,deja vu,6HU7h9RYOaPRFeh0R3UeAr,83,2021,pop,0.442,0.612,2,-7.222,1,0.112,0.584,5.7e-06,0.37,0.178,180.917,215507,4
2024-04-16 02:25,Sabrina Carpenter,Feather,3341,sabrina carpenter - feather,591140,Sabrina Carpenter,Feather,2Zo1PcszsT9WQ0ANntJbID,67,2023,dance,0.787,0.686,6,-4.37,0,0.0339,0.0893,0.0,0.0927,0.836,123.51,185553,4
2024-04-17 00:22,Billie Eilish,i love you,6207,billie eilish - i love you,406386,Billie Eilish,i love you,6CcJMwBtXByIz4zQLzFkKc,78,2019,pop,0.421,0.131,0,-18.435,1,0.0382,0.952,0.00453,0.109,0.12,137.446,291796,4
2024-04-17 00:26,Taylor Swift,Speak Now,240760,taylor swift - speak now,1380435,Taylor Swift,Speak Now,24DefNCFiWTP8OjYWiXuYe,62,2010,pop,0.709,0.599,7,-3.734,1,0.0304,0.095,0.0,0.0973,0.735,118.975,240760,4
2024-04-17 00:28,Vanessa Carlton,A Thousand Miles,90196,vanessa carlton - a thousand miles,293427,Vanessa Carlton,A Thousand Miles,0zdTil4OA0P0Wv6s1BnmLw,15,2017,piano,0.567,0.809,11,-4.688,1,0.0355,0.295,0.0,0.169,0.282,94.916,237493,4
2024-04-17 00:28,Lil Wayne,Love Me,725,lil wayne - love me,85732,Lil Wayne,Love Me,2XHzzp1j4IfTNp1FTn7YFg,79,2013,hip-hop,0.669,0.634,11,-6.476,1,0.0327,0.0125,0.0,0.0946,0.496,124.906,255053,4
2024-04-17 00:40,Vanessa Carlton,A Thousand Miles,237493,vanessa carlton - a thousand miles,293427,Vanessa Carlton,A Thousand Miles,0zdTil4OA0P0Wv6s1BnmLw,15,2017,piano,0.567,0.809,11,-4.688,1,0.0355,0.295,0.0,0.169,0.282,94.916,237493,4
2024-04-17 00:44,Lil Wayne,Love Me,255053,lil wayne - love me,85732,Lil Wayne,Love Me,2XHzzp1j4IfTNp1FTn7YFg,79,2013,hip-hop,0.669,0.634,11,-6.476,1,0.0327,0.0125,0.0,0.0946,0.496,124.906,255053,4
2024-04-17 00:49,Sia,"Genius (feat. Sia, Diplo, and Labrinth)",213706,"sia - genius (feat. sia, diplo, and labrinth)",377708,Sia,"Genius (feat. Sia, Diplo, and Labrinth)",4xigPf2sigSPmuFH3qCelB,73,2019,dance,0.603,0.615,11,-4.931,0,0.165,0.0799,6.72e-05,0.117,0.561,158.657,213707,4
2024-04-17 00:57,ZAYN,I Don’t Wanna Live Forever (Fifty Shades Darker),247160,zayn - i don’t wanna live forever (fifty shades darker),264785,ZAYN,I Don’t Wanna Live Forever (Fifty Shades Darker),55n9yjI6qqXh5F2mYvUc2y,77,2017,dance,0.731,0.445,0,-8.418,1,0.0533,0.0586,1.96e-05,0.14,0.106,117.97,247160,4
2024-04-17 01:28,ZAYN,I Don’t Wanna Live Forever (Fifty Shades Darker),247160,zayn - i don’t wanna live forever (fifty shades darker),264785,ZAYN,I Don’t Wanna Live Forever (Fifty Shades Darker),55n9yjI6qqXh5F2mYvUc2y,77,2017,dance,0.731,0.445,0,-8.418,1,0.0533,0.0586,1.96e-05,0.14,0.106,117.97,247160,4
2024-04-17 01:38,Eminem,Without Me,290320,eminem - without me,825779,Eminem,Without Me,7lQ8MOhq6IN2w8EYcFNSUk,87,2002,hip-hop,0.908,0.669,7,-2.827,1,0.0738,0.00286,0.0,0.237,0.662,112.238,290320,4
2024-04-17 01:42,Lana Del Rey,Young And Beautiful,236053,lana del rey - young and beautiful,93567,Lana Del Rey,Young And Beautiful,2nMeu6UenVvwUktBCpLMK9,81,2013,pop,0.324,0.416,11,-8.92,0,0.0368,0.262,3.69e-05,0.11,0.151,113.986,236053,4
2024-04-17 01:46,Ellie Goulding,My Blood,234184,ellie goulding - my blood,12165,Ellie Goulding,My Blood,6knYNyQupBIbBxV8TMOMYM,58,2012,dance,0.476,0.592,9,-5.283,0,0.029,0.556,0.0,0.281,0.306,87.003,234185,4
2024-04-17 01:48,Ariana Grande,34+35,173710,ariana grande - 34+35,433213,Ariana Grande,34+35,6Im9k8u9iIzKMrmV7BWtlF,78,2020,dance,0.83,0.585,0,-6.476,1,0.094,0.237,0.0,0.248,0.485,109.978,173711,4
2024-04-17 02:33,Bruno Mars,Grenade,95165,bruno mars - grenade,591097,Bruno Mars,Grenade,4m14b57FPuVPPEHu3z4c9q,0,2023,dance,0.706,0.558,2,-7.237,0,0.0596,0.146,0.0,0.118,0.228,110.444,223253,4
2024-04-18 06:14,Adrien de la Salle,Prélude d'une nuit d'automne,160750,adrien de la salle - prélude d'une nuit d'automne,538359,Adrien de la Salle,Prélude d'une nuit d'automne,4gD6w9YOhwZTCVzVM1NI3c,45,2022,classical,0.499,0.0306,9,-24.52,1,0.0501,0.993,0.928,0.107,0.204,128.266,160750,3
2024-04-18 06:41,Camille Saint-Saëns,"Le Carnaval des Animaux, R. 125: XIII. Le cygne",165244,"camille saint-saëns - le carnaval des animaux, r. 125: xiii. le cygne",221096,Camille Saint-Saëns,"Le Carnaval des Animaux, R. 125: XIII. Le Cygne",1VS5xEsdJ76zjnUxHxZR1H,41,2016,classical,0.175,0.0121,7,-35.357,1,0.0441,0.99,0.386,0.1,0.048,84.253,153133,4
2024-04-18 06:41,Camille Saint-Saëns,"Le Carnaval des Animaux, R. 125: XIII. Le cygne",165244,"camille saint-saëns - le carnaval des animaux, r. 125: xiii. le cygne",598296,Camille Saint-Saëns,"Le carnaval des animaux, R. 125: XIII. Le cygne",11MZWf7Jys4IjPio8qS38x,0,2023,french,0.199,0.0957,7,-27.582,1,0.045,0.976,0.389,0.0935,0.041,97.898,172213,3
2024-04-18 06:57,Claude Debussy,"Préludes / Book 1, L. 117: VIII. La Fille Aux Cheveux De Lin",146683,"claude debussy - préludes / book 1, l. 117: viii. la fille aux cheveux de lin",317502,Claude Debussy,"Préludes / Book 1, L. 117: VIII. La fille aux cheveux de lin",5NAIQcA3vCUOC9AxNteyfD,51,2018,classical,0.345,0.00421,6,-33.152,1,0.0511,0.995,0.896,0.0514,0.131,127.845,151440,4
2024-04-23 13:25,Taylor Swift,Cruel Summer,178426,taylor swift - cruel summer,406369,Taylor Swift,Cruel Summer,1BxfuPKGuaTgP7aM0Bbdwr,83,2019,pop,0.552,0.702,9,-5.707,1,0.157,0.117,2.06e-05,0.105,0.564,169.994,178427,4
2024-04-23 13:28,beabadoobee,the perfect pair,177533,beabadoobee - the perfect pair,561972,beabadoobee,the perfect pair,41P6Tnd8KIHqON0QIydx6a,78,2022,indie-pop,0.634,0.663,11,-6.818,1,0.0331,0.433,0.124,0.102,0.6,146.053,177533,4
2024-04-23 13:32,Taylor Swift,Wildest Dreams,220440,taylor swift - wildest dreams,146777,Taylor Swift,Wildest Dreams,59HjlYCeBsxdI0fcm3zglw,71,2014,pop,0.554,0.666,8,-7.414,1,0.0747,0.0702,0.00593,0.106,0.472,140.056,220440,4
2024-04-23 13:38,Taylor Swift,my tears ricochet,255893,taylor swift - my tears ricochet,462020,Taylor Swift,my tears ricochet,1MgV7FIyNxIG7WzMRJV5HC,74,2020,pop,0.456,0.263,0,-10.63,1,0.0332,0.806,0.0,0.0749,0.111,129.86,255894,4
2024-04-23 13:41,Olivia Rodrigo,"jealousy, jealousy",173160,"olivia rodrigo - jealousy, jealousy",515579,Olivia Rodrigo,"jealousy, jealousy",0MMyJUC3WNnFS1lit5pTjk,80,2021,pop,0.695,0.575,10,-6.334,0,0.116,0.198,0.0,0.0614,0.699,163.929,173160,4
2024-04-23 13:44,SZA,Snooze,201800,sza - snooze,569186,SZA,Snooze,4iZ4pt7kvcaH6Yo8UoZ4s2,90,2022,pop,0.559,0.551,5,-7.231,1,0.132,0.141,0.0,0.11,0.392,143.008,201800,4
2024-04-23 13:50,Taylor Swift,I Knew You Were Trouble (Taylor's Version),94046,taylor swift - i knew you were trouble (taylor's version),515618,Taylor Swift,I Knew You Were Trouble (Taylor's Version),6AtZLIzUINvExIUy4QhdjP,72,2021,pop,0.584,0.557,6,-6.371,1,0.0342,0.0129,0.0,0.0576,0.767,154.008,219760,4
2024-04-23 13:54,Lana Del Rey,Pretty When You Cry,234146,lana del rey - pretty when you cry,146790,Lana Del Rey,Pretty When You Cry,6PnluwP0fjGnpIBsqTdUTq,74,2014,pop,0.509,0.547,10,-6.548,0,0.0417,0.399,0.0,0.215,0.197,109.436,234147,4
2024-04-23 13:59,Taylor Swift,Bejeweled,2560,taylor swift - bejeweled,569211,Taylor Swift,Bejeweled,3qoftcUZaUOncvIYjFSPdE,80,2022,pop,0.696,0.559,7,-9.19,1,0.0693,0.0618,5.58e-05,0.0887,0.433,163.999,194166,4
2024-04-23 13:59,Sasha Alex Sloan,Dancing With Your Ghost,5320,sasha alex sloan - dancing with your ghost,384327,Sasha Alex Sloan,Dancing With Your Ghost,1TQXIltqoZ5XXyfCbAeSQQ,78,2019,electro,0.629,0.328,11,-8.284,1,0.029,0.768,2.5e-05,0.103,0.389,74.953,197732,4
2024-04-23 14:03,Chase Atlantic,OHMAMI,226835,chase atlantic - ohmami,515742,Chase Atlantic,OHMAMI,2zVaxB54fNngkbWs5uZnla,66,2021,pop,0.625,0.717,10,-5.796,0,0.121,0.0476,8.73e-05,0.277,0.398,126.004,226835,4
2024-04-23 14:06,The Neighbourhood,You Get Me So High,153000,the neighbourhood - you get me so high,311043,The Neighbourhood,You Get Me So High,7zwn1eykZtZ5LODrf7c0tS,81,2018,alt-rock,0.551,0.881,7,-6.099,0,0.0542,0.186,0.0791,0.152,0.387,88.036,153000,4
2024-04-23 14:09,The Neighbourhood,Baby Came Home 2 / Valentines,161158,the neighbourhood - baby came home 2 / valentines,162929,The Neighbourhood,Baby Came Home 2 / Valentines,40gvh6jP5qxMJuMmF9lG9A,67,2015,alt-rock,0.21,0.499,2,-9.754,0,0.0485,0.0687,0.00315,0.773,0.108,74.094,390493,4
2024-04-23 14:11,d4vd,Romantic Homicide,132630,d4vd - romantic homicide,569185,d4vd,Romantic Homicide,1xK59OXxi2TAAAbmZK0kBL,90,2022,pop,0.571,0.544,6,-10.613,1,0.0299,0.453,0.00805,0.322,0.216,132.052,132631,4
2024-04-23 14:20,Olivia Rodrigo,happier,175933,olivia rodrigo - happier,515580,Olivia Rodrigo,happier,2tGvwE8GcFKwNdAXMnlbfl,82,2021,pop,0.395,0.443,6,-9.72,1,0.133,0.765,9.67e-06,0.0839,0.338,168.924,175933,3
2024-04-23 14:34,Taylor Swift,Safe & Sound - from The Hunger Games Soundtrack,240066,taylor swift - safe & sound - from the hunger games soundtrack,40377,Taylor Swift,Safe & Sound - from The Hunger Games Soundtrack,0z9UVN8VBHJ9HdfYsOuuNf,64,2012,pop,0.471,0.3,7,-10.807,1,0.028,0.883,1.05e-05,0.0698,0.289,144.319,240067,4
2024-04-23 14:44,Taylor Swift,Style,231000,taylor swift - style,146766,Taylor Swift,Style,4lIxdJw6W3Fg4vUIYCB0S5,74,2014,pop,0.598,0.786,2,-5.572,1,0.0383,0.00253,0.0016,0.117,0.456,95.019,231000,4
2024-04-23 14:48,Taylor Swift,Lover,221306,taylor swift - lover,406372,Taylor Swift,Lover,1dGr1c8CrMLDpV6mPbImSI,83,2019,pop,0.359,0.543,7,-7.582,1,0.0919,0.492,1.58e-05,0.118,0.453,68.534,221307,4
2024-04-23 14:52,Lana Del Rey,West Coast,256760,lana del rey - west coast,146772,Lana Del Rey,West Coast,5Y6nVaayzitvsD5F7nr3DV,81,2014,pop,0.527,0.591,6,-7.664,0,0.0396,0.194,0.0194,0.0907,0.461,123.167,256760,4
2024-04-23 14:56,Olivia Rodrigo,"jealousy, jealousy",173160,"olivia rodrigo - jealousy, jealousy",515579,Olivia Rodrigo,"jealousy, jealousy",0MMyJUC3WNnFS1lit5pTjk,80,2021,pop,0.695,0.575,10,-6.334,0,0.116,0.198,0.0,0.0614,0.699,163.929,173160,4
2024-04-23 15:00,Keane,Somewhere Only We Know,236160,keane - somewhere only we know,93054,Keane,Somewhere Only We Know,7AQAlklmptrrkBSeujkXsD,54,2013,piano,0.442,0.606,9,-5.825,1,0.0259,0.0678,1.43e-05,0.0973,0.359,171.982,235880,4
2024-04-23 15:12,Lana Del Rey,Summertime Sadness,264773,lana del rey - summertime sadness,40349,Lana Del Rey,Summertime Sadness,1Ist6PR2BZR3n2z2Y5R6S1,73,2012,pop,0.566,0.647,1,-6.815,0,0.0335,0.0477,0.0,0.121,0.22,111.96,264773,4
2024-04-23 18:35,Taylor Swift,All Of The Girls You Loved Before,110210,taylor swift - all of the girls you loved before,406371,Taylor Swift,All Of The Girls You Loved Before,4P9Q0GojKVXpRTJCaL3kyy,82,2019,pop,0.718,0.467,2,-9.66,1,0.0398,0.707,6.92e-05,0.126,0.396,95.96,221407,3
2024-04-23 18:37,Taylor Swift,All Of The Girls You Loved Before,111197,taylor swift - all of the girls you loved before,406371,Taylor Swift,All Of The Girls You Loved Before,4P9Q0GojKVXpRTJCaL3kyy,82,2019,pop,0.718,0.467,2,-9.66,1,0.0398,0.707,6.92e-05,0.126,0.396,95.96,221407,3
2024-04-23 18:43,Taylor Swift,London Boy,190240,taylor swift - london boy,406414,Taylor Swift,London Boy,1LLXZFeAHK9R4xUramtUKw,73,2019,pop,0.695,0.71,1,-6.639,1,0.05,0.0246,0.000104,0.133,0.557,157.925,190240,4
2024-04-23 18:52,Taylor Swift,Speak Now,240760,taylor swift - speak now,1380435,Taylor Swift,Speak Now,24DefNCFiWTP8OjYWiXuYe,62,2010,pop,0.709,0.599,7,-3.734,1,0.0304,0.095,0.0,0.0973,0.735,118.975,240760,4
2024-04-23 18:56,Taylor Swift,Blank Space,222558,taylor swift - blank space,146765,Taylor Swift,Blank Space,1p80LdxRV74UKvL8gnD7ky,76,2014,pop,0.753,0.678,5,-5.421,1,0.0644,0.085,1.64e-06,0.13,0.583,96.006,231827,4
2024-04-23 19:05,Lana Del Rey,"Once Upon a Dream - From ""Maleficent"" / Pop Version",203080,"lana del rey - once upon a dream - from ""maleficent"" / pop version",146828,Lana Del Rey,"Once Upon a Dream - From ""Maleficent"" / Pop Version",3liiZRlJxa8GeLUgWMoIeu,64,2014,pop,0.289,0.274,5,-16.574,1,0.0353,0.659,0.0166,0.109,0.167,119.997,203080,3
2024-04-23 19:14,Selena Gomez,Fetish (feat. Gucci Mane),2840,selena gomez - fetish (feat. gucci mane),264809,Selena Gomez,Fetish (feat. Gucci Mane),4lnAN2S1fcI0SjxEbksZVr,71,2017,dance,0.708,0.618,2,-4.424,1,0.0592,0.0204,6.81e-06,0.062,0.265,123.013,186113,4
2024-04-23 19:14,Sasha Alex Sloan,Dancing With Your Ghost,159851,sasha alex sloan - dancing with your ghost,384327,Sasha Alex Sloan,Dancing With Your Ghost,1TQXIltqoZ5XXyfCbAeSQQ,78,2019,electro,0.629,0.328,11,-8.284,1,0.029,0.768,2.5e-05,0.103,0.389,74.953,197732,4
2024-04-23 19:18,Taylor Swift,Karma,204852,taylor swift - karma,569212,Taylor Swift,Karma,7KokYm8cMIXCsGVmUvKtqf,80,2022,pop,0.642,0.62,8,-7.091,1,0.0666,0.0734,0.0,0.483,0.0969,90.02,204852,4
2024-04-23 19:22,Ruth B.,Lost Boy,275280,ruth b. - lost boy,197564,Ruth B.,Lost Boy,4h0zU3O9R5xzuTmNO7dNDU,70,2015,pop,0.71,0.0565,7,-15.099,1,0.0534,0.965,0.0,0.0889,0.348,123.994,275280,4
2024-04-23 19:31,Laufey,Falling Behind,173640,laufey - falling behind,577944,Laufey,Falling Behind,4KGGeE7RJsgLNZmnxGFlOj,63,2022,singer-songwriter,0.449,0.353,7,-12.986,1,0.0915,0.942,0.0786,0.109,0.55,165.888,173640,4
2024-04-23 19:44,Taylor Swift,All Too Well (Taylor's Version),329160,taylor swift - all too well (taylor's version),515629,Taylor Swift,All Too Well (Taylor's Version),3nsfB1vus2qaloUdcBZvDu,71,2021,pop,0.44,0.528,0,-7.809,1,0.0317,0.0171,0.00203,0.234,0.132,185.972,329160,4
2024-04-23 19:55,The Neighbourhood,Softcore,206280,the neighbourhood - softcore,311042,The Neighbourhood,Softcore,2K7xn816oNHJZ0aVqdQsha,84,2018,alt-rock,0.575,0.568,9,-5.509,0,0.03,0.0484,0.000417,0.286,0.37,93.986,206280,4
2024-04-26 07:48,The Neighbourhood,Female Robbery,5310,the neighbourhood - female robbery,2046,The Neighbourhood,Female Robbery,7e8bQb1csn5WvpOc4b5PJg,40,2012,alt-rock,0.403,0.888,7,-3.382,0,0.0413,0.056,0.00161,0.0682,0.391,176.483,206813,4
2024-04-27 22:58,Johann Sebastian Bach,"Violin Concerto in A Minor, BWV 1041: I. Allegro moderato",218720,"johann sebastian bach - violin concerto in a minor, bwv 1041: i. allegro moderato",430163,Johann Sebastian Bach,"Violin Concerto in A Minor, BWV 1041: I. Allegro moderato",5yPHfuHmW2b9nfdD9YeUAV,33,2020,classical,0.545,0.231,9,-18.056,0,0.0421,0.866,0.000564,0.0573,0.62,98.618,218720,4
2024-05-03 00:16,Charlie Puth,One Call Away,194453,charlie puth - one call away,224474,Charlie Puth,One Call Away,7soJgKhQTO8hLP2JPRkL5O,64,2016,dance,0.667,0.613,1,-5.353,1,0.0344,0.403,0.0,0.115,0.47,91.024,194453,4
2024-05-03 00:17,The Neighbourhood,Reflections,55306,the neighbourhood - reflections,311045,The Neighbourhood,Reflections,2xql0pid3EUwW38AsywxhV,77,2018,alt-rock,0.648,0.594,11,-7.027,0,0.0293,0.114,0.0462,0.116,0.544,113.983,244013,4
2024-05-06 19:09,The Neighbourhood,Sadderdaze,245826,the neighbourhood - sadderdaze,311120,The Neighbourhood,Sadderdaze,7sIYHDxjteT6RY29gAGzP2,57,2018,alt-rock,0.414,0.527,4,-4.749,0,0.0287,0.00971,5.05e-05,0.145,0.306,120.009,245827,4
2024-05-06 19:20,Cults,Always Forever,223746,cults - always forever,87537,Cults,Always Forever,2enPRFda84VE2wtI8c86Uf,78,2013,indie-pop,0.174,0.742,8,-5.93,1,0.0485,0.00181,0.281,0.198,0.36,163.378,223747,4
2024-05-06 19:23,Chase Atlantic,Meddle About,203886,chase atlantic - meddle about,197593,Chase Atlantic,Meddle About,1x5gfSHfhWpMFKKqbuDe9G,68,2015,pop,0.387,0.797,4,-6.41,0,0.052,0.00404,0.0108,0.314,0.369,159.897,203886,4
2024-05-06 19:30,The Neighbourhood,Baby Came Home 2 / Valentines,350245,the neighbourhood - baby came home 2 / valentines,162929,The Neighbourhood,Baby Came Home 2 / Valentines,40gvh6jP5qxMJuMmF9lG9A,67,2015,alt-rock,0.21,0.499,2,-9.754,0,0.0485,0.0687,0.00315,0.773,0.108,74.094,390493,4
2024-05-06 19:34,Chase Atlantic,Right Here,235000,chase atlantic - right here,293542,Chase Atlantic,Right Here,2KtS31kaWNHs12Q5B43Ixh,70,2017,pop,0.351,0.587,6,-6.413,1,0.0413,0.00516,1.87e-05,0.121,0.221,159.881,235000,4
2024-05-06 19:41,Chase Atlantic,HEAVEN AND BACK,248240,chase atlantic - heaven and back,406526,Chase Atlantic,HEAVEN AND BACK,5dewQ7ojISR32NAYNHFYWC,66,2019,pop,0.309,0.793,10,-6.195,0,0.0774,0.0902,0.092,0.0888,0.532,193.714,248240,4
2024-05-06 19:44,Arctic Monkeys,Snap Out Of It,193030,arctic monkeys - snap out of it,77594,Arctic Monkeys,Snap Out Of It,0NdTUS4UiNYCNn5FgVqKQY,78,2013,garage,0.728,0.638,5,-6.455,0,0.0336,0.249,0.0,0.116,0.872,130.014,193030,4
2024-05-06 19:49,Cigarettes After Sex,Truly,244110,cigarettes after sex - truly,255760,Cigarettes After Sex,Truly,6qwEx0TQJMEqvQdN8hRZDx,57,2017,ambient,0.44,0.387,4,-9.792,1,0.0279,0.148,0.559,0.0844,0.267,96.556,243640,4
2024-05-06 19:54,The Neighbourhood,Nervous,245000,the neighbourhood - nervous,311055,The Neighbourhood,Nervous,113xf7t4qNM7038YJvauik,67,2018,alt-rock,0.589,0.614,0,-7.528,0,0.0426,0.0213,0.165,0.31,0.318,119.837,245000,4
2024-05-06 19:57,Chase Atlantic,HER,169720,chase atlantic - her,406529,Chase Atlantic,HER,5i7g9wTIruXgWKvA83BXlk,64,2019,pop,0.706,0.586,5,-5.404,0,0.066,0.106,5.43e-06,0.169,0.689,139.984,169714,4
2024-05-06 20:01,Arctic Monkeys,Cornerstone,197973,arctic monkeys - cornerstone,1286929,Arctic Monkeys,Cornerstone,3MC4XRbQADJdW9IIIwbe2u,53,2009,garage,0.287,0.721,9,-5.81,1,0.0387,0.00764,0.0,0.328,0.763,169.252,197973,4
2024-05-06 20:04,Djo,End of Beginning,159245,djo - end of beginning,569335,Djo,End of Beginning,3qhlB30KknSejmIvZZLjOD,66,2022,pop,0.689,0.454,2,-7.643,1,0.0584,0.0351,0.00259,0.0707,0.912,159.982,159246,4
2024-05-06 20:07,Chase Atlantic,LIKE A ROCKSTAR,208111,chase atlantic - like a rockstar,406638,Chase Atlantic,LIKE A ROCKSTAR,1e5Zf1EU0TAitK207VOUY7,59,2019,pop,0.58,0.611,8,-6.33,0,0.0646,0.331,0.0,0.0982,0.463,81.55,208112,4
2024-05-06 20:13,Cigarettes After Sex,Each Time You Fall in Love,290630,cigarettes after sex - each time you fall in love,255751,Cigarettes After Sex,Each Time You Fall In Love,6YbqjyoqQx9p13IndkOzeP,63,2017,ambient,0.383,0.534,10,-8.829,1,0.0277,0.468,0.676,0.14,0.276,76.046,290160,4
2024-05-06 20:19,The Neighbourhood,Reflections,244013,the neighbourhood - reflections,311045,The Neighbourhood,Reflections,2xql0pid3EUwW38AsywxhV,77,2018,alt-rock,0.648,0.594,11,-7.027,0,0.0293,0.114,0.0462,0.116,0.544,113.983,244013,4
2024-05-06 20:33,Arctic Monkeys,505,253586,arctic monkeys - 505,1145378,Arctic Monkeys,505,58ge6dfP91o9oXMzq3XkIS,80,2007,garage,0.52,0.852,0,-5.866,1,0.0543,0.00237,5.79e-05,0.0733,0.234,140.267,253587,4
2024-05-06 20:37,The Neighbourhood,Sweater Weather,240400,the neighbourhood - sweater weather,1800,The Neighbourhood,Sweater Weather,4pGqFOfzvfe6avb9kbZicC,60,2012,alt-rock,0.695,0.615,7,-5.325,0,0.042,0.15,0.000212,0.0879,0.414,124.015,240040,4
2024-05-06 20:45,Arctic Monkeys,I Wanna Be Yours,183956,arctic monkeys - i wanna be yours,77591,Arctic Monkeys,I Wanna Be Yours,5XeFesFbtLpXzIVDNQP22n,91,2013,garage,0.464,0.417,0,-9.345,0,0.0256,0.136,0.022,0.0974,0.479,67.528,183956,4
2024-05-06 21:50,Cigarettes After Sex,Sweet,292110,cigarettes after sex - sweet,255748,Cigarettes After Sex,Sweet,3VSYkAf6f46i5ZkXOHORq1,72,2017,ambient,0.448,0.511,6,-9.084,1,0.0274,0.362,0.823,0.129,0.112,96.321,291640,4
2024-05-06 21:53,Arctic Monkeys,Knee Socks,139808,arctic monkeys - knee socks,77596,Arctic Monkeys,Knee Socks,2LGdO5MtFdyphi2EihANZG,74,2013,garage,0.665,0.542,11,-8.323,0,0.033,0.123,0.00291,0.342,0.587,97.975,257563,4
2024-05-06 21:57,Chase Atlantic,Swim,228786,chase atlantic - swim,293479,Chase Atlantic,Swim,3M0lSi5WW79CXQamgSBIjx,80,2017,pop,0.666,0.542,8,-6.429,1,0.0392,0.27,0.0,0.0765,0.0771,120.134,228787,4
2024-05-06 22:07,The Neighbourhood,Baby Came Home 2 / Valentines,286330,the neighbourhood - baby came home 2 / valentines,162929,The Neighbourhood,Baby Came Home 2 / Valentines,40gvh6jP5qxMJuMmF9lG9A,67,2015,alt-rock,0.21,0.499,2,-9.754,0,0.0485,0.0687,0.00315,0.773,0.108,74.094,390493,4
2024-05-06 22:11,The Neighbourhood,W.D.Y.W.F.M?,259413,the neighbourhood - w.d.y.w.f.m?,56407,The Neighbourhood,W.D.Y.W.F.M?,3vooOYHU0Fi3ViCG7Ozh0Y,65,2013,alt-rock,0.557,0.845,8,-2.926,0,0.0346,0.0303,0.00851,0.354,0.508,123.997,259413,4
2024-05-06 22:16,The Neighbourhood,Nervous,245000,the neighbourhood - nervous,311055,The Neighbourhood,Nervous,113xf7t4qNM7038YJvauik,67,2018,alt-rock,0.589,0.614,0,-7.528,0,0.0426,0.0213,0.165,0.31,0.318,119.837,245000,4
2024-05-06 22:28,The Neighbourhood,The Beach,255133,the neighbourhood - the beach,162917,The Neighbourhood,The Beach,2u0CelO5c81XS7z3dGpHbS,75,2015,alt-rock,0.245,0.64,2,-7.426,0,0.0608,0.131,8.11e-06,0.0766,0.105,135.739,255133,4
2024-05-06 22:33,Chase Atlantic,Consume (feat. Goon Des Garcons),267920,chase atlantic - consume (feat. goon des garcons),293489,Chase Atlantic,Consume (feat. Goon Des Garcons),0X2bh8NVQ8svDQIn2AdCbW,77,2017,pop,0.556,0.714,9,-5.322,0,0.158,0.07,0.0,0.261,0.434,146.113,267920,4
2024-05-06 22:36,Chase Atlantic,Into It,196767,chase atlantic - into it,293490,Chase Atlantic,Into It,4HwDCXsMBC7SUdp2WT4MZP,77,2017,pop,0.518,0.572,10,-6.706,0,0.0416,0.0503,2.41e-05,0.129,0.291,130.053,196767,4
2024-05-06 22:41,Cigarettes After Sex,Apocalypse,290616,cigarettes after sex - apocalypse,255746,Cigarettes After Sex,Apocalypse,3AVrVz5rK8Hrqo9YGiVGN5,81,2017,ambient,0.369,0.467,5,-9.018,1,0.0274,0.0194,0.46,0.109,0.174,94.473,290147,4
2024-05-06 22:46,Cigarettes After Sex,Sunsetz,215150,cigarettes after sex - sunsetz,255747,Cigarettes After Sex,Sunsetz,69UqtTHfUKAJweQwEStRzC,77,2017,ambient,0.412,0.477,9,-9.381,0,0.029,0.0542,0.798,0.0975,0.141,75.302,214680,4
2024-05-06 22:58,Arctic Monkeys,505,253586,arctic monkeys - 505,1145378,Arctic Monkeys,505,58ge6dfP91o9oXMzq3XkIS,80,2007,garage,0.52,0.852,0,-5.866,1,0.0543,0.00237,5.79e-05,0.0733,0.234,140.267,253587,4
2024-05-06 23:02,Chase Atlantic,LUST,204106,chase atlantic - lust,406673,Chase Atlantic,LUST,51t7nQOI35g07O0z4fflO1,57,2019,pop,0.641,0.755,4,-6.274,1,0.244,0.018,0.000443,0.159,0.477,131.954,204107,4
2024-05-06 23:06,Arctic Monkeys,She's Thunderstorms,234920,arctic monkeys - she's thunderstorms,1428149,Arctic Monkeys,She's Thunderstorms,5qm8ISXOho1EvFj6e4f4bG,46,2011,garage,0.505,0.898,7,-4.906,1,0.0329,0.000518,0.00236,0.173,0.731,118.929,234920,4
2024-05-06 23:12,Cigarettes After Sex,Pure,254626,cigarettes after sex - pure,368590,Cigarettes After Sex,Pure,5EYkide3NzE6gDIHvd4Pvz,53,2019,ambient,0.521,0.211,6,-13.489,0,0.0324,0.544,0.836,0.101,0.0412,134.285,254627,3
2024-05-06 23:19,The Neighbourhood,Void,203666,the neighbourhood - void,311061,The Neighbourhood,Void,2wXioTynVwrEWYRv6R6vEj,66,2018,alt-rock,0.534,0.582,5,-7.912,1,0.0401,0.047,0.0328,0.0883,0.346,84.183,203667,4
2024-05-07 01:45,The Neighbourhood,Afraid,247296,the neighbourhood - afraid,56398,The Neighbourhood,Afraid,7brQHA2CgQpcMBiOlfiXYb,74,2013,alt-rock,0.464,0.701,6,-5.693,0,0.0411,0.00892,0.309,0.335,0.356,83.996,251187,4
2024-05-07 17:53,The Neighbourhood,Afraid,4139,the neighbourhood - afraid,56398,The Neighbourhood,Afraid,7brQHA2CgQpcMBiOlfiXYb,74,2013,alt-rock,0.464,0.701,6,-5.693,0,0.0411,0.00892,0.309,0.335,0.356,83.996,251187,4
2024-05-07 17:58,The Neighbourhood,The Beach,255133,the neighbourhood - the beach,162917,The Neighbourhood,The Beach,2u0CelO5c81XS7z3dGpHbS,75,2015,alt-rock,0.245,0.64,2,-7.426,0,0.0608,0.131,8.11e-06,0.0766,0.105,135.739,255133,4
2024-05-07 18:18,Cigarettes After Sex,Sweet,292110,cigarettes after sex - sweet,255748,Cigarettes After Sex,Sweet,3VSYkAf6f46i5ZkXOHORq1,72,2017,ambient,0.448,0.511,6,-9.084,1,0.0274,0.362,0.823,0.129,0.112,96.321,291640,4
2024-05-07 18:22,Chase Atlantic,OHMAMI,226835,chase atlantic - ohmami,515742,Chase Atlantic,OHMAMI,2zVaxB54fNngkbWs5uZnla,66,2021,pop,0.625,0.717,10,-5.796,0,0.121,0.0476,8.73e-05,0.277,0.398,126.004,226835,4
2024-05-07 18:28,The Neighbourhood,Alleyways,267853,the neighbourhood - alleyways,56435,The Neighbourhood,Alleyways,4V37tyDu9CtqYshvrgLke4,59,2013,alt-rock,0.622,0.831,5,-4.819,0,0.0273,0.00102,0.803,0.119,0.363,101.03,267853,4
2024-05-07 18:31,Chase Atlantic,Numb to the Feeling,227586,chase atlantic - numb to the feeling,350308,Chase Atlantic,Numb to the Feeling,102cCjW3CnC3sws3qOhie8,63,2018,pop,0.695,0.737,5,-5.75,0,0.122,0.232,0.0,0.136,0.248,129.999,227587,4
2024-05-07 18:37,The Neighbourhood,Prey,282640,the neighbourhood - prey,162945,The Neighbourhood,Prey,38kjFXYgPvtuXCPbHPMGte,63,2015,alt-rock,0.517,0.779,9,-5.005,0,0.0477,0.0258,0.0,0.0622,0.197,115.206,282640,4
2024-05-07 18:42,The Neighbourhood,Daddy Issues,260173,the neighbourhood - daddy issues,162916,The Neighbourhood,Daddy Issues,5E30LdtzQTGqRvNd7l6kG5,84,2015,alt-rock,0.588,0.521,10,-9.461,1,0.0329,0.0678,0.149,0.123,0.337,85.012,260173,4
2024-05-07 18:46,Chase Atlantic,Drugs & Money - New Mix,239921,chase atlantic - drugs & money - new mix,293587,Chase Atlantic,Drugs & Money - New Mix,4SRyrhBJ5mq8fEa3bsdZn6,65,2017,pop,0.629,0.735,11,-4.826,1,0.0599,0.2,0.0,0.243,0.477,123.996,239922,4
2024-05-07 18:50,Chase Atlantic,Friends,230010,chase atlantic - friends,197528,Chase Atlantic,Friends,2jQiSYrwJehQAcuaaQrXnS,79,2015,pop,0.422,0.609,11,-6.361,0,0.0335,0.0114,4.76e-06,0.108,0.0911,107.34,230011,3
2024-05-07 19:08,The Neighbourhood,Flawless,246493,the neighbourhood - flawless,56405,The Neighbourhood,Flawless,2Kt1XplPBQBsDKQDa6TssB,68,2013,alt-rock,0.568,0.871,0,-3.453,1,0.0308,0.0553,0.51,0.303,0.374,119.99,246493,4
2024-05-07 19:19,Cigarettes After Sex,John Wayne,258483,cigarettes after sex - john wayne,255750,Cigarettes After Sex,John Wayne,5IonbH68pmDKBwcKlyswmR,65,2017,ambient,0.429,0.457,3,-8.375,1,0.0294,0.35,0.859,0.099,0.183,124.033,258013,4
2024-05-07 19:30,Cigarettes After Sex,Truly,244110,cigarettes after sex - truly,255760,Cigarettes After Sex,Truly,6qwEx0TQJMEqvQdN8hRZDx,57,2017,ambient,0.44,0.387,4,-9.792,1,0.0279,0.148,0.559,0.0844,0.267,96.556,243640,4
2024-05-07 21:27,The Neighbourhood,Female Robbery,209520,the neighbourhood - female robbery,2046,The Neighbourhood,Female Robbery,7e8bQb1csn5WvpOc4b5PJg,40,2012,alt-rock,0.403,0.888,7,-3.382,0,0.0413,0.056,0.00161,0.0682,0.391,176.483,206813,4
2024-05-07 21:32,The Neighbourhood,Sweater Weather,240400,the neighbourhood - sweater weather,1800,The Neighbourhood,Sweater Weather,4pGqFOfzvfe6avb9kbZicC,60,2012,alt-rock,0.695,0.615,7,-5.325,0,0.042,0.15,0.000212,0.0879,0.414,124.015,240040,4
2024-05-07 21:36,The Neighbourhood,Nervous,245000,the neighbourhood - nervous,311055,The Neighbourhood,Nervous,113xf7t4qNM7038YJvauik,67,2018,alt-rock,0.589,0.614,0,-7.528,0,0.0426,0.0213,0.165,0.31,0.318,119.837,245000,4
2024-05-07 21:44,Arctic Monkeys,Baby I'm Yours,152613,arctic monkeys - baby i'm yours,1076412,Arctic Monkeys,Baby I'm Yours,6FLqFu1ApSkUddZ9P4H6Io,58,2006,garage,0.462,0.595,2,-9.363,1,0.0347,0.215,0.0,0.184,0.64,113.719,152613,4
2024-05-07 21:47,Chase Atlantic,HER,169720,chase atlantic - her,406529,Chase Atlantic,HER,5i7g9wTIruXgWKvA83BXlk,64,2019,pop,0.706,0.586,5,-5.404,0,0.066,0.106,5.43e-06,0.169,0.689,139.984,169714,4
2024-05-07 21:56,The Neighbourhood,Sadderdaze,245826,the neighbourhood - sadderdaze,311120,The Neighbourhood,Sadderdaze,7sIYHDxjteT6RY29gAGzP2,57,2018,alt-rock,0.414,0.527,4,-4.749,0,0.0287,0.00971,5.05e-05,0.145,0.306,120.009,245827,4
2024-05-07 22:03,Chase Atlantic,OHMAMI,226835,chase atlantic - ohmami,515742,Chase Atlantic,OHMAMI,2zVaxB54fNngkbWs5uZnla,66,2021,pop,0.625,0.717,10,-5.796,0,0.121,0.0476,8.73e-05,0.277,0.398,126.004,226835,4
2024-05-07 23:32,Cigarettes After Sex,Sweet,292110,cigarettes after sex - sweet,255748,Cigarettes After Sex,Sweet,3VSYkAf6f46i5ZkXOHORq1,72,2017,ambient,0.448,0.511,6,-9.084,1,0.0274,0.362,0.823,0.129,0.112,96.321,291640,4
2024-05-07 23:36,Chase Atlantic,Meddle About,203886,chase atlantic - meddle about,197593,Chase Atlantic,Meddle About,1x5gfSHfhWpMFKKqbuDe9G,68,2015,pop,0.387,0.797,4,-6.41,0,0.052,0.00404,0.0108,0.314,0.369,159.897,203886,4
2024-05-07 23:49,Chase Atlantic,Friends,230010,chase atlantic - friends,197528,Chase Atlantic,Friends,2jQiSYrwJehQAcuaaQrXnS,79,2015,pop,0.422,0.609,11,-6.361,0,0.0335,0.0114,4.76e-06,0.108,0.0911,107.34,230011,3
2024-05-07 23:53,The Neighbourhood,Compass,167960,the neighbourhood - compass,311053,The Neighbourhood,Compass,0YNtAadZvKBBEFARtfoCV8,69,2018,alt-rock,0.7,0.82,5,-5.499,0,0.0329,0.238,0.318,0.658,0.667,109.998,167960,4
2024-05-07 23:57,Chase Atlantic,Consume (feat. Goon Des Garcons),267920,chase atlantic - consume (feat. goon des garcons),293489,Chase Atlantic,Consume (feat. Goon Des Garcons),0X2bh8NVQ8svDQIn2AdCbW,77,2017,pop,0.556,0.714,9,-5.322,0,0.158,0.07,0.0,0.261,0.434,146.113,267920,4
2024-05-08 00:02,Arctic Monkeys,Cornerstone,197973,arctic monkeys - cornerstone,1286929,Arctic Monkeys,Cornerstone,3MC4XRbQADJdW9IIIwbe2u,53,2009,garage,0.287,0.721,9,-5.81,1,0.0387,0.00764,0.0,0.328,0.763,169.252,197973,4
2024-05-08 00:04,girl in red,we fell in love in october,134403,girl in red - we fell in love in october,342777,girl in red,we fell in love in october,6IPwKM3fUUzlElbvKw2sKl,82,2018,indie-pop,0.566,0.366,7,-12.808,1,0.028,0.113,0.181,0.155,0.237,129.96,184154,4
2024-05-08 00:16,Taylor Swift,illicit affairs,190898,taylor swift - illicit affairs,462035,Taylor Swift,illicit affairs,2NmsngXHeC1GQ9wWrzhOMf,71,2020,pop,0.559,0.31,10,-10.445,1,0.0338,0.881,0.0,0.106,0.46,119.845,190898,4
2024-05-08 00:25,Taylor Swift,We Are Never Ever Getting Back Together,191880,taylor swift - we are never ever getting back together,40360,Taylor Swift,We Are Never Ever Getting Back Together,0VwNdo84DaVYLIkbVO86ND,74,2012,pop,0.628,0.676,7,-5.911,1,0.0916,0.00957,2.65e-05,0.121,0.75,85.984,193147,4
2024-05-08 00:27,Taylor Swift,You Belong With Me,66265,taylor swift - you belong with me,1238475,Taylor Swift,You Belong With Me,3GCL1PydwsLodcpv0Ll1ch,68,2008,pop,0.687,0.783,6,-4.44,1,0.0386,0.162,1.35e-05,0.114,0.443,129.964,231133,4
2024-05-08 00:36,Lana Del Rey,Chemtrails Over The Country Club,271176,lana del rey - chemtrails over the country club,515662,Lana Del Rey,Chemtrails Over The Country Club,7bPWdJgx8vek7S5i5yAtvG,70,2021,pop,0.334,0.276,4,-13.125,0,0.0643,0.877,0.000249,0.113,0.429,201.025,271177,3
2024-05-08 00:41,James Arthur,Car's Outside,37623,james arthur - car's outside,406437,James Arthur,Car's Outside,0otRX6Z89qKkHkQ9OqJpKt,81,2019,pop,0.338,0.562,9,-7.181,1,0.029,0.039,0.0,0.107,0.259,149.907,248373,4
2024-05-08 00:51,Lana Del Rey,Sad Girl,317760,lana del rey - sad girl,146791,Lana Del Rey,Sad Girl,11MyiSGZSYSmhhqwGUTtAq,75,2014,pop,0.345,0.587,5,-8.346,1,0.0364,0.539,0.0731,0.119,0.258,119.479,317760,4
2024-05-08 00:55,Taylor Swift,Blank Space,12633,taylor swift - blank space,146765,Taylor Swift,Blank Space,1p80LdxRV74UKvL8gnD7ky,76,2014,pop,0.753,0.678,5,-5.421,1,0.0644,0.085,1.64e-06,0.13,0.583,96.006,231827,4
2024-05-08 01:06,beabadoobee,the perfect pair,177533,beabadoobee - the perfect pair,561972,beabadoobee,the perfect pair,41P6Tnd8KIHqON0QIydx6a,78,2022,indie-pop,0.634,0.663,11,-6.818,1,0.0331,0.433,0.124,0.102,0.6,146.053,177533,4
2024-05-08 18:41,Cigarettes After Sex,John Wayne,258483,cigarettes after sex - john wayne,255750,Cigarettes After Sex,John Wayne,5IonbH68pmDKBwcKlyswmR,65,2017,ambient,0.429,0.457,3,-8.375,1,0.0294,0.35,0.859,0.099,0.183,124.033,258013,4
2024-05-08 18:53,Chase Atlantic,HEAVEN AND BACK,248240,chase atlantic - heaven and back,406526,Chase Atlantic,HEAVEN AND BACK,5dewQ7ojISR32NAYNHFYWC,66,2019,pop,0.309,0.793,10,-6.195,0,0.0774,0.0902,0.092,0.0888,0.532,193.714,248240,4
2024-05-08 18:57,Chase Atlantic,Church,220000,chase atlantic - church,293564,Chase Atlantic,Church,7bbYT48HWWIbL3YKmtMNzn,68,2017,pop,0.556,0.824,5,-4.539,0,0.0548,0.0109,0.0,0.112,0.292,112.99,220000,4
2024-05-08 19:03,Cigarettes After Sex,Apocalypse,290616,cigarettes after sex - apocalypse,255746,Cigarettes After Sex,Apocalypse,3AVrVz5rK8Hrqo9YGiVGN5,81,2017,ambient,0.369,0.467,5,-9.018,1,0.0274,0.0194,0.46,0.109,0.174,94.473,290147,4
2024-05-08 19:08,The Neighbourhood,Alleyways,267853,the neighbourhood - alleyways,56435,The Neighbourhood,Alleyways,4V37tyDu9CtqYshvrgLke4,59,2013,alt-rock,0.622,0.831,5,-4.819,0,0.0273,0.00102,0.803,0.119,0.363,101.03,267853,4
2024-05-08 19:16,The Neighbourhood,Baby Came Home,226880,the neighbourhood - baby came home,1880,The Neighbourhood,Baby Came Home,3ypXE4brttsQR3OLLZbLZB,50,2012,alt-rock,0.639,0.571,0,-5.766,1,0.0284,0.0127,0.00283,0.0963,0.273,113.037,226893,4
2024-05-08 19:21,The Neighbourhood,Void,203666,the neighbourhood - void,311061,The Neighbourhood,Void,2wXioTynVwrEWYRv6R6vEj,66,2018,alt-rock,0.534,0.582,5,-7.912,1,0.0401,0.047,0.0328,0.0883,0.346,84.183,203667,4
2024-05-08 19:25,Arctic Monkeys,505,253586,arctic monkeys - 505,1145378,Arctic Monkeys,505,58ge6dfP91o9oXMzq3XkIS,80,2007,garage,0.52,0.852,0,-5.866,1,0.0543,0.00237,5.79e-05,0.0733,0.234,140.267,253587,4
2024-05-08 19:29,Chase Atlantic,Right Here,235000,chase atlantic - right here,293542,Chase Atlantic,Right Here,2KtS31kaWNHs12Q5B43Ixh,70,2017,pop,0.351,0.587,6,-6.413,1,0.0413,0.00516,1.87e-05,0.121,0.221,159.881,235000,4
2024-05-08 19:31,The Neighbourhood,Baby Came Home 2 / Valentines,68684,the neighbourhood - baby came home 2 / valentines,162929,The Neighbourhood,Baby Came Home 2 / Valentines,40gvh6jP5qxMJuMmF9lG9A,67,2015,alt-rock,0.21,0.499,2,-9.754,0,0.0485,0.0687,0.00315,0.773,0.108,74.094,390493,4
2024-05-08 19:35,Arctic Monkeys,Why'd You Only Call Me When You're High?,161123,arctic monkeys - why'd you only call me when you're high?,77592,Arctic Monkeys,Why'd You Only Call Me When You're High?,086myS9r57YsLbJpU0TgK9,85,2013,garage,0.691,0.631,2,-6.478,1,0.0368,0.0483,1.13e-05,0.104,0.8,92.004,161124,4
2024-05-08 19:40,Cigarettes After Sex,Heavenly,286773,cigarettes after sex - heavenly,368576,Cigarettes After Sex,Heavenly,1Bh0UzthW8pKEnYg7v40Oa,69,2019,ambient,0.539,0.431,8,-9.298,1,0.0249,0.628,0.653,0.11,0.122,105.156,288595,4
2024-05-08 19:42,Arctic Monkeys,Baby I'm Yours,152613,arctic monkeys - baby i'm yours,1076412,Arctic Monkeys,Baby I'm Yours,6FLqFu1ApSkUddZ9P4H6Io,58,2006,garage,0.462,0.595,2,-9.363,1,0.0347,0.215,0.0,0.184,0.64,113.719,152613,4
2024-05-08 19:51,Cigarettes After Sex,Kiss It Off Me,269933,cigarettes after sex - kiss it off me,368580,Cigarettes After Sex,Kiss It Off Me,1Mhf6QIO0UuVr2ZvQPgymt,62,2019,ambient,0.521,0.298,4,-12.471,1,0.0258,0.753,0.496,0.111,0.235,80.259,269933,4
2024-05-08 19:59,Chase Atlantic,OHMAMI,226835,chase atlantic - ohmami,515742,Chase Atlantic,OHMAMI,2zVaxB54fNngkbWs5uZnla,66,2021,pop,0.625,0.717,10,-5.796,0,0.121,0.0476,8.73e-05,0.277,0.398,126.004,226835,4
2024-05-08 20:12,TV Girl,Lovers Rock,213920,tv girl - lovers rock,140597,TV Girl,Lovers Rock,6dBUzqjtbnIa1TwYbyw5CM,85,2014,indie-pop,0.559,0.871,5,-5.338,0,0.0397,7.53e-06,0.00545,0.096,0.572,104.97,213920,4
2024-05-08 21:24,The Neighbourhood,Afraid,251186,the neighbourhood - afraid,56398,The Neighbourhood,Afraid,7brQHA2CgQpcMBiOlfiXYb,74,2013,alt-rock,0.464,0.701,6,-5.693,0,0.0411,0.00892,0.309,0.335,0.356,83.996,251187,4
2024-05-08 21:28,The Neighbourhood,Softcore,206280,the neighbourhood - softcore,311042,The Neighbourhood,Softcore,2K7xn816oNHJZ0aVqdQsha,84,2018,alt-rock,0.575,0.568,9,-5.509,0,0.03,0.0484,0.000417,0.286,0.37,93.986,206280,4
2024-05-08 21:31,The Neighbourhood,Compass,167960,the neighbourhood - compass,311053,The Neighbourhood,Compass,0YNtAadZvKBBEFARtfoCV8,69,2018,alt-rock,0.7,0.82,5,-5.499,0,0.0329,0.238,0.318,0.658,0.667,109.998,167960,4
2024-05-08 21:41,Chase Atlantic,Friends,230010,chase atlantic - friends,197528,Chase Atlantic,Friends,2jQiSYrwJehQAcuaaQrXnS,79,2015,pop,0.422,0.609,11,-6.361,0,0.0335,0.0114,4.76e-06,0.108,0.0911,107.34,230011,3
2024-05-08 21:45,Arctic Monkeys,Knee Socks,257563,arctic monkeys - knee socks,77596,Arctic Monkeys,Knee Socks,2LGdO5MtFdyphi2EihANZG,74,2013,garage,0.665,0.542,11,-8.323,0,0.033,0.123,0.00291,0.342,0.587,97.975,257563,4
2024-05-08 21:52,The Neighbourhood,Leaving Tonight,203866,the neighbourhood - leaving tonight,1840,The Neighbourhood,Leaving Tonight,6C0T7QMpmeDoDkke32Ctqb,54,2012,alt-rock,0.566,0.681,9,-5.443,0,0.0299,0.0149,0.0,0.104,0.187,119.916,203880,4
2024-05-08 21:56,Chase Atlantic,HER,169720,chase atlantic - her,406529,Chase Atlantic,HER,5i7g9wTIruXgWKvA83BXlk,64,2019,pop,0.706,0.586,5,-5.404,0,0.066,0.106,5.43e-06,0.169,0.689,139.984,169714,4
2024-05-08 22:00,The Neighbourhood,Sweater Weather,240400,the neighbourhood - sweater weather,1800,The Neighbourhood,Sweater Weather,4pGqFOfzvfe6avb9kbZicC,60,2012,alt-rock,0.695,0.615,7,-5.325,0,0.042,0.15,0.000212,0.0879,0.414,124.015,240040,4
2024-05-08 22:03,The Neighbourhood,You Get Me So High,153000,the neighbourhood - you get me so high,311043,The Neighbourhood,You Get Me So High,7zwn1eykZtZ5LODrf7c0tS,81,2018,alt-rock,0.551,0.881,7,-6.099,0,0.0542,0.186,0.0791,0.152,0.387,88.036,153000,4
2024-05-08 22:06,Cigarettes After Sex,Sunsetz,215150,cigarettes after sex - sunsetz,255747,Cigarettes After Sex,Sunsetz,69UqtTHfUKAJweQwEStRzC,77,2017,ambient,0.412,0.477,9,-9.381,0,0.029,0.0542,0.798,0.0975,0.141,75.302,214680,4
2024-05-08 22:10,Arctic Monkeys,Snap Out Of It,193030,arctic monkeys - snap out of it,77594,Arctic Monkeys,Snap Out Of It,0NdTUS4UiNYCNn5FgVqKQY,78,2013,garage,0.728,0.638,5,-6.455,0,0.0336,0.249,0.0,0.116,0.872,130.014,193030,4
2024-05-08 22:14,The Neighbourhood,Cry Baby,235160,the neighbourhood - cry baby,162920,The Neighbourhood,Cry Baby,0EfsDEYaSjGYd66Pr881nq,73,2015,alt-rock,0.581,0.656,4,-4.891,0,0.0294,0.00269,2.78e-06,0.101,0.338,108.033,235160,4
2024-05-08 22:20,The Neighbourhood,W.D.Y.W.F.M?,246596,the neighbourhood - w.d.y.w.f.m?,56407,The Neighbourhood,W.D.Y.W.F.M?,3vooOYHU0Fi3ViCG7Ozh0Y,65,2013,alt-rock,0.557,0.845,8,-2.926,0,0.0346,0.0303,0.00851,0.354,0.508,123.997,259413,4
2024-05-08 22:24,Taylor Swift,The Way I Loved You (Taylor’s Version),243136,taylor swift - the way i loved you (taylor’s version),515593,Taylor Swift,The Way I Loved You (Taylor’s Version),22bPsP2jCgbLUvh82U0Z3M,78,2021,pop,0.402,0.732,5,-4.665,1,0.0484,0.0033,0.0,0.108,0.472,161.032,243137,4
2024-05-08 22:29,Taylor Swift,Wildest Dreams,220440,taylor swift - wildest dreams,146777,Taylor Swift,Wildest Dreams,59HjlYCeBsxdI0fcm3zglw,71,2014,pop,0.554,0.666,8,-7.414,1,0.0747,0.0702,0.00593,0.106,0.472,140.056,220440,4
2024-05-08 22:31,Lana Del Rey,Radio,154065,lana del rey - radio,40378,Lana Del Rey,Radio,4PMdq7Q7xOFrY424ZelZEb,59,2012,pop,0.423,0.857,2,-5.173,1,0.0687,0.188,2.63e-05,0.105,0.196,75.024,214574,4
2024-05-08 22:33,Michele Nobler,Illusion,130250,michele nobler - illusion,538613,Michele Nobler,Illusion,7D8QsMgDGGBvPjBTPZUIzD,34,2022,classical,0.323,0.0331,1,-27.741,1,0.0312,0.951,0.917,0.114,0.165,98.416,130250,4
2024-05-08 22:52,d4vd,Romantic Homicide,132630,d4vd - romantic homicide,569185,d4vd,Romantic Homicide,1xK59OXxi2TAAAbmZK0kBL,90,2022,pop,0.571,0.544,6,-10.613,1,0.0299,0.453,0.00805,0.322,0.216,132.052,132631,4
2024-05-08 23:01,Chase Atlantic,Okay,212306,chase atlantic - okay,293566,Chase Atlantic,Okay,492PZFHvGTm3RZZYeeUVWT,67,2017,pop,0.614,0.815,0,-6.784,1,0.131,0.112,0.0,0.121,0.431,130.049,212307,4
2024-05-08 23:05,The Neighbourhood,The Beach,255133,the neighbourhood - the beach,162917,The Neighbourhood,The Beach,2u0CelO5c81XS7z3dGpHbS,75,2015,alt-rock,0.245,0.64,2,-7.426,0,0.0608,0.131,8.11e-06,0.0766,0.105,135.739,255133,4
2024-05-08 23:10,The Neighbourhood,W.D.Y.W.F.M?,259413,the neighbourhood - w.d.y.w.f.m?,56407,The Neighbourhood,W.D.Y.W.F.M?,3vooOYHU0Fi3ViCG7Ozh0Y,65,2013,alt-rock,0.557,0.845,8,-2.926,0,0.0346,0.0303,0.00851,0.354,0.508,123.997,259413,4
2024-05-08 23:21,The Neighbourhood,Nervous,245000,the neighbourhood - nervous,311055,The Neighbourhood,Nervous,113xf7t4qNM7038YJvauik,67,2018,alt-rock,0.589,0.614,0,-7.528,0,0.0426,0.0213,0.165,0.31,0.318,119.837,245000,4
2024-05-08 23:26,Chase Atlantic,Consume (feat. Goon Des Garcons),267920,chase atlantic - consume (feat. goon des garcons),293489,Chase Atlantic,Consume (feat. Goon Des Garcons),0X2bh8NVQ8svDQIn2AdCbW,77,2017,pop,0.556,0.714,9,-5.322,0,0.158,0.07,0.0,0.261,0.434,146.113,267920,4
2024-05-10 02:18,Arctic Monkeys,She's Thunderstorms,191063,arctic monkeys - she's thunderstorms,1428149,Arctic Monkeys,She's Thunderstorms,5qm8ISXOho1EvFj6e4f4bG,46,2011,garage,0.505,0.898,7,-4.906,1,0.0329,0.000518,0.00236,0.173,0.731,118.929,234920,4
2024-05-10 18:29,Cigarettes After Sex,Kiss It Off Me,269933,cigarettes after sex - kiss it off me,368580,Cigarettes After Sex,Kiss It Off Me,1Mhf6QIO0UuVr2ZvQPgymt,62,2019,ambient,0.521,0.298,4,-12.471,1,0.0258,0.753,0.496,0.111,0.235,80.259,269933,4
2024-05-10 18:50,Chase Atlantic,LIKE A ROCKSTAR,208111,chase atlantic - like a rockstar,406638,Chase Atlantic,LIKE A ROCKSTAR,1e5Zf1EU0TAitK207VOUY7,59,2019,pop,0.58,0.611,8,-6.33,0,0.0646,0.331,0.0,0.0982,0.463,81.55,208112,4
2024-05-10 19:02,d4vd,Romantic Homicide,132630,d4vd - romantic homicide,569185,d4vd,Romantic Homicide,1xK59OXxi2TAAAbmZK0kBL,90,2022,pop,0.571,0.544,6,-10.613,1,0.0299,0.453,0.00805,0.322,0.216,132.052,132631,4
2024-05-10 19:08,Cigarettes After Sex,John Wayne,258483,cigarettes after sex - john wayne,255750,Cigarettes After Sex,John Wayne,5IonbH68pmDKBwcKlyswmR,65,2017,ambient,0.429,0.457,3,-8.375,1,0.0294,0.35,0.859,0.099,0.183,124.033,258013,4
2024-05-10 19:12,The Neighbourhood,Sadderdaze,245826,the neighbourhood - sadderdaze,311120,The Neighbourhood,Sadderdaze,7sIYHDxjteT6RY29gAGzP2,57,2018,alt-rock,0.414,0.527,4,-4.749,0,0.0287,0.00971,5.05e-05,0.145,0.306,120.009,245827,4
2024-05-10 19:23,The Neighbourhood,Alleyways,267853,the neighbourhood - alleyways,56435,The Neighbourhood,Alleyways,4V37tyDu9CtqYshvrgLke4,59,2013,alt-rock,0.622,0.831,5,-4.819,0,0.0273,0.00102,0.803,0.119,0.363,101.03,267853,4
2024-05-10 19:28,Arctic Monkeys,505,253586,arctic monkeys - 505,1145378,Arctic Monkeys,505,58ge6dfP91o9oXMzq3XkIS,80,2007,garage,0.52,0.852,0,-5.866,1,0.0543,0.00237,5.79e-05,0.0733,0.234,140.267,253587,4
2024-05-10 19:32,girl in red,we fell in love in october,184153,girl in red - we fell in love in october,342777,girl in red,we fell in love in october,6IPwKM3fUUzlElbvKw2sKl,82,2018,indie-pop,0.566,0.366,7,-12.808,1,0.028,0.113,0.181,0.155,0.237,129.96,184154,4
2024-05-10 19:36,The Neighbourhood,Reflections,244013,the neighbourhood - reflections,311045,The Neighbourhood,Reflections,2xql0pid3EUwW38AsywxhV,77,2018,alt-rock,0.648,0.594,11,-7.027,0,0.0293,0.114,0.0462,0.116,0.544,113.983,244013,4
2024-05-10 19:42,The Neighbourhood,Cry Baby,235160,the neighbourhood - cry baby,162920,The Neighbourhood,Cry Baby,0EfsDEYaSjGYd66Pr881nq,73,2015,alt-rock,0.581,0.656,4,-4.891,0,0.0294,0.00269,2.78e-06,0.101,0.338,108.033,235160,4
2024-05-10 19:51,The Neighbourhood,Nervous,245000,the neighbourhood - nervous,311055,The Neighbourhood,Nervous,113xf7t4qNM7038YJvauik,67,2018,alt-rock,0.589,0.614,0,-7.528,0,0.0426,0.0213,0.165,0.31,0.318,119.837,245000,4
2024-05-10 19:55,The Neighbourhood,Scary Love,222666,the neighbourhood - scary love,311068,The Neighbourhood,Scary Love,6TA5aymvVrtiPVbuAwmPIc,65,2018,alt-rock,0.595,0.636,5,-5.981,0,0.0312,9.45e-05,0.0529,0.196,0.147,112.008,222667,4
2024-05-10 19:58,Arctic Monkeys,Stop The World I Wanna Get Off With You,191040,arctic monkeys - stop the world i wanna get off with you,77598,Arctic Monkeys,Stop The World I Wanna Get Off With You,2QUlMbvD9bL8wHqfsoqoet,69,2013,garage,0.661,0.73,6,-6.779,0,0.0574,0.0537,3.44e-05,0.14,0.53,95.027,191040,4
2024-05-10 20:04,Cigarettes After Sex,Pure,254626,cigarettes after sex - pure,368590,Cigarettes After Sex,Pure,5EYkide3NzE6gDIHvd4Pvz,53,2019,ambient,0.521,0.211,6,-13.489,0,0.0324,0.544,0.836,0.101,0.0412,134.285,254627,3
2024-05-10 20:07,The Neighbourhood,Void,203666,the neighbourhood - void,311061,The Neighbourhood,Void,2wXioTynVwrEWYRv6R6vEj,66,2018,alt-rock,0.534,0.582,5,-7.912,1,0.0401,0.047,0.0328,0.0883,0.346,84.183,203667,4
2024-05-10 20:11,Chase Atlantic,Right Here,235000,chase atlantic - right here,293542,Chase Atlantic,Right Here,2KtS31kaWNHs12Q5B43Ixh,70,2017,pop,0.351,0.587,6,-6.413,1,0.0413,0.00516,1.87e-05,0.121,0.221,159.881,235000,4
2024-05-10 23:57,Chase Atlantic,Numb to the Feeling,19270,chase atlantic - numb to the feeling,350308,Chase Atlantic,Numb to the Feeling,102cCjW3CnC3sws3qOhie8,63,2018,pop,0.695,0.737,5,-5.75,0,0.122,0.232,0.0,0.136,0.248,129.999,227587,4
2024-05-10 23:57,Cigarettes After Sex,Truly,244110,cigarettes after sex - truly,255760,Cigarettes After Sex,Truly,6qwEx0TQJMEqvQdN8hRZDx,57,2017,ambient,0.44,0.387,4,-9.792,1,0.0279,0.148,0.559,0.0844,0.267,96.556,243640,4
2024-05-11 00:12,Lana Del Rey,Diet Mountain Dew,222920,lana del rey - diet mountain dew,40357,Lana Del Rey,Diet Mountain Dew,6BFnRhvKCclDQOajt8dBGi,67,2012,pop,0.442,0.68,10,-5.971,0,0.0858,0.284,0.0,0.421,0.601,176.09,222920,4
2024-05-11 00:14,Sasha Alex Sloan,Dancing With Your Ghost,15893,sasha alex sloan - dancing with your ghost,384327,Sasha Alex Sloan,Dancing With Your Ghost,1TQXIltqoZ5XXyfCbAeSQQ,78,2019,electro,0.629,0.328,11,-8.284,1,0.029,0.768,2.5e-05,0.103,0.389,74.953,197732,4
2024-05-11 00:19,Lana Del Rey,Cinnamon Girl,300683,lana del rey - cinnamon girl,406385,Lana Del Rey,Cinnamon Girl,2mdEsXPu8ZmkHRRtAdC09e,79,2019,pop,0.294,0.337,6,-10.614,0,0.036,0.814,0.414,0.14,0.135,91.781,300683,5
2024-05-11 00:22,Olivia Rodrigo,"jealousy, jealousy",173160,"olivia rodrigo - jealousy, jealousy",515579,Olivia Rodrigo,"jealousy, jealousy",0MMyJUC3WNnFS1lit5pTjk,80,2021,pop,0.695,0.575,10,-6.334,0,0.116,0.198,0.0,0.0614,0.699,163.929,173160,4
2024-05-11 00:24,beabadoobee,Glue Song,135066,beabadoobee - glue song,606469,beabadoobee,Glue Song,3iBgrkexCzVuPy4O9vx7Mf,82,2023,indie-pop,0.62,0.409,1,-10.146,1,0.0282,0.77,0.0542,0.105,0.582,113.946,135067,3
2024-05-11 00:28,Taylor Swift,All Of The Girls You Loved Before,221407,taylor swift - all of the girls you loved before,406371,Taylor Swift,All Of The Girls You Loved Before,4P9Q0GojKVXpRTJCaL3kyy,82,2019,pop,0.718,0.467,2,-9.66,1,0.0398,0.707,6.92e-05,0.126,0.396,95.96,221407,3
2024-05-11 00:34,Clairo,Sofia,26418,clairo - sofia,399069,Clairo,Sofia,7B3z0ySL9Rr0XvZEAjWZzM,78,2019,indie-pop,0.744,0.619,0,-9.805,1,0.039,0.598,0.00372,0.231,0.641,112.997,188387,4
2024-05-11 00:39,7!!,オレンジ,350106,7!! - オレンジ,297466,7!!,オレンジ,1iOQmZULzzkDN1hQZNoDii,49,2017,rock,0.4,0.563,7,-4.023,1,0.0319,0.194,0.0,0.162,0.311,172.027,350107,4
2024-05-11 00:47,Taylor Swift,illicit affairs,74280,taylor swift - illicit affairs,462035,Taylor Swift,illicit affairs,2NmsngXHeC1GQ9wWrzhOMf,71,2020,pop,0.559,0.31,10,-10.445,1,0.0338,0.881,0.0,0.106,0.46,119.845,190898,4
2024-05-11 00:52,Djo,End of Beginning,11490,djo - end of beginning,569335,Djo,End of Beginning,3qhlB30KknSejmIvZZLjOD,66,2022,pop,0.689,0.454,2,-7.643,1,0.0584,0.0351,0.00259,0.0707,0.912,159.982,159246,4
2024-05-11 00:54,Arctic Monkeys,Why'd You Only Call Me When You're High?,161123,arctic monkeys - why'd you only call me when you're high?,77592,Arctic Monkeys,Why'd You Only Call Me When You're High?,086myS9r57YsLbJpU0TgK9,85,2013,garage,0.691,0.631,2,-6.478,1,0.0368,0.0483,1.13e-05,0.104,0.8,92.004,161124,4
2024-05-11 00:58,The Neighbourhood,Sweater Weather,240400,the neighbourhood - sweater weather,1800,The Neighbourhood,Sweater Weather,4pGqFOfzvfe6avb9kbZicC,60,2012,alt-rock,0.695,0.615,7,-5.325,0,0.042,0.15,0.000212,0.0879,0.414,124.015,240040,4
2024-05-11 01:02,Cigarettes After Sex,Sunsetz,215150,cigarettes after sex - sunsetz,255747,Cigarettes After Sex,Sunsetz,69UqtTHfUKAJweQwEStRzC,77,2017,ambient,0.412,0.477,9,-9.381,0,0.029,0.0542,0.798,0.0975,0.141,75.302,214680,4
2024-05-11 01:06,The Neighbourhood,Baby Came Home,226880,the neighbourhood - baby came home,1880,The Neighbourhood,Baby Came Home,3ypXE4brttsQR3OLLZbLZB,50,2012,alt-rock,0.639,0.571,0,-5.766,1,0.0284,0.0127,0.00283,0.0963,0.273,113.037,226893,4
2024-05-11 01:18,Cigarettes After Sex,Opera House,365150,cigarettes after sex - opera house,255753,Cigarettes After Sex,Opera House,0syIc2ocYBIKASFqifvwRz,63,2017,ambient,0.319,0.293,5,-14.145,1,0.0378,0.734,0.85,0.0971,0.0689,115.481,364680,4
2024-05-11 01:29,Arctic Monkeys,Baby I'm Yours,152613,arctic monkeys - baby i'm yours,1076412,Arctic Monkeys,Baby I'm Yours,6FLqFu1ApSkUddZ9P4H6Io,58,2006,garage,0.462,0.595,2,-9.363,1,0.0347,0.215,0.0,0.184,0.64,113.719,152613,4
2024-05-11 01:34,Arctic Monkeys,I Wanna Be Yours,183956,arctic monkeys - i wanna be yours,77591,Arctic Monkeys,I Wanna Be Yours,5XeFesFbtLpXzIVDNQP22n,91,2013,garage,0.464,0.417,0,-9.345,0,0.0256,0.136,0.022,0.0974,0.479,67.528,183956,4
2024-05-11 01:40,Cigarettes After Sex,K.,320030,cigarettes after sex - k.,215605,Cigarettes After Sex,K.,36Zs84njjWZD3TGYE77WPC,47,2016,ambient,0.454,0.404,3,-10.26,1,0.027,0.146,0.819,0.141,0.313,94.113,319560,4
2024-05-11 01:48,Cigarettes After Sex,Apocalypse,290616,cigarettes after sex - apocalypse,255746,Cigarettes After Sex,Apocalypse,3AVrVz5rK8Hrqo9YGiVGN5,81,2017,ambient,0.369,0.467,5,-9.018,1,0.0274,0.0194,0.46,0.109,0.174,94.473,290147,4
2024-05-13 18:42,Arctic Monkeys,Stop The World I Wanna Get Off With You,191040,arctic monkeys - stop the world i wanna get off with you,77598,Arctic Monkeys,Stop The World I Wanna Get Off With You,2QUlMbvD9bL8wHqfsoqoet,69,2013,garage,0.661,0.73,6,-6.779,0,0.0574,0.0537,3.44e-05,0.14,0.53,95.027,191040,4
2024-05-13 18:47,Chase Atlantic,HER,169720,chase atlantic - her,406529,Chase Atlantic,HER,5i7g9wTIruXgWKvA83BXlk,64,2019,pop,0.706,0.586,5,-5.404,0,0.066,0.106,5.43e-06,0.169,0.689,139.984,169714,4
2024-05-13 18:51,The Neighbourhood,The Beach,255133,the neighbourhood - the beach,162917,The Neighbourhood,The Beach,2u0CelO5c81XS7z3dGpHbS,75,2015,alt-rock,0.245,0.64,2,-7.426,0,0.0608,0.131,8.11e-06,0.0766,0.105,135.739,255133,4
2024-05-13 19:08,Chase Atlantic,Swim,228786,chase atlantic - swim,293479,Chase Atlantic,Swim,3M0lSi5WW79CXQamgSBIjx,80,2017,pop,0.666,0.542,8,-6.429,1,0.0392,0.27,0.0,0.0765,0.0771,120.134,228787,4
2024-05-13 19:12,Chase Atlantic,Meddle About,203886,chase atlantic - meddle about,197593,Chase Atlantic,Meddle About,1x5gfSHfhWpMFKKqbuDe9G,68,2015,pop,0.387,0.797,4,-6.41,0,0.052,0.00404,0.0108,0.314,0.369,159.897,203886,4
2024-05-13 19:16,Chase Atlantic,HEAVEN AND BACK,248240,chase atlantic - heaven and back,406526,Chase Atlantic,HEAVEN AND BACK,5dewQ7ojISR32NAYNHFYWC,66,2019,pop,0.309,0.793,10,-6.195,0,0.0774,0.0902,0.092,0.0888,0.532,193.714,248240,4
2024-05-13 19:23,The Neighbourhood,Alleyways,267853,the neighbourhood - alleyways,56435,The Neighbourhood,Alleyways,4V37tyDu9CtqYshvrgLke4,59,2013,alt-rock,0.622,0.831,5,-4.819,0,0.0273,0.00102,0.803,0.119,0.363,101.03,267853,4
2024-05-13 19:34,The Neighbourhood,Daddy Issues,260173,the neighbourhood - daddy issues,162916,The Neighbourhood,Daddy Issues,5E30LdtzQTGqRvNd7l6kG5,84,2015,alt-rock,0.588,0.521,10,-9.461,1,0.0329,0.0678,0.149,0.123,0.337,85.012,260173,4
2024-05-13 20:07,The Neighbourhood,Reflections,244013,the neighbourhood - reflections,311045,The Neighbourhood,Reflections,2xql0pid3EUwW38AsywxhV,77,2018,alt-rock,0.648,0.594,11,-7.027,0,0.0293,0.114,0.0462,0.116,0.544,113.983,244013,4
2024-05-13 20:19,Cigarettes After Sex,Truly,244110,cigarettes after sex - truly,255760,Cigarettes After Sex,Truly,6qwEx0TQJMEqvQdN8hRZDx,57,2017,ambient,0.44,0.387,4,-9.792,1,0.0279,0.148,0.559,0.0844,0.267,96.556,243640,4
2024-05-13 21:26,The Neighbourhood,Leaving Tonight,146178,the neighbourhood - leaving tonight,1840,The Neighbourhood,Leaving Tonight,6C0T7QMpmeDoDkke32Ctqb,54,2012,alt-rock,0.566,0.681,9,-5.443,0,0.0299,0.0149,0.0,0.104,0.187,119.916,203880,4
2024-05-13 21:27,The Neighbourhood,Leaving Tonight,57692,the neighbourhood - leaving tonight,1840,The Neighbourhood,Leaving Tonight,6C0T7QMpmeDoDkke32Ctqb,54,2012,alt-rock,0.566,0.681,9,-5.443,0,0.0299,0.0149,0.0,0.104,0.187,119.916,203880,4
2024-05-13 21:33,Arctic Monkeys,Cornerstone,197973,arctic monkeys - cornerstone,1286929,Arctic Monkeys,Cornerstone,3MC4XRbQADJdW9IIIwbe2u,53,2009,garage,0.287,0.721,9,-5.81,1,0.0387,0.00764,0.0,0.328,0.763,169.252,197973,4
2024-05-13 23:38,Cigarettes After Sex,John Wayne,180710,cigarettes after sex - john wayne,255750,Cigarettes After Sex,John Wayne,5IonbH68pmDKBwcKlyswmR,65,2017,ambient,0.429,0.457,3,-8.375,1,0.0294,0.35,0.859,0.099,0.183,124.033,258013,4
2024-05-13 23:40,Cigarettes After Sex,John Wayne,77773,cigarettes after sex - john wayne,255750,Cigarettes After Sex,John Wayne,5IonbH68pmDKBwcKlyswmR,65,2017,ambient,0.429,0.457,3,-8.375,1,0.0294,0.35,0.859,0.099,0.183,124.033,258013,4
2024-05-13 23:45,The Neighbourhood,Cry Baby,235160,the neighbourhood - cry baby,162920,The Neighbourhood,Cry Baby,0EfsDEYaSjGYd66Pr881nq,73,2015,alt-rock,0.581,0.656,4,-4.891,0,0.0294,0.00269,2.78e-06,0.101,0.338,108.033,235160,4
2024-05-13 23:52,The Neighbourhood,Fallen Star,224938,the neighbourhood - fallen star,478403,The Neighbourhood,Fallen Star,60F6pgM6H6miNr5AmjxwjL,68,2021,alt-rock,0.603,0.551,10,-6.259,0,0.0304,0.0696,0.0976,0.192,0.439,75.001,224939,4
2024-05-13 23:54,Arctic Monkeys,505,20957,arctic monkeys - 505,1145378,Arctic Monkeys,505,58ge6dfP91o9oXMzq3XkIS,80,2007,garage,0.52,0.852,0,-5.866,1,0.0543,0.00237,5.79e-05,0.0733,0.234,140.267,253587,4
2024-05-13 23:54,The Neighbourhood,Reflections,6260,the neighbourhood - reflections,311045,The Neighbourhood,Reflections,2xql0pid3EUwW38AsywxhV,77,2018,alt-rock,0.648,0.594,11,-7.027,0,0.0293,0.114,0.0462,0.116,0.544,113.983,244013,4
2024-05-13 23:58,Laufey,Fragile,241080,laufey - fragile,577950,Laufey,Fragile,608wYP5XWenLz8cOSYjX7X,59,2022,singer-songwriter,0.361,0.413,3,-12.43,1,0.065,0.931,0.000179,0.231,0.336,149.301,241080,4
2024-05-14 00:02,Ellie Goulding,My Blood,234184,ellie goulding - my blood,12165,Ellie Goulding,My Blood,6knYNyQupBIbBxV8TMOMYM,58,2012,dance,0.476,0.592,9,-5.283,0,0.029,0.556,0.0,0.281,0.306,87.003,234185,4
2024-05-14 00:10,Olivia Rodrigo,"All I Want - From ""High School Musical: The Musical: The Series""",177322,"olivia rodrigo - all i want - from ""high school musical: the musical: the series""",406403,Olivia Rodrigo,"All I Want - From ""High School Musical: The Musical: The Series""",4Yxc55NX3tAXC2mHRAhtcW,76,2019,pop,0.376,0.43,0,-6.585,0,0.0328,0.0902,0.0,0.0912,0.129,77.599,177323,3
2024-05-14 00:13,Melanie Martinez,Play Date,179867,melanie martinez - play date,175403,Melanie Martinez,Play Date,4DpNNXFMMxQEKl7r0ykkWA,76,2015,electro,0.68,0.729,5,-5.077,1,0.0475,0.612,0.0,0.224,0.446,123.97,179867,4
2024-05-14 00:22,Selena Gomez,Fetish (feat. Gucci Mane),186112,selena gomez - fetish (feat. gucci mane),264809,Selena Gomez,Fetish (feat. Gucci Mane),4lnAN2S1fcI0SjxEbksZVr,71,2017,dance,0.708,0.618,2,-4.424,1,0.0592,0.0204,6.81e-06,0.062,0.265,123.013,186113,4
2024-05-14 00:23,Olivia Rodrigo,deja vu,4040,olivia rodrigo - deja vu,515572,Olivia Rodrigo,deja vu,6HU7h9RYOaPRFeh0R3UeAr,83,2021,pop,0.442,0.612,2,-7.222,1,0.112,0.584,5.7e-06,0.37,0.178,180.917,215507,4
2024-05-14 00:27,Taylor Swift,cardigan,239560,taylor swift - cardigan,461996,Taylor Swift,cardigan,4R2kfaDFhslZEMJqAFNpdd,84,2020,pop,0.613,0.581,0,-8.588,0,0.0424,0.537,0.000345,0.25,0.551,130.033,239560,4
2024-05-14 00:34,Taylor Swift,I Knew You Were Trouble (Taylor's Version),4591,taylor swift - i knew you were trouble (taylor's version),515618,Taylor Swift,I Knew You Were Trouble (Taylor's Version),6AtZLIzUINvExIUy4QhdjP,72,2021,pop,0.584,0.557,6,-6.371,1,0.0342,0.0129,0.0,0.0576,0.767,154.008,219760,4
2024-05-14 00:34,Laufey,Valentine,168906,laufey - valentine,577935,Laufey,Valentine,6cx5CvFhqN19efStehJqoW,72,2022,singer-songwriter,0.472,0.204,3,-13.065,1,0.0452,0.917,0.0,0.107,0.224,82.51,168907,4
2024-05-14 00:37,Sabrina Carpenter,Looking at Me,181120,sabrina carpenter - looking at me,377696,Sabrina Carpenter,Looking at Me,59tskctgqUmjCWAwhzYAFm,71,2019,dance,0.681,0.798,2,-4.367,1,0.0375,0.00398,5.11e-06,0.0542,0.516,105.99,181120,4
2024-05-14 01:00,Melanie Martinez,Dollhouse,8074,melanie martinez - dollhouse,126365,Melanie Martinez,Dollhouse,3deFSRUdM7JC8P1Fi6r0rY,43,2014,electro,0.725,0.708,5,-5.331,0,0.0756,0.22,0.0,0.777,0.555,130.029,231853,4
2024-05-14 01:00,Olivia Rodrigo,"jealousy, jealousy",1200,"olivia rodrigo - jealousy, jealousy",515579,Olivia Rodrigo,"jealousy, jealousy",0MMyJUC3WNnFS1lit5pTjk,80,2021,pop,0.695,0.575,10,-6.334,0,0.116,0.198,0.0,0.0614,0.699,163.929,173160,4
2024-05-14 01:00,Kali Uchis,Moonlight,3500,kali uchis - moonlight,612537,Kali Uchis,Moonlight,2i2gDpKKWjvnRTOZRhaPh2,78,2023,pop,0.639,0.723,7,-6.462,0,0.0532,0.511,0.0,0.167,0.878,136.872,187558,4
2024-05-14 01:00,Charlie Puth,We Don't Talk Anymore (feat. Selena Gomez),1500,charlie puth - we don't talk anymore (feat. selena gomez),224459,Charlie Puth,We Don't Talk Anymore (feat. Selena Gomez),37FXw5QGFN7uwwsLy8uAc0,68,2016,dance,0.728,0.563,1,-8.053,0,0.134,0.621,0.0,0.179,0.352,100.017,217707,4
2024-05-14 01:04,Taylor Swift,The Way I Loved You (Taylor’s Version),243136,taylor swift - the way i loved you (taylor’s version),515593,Taylor Swift,The Way I Loved You (Taylor’s Version),22bPsP2jCgbLUvh82U0Z3M,78,2021,pop,0.402,0.732,5,-4.665,1,0.0484,0.0033,0.0,0.108,0.472,161.032,243137,4
2024-05-14 17:37,Taylor Swift,Don’t Blame Me,55554,taylor swift - don’t blame me,293464,Taylor Swift,Don’t Blame Me,1R0a2iXumgCiFb7HEZ7gUE,85,2017,pop,0.615,0.534,9,-6.719,0,0.0386,0.106,1.76e-05,0.0607,0.193,135.917,236413,4
2024-05-14 17:41,Taylor Swift,Don’t Blame Me,180860,taylor swift - don’t blame me,293464,Taylor Swift,Don’t Blame Me,1R0a2iXumgCiFb7HEZ7gUE,85,2017,pop,0.615,0.534,9,-6.719,0,0.0386,0.106,1.76e-05,0.0607,0.193,135.917,236413,4
2024-05-14 17:58,Lana Del Rey,Diet Mountain Dew,222920,lana del rey - diet mountain dew,40357,Lana Del Rey,Diet Mountain Dew,6BFnRhvKCclDQOajt8dBGi,67,2012,pop,0.442,0.68,10,-5.971,0,0.0858,0.284,0.0,0.421,0.601,176.09,222920,4
2024-05-14 18:08,Taylor Swift,Anti-Hero,200690,taylor swift - anti-hero,569187,Taylor Swift,Anti-Hero,0V3wPSX9ygBnCm8psDIegu,92,2022,pop,0.637,0.643,4,-6.571,1,0.0519,0.13,1.8e-06,0.142,0.533,97.008,200690,4
2024-05-14 18:12,Lana Del Rey,Radio,214573,lana del rey - radio,40378,Lana Del Rey,Radio,4PMdq7Q7xOFrY424ZelZEb,59,2012,pop,0.423,0.857,2,-5.173,1,0.0687,0.188,2.63e-05,0.105,0.196,75.024,214574,4
2024-05-14 18:20,Taylor Swift,Midnight Rain,174782,taylor swift - midnight rain,569203,Taylor Swift,Midnight Rain,3rWDp9tBPQR9z6U5YyRSK4,83,2022,pop,0.643,0.363,0,-11.738,1,0.0767,0.69,5.17e-05,0.115,0.23,139.865,174783,4
2024-05-14 18:27,Lana Del Rey,Chemtrails Over The Country Club,271176,lana del rey - chemtrails over the country club,515662,Lana Del Rey,Chemtrails Over The Country Club,7bPWdJgx8vek7S5i5yAtvG,70,2021,pop,0.334,0.276,4,-13.125,0,0.0643,0.877,0.000249,0.113,0.429,201.025,271177,3
2024-05-14 18:29,James Arthur,Car's Outside,2040,james arthur - car's outside,406437,James Arthur,Car's Outside,0otRX6Z89qKkHkQ9OqJpKt,81,2019,pop,0.338,0.562,9,-7.181,1,0.029,0.039,0.0,0.107,0.259,149.907,248373,4
2024-05-14 18:29,Conan Gray,Heather,7930,conan gray - heather,461994,Conan Gray,Heather,4xqrdfXkTW4T0RauPLv3WA,85,2020,pop,0.357,0.425,5,-7.301,1,0.0333,0.584,0.0,0.322,0.27,102.078,198040,3
2024-05-14 18:29,Olivia Rodrigo,"All I Want - From ""High School Musical: The Musical: The Series""",17888,"olivia rodrigo - all i want - from ""high school musical: the musical: the series""",406403,Olivia Rodrigo,"All I Want - From ""High School Musical: The Musical: The Series""",4Yxc55NX3tAXC2mHRAhtcW,76,2019,pop,0.376,0.43,0,-6.585,0,0.0328,0.0902,0.0,0.0912,0.129,77.599,177323,3
2024-05-14 18:32,Doja Cat,Kiss Me More (feat. SZA),208666,doja cat - kiss me more (feat. sza),487896,Doja Cat,Kiss Me More (feat. SZA),3DarAbFujv6eYNliUTyqtz,80,2021,dance,0.764,0.705,8,-3.463,1,0.0284,0.259,8.92e-05,0.12,0.781,110.97,208667,4
2024-05-14 18:36,Taylor Swift,Love Story,235266,taylor swift - love story,1238481,Taylor Swift,Love Story,1vrd6UOGamcKNGnSHJQlSt,67,2008,pop,0.618,0.741,2,-3.95,1,0.031,0.17,0.0,0.0822,0.296,118.984,235267,4
2024-05-14 18:39,Olivia Rodrigo,happier,175933,olivia rodrigo - happier,515580,Olivia Rodrigo,happier,2tGvwE8GcFKwNdAXMnlbfl,82,2021,pop,0.395,0.443,6,-9.72,1,0.133,0.765,9.67e-06,0.0839,0.338,168.924,175933,3
2024-05-14 18:46,Taylor Swift,Back To December,293026,taylor swift - back to december,1380399,Taylor Swift,Back To December,3DrjZArsPsoqbLzUZZV1Id,67,2010,pop,0.529,0.67,2,-4.663,1,0.0303,0.117,0.0,0.334,0.286,141.893,293027,4
2024-05-14 18:51,Taylor Swift,Fearless (Taylor’s Version),241591,taylor swift - fearless (taylor’s version),515625,Taylor Swift,Fearless (Taylor’s Version),77sMIMlNaSURUAXq5coCxE,71,2021,pop,0.569,0.741,5,-4.963,1,0.0282,0.0122,0.0,0.333,0.43,100.118,241592,4
2024-05-14 18:53,SZA,Kill Bill,153946,sza - kill bill,569184,SZA,Kill Bill,1Qrg8KqiBpW07V7PNxwwwL,94,2022,pop,0.644,0.735,8,-5.747,1,0.0391,0.0521,0.144,0.161,0.418,88.98,153947,4
2024-05-14 19:00,Lana Del Rey,Million Dollar Man,230120,lana del rey - million dollar man,40394,Lana Del Rey,Million Dollar Man,4lXHVnmDO5u62tGJIpTafd,53,2012,pop,0.382,0.589,6,-5.991,1,0.0359,0.484,0.0,0.131,0.511,65.627,231574,4
2024-05-14 19:05,Arctic Monkeys,I Wanna Be Yours,62118,arctic monkeys - i wanna be yours,77591,Arctic Monkeys,I Wanna Be Yours,5XeFesFbtLpXzIVDNQP22n,91,2013,garage,0.464,0.417,0,-9.345,0,0.0256,0.136,0.022,0.0974,0.479,67.528,183956,4
2024-05-14 19:09,Taylor Swift,Style,231000,taylor swift - style,146766,Taylor Swift,Style,4lIxdJw6W3Fg4vUIYCB0S5,74,2014,pop,0.598,0.786,2,-5.572,1,0.0383,0.00253,0.0016,0.117,0.456,95.019,231000,4
2024-05-14 19:17,Lana Del Rey,West Coast,256760,lana del rey - west coast,146772,Lana Del Rey,West Coast,5Y6nVaayzitvsD5F7nr3DV,81,2014,pop,0.527,0.591,6,-7.664,0,0.0396,0.194,0.0194,0.0907,0.461,123.167,256760,4
2024-05-14 19:28,Joji,Glimpse of Us,233456,joji - glimpse of us,569204,Joji,Glimpse of Us,6xGruZOHLs39ZbVccQTuPZ,85,2022,pop,0.44,0.317,8,-9.258,1,0.0531,0.891,4.78e-06,0.141,0.268,169.914,233456,3
2024-05-14 23:35,Taylor Swift,We Are Never Ever Getting Back Together,9625,taylor swift - we are never ever getting back together,40360,Taylor Swift,We Are Never Ever Getting Back Together,0VwNdo84DaVYLIkbVO86ND,74,2012,pop,0.628,0.676,7,-5.911,1,0.0916,0.00957,2.65e-05,0.121,0.75,85.984,193147,4
2024-05-14 23:39,Taylor Swift,I Knew You Were Trouble (Taylor's Version),219760,taylor swift - i knew you were trouble (taylor's version),515618,Taylor Swift,I Knew You Were Trouble (Taylor's Version),6AtZLIzUINvExIUy4QhdjP,72,2021,pop,0.584,0.557,6,-6.371,1,0.0342,0.0129,0.0,0.0576,0.767,154.008,219760,4
2024-05-14 23:42,Conan Gray,Memories,3540,conan gray - memories,569229,Conan Gray,Memories,5UXJzLFdBn6u9FJTCnoHrH,81,2022,pop,0.34,0.684,11,-6.306,1,0.044,0.00979,0.0,0.348,0.556,112.969,248819,4
2024-05-14 23:46,Arctic Monkeys,Cornerstone,197973,arctic monkeys - cornerstone,1286929,Arctic Monkeys,Cornerstone,3MC4XRbQADJdW9IIIwbe2u,53,2009,garage,0.287,0.721,9,-5.81,1,0.0387,0.00764,0.0,0.328,0.763,169.252,197973,4
2024-05-14 23:51,Cigarettes After Sex,Apocalypse,290616,cigarettes after sex - apocalypse,255746,Cigarettes After Sex,Apocalypse,3AVrVz5rK8Hrqo9YGiVGN5,81,2017,ambient,0.369,0.467,5,-9.018,1,0.0274,0.0194,0.46,0.109,0.174,94.473,290147,4
2024-05-14 23:55,Cigarettes After Sex,Starry Eyes,206000,cigarettes after sex - starry eyes,2728,Cigarettes After Sex,Starry Eyes,2xfRDWDKOisEXgRnYI58Tb,59,2012,ambient,0.425,0.363,2,-15.32,1,0.0322,0.448,0.321,0.0685,0.12,100.426,206000,4
2024-05-15 00:04,The Neighbourhood,W.D.Y.W.F.M?,259413,the neighbourhood - w.d.y.w.f.m?,56407,The Neighbourhood,W.D.Y.W.F.M?,3vooOYHU0Fi3ViCG7Ozh0Y,65,2013,alt-rock,0.557,0.845,8,-2.926,0,0.0346,0.0303,0.00851,0.354,0.508,123.997,259413,4
2024-05-15 00:07,Chase Atlantic,Numb to the Feeling,227586,chase atlantic - numb to the feeling,350308,Chase Atlantic,Numb to the Feeling,102cCjW3CnC3sws3qOhie8,63,2018,pop,0.695,0.737,5,-5.75,0,0.122,0.232,0.0,0.136,0.248,129.999,227587,4
2024-05-15 00:12,The Neighbourhood,Nervous,245000,the neighbourhood - nervous,311055,The Neighbourhood,Nervous,113xf7t4qNM7038YJvauik,67,2018,alt-rock,0.589,0.614,0,-7.528,0,0.0426,0.0213,0.165,0.31,0.318,119.837,245000,4
2024-05-15 00:17,The Neighbourhood,Scary Love,222666,the neighbourhood - scary love,311068,The Neighbourhood,Scary Love,6TA5aymvVrtiPVbuAwmPIc,65,2018,alt-rock,0.595,0.636,5,-5.981,0,0.0312,9.45e-05,0.0529,0.196,0.147,112.008,222667,4
2024-05-15 00:21,Arctic Monkeys,Do I Wanna Know?,272394,arctic monkeys - do i wanna know?,77593,Arctic Monkeys,Do I Wanna Know?,5FVd6KXrgO9B3JPmC8OPst,86,2013,garage,0.548,0.532,5,-7.596,1,0.0323,0.186,0.000263,0.217,0.405,85.03,272394,4
2024-05-15 18:38,Taylor Swift,Safe & Sound - from The Hunger Games Soundtrack,240066,taylor swift - safe & sound - from the hunger games soundtrack,40377,Taylor Swift,Safe & Sound - from The Hunger Games Soundtrack,0z9UVN8VBHJ9HdfYsOuuNf,64,2012,pop,0.471,0.3,7,-10.807,1,0.028,0.883,1.05e-05,0.0698,0.289,144.319,240067,4
2024-05-15 18:42,Taylor Swift,We Are Never Ever Getting Back Together,150077,taylor swift - we are never ever getting back together,40360,Taylor Swift,We Are Never Ever Getting Back Together,0VwNdo84DaVYLIkbVO86ND,74,2012,pop,0.628,0.676,7,-5.911,1,0.0916,0.00957,2.65e-05,0.121,0.75,85.984,193147,4
2024-05-15 19:12,Daniel Paterok,Melancholia,106457,daniel paterok - melancholia,261279,Daniel Paterok,Melancholia,4QjZUrgNRTOrpM3kp2ghZq,39,2017,classical,0.287,0.0655,8,-19.57,0,0.0408,0.985,0.91,0.109,0.0768,80.325,209922,5
2024-05-15 19:16,Taylor Swift,Karma,204852,taylor swift - karma,569212,Taylor Swift,Karma,7KokYm8cMIXCsGVmUvKtqf,80,2022,pop,0.642,0.62,8,-7.091,1,0.0666,0.0734,0.0,0.483,0.0969,90.02,204852,4
2024-05-15 19:21,YOASOBI,夜に駆ける,261013,yoasobi - 夜に駆ける,406467,YOASOBI,夜に駆ける,3dPtXHP0oXQ4HCWHsOA9js,73,2019,pop,0.67,0.874,8,-5.221,1,0.0305,0.00231,1.72e-05,0.3,0.789,130.041,261013,4
2024-05-15 19:25,Ikimonogakari,熱情のスペクトラム,223613,ikimonogakari - 熱情のスペクトラム,1097529,Ikimonogakari,熱情のスペクトラム,1p0WZg4NXoNVGj2AuoLJe7,61,2006,pop,0.479,0.902,11,-2.665,0,0.0439,0.0593,0.0,0.394,0.748,159.975,223613,4
2024-05-15 19:29,YOASOBI,怪物,206000,yoasobi - 怪物,515751,YOASOBI,怪物,06XQvnJb53SUYmlWIhUXUi,68,2021,pop,0.627,0.824,1,-3.419,1,0.118,0.0699,6.57e-05,0.31,0.774,169.935,206000,4
2024-05-15 19:32,Yuko Ando,Shogeki,181594,yuko ando - shogeki,470170,Yuko Ando,Shogeki,5QwAdWCnauw0GpDzM3glrO,59,2020,singer-songwriter,0.399,0.723,11,-4.507,1,0.0681,0.124,0.0,0.352,0.22,137.032,181595,4
2024-05-15 19:56,SiM,The Rumbling (TV Size),90265,sim - the rumbling (tv size),564991,SiM,The Rumbling (TV Size),0KCSJzsQVxkloxoT7dyrqV,64,2022,metal,0.408,0.875,8,-1.536,1,0.0546,1.68e-05,0.000101,0.264,0.646,144.975,90266,4
2024-05-15 20:01,UVERworld,Touch off,258706,uverworld - touch off,410209,UVERworld,Touch off,7CSTVNXkW2AbmNktlP1hi2,60,2019,rock,0.411,0.894,4,-3.815,0,0.0465,2.36e-05,0.000447,0.447,0.195,99.607,258707,4
2024-05-15 23:27,Djo,End of Beginning,116199,djo - end of beginning,569335,Djo,End of Beginning,3qhlB30KknSejmIvZZLjOD,66,2022,pop,0.689,0.454,2,-7.643,1,0.0584,0.0351,0.00259,0.0707,0.912,159.982,159246,4
2024-05-15 23:27,Cigarettes After Sex,Opera House,11810,cigarettes after sex - opera house,255753,Cigarettes After Sex,Opera House,0syIc2ocYBIKASFqifvwRz,63,2017,ambient,0.319,0.293,5,-14.145,1,0.0378,0.734,0.85,0.0971,0.0689,115.481,364680,4
2024-05-15 23:30,EXID,Up & Down,189882,exid - up & down,142476,EXID,Up & Down,5p1PL2Gz532ziKatpyjSNh,34,2014,k-pop,0.713,0.827,7,-2.666,1,0.0353,0.002,1.36e-06,0.229,0.379,112.011,189883,4
2024-05-15 23:33,Heize,내 맘을 볼 수 있나요,109447,heize - 내 맘을 볼 수 있나요,401257,HEIZE,내 맘을 볼 수 있나요,2oVHb8wyg6oC2iNpGBNvx1,60,2019,k-pop,0.397,0.166,9,-10.678,1,0.0349,0.884,0.0,0.1,0.131,134.708,225786,4
2024-05-15 23:37,Cults,Always Forever,223746,cults - always forever,87537,Cults,Always Forever,2enPRFda84VE2wtI8c86Uf,78,2013,indie-pop,0.174,0.742,8,-5.93,1,0.0485,0.00181,0.281,0.198,0.36,163.378,223747,4
2024-05-15 23:41,Chase Atlantic,Meddle About,203886,chase atlantic - meddle about,197593,Chase Atlantic,Meddle About,1x5gfSHfhWpMFKKqbuDe9G,68,2015,pop,0.387,0.797,4,-6.41,0,0.052,0.00404,0.0108,0.314,0.369,159.897,203886,4
2024-05-15 23:45,Cigarettes After Sex,Pure,254626,cigarettes after sex - pure,368590,Cigarettes After Sex,Pure,5EYkide3NzE6gDIHvd4Pvz,53,2019,ambient,0.521,0.211,6,-13.489,0,0.0324,0.544,0.836,0.101,0.0412,134.285,254627,3
2024-05-16 00:32,Chase Atlantic,Consume (feat. Goon Des Garcons),267920,chase atlantic - consume (feat. goon des garcons),293489,Chase Atlantic,Consume (feat. Goon Des Garcons),0X2bh8NVQ8svDQIn2AdCbW,77,2017,pop,0.556,0.714,9,-5.322,0,0.158,0.07,0.0,0.261,0.434,146.113,267920,4
2024-05-16 00:36,The Neighbourhood,Baby Came Home,226880,the neighbourhood - baby came home,1880,The Neighbourhood,Baby Came Home,3ypXE4brttsQR3OLLZbLZB,50,2012,alt-rock,0.639,0.571,0,-5.766,1,0.0284,0.0127,0.00283,0.0963,0.273,113.037,226893,4
2024-05-16 00:40,Chase Atlantic,Okay,212306,chase atlantic - okay,293566,Chase Atlantic,Okay,492PZFHvGTm3RZZYeeUVWT,67,2017,pop,0.614,0.815,0,-6.784,1,0.131,0.112,0.0,0.121,0.431,130.049,212307,4
2024-05-16 00:49,Chase Atlantic,Church,220000,chase atlantic - church,293564,Chase Atlantic,Church,7bbYT48HWWIbL3YKmtMNzn,68,2017,pop,0.556,0.824,5,-4.539,0,0.0548,0.0109,0.0,0.112,0.292,112.99,220000,4
2024-05-16 01:01,Arctic Monkeys,I Wanna Be Yours,183956,arctic monkeys - i wanna be yours,77591,Arctic Monkeys,I Wanna Be Yours,5XeFesFbtLpXzIVDNQP22n,91,2013,garage,0.464,0.417,0,-9.345,0,0.0256,0.136,0.022,0.0974,0.479,67.528,183956,4
2024-05-16 01:06,The Neighbourhood,The Beach,255133,the neighbourhood - the beach,162917,The Neighbourhood,The Beach,2u0CelO5c81XS7z3dGpHbS,75,2015,alt-rock,0.245,0.64,2,-7.426,0,0.0608,0.131,8.11e-06,0.0766,0.105,135.739,255133,4
2024-05-17 18:20,James Arthur,Car's Outside,40079,james arthur - car's outside,406437,James Arthur,Car's Outside,0otRX6Z89qKkHkQ9OqJpKt,81,2019,pop,0.338,0.562,9,-7.181,1,0.029,0.039,0.0,0.107,0.259,149.907,248373,4
2024-05-17 18:23,James Arthur,Car's Outside,208298,james arthur - car's outside,406437,James Arthur,Car's Outside,0otRX6Z89qKkHkQ9OqJpKt,81,2019,pop,0.338,0.562,9,-7.181,1,0.029,0.039,0.0,0.107,0.259,149.907,248373,4
2024-05-17 18:29,Chase Atlantic,Tidal Wave,243670,chase atlantic - tidal wave,350373,Chase Atlantic,Tidal Wave,2b2lL6iY3x1CSOv7QQbp8R,60,2018,pop,0.599,0.609,4,-5.14,1,0.052,0.565,2.11e-05,0.137,0.383,123.967,243707,4
2024-05-17 18:31,The Neighbourhood,Flawless,173282,the neighbourhood - flawless,56405,The Neighbourhood,Flawless,2Kt1XplPBQBsDKQDa6TssB,68,2013,alt-rock,0.568,0.871,0,-3.453,1,0.0308,0.0553,0.51,0.303,0.374,119.99,246493,4
2024-05-17 18:31,Joji,Glimpse of Us,2820,joji - glimpse of us,569204,Joji,Glimpse of Us,6xGruZOHLs39ZbVccQTuPZ,85,2022,pop,0.44,0.317,8,-9.258,1,0.0531,0.891,4.78e-06,0.141,0.268,169.914,233456,3
2024-05-17 18:37,Gwen Stefani,Luxurious,264920,gwen stefani - luxurious,931096,Gwen Stefani,Luxurious,3UQmoVQJqBYauTZLVPs3uo,62,2004,dance,0.811,0.726,0,-3.995,1,0.0813,0.154,0.0,0.116,0.666,131.027,264920,4
2024-05-17 18:41,Lana Del Rey,Young And Beautiful,236053,lana del rey - young and beautiful,93567,Lana Del Rey,Young And Beautiful,2nMeu6UenVvwUktBCpLMK9,81,2013,pop,0.324,0.416,11,-8.92,0,0.0368,0.262,3.69e-05,0.11,0.151,113.986,236053,4
2024-05-17 18:49,Taylor Swift,I Knew You Were Trouble (Taylor's Version),219760,taylor swift - i knew you were trouble (taylor's version),515618,Taylor Swift,I Knew You Were Trouble (Taylor's Version),6AtZLIzUINvExIUy4QhdjP,72,2021,pop,0.584,0.557,6,-6.371,1,0.0342,0.0129,0.0,0.0576,0.767,154.008,219760,4
2024-05-17 18:58,Taylor Swift,Midnight Rain,174782,taylor swift - midnight rain,569203,Taylor Swift,Midnight Rain,3rWDp9tBPQR9z6U5YyRSK4,83,2022,pop,0.643,0.363,0,-11.738,1,0.0767,0.69,5.17e-05,0.115,0.23,139.865,174783,4
2024-05-17 19:02,Taylor Swift,The Archer,211240,taylor swift - the archer,406406,Taylor Swift,The Archer,3pHkh7d0lzM2AldUtz2x37,73,2019,pop,0.292,0.574,0,-9.375,1,0.0401,0.12,0.00569,0.0663,0.166,124.344,211240,4
2024-05-17 19:06,Taylor Swift,London Boy,190240,taylor swift - london boy,406414,Taylor Swift,London Boy,1LLXZFeAHK9R4xUramtUKw,73,2019,pop,0.695,0.71,1,-6.639,1,0.05,0.0246,0.000104,0.133,0.557,157.925,190240,4
2024-05-17 19:09,Charlie Puth,One Call Away,194453,charlie puth - one call away,224474,Charlie Puth,One Call Away,7soJgKhQTO8hLP2JPRkL5O,64,2016,dance,0.667,0.613,1,-5.353,1,0.0344,0.403,0.0,0.115,0.47,91.024,194453,4
2024-05-17 19:21,Selena Gomez,Fetish (feat. Gucci Mane),1660,selena gomez - fetish (feat. gucci mane),264809,Selena Gomez,Fetish (feat. Gucci Mane),4lnAN2S1fcI0SjxEbksZVr,71,2017,dance,0.708,0.618,2,-4.424,1,0.0592,0.0204,6.81e-06,0.062,0.265,123.013,186113,4
2024-05-17 19:24,Taylor Swift,All Of The Girls You Loved Before,221407,taylor swift - all of the girls you loved before,406371,Taylor Swift,All Of The Girls You Loved Before,4P9Q0GojKVXpRTJCaL3kyy,82,2019,pop,0.718,0.467,2,-9.66,1,0.0398,0.707,6.92e-05,0.126,0.396,95.96,221407,3
2024-05-17 19:34,Lana Del Rey,Chemtrails Over The Country Club,271176,lana del rey - chemtrails over the country club,515662,Lana Del Rey,Chemtrails Over The Country Club,7bPWdJgx8vek7S5i5yAtvG,70,2021,pop,0.334,0.276,4,-13.125,0,0.0643,0.877,0.000249,0.113,0.429,201.025,271177,3
2024-05-17 19:53,Ruth B.,Dandelions,233720,ruth b. - dandelions,293465,Ruth B.,Dandelions,2eAvDnpXP5W0cVtiI0PUxV,87,2017,pop,0.609,0.692,1,-2.958,1,0.0259,0.0157,0.0,0.0864,0.454,116.959,233720,3
2024-05-17 19:57,Taylor Swift,my tears ricochet,255893,taylor swift - my tears ricochet,462020,Taylor Swift,my tears ricochet,1MgV7FIyNxIG7WzMRJV5HC,74,2020,pop,0.456,0.263,0,-10.63,1,0.0332,0.806,0.0,0.0749,0.111,129.86,255894,4
2024-05-17 20:01,Mitski,I Bet on Losing Dogs,170240,mitski - i bet on losing dogs,245686,Mitski,I Bet on Losing Dogs,2Co0IjcLTSHMtodwD4gzfg,73,2016,indie-pop,0.398,0.493,9,-9.561,1,0.0303,0.00347,0.000157,0.106,0.412,82.048,170240,4
2024-05-17 20:05,Lana Del Rey,Pretty When You Cry,234146,lana del rey - pretty when you cry,146790,Lana Del Rey,Pretty When You Cry,6PnluwP0fjGnpIBsqTdUTq,74,2014,pop,0.509,0.547,10,-6.548,0,0.0417,0.399,0.0,0.215,0.197,109.436,234147,4
2024-05-17 20:19,Taylor Swift,Anti-Hero,36123,taylor swift - anti-hero,569187,Taylor Swift,Anti-Hero,0V3wPSX9ygBnCm8psDIegu,92,2022,pop,0.637,0.643,4,-6.571,1,0.0519,0.13,1.8e-06,0.142,0.533,97.008,200690,4
2024-05-17 21:28,Taylor Swift,Anti-Hero,164575,taylor swift - anti-hero,569187,Taylor Swift,Anti-Hero,0V3wPSX9ygBnCm8psDIegu,92,2022,pop,0.637,0.643,4,-6.571,1,0.0519,0.13,1.8e-06,0.142,0.533,97.008,200690,4
2024-05-17 21:35,Taylor Swift,Bejeweled,194165,taylor swift - bejeweled,569211,Taylor Swift,Bejeweled,3qoftcUZaUOncvIYjFSPdE,80,2022,pop,0.696,0.559,7,-9.19,1,0.0693,0.0618,5.58e-05,0.0887,0.433,163.999,194166,4
2024-05-17 21:58,Alstad,A Reflection of You,145309,alstad - a reflection of you,538507,Alstad,A Reflection of You,4X1mRlaOkp52lLBBBBhi1Z,39,2022,classical,0.152,0.147,2,-18.179,0,0.0379,0.907,0.846,0.111,0.13,91.912,145310,4
2024-05-17 22:23,Johann Sebastian Bach,"Violin Concerto in A Minor, BWV 1041: I. Allegro moderato",218720,"johann sebastian bach - violin concerto in a minor, bwv 1041: i. allegro moderato",430163,Johann Sebastian Bach,"Violin Concerto in A Minor, BWV 1041: I. Allegro moderato",5yPHfuHmW2b9nfdD9YeUAV,33,2020,classical,0.545,0.231,9,-18.056,0,0.0421,0.866,0.000564,0.0573,0.62,98.618,218720,4
2024-05-17 23:06,The Neighbourhood,Reflections,244013,the neighbourhood - reflections,311045,The Neighbourhood,Reflections,2xql0pid3EUwW38AsywxhV,77,2018,alt-rock,0.648,0.594,11,-7.027,0,0.0293,0.114,0.0462,0.116,0.544,113.983,244013,4
2024-05-17 23:15,Arctic Monkeys,Knee Socks,257563,arctic monkeys - knee socks,77596,Arctic Monkeys,Knee Socks,2LGdO5MtFdyphi2EihANZG,74,2013,garage,0.665,0.542,11,-8.323,0,0.033,0.123,0.00291,0.342,0.587,97.975,257563,4
2024-05-17 23:19,Arctic Monkeys,Why'd You Only Call Me When You're High?,161123,arctic monkeys - why'd you only call me when you're high?,77592,Arctic Monkeys,Why'd You Only Call Me When You're High?,086myS9r57YsLbJpU0TgK9,85,2013,garage,0.691,0.631,2,-6.478,1,0.0368,0.0483,1.13e-05,0.104,0.8,92.004,161124,4
2024-05-17 23:39,Chase Atlantic,LUST,204106,chase atlantic - lust,406673,Chase Atlantic,LUST,51t7nQOI35g07O0z4fflO1,57,2019,pop,0.641,0.755,4,-6.274,1,0.244,0.018,0.000443,0.159,0.477,131.954,204107,4
2024-05-17 23:47,Arctic Monkeys,She's Thunderstorms,234920,arctic monkeys - she's thunderstorms,1428149,Arctic Monkeys,She's Thunderstorms,5qm8ISXOho1EvFj6e4f4bG,46,2011,garage,0.505,0.898,7,-4.906,1,0.0329,0.000518,0.00236,0.173,0.731,118.929,234920,4
2024-05-17 23:51,The Neighbourhood,Alleyways,267853,the neighbourhood - alleyways,56435,The Neighbourhood,Alleyways,4V37tyDu9CtqYshvrgLke4,59,2013,alt-rock,0.622,0.831,5,-4.819,0,0.0273,0.00102,0.803,0.119,0.363,101.03,267853,4
2024-05-18 00:17,Arctic Monkeys,505,253586,arctic monkeys - 505,1145378,Arctic Monkeys,505,58ge6dfP91o9oXMzq3XkIS,80,2007,garage,0.52,0.852,0,-5.866,1,0.0543,0.00237,5.79e-05,0.0733,0.234,140.267,253587,4
2024-05-18 00:59,The Neighbourhood,Sweater Weather,240400,the neighbourhood - sweater weather,1800,The Neighbourhood,Sweater Weather,4pGqFOfzvfe6avb9kbZicC,60,2012,alt-rock,0.695,0.615,7,-5.325,0,0.042,0.15,0.000212,0.0879,0.414,124.015,240040,4
2024-05-21 17:46,Chase Atlantic,Consume (feat. Goon Des Garcons),183697,chase atlantic - consume (feat. goon des garcons),293489,Chase Atlantic,Consume (feat. Goon Des Garcons),0X2bh8NVQ8svDQIn2AdCbW,77,2017,pop,0.556,0.714,9,-5.322,0,0.158,0.07,0.0,0.261,0.434,146.113,267920,4
2024-05-21 17:47,Chase Atlantic,Consume (feat. Goon Des Garcons),84230,chase atlantic - consume (feat. goon des garcons),293489,Chase Atlantic,Consume (feat. Goon Des Garcons),0X2bh8NVQ8svDQIn2AdCbW,77,2017,pop,0.556,0.714,9,-5.322,0,0.158,0.07,0.0,0.261,0.434,146.113,267920,4
2024-05-21 17:52,Chase Atlantic,LIKE A ROCKSTAR,208111,chase atlantic - like a rockstar,406638,Chase Atlantic,LIKE A ROCKSTAR,1e5Zf1EU0TAitK207VOUY7,59,2019,pop,0.58,0.611,8,-6.33,0,0.0646,0.331,0.0,0.0982,0.463,81.55,208112,4
2024-05-21 17:59,Lana Del Rey,Art Deco,219230,lana del rey - art deco,197562,Lana Del Rey,Art Deco,5jqNQZBwbZWQXPWfo0ygZF,72,2015,pop,0.282,0.464,11,-11.112,0,0.0533,0.544,0.215,0.111,0.0596,148.345,295067,5
2024-05-21 18:24,Robert Schumann,"Kinderszenen, Op. 15: No. 7, Träumerei",174954,"robert schumann - kinderszenen, op. 15: no. 7, träumerei",538631,Robert Schumann,"Kinderszenen, Op. 15: No. 7, Träumerei",2WjwQYMR9LUOfvtYTuVMLi,33,2022,classical,0.384,0.0128,5,-32.821,1,0.0599,0.996,0.948,0.0584,0.274,133.833,148027,3
2024-05-21 19:31,Taylor Swift,Don’t Blame Me,236413,taylor swift - don’t blame me,293464,Taylor Swift,Don’t Blame Me,1R0a2iXumgCiFb7HEZ7gUE,85,2017,pop,0.615,0.534,9,-6.719,0,0.0386,0.106,1.76e-05,0.0607,0.193,135.917,236413,4
2024-05-21 19:35,Taylor Swift,my tears ricochet,255893,taylor swift - my tears ricochet,462020,Taylor Swift,my tears ricochet,1MgV7FIyNxIG7WzMRJV5HC,74,2020,pop,0.456,0.263,0,-10.63,1,0.0332,0.806,0.0,0.0749,0.111,129.86,255894,4
2024-05-21 23:53,Taylor Swift,The Man,2510,taylor swift - the man,406380,Taylor Swift,The Man,3RauEVgRgj1IuWdJ9fDs70,78,2019,pop,0.777,0.658,0,-5.191,1,0.054,0.0767,0.0,0.0901,0.633,110.048,190360,4
2024-05-21 23:53,Taylor Swift,The Man,4926,taylor swift - the man,406380,Taylor Swift,The Man,3RauEVgRgj1IuWdJ9fDs70,78,2019,pop,0.777,0.658,0,-5.191,1,0.054,0.0767,0.0,0.0901,0.633,110.048,190360,4
2024-05-21 23:57,Chase Atlantic,Friends,230010,chase atlantic - friends,197528,Chase Atlantic,Friends,2jQiSYrwJehQAcuaaQrXnS,79,2015,pop,0.422,0.609,11,-6.361,0,0.0335,0.0114,4.76e-06,0.108,0.0911,107.34,230011,3
2024-05-22 00:06,The Neighbourhood,Baby Came Home,226880,the neighbourhood - baby came home,1880,The Neighbourhood,Baby Came Home,3ypXE4brttsQR3OLLZbLZB,50,2012,alt-rock,0.639,0.571,0,-5.766,1,0.0284,0.0127,0.00283,0.0963,0.273,113.037,226893,4
2024-05-22 00:10,Cults,Always Forever,223746,cults - always forever,87537,Cults,Always Forever,2enPRFda84VE2wtI8c86Uf,78,2013,indie-pop,0.174,0.742,8,-5.93,1,0.0485,0.00181,0.281,0.198,0.36,163.378,223747,4
2024-05-22 00:14,The Neighbourhood,Void,203666,the neighbourhood - void,311061,The Neighbourhood,Void,2wXioTynVwrEWYRv6R6vEj,66,2018,alt-rock,0.534,0.582,5,-7.912,1,0.0401,0.047,0.0328,0.0883,0.346,84.183,203667,4
2024-05-22 00:19,The Neighbourhood,W.D.Y.W.F.M?,259413,the neighbourhood - w.d.y.w.f.m?,56407,The Neighbourhood,W.D.Y.W.F.M?,3vooOYHU0Fi3ViCG7Ozh0Y,65,2013,alt-rock,0.557,0.845,8,-2.926,0,0.0346,0.0303,0.00851,0.354,0.508,123.997,259413,4
2024-05-22 00:24,Arctic Monkeys,She's Thunderstorms,234920,arctic monkeys - she's thunderstorms,1428149,Arctic Monkeys,She's Thunderstorms,5qm8ISXOho1EvFj6e4f4bG,46,2011,garage,0.505,0.898,7,-4.906,1,0.0329,0.000518,0.00236,0.173,0.731,118.929,234920,4
2024-05-22 00:29,Cigarettes After Sex,Sweet,292110,cigarettes after sex - sweet,255748,Cigarettes After Sex,Sweet,3VSYkAf6f46i5ZkXOHORq1,72,2017,ambient,0.448,0.511,6,-9.084,1,0.0274,0.362,0.823,0.129,0.112,96.321,291640,4
2024-05-22 00:41,The Neighbourhood,Afraid,251186,the neighbourhood - afraid,56398,The Neighbourhood,Afraid,7brQHA2CgQpcMBiOlfiXYb,74,2013,alt-rock,0.464,0.701,6,-5.693,0,0.0411,0.00892,0.309,0.335,0.356,83.996,251187,4
2024-05-22 00:51,Cigarettes After Sex,Sunsetz,215150,cigarettes after sex - sunsetz,255747,Cigarettes After Sex,Sunsetz,69UqtTHfUKAJweQwEStRzC,77,2017,ambient,0.412,0.477,9,-9.381,0,0.029,0.0542,0.798,0.0975,0.141,75.302,214680,4
2024-05-22 00:55,Cigarettes After Sex,Opera House,232246,cigarettes after sex - opera house,255753,Cigarettes After Sex,Opera House,0syIc2ocYBIKASFqifvwRz,63,2017,ambient,0.319,0.293,5,-14.145,1,0.0378,0.734,0.85,0.0971,0.0689,115.481,364680,4
2024-05-22 00:59,Cigarettes After Sex,Each Time You Fall in Love,236620,cigarettes after sex - each time you fall in love,255751,Cigarettes After Sex,Each Time You Fall In Love,6YbqjyoqQx9p13IndkOzeP,63,2017,ambient,0.383,0.534,10,-8.829,1,0.0277,0.468,0.676,0.14,0.276,76.046,290160,4
2024-05-22 01:05,Arctic Monkeys,Do I Wanna Know?,272394,arctic monkeys - do i wanna know?,77593,Arctic Monkeys,Do I Wanna Know?,5FVd6KXrgO9B3JPmC8OPst,86,2013,garage,0.548,0.532,5,-7.596,1,0.0323,0.186,0.000263,0.217,0.405,85.03,272394,4
2024-05-22 01:33,The Neighbourhood,Baby Came Home 2 / Valentines,390493,the neighbourhood - baby came home 2 / valentines,162929,The Neighbourhood,Baby Came Home 2 / Valentines,40gvh6jP5qxMJuMmF9lG9A,67,2015,alt-rock,0.21,0.499,2,-9.754,0,0.0485,0.0687,0.00315,0.773,0.108,74.094,390493,4
2024-05-22 18:32,Chase Atlantic,Swim,228786,chase atlantic - swim,293479,Chase Atlantic,Swim,3M0lSi5WW79CXQamgSBIjx,80,2017,pop,0.666,0.542,8,-6.429,1,0.0392,0.27,0.0,0.0765,0.0771,120.134,228787,4
2024-05-22 18:34,Arctic Monkeys,Stop The World I Wanna Get Off With You,112053,arctic monkeys - stop the world i wanna get off with you,77598,Arctic Monkeys,Stop The World I Wanna Get Off With You,2QUlMbvD9bL8wHqfsoqoet,69,2013,garage,0.661,0.73,6,-6.779,0,0.0574,0.0537,3.44e-05,0.14,0.53,95.027,191040,4
2024-05-22 18:45,Michele Nobler,Dreaming With Rachmaninov,188987,michele nobler - dreaming with rachmaninov,538633,Michele Nobler,Dreaming With Rachmaninov,520vGKBAnj5a1tGfFUxct3,33,2022,classical,0.378,0.262,7,-19.019,1,0.0405,0.992,0.958,0.107,0.101,112.304,188988,3
2024-05-22 19:19,Arctic Monkeys,I Wanna Be Yours,130,arctic monkeys - i wanna be yours,77591,Arctic Monkeys,I Wanna Be Yours,5XeFesFbtLpXzIVDNQP22n,91,2013,garage,0.464,0.417,0,-9.345,0,0.0256,0.136,0.022,0.0974,0.479,67.528,183956,4
2024-05-22 19:19,Arctic Monkeys,I Wanna Be Yours,2250,arctic monkeys - i wanna be yours,77591,Arctic Monkeys,I Wanna Be Yours,5XeFesFbtLpXzIVDNQP22n,91,2013,garage,0.464,0.417,0,-9.345,0,0.0256,0.136,0.022,0.0974,0.479,67.528,183956,4
2024-05-22 19:25,Olivia Rodrigo,happier,175933,olivia rodrigo - happier,515580,Olivia Rodrigo,happier,2tGvwE8GcFKwNdAXMnlbfl,82,2021,pop,0.395,0.443,6,-9.72,1,0.133,0.765,9.67e-06,0.0839,0.338,168.924,175933,3
2024-05-22 19:30,Taylor Swift,The Man,190360,taylor swift - the man,406380,Taylor Swift,The Man,3RauEVgRgj1IuWdJ9fDs70,78,2019,pop,0.777,0.658,0,-5.191,1,0.054,0.0767,0.0,0.0901,0.633,110.048,190360,4
2024-05-22 19:34,Melanie Martinez,Dollhouse,231853,melanie martinez - dollhouse,126365,Melanie Martinez,Dollhouse,3deFSRUdM7JC8P1Fi6r0rY,43,2014,electro,0.725,0.708,5,-5.331,0,0.0756,0.22,0.0,0.777,0.555,130.029,231853,4
2024-05-22 19:51,Taylor Swift,The Way I Loved You (Taylor’s Version),243136,taylor swift - the way i loved you (taylor’s version),515593,Taylor Swift,The Way I Loved You (Taylor’s Version),22bPsP2jCgbLUvh82U0Z3M,78,2021,pop,0.402,0.732,5,-4.665,1,0.0484,0.0033,0.0,0.108,0.472,161.032,243137,4
2024-05-22 19:58,Ruth B.,Dandelions,233720,ruth b. - dandelions,293465,Ruth B.,Dandelions,2eAvDnpXP5W0cVtiI0PUxV,87,2017,pop,0.609,0.692,1,-2.958,1,0.0259,0.0157,0.0,0.0864,0.454,116.959,233720,3
2024-05-22 20:08,Gwen Stefani,Luxurious,264920,gwen stefani - luxurious,931096,Gwen Stefani,Luxurious,3UQmoVQJqBYauTZLVPs3uo,62,2004,dance,0.811,0.726,0,-3.995,1,0.0813,0.154,0.0,0.116,0.666,131.027,264920,4
2024-05-22 20:13,Taylor Swift,august,261922,taylor swift - august,462000,Taylor Swift,august,3hUxzQpSfdDqwM3ZTFQY0K,81,2020,pop,0.532,0.623,5,-9.208,1,0.0331,0.538,7.28e-05,0.0925,0.403,89.937,261923,4
2024-05-22 20:16,SZA,Snooze,201800,sza - snooze,569186,SZA,Snooze,4iZ4pt7kvcaH6Yo8UoZ4s2,90,2022,pop,0.559,0.551,5,-7.231,1,0.132,0.141,0.0,0.11,0.392,143.008,201800,4
2024-05-22 20:20,Ellie Goulding,My Blood,234184,ellie goulding - my blood,12165,Ellie Goulding,My Blood,6knYNyQupBIbBxV8TMOMYM,58,2012,dance,0.476,0.592,9,-5.283,0,0.029,0.556,0.0,0.281,0.306,87.003,234185,4
2024-05-22 20:25,Lana Del Rey,Diet Mountain Dew,222920,lana del rey - diet mountain dew,40357,Lana Del Rey,Diet Mountain Dew,6BFnRhvKCclDQOajt8dBGi,67,2012,pop,0.442,0.68,10,-5.971,0,0.0858,0.284,0.0,0.421,0.601,176.09,222920,4
2024-05-22 20:29,Taylor Swift,Wildest Dreams,220440,taylor swift - wildest dreams,146777,Taylor Swift,Wildest Dreams,59HjlYCeBsxdI0fcm3zglw,71,2014,pop,0.554,0.666,8,-7.414,1,0.0747,0.0702,0.00593,0.106,0.472,140.056,220440,4
2024-05-22 22:24,Arctic Monkeys,505,253586,arctic monkeys - 505,1145378,Arctic Monkeys,505,58ge6dfP91o9oXMzq3XkIS,80,2007,garage,0.52,0.852,0,-5.866,1,0.0543,0.00237,5.79e-05,0.0733,0.234,140.267,253587,4
2024-05-22 22:28,The Neighbourhood,Afraid,251186,the neighbourhood - afraid,56398,The Neighbourhood,Afraid,7brQHA2CgQpcMBiOlfiXYb,74,2013,alt-rock,0.464,0.701,6,-5.693,0,0.0411,0.00892,0.309,0.335,0.356,83.996,251187,4
2024-05-22 23:15,The Neighbourhood,Scary Love,222666,the neighbourhood - scary love,311068,The Neighbourhood,Scary Love,6TA5aymvVrtiPVbuAwmPIc,65,2018,alt-rock,0.595,0.636,5,-5.981,0,0.0312,9.45e-05,0.0529,0.196,0.147,112.008,222667,4
2024-05-22 23:30,Chase Atlantic,Drugs & Money - New Mix,239921,chase atlantic - drugs & money - new mix,293587,Chase Atlantic,Drugs & Money - New Mix,4SRyrhBJ5mq8fEa3bsdZn6,65,2017,pop,0.629,0.735,11,-4.826,1,0.0599,0.2,0.0,0.243,0.477,123.996,239922,4
2024-05-23 00:03,The Neighbourhood,Nervous,245000,the neighbourhood - nervous,311055,The Neighbourhood,Nervous,113xf7t4qNM7038YJvauik,67,2018,alt-rock,0.589,0.614,0,-7.528,0,0.0426,0.0213,0.165,0.31,0.318,119.837,245000,4
2024-05-23 00:20,Arctic Monkeys,Knee Socks,257563,arctic monkeys - knee socks,77596,Arctic Monkeys,Knee Socks,2LGdO5MtFdyphi2EihANZG,74,2013,garage,0.665,0.542,11,-8.323,0,0.033,0.123,0.00291,0.342,0.587,97.975,257563,4
2024-05-23 00:23,Chase Atlantic,Meddle About,203886,chase atlantic - meddle about,197593,Chase Atlantic,Meddle About,1x5gfSHfhWpMFKKqbuDe9G,68,2015,pop,0.387,0.797,4,-6.41,0,0.052,0.00404,0.0108,0.314,0.369,159.897,203886,4
2024-05-23 00:30,Chase Atlantic,Friends,230010,chase atlantic - friends,197528,Chase Atlantic,Friends,2jQiSYrwJehQAcuaaQrXnS,79,2015,pop,0.422,0.609,11,-6.361,0,0.0335,0.0114,4.76e-06,0.108,0.0911,107.34,230011,3
2024-05-23 00:34,d4vd,Here With Me,242484,d4vd - here with me,569188,d4vd,Here With Me,78Sw5GDo6AlGwTwanjXbGh,92,2022,pop,0.574,0.469,4,-8.209,1,0.0254,0.534,9.21e-05,0.128,0.288,132.023,242485,4
2024-05-23 00:46,Cigarettes After Sex,You're the Only Good Thing In My Life,275186,cigarettes after sex - you're the only good thing in my life,368583,Cigarettes After Sex,You're the Only Good Thing in My Life,69BeOEL0DFLwA3WplXJxX5,59,2019,ambient,0.462,0.288,5,-11.199,1,0.0288,0.781,0.756,0.131,0.0589,130.164,275187,4
2024-05-23 00:54,The Neighbourhood,W.D.Y.W.F.M?,78807,the neighbourhood - w.d.y.w.f.m?,56407,The Neighbourhood,W.D.Y.W.F.M?,3vooOYHU0Fi3ViCG7Ozh0Y,65,2013,alt-rock,0.557,0.845,8,-2.926,0,0.0346,0.0303,0.00851,0.354,0.508,123.997,259413,4
2024-05-24 18:32,The Neighbourhood,W.D.Y.W.F.M?,180852,the neighbourhood - w.d.y.w.f.m?,56407,The Neighbourhood,W.D.Y.W.F.M?,3vooOYHU0Fi3ViCG7Ozh0Y,65,2013,alt-rock,0.557,0.845,8,-2.926,0,0.0346,0.0303,0.00851,0.354,0.508,123.997,259413,4
2024-05-24 18:34,Chase Atlantic,The Walls,48360,chase atlantic - the walls,293625,Chase Atlantic,The Walls,5pXui9rkf5W90DgZobuDiK,62,2017,pop,0.357,0.704,0,-6.925,0,0.0828,0.326,1.54e-06,0.124,0.225,144.172,229840,4
2024-05-24 19:14,Chase Atlantic,LUST,204106,chase atlantic - lust,406673,Chase Atlantic,LUST,51t7nQOI35g07O0z4fflO1,57,2019,pop,0.641,0.755,4,-6.274,1,0.244,0.018,0.000443,0.159,0.477,131.954,204107,4
2024-05-24 19:19,Chase Atlantic,Drugs & Money - New Mix,239921,chase atlantic - drugs & money - new mix,293587,Chase Atlantic,Drugs & Money - New Mix,4SRyrhBJ5mq8fEa3bsdZn6,65,2017,pop,0.629,0.735,11,-4.826,1,0.0599,0.2,0.0,0.243,0.477,123.996,239922,4
2024-05-24 19:23,Chase Atlantic,Tidal Wave,243670,chase atlantic - tidal wave,350373,Chase Atlantic,Tidal Wave,2b2lL6iY3x1CSOv7QQbp8R,60,2018,pop,0.599,0.609,4,-5.14,1,0.052,0.565,2.11e-05,0.137,0.383,123.967,243707,4
2024-05-24 19:26,d4vd,Romantic Homicide,132630,d4vd - romantic homicide,569185,d4vd,Romantic Homicide,1xK59OXxi2TAAAbmZK0kBL,90,2022,pop,0.571,0.544,6,-10.613,1,0.0299,0.453,0.00805,0.322,0.216,132.052,132631,4
2024-05-24 19:41,Chase Atlantic,HER,169720,chase atlantic - her,406529,Chase Atlantic,HER,5i7g9wTIruXgWKvA83BXlk,64,2019,pop,0.706,0.586,5,-5.404,0,0.066,0.106,5.43e-06,0.169,0.689,139.984,169714,4
2024-05-24 20:04,Cigarettes After Sex,Cry,256800,cigarettes after sex - cry,368575,Cigarettes After Sex,Cry,0Qr61NXlyAeQaADO5xn3rI,76,2019,ambient,0.409,0.399,7,-10.456,1,0.0275,0.763,0.654,0.112,0.161,142.823,256800,4
2024-05-24 20:10,Cigarettes After Sex,Sweet,292110,cigarettes after sex - sweet,255748,Cigarettes After Sex,Sweet,3VSYkAf6f46i5ZkXOHORq1,72,2017,ambient,0.448,0.511,6,-9.084,1,0.0274,0.362,0.823,0.129,0.112,96.321,291640,4
2024-05-24 20:17,The Neighbourhood,Void,203666,the neighbourhood - void,311061,The Neighbourhood,Void,2wXioTynVwrEWYRv6R6vEj,66,2018,alt-rock,0.534,0.582,5,-7.912,1,0.0401,0.047,0.0328,0.0883,0.346,84.183,203667,4
2024-05-24 22:22,Cigarettes After Sex,Heavenly,70364,cigarettes after sex - heavenly,368576,Cigarettes After Sex,Heavenly,1Bh0UzthW8pKEnYg7v40Oa,69,2019,ambient,0.539,0.431,8,-9.298,1,0.0249,0.628,0.653,0.11,0.122,105.156,288595,4
2024-05-24 22:23,James Arthur,Car's Outside,47880,james arthur - car's outside,406437,James Arthur,Car's Outside,0otRX6Z89qKkHkQ9OqJpKt,81,2019,pop,0.338,0.562,9,-7.181,1,0.029,0.039,0.0,0.107,0.259,149.907,248373,4
2024-05-24 22:26,FIFTY FIFTY,Cupid - Twin Ver.,173461,fifty fifty - cupid - twin ver.,608237,FIFTY FIFTY,Cupid - Twin Ver.,3Kw7zkALCVxY4wmlnh2IWC,80,2023,k-pop,0.782,0.587,11,-8.3,0,0.0324,0.428,1.85e-06,0.337,0.76,120.041,174253,4
2024-05-24 22:33,Eminem,Without Me,290320,eminem - without me,825779,Eminem,Without Me,7lQ8MOhq6IN2w8EYcFNSUk,87,2002,hip-hop,0.908,0.669,7,-2.827,1,0.0738,0.00286,0.0,0.237,0.662,112.238,290320,4
2024-05-24 22:38,Selena Gomez & The Scene,Love You Like A Love Song,188453,selena gomez & the scene - love you like a love song,119839,Selena Gomez & The Scene,Love You Like A Love Song,7lAoovVf67mECK18oOpJbc,54,2014,dance,0.858,0.677,1,-3.842,0,0.047,0.0768,0.0,0.0757,0.922,117.011,188453,4
2024-05-24 22:40,Harry Styles,As It Was,1230,harry styles - as it was,569192,Harry Styles,As It Was,4LRPiXqCikLlN15c3yImP7,90,2022,pop,0.52,0.731,6,-5.338,0,0.0557,0.342,0.00101,0.311,0.662,173.93,167303,4
2024-05-24 22:40,Ben Platt,If I Could Tell Her,1650,ben platt - if i could tell her,293627,Ben Platt,If I Could Tell Her,6nkcPGa0sr24NFCc5l5UjE,58,2017,pop,0.584,0.312,4,-8.249,1,0.0405,0.647,0.0,0.152,0.455,96.026,248653,4
2024-05-24 22:40,Olivia O'Brien,Complicated,82043,olivia o'brien - complicated,197592,Olivia O'Brien,Complicated,0jllH0usRFD4LJkJnGK9Lf,67,2015,pop,0.657,0.355,7,-12.044,1,0.0714,0.694,0.000427,0.123,0.0808,74.99,189000,4
2024-05-24 22:44,Christina Aguilera,Genie In a Bottle,217573,christina aguilera - genie in a bottle,120308,Christina Aguilera,Genie In a Bottle,0VkcUkbiiHfIp6Lb5rlBfJ,30,2014,dance,0.635,0.793,1,-6.968,1,0.15,0.188,0.000174,0.152,0.92,175.803,217133,4
2024-05-24 22:44,The Neighbourhood,Afraid,7016,the neighbourhood - afraid,56398,The Neighbourhood,Afraid,7brQHA2CgQpcMBiOlfiXYb,74,2013,alt-rock,0.464,0.701,6,-5.693,0,0.0411,0.00892,0.309,0.335,0.356,83.996,251187,4
2024-05-24 22:48,Ariana Grande,Stuck with U (with Justin Bieber),228482,ariana grande - stuck with u (with justin bieber),433218,Ariana Grande,Stuck with U (with Justin Bieber),4HBZA5flZLE435QTztThqH,80,2020,dance,0.597,0.45,8,-6.658,1,0.0418,0.223,0.0,0.382,0.537,178.765,228482,3
2024-05-24 22:49,Lana Del Rey,West Coast,27044,lana del rey - west coast,146772,Lana Del Rey,West Coast,5Y6nVaayzitvsD5F7nr3DV,81,2014,pop,0.527,0.591,6,-7.664,0,0.0396,0.194,0.0194,0.0907,0.461,123.167,256760,4
2024-05-24 22:58,Backstreet Boys,Everybody (Backstreet's Back) - Radio Edit,141720,backstreet boys - everybody (backstreet's back) - radio edit,66286,Backstreet Boys,Everybody (Backstreet's Back) - Radio Edit,4rTeOSYqwXNz5qPR2DUTFZ,63,2013,dance,0.735,0.873,10,-3.493,0,0.0402,0.025,3.27e-06,0.265,0.586,108.021,224960,4
2024-05-24 22:58,Taylor Swift,Love Story,1310,taylor swift - love story,1238481,Taylor Swift,Love Story,1vrd6UOGamcKNGnSHJQlSt,67,2008,pop,0.618,0.741,2,-3.95,1,0.031,0.17,0.0,0.0822,0.296,118.984,235267,4
2024-05-24 22:58,Jung Seung Hwan,Day & Night,13250,jung seung hwan - day & night,456949,Jung Seung Hwan,Day & Night,1j5oDtBWVtNoVHMi2n6Fkz,61,2020,k-pop,0.509,0.269,3,-8.765,1,0.0277,0.897,0.00212,0.174,0.29,131.954,260600,4
2024-05-24 22:58,Dan + Shay,"10,000 Hours (with Justin Bieber)",1580,"dan + shay - 10,000 hours (with justin bieber)",376761,Dan + Shay,"10,000 Hours (with Justin Bieber)",2wrJq5XKLnmhRXHIAf9xBa,75,2019,country,0.654,0.63,10,-4.644,1,0.0259,0.153,0.0,0.111,0.43,89.991,167693,4
2024-05-24 22:58,Everybody Loves an Outlaw,I See Red,1160,everybody loves an outlaw - i see red,313904,Everybody Loves an Outlaw,I See Red,5MAK1nd8R6PWnle1Q1WJvh,74,2018,blues,0.509,0.448,4,-7.552,0,0.0357,0.00713,0.0137,0.244,0.221,156.909,230613,3
2024-05-24 22:58,New West,Those Eyes,1290,new west - those eyes,399063,New West,Those Eyes,50x1Ic8CaXkYNvjmxe3WXy,87,2019,indie-pop,0.593,0.352,4,-8.296,1,0.0284,0.695,2.22e-05,0.3,0.226,119.988,220750,3
2024-05-24 23:02,Justin Bieber,Maria,248293,justin bieber - maria,40581,Justin Bieber,Maria,7E1dQbOk1qcx9gEPUMBKsk,47,2012,pop,0.825,0.687,6,-6.794,0,0.0414,0.00997,1.32e-05,0.19,0.294,111.002,248293,4
2024-05-24 23:06,Britney Spears,Toxic,198800,britney spears - toxic,321379,Britney Spears,Toxic,4fbaKWFRghusXd4bSBvvfN,54,2018,dance,0.774,0.838,5,-3.914,0,0.114,0.0249,0.0244,0.242,0.924,143.04,198800,4
2024-05-24 23:06,Justin Bieber,Yummy,19641,justin bieber - yummy,462178,Justin Bieber,Yummy,16wAOAZ2OkqoIDN7TpChjR,68,2020,pop,0.676,0.506,9,-6.652,0,0.0958,0.345,0.0,0.118,0.497,145.842,208520,4
2024-05-24 23:06,Arctic Monkeys,Why'd You Only Call Me When You're High?,1280,arctic monkeys - why'd you only call me when you're high?,77592,Arctic Monkeys,Why'd You Only Call Me When You're High?,086myS9r57YsLbJpU0TgK9,85,2013,garage,0.691,0.631,2,-6.478,1,0.0368,0.0483,1.13e-05,0.104,0.8,92.004,161124,4
2024-05-27 18:47,The Weeknd,I Feel It Coming,138714,the weeknd - i feel it coming,612506,The Weeknd,I Feel It Coming,1GDoL9pnaoaidiOFUQ7x3c,0,2023,pop,0.773,0.82,0,-5.897,0,0.115,0.394,0.0,0.0739,0.555,92.996,269187,4
2024-05-27 18:50,Charlie Puth,We Don't Talk Anymore (feat. Selena Gomez),174490,charlie puth - we don't talk anymore (feat. selena gomez),224459,Charlie Puth,We Don't Talk Anymore (feat. Selena Gomez),37FXw5QGFN7uwwsLy8uAc0,68,2016,dance,0.728,0.563,1,-8.053,0,0.134,0.621,0.0,0.179,0.352,100.017,217707,4
2024-05-27 19:29,Gwen Stefani,Luxurious,264920,gwen stefani - luxurious,931096,Gwen Stefani,Luxurious,3UQmoVQJqBYauTZLVPs3uo,62,2004,dance,0.811,0.726,0,-3.995,1,0.0813,0.154,0.0,0.116,0.666,131.027,264920,4
2024-05-27 19:48,Taylor Swift,Anti-Hero,200690,taylor swift - anti-hero,569187,Taylor Swift,Anti-Hero,0V3wPSX9ygBnCm8psDIegu,92,2022,pop,0.637,0.643,4,-6.571,1,0.0519,0.13,1.8e-06,0.142,0.533,97.008,200690,4
2024-05-27 19:52,Lana Del Rey,Young And Beautiful,79706,lana del rey - young and beautiful,93567,Lana Del Rey,Young And Beautiful,2nMeu6UenVvwUktBCpLMK9,81,2013,pop,0.324,0.416,11,-8.92,0,0.0368,0.262,3.69e-05,0.11,0.151,113.986,236053,4
2024-05-27 19:58,Taylor Swift,Blank Space,19370,taylor swift - blank space,146765,Taylor Swift,Blank Space,1p80LdxRV74UKvL8gnD7ky,76,2014,pop,0.753,0.678,5,-5.421,1,0.0644,0.085,1.64e-06,0.13,0.583,96.006,231827,4
2024-05-27 20:01,beabadoobee,Glue Song,135066,beabadoobee - glue song,606469,beabadoobee,Glue Song,3iBgrkexCzVuPy4O9vx7Mf,82,2023,indie-pop,0.62,0.409,1,-10.146,1,0.0282,0.77,0.0542,0.105,0.582,113.946,135067,3
2024-05-27 20:06,Lana Del Rey,Ultraviolence,251480,lana del rey - ultraviolence,146806,Lana Del Rey,Ultraviolence,1y3r6RXiJZNBV1EI0NggpS,73,2014,pop,0.144,0.541,0,-7.076,1,0.038,0.278,1.01e-05,0.101,0.0899,79.262,251480,3
2024-05-27 20:09,Taylor Swift,illicit affairs,190898,taylor swift - illicit affairs,462035,Taylor Swift,illicit affairs,2NmsngXHeC1GQ9wWrzhOMf,71,2020,pop,0.559,0.31,10,-10.445,1,0.0338,0.881,0.0,0.106,0.46,119.845,190898,4
2024-05-27 21:23,Taylor Swift,Lover,221306,taylor swift - lover,406372,Taylor Swift,Lover,1dGr1c8CrMLDpV6mPbImSI,83,2019,pop,0.359,0.543,7,-7.582,1,0.0919,0.492,1.58e-05,0.118,0.453,68.534,221307,4
2024-05-27 21:32,Taylor Swift,All Of The Girls You Loved Before,26883,taylor swift - all of the girls you loved before,406371,Taylor Swift,All Of The Girls You Loved Before,4P9Q0GojKVXpRTJCaL3kyy,82,2019,pop,0.718,0.467,2,-9.66,1,0.0398,0.707,6.92e-05,0.126,0.396,95.96,221407,3
2024-05-27 22:15,Laufey,Fragile,241080,laufey - fragile,577950,Laufey,Fragile,608wYP5XWenLz8cOSYjX7X,59,2022,singer-songwriter,0.361,0.413,3,-12.43,1,0.065,0.931,0.000179,0.231,0.336,149.301,241080,4
2024-05-27 22:20,SZA,Kill Bill,153946,sza - kill bill,569184,SZA,Kill Bill,1Qrg8KqiBpW07V7PNxwwwL,94,2022,pop,0.644,0.735,8,-5.747,1,0.0391,0.0521,0.144,0.161,0.418,88.98,153947,4
2024-05-27 22:24,Taylor Swift,London Boy,190240,taylor swift - london boy,406414,Taylor Swift,London Boy,1LLXZFeAHK9R4xUramtUKw,73,2019,pop,0.695,0.71,1,-6.639,1,0.05,0.0246,0.000104,0.133,0.557,157.925,190240,4
2024-05-27 22:26,Taylor Swift,Anti-Hero,10226,taylor swift - anti-hero,569187,Taylor Swift,Anti-Hero,0V3wPSX9ygBnCm8psDIegu,92,2022,pop,0.637,0.643,4,-6.571,1,0.0519,0.13,1.8e-06,0.142,0.533,97.008,200690,4
2024-05-27 22:27,Lana Del Rey,Young And Beautiful,6560,lana del rey - young and beautiful,93567,Lana Del Rey,Young And Beautiful,2nMeu6UenVvwUktBCpLMK9,81,2013,pop,0.324,0.416,11,-8.92,0,0.0368,0.262,3.69e-05,0.11,0.151,113.986,236053,4
2024-05-27 22:38,Olivia Rodrigo,traitor,229226,olivia rodrigo - traitor,515570,Olivia Rodrigo,traitor,5CZ40GBx1sQ9agT82CLQCT,84,2021,pop,0.38,0.339,3,-7.885,1,0.0338,0.691,0.0,0.12,0.0849,100.607,229227,4
2024-05-27 22:41,Olivia Rodrigo,happier,175933,olivia rodrigo - happier,515580,Olivia Rodrigo,happier,2tGvwE8GcFKwNdAXMnlbfl,82,2021,pop,0.395,0.443,6,-9.72,1,0.133,0.765,9.67e-06,0.0839,0.338,168.924,175933,3
2024-05-27 23:14,Selena Gomez,Back To You - From 13 Reasons Why – Season 2 Soundtrack,207904,selena gomez - back to you - from 13 reasons why – season 2 soundtrack,321047,Selena Gomez,Back To You - From 13 Reasons Why – Season 2 Soundtrack,4hQ6UGyWQIGJmHSo0J88JW,74,2018,dance,0.601,0.724,6,-4.856,1,0.0486,0.0945,1.68e-06,0.12,0.508,102.061,207905,4
2024-05-28 09:16,Lana Del Rey,Ultraviolence,61959,lana del rey - ultraviolence,146806,Lana Del Rey,Ultraviolence,1y3r6RXiJZNBV1EI0NggpS,73,2014,pop,0.144,0.541,0,-7.076,1,0.038,0.278,1.01e-05,0.101,0.0899,79.262,251480,3
2024-05-28 17:39,Lana Del Rey,Ultraviolence,189779,lana del rey - ultraviolence,146806,Lana Del Rey,Ultraviolence,1y3r6RXiJZNBV1EI0NggpS,73,2014,pop,0.144,0.541,0,-7.076,1,0.038,0.278,1.01e-05,0.101,0.0899,79.262,251480,3
2024-05-28 17:46,Lana Del Rey,Brooklyn Baby,351640,lana del rey - brooklyn baby,146776,Lana Del Rey,Brooklyn Baby,1NZs6n6hl8UuMaX0UC0YTz,80,2014,pop,0.404,0.664,1,-6.698,1,0.0407,0.542,0.00402,0.11,0.0949,107.747,351640,4
2024-05-28 17:49,Laufey,Valentine,168906,laufey - valentine,577935,Laufey,Valentine,6cx5CvFhqN19efStehJqoW,72,2022,singer-songwriter,0.472,0.204,3,-13.065,1,0.0452,0.917,0.0,0.107,0.224,82.51,168907,4
2024-05-28 17:54,ZAYN,I Don’t Wanna Live Forever (Fifty Shades Darker),247160,zayn - i don’t wanna live forever (fifty shades darker),264785,ZAYN,I Don’t Wanna Live Forever (Fifty Shades Darker),55n9yjI6qqXh5F2mYvUc2y,77,2017,dance,0.731,0.445,0,-8.418,1,0.0533,0.0586,1.96e-05,0.14,0.106,117.97,247160,4
2024-05-28 18:18,Taylor Swift,Lover,221306,taylor swift - lover,406372,Taylor Swift,Lover,1dGr1c8CrMLDpV6mPbImSI,83,2019,pop,0.359,0.543,7,-7.582,1,0.0919,0.492,1.58e-05,0.118,0.453,68.534,221307,4
2024-05-28 18:51,Taylor Swift,Back To December,293026,taylor swift - back to december,1380399,Taylor Swift,Back To December,3DrjZArsPsoqbLzUZZV1Id,67,2010,pop,0.529,0.67,2,-4.663,1,0.0303,0.117,0.0,0.334,0.286,141.893,293027,4
2024-05-28 18:57,Olivia Rodrigo,"All I Want - From ""High School Musical: The Musical: The Series""",36250,"olivia rodrigo - all i want - from ""high school musical: the musical: the series""",406403,Olivia Rodrigo,"All I Want - From ""High School Musical: The Musical: The Series""",4Yxc55NX3tAXC2mHRAhtcW,76,2019,pop,0.376,0.43,0,-6.585,0,0.0328,0.0902,0.0,0.0912,0.129,77.599,177323,3
2024-05-28 19:07,Lana Del Rey,Diet Mountain Dew,74910,lana del rey - diet mountain dew,40357,Lana Del Rey,Diet Mountain Dew,6BFnRhvKCclDQOajt8dBGi,67,2012,pop,0.442,0.68,10,-5.971,0,0.0858,0.284,0.0,0.421,0.601,176.09,222920,4
2024-05-28 19:12,Harry Styles,Watermelon Sugar,28436,harry styles - watermelon sugar,406370,Harry Styles,Watermelon Sugar,6UelLqGlWMcVH1E5c4H7lY,87,2019,pop,0.548,0.816,0,-4.209,1,0.0465,0.122,0.0,0.335,0.557,95.39,174000,4
2024-05-28 19:18,Eminem,Venom - Music From The Motion Picture,269573,eminem - venom - music from the motion picture,340956,Eminem,Venom - Music From The Motion Picture,2SL6oP2YAEQbqsrkOzRGO4,73,2018,hip-hop,0.749,0.794,0,-5.063,1,0.064,0.0193,0.0,0.543,0.46,135.959,269554,4
2024-05-28 23:34,Taylor Swift,Lover,19206,taylor swift - lover,406372,Taylor Swift,Lover,1dGr1c8CrMLDpV6mPbImSI,83,2019,pop,0.359,0.543,7,-7.582,1,0.0919,0.492,1.58e-05,0.118,0.453,68.534,221307,4
2024-05-28 23:38,The Neighbourhood,Sweater Weather,240400,the neighbourhood - sweater weather,1800,The Neighbourhood,Sweater Weather,4pGqFOfzvfe6avb9kbZicC,60,2012,alt-rock,0.695,0.615,7,-5.325,0,0.042,0.15,0.000212,0.0879,0.414,124.015,240040,4
2024-05-28 23:45,Taylor Swift,cardigan,239560,taylor swift - cardigan,461996,Taylor Swift,cardigan,4R2kfaDFhslZEMJqAFNpdd,84,2020,pop,0.613,0.581,0,-8.588,0,0.0424,0.537,0.000345,0.25,0.551,130.033,239560,4
2024-05-28 23:47,Sabrina Carpenter,Looking at Me,70627,sabrina carpenter - looking at me,377696,Sabrina Carpenter,Looking at Me,59tskctgqUmjCWAwhzYAFm,71,2019,dance,0.681,0.798,2,-4.367,1,0.0375,0.00398,5.11e-06,0.0542,0.516,105.99,181120,4
2024-05-28 23:50,beabadoobee,the perfect pair,177533,beabadoobee - the perfect pair,561972,beabadoobee,the perfect pair,41P6Tnd8KIHqON0QIydx6a,78,2022,indie-pop,0.634,0.663,11,-6.818,1,0.0331,0.433,0.124,0.102,0.6,146.053,177533,4
2024-05-28 23:57,Charlie Puth,We Don't Talk Anymore (feat. Selena Gomez),217706,charlie puth - we don't talk anymore (feat. selena gomez),224459,Charlie Puth,We Don't Talk Anymore (feat. Selena Gomez),37FXw5QGFN7uwwsLy8uAc0,68,2016,dance,0.728,0.563,1,-8.053,0,0.134,0.621,0.0,0.179,0.352,100.017,217707,4
2024-05-29 00:00,Olivia Rodrigo,"All I Want - From ""High School Musical: The Musical: The Series""",177322,"olivia rodrigo - all i want - from ""high school musical: the musical: the series""",406403,Olivia Rodrigo,"All I Want - From ""High School Musical: The Musical: The Series""",4Yxc55NX3tAXC2mHRAhtcW,76,2019,pop,0.376,0.43,0,-6.585,0,0.0328,0.0902,0.0,0.0912,0.129,77.599,177323,3
2024-05-29 00:05,Laufey,Fragile,241080,laufey - fragile,577950,Laufey,Fragile,608wYP5XWenLz8cOSYjX7X,59,2022,singer-songwriter,0.361,0.413,3,-12.43,1,0.065,0.931,0.000179,0.231,0.336,149.301,241080,4
2024-05-29 00:09,Taylor Swift,Don’t Blame Me,236413,taylor swift - don’t blame me,293464,Taylor Swift,Don’t Blame Me,1R0a2iXumgCiFb7HEZ7gUE,85,2017,pop,0.615,0.534,9,-6.719,0,0.0386,0.106,1.76e-05,0.0607,0.193,135.917,236413,4
2024-05-29 00:13,Olivia Rodrigo,happier,175933,olivia rodrigo - happier,515580,Olivia Rodrigo,happier,2tGvwE8GcFKwNdAXMnlbfl,82,2021,pop,0.395,0.443,6,-9.72,1,0.133,0.765,9.67e-06,0.0839,0.338,168.924,175933,3
2024-05-29 00:25,Ellie Goulding,My Blood,234184,ellie goulding - my blood,12165,Ellie Goulding,My Blood,6knYNyQupBIbBxV8TMOMYM,58,2012,dance,0.476,0.592,9,-5.283,0,0.029,0.556,0.0,0.281,0.306,87.003,234185,4
2024-05-29 00:30,Taylor Swift,All Of The Girls You Loved Before,221407,taylor swift - all of the girls you loved before,406371,Taylor Swift,All Of The Girls You Loved Before,4P9Q0GojKVXpRTJCaL3kyy,82,2019,pop,0.718,0.467,2,-9.66,1,0.0398,0.707,6.92e-05,0.126,0.396,95.96,221407,3
2024-05-29 00:33,Melanie Martinez,Dollhouse,231853,melanie martinez - dollhouse,126365,Melanie Martinez,Dollhouse,3deFSRUdM7JC8P1Fi6r0rY,43,2014,electro,0.725,0.708,5,-5.331,0,0.0756,0.22,0.0,0.777,0.555,130.029,231853,4
2024-05-29 00:38,Taylor Swift,Cruel Summer,178426,taylor swift - cruel summer,406369,Taylor Swift,Cruel Summer,1BxfuPKGuaTgP7aM0Bbdwr,83,2019,pop,0.552,0.702,9,-5.707,1,0.157,0.117,2.06e-05,0.105,0.564,169.994,178427,4
2024-05-29 00:41,Taylor Swift,Style,231000,taylor swift - style,146766,Taylor Swift,Style,4lIxdJw6W3Fg4vUIYCB0S5,74,2014,pop,0.598,0.786,2,-5.572,1,0.0383,0.00253,0.0016,0.117,0.456,95.019,231000,4
2024-05-29 00:45,Justin Bieber,Ghost,153190,justin bieber - ghost,515568,Justin Bieber,Ghost,6I3mqTwhRpn34SLVafSH7G,85,2021,pop,0.601,0.741,2,-5.569,1,0.0478,0.185,2.91e-05,0.415,0.441,153.96,153190,4
2024-05-29 00:48,beabadoobee,Glue Song,135066,beabadoobee - glue song,606469,beabadoobee,Glue Song,3iBgrkexCzVuPy4O9vx7Mf,82,2023,indie-pop,0.62,0.409,1,-10.146,1,0.0282,0.77,0.0542,0.105,0.582,113.946,135067,3
2024-05-29 00:51,Ruth B.,Dandelions,233720,ruth b. - dandelions,293465,Ruth B.,Dandelions,2eAvDnpXP5W0cVtiI0PUxV,87,2017,pop,0.609,0.692,1,-2.958,1,0.0259,0.0157,0.0,0.0864,0.454,116.959,233720,3
2024-05-29 00:56,Sasha Alex Sloan,Dancing With Your Ghost,197732,sasha alex sloan - dancing with your ghost,384327,Sasha Alex Sloan,Dancing With Your Ghost,1TQXIltqoZ5XXyfCbAeSQQ,78,2019,electro,0.629,0.328,11,-8.284,1,0.029,0.768,2.5e-05,0.103,0.389,74.953,197732,4
2024-05-29 09:54,Taylor Swift,We Are Never Ever Getting Back Together,82737,taylor swift - we are never ever getting back together,40360,Taylor Swift,We Are Never Ever Getting Back Together,0VwNdo84DaVYLIkbVO86ND,74,2012,pop,0.628,0.676,7,-5.911,1,0.0916,0.00957,2.65e-05,0.121,0.75,85.984,193147,4
2024-05-29 19:24,Cigarettes After Sex,Starry Eyes,206000,cigarettes after sex - starry eyes,2728,Cigarettes After Sex,Starry Eyes,2xfRDWDKOisEXgRnYI58Tb,59,2012,ambient,0.425,0.363,2,-15.32,1,0.0322,0.448,0.321,0.0685,0.12,100.426,206000,4
2024-05-29 19:29,James Arthur,Car's Outside,248373,james arthur - car's outside,406437,James Arthur,Car's Outside,0otRX6Z89qKkHkQ9OqJpKt,81,2019,pop,0.338,0.562,9,-7.181,1,0.029,0.039,0.0,0.107,0.259,149.907,248373,4
2024-05-29 19:32,Cults,Always Forever,223746,cults - always forever,87537,Cults,Always Forever,2enPRFda84VE2wtI8c86Uf,78,2013,indie-pop,0.174,0.742,8,-5.93,1,0.0485,0.00181,0.281,0.198,0.36,163.378,223747,4
2024-05-29 19:37,Chase Atlantic,Meddle About,203886,chase atlantic - meddle about,197593,Chase Atlantic,Meddle About,1x5gfSHfhWpMFKKqbuDe9G,68,2015,pop,0.387,0.797,4,-6.41,0,0.052,0.00404,0.0108,0.314,0.369,159.897,203886,4
2024-05-29 19:42,Arctic Monkeys,Baby I'm Yours,152613,arctic monkeys - baby i'm yours,1076412,Arctic Monkeys,Baby I'm Yours,6FLqFu1ApSkUddZ9P4H6Io,58,2006,garage,0.462,0.595,2,-9.363,1,0.0347,0.215,0.0,0.184,0.64,113.719,152613,4
2024-05-29 19:58,Cigarettes After Sex,You're the Only Good Thing In My Life,275186,cigarettes after sex - you're the only good thing in my life,368583,Cigarettes After Sex,You're the Only Good Thing in My Life,69BeOEL0DFLwA3WplXJxX5,59,2019,ambient,0.462,0.288,5,-11.199,1,0.0288,0.781,0.756,0.131,0.0589,130.164,275187,4
2024-05-29 20:03,The Neighbourhood,Daddy Issues,260173,the neighbourhood - daddy issues,162916,The Neighbourhood,Daddy Issues,5E30LdtzQTGqRvNd7l6kG5,84,2015,alt-rock,0.588,0.521,10,-9.461,1,0.0329,0.0678,0.149,0.123,0.337,85.012,260173,4
2024-05-29 20:12,The Neighbourhood,Compass,167960,the neighbourhood - compass,311053,The Neighbourhood,Compass,0YNtAadZvKBBEFARtfoCV8,69,2018,alt-rock,0.7,0.82,5,-5.499,0,0.0329,0.238,0.318,0.658,0.667,109.998,167960,4
2024-05-29 20:18,Chase Atlantic,Tidal Wave,243670,chase atlantic - tidal wave,350373,Chase Atlantic,Tidal Wave,2b2lL6iY3x1CSOv7QQbp8R,60,2018,pop,0.599,0.609,4,-5.14,1,0.052,0.565,2.11e-05,0.137,0.383,123.967,243707,4
2024-05-29 20:20,Eyedress,Romantic Lover,86739,eyedress - romantic lover,462003,Eyedress,Romantic Lover,7s5VQqrjBtrBgZL4pEa46S,77,2020,pop,0.658,0.447,9,-9.299,0,0.0869,0.701,0.924,0.198,0.538,184.316,86739,4
2024-05-29 20:24,The Neighbourhood,Reflections,244013,the neighbourhood - reflections,311045,The Neighbourhood,Reflections,2xql0pid3EUwW38AsywxhV,77,2018,alt-rock,0.648,0.594,11,-7.027,0,0.0293,0.114,0.0462,0.116,0.544,113.983,244013,4
2024-05-29 20:28,The Neighbourhood,Cry Baby,235160,the neighbourhood - cry baby,162920,The Neighbourhood,Cry Baby,0EfsDEYaSjGYd66Pr881nq,73,2015,alt-rock,0.581,0.656,4,-4.891,0,0.0294,0.00269,2.78e-06,0.101,0.338,108.033,235160,4
2024-05-29 23:06,Chase Atlantic,Consume (feat. Goon Des Garcons),21587,chase atlantic - consume (feat. goon des garcons),293489,Chase Atlantic,Consume (feat. Goon Des Garcons),0X2bh8NVQ8svDQIn2AdCbW,77,2017,pop,0.556,0.714,9,-5.322,0,0.158,0.07,0.0,0.261,0.434,146.113,267920,4
2024-05-29 23:10,Chase Atlantic,Consume (feat. Goon Des Garcons),246346,chase atlantic - consume (feat. goon des garcons),293489,Chase Atlantic,Consume (feat. Goon Des Garcons),0X2bh8NVQ8svDQIn2AdCbW,77,2017,pop,0.556,0.714,9,-5.322,0,0.158,0.07,0.0,0.261,0.434,146.113,267920,4
2024-05-29 23:13,The Neighbourhood,Leaving Tonight,129270,the neighbourhood - leaving tonight,1840,The Neighbourhood,Leaving Tonight,6C0T7QMpmeDoDkke32Ctqb,54,2012,alt-rock,0.566,0.681,9,-5.443,0,0.0299,0.0149,0.0,0.104,0.187,119.916,203880,4
2024-05-29 23:19,Taylor Swift,Enchanted,352186,taylor swift - enchanted,1380362,Taylor Swift,Enchanted,10eBRyImhfqVvkiVEGf0N0,73,2010,pop,0.455,0.623,8,-3.878,1,0.0288,0.0739,0.000424,0.146,0.208,163.893,352187,4
2024-05-29 23:23,Taylor Swift,The Archer,211240,taylor swift - the archer,406406,Taylor Swift,The Archer,3pHkh7d0lzM2AldUtz2x37,73,2019,pop,0.292,0.574,0,-9.375,1,0.0401,0.12,0.00569,0.0663,0.166,124.344,211240,4
2024-05-29 23:36,Taylor Swift,I Knew You Were Trouble (Taylor's Version),36728,taylor swift - i knew you were trouble (taylor's version),515618,Taylor Swift,I Knew You Were Trouble (Taylor's Version),6AtZLIzUINvExIUy4QhdjP,72,2021,pop,0.584,0.557,6,-6.371,1,0.0342,0.0129,0.0,0.0576,0.767,154.008,219760,4
2024-05-29 23:42,Laufey,Valentine,168906,laufey - valentine,577935,Laufey,Valentine,6cx5CvFhqN19efStehJqoW,72,2022,singer-songwriter,0.472,0.204,3,-13.065,1,0.0452,0.917,0.0,0.107,0.224,82.51,168907,4
2024-05-29 23:51,Taylor Swift,You Belong With Me,15846,taylor swift - you belong with me,1238475,Taylor Swift,You Belong With Me,3GCL1PydwsLodcpv0Ll1ch,68,2008,pop,0.687,0.783,6,-4.44,1,0.0386,0.162,1.35e-05,0.114,0.443,129.964,231133,4
2024-05-29 23:51,Lana Del Rey,Cinnamon Girl,300683,lana del rey - cinnamon girl,406385,Lana Del Rey,Cinnamon Girl,2mdEsXPu8ZmkHRRtAdC09e,79,2019,pop,0.294,0.337,6,-10.614,0,0.036,0.814,0.414,0.14,0.135,91.781,300683,5
2024-05-29 23:52,Taylor Swift,Karma,1510,taylor swift - karma,569212,Taylor Swift,Karma,7KokYm8cMIXCsGVmUvKtqf,80,2022,pop,0.642,0.62,8,-7.091,1,0.0666,0.0734,0.0,0.483,0.0969,90.02,204852,4
2024-05-29 23:52,Olivia Rodrigo,traitor,1510,olivia rodrigo - traitor,515570,Olivia Rodrigo,traitor,5CZ40GBx1sQ9agT82CLQCT,84,2021,pop,0.38,0.339,3,-7.885,1,0.0338,0.691,0.0,0.12,0.0849,100.607,229227,4
2024-05-30 00:00,Lana Del Rey,Doin' Time,4430,lana del rey - doin' time,406379,Lana Del Rey,Doin' Time,0Oqc0kKFsQ6MhFOLBNZIGX,81,2019,pop,0.641,0.559,7,-11.132,0,0.0355,0.404,0.00402,0.0937,0.523,144.982,202193,4
2024-05-30 00:00,Taylor Swift,Gorgeous,2620,taylor swift - gorgeous,293486,Taylor Swift,Gorgeous,1ZY1PqizIl78geGM4xWlEA,77,2017,pop,0.8,0.535,7,-6.684,1,0.135,0.0713,9.48e-06,0.213,0.451,92.027,209680,4
2024-05-30 00:00,Kali Uchis,Moonlight,2915,kali uchis - moonlight,612537,Kali Uchis,Moonlight,2i2gDpKKWjvnRTOZRhaPh2,78,2023,pop,0.639,0.723,7,-6.462,0,0.0532,0.511,0.0,0.167,0.878,136.872,187558,4
2024-05-30 00:03,Laufey,Falling Behind,173640,laufey - falling behind,577944,Laufey,Falling Behind,4KGGeE7RJsgLNZmnxGFlOj,63,2022,singer-songwriter,0.449,0.353,7,-12.986,1,0.0915,0.942,0.0786,0.109,0.55,165.888,173640,4
2024-05-30 00:08,Taylor Swift,Daylight,293453,taylor swift - daylight,406418,Taylor Swift,Daylight,1fzAuUVbzlhZ1lJAx9PtY6,73,2019,pop,0.557,0.496,0,-9.602,1,0.0563,0.808,0.000173,0.0772,0.265,149.983,293453,4
2024-05-30 00:29,Olivia Rodrigo,deja vu,215506,olivia rodrigo - deja vu,515572,Olivia Rodrigo,deja vu,6HU7h9RYOaPRFeh0R3UeAr,83,2021,pop,0.442,0.612,2,-7.222,1,0.112,0.584,5.7e-06,0.37,0.178,180.917,215507,4
2024-05-30 00:33,Lana Del Rey,Ultraviolence,251480,lana del rey - ultraviolence,146806,Lana Del Rey,Ultraviolence,1y3r6RXiJZNBV1EI0NggpS,73,2014,pop,0.144,0.541,0,-7.076,1,0.038,0.278,1.01e-05,0.101,0.0899,79.262,251480,3
2024-05-30 00:38,Taylor Swift,Speak Now,240760,taylor swift - speak now,1380435,Taylor Swift,Speak Now,24DefNCFiWTP8OjYWiXuYe,62,2010,pop,0.709,0.599,7,-3.734,1,0.0304,0.095,0.0,0.0973,0.735,118.975,240760,4
2024-05-30 00:42,Lana Del Rey,Million Dollar Man,230120,lana del rey - million dollar man,40394,Lana Del Rey,Million Dollar Man,4lXHVnmDO5u62tGJIpTafd,53,2012,pop,0.382,0.589,6,-5.991,1,0.0359,0.484,0.0,0.131,0.511,65.627,231574,4
2024-05-30 00:43,Selena Gomez,Fetish (feat. Gucci Mane),4565,selena gomez - fetish (feat. gucci mane),264809,Selena Gomez,Fetish (feat. Gucci Mane),4lnAN2S1fcI0SjxEbksZVr,71,2017,dance,0.708,0.618,2,-4.424,1,0.0592,0.0204,6.81e-06,0.062,0.265,123.013,186113,4
2024-05-30 00:46,Lana Del Rey,"Once Upon a Dream - From ""Maleficent"" / Pop Version",203080,"lana del rey - once upon a dream - from ""maleficent"" / pop version",146828,Lana Del Rey,"Once Upon a Dream - From ""Maleficent"" / Pop Version",3liiZRlJxa8GeLUgWMoIeu,64,2014,pop,0.289,0.274,5,-16.574,1,0.0353,0.659,0.0166,0.109,0.167,119.997,203080,3
2024-05-30 00:50,Wiz Khalifa,See You Again (feat. Charlie Puth),229525,wiz khalifa - see you again (feat. charlie puth),188804,Wiz Khalifa,See You Again (feat. Charlie Puth),2JzZzZUQj3Qff7wapcbKjc,80,2015,hip-hop,0.689,0.481,10,-7.503,1,0.0815,0.369,1.03e-06,0.0649,0.283,80.025,229526,4
2024-05-30 00:53,Melanie Martinez,Dollhouse,15180,melanie martinez - dollhouse,126365,Melanie Martinez,Dollhouse,3deFSRUdM7JC8P1Fi6r0rY,43,2014,electro,0.725,0.708,5,-5.331,0,0.0756,0.22,0.0,0.777,0.555,130.029,231853,4
2024-05-30 00:53,Melanie Martinez,Teacher's Pet,114824,melanie martinez - teacher's pet,384326,Melanie Martinez,Teacher's Pet,5o5akY9xnEk6lpMkD8RwD9,74,2019,electro,0.686,0.794,7,-6.136,0,0.0385,0.27,2.25e-05,0.125,0.532,140.952,241893,3
2024-05-30 00:57,Sixpence None The Richer,Kiss Me,208680,sixpence none the richer - kiss me,901251,Sixpence None The Richer,Kiss Me,2aZ5oYPdDbLNRIUghXM9EV,39,2003,pop,0.475,0.898,3,-4.776,1,0.0442,0.00379,0.00108,0.082,0.351,100.127,199093,4
2024-05-30 01:01,Taylor Swift,All Of The Girls You Loved Before,221407,taylor swift - all of the girls you loved before,406371,Taylor Swift,All Of The Girls You Loved Before,4P9Q0GojKVXpRTJCaL3kyy,82,2019,pop,0.718,0.467,2,-9.66,1,0.0398,0.707,6.92e-05,0.126,0.396,95.96,221407,3
2024-05-30 01:06,Joji,Glimpse of Us,139945,joji - glimpse of us,569204,Joji,Glimpse of Us,6xGruZOHLs39ZbVccQTuPZ,85,2022,pop,0.44,0.317,8,-9.258,1,0.0531,0.891,4.78e-06,0.141,0.268,169.914,233456,3
2024-05-31 18:49,Joji,Glimpse of Us,4510,joji - glimpse of us,569204,Joji,Glimpse of Us,6xGruZOHLs39ZbVccQTuPZ,85,2022,pop,0.44,0.317,8,-9.258,1,0.0531,0.891,4.78e-06,0.141,0.268,169.914,233456,3
2024-05-31 18:55,Arctic Monkeys,Do I Wanna Know?,272394,arctic monkeys - do i wanna know?,77593,Arctic Monkeys,Do I Wanna Know?,5FVd6KXrgO9B3JPmC8OPst,86,2013,garage,0.548,0.532,5,-7.596,1,0.0323,0.186,0.000263,0.217,0.405,85.03,272394,4
2024-05-31 19:25,The Neighbourhood,Alleyways,267853,the neighbourhood - alleyways,56435,The Neighbourhood,Alleyways,4V37tyDu9CtqYshvrgLke4,59,2013,alt-rock,0.622,0.831,5,-4.819,0,0.0273,0.00102,0.803,0.119,0.363,101.03,267853,4
2024-05-31 19:29,Chase Atlantic,Okay,212306,chase atlantic - okay,293566,Chase Atlantic,Okay,492PZFHvGTm3RZZYeeUVWT,67,2017,pop,0.614,0.815,0,-6.784,1,0.131,0.112,0.0,0.121,0.431,130.049,212307,4
2024-05-31 19:41,Chase Atlantic,Consume (feat. Goon Des Garcons),267920,chase atlantic - consume (feat. goon des garcons),293489,Chase Atlantic,Consume (feat. Goon Des Garcons),0X2bh8NVQ8svDQIn2AdCbW,77,2017,pop,0.556,0.714,9,-5.322,0,0.158,0.07,0.0,0.261,0.434,146.113,267920,4
2024-05-31 19:53,Cigarettes After Sex,Falling In Love,143230,cigarettes after sex - falling in love,368577,Cigarettes After Sex,Falling In Love,4m1jesCFX1gQtIRFirfwCW,65,2019,ambient,0.482,0.267,7,-11.638,1,0.0262,0.722,0.02,0.125,0.347,140.617,245840,4
2024-05-31 19:56,The Neighbourhood,Leaving Tonight,203866,the neighbourhood - leaving tonight,1840,The Neighbourhood,Leaving Tonight,6C0T7QMpmeDoDkke32Ctqb,54,2012,alt-rock,0.566,0.681,9,-5.443,0,0.0299,0.0149,0.0,0.104,0.187,119.916,203880,4
2024-05-31 20:01,The Neighbourhood,Daddy Issues,260173,the neighbourhood - daddy issues,162916,The Neighbourhood,Daddy Issues,5E30LdtzQTGqRvNd7l6kG5,84,2015,alt-rock,0.588,0.521,10,-9.461,1,0.0329,0.0678,0.149,0.123,0.337,85.012,260173,4
2024-05-31 20:04,Arctic Monkeys,I Wanna Be Yours,183956,arctic monkeys - i wanna be yours,77591,Arctic Monkeys,I Wanna Be Yours,5XeFesFbtLpXzIVDNQP22n,91,2013,garage,0.464,0.417,0,-9.345,0,0.0256,0.136,0.022,0.0974,0.479,67.528,183956,4
2024-05-31 20:07,James Arthur,Car's Outside,930,james arthur - car's outside,406437,James Arthur,Car's Outside,0otRX6Z89qKkHkQ9OqJpKt,81,2019,pop,0.338,0.562,9,-7.181,1,0.029,0.039,0.0,0.107,0.259,149.907,248373,4
2024-05-31 20:07,The Neighbourhood,W.D.Y.W.F.M?,1180,the neighbourhood - w.d.y.w.f.m?,56407,The Neighbourhood,W.D.Y.W.F.M?,3vooOYHU0Fi3ViCG7Ozh0Y,65,2013,alt-rock,0.557,0.845,8,-2.926,0,0.0346,0.0303,0.00851,0.354,0.508,123.997,259413,4
2024-05-31 20:07,Cigarettes After Sex,John Wayne,143856,cigarettes after sex - john wayne,255750,Cigarettes After Sex,John Wayne,5IonbH68pmDKBwcKlyswmR,65,2017,ambient,0.429,0.457,3,-8.375,1,0.0294,0.35,0.859,0.099,0.183,124.033,258013,4
2024-05-31 20:07,Arctic Monkeys,Why'd You Only Call Me When You're High?,920,arctic monkeys - why'd you only call me when you're high?,77592,Arctic Monkeys,Why'd You Only Call Me When You're High?,086myS9r57YsLbJpU0TgK9,85,2013,garage,0.691,0.631,2,-6.478,1,0.0368,0.0483,1.13e-05,0.104,0.8,92.004,161124,4
2024-05-31 20:07,The Neighbourhood,Baby Came Home,1000,the neighbourhood - baby came home,1880,The Neighbourhood,Baby Came Home,3ypXE4brttsQR3OLLZbLZB,50,2012,alt-rock,0.639,0.571,0,-5.766,1,0.0284,0.0127,0.00283,0.0963,0.273,113.037,226893,4
2024-05-31 20:07,Arctic Monkeys,Baby I'm Yours,1630,arctic monkeys - baby i'm yours,1076412,Arctic Monkeys,Baby I'm Yours,6FLqFu1ApSkUddZ9P4H6Io,58,2006,garage,0.462,0.595,2,-9.363,1,0.0347,0.215,0.0,0.184,0.64,113.719,152613,4
2024-05-31 20:07,Cigarettes After Sex,You're the Only Good Thing In My Life,1190,cigarettes after sex - you're the only good thing in my life,368583,Cigarettes After Sex,You're the Only Good Thing in My Life,69BeOEL0DFLwA3WplXJxX5,59,2019,ambient,0.462,0.288,5,-11.199,1,0.0288,0.781,0.756,0.131,0.0589,130.164,275187,4
2024-05-31 20:07,The Neighbourhood,Female Robbery,1780,the neighbourhood - female robbery,2046,The Neighbourhood,Female Robbery,7e8bQb1csn5WvpOc4b5PJg,40,2012,alt-rock,0.403,0.888,7,-3.382,0,0.0413,0.056,0.00161,0.0682,0.391,176.483,206813,4
2024-05-31 20:11,The Neighbourhood,Flawless,246493,the neighbourhood - flawless,56405,The Neighbourhood,Flawless,2Kt1XplPBQBsDKQDa6TssB,68,2013,alt-rock,0.568,0.871,0,-3.453,1,0.0308,0.0553,0.51,0.303,0.374,119.99,246493,4
2024-05-31 20:19,Mitski,First Love/Late Spring,278640,mitski - first love/late spring,140598,Mitski,First Love/Late Spring,3sslYZcFKtUvIEWN9lADgr,76,2014,indie-pop,0.445,0.543,0,-8.196,1,0.0272,0.000825,0.0137,0.202,0.102,99.963,278640,4
2024-05-31 20:30,The Neighbourhood,Sadderdaze,245826,the neighbourhood - sadderdaze,311120,The Neighbourhood,Sadderdaze,7sIYHDxjteT6RY29gAGzP2,57,2018,alt-rock,0.414,0.527,4,-4.749,0,0.0287,0.00971,5.05e-05,0.145,0.306,120.009,245827,4
2024-05-31 22:33,Taylor Swift,Cruel Summer,178426,taylor swift - cruel summer,406369,Taylor Swift,Cruel Summer,1BxfuPKGuaTgP7aM0Bbdwr,83,2019,pop,0.552,0.702,9,-5.707,1,0.157,0.117,2.06e-05,0.105,0.564,169.994,178427,4
2024-05-31 22:36,beabadoobee,the perfect pair,177533,beabadoobee - the perfect pair,561972,beabadoobee,the perfect pair,41P6Tnd8KIHqON0QIydx6a,78,2022,indie-pop,0.634,0.663,11,-6.818,1,0.0331,0.433,0.124,0.102,0.6,146.053,177533,4
2024-05-31 22:44,Taylor Swift,Lover,221306,taylor swift - lover,406372,Taylor Swift,Lover,1dGr1c8CrMLDpV6mPbImSI,83,2019,pop,0.359,0.543,7,-7.582,1,0.0919,0.492,1.58e-05,0.118,0.453,68.534,221307,4
2024-05-31 22:45,Charlie Puth,One Call Away,3345,charlie puth - one call away,224474,Charlie Puth,One Call Away,7soJgKhQTO8hLP2JPRkL5O,64,2016,dance,0.667,0.613,1,-5.353,1,0.0344,0.403,0.0,0.115,0.47,91.024,194453,4
2024-05-31 22:45,Olivia Rodrigo,"All I Want - From ""High School Musical: The Musical: The Series""",4570,"olivia rodrigo - all i want - from ""high school musical: the musical: the series""",406403,Olivia Rodrigo,"All I Want - From ""High School Musical: The Musical: The Series""",4Yxc55NX3tAXC2mHRAhtcW,76,2019,pop,0.376,0.43,0,-6.585,0,0.0328,0.0902,0.0,0.0912,0.129,77.599,177323,3
2024-05-31 22:49,Taylor Swift,Style,231000,taylor swift - style,146766,Taylor Swift,Style,4lIxdJw6W3Fg4vUIYCB0S5,74,2014,pop,0.598,0.786,2,-5.572,1,0.0383,0.00253,0.0016,0.117,0.456,95.019,231000,4
2024-05-31 22:51,beabadoobee,Glue Song,135066,beabadoobee - glue song,606469,beabadoobee,Glue Song,3iBgrkexCzVuPy4O9vx7Mf,82,2023,indie-pop,0.62,0.409,1,-10.146,1,0.0282,0.77,0.0542,0.105,0.582,113.946,135067,3
2024-05-31 23:14,Laufey,Fragile,241080,laufey - fragile,577950,Laufey,Fragile,608wYP5XWenLz8cOSYjX7X,59,2022,singer-songwriter,0.361,0.413,3,-12.43,1,0.065,0.931,0.000179,0.231,0.336,149.301,241080,4
2024-05-31 23:18,Taylor Swift,Speak Now,240760,taylor swift - speak now,1380435,Taylor Swift,Speak Now,24DefNCFiWTP8OjYWiXuYe,62,2010,pop,0.709,0.599,7,-3.734,1,0.0304,0.095,0.0,0.0973,0.735,118.975,240760,4
2024-05-31 23:35,Taylor Swift,Karma,204852,taylor swift - karma,569212,Taylor Swift,Karma,7KokYm8cMIXCsGVmUvKtqf,80,2022,pop,0.642,0.62,8,-7.091,1,0.0666,0.0734,0.0,0.483,0.0969,90.02,204852,4
2024-05-31 23:39,Lana Del Rey,Dark Paradise,243187,lana del rey - dark paradise,40368,Lana Del Rey,Dark Paradise,2Y115i0IhELJhyyftvoSFt,62,2012,pop,0.6,0.653,1,-8.309,0,0.0594,0.0953,0.0,0.122,0.43,119.994,243187,4
2024-05-31 23:43,Taylor Swift,Blank Space,231826,taylor swift - blank space,146765,Taylor Swift,Blank Space,1p80LdxRV74UKvL8gnD7ky,76,2014,pop,0.753,0.678,5,-5.421,1,0.0644,0.085,1.64e-06,0.13,0.583,96.006,231827,4
2024-05-31 23:50,Lana Del Rey,Diet Mountain Dew,222920,lana del rey - diet mountain dew,40357,Lana Del Rey,Diet Mountain Dew,6BFnRhvKCclDQOajt8dBGi,67,2012,pop,0.442,0.68,10,-5.971,0,0.0858,0.284,0.0,0.421,0.601,176.09,222920,4
2024-05-31 23:56,Keane,Somewhere Only We Know,62029,keane - somewhere only we know,93054,Keane,Somewhere Only We Know,7AQAlklmptrrkBSeujkXsD,54,2013,piano,0.442,0.606,9,-5.825,1,0.0259,0.0678,1.43e-05,0.0973,0.359,171.982,235880,4
2024-06-01 16:52,Lana Del Rey,Cinnamon Girl,234750,lana del rey - cinnamon girl,406385,Lana Del Rey,Cinnamon Girl,2mdEsXPu8ZmkHRRtAdC09e,79,2019,pop,0.294,0.337,6,-10.614,0,0.036,0.814,0.414,0.14,0.135,91.781,300683,5
2024-06-01 16:53,Lana Del Rey,Cinnamon Girl,65939,lana del rey - cinnamon girl,406385,Lana Del Rey,Cinnamon Girl,2mdEsXPu8ZmkHRRtAdC09e,79,2019,pop,0.294,0.337,6,-10.614,0,0.036,0.814,0.414,0.14,0.135,91.781,300683,5
2024-06-01 17:03,Taylor Swift,Wildest Dreams,220440,taylor swift - wildest dreams,146777,Taylor Swift,Wildest Dreams,59HjlYCeBsxdI0fcm3zglw,71,2014,pop,0.554,0.666,8,-7.414,1,0.0747,0.0702,0.00593,0.106,0.472,140.056,220440,4
2024-06-01 17:12,Taylor Swift,All Too Well (Taylor's Version),329160,taylor swift - all too well (taylor's version),515629,Taylor Swift,All Too Well (Taylor's Version),3nsfB1vus2qaloUdcBZvDu,71,2021,pop,0.44,0.528,0,-7.809,1,0.0317,0.0171,0.00203,0.234,0.132,185.972,329160,4
2024-06-01 17:16,Taylor Swift,cardigan,239560,taylor swift - cardigan,461996,Taylor Swift,cardigan,4R2kfaDFhslZEMJqAFNpdd,84,2020,pop,0.613,0.581,0,-8.588,0,0.0424,0.537,0.000345,0.25,0.551,130.033,239560,4
2024-06-01 17:21,Lana Del Rey,Million Dollar Man,230120,lana del rey - million dollar man,40394,Lana Del Rey,Million Dollar Man,4lXHVnmDO5u62tGJIpTafd,53,2012,pop,0.382,0.589,6,-5.991,1,0.0359,0.484,0.0,0.131,0.511,65.627,231574,4
2024-06-01 17:26,ZAYN,I Don’t Wanna Live Forever (Fifty Shades Darker),247160,zayn - i don’t wanna live forever (fifty shades darker),264785,ZAYN,I Don’t Wanna Live Forever (Fifty Shades Darker),55n9yjI6qqXh5F2mYvUc2y,77,2017,dance,0.731,0.445,0,-8.418,1,0.0533,0.0586,1.96e-05,0.14,0.106,117.97,247160,4
2024-06-01 17:28,SZA,Kill Bill,153946,sza - kill bill,569184,SZA,Kill Bill,1Qrg8KqiBpW07V7PNxwwwL,94,2022,pop,0.644,0.735,8,-5.747,1,0.0391,0.0521,0.144,0.161,0.418,88.98,153947,4
2024-06-01 17:32,Conan Gray,Memories,248818,conan gray - memories,569229,Conan Gray,Memories,5UXJzLFdBn6u9FJTCnoHrH,81,2022,pop,0.34,0.684,11,-6.306,1,0.044,0.00979,0.0,0.348,0.556,112.969,248819,4
2024-06-02 00:08,Ruth B.,Dandelions,7120,ruth b. - dandelions,293465,Ruth B.,Dandelions,2eAvDnpXP5W0cVtiI0PUxV,87,2017,pop,0.609,0.692,1,-2.958,1,0.0259,0.0157,0.0,0.0864,0.454,116.959,233720,3
2024-06-02 00:08,Ruth B.,Dandelions,168603,ruth b. - dandelions,293465,Ruth B.,Dandelions,2eAvDnpXP5W0cVtiI0PUxV,87,2017,pop,0.609,0.692,1,-2.958,1,0.0259,0.0157,0.0,0.0864,0.454,116.959,233720,3
2024-06-02 00:12,Chase Atlantic,HEAVEN AND BACK,248240,chase atlantic - heaven and back,406526,Chase Atlantic,HEAVEN AND BACK,5dewQ7ojISR32NAYNHFYWC,66,2019,pop,0.309,0.793,10,-6.195,0,0.0774,0.0902,0.092,0.0888,0.532,193.714,248240,4
2024-06-02 00:26,The Neighbourhood,Prey,282640,the neighbourhood - prey,162945,The Neighbourhood,Prey,38kjFXYgPvtuXCPbHPMGte,63,2015,alt-rock,0.517,0.779,9,-5.005,0,0.0477,0.0258,0.0,0.0622,0.197,115.206,282640,4
2024-06-02 00:34,Arctic Monkeys,Snap Out Of It,193030,arctic monkeys - snap out of it,77594,Arctic Monkeys,Snap Out Of It,0NdTUS4UiNYCNn5FgVqKQY,78,2013,garage,0.728,0.638,5,-6.455,0,0.0336,0.249,0.0,0.116,0.872,130.014,193030,4
2024-06-03 18:38,Camille Saint-Saëns,"Le Carnaval des Animaux, R. 125: XIII. Le cygne",165244,"camille saint-saëns - le carnaval des animaux, r. 125: xiii. le cygne",221096,Camille Saint-Saëns,"Le Carnaval des Animaux, R. 125: XIII. Le Cygne",1VS5xEsdJ76zjnUxHxZR1H,41,2016,classical,0.175,0.0121,7,-35.357,1,0.0441,0.99,0.386,0.1,0.048,84.253,153133,4
2024-06-03 18:38,Camille Saint-Saëns,"Le Carnaval des Animaux, R. 125: XIII. Le cygne",165244,"camille saint-saëns - le carnaval des animaux, r. 125: xiii. le cygne",598296,Camille Saint-Saëns,"Le carnaval des animaux, R. 125: XIII. Le cygne",11MZWf7Jys4IjPio8qS38x,0,2023,french,0.199,0.0957,7,-27.582,1,0.045,0.976,0.389,0.0935,0.041,97.898,172213,3
2024-06-03 18:43,Frédéric Chopin,"Waltz In A Minor, B. 150",125379,"frédéric chopin - waltz in a minor, b. 150",484970,Frédéric Chopin,"Waltz in A Minor, B. 150",4EosSFBRQdQikHurBKWRbM,34,2021,classical,0.273,0.326,9,-14.757,0,0.0602,0.988,0.943,0.101,0.227,71.952,155240,4
2024-06-03 19:17,The Neighbourhood,Baby Came Home 2 / Valentines,218000,the neighbourhood - baby came home 2 / valentines,162929,The Neighbourhood,Baby Came Home 2 / Valentines,40gvh6jP5qxMJuMmF9lG9A,67,2015,alt-rock,0.21,0.499,2,-9.754,0,0.0485,0.0687,0.00315,0.773,0.108,74.094,390493,4
2024-06-03 19:21,The Neighbourhood,Leaving Tonight,195010,the neighbourhood - leaving tonight,1840,The Neighbourhood,Leaving Tonight,6C0T7QMpmeDoDkke32Ctqb,54,2012,alt-rock,0.566,0.681,9,-5.443,0,0.0299,0.0149,0.0,0.104,0.187,119.916,203880,4
2024-06-03 19:21,Ellie Goulding,My Blood,2290,ellie goulding - my blood,12165,Ellie Goulding,My Blood,6knYNyQupBIbBxV8TMOMYM,58,2012,dance,0.476,0.592,9,-5.283,0,0.029,0.556,0.0,0.281,0.306,87.003,234185,4
2024-06-03 19:24,Laufey,Valentine,168906,laufey - valentine,577935,Laufey,Valentine,6cx5CvFhqN19efStehJqoW,72,2022,singer-songwriter,0.472,0.204,3,-13.065,1,0.0452,0.917,0.0,0.107,0.224,82.51,168907,4
2024-06-03 19:25,Sabrina Carpenter,Feather,38582,sabrina carpenter - feather,591140,Sabrina Carpenter,Feather,2Zo1PcszsT9WQ0ANntJbID,67,2023,dance,0.787,0.686,6,-4.37,0,0.0339,0.0893,0.0,0.0927,0.836,123.51,185553,4
2024-06-03 19:28,Doja Cat,Kiss Me More (feat. SZA),208666,doja cat - kiss me more (feat. sza),487896,Doja Cat,Kiss Me More (feat. SZA),3DarAbFujv6eYNliUTyqtz,80,2021,dance,0.764,0.705,8,-3.463,1,0.0284,0.259,8.92e-05,0.12,0.781,110.97,208667,4
2024-06-03 19:33,Gwen Stefani,Luxurious,264920,gwen stefani - luxurious,931096,Gwen Stefani,Luxurious,3UQmoVQJqBYauTZLVPs3uo,62,2004,dance,0.811,0.726,0,-3.995,1,0.0813,0.154,0.0,0.116,0.666,131.027,264920,4
2024-06-03 19:34,Sabrina Carpenter,Looking at Me,18556,sabrina carpenter - looking at me,377696,Sabrina Carpenter,Looking at Me,59tskctgqUmjCWAwhzYAFm,71,2019,dance,0.681,0.798,2,-4.367,1,0.0375,0.00398,5.11e-06,0.0542,0.516,105.99,181120,4
2024-06-03 19:37,Taylor Swift,London Boy,190240,taylor swift - london boy,406414,Taylor Swift,London Boy,1LLXZFeAHK9R4xUramtUKw,73,2019,pop,0.695,0.71,1,-6.639,1,0.05,0.0246,0.000104,0.133,0.557,157.925,190240,4
2024-06-03 19:43,Justin Bieber,Ghost,1170,justin bieber - ghost,515568,Justin Bieber,Ghost,6I3mqTwhRpn34SLVafSH7G,85,2021,pop,0.601,0.741,2,-5.569,1,0.0478,0.185,2.91e-05,0.415,0.441,153.96,153190,4
2024-06-03 19:56,Sixpence None The Richer,Kiss Me,208680,sixpence none the richer - kiss me,901251,Sixpence None The Richer,Kiss Me,2aZ5oYPdDbLNRIUghXM9EV,39,2003,pop,0.475,0.898,3,-4.776,1,0.0442,0.00379,0.00108,0.082,0.351,100.127,199093,4
2024-06-03 20:01,Taylor Swift,Don’t Blame Me,236413,taylor swift - don’t blame me,293464,Taylor Swift,Don’t Blame Me,1R0a2iXumgCiFb7HEZ7gUE,85,2017,pop,0.615,0.534,9,-6.719,0,0.0386,0.106,1.76e-05,0.0607,0.193,135.917,236413,4
2024-06-03 20:05,Olivia Rodrigo,deja vu,215506,olivia rodrigo - deja vu,515572,Olivia Rodrigo,deja vu,6HU7h9RYOaPRFeh0R3UeAr,83,2021,pop,0.442,0.612,2,-7.222,1,0.112,0.584,5.7e-06,0.37,0.178,180.917,215507,4
2024-06-03 20:08,Taylor Swift,We Are Never Ever Getting Back Together,191880,taylor swift - we are never ever getting back together,40360,Taylor Swift,We Are Never Ever Getting Back Together,0VwNdo84DaVYLIkbVO86ND,74,2012,pop,0.628,0.676,7,-5.911,1,0.0916,0.00957,2.65e-05,0.121,0.75,85.984,193147,4
2024-06-03 20:19,The 1975,About You,326490,the 1975 - about you,531980,The 1975,About You,1fDFHXcykq4iw8Gg7s5hG9,81,2022,alt-rock,0.416,0.762,2,-7.385,1,0.0279,0.312,0.804,0.0559,0.461,95.967,326491,4
2024-06-03 21:35,beabadoobee,Glue Song,135066,beabadoobee - glue song,606469,beabadoobee,Glue Song,3iBgrkexCzVuPy4O9vx7Mf,82,2023,indie-pop,0.62,0.409,1,-10.146,1,0.0282,0.77,0.0542,0.105,0.582,113.946,135067,3
2024-06-03 21:59,Ruth B.,Dandelions,233720,ruth b. - dandelions,293465,Ruth B.,Dandelions,2eAvDnpXP5W0cVtiI0PUxV,87,2017,pop,0.609,0.692,1,-2.958,1,0.0259,0.0157,0.0,0.0864,0.454,116.959,233720,3
2024-06-03 22:17,Taylor Swift,You Belong With Me,231133,taylor swift - you belong with me,1238475,Taylor Swift,You Belong With Me,3GCL1PydwsLodcpv0Ll1ch,68,2008,pop,0.687,0.783,6,-4.44,1,0.0386,0.162,1.35e-05,0.114,0.443,129.964,231133,4
2024-06-03 22:18,Joji,Glimpse of Us,25770,joji - glimpse of us,569204,Joji,Glimpse of Us,6xGruZOHLs39ZbVccQTuPZ,85,2022,pop,0.44,0.317,8,-9.258,1,0.0531,0.891,4.78e-06,0.141,0.268,169.914,233456,3
2024-06-03 22:18,Olivia Rodrigo,"All I Want - From ""High School Musical: The Musical: The Series""",8550,"olivia rodrigo - all i want - from ""high school musical: the musical: the series""",406403,Olivia Rodrigo,"All I Want - From ""High School Musical: The Musical: The Series""",4Yxc55NX3tAXC2mHRAhtcW,76,2019,pop,0.376,0.43,0,-6.585,0,0.0328,0.0902,0.0,0.0912,0.129,77.599,177323,3
2024-06-03 22:21,Taylor Swift,Blank Space,112850,taylor swift - blank space,146765,Taylor Swift,Blank Space,1p80LdxRV74UKvL8gnD7ky,76,2014,pop,0.753,0.678,5,-5.421,1,0.0644,0.085,1.64e-06,0.13,0.583,96.006,231827,4
2024-06-03 22:25,Julia Michaels,What A Time (feat. Niall Horan),10539,julia michaels - what a time (feat. niall horan),377674,Julia Michaels,What A Time (feat. Niall Horan),5WtfUKzXircvW8l5aaVZWT,78,2019,dance,0.516,0.467,0,-6.184,1,0.0302,0.662,0.0,0.0853,0.386,132.861,173307,4
2024-06-03 22:25,Lana Del Rey,Dark Paradise,1230,lana del rey - dark paradise,40368,Lana Del Rey,Dark Paradise,2Y115i0IhELJhyyftvoSFt,62,2012,pop,0.6,0.653,1,-8.309,0,0.0594,0.0953,0.0,0.122,0.43,119.994,243187,4
2024-06-03 22:29,SZA,Snooze,15518,sza - snooze,569186,SZA,Snooze,4iZ4pt7kvcaH6Yo8UoZ4s2,90,2022,pop,0.559,0.551,5,-7.231,1,0.132,0.141,0.0,0.11,0.392,143.008,201800,4
2024-06-03 22:29,Taylor Swift,Fearless (Taylor’s Version),241591,taylor swift - fearless (taylor’s version),515625,Taylor Swift,Fearless (Taylor’s Version),77sMIMlNaSURUAXq5coCxE,71,2021,pop,0.569,0.741,5,-4.963,1,0.0282,0.0122,0.0,0.333,0.43,100.118,241592,4
2024-06-03 22:34,Sam Smith,I'm Not The Only One,2500,sam smith - i'm not the only one,146770,Sam Smith,I'm Not The Only One,7795WJLVKJoAyVoOtCWqXN,84,2014,pop,0.677,0.485,5,-5.795,1,0.0361,0.529,2.04e-05,0.0766,0.493,82.001,239317,4
2024-06-03 22:34,Taylor Swift,Daylight,275950,taylor swift - daylight,406418,Taylor Swift,Daylight,1fzAuUVbzlhZ1lJAx9PtY6,73,2019,pop,0.557,0.496,0,-9.602,1,0.0563,0.808,0.000173,0.0772,0.265,149.983,293453,4
2024-06-03 22:35,Kina,Get You The Moon (feat. Snøw),44591,kina - get you the moon (feat. snøw),355338,Kina,Get You The Moon (feat. Snøw),4ZLzoOkj0MPWrTLvooIuaa,78,2018,sad,0.498,0.235,1,-16.541,0,0.188,0.72,0.0,0.144,0.0895,118.917,179080,4
2024-06-03 22:36,Vanessa Carlton,A Thousand Miles,4700,vanessa carlton - a thousand miles,293427,Vanessa Carlton,A Thousand Miles,0zdTil4OA0P0Wv6s1BnmLw,15,2017,piano,0.567,0.809,11,-4.688,1,0.0355,0.295,0.0,0.169,0.282,94.916,237493,4
2024-06-03 22:36,The Weeknd,Can't Feel My Face,3450,the weeknd - can't feel my face,197519,The Weeknd,Can't Feel My Face,22VdIZQfgXJea34mQxlt81,81,2015,pop,0.705,0.769,9,-5.526,0,0.0425,0.113,0.0,0.105,0.583,107.949,213520,4
2024-06-03 22:36,Britney Spears,Criminal,620,britney spears - criminal,1412836,Britney Spears,Criminal,6T689Jvh5KrSXyaPtUWZtQ,70,2011,dance,0.696,0.734,7,-5.294,1,0.0298,0.0485,0.0,0.183,0.711,107.987,225080,4
2024-06-03 22:48,Eminem,The Real Slim Shady,284200,eminem - the real slim shady,651395,Eminem,The Real Slim Shady,3yfqSUWxFvZELEM4PmlwIR,86,2000,hip-hop,0.949,0.661,5,-4.244,0,0.0572,0.0302,0.0,0.0454,0.76,104.504,284200,4
2024-06-03 22:49,Justin Bieber,Ghost,1340,justin bieber - ghost,515568,Justin Bieber,Ghost,6I3mqTwhRpn34SLVafSH7G,85,2021,pop,0.601,0.741,2,-5.569,1,0.0478,0.185,2.91e-05,0.415,0.441,153.96,153190,4
2024-06-03 22:49,Taylor Swift,All Too Well (Taylor's Version),1300,taylor swift - all too well (taylor's version),515629,Taylor Swift,All Too Well (Taylor's Version),3nsfB1vus2qaloUdcBZvDu,71,2021,pop,0.44,0.528,0,-7.809,1,0.0317,0.0171,0.00203,0.234,0.132,185.972,329160,4
2024-06-03 22:49,Taylor Swift,Cruel Summer,3250,taylor swift - cruel summer,406369,Taylor Swift,Cruel Summer,1BxfuPKGuaTgP7aM0Bbdwr,83,2019,pop,0.552,0.702,9,-5.707,1,0.157,0.117,2.06e-05,0.105,0.564,169.994,178427,4
2024-06-03 22:49,Bruno Mars,Marry You,0,bruno mars - marry you,1343497,Bruno Mars,Marry You,22PMfvdz35fFKYnJyMn077,74,2010,dance,0.621,0.82,10,-4.865,1,0.0367,0.332,0.0,0.104,0.452,144.905,230192,4
2024-06-03 22:49,The Weeknd,The Hills,0,the weeknd - the hills,197514,The Weeknd,The Hills,7fBv7CLKzipRk6EC6TWHOB,86,2015,pop,0.585,0.564,0,-7.063,0,0.0515,0.0671,0.0,0.135,0.137,113.003,242253,4
2024-06-03 22:49,Maroon 5,Payphone,5880,maroon 5 - payphone,40350,Maroon 5,Payphone,4P0osvTXoSYZZC2n8IFH3c,70,2012,pop,0.739,0.756,4,-4.828,1,0.0394,0.0136,0.0,0.37,0.523,110.028,231387,4
2024-06-04 01:30,Arctic Monkeys,Why'd You Only Call Me When You're High?,30548,arctic monkeys - why'd you only call me when you're high?,77592,Arctic Monkeys,Why'd You Only Call Me When You're High?,086myS9r57YsLbJpU0TgK9,85,2013,garage,0.691,0.631,2,-6.478,1,0.0368,0.0483,1.13e-05,0.104,0.8,92.004,161124,4
2024-06-04 18:02,Lana Del Rey,Doin' Time,202192,lana del rey - doin' time,406379,Lana Del Rey,Doin' Time,0Oqc0kKFsQ6MhFOLBNZIGX,81,2019,pop,0.641,0.559,7,-11.132,0,0.0355,0.404,0.00402,0.0937,0.523,144.982,202193,4
2024-06-04 18:16,Gwen Stefani,Luxurious,128467,gwen stefani - luxurious,931096,Gwen Stefani,Luxurious,3UQmoVQJqBYauTZLVPs3uo,62,2004,dance,0.811,0.726,0,-3.995,1,0.0813,0.154,0.0,0.116,0.666,131.027,264920,4
2024-06-04 18:24,Robert Schumann,"Kinderszenen, Op. 15: No. 7, Träumerei",174954,"robert schumann - kinderszenen, op. 15: no. 7, träumerei",538631,Robert Schumann,"Kinderszenen, Op. 15: No. 7, Träumerei",2WjwQYMR9LUOfvtYTuVMLi,33,2022,classical,0.384,0.0128,5,-32.821,1,0.0599,0.996,0.948,0.0584,0.274,133.833,148027,3
2024-06-04 18:46,Katy Perry,The One That Got Away,227333,katy perry - the one that got away,12132,Katy Perry,The One That Got Away,3oL3XRtkP1WVbMxf7dtTdu,72,2012,dance,0.687,0.792,1,-4.023,0,0.0353,0.000802,0.0,0.2,0.864,133.962,227333,4
2024-06-04 18:53,The 1975,About You,326490,the 1975 - about you,531980,The 1975,About You,1fDFHXcykq4iw8Gg7s5hG9,81,2022,alt-rock,0.416,0.762,2,-7.385,1,0.0279,0.312,0.804,0.0559,0.461,95.967,326491,4
2024-06-04 19:01,SZA,Snooze,201800,sza - snooze,569186,SZA,Snooze,4iZ4pt7kvcaH6Yo8UoZ4s2,90,2022,pop,0.559,0.551,5,-7.231,1,0.132,0.141,0.0,0.11,0.392,143.008,201800,4
2024-06-04 19:15,7!!,オレンジ,1270,7!! - オレンジ,297466,7!!,オレンジ,1iOQmZULzzkDN1hQZNoDii,49,2017,rock,0.4,0.563,7,-4.023,1,0.0319,0.194,0.0,0.162,0.311,172.027,350107,4
2024-06-04 19:15,Lana Del Rey,Radio,6511,lana del rey - radio,40378,Lana Del Rey,Radio,4PMdq7Q7xOFrY424ZelZEb,59,2012,pop,0.423,0.857,2,-5.173,1,0.0687,0.188,2.63e-05,0.105,0.196,75.024,214574,4
2024-06-04 19:15,Ellie Goulding,Burn,1130,ellie goulding - burn,12153,Ellie Goulding,Burn,5lF0pHbsJ0QqyIrLweHJPW,70,2012,dance,0.555,0.772,1,-5.007,1,0.0523,0.315,0.0,0.105,0.346,86.921,231213,4
2024-06-04 19:15,Taylor Swift,The Man,950,taylor swift - the man,406380,Taylor Swift,The Man,3RauEVgRgj1IuWdJ9fDs70,78,2019,pop,0.777,0.658,0,-5.191,1,0.054,0.0767,0.0,0.0901,0.633,110.048,190360,4
2024-06-04 19:15,Taylor Swift,Blank Space,2000,taylor swift - blank space,146765,Taylor Swift,Blank Space,1p80LdxRV74UKvL8gnD7ky,76,2014,pop,0.753,0.678,5,-5.421,1,0.0644,0.085,1.64e-06,0.13,0.583,96.006,231827,4
2024-06-04 19:19,Taylor Swift,Love Story,235266,taylor swift - love story,1238481,Taylor Swift,Love Story,1vrd6UOGamcKNGnSHJQlSt,67,2008,pop,0.618,0.741,2,-3.95,1,0.031,0.17,0.0,0.0822,0.296,118.984,235267,4
2024-06-04 19:25,Justin Bieber,Ghost,12326,justin bieber - ghost,515568,Justin Bieber,Ghost,6I3mqTwhRpn34SLVafSH7G,85,2021,pop,0.601,0.741,2,-5.569,1,0.0478,0.185,2.91e-05,0.415,0.441,153.96,153190,4
2024-06-04 19:25,Taylor Swift,Enchanted,352186,taylor swift - enchanted,1380362,Taylor Swift,Enchanted,10eBRyImhfqVvkiVEGf0N0,73,2010,pop,0.455,0.623,8,-3.878,1,0.0288,0.0739,0.000424,0.146,0.208,163.893,352187,4
2024-06-04 19:37,Taylor Swift,Daylight,282122,taylor swift - daylight,406418,Taylor Swift,Daylight,1fzAuUVbzlhZ1lJAx9PtY6,73,2019,pop,0.557,0.496,0,-9.602,1,0.0563,0.808,0.000173,0.0772,0.265,149.983,293453,4
2024-06-04 22:39,Taylor Swift,Daylight,15650,taylor swift - daylight,406418,Taylor Swift,Daylight,1fzAuUVbzlhZ1lJAx9PtY6,73,2019,pop,0.557,0.496,0,-9.602,1,0.0563,0.808,0.000173,0.0772,0.265,149.983,293453,4
2024-06-04 22:39,Taylor Swift,Daylight,210630,taylor swift - daylight,406418,Taylor Swift,Daylight,1fzAuUVbzlhZ1lJAx9PtY6,73,2019,pop,0.557,0.496,0,-9.602,1,0.0563,0.808,0.000173,0.0772,0.265,149.983,293453,4
2024-06-04 22:47,Taylor Swift,Daylight,241430,taylor swift - daylight,406418,Taylor Swift,Daylight,1fzAuUVbzlhZ1lJAx9PtY6,73,2019,pop,0.557,0.496,0,-9.602,1,0.0563,0.808,0.000173,0.0772,0.265,149.983,293453,4
2024-06-04 23:29,Daniel Paterok,Melancholia,209921,daniel paterok - melancholia,261279,Daniel Paterok,Melancholia,4QjZUrgNRTOrpM3kp2ghZq,39,2017,classical,0.287,0.0655,8,-19.57,0,0.0408,0.985,0.91,0.109,0.0768,80.325,209922,5
2024-06-04 23:41,Claude Debussy,"Préludes / Book 1, L. 117: VIII. La Fille Aux Cheveux De Lin",146683,"claude debussy - préludes / book 1, l. 117: viii. la fille aux cheveux de lin",317502,Claude Debussy,"Préludes / Book 1, L. 117: VIII. La fille aux cheveux de lin",5NAIQcA3vCUOC9AxNteyfD,51,2018,classical,0.345,0.00421,6,-33.152,1,0.0511,0.995,0.896,0.0514,0.131,127.845,151440,4
2024-06-05 00:05,Johann Sebastian Bach,"Violin Concerto in A Minor, BWV 1041: I. Allegro moderato",218720,"johann sebastian bach - violin concerto in a minor, bwv 1041: i. allegro moderato",430163,Johann Sebastian Bach,"Violin Concerto in A Minor, BWV 1041: I. Allegro moderato",5yPHfuHmW2b9nfdD9YeUAV,33,2020,classical,0.545,0.231,9,-18.056,0,0.0421,0.866,0.000564,0.0573,0.62,98.618,218720,4
2024-06-05 18:44,Lana Del Rey,West Coast,174805,lana del rey - west coast,146772,Lana Del Rey,West Coast,5Y6nVaayzitvsD5F7nr3DV,81,2014,pop,0.527,0.591,6,-7.664,0,0.0396,0.194,0.0194,0.0907,0.461,123.167,256760,4
2024-06-05 18:52,Sixpence None The Richer,Kiss Me,208680,sixpence none the richer - kiss me,901251,Sixpence None The Richer,Kiss Me,2aZ5oYPdDbLNRIUghXM9EV,39,2003,pop,0.475,0.898,3,-4.776,1,0.0442,0.00379,0.00108,0.082,0.351,100.127,199093,4
2024-06-05 18:53,7!!,オレンジ,1690,7!! - オレンジ,297466,7!!,オレンジ,1iOQmZULzzkDN1hQZNoDii,49,2017,rock,0.4,0.563,7,-4.023,1,0.0319,0.194,0.0,0.162,0.311,172.027,350107,4
2024-06-05 18:54,Billie Eilish,everything i wanted,17840,billie eilish - everything i wanted,384323,Billie Eilish,everything i wanted,3ZCTVFBt2Brf31RLEnCkWJ,83,2019,electro,0.704,0.225,6,-14.454,0,0.0994,0.902,0.657,0.106,0.243,120.006,245426,4
2024-06-05 18:54,Lana Del Rey,"Once Upon a Dream - From ""Maleficent"" / Pop Version",26500,"lana del rey - once upon a dream - from ""maleficent"" / pop version",146828,Lana Del Rey,"Once Upon a Dream - From ""Maleficent"" / Pop Version",3liiZRlJxa8GeLUgWMoIeu,64,2014,pop,0.289,0.274,5,-16.574,1,0.0353,0.659,0.0166,0.109,0.167,119.997,203080,3
2024-06-05 18:54,Dean Lewis,Be Alright,2780,dean lewis - be alright,350215,Dean Lewis,Be Alright,3EPXxR3ImUwfayaurPi3cm,77,2018,pop,0.553,0.586,11,-6.319,1,0.0362,0.697,0.0,0.0813,0.443,126.684,196373,4
2024-06-05 18:54,Olivia Rodrigo,"All I Want - From ""High School Musical: The Musical: The Series""",2660,"olivia rodrigo - all i want - from ""high school musical: the musical: the series""",406403,Olivia Rodrigo,"All I Want - From ""High School Musical: The Musical: The Series""",4Yxc55NX3tAXC2mHRAhtcW,76,2019,pop,0.376,0.43,0,-6.585,0,0.0328,0.0902,0.0,0.0912,0.129,77.599,177323,3
2024-06-05 18:59,Taylor Swift,Back To December,293026,taylor swift - back to december,1380399,Taylor Swift,Back To December,3DrjZArsPsoqbLzUZZV1Id,67,2010,pop,0.529,0.67,2,-4.663,1,0.0303,0.117,0.0,0.334,0.286,141.893,293027,4
2024-06-05 19:04,Jung Seung Hwan,Day & Night,260600,jung seung hwan - day & night,456949,Jung Seung Hwan,Day & Night,1j5oDtBWVtNoVHMi2n6Fkz,61,2020,k-pop,0.509,0.269,3,-8.765,1,0.0277,0.897,0.00212,0.174,0.29,131.954,260600,4
2024-06-05 19:20,Coldplay,Yellow,246203,coldplay - yellow,612578,Coldplay,Yellow,2SMr5VizKY9Bv0vIPIcm5R,1,2023,pop,0.429,0.661,11,-7.227,1,0.0281,0.00239,0.000121,0.234,0.285,173.372,266773,4
2024-06-05 19:24,Taylor Swift,Karma,204852,taylor swift - karma,569212,Taylor Swift,Karma,7KokYm8cMIXCsGVmUvKtqf,80,2022,pop,0.642,0.62,8,-7.091,1,0.0666,0.0734,0.0,0.483,0.0969,90.02,204852,4
2024-06-05 19:30,Taylor Swift,Enchanted,352186,taylor swift - enchanted,1380362,Taylor Swift,Enchanted,10eBRyImhfqVvkiVEGf0N0,73,2010,pop,0.455,0.623,8,-3.878,1,0.0288,0.0739,0.000424,0.146,0.208,163.893,352187,4
2024-06-05 19:38,Taylor Swift,Lover,221306,taylor swift - lover,406372,Taylor Swift,Lover,1dGr1c8CrMLDpV6mPbImSI,83,2019,pop,0.359,0.543,7,-7.582,1,0.0919,0.492,1.58e-05,0.118,0.453,68.534,221307,4
2024-06-05 19:43,Taylor Swift,I Knew You Were Trouble (Taylor's Version),920,taylor swift - i knew you were trouble (taylor's version),515618,Taylor Swift,I Knew You Were Trouble (Taylor's Version),6AtZLIzUINvExIUy4QhdjP,72,2021,pop,0.584,0.557,6,-6.371,1,0.0342,0.0129,0.0,0.0576,0.767,154.008,219760,4
2024-06-05 19:43,Melanie Martinez,Teacher's Pet,920,melanie martinez - teacher's pet,384326,Melanie Martinez,Teacher's Pet,5o5akY9xnEk6lpMkD8RwD9,74,2019,electro,0.686,0.794,7,-6.136,0,0.0385,0.27,2.25e-05,0.125,0.532,140.952,241893,3
2024-06-05 19:43,d4vd,Here With Me,156943,d4vd - here with me,569188,d4vd,Here With Me,78Sw5GDo6AlGwTwanjXbGh,92,2022,pop,0.574,0.469,4,-8.209,1,0.0254,0.534,9.21e-05,0.128,0.288,132.023,242485,4
2024-06-05 19:43,Lana Del Rey,Young And Beautiful,780,lana del rey - young and beautiful,93567,Lana Del Rey,Young And Beautiful,2nMeu6UenVvwUktBCpLMK9,81,2013,pop,0.324,0.416,11,-8.92,0,0.0368,0.262,3.69e-05,0.11,0.151,113.986,236053,4
2024-06-05 19:43,Sasha Alex Sloan,Dancing With Your Ghost,1280,sasha alex sloan - dancing with your ghost,384327,Sasha Alex Sloan,Dancing With Your Ghost,1TQXIltqoZ5XXyfCbAeSQQ,78,2019,electro,0.629,0.328,11,-8.284,1,0.029,0.768,2.5e-05,0.103,0.389,74.953,197732,4
2024-06-05 19:43,Ellie Goulding,"Still Falling For You - From ""Bridget Jones's Baby""",2220,"ellie goulding - still falling for you - from ""bridget jones's baby""",224512,Ellie Goulding,"Still Falling For You - From ""Bridget Jones's Baby""",3odrUVQ9tvRpkC9II2oWzx,70,2016,dance,0.473,0.518,1,-8.1,1,0.0405,0.553,1.26e-06,0.111,0.18,96.129,240867,4
2024-06-05 19:43,Lana Del Rey,Summertime Sadness,1300,lana del rey - summertime sadness,40349,Lana Del Rey,Summertime Sadness,1Ist6PR2BZR3n2z2Y5R6S1,73,2012,pop,0.566,0.647,1,-6.815,0,0.0335,0.0477,0.0,0.121,0.22,111.96,264773,4
2024-06-05 19:46,Doja Cat,Kiss Me More (feat. SZA),208666,doja cat - kiss me more (feat. sza),487896,Doja Cat,Kiss Me More (feat. SZA),3DarAbFujv6eYNliUTyqtz,80,2021,dance,0.764,0.705,8,-3.463,1,0.0284,0.259,8.92e-05,0.12,0.781,110.97,208667,4
2024-06-05 20:08,Taylor Swift,Cruel Summer,178426,taylor swift - cruel summer,406369,Taylor Swift,Cruel Summer,1BxfuPKGuaTgP7aM0Bbdwr,83,2019,pop,0.552,0.702,9,-5.707,1,0.157,0.117,2.06e-05,0.105,0.564,169.994,178427,4
2024-06-05 20:11,Melanie Martinez,Play Date,179867,melanie martinez - play date,175403,Melanie Martinez,Play Date,4DpNNXFMMxQEKl7r0ykkWA,76,2015,electro,0.68,0.729,5,-5.077,1,0.0475,0.612,0.0,0.224,0.446,123.97,179867,4
2024-06-05 20:18,Taylor Swift,Style,231000,taylor swift - style,146766,Taylor Swift,Style,4lIxdJw6W3Fg4vUIYCB0S5,74,2014,pop,0.598,0.786,2,-5.572,1,0.0383,0.00253,0.0016,0.117,0.456,95.019,231000,4
2024-06-05 20:23,Taylor Swift,The Archer,211240,taylor swift - the archer,406406,Taylor Swift,The Archer,3pHkh7d0lzM2AldUtz2x37,73,2019,pop,0.292,0.574,0,-9.375,1,0.0401,0.12,0.00569,0.0663,0.166,124.344,211240,4
2024-06-05 22:53,Olivia Rodrigo,"All I Want - From ""High School Musical: The Musical: The Series""",9636,"olivia rodrigo - all i want - from ""high school musical: the musical: the series""",406403,Olivia Rodrigo,"All I Want - From ""High School Musical: The Musical: The Series""",4Yxc55NX3tAXC2mHRAhtcW,76,2019,pop,0.376,0.43,0,-6.585,0,0.0328,0.0902,0.0,0.0912,0.129,77.599,177323,3
2024-06-05 22:57,Olivia Rodrigo,"All I Want - From ""High School Musical: The Musical: The Series""",167662,"olivia rodrigo - all i want - from ""high school musical: the musical: the series""",406403,Olivia Rodrigo,"All I Want - From ""High School Musical: The Musical: The Series""",4Yxc55NX3tAXC2mHRAhtcW,76,2019,pop,0.376,0.43,0,-6.585,0,0.0328,0.0902,0.0,0.0912,0.129,77.599,177323,3
2024-06-05 23:01,d4vd,Here With Me,242484,d4vd - here with me,569188,d4vd,Here With Me,78Sw5GDo6AlGwTwanjXbGh,92,2022,pop,0.574,0.469,4,-8.209,1,0.0254,0.534,9.21e-05,0.128,0.288,132.023,242485,4
2024-06-05 23:07,Taylor Swift,Midnight Rain,174782,taylor swift - midnight rain,569203,Taylor Swift,Midnight Rain,3rWDp9tBPQR9z6U5YyRSK4,83,2022,pop,0.643,0.363,0,-11.738,1,0.0767,0.69,5.17e-05,0.115,0.23,139.865,174783,4
2024-06-05 23:09,Taylor Swift,Daylight,6640,taylor swift - daylight,406418,Taylor Swift,Daylight,1fzAuUVbzlhZ1lJAx9PtY6,73,2019,pop,0.557,0.496,0,-9.602,1,0.0563,0.808,0.000173,0.0772,0.265,149.983,293453,4
2024-06-05 23:09,ZAYN,I Don’t Wanna Live Forever (Fifty Shades Darker),137170,zayn - i don’t wanna live forever (fifty shades darker),264785,ZAYN,I Don’t Wanna Live Forever (Fifty Shades Darker),55n9yjI6qqXh5F2mYvUc2y,77,2017,dance,0.731,0.445,0,-8.418,1,0.0533,0.0586,1.96e-05,0.14,0.106,117.97,247160,4
2024-06-05 23:13,ZAYN,I Don’t Wanna Live Forever (Fifty Shades Darker),247160,zayn - i don’t wanna live forever (fifty shades darker),264785,ZAYN,I Don’t Wanna Live Forever (Fifty Shades Darker),55n9yjI6qqXh5F2mYvUc2y,77,2017,dance,0.731,0.445,0,-8.418,1,0.0533,0.0586,1.96e-05,0.14,0.106,117.97,247160,4
2024-06-05 23:15,Lana Del Rey,Million Dollar Man,10027,lana del rey - million dollar man,40394,Lana Del Rey,Million Dollar Man,4lXHVnmDO5u62tGJIpTafd,53,2012,pop,0.382,0.589,6,-5.991,1,0.0359,0.484,0.0,0.131,0.511,65.627,231574,4
2024-06-05 23:18,Taylor Swift,Lover,221306,taylor swift - lover,406372,Taylor Swift,Lover,1dGr1c8CrMLDpV6mPbImSI,83,2019,pop,0.359,0.543,7,-7.582,1,0.0919,0.492,1.58e-05,0.118,0.453,68.534,221307,4
2024-06-05 23:22,Taylor Swift,The Archer,211240,taylor swift - the archer,406406,Taylor Swift,The Archer,3pHkh7d0lzM2AldUtz2x37,73,2019,pop,0.292,0.574,0,-9.375,1,0.0401,0.12,0.00569,0.0663,0.166,124.344,211240,4
2024-06-05 23:26,Taylor Swift,You Belong With Me,231133,taylor swift - you belong with me,1238475,Taylor Swift,You Belong With Me,3GCL1PydwsLodcpv0Ll1ch,68,2008,pop,0.687,0.783,6,-4.44,1,0.0386,0.162,1.35e-05,0.114,0.443,129.964,231133,4
2024-06-05 23:31,The Neighbourhood,Sweater Weather,240400,the neighbourhood - sweater weather,1800,The Neighbourhood,Sweater Weather,4pGqFOfzvfe6avb9kbZicC,60,2012,alt-rock,0.695,0.615,7,-5.325,0,0.042,0.15,0.000212,0.0879,0.414,124.015,240040,4
2024-06-05 23:34,Chase Atlantic,LIKE A ROCKSTAR,208111,chase atlantic - like a rockstar,406638,Chase Atlantic,LIKE A ROCKSTAR,1e5Zf1EU0TAitK207VOUY7,59,2019,pop,0.58,0.611,8,-6.33,0,0.0646,0.331,0.0,0.0982,0.463,81.55,208112,4
2024-06-05 23:38,Chase Atlantic,Right Here,235000,chase atlantic - right here,293542,Chase Atlantic,Right Here,2KtS31kaWNHs12Q5B43Ixh,70,2017,pop,0.351,0.587,6,-6.413,1,0.0413,0.00516,1.87e-05,0.121,0.221,159.881,235000,4
2024-06-05 23:42,James Arthur,Car's Outside,248373,james arthur - car's outside,406437,James Arthur,Car's Outside,0otRX6Z89qKkHkQ9OqJpKt,81,2019,pop,0.338,0.562,9,-7.181,1,0.029,0.039,0.0,0.107,0.259,149.907,248373,4
2024-06-05 23:45,Arctic Monkeys,I Wanna Be Yours,183956,arctic monkeys - i wanna be yours,77591,Arctic Monkeys,I Wanna Be Yours,5XeFesFbtLpXzIVDNQP22n,91,2013,garage,0.464,0.417,0,-9.345,0,0.0256,0.136,0.022,0.0974,0.479,67.528,183956,4
2024-06-05 23:48,Cigarettes After Sex,Cry,5790,cigarettes after sex - cry,368575,Cigarettes After Sex,Cry,0Qr61NXlyAeQaADO5xn3rI,76,2019,ambient,0.409,0.399,7,-10.456,1,0.0275,0.763,0.654,0.112,0.161,142.823,256800,4
2024-06-05 23:48,The Neighbourhood,You Get Me So High,135473,the neighbourhood - you get me so high,311043,The Neighbourhood,You Get Me So High,7zwn1eykZtZ5LODrf7c0tS,81,2018,alt-rock,0.551,0.881,7,-6.099,0,0.0542,0.186,0.0791,0.152,0.387,88.036,153000,4
2024-06-05 23:48,Cigarettes After Sex,K.,1760,cigarettes after sex - k.,215605,Cigarettes After Sex,K.,36Zs84njjWZD3TGYE77WPC,47,2016,ambient,0.454,0.404,3,-10.26,1,0.027,0.146,0.819,0.141,0.313,94.113,319560,4
2024-06-05 23:51,Lana Del Rey,Doin' Time,202192,lana del rey - doin' time,406379,Lana Del Rey,Doin' Time,0Oqc0kKFsQ6MhFOLBNZIGX,81,2019,pop,0.641,0.559,7,-11.132,0,0.0355,0.404,0.00402,0.0937,0.523,144.982,202193,4
2024-06-05 23:59,Keane,Somewhere Only We Know,236160,keane - somewhere only we know,93054,Keane,Somewhere Only We Know,7AQAlklmptrrkBSeujkXsD,54,2013,piano,0.442,0.606,9,-5.825,1,0.0259,0.0678,1.43e-05,0.0973,0.359,171.982,235880,4
2024-06-06 00:05,Taylor Swift,Back To December,293026,taylor swift - back to december,1380399,Taylor Swift,Back To December,3DrjZArsPsoqbLzUZZV1Id,67,2010,pop,0.529,0.67,2,-4.663,1,0.0303,0.117,0.0,0.334,0.286,141.893,293027,4
2024-06-06 00:06,Ruth B.,Dandelions,1040,ruth b. - dandelions,293465,Ruth B.,Dandelions,2eAvDnpXP5W0cVtiI0PUxV,87,2017,pop,0.609,0.692,1,-2.958,1,0.0259,0.0157,0.0,0.0864,0.454,116.959,233720,3
2024-06-06 00:06,Taylor Swift,Safe & Sound - from The Hunger Games Soundtrack,1230,taylor swift - safe & sound - from the hunger games soundtrack,40377,Taylor Swift,Safe & Sound - from The Hunger Games Soundtrack,0z9UVN8VBHJ9HdfYsOuuNf,64,2012,pop,0.471,0.3,7,-10.807,1,0.028,0.883,1.05e-05,0.0698,0.289,144.319,240067,4
2024-06-06 00:06,Taylor Swift,Cruel Summer,53147,taylor swift - cruel summer,406369,Taylor Swift,Cruel Summer,1BxfuPKGuaTgP7aM0Bbdwr,83,2019,pop,0.552,0.702,9,-5.707,1,0.157,0.117,2.06e-05,0.105,0.564,169.994,178427,4
2024-06-06 00:06,7!!,オレンジ,930,7!! - オレンジ,297466,7!!,オレンジ,1iOQmZULzzkDN1hQZNoDii,49,2017,rock,0.4,0.563,7,-4.023,1,0.0319,0.194,0.0,0.162,0.311,172.027,350107,4
2024-06-06 00:06,Olivia Rodrigo,traitor,1080,olivia rodrigo - traitor,515570,Olivia Rodrigo,traitor,5CZ40GBx1sQ9agT82CLQCT,84,2021,pop,0.38,0.339,3,-7.885,1,0.0338,0.691,0.0,0.12,0.0849,100.607,229227,4
2024-06-06 00:06,Laufey,Valentine,830,laufey - valentine,577935,Laufey,Valentine,6cx5CvFhqN19efStehJqoW,72,2022,singer-songwriter,0.472,0.204,3,-13.065,1,0.0452,0.917,0.0,0.107,0.224,82.51,168907,4
2024-06-06 00:06,Lana Del Rey,Diet Mountain Dew,800,lana del rey - diet mountain dew,40357,Lana Del Rey,Diet Mountain Dew,6BFnRhvKCclDQOajt8dBGi,67,2012,pop,0.442,0.68,10,-5.971,0,0.0858,0.284,0.0,0.421,0.601,176.09,222920,4
2024-06-06 00:06,d4vd,Here With Me,1230,d4vd - here with me,569188,d4vd,Here With Me,78Sw5GDo6AlGwTwanjXbGh,92,2022,pop,0.574,0.469,4,-8.209,1,0.0254,0.534,9.21e-05,0.128,0.288,132.023,242485,4
2024-06-06 00:23,The Neighbourhood,Sadderdaze,245826,the neighbourhood - sadderdaze,311120,The Neighbourhood,Sadderdaze,7sIYHDxjteT6RY29gAGzP2,57,2018,alt-rock,0.414,0.527,4,-4.749,0,0.0287,0.00971,5.05e-05,0.145,0.306,120.009,245827,4
2024-06-06 00:29,The Neighbourhood,Fallen Star,224938,the neighbourhood - fallen star,478403,The Neighbourhood,Fallen Star,60F6pgM6H6miNr5AmjxwjL,68,2021,alt-rock,0.603,0.551,10,-6.259,0,0.0304,0.0696,0.0976,0.192,0.439,75.001,224939,4
2024-06-07 18:32,Cigarettes After Sex,Sweet,204946,cigarettes after sex - sweet,255748,Cigarettes After Sex,Sweet,3VSYkAf6f46i5ZkXOHORq1,72,2017,ambient,0.448,0.511,6,-9.084,1,0.0274,0.362,0.823,0.129,0.112,96.321,291640,4
2024-06-07 18:43,Taylor Swift,The Way I Loved You (Taylor’s Version),18050,taylor swift - the way i loved you (taylor’s version),515593,Taylor Swift,The Way I Loved You (Taylor’s Version),22bPsP2jCgbLUvh82U0Z3M,78,2021,pop,0.402,0.732,5,-4.665,1,0.0484,0.0033,0.0,0.108,0.472,161.032,243137,4
2024-06-07 18:43,Lana Del Rey,"Once Upon a Dream - From ""Maleficent"" / Pop Version",5704,"lana del rey - once upon a dream - from ""maleficent"" / pop version",146828,Lana Del Rey,"Once Upon a Dream - From ""Maleficent"" / Pop Version",3liiZRlJxa8GeLUgWMoIeu,64,2014,pop,0.289,0.274,5,-16.574,1,0.0353,0.659,0.0166,0.109,0.167,119.997,203080,3
2024-06-07 18:48,Mitski,First Love/Late Spring,278640,mitski - first love/late spring,140598,Mitski,First Love/Late Spring,3sslYZcFKtUvIEWN9lADgr,76,2014,indie-pop,0.445,0.543,0,-8.196,1,0.0272,0.000825,0.0137,0.202,0.102,99.963,278640,4
2024-06-07 18:50,Mitski,Me and My Husband,137141,mitski - me and my husband,342782,Mitski,Me and My Husband,3pANfZVFdtuVnJsE6xa5Ox,74,2018,indie-pop,0.497,0.638,1,-5.31,1,0.0274,0.0467,0.0,0.385,0.77,172.01,137142,4
2024-06-07 18:54,Mitski,Washing Machine Heart,128198,mitski - washing machine heart,342776,Mitski,Washing Machine Heart,3jjsRKEsF42ccXf8kWR3nu,81,2018,indie-pop,0.613,0.822,9,-4.087,1,0.026,0.0092,0.506,0.429,0.567,105.997,128199,4
2024-06-07 18:57,Mitski,Nobody,193429,mitski - nobody,342781,Mitski,Nobody,2P5yIMu2DNeMXTyOANKS6k,75,2018,indie-pop,0.398,0.717,0,-5.253,1,0.0398,0.07,0.0,0.085,0.487,117.296,193429,4
2024-06-07 18:59,Mitski,Brand New City,132773,mitski - brand new city,33755,Mitski,Brand New City,47k7FCxk7ylTwKCnJ3QTVc,67,2012,indie-pop,0.482,0.829,5,-5.956,0,0.0587,0.0499,0.0,0.0824,0.657,148.119,132773,4
2024-06-07 19:03,Mitski,I Want You,183792,mitski - i want you,87540,Mitski,I Want You,7FHj19QQigvMH1onMYRNLn,71,2013,indie-pop,0.339,0.292,3,-11.294,1,0.0348,0.514,0.0,0.0713,0.0655,131.702,183792,3
2024-06-07 19:19,Mitski,Shame,74494,mitski - shame,87569,Mitski,Shame,6x5yiC9qgFIO0XPekWdjF1,52,2013,indie-pop,0.297,0.181,8,-13.05,0,0.0366,0.957,0.000288,0.0841,0.0698,119.186,144251,3
2024-06-07 19:24,Mitski,Strawberry Blond,114277,mitski - strawberry blond,87542,Mitski,Strawberry Blond,1EO9dn7V0ufwPHJngZThO5,66,2013,indie-pop,0.51,0.545,0,-8.299,1,0.0928,0.839,0.0,0.061,0.941,77.92,114277,4
2024-06-07 19:28,Mitski,A Pearl,156145,mitski - a pearl,342786,Mitski,A Pearl,7fd3aMiuwHWKsTdZafjOfZ,72,2018,indie-pop,0.295,0.637,8,-4.043,1,0.0288,0.0496,0.0236,0.112,0.221,84.551,156146,4
2024-06-07 19:31,Mitski,Once More to See You,180999,mitski - once more to see you,245698,Mitski,Once More to See You,3NE5nGm06kB8QQbQqJaOke,65,2016,indie-pop,0.542,0.411,9,-13.653,1,0.0415,0.164,0.0128,0.103,0.348,92.969,180999,4
2024-06-07 19:35,Mitski,Working for the Knife,158617,mitski - working for the knife,508812,Mitski,Working for the Knife,46OaeacE8RjnE49MB5B2Lt,50,2021,indie-pop,0.466,0.626,11,-8.126,1,0.0272,0.166,5.59e-05,0.103,0.318,83.01,158618,4
2024-06-07 19:59,Mitski,Cop Car,177293,mitski - cop car,454976,Mitski,Cop Car,7DLCgotDOZZyiW4cuL1sgn,50,2020,indie-pop,0.442,0.672,6,-6.218,0,0.0284,0.0004,0.00364,0.107,0.182,98.018,183554,4
2024-06-07 19:59,Mitski,"Because Dreaming Costs Money, My Dear",20290,"mitski - because dreaming costs money, my dear",87556,Mitski,"Because Dreaming Costs Money, My Dear",4Ghr5ZxYQ9ti06fRTltVop,55,2013,indie-pop,0.342,0.169,1,-13.837,1,0.0344,0.975,0.00817,0.138,0.194,79.796,185071,4
2024-06-07 20:04,Mitski,First Love/Late Spring,266500,mitski - first love/late spring,140598,Mitski,First Love/Late Spring,3sslYZcFKtUvIEWN9lADgr,76,2014,indie-pop,0.445,0.543,0,-8.196,1,0.0272,0.000825,0.0137,0.202,0.102,99.963,278640,4
2024-06-07 20:08,Mitski,First Love/Late Spring,278640,mitski - first love/late spring,140598,Mitski,First Love/Late Spring,3sslYZcFKtUvIEWN9lADgr,76,2014,indie-pop,0.445,0.543,0,-8.196,1,0.0272,0.000825,0.0137,0.202,0.102,99.963,278640,4
2024-06-07 21:26,Mitski,Francis Forever,86753,mitski - francis forever,140600,Mitski,Francis Forever,5411TEB6tlzvuF5A4oyldr,75,2014,indie-pop,0.535,0.448,2,-9.167,1,0.0279,0.00262,1.94e-05,0.115,0.32,101.986,149680,4
2024-06-07 21:42,Mitski,First Love/Late Spring,278640,mitski - first love/late spring,140598,Mitski,First Love/Late Spring,3sslYZcFKtUvIEWN9lADgr,76,2014,indie-pop,0.445,0.543,0,-8.196,1,0.0272,0.000825,0.0137,0.202,0.102,99.963,278640,4
2024-06-07 21:51,Mitski,Washing Machine Heart,128198,mitski - washing machine heart,342776,Mitski,Washing Machine Heart,3jjsRKEsF42ccXf8kWR3nu,81,2018,indie-pop,0.613,0.822,9,-4.087,1,0.026,0.0092,0.506,0.429,0.567,105.997,128199,4
2024-06-07 21:53,Mitski,Brand New City,132773,mitski - brand new city,33755,Mitski,Brand New City,47k7FCxk7ylTwKCnJ3QTVc,67,2012,indie-pop,0.482,0.829,5,-5.956,0,0.0587,0.0499,0.0,0.0824,0.657,148.119,132773,4
2024-06-07 21:58,Mitski,Last Words of a Shooting Star,164226,mitski - last words of a shooting star,140606,Mitski,Last Words of a Shooting Star,7gn3NdQez9Pwbqak4gspz5,65,2014,indie-pop,0.391,0.167,2,-19.024,1,0.0362,0.47,0.00097,0.11,0.0965,130.498,164227,3
2024-06-07 22:12,Mitski,I Bet on Losing Dogs,125103,mitski - i bet on losing dogs,245686,Mitski,I Bet on Losing Dogs,2Co0IjcLTSHMtodwD4gzfg,73,2016,indie-pop,0.398,0.493,9,-9.561,1,0.0303,0.00347,0.000157,0.106,0.412,82.048,170240,4
2024-06-07 23:02,Lana Del Rey,Doin' Time,202192,lana del rey - doin' time,406379,Lana Del Rey,Doin' Time,0Oqc0kKFsQ6MhFOLBNZIGX,81,2019,pop,0.641,0.559,7,-11.132,0,0.0355,0.404,0.00402,0.0937,0.523,144.982,202193,4
2024-06-08 02:25,Taylor Swift,You Belong With Me,220834,taylor swift - you belong with me,1238475,Taylor Swift,You Belong With Me,3GCL1PydwsLodcpv0Ll1ch,68,2008,pop,0.687,0.783,6,-4.44,1,0.0386,0.162,1.35e-05,0.114,0.443,129.964,231133,4
2024-06-10 19:16,Taylor Swift,You Belong With Me,10547,taylor swift - you belong with me,1238475,Taylor Swift,You Belong With Me,3GCL1PydwsLodcpv0Ll1ch,68,2008,pop,0.687,0.783,6,-4.44,1,0.0386,0.162,1.35e-05,0.114,0.443,129.964,231133,4
2024-06-10 19:21,Lana Del Rey,Diet Mountain Dew,222920,lana del rey - diet mountain dew,40357,Lana Del Rey,Diet Mountain Dew,6BFnRhvKCclDQOajt8dBGi,67,2012,pop,0.442,0.68,10,-5.971,0,0.0858,0.284,0.0,0.421,0.601,176.09,222920,4
2024-06-10 20:05,Olivia Rodrigo,traitor,229226,olivia rodrigo - traitor,515570,Olivia Rodrigo,traitor,5CZ40GBx1sQ9agT82CLQCT,84,2021,pop,0.38,0.339,3,-7.885,1,0.0338,0.691,0.0,0.12,0.0849,100.607,229227,4
2024-06-10 20:10,Lana Del Rey,Young And Beautiful,236053,lana del rey - young and beautiful,93567,Lana Del Rey,Young And Beautiful,2nMeu6UenVvwUktBCpLMK9,81,2013,pop,0.324,0.416,11,-8.92,0,0.0368,0.262,3.69e-05,0.11,0.151,113.986,236053,4
2024-06-10 20:17,Charlie Puth,We Don't Talk Anymore (feat. Selena Gomez),217706,charlie puth - we don't talk anymore (feat. selena gomez),224459,Charlie Puth,We Don't Talk Anymore (feat. Selena Gomez),37FXw5QGFN7uwwsLy8uAc0,68,2016,dance,0.728,0.563,1,-8.053,0,0.134,0.621,0.0,0.179,0.352,100.017,217707,4
2024-06-10 20:37,Lana Del Rey,Sad Girl,317760,lana del rey - sad girl,146791,Lana Del Rey,Sad Girl,11MyiSGZSYSmhhqwGUTtAq,75,2014,pop,0.345,0.587,5,-8.346,1,0.0364,0.539,0.0731,0.119,0.258,119.479,317760,4
2024-06-10 21:50,SZA,Kill Bill,153946,sza - kill bill,569184,SZA,Kill Bill,1Qrg8KqiBpW07V7PNxwwwL,94,2022,pop,0.644,0.735,8,-5.747,1,0.0391,0.0521,0.144,0.161,0.418,88.98,153947,4
2024-06-10 21:57,Taylor Swift,Karma,125918,taylor swift - karma,569212,Taylor Swift,Karma,7KokYm8cMIXCsGVmUvKtqf,80,2022,pop,0.642,0.62,8,-7.091,1,0.0666,0.0734,0.0,0.483,0.0969,90.02,204852,4
2024-06-10 22:03,Taylor Swift,Daylight,293453,taylor swift - daylight,406418,Taylor Swift,Daylight,1fzAuUVbzlhZ1lJAx9PtY6,73,2019,pop,0.557,0.496,0,-9.602,1,0.0563,0.808,0.000173,0.0772,0.265,149.983,293453,4
2024-06-10 22:10,Taylor Swift,illicit affairs,190898,taylor swift - illicit affairs,462035,Taylor Swift,illicit affairs,2NmsngXHeC1GQ9wWrzhOMf,71,2020,pop,0.559,0.31,10,-10.445,1,0.0338,0.881,0.0,0.106,0.46,119.845,190898,4
2024-06-10 22:17,The Neighbourhood,The Beach,5170,the neighbourhood - the beach,162917,The Neighbourhood,The Beach,2u0CelO5c81XS7z3dGpHbS,75,2015,alt-rock,0.245,0.64,2,-7.426,0,0.0608,0.131,8.11e-06,0.0766,0.105,135.739,255133,4
2024-06-10 22:17,Bea Miller,feel something,3270,bea miller - feel something,377738,Bea Miller,feel something,7JDWhC422Gtk1Bq0mL3OTC,66,2019,dance,0.74,0.415,0,-8.914,1,0.0707,0.242,0.000156,0.319,0.156,136.029,180161,4
2024-06-10 22:17,Bruno Mars,When I Was Your Man,920,bruno mars - when i was your man,40342,Bruno Mars,When I Was Your Man,0nJW01T7XtvILxQgC5J7Wh,87,2012,pop,0.612,0.28,0,-8.648,1,0.0434,0.932,0.0,0.088,0.387,72.795,213827,4
2024-06-10 22:17,Cigarettes After Sex,You're the Only Good Thing In My Life,1490,cigarettes after sex - you're the only good thing in my life,368583,Cigarettes After Sex,You're the Only Good Thing in My Life,69BeOEL0DFLwA3WplXJxX5,59,2019,ambient,0.462,0.288,5,-11.199,1,0.0288,0.781,0.756,0.131,0.0589,130.164,275187,4
2024-06-10 22:17,The Neighbourhood,Female Robbery,26530,the neighbourhood - female robbery,2046,The Neighbourhood,Female Robbery,7e8bQb1csn5WvpOc4b5PJg,40,2012,alt-rock,0.403,0.888,7,-3.382,0,0.0413,0.056,0.00161,0.0682,0.391,176.483,206813,4
2024-06-10 22:17,Lana Del Rey,Brooklyn Baby,119306,lana del rey - brooklyn baby,146776,Lana Del Rey,Brooklyn Baby,1NZs6n6hl8UuMaX0UC0YTz,80,2014,pop,0.404,0.664,1,-6.698,1,0.0407,0.542,0.00402,0.11,0.0949,107.747,351640,4
2024-06-10 22:20,Justin Bieber,Ghost,1030,justin bieber - ghost,515568,Justin Bieber,Ghost,6I3mqTwhRpn34SLVafSH7G,85,2021,pop,0.601,0.741,2,-5.569,1,0.0478,0.185,2.91e-05,0.415,0.441,153.96,153190,4
2024-06-10 22:20,Backstreet Boys,Everybody (Backstreet's Back) - Radio Edit,1180,backstreet boys - everybody (backstreet's back) - radio edit,66286,Backstreet Boys,Everybody (Backstreet's Back) - Radio Edit,4rTeOSYqwXNz5qPR2DUTFZ,63,2013,dance,0.735,0.873,10,-3.493,0,0.0402,0.025,3.27e-06,0.265,0.586,108.021,224960,4
2024-06-10 22:20,The Neighbourhood,Daddy Issues,1270,the neighbourhood - daddy issues,162916,The Neighbourhood,Daddy Issues,5E30LdtzQTGqRvNd7l6kG5,84,2015,alt-rock,0.588,0.521,10,-9.461,1,0.0329,0.0678,0.149,0.123,0.337,85.012,260173,4
2024-06-10 22:20,SZA,Snooze,164360,sza - snooze,569186,SZA,Snooze,4iZ4pt7kvcaH6Yo8UoZ4s2,90,2022,pop,0.559,0.551,5,-7.231,1,0.132,0.141,0.0,0.11,0.392,143.008,201800,4
2024-06-10 22:24,Ariana Grande,Stuck with U (with Justin Bieber),228482,ariana grande - stuck with u (with justin bieber),433218,Ariana Grande,Stuck with U (with Justin Bieber),4HBZA5flZLE435QTztThqH,80,2020,dance,0.597,0.45,8,-6.658,1,0.0418,0.223,0.0,0.382,0.537,178.765,228482,3
2024-06-10 22:26,Lana Del Rey,West Coast,1260,lana del rey - west coast,146772,Lana Del Rey,West Coast,5Y6nVaayzitvsD5F7nr3DV,81,2014,pop,0.527,0.591,6,-7.664,0,0.0396,0.194,0.0194,0.0907,0.461,123.167,256760,4
2024-06-10 22:26,Taylor Swift,All Too Well (Taylor's Version),1720,taylor swift - all too well (taylor's version),515629,Taylor Swift,All Too Well (Taylor's Version),3nsfB1vus2qaloUdcBZvDu,71,2021,pop,0.44,0.528,0,-7.809,1,0.0317,0.0171,0.00203,0.234,0.132,185.972,329160,4
2024-06-10 22:26,Lana Del Rey,Cinnamon Girl,1010,lana del rey - cinnamon girl,406385,Lana Del Rey,Cinnamon Girl,2mdEsXPu8ZmkHRRtAdC09e,79,2019,pop,0.294,0.337,6,-10.614,0,0.036,0.814,0.414,0.14,0.135,91.781,300683,5
2024-06-10 22:26,The Weeknd,Blinding Lights,900,the weeknd - blinding lights,461991,The Weeknd,Blinding Lights,0VjIjW4GlUZAMYd2vXMi3b,90,2020,pop,0.514,0.73,1,-5.934,1,0.0598,0.00146,9.54e-05,0.0897,0.334,171.005,200040,4
2024-06-10 22:26,The Fray,How to Save a Life,2580,the fray - how to save a life,146442,The Fray,How to Save a Life,3GPmAhITOFigW0dO5OcwRm,13,2014,piano,0.641,0.744,10,-4.076,1,0.038,0.272,0.0,0.101,0.357,122.034,262533,4
2024-06-10 22:26,The Fray,How to Save a Life,2580,the fray - how to save a life,252010,The Fray,How To Save A Life,50FcngS8mGjEttXk6G2xkh,36,2016,piano,0.637,0.734,10,-4.038,1,0.0384,0.282,0.0,0.0969,0.395,122.028,264213,4
2024-06-10 22:26,Justin Bieber,Yummy,920,justin bieber - yummy,462178,Justin Bieber,Yummy,16wAOAZ2OkqoIDN7TpChjR,68,2020,pop,0.676,0.506,9,-6.652,0,0.0958,0.345,0.0,0.118,0.497,145.842,208520,4
2024-06-10 22:26,Eminem,Venom - Music From The Motion Picture,1040,eminem - venom - music from the motion picture,340956,Eminem,Venom - Music From The Motion Picture,2SL6oP2YAEQbqsrkOzRGO4,73,2018,hip-hop,0.749,0.794,0,-5.063,1,0.064,0.0193,0.0,0.543,0.46,135.959,269554,4
2024-06-10 22:30,ZAYN,I Don’t Wanna Live Forever (Fifty Shades Darker),247160,zayn - i don’t wanna live forever (fifty shades darker),264785,ZAYN,I Don’t Wanna Live Forever (Fifty Shades Darker),55n9yjI6qqXh5F2mYvUc2y,77,2017,dance,0.731,0.445,0,-8.418,1,0.0533,0.0586,1.96e-05,0.14,0.106,117.97,247160,4
2024-06-10 22:32,Taylor Swift,We Are Never Ever Getting Back Together,95260,taylor swift - we are never ever getting back together,40360,Taylor Swift,We Are Never Ever Getting Back Together,0VwNdo84DaVYLIkbVO86ND,74,2012,pop,0.628,0.676,7,-5.911,1,0.0916,0.00957,2.65e-05,0.121,0.75,85.984,193147,4
2024-06-10 22:41,Chase Atlantic,Swim,228786,chase atlantic - swim,293479,Chase Atlantic,Swim,3M0lSi5WW79CXQamgSBIjx,80,2017,pop,0.666,0.542,8,-6.429,1,0.0392,0.27,0.0,0.0765,0.0771,120.134,228787,4
2024-06-10 22:45,Chase Atlantic,Meddle About,203886,chase atlantic - meddle about,197593,Chase Atlantic,Meddle About,1x5gfSHfhWpMFKKqbuDe9G,68,2015,pop,0.387,0.797,4,-6.41,0,0.052,0.00404,0.0108,0.314,0.369,159.897,203886,4
2024-06-12 19:00,Chase Atlantic,The Walls,207658,chase atlantic - the walls,293625,Chase Atlantic,The Walls,5pXui9rkf5W90DgZobuDiK,62,2017,pop,0.357,0.704,0,-6.925,0,0.0828,0.326,1.54e-06,0.124,0.225,144.172,229840,4
2024-06-12 19:02,Chase Atlantic,The Walls,22188,chase atlantic - the walls,293625,Chase Atlantic,The Walls,5pXui9rkf5W90DgZobuDiK,62,2017,pop,0.357,0.704,0,-6.925,0,0.0828,0.326,1.54e-06,0.124,0.225,144.172,229840,4
2024-06-12 19:59,Chase Atlantic,Into It,196767,chase atlantic - into it,293490,Chase Atlantic,Into It,4HwDCXsMBC7SUdp2WT4MZP,77,2017,pop,0.518,0.572,10,-6.706,0,0.0416,0.0503,2.41e-05,0.129,0.291,130.053,196767,4
2024-06-12 20:22,Chase Atlantic,Friends,230010,chase atlantic - friends,197528,Chase Atlantic,Friends,2jQiSYrwJehQAcuaaQrXnS,79,2015,pop,0.422,0.609,11,-6.361,0,0.0335,0.0114,4.76e-06,0.108,0.0911,107.34,230011,3
2024-06-12 20:26,Chase Atlantic,Church,220000,chase atlantic - church,293564,Chase Atlantic,Church,7bbYT48HWWIbL3YKmtMNzn,68,2017,pop,0.556,0.824,5,-4.539,0,0.0548,0.0109,0.0,0.112,0.292,112.99,220000,4
2024-06-12 21:01,Chase Atlantic,OHMAMI,68670,chase atlantic - ohmami,515742,Chase Atlantic,OHMAMI,2zVaxB54fNngkbWs5uZnla,66,2021,pop,0.625,0.717,10,-5.796,0,0.121,0.0476,8.73e-05,0.277,0.398,126.004,226835,4
2024-06-12 21:04,Chase Atlantic,OHMAMI,158110,chase atlantic - ohmami,515742,Chase Atlantic,OHMAMI,2zVaxB54fNngkbWs5uZnla,66,2021,pop,0.625,0.717,10,-5.796,0,0.121,0.0476,8.73e-05,0.277,0.398,126.004,226835,4
2024-06-12 21:09,Chase Atlantic,Consume (feat. Goon Des Garcons),267920,chase atlantic - consume (feat. goon des garcons),293489,Chase Atlantic,Consume (feat. Goon Des Garcons),0X2bh8NVQ8svDQIn2AdCbW,77,2017,pop,0.556,0.714,9,-5.322,0,0.158,0.07,0.0,0.261,0.434,146.113,267920,4
2024-06-12 21:17,Chase Atlantic,Right Here,235000,chase atlantic - right here,293542,Chase Atlantic,Right Here,2KtS31kaWNHs12Q5B43Ixh,70,2017,pop,0.351,0.587,6,-6.413,1,0.0413,0.00516,1.87e-05,0.121,0.221,159.881,235000,4
2024-06-12 23:02,Chase Atlantic,HEAVEN AND BACK,248240,chase atlantic - heaven and back,406526,Chase Atlantic,HEAVEN AND BACK,5dewQ7ojISR32NAYNHFYWC,66,2019,pop,0.309,0.793,10,-6.195,0,0.0774,0.0902,0.092,0.0888,0.532,193.714,248240,4
2024-06-12 23:06,Chase Atlantic,Okay,212306,chase atlantic - okay,293566,Chase Atlantic,Okay,492PZFHvGTm3RZZYeeUVWT,67,2017,pop,0.614,0.815,0,-6.784,1,0.131,0.112,0.0,0.121,0.431,130.049,212307,4
2024-06-12 23:15,Chase Atlantic,SLIDE,235720,chase atlantic - slide,515886,Chase Atlantic,SLIDE,1p3RpKfSJQcVTEwrQWr8q7,63,2021,pop,0.557,0.595,3,-4.759,0,0.0371,0.000325,8.88e-06,0.109,0.199,139.911,235720,4
2024-06-12 23:20,Chase Atlantic,Tidal Wave,243670,chase atlantic - tidal wave,350373,Chase Atlantic,Tidal Wave,2b2lL6iY3x1CSOv7QQbp8R,60,2018,pop,0.599,0.609,4,-5.14,1,0.052,0.565,2.11e-05,0.137,0.383,123.967,243707,4
2024-06-12 23:28,Chase Atlantic,Friends,230010,chase atlantic - friends,197528,Chase Atlantic,Friends,2jQiSYrwJehQAcuaaQrXnS,79,2015,pop,0.422,0.609,11,-6.361,0,0.0335,0.0114,4.76e-06,0.108,0.0911,107.34,230011,3
2024-06-12 23:37,Chase Atlantic,Vibes,216217,chase atlantic - vibes,197787,Chase Atlantic,Vibes,0AIRuNLJPz613ByB1k2W5o,56,2015,pop,0.494,0.88,9,-5.064,1,0.0545,0.0192,0.0,0.187,0.344,100.023,216217,4
2024-06-12 23:40,Chase Atlantic,LIKE A ROCKSTAR,208111,chase atlantic - like a rockstar,406638,Chase Atlantic,LIKE A ROCKSTAR,1e5Zf1EU0TAitK207VOUY7,59,2019,pop,0.58,0.611,8,-6.33,0,0.0646,0.331,0.0,0.0982,0.463,81.55,208112,4
2024-06-12 23:44,Chase Atlantic,Numb to the Feeling,227586,chase atlantic - numb to the feeling,350308,Chase Atlantic,Numb to the Feeling,102cCjW3CnC3sws3qOhie8,63,2018,pop,0.695,0.737,5,-5.75,0,0.122,0.232,0.0,0.136,0.248,129.999,227587,4
2024-06-13 00:02,Erik Satie,Gymnopédie No. 1,208000,erik satie - gymnopédie no. 1,538486,Erik Satie,Gymnopédie No. 1,2ODFM1lI4oWn8BNCpMIFV8,38,2022,classical,0.441,0.0553,7,-21.401,1,0.0394,0.893,0.877,0.111,0.219,134.468,326159,4
2024-06-14 21:49,Taylor Swift,Lover,221306,taylor swift - lover,406372,Taylor Swift,Lover,1dGr1c8CrMLDpV6mPbImSI,83,2019,pop,0.359,0.543,7,-7.582,1,0.0919,0.492,1.58e-05,0.118,0.453,68.534,221307,4
2024-06-14 21:57,Lana Del Rey,Dark Paradise,28243,lana del rey - dark paradise,40368,Lana Del Rey,Dark Paradise,2Y115i0IhELJhyyftvoSFt,62,2012,pop,0.6,0.653,1,-8.309,0,0.0594,0.0953,0.0,0.122,0.43,119.994,243187,4
2024-06-14 21:59,Selena Gomez,Fetish (feat. Gucci Mane),39600,selena gomez - fetish (feat. gucci mane),264809,Selena Gomez,Fetish (feat. Gucci Mane),4lnAN2S1fcI0SjxEbksZVr,71,2017,dance,0.708,0.618,2,-4.424,1,0.0592,0.0204,6.81e-06,0.062,0.265,123.013,186113,4
2024-06-14 22:07,Olivia Rodrigo,happier,175933,olivia rodrigo - happier,515580,Olivia Rodrigo,happier,2tGvwE8GcFKwNdAXMnlbfl,82,2021,pop,0.395,0.443,6,-9.72,1,0.133,0.765,9.67e-06,0.0839,0.338,168.924,175933,3
2024-06-14 22:10,SZA,Kill Bill,153946,sza - kill bill,569184,SZA,Kill Bill,1Qrg8KqiBpW07V7PNxwwwL,94,2022,pop,0.644,0.735,8,-5.747,1,0.0391,0.0521,0.144,0.161,0.418,88.98,153947,4
2024-06-14 22:13,Taylor Swift,Midnight Rain,174782,taylor swift - midnight rain,569203,Taylor Swift,Midnight Rain,3rWDp9tBPQR9z6U5YyRSK4,83,2022,pop,0.643,0.363,0,-11.738,1,0.0767,0.69,5.17e-05,0.115,0.23,139.865,174783,4
2024-06-14 22:18,Lana Del Rey,Chemtrails Over The Country Club,271176,lana del rey - chemtrails over the country club,515662,Lana Del Rey,Chemtrails Over The Country Club,7bPWdJgx8vek7S5i5yAtvG,70,2021,pop,0.334,0.276,4,-13.125,0,0.0643,0.877,0.000249,0.113,0.429,201.025,271177,3
2024-06-14 22:23,Laufey,Valentine,71488,laufey - valentine,577935,Laufey,Valentine,6cx5CvFhqN19efStehJqoW,72,2022,singer-songwriter,0.472,0.204,3,-13.065,1,0.0452,0.917,0.0,0.107,0.224,82.51,168907,4
2024-06-14 22:28,Chase Atlantic,OHMAMI,226835,chase atlantic - ohmami,515742,Chase Atlantic,OHMAMI,2zVaxB54fNngkbWs5uZnla,66,2021,pop,0.625,0.717,10,-5.796,0,0.121,0.0476,8.73e-05,0.277,0.398,126.004,226835,4
2024-06-14 22:50,Chase Atlantic,Church,220000,chase atlantic - church,293564,Chase Atlantic,Church,7bbYT48HWWIbL3YKmtMNzn,68,2017,pop,0.556,0.824,5,-4.539,0,0.0548,0.0109,0.0,0.112,0.292,112.99,220000,4
2024-06-15 05:37,Chase Atlantic,Meddle About,103136,chase atlantic - meddle about,197593,Chase Atlantic,Meddle About,1x5gfSHfhWpMFKKqbuDe9G,68,2015,pop,0.387,0.797,4,-6.41,0,0.052,0.00404,0.0108,0.314,0.369,159.897,203886,4
2024-06-17 19:02,Chase Atlantic,Meddle About,100676,chase atlantic - meddle about,197593,Chase Atlantic,Meddle About,1x5gfSHfhWpMFKKqbuDe9G,68,2015,pop,0.387,0.797,4,-6.41,0,0.052,0.00404,0.0108,0.314,0.369,159.897,203886,4
2024-06-17 19:21,Chase Atlantic,The Walls,229840,chase atlantic - the walls,293625,Chase Atlantic,The Walls,5pXui9rkf5W90DgZobuDiK,62,2017,pop,0.357,0.704,0,-6.925,0,0.0828,0.326,1.54e-06,0.124,0.225,144.172,229840,4
2024-06-17 19:35,Chase Atlantic,Friends,230010,chase atlantic - friends,197528,Chase Atlantic,Friends,2jQiSYrwJehQAcuaaQrXnS,79,2015,pop,0.422,0.609,11,-6.361,0,0.0335,0.0114,4.76e-06,0.108,0.0911,107.34,230011,3
2024-06-17 19:40,Chase Atlantic,Drugs & Money - New Mix,239921,chase atlantic - drugs & money - new mix,293587,Chase Atlantic,Drugs & Money - New Mix,4SRyrhBJ5mq8fEa3bsdZn6,65,2017,pop,0.629,0.735,11,-4.826,1,0.0599,0.2,0.0,0.243,0.477,123.996,239922,4
2024-06-17 19:51,Chase Atlantic,Into It,196767,chase atlantic - into it,293490,Chase Atlantic,Into It,4HwDCXsMBC7SUdp2WT4MZP,77,2017,pop,0.518,0.572,10,-6.706,0,0.0416,0.0503,2.41e-05,0.129,0.291,130.053,196767,4
2024-06-17 19:55,Chase Atlantic,Right Here,235000,chase atlantic - right here,293542,Chase Atlantic,Right Here,2KtS31kaWNHs12Q5B43Ixh,70,2017,pop,0.351,0.587,6,-6.413,1,0.0413,0.00516,1.87e-05,0.121,0.221,159.881,235000,4
2024-06-17 19:59,Chase Atlantic,Okay,212306,chase atlantic - okay,293566,Chase Atlantic,Okay,492PZFHvGTm3RZZYeeUVWT,67,2017,pop,0.614,0.815,0,-6.784,1,0.131,0.112,0.0,0.121,0.431,130.049,212307,4
2024-06-17 20:04,Chase Atlantic,Consume (feat. Goon Des Garcons),267920,chase atlantic - consume (feat. goon des garcons),293489,Chase Atlantic,Consume (feat. Goon Des Garcons),0X2bh8NVQ8svDQIn2AdCbW,77,2017,pop,0.556,0.714,9,-5.322,0,0.158,0.07,0.0,0.261,0.434,146.113,267920,4
2024-06-18 17:56,Chase Atlantic,HEAVEN AND BACK,136747,chase atlantic - heaven and back,406526,Chase Atlantic,HEAVEN AND BACK,5dewQ7ojISR32NAYNHFYWC,66,2019,pop,0.309,0.793,10,-6.195,0,0.0774,0.0902,0.092,0.0888,0.532,193.714,248240,4
2024-06-18 17:58,Chase Atlantic,HEAVEN AND BACK,111417,chase atlantic - heaven and back,406526,Chase Atlantic,HEAVEN AND BACK,5dewQ7ojISR32NAYNHFYWC,66,2019,pop,0.309,0.793,10,-6.195,0,0.0774,0.0902,0.092,0.0888,0.532,193.714,248240,4
2024-06-18 18:04,Chase Atlantic,Swim,228786,chase atlantic - swim,293479,Chase Atlantic,Swim,3M0lSi5WW79CXQamgSBIjx,80,2017,pop,0.666,0.542,8,-6.429,1,0.0392,0.27,0.0,0.0765,0.0771,120.134,228787,4
2024-06-18 18:28,Chase Atlantic,Right Here,235000,chase atlantic - right here,293542,Chase Atlantic,Right Here,2KtS31kaWNHs12Q5B43Ixh,70,2017,pop,0.351,0.587,6,-6.413,1,0.0413,0.00516,1.87e-05,0.121,0.221,159.881,235000,4
2024-06-18 18:46,Chase Atlantic,Drugs & Money - New Mix,239921,chase atlantic - drugs & money - new mix,293587,Chase Atlantic,Drugs & Money - New Mix,4SRyrhBJ5mq8fEa3bsdZn6,65,2017,pop,0.629,0.735,11,-4.826,1,0.0599,0.2,0.0,0.243,0.477,123.996,239922,4
2024-06-18 18:51,Chase Atlantic,Meddle About,203886,chase atlantic - meddle about,197593,Chase Atlantic,Meddle About,1x5gfSHfhWpMFKKqbuDe9G,68,2015,pop,0.387,0.797,4,-6.41,0,0.052,0.00404,0.0108,0.314,0.369,159.897,203886,4
2024-06-18 22:29,Chase Atlantic,Church,6947,chase atlantic - church,293564,Chase Atlantic,Church,7bbYT48HWWIbL3YKmtMNzn,68,2017,pop,0.556,0.824,5,-4.539,0,0.0548,0.0109,0.0,0.112,0.292,112.99,220000,4
2024-06-18 22:29,Chase Atlantic,Church,3350,chase atlantic - church,293564,Chase Atlantic,Church,7bbYT48HWWIbL3YKmtMNzn,68,2017,pop,0.556,0.824,5,-4.539,0,0.0548,0.0109,0.0,0.112,0.292,112.99,220000,4
2024-06-18 22:43,Lana Del Rey,Sad Girl,317760,lana del rey - sad girl,146791,Lana Del Rey,Sad Girl,11MyiSGZSYSmhhqwGUTtAq,75,2014,pop,0.345,0.587,5,-8.346,1,0.0364,0.539,0.0731,0.119,0.258,119.479,317760,4
2024-06-18 22:47,Taylor Swift,Lover,221306,taylor swift - lover,406372,Taylor Swift,Lover,1dGr1c8CrMLDpV6mPbImSI,83,2019,pop,0.359,0.543,7,-7.582,1,0.0919,0.492,1.58e-05,0.118,0.453,68.534,221307,4
2024-06-18 22:52,Taylor Swift,Daylight,293453,taylor swift - daylight,406418,Taylor Swift,Daylight,1fzAuUVbzlhZ1lJAx9PtY6,73,2019,pop,0.557,0.496,0,-9.602,1,0.0563,0.808,0.000173,0.0772,0.265,149.983,293453,4
2024-06-18 23:24,Melanie Martinez,"Tag, You're It",5830,"melanie martinez - tag, you're it",175408,Melanie Martinez,"Tag, You're It",3u1FiuSpfsgVnekEMXgMwJ,72,2015,electro,0.559,0.835,5,-5.555,0,0.0424,0.24,0.019,0.185,0.382,114.908,189027,4
2024-06-18 23:24,Charlie Puth,We Don't Talk Anymore (feat. Selena Gomez),26683,charlie puth - we don't talk anymore (feat. selena gomez),224459,Charlie Puth,We Don't Talk Anymore (feat. Selena Gomez),37FXw5QGFN7uwwsLy8uAc0,68,2016,dance,0.728,0.563,1,-8.053,0,0.134,0.621,0.0,0.179,0.352,100.017,217707,4
2024-06-18 23:24,SZA,Snooze,201800,sza - snooze,569186,SZA,Snooze,4iZ4pt7kvcaH6Yo8UoZ4s2,90,2022,pop,0.559,0.551,5,-7.231,1,0.132,0.141,0.0,0.11,0.392,143.008,201800,4
2024-06-18 23:43,Taylor Swift,cardigan,239560,taylor swift - cardigan,461996,Taylor Swift,cardigan,4R2kfaDFhslZEMJqAFNpdd,84,2020,pop,0.613,0.581,0,-8.588,0,0.0424,0.537,0.000345,0.25,0.551,130.033,239560,4
2024-06-18 23:53,Taylor Swift,my tears ricochet,255893,taylor swift - my tears ricochet,462020,Taylor Swift,my tears ricochet,1MgV7FIyNxIG7WzMRJV5HC,74,2020,pop,0.456,0.263,0,-10.63,1,0.0332,0.806,0.0,0.0749,0.111,129.86,255894,4
2024-06-19 00:00,Taylor Swift,Midnight Rain,174782,taylor swift - midnight rain,569203,Taylor Swift,Midnight Rain,3rWDp9tBPQR9z6U5YyRSK4,83,2022,pop,0.643,0.363,0,-11.738,1,0.0767,0.69,5.17e-05,0.115,0.23,139.865,174783,4
2024-06-19 18:31,d4vd,Here With Me,15410,d4vd - here with me,569188,d4vd,Here With Me,78Sw5GDo6AlGwTwanjXbGh,92,2022,pop,0.574,0.469,4,-8.209,1,0.0254,0.534,9.21e-05,0.128,0.288,132.023,242485,4
2024-06-19 18:34,Cigarettes After Sex,Starry Eyes,206000,cigarettes after sex - starry eyes,2728,Cigarettes After Sex,Starry Eyes,2xfRDWDKOisEXgRnYI58Tb,59,2012,ambient,0.425,0.363,2,-15.32,1,0.0322,0.448,0.321,0.0685,0.12,100.426,206000,4
2024-06-19 19:03,Chase Atlantic,Swim,181940,chase atlantic - swim,293479,Chase Atlantic,Swim,3M0lSi5WW79CXQamgSBIjx,80,2017,pop,0.666,0.542,8,-6.429,1,0.0392,0.27,0.0,0.0765,0.0771,120.134,228787,4
2024-06-19 19:09,Chase Atlantic,Swim,46799,chase atlantic - swim,293479,Chase Atlantic,Swim,3M0lSi5WW79CXQamgSBIjx,80,2017,pop,0.666,0.542,8,-6.429,1,0.0392,0.27,0.0,0.0765,0.0771,120.134,228787,4
2024-06-19 19:25,The Neighbourhood,Flawless,138778,the neighbourhood - flawless,56405,The Neighbourhood,Flawless,2Kt1XplPBQBsDKQDa6TssB,68,2013,alt-rock,0.568,0.871,0,-3.453,1,0.0308,0.0553,0.51,0.303,0.374,119.99,246493,4
2024-06-19 19:38,Arctic Monkeys,Arabella,207356,arctic monkeys - arabella,77595,Arctic Monkeys,Arabella,7nzsY8vlnKdvGOEE0rjAXZ,76,2013,garage,0.579,0.558,2,-6.986,1,0.0895,0.0202,1.26e-06,0.212,0.506,179.949,207357,4
2024-06-19 19:49,Cigarettes After Sex,Kiss It Off Me,269933,cigarettes after sex - kiss it off me,368580,Cigarettes After Sex,Kiss It Off Me,1Mhf6QIO0UuVr2ZvQPgymt,62,2019,ambient,0.521,0.298,4,-12.471,1,0.0258,0.753,0.496,0.111,0.235,80.259,269933,4
2024-06-19 19:53,Chase Atlantic,LIKE A ROCKSTAR,208111,chase atlantic - like a rockstar,406638,Chase Atlantic,LIKE A ROCKSTAR,1e5Zf1EU0TAitK207VOUY7,59,2019,pop,0.58,0.611,8,-6.33,0,0.0646,0.331,0.0,0.0982,0.463,81.55,208112,4
2024-06-19 19:56,The Neighbourhood,Softcore,163470,the neighbourhood - softcore,311042,The Neighbourhood,Softcore,2K7xn816oNHJZ0aVqdQsha,84,2018,alt-rock,0.575,0.568,9,-5.509,0,0.03,0.0484,0.000417,0.286,0.37,93.986,206280,4
2024-06-19 20:01,Funguypiano,Outro: Lit (Koe no Katachi / A Silent Voice),157750,funguypiano - outro: lit (koe no katachi / a silent voice),349686,Funguypiano,Outro: Lit (Koe no Katachi / A Silent Voice),6AdeV3VPpFkENbymkFy0BS,30,2018,piano,0.312,0.157,1,-17.006,0,0.0532,0.907,0.901,0.122,0.0395,98.917,157750,3
2024-06-19 20:15,KANA-BOON,シルエット,240133,kana-boon - シルエット,197594,KANA-BOON,シルエット,1di1C0QI6Y92yZPYn6XYAZ,70,2015,pop,0.436,0.934,2,-2.685,1,0.0507,1.03e-05,0.14,0.321,0.384,91.481,240133,4
2024-06-19 20:21,Nightmare,the WORLD,233200,nightmare - the world,1091288,Nightmare,the WORLD,1ShQlzjMz0XkaHt5CgMpBs,55,2006,metal,0.494,0.938,11,-2.359,0,0.0384,0.000474,0.0,0.314,0.822,95.049,234173,4
2024-06-19 20:25,BURNOUT SYNDROMES,PHOENIX,246813,burnout syndromes - phoenix,465521,BURNOUT SYNDROMES,PHOENIX,1ZGmDs16vtSI0nlxDFljFK,55,2020,rock,0.493,0.947,0,-0.717,1,0.0701,0.111,0.0,0.345,0.656,137.124,246813,4
2024-06-19 23:16,7!!,オレンジ,96959,7!! - オレンジ,297466,7!!,オレンジ,1iOQmZULzzkDN1hQZNoDii,49,2017,rock,0.4,0.563,7,-4.023,1,0.0319,0.194,0.0,0.162,0.311,172.027,350107,4
2024-06-19 23:22,UVERworld,Touch off,258706,uverworld - touch off,410209,UVERworld,Touch off,7CSTVNXkW2AbmNktlP1hi2,60,2019,rock,0.411,0.894,4,-3.815,0,0.0465,2.36e-05,0.000447,0.447,0.195,99.607,258707,4
2024-06-19 23:28,SCREEN mode,Reason Living,244306,screen mode - reason living,354191,SCREEN mode,Reason Living,2gLgkVniFLbKiklW4taLOj,51,2018,rock,0.415,0.943,8,-2.531,1,0.0662,0.007,0.0,0.385,0.555,91.456,244307,4
2024-06-19 23:40,PornoGraffitti,THE DAY,2900,pornograffitti - the day,293639,PornoGraffitti,THE DAY,1tjOClAkdMxDfYPO0xvGbG,62,2017,pop,0.512,0.933,1,-4.759,0,0.0738,0.000761,0.0,0.342,0.465,92.998,241627,4
2024-06-19 23:49,SEVENTEEN,CLAP,167797,seventeen - clap,288455,SEVENTEEN,CLAP,19t5GSN3XsLB7UOsZD8Fwv,65,2017,k-pop,0.722,0.918,8,-2.952,1,0.0607,0.141,0.0,0.409,0.831,100.024,167797,4
2024-06-19 23:52,BTS,DNA,22500,bts - dna,288437,BTS,DNA,3uRLwBjI2TahxslcMTvpFs,71,2017,k-pop,0.599,0.775,1,-4.018,0,0.0543,0.0217,0.0,0.0678,0.696,129.817,223123,4
2024-06-19 23:52,EXO-CBX,Ka-CHING!,167452,exo-cbx - ka-ching!,288684,EXO-CBX,Ka-CHING!,5w4Zj0DHPKTJ8K8VL9yUjv,44,2017,k-pop,0.741,0.848,10,-3.26,1,0.137,0.026,0.0,0.521,0.898,146.025,206853,4
2024-06-19 23:59,NCT DREAM,We Young,224466,nct dream - we young,288580,NCT DREAM,We Young,2nChvM2Tyv1ib8AvfCJcOe,51,2017,k-pop,0.712,0.857,0,-4.194,1,0.0414,0.0579,0.0,0.0684,0.338,123.041,224467,4
2024-06-20 00:12,f(x),Red Light,211900,f(x) - red light,142357,f(x),Red Light,4ML3iXqwb35FHG0SW1HVGc,47,2014,k-pop,0.623,0.924,7,-3.162,1,0.0862,0.000457,0.00013,0.0414,0.775,128.947,211900,4
2024-06-20 00:20,EXO,Lotto,189774,exo - lotto,247555,EXO,Lotto,6ukWoX4AHV76JdYVdKRPk8,63,2016,k-pop,0.798,0.867,11,-3.207,0,0.0386,0.0618,0.0,0.193,0.702,99.996,189775,4
2024-06-20 00:27,NCT 127,소방차 Fire Truck,178565,nct 127 - 소방차 fire truck,247574,NCT 127,소방차 Fire Truck,5hHlmrSV6d9LFMsDA1lamE,55,2016,k-pop,0.724,0.976,1,-3.279,1,0.0602,0.116,1.3e-05,0.352,0.626,110.006,178565,4
2024-06-20 00:28,TWICE,FANCY,59147,twice - fancy,401156,TWICE,FANCY,2qQpFbqqkLOGySgNK8wBXt,74,2019,k-pop,0.697,0.874,5,-2.15,0,0.0449,0.0122,0.0,0.627,0.775,132.018,213880,4
2024-06-20 00:31,KARD,Don't Recall,208666,kard - don't recall,288545,KARD,Don't Recall,4b1sQpvL7QVgamRZ74F1oA,51,2017,k-pop,0.694,0.748,10,-2.93,0,0.167,0.0222,0.0,0.155,0.521,92.918,208667,4
2024-06-20 00:36,Red Velvet,Bad Boy,210817,red velvet - bad boy,344858,Red Velvet,Bad Boy,5GKwq4sO5ZHKuWaDmdwMQc,72,2018,k-pop,0.714,0.736,2,-3.801,1,0.0457,0.191,0.0,0.0553,0.814,149.985,210818,4
2024-06-20 00:39,SURAN,Heartbeat,182006,suran - heartbeat,288555,SURAN,Heartbeat,3Mz7i60GsWWLRyDeAIuCZA,52,2017,k-pop,0.679,0.541,7,-5.132,1,0.0332,0.662,0.0,0.338,0.28,111.784,232653,4
2024-06-20 00:41,SURAN,Heartbeat,50557,suran - heartbeat,288555,SURAN,Heartbeat,3Mz7i60GsWWLRyDeAIuCZA,52,2017,k-pop,0.679,0.541,7,-5.132,1,0.0332,0.662,0.0,0.338,0.28,111.784,232653,4
2024-06-20 00:46,BIGBANG,SOBER,237512,bigbang - sober,192630,BIGBANG,SOBER,1Me50eXOFCm8pjPJqcsLmq,35,2015,k-pop,0.653,0.835,5,-3.39,1,0.0787,0.00738,0.0,0.91,0.537,129.948,237513,4
2024-06-20 00:50,G-DRAGON,CROOKED,224792,g-dragon - crooked,89082,G-DRAGON,CROOKED,4EwNWRBWdZ6bgvxRHlZ8OO,57,2013,k-pop,0.665,0.919,2,-3.211,1,0.0922,0.00191,0.0,0.0588,0.782,129.962,224793,4
2024-06-20 00:56,iKON,AIRPLANE,216043,ikon - airplane,192508,iKON,AIRPLANE,1ZfVxNlKpUHv8ZA8ri59nX,46,2015,k-pop,0.546,0.687,0,-5.547,1,0.214,0.219,0.0,0.428,0.529,173.814,216043,4
2024-06-20 00:58,HyunA,Bubble Pop!,10440,hyuna - bubble pop!,1443569,HyunA,Bubble Pop!,59JkwCdGIMTZYb0j75vebU,53,2011,k-pop,0.84,0.871,10,-4.662,0,0.0639,0.0842,0.00392,0.285,0.767,146.005,212245,4
2024-06-20 00:58,EXO,Growl,112629,exo - growl,89073,EXO,Growl,4pi0Elz7B7cLfw37J3bYm9,64,2013,k-pop,0.681,0.814,11,-2.83,0,0.0603,0.145,0.0,0.556,0.876,89.993,207053,4
2024-06-24 19:19,Brian the Sun,HEROES,181360,brian the sun - heroes,297389,Brian the Sun,HEROES,32CwLhZJBa6C5Q0bJe0Q47,53,2017,rock,0.526,0.94,2,-3.864,1,0.066,0.00742,0.0,0.268,0.574,99.058,181360,4
2024-06-24 19:57,DEAN FUJIOKA,History Maker,10005,dean fujioka - history maker,224585,DEAN FUJIOKA,History Maker,3QjIdDDKoZRyfWDKZC4Ayb,57,2016,dance,0.397,0.668,9,-4.292,1,0.0855,0.102,0.0,0.0744,0.456,67.012,190045,4
2024-06-24 20:07,YOASOBI,夜に駆ける,261013,yoasobi - 夜に駆ける,406467,YOASOBI,夜に駆ける,3dPtXHP0oXQ4HCWHsOA9js,73,2019,pop,0.67,0.874,8,-5.221,1,0.0305,0.00231,1.72e-05,0.3,0.789,130.041,261013,4
2024-06-24 20:19,PornoGraffitti,THE DAY,241626,pornograffitti - the day,293639,PornoGraffitti,THE DAY,1tjOClAkdMxDfYPO0xvGbG,62,2017,pop,0.512,0.933,1,-4.759,0,0.0738,0.000761,0.0,0.342,0.465,92.998,241627,4
2024-06-24 20:23,See Siang Wong,"One Summer's Day (From ""Spirited Away"")",186306,"see siang wong - one summer's day (from ""spirited away"")",116298,See Siang Wong,"One Summer's Day (From ""Spirited Away"")",7hAq2u4izUTrPO3jtAq398,32,2014,classical,0.332,0.136,0,-20.818,1,0.0616,0.994,0.857,0.113,0.0538,182.103,186307,4
2024-06-24 21:31,BURNOUT SYNDROMES,PHOENIX,246813,burnout syndromes - phoenix,465521,BURNOUT SYNDROMES,PHOENIX,1ZGmDs16vtSI0nlxDFljFK,55,2020,rock,0.493,0.947,0,-0.717,1,0.0701,0.111,0.0,0.345,0.656,137.124,246813,4
2024-06-24 21:35,2PM,Take off,204000,2pm - take off,1443582,2PM,Take off,2dOsUDI94FXz3S9hKi0z9E,44,2011,k-pop,0.615,0.888,3,-4.79,1,0.0303,0.165,0.0,0.204,0.74,131.995,204000,4
2024-06-24 21:47,Eve,Kaikai Kitan,221426,eve - kaikai kitan,465452,Eve,Kaikai Kitan,6y4GYuZszeXNOXuBFsJlos,73,2020,rock,0.584,0.911,5,-3.515,0,0.09,0.0119,0.0,0.119,0.606,92.502,221426,4
2024-06-24 22:07,ALI,LOST IN PARADISE,327966,ali - lost in paradise,472525,ALI,LOST IN PARADISE,7kRKlFCFLAUwt43HWtauhX,65,2020,soul,0.648,0.904,6,-4.565,0,0.0786,0.0961,2.07e-06,0.0629,0.728,121.994,327967,4
2024-06-24 22:18,Ikimonogakari,ブルーバード,215706,ikimonogakari - ブルーバード,1097434,Ikimonogakari,ブルーバード,2XpV9sHBexcNrz0Gyf3l18,67,2006,pop,0.536,0.966,6,-2.929,0,0.0558,0.121,0.0,0.0477,0.849,152.076,215707,4
2024-06-24 22:23,LiSA,crossing field,248946,lisa - crossing field,97071,LiSA,crossing field,4BvuZVf9KyBN3QiPfeI9hw,66,2013,rock,0.45,0.983,5,-2.246,1,0.282,0.0186,0.0,0.265,0.314,179.041,248947,4
2024-06-24 22:27,Dempagumi.Inc,Ψです I LIKE YOU,227973,dempagumi.inc - ψです i like you,215328,Dempagumi.Inc,Ψです I LIKE YOU,5zwhs3vsW6LMsD0JIDUujL,38,2016,alt-rock,0.72,0.977,9,-1.483,1,0.0887,0.0417,0.0,0.284,0.659,110.056,227973,4
2024-06-25 06:09,Mrs. GREEN APPLE,インフェルノ,160850,mrs. green apple - インフェルノ,406541,Mrs. GREEN APPLE,インフェルノ,64yajM6CxtLghmgB53VeXT,66,2019,pop,0.529,0.931,4,-1.538,1,0.0581,0.00955,0.0,0.465,0.695,92.466,212547,4
2024-06-25 18:15,Mrs. GREEN APPLE,インフェルノ,51948,mrs. green apple - インフェルノ,406541,Mrs. GREEN APPLE,インフェルノ,64yajM6CxtLghmgB53VeXT,66,2019,pop,0.529,0.931,4,-1.538,1,0.0581,0.00955,0.0,0.465,0.695,92.466,212547,4
2024-06-25 18:23,ALI,Wild Side -Anime Ver.-,3590,ali - wild side -anime ver.-,417535,ALI,Wild Side -Anime Ver.-,2JMs2Yw7li3OyszcS0TrxN,56,2019,soul,0.426,0.874,0,-2.129,0,0.0696,0.0984,0.0,0.351,0.651,131.282,89667,4
2024-06-25 18:51,Ikimonogakari,熱情のスペクトラム,223613,ikimonogakari - 熱情のスペクトラム,1097529,Ikimonogakari,熱情のスペクトラム,1p0WZg4NXoNVGj2AuoLJe7,61,2006,pop,0.479,0.902,11,-2.665,0,0.0439,0.0593,0.0,0.394,0.748,159.975,223613,4
2024-06-25 19:01,LiSA,だってアタシのヒーロー。,234093,lisa - だってアタシのヒーロー。,297397,LiSA,だってアタシのヒーロー。,45UI1yzA7vjkWHoAUZ8nGp,53,2017,rock,0.394,0.99,10,-0.589,0,0.188,0.0365,0.0,0.174,0.269,188.954,234093,4
2024-06-25 19:07,SCREEN mode,Reason Living,244306,screen mode - reason living,354191,SCREEN mode,Reason Living,2gLgkVniFLbKiklW4taLOj,51,2018,rock,0.415,0.943,8,-2.531,1,0.0662,0.007,0.0,0.385,0.555,91.456,244307,4
2024-06-25 19:21,UVERworld,ODD FUTURE,226493,uverworld - odd future,354116,UVERworld,ODD FUTURE,0yy8QwH9OOgeF3CBeUDguR,54,2018,rock,0.694,0.795,0,-4.649,0,0.0924,0.015,0.0,0.114,0.556,128.036,225907,4
2024-06-25 19:25,THE ORAL CIGARETTES,Kyouran Hey Kids!!,250973,the oral cigarettes - kyouran hey kids!!,245708,THE ORAL CIGARETTES,Kyouran Hey Kids!!,38kcwx5znepLWCIBID0Bwm,67,2016,indie-pop,0.526,0.981,8,-1.82,1,0.111,0.00318,0.00161,0.187,0.781,142.016,250973,4
2024-06-25 19:30,SPYAIR,サクラミツツキ,217226,spyair - サクラミツツキ,93748,SPYAIR,サクラミツツキ,4Q8Xekfd9ihkVPCBxGK0ec,54,2013,pop,0.292,0.906,8,-4.073,1,0.0605,0.000256,0.000743,0.231,0.348,179.004,217227,4
2024-06-25 19:34,BLUE ENCOUNT,ポラリス,224213,blue encount - ポラリス,423496,BLUE ENCOUNT,ポラリス,28DlaPydCnrs8NxYOnUPZ8,63,2020,alt-rock,0.534,0.941,8,-2.561,1,0.077,0.00204,0.00615,0.102,0.573,95.008,224213,4
2024-06-25 23:36,Shinsei Kamattechan,Boku no Sensou,280466,shinsei kamattechan - boku no sensou,478410,Shinsei Kamattechan,Boku no Sensou,3KhwEuqLNjHfsKaBDo1yVh,65,2021,alt-rock,0.473,0.936,2,-4.877,1,0.0704,0.00916,0.0422,0.31,0.416,144.014,280467,4
2024-06-25 23:40,ASCA,RESISTER,227080,asca - resister,410253,ASCA,RESISTER,5bsGv6kAydbH8VTW0xup9D,56,2019,rock,0.483,0.946,8,-3.059,1,0.0906,0.00997,0.0,0.141,0.4,91.497,227080,4
2024-06-25 23:47,7!!,オレンジ,350106,7!! - オレンジ,297466,7!!,オレンジ,1iOQmZULzzkDN1hQZNoDii,49,2017,rock,0.4,0.563,7,-4.023,1,0.0319,0.194,0.0,0.162,0.311,172.027,350107,4
2024-06-26 00:19,KANA-BOON,スターマーカー (Album Mix),213640,kana-boon - スターマーカー (album mix),573083,KANA-BOON,スターマーカー (Album Mix),6NAtVhZ5LrvoKy2Gijr5gj,56,2022,rock,0.502,0.872,4,-3.449,1,0.0421,0.0107,0.0,0.313,0.808,134.047,213640,4
2024-06-26 00:23,Kikuo,愛して 愛して 愛して,252000,kikuo - 愛して 愛して 愛して,72868,Kikuo,愛して 愛して 愛して,3ty4jnVIJ9My8ZnXFMc0Fg,67,2013,electro,0.605,0.842,8,-4.747,1,0.0509,0.0862,3.08e-06,0.106,0.35,115.008,252000,3
2024-06-26 19:26,amazarashi,空に歌えば,169573,amazarashi - 空に歌えば,293713,amazarashi,空に歌えば,3XKMO7tvyyUmxRvlJGhYQm,59,2017,pop,0.593,0.951,6,-1.335,0,0.0697,0.0142,1.13e-06,0.0961,0.64,102.04,217627,4
2024-06-26 19:38,SPYAIR,イマジネーション,179133,spyair - イマジネーション,150221,SPYAIR,イマジネーション,1xc9r9pgQ3CG7iViKPf0cQ,55,2014,rock,0.481,0.938,1,-2.967,1,0.0593,0.00239,2.53e-05,0.118,0.589,101.922,179133,4
2024-06-26 19:51,UVERworld,CORE PRIDE,258693,uverworld - core pride,1451128,UVERworld,CORE PRIDE,55n4sFy8tjysBcCjQFwX3A,57,2011,pop,0.482,0.97,2,-3.131,0,0.193,0.005,0.0,0.233,0.441,92.513,258693,4
2024-06-26 19:54,SiM,The Rumbling (TV Size),90265,sim - the rumbling (tv size),564991,SiM,The Rumbling (TV Size),0KCSJzsQVxkloxoT7dyrqV,64,2022,metal,0.408,0.875,8,-1.536,1,0.0546,1.68e-05,0.000101,0.264,0.646,144.975,90266,4
2024-06-26 19:58,Dempagumi.Inc,Ψです I LIKE YOU,227973,dempagumi.inc - ψです i like you,215328,Dempagumi.Inc,Ψです I LIKE YOU,5zwhs3vsW6LMsD0JIDUujL,38,2016,alt-rock,0.72,0.977,9,-1.483,1,0.0887,0.0417,0.0,0.284,0.659,110.056,227973,4
2024-06-26 20:17,Yuko Ando,Shogeki,181594,yuko ando - shogeki,470170,Yuko Ando,Shogeki,5QwAdWCnauw0GpDzM3glrO,59,2020,singer-songwriter,0.399,0.723,11,-4.507,1,0.0681,0.124,0.0,0.352,0.22,137.032,181595,4
2024-06-26 20:42,Nightmare,the WORLD,168575,nightmare - the world,1091288,Nightmare,the WORLD,1ShQlzjMz0XkaHt5CgMpBs,55,2006,metal,0.494,0.938,11,-2.359,0,0.0384,0.000474,0.0,0.314,0.822,95.049,234173,4
2024-06-26 20:45,ALI,Wild Side,17083,ali - wild side,417516,ALI,Wild Side,2RSPQJ483jRL1KNtMuKqgh,60,2019,soul,0.616,0.923,8,-4.718,1,0.108,0.0107,0.0035,0.341,0.713,134.081,158500,4
2024-06-26 20:53,KANA-BOON,シルエット,240133,kana-boon - シルエット,197594,KANA-BOON,シルエット,1di1C0QI6Y92yZPYn6XYAZ,70,2015,pop,0.436,0.934,2,-2.685,1,0.0507,1.03e-05,0.14,0.321,0.384,91.481,240133,4
2024-06-26 22:56,YOASOBI,怪物,206000,yoasobi - 怪物,515751,YOASOBI,怪物,06XQvnJb53SUYmlWIhUXUi,68,2021,pop,0.627,0.824,1,-3.419,1,0.118,0.0699,6.57e-05,0.31,0.774,169.935,206000,4
2024-06-26 23:05,Taylor Swift,cardigan,239560,taylor swift - cardigan,461996,Taylor Swift,cardigan,4R2kfaDFhslZEMJqAFNpdd,84,2020,pop,0.613,0.581,0,-8.588,0,0.0424,0.537,0.000345,0.25,0.551,130.033,239560,4
2024-06-26 23:09,Taylor Swift,The Way I Loved You (Taylor’s Version),243136,taylor swift - the way i loved you (taylor’s version),515593,Taylor Swift,The Way I Loved You (Taylor’s Version),22bPsP2jCgbLUvh82U0Z3M,78,2021,pop,0.402,0.732,5,-4.665,1,0.0484,0.0033,0.0,0.108,0.472,161.032,243137,4
2024-06-26 23:13,Doja Cat,Kiss Me More (feat. SZA),208666,doja cat - kiss me more (feat. sza),487896,Doja Cat,Kiss Me More (feat. SZA),3DarAbFujv6eYNliUTyqtz,80,2021,dance,0.764,0.705,8,-3.463,1,0.0284,0.259,8.92e-05,0.12,0.781,110.97,208667,4
2024-06-26 23:17,Taylor Swift,my tears ricochet,255893,taylor swift - my tears ricochet,462020,Taylor Swift,my tears ricochet,1MgV7FIyNxIG7WzMRJV5HC,74,2020,pop,0.456,0.263,0,-10.63,1,0.0332,0.806,0.0,0.0749,0.111,129.86,255894,4
2024-06-26 23:21,Lana Del Rey,"Once Upon a Dream - From ""Maleficent"" / Pop Version",203080,"lana del rey - once upon a dream - from ""maleficent"" / pop version",146828,Lana Del Rey,"Once Upon a Dream - From ""Maleficent"" / Pop Version",3liiZRlJxa8GeLUgWMoIeu,64,2014,pop,0.289,0.274,5,-16.574,1,0.0353,0.659,0.0166,0.109,0.167,119.997,203080,3
2024-06-26 23:24,Laufey,Falling Behind,153077,laufey - falling behind,577944,Laufey,Falling Behind,4KGGeE7RJsgLNZmnxGFlOj,63,2022,singer-songwriter,0.449,0.353,7,-12.986,1,0.0915,0.942,0.0786,0.109,0.55,165.888,173640,4
2024-06-26 23:24,Lana Del Rey,Pretty When You Cry,110,lana del rey - pretty when you cry,146790,Lana Del Rey,Pretty When You Cry,6PnluwP0fjGnpIBsqTdUTq,74,2014,pop,0.509,0.547,10,-6.548,0,0.0417,0.399,0.0,0.215,0.197,109.436,234147,4
2024-06-26 23:28,Lana Del Rey,Ultraviolence,251480,lana del rey - ultraviolence,146806,Lana Del Rey,Ultraviolence,1y3r6RXiJZNBV1EI0NggpS,73,2014,pop,0.144,0.541,0,-7.076,1,0.038,0.278,1.01e-05,0.101,0.0899,79.262,251480,3
2024-06-26 23:33,Taylor Swift,The Archer,211240,taylor swift - the archer,406406,Taylor Swift,The Archer,3pHkh7d0lzM2AldUtz2x37,73,2019,pop,0.292,0.574,0,-9.375,1,0.0401,0.12,0.00569,0.0663,0.166,124.344,211240,4
2024-06-26 23:36,Keane,Somewhere Only We Know,236160,keane - somewhere only we know,93054,Keane,Somewhere Only We Know,7AQAlklmptrrkBSeujkXsD,54,2013,piano,0.442,0.606,9,-5.825,1,0.0259,0.0678,1.43e-05,0.0973,0.359,171.982,235880,4
2024-06-26 23:44,Taylor Swift,Style,231000,taylor swift - style,146766,Taylor Swift,Style,4lIxdJw6W3Fg4vUIYCB0S5,74,2014,pop,0.598,0.786,2,-5.572,1,0.0383,0.00253,0.0016,0.117,0.456,95.019,231000,4
2024-06-26 23:48,Olivia Rodrigo,"jealousy, jealousy",173160,"olivia rodrigo - jealousy, jealousy",515579,Olivia Rodrigo,"jealousy, jealousy",0MMyJUC3WNnFS1lit5pTjk,80,2021,pop,0.695,0.575,10,-6.334,0,0.116,0.198,0.0,0.0614,0.699,163.929,173160,4
2024-06-26 23:51,Sixpence None The Richer,Kiss Me,208680,sixpence none the richer - kiss me,901251,Sixpence None The Richer,Kiss Me,2aZ5oYPdDbLNRIUghXM9EV,39,2003,pop,0.475,0.898,3,-4.776,1,0.0442,0.00379,0.00108,0.082,0.351,100.127,199093,4
2024-06-26 23:57,Taylor Swift,Bejeweled,194165,taylor swift - bejeweled,569211,Taylor Swift,Bejeweled,3qoftcUZaUOncvIYjFSPdE,80,2022,pop,0.696,0.559,7,-9.19,1,0.0693,0.0618,5.58e-05,0.0887,0.433,163.999,194166,4
2024-06-27 00:08,Ruth B.,Dandelions,233720,ruth b. - dandelions,293465,Ruth B.,Dandelions,2eAvDnpXP5W0cVtiI0PUxV,87,2017,pop,0.609,0.692,1,-2.958,1,0.0259,0.0157,0.0,0.0864,0.454,116.959,233720,3
2024-06-27 00:10,Melanie Martinez,Dollhouse,7770,melanie martinez - dollhouse,126365,Melanie Martinez,Dollhouse,3deFSRUdM7JC8P1Fi6r0rY,43,2014,electro,0.725,0.708,5,-5.331,0,0.0756,0.22,0.0,0.777,0.555,130.029,231853,4
2024-06-27 00:10,Taylor Swift,We Are Never Ever Getting Back Together,121803,taylor swift - we are never ever getting back together,40360,Taylor Swift,We Are Never Ever Getting Back Together,0VwNdo84DaVYLIkbVO86ND,74,2012,pop,0.628,0.676,7,-5.911,1,0.0916,0.00957,2.65e-05,0.121,0.75,85.984,193147,4
2024-06-27 00:10,Stephen Sanchez,Until I Found You,4220,stephen sanchez - until i found you,515573,Stephen Sanchez,Until I Found You,0T5iIrXA4p5GsubkhuBIKV,85,2021,pop,0.539,0.508,10,-6.05,1,0.0288,0.727,0.0,0.174,0.227,101.358,177720,3
2024-06-27 00:24,Chase Atlantic,HEAVEN AND BACK,248240,chase atlantic - heaven and back,406526,Chase Atlantic,HEAVEN AND BACK,5dewQ7ojISR32NAYNHFYWC,66,2019,pop,0.309,0.793,10,-6.195,0,0.0774,0.0902,0.092,0.0888,0.532,193.714,248240,4
2024-06-27 00:29,Chase Atlantic,Into It,196767,chase atlantic - into it,293490,Chase Atlantic,Into It,4HwDCXsMBC7SUdp2WT4MZP,77,2017,pop,0.518,0.572,10,-6.706,0,0.0416,0.0503,2.41e-05,0.129,0.291,130.053,196767,4
2024-06-27 00:33,Chase Atlantic,Church,220000,chase atlantic - church,293564,Chase Atlantic,Church,7bbYT48HWWIbL3YKmtMNzn,68,2017,pop,0.556,0.824,5,-4.539,0,0.0548,0.0109,0.0,0.112,0.292,112.99,220000,4
2024-06-27 00:38,Chase Atlantic,Consume (feat. Goon Des Garcons),267920,chase atlantic - consume (feat. goon des garcons),293489,Chase Atlantic,Consume (feat. Goon Des Garcons),0X2bh8NVQ8svDQIn2AdCbW,77,2017,pop,0.556,0.714,9,-5.322,0,0.158,0.07,0.0,0.261,0.434,146.113,267920,4
2024-06-27 00:42,Chase Atlantic,Swim,228786,chase atlantic - swim,293479,Chase Atlantic,Swim,3M0lSi5WW79CXQamgSBIjx,80,2017,pop,0.666,0.542,8,-6.429,1,0.0392,0.27,0.0,0.0765,0.0771,120.134,228787,4
2024-06-27 00:51,Chase Atlantic,Okay,212306,chase atlantic - okay,293566,Chase Atlantic,Okay,492PZFHvGTm3RZZYeeUVWT,67,2017,pop,0.614,0.815,0,-6.784,1,0.131,0.112,0.0,0.121,0.431,130.049,212307,4
2024-06-27 05:32,Chase Atlantic,Friends,47922,chase atlantic - friends,197528,Chase Atlantic,Friends,2jQiSYrwJehQAcuaaQrXnS,79,2015,pop,0.422,0.609,11,-6.361,0,0.0335,0.0114,4.76e-06,0.108,0.0911,107.34,230011,3
2024-06-28 19:04,Chase Atlantic,Friends,182338,chase atlantic - friends,197528,Chase Atlantic,Friends,2jQiSYrwJehQAcuaaQrXnS,79,2015,pop,0.422,0.609,11,-6.361,0,0.0335,0.0114,4.76e-06,0.108,0.0911,107.34,230011,3
2024-06-28 19:06,Chase Atlantic,HER,169720,chase atlantic - her,406529,Chase Atlantic,HER,5i7g9wTIruXgWKvA83BXlk,64,2019,pop,0.706,0.586,5,-5.404,0,0.066,0.106,5.43e-06,0.169,0.689,139.984,169714,4
2024-06-28 19:15,Keane,Somewhere Only We Know,236160,keane - somewhere only we know,93054,Keane,Somewhere Only We Know,7AQAlklmptrrkBSeujkXsD,54,2013,piano,0.442,0.606,9,-5.825,1,0.0259,0.0678,1.43e-05,0.0973,0.359,171.982,235880,4
2024-06-28 19:25,7!!,オレンジ,1120,7!! - オレンジ,297466,7!!,オレンジ,1iOQmZULzzkDN1hQZNoDii,49,2017,rock,0.4,0.563,7,-4.023,1,0.0319,0.194,0.0,0.162,0.311,172.027,350107,4
2024-06-28 19:25,Olivia Rodrigo,deja vu,7209,olivia rodrigo - deja vu,515572,Olivia Rodrigo,deja vu,6HU7h9RYOaPRFeh0R3UeAr,83,2021,pop,0.442,0.612,2,-7.222,1,0.112,0.584,5.7e-06,0.37,0.178,180.917,215507,4
2024-06-28 19:36,Taylor Swift,Back To December,293026,taylor swift - back to december,1380399,Taylor Swift,Back To December,3DrjZArsPsoqbLzUZZV1Id,67,2010,pop,0.529,0.67,2,-4.663,1,0.0303,0.117,0.0,0.334,0.286,141.893,293027,4
2024-06-28 19:38,Melanie Martinez,Teacher's Pet,77153,melanie martinez - teacher's pet,384326,Melanie Martinez,Teacher's Pet,5o5akY9xnEk6lpMkD8RwD9,74,2019,electro,0.686,0.794,7,-6.136,0,0.0385,0.27,2.25e-05,0.125,0.532,140.952,241893,3
2024-06-28 19:41,Taylor Swift,Style,231000,taylor swift - style,146766,Taylor Swift,Style,4lIxdJw6W3Fg4vUIYCB0S5,74,2014,pop,0.598,0.786,2,-5.572,1,0.0383,0.00253,0.0016,0.117,0.456,95.019,231000,4
2024-06-28 19:46,Taylor Swift,Wildest Dreams,220440,taylor swift - wildest dreams,146777,Taylor Swift,Wildest Dreams,59HjlYCeBsxdI0fcm3zglw,71,2014,pop,0.554,0.666,8,-7.414,1,0.0747,0.0702,0.00593,0.106,0.472,140.056,220440,4
2024-06-28 19:50,Lana Del Rey,Dark Paradise,243173,lana del rey - dark paradise,40368,Lana Del Rey,Dark Paradise,2Y115i0IhELJhyyftvoSFt,62,2012,pop,0.6,0.653,1,-8.309,0,0.0594,0.0953,0.0,0.122,0.43,119.994,243187,4
2024-06-28 20:05,Taylor Swift,Bejeweled,194165,taylor swift - bejeweled,569211,Taylor Swift,Bejeweled,3qoftcUZaUOncvIYjFSPdE,80,2022,pop,0.696,0.559,7,-9.19,1,0.0693,0.0618,5.58e-05,0.0887,0.433,163.999,194166,4
2024-06-28 21:45,BLUE ENCOUNT,ポラリス,224213,blue encount - ポラリス,423496,BLUE ENCOUNT,ポラリス,28DlaPydCnrs8NxYOnUPZ8,63,2020,alt-rock,0.534,0.941,8,-2.561,1,0.077,0.00204,0.00615,0.102,0.573,95.008,224213,4
2024-06-28 21:47,Kikuo,君はできない子,35937,kikuo - 君はできない子,72871,Kikuo,君はできない子,7corSqnjU5bX09ZXy3nhVD,61,2013,electro,0.681,0.839,9,-5.398,1,0.0286,0.0593,1.4e-05,0.119,0.758,128.018,261600,4
2024-06-28 22:01,UVERworld,CORE PRIDE,258693,uverworld - core pride,1451128,UVERworld,CORE PRIDE,55n4sFy8tjysBcCjQFwX3A,57,2011,pop,0.482,0.97,2,-3.131,0,0.193,0.005,0.0,0.233,0.441,92.513,258693,4
2024-06-28 22:05,LiSA,だってアタシのヒーロー。,234093,lisa - だってアタシのヒーロー。,297397,LiSA,だってアタシのヒーロー。,45UI1yzA7vjkWHoAUZ8nGp,53,2017,rock,0.394,0.99,10,-0.589,0,0.188,0.0365,0.0,0.174,0.269,188.954,234093,4
2024-06-28 22:10,PornoGraffitti,THE DAY,241626,pornograffitti - the day,293639,PornoGraffitti,THE DAY,1tjOClAkdMxDfYPO0xvGbG,62,2017,pop,0.512,0.933,1,-4.759,0,0.0738,0.000761,0.0,0.342,0.465,92.998,241627,4
2024-06-28 22:13,2PM,Take off,204000,2pm - take off,1443582,2PM,Take off,2dOsUDI94FXz3S9hKi0z9E,44,2011,k-pop,0.615,0.888,3,-4.79,1,0.0303,0.165,0.0,0.204,0.74,131.995,204000,4
2024-06-28 22:17,TK from Ling tosite sigure,unravel,114858,tk from ling tosite sigure - unravel,146819,TK from Ling tosite sigure,unravel,1rN9QoVxw5U7TJkyaUR8C1,70,2014,pop,0.508,0.889,7,-2.755,0,0.0862,0.0495,0.0,0.0984,0.332,135.014,238360,4
2024-06-28 22:21,amazarashi,空に歌えば,217626,amazarashi - 空に歌えば,293713,amazarashi,空に歌えば,3XKMO7tvyyUmxRvlJGhYQm,59,2017,pop,0.593,0.951,6,-1.335,0,0.0697,0.0142,1.13e-06,0.0961,0.64,102.04,217627,4
2024-06-28 22:25,UVERworld,ODD FUTURE,226493,uverworld - odd future,354116,UVERworld,ODD FUTURE,0yy8QwH9OOgeF3CBeUDguR,54,2018,rock,0.694,0.795,0,-4.649,0,0.0924,0.015,0.0,0.114,0.556,128.036,225907,4
2024-06-28 22:29,Brian the Sun,HEROES,181360,brian the sun - heroes,297389,Brian the Sun,HEROES,32CwLhZJBa6C5Q0bJe0Q47,53,2017,rock,0.526,0.94,2,-3.864,1,0.066,0.00742,0.0,0.268,0.574,99.058,181360,4
2024-06-28 22:30,ALI,Wild Side -Anime Ver.-,89666,ali - wild side -anime ver.-,417535,ALI,Wild Side -Anime Ver.-,2JMs2Yw7li3OyszcS0TrxN,56,2019,soul,0.426,0.874,0,-2.129,0,0.0696,0.0984,0.0,0.351,0.651,131.282,89667,4
2024-06-28 22:40,ALI,LOST IN PARADISE,327966,ali - lost in paradise,472525,ALI,LOST IN PARADISE,7kRKlFCFLAUwt43HWtauhX,65,2020,soul,0.648,0.904,6,-4.565,0,0.0786,0.0961,2.07e-06,0.0629,0.728,121.994,327967,4
2024-06-28 22:48,SiM,The Rumbling (TV Size),90265,sim - the rumbling (tv size),564991,SiM,The Rumbling (TV Size),0KCSJzsQVxkloxoT7dyrqV,64,2022,metal,0.408,0.875,8,-1.536,1,0.0546,1.68e-05,0.000101,0.264,0.646,144.975,90266,4
2024-06-30 06:27,Ikimonogakari,ブルーバード,215706,ikimonogakari - ブルーバード,1097434,Ikimonogakari,ブルーバード,2XpV9sHBexcNrz0Gyf3l18,67,2006,pop,0.536,0.966,6,-2.929,0,0.0558,0.121,0.0,0.0477,0.849,152.076,215707,4
2024-06-30 06:56,SCREEN mode,Reason Living,244306,screen mode - reason living,354191,SCREEN mode,Reason Living,2gLgkVniFLbKiklW4taLOj,51,2018,rock,0.415,0.943,8,-2.531,1,0.0662,0.007,0.0,0.385,0.555,91.456,244307,4
2024-06-30 07:01,OFFICIAL HIGE DANDISM,Cry Baby,241680,official hige dandism - cry baby,519394,OFFICIAL HIGE DANDISM,Cry Baby,3IDF7N86lrcWaJEt9C1gbS,63,2021,rock,0.318,0.902,1,-4.605,1,0.131,0.0116,0.0,0.393,0.437,199.844,240285,4
2024-07-02 18:31,Yoshiki,Red Swan,263720,yoshiki - red swan,350328,Yoshiki,Red Swan,0zvN9oq95bIEQjvfcdeZlX,63,2018,pop,0.275,0.782,10,-4.689,1,0.0467,0.0521,2.25e-06,0.331,0.154,131.744,263720,4
2024-07-02 19:00,SCREEN mode,Reason Living,244306,screen mode - reason living,354191,SCREEN mode,Reason Living,2gLgkVniFLbKiklW4taLOj,51,2018,rock,0.415,0.943,8,-2.531,1,0.0662,0.007,0.0,0.385,0.555,91.456,244307,4
2024-07-02 19:34,PornoGraffitti,THE DAY,241626,pornograffitti - the day,293639,PornoGraffitti,THE DAY,1tjOClAkdMxDfYPO0xvGbG,62,2017,pop,0.512,0.933,1,-4.759,0,0.0738,0.000761,0.0,0.342,0.465,92.998,241627,4
2024-07-02 22:31,7!!,オレンジ,350106,7!! - オレンジ,297466,7!!,オレンジ,1iOQmZULzzkDN1hQZNoDii,49,2017,rock,0.4,0.563,7,-4.023,1,0.0319,0.194,0.0,0.162,0.311,172.027,350107,4
2024-07-02 22:42,LiSA,crossing field,248946,lisa - crossing field,97071,LiSA,crossing field,4BvuZVf9KyBN3QiPfeI9hw,66,2013,rock,0.45,0.983,5,-2.246,1,0.282,0.0186,0.0,0.265,0.314,179.041,248947,4
2024-07-02 22:59,TK from Ling tosite sigure,unravel,161550,tk from ling tosite sigure - unravel,146819,TK from Ling tosite sigure,unravel,1rN9QoVxw5U7TJkyaUR8C1,70,2014,pop,0.508,0.889,7,-2.755,0,0.0862,0.0495,0.0,0.0984,0.332,135.014,238360,4
2024-07-02 23:05,2PM,Take off,204000,2pm - take off,1443582,2PM,Take off,2dOsUDI94FXz3S9hKi0z9E,44,2011,k-pop,0.615,0.888,3,-4.79,1,0.0303,0.165,0.0,0.204,0.74,131.995,204000,4
2024-07-02 23:17,ALI,Wild Side -Anime Ver.-,89666,ali - wild side -anime ver.-,417535,ALI,Wild Side -Anime Ver.-,2JMs2Yw7li3OyszcS0TrxN,56,2019,soul,0.426,0.874,0,-2.129,0,0.0696,0.0984,0.0,0.351,0.651,131.282,89667,4
2024-07-02 23:20,KANA-BOON,スターマーカー (Album Mix),213640,kana-boon - スターマーカー (album mix),573083,KANA-BOON,スターマーカー (Album Mix),6NAtVhZ5LrvoKy2Gijr5gj,56,2022,rock,0.502,0.872,4,-3.449,1,0.0421,0.0107,0.0,0.313,0.808,134.047,213640,4
2024-07-02 23:24,Ikimonogakari,ブルーバード,215706,ikimonogakari - ブルーバード,1097434,Ikimonogakari,ブルーバード,2XpV9sHBexcNrz0Gyf3l18,67,2006,pop,0.536,0.966,6,-2.929,0,0.0558,0.121,0.0,0.0477,0.849,152.076,215707,4
2024-07-02 23:59,UVERworld,Touch off,258706,uverworld - touch off,410209,UVERworld,Touch off,7CSTVNXkW2AbmNktlP1hi2,60,2019,rock,0.411,0.894,4,-3.815,0,0.0465,2.36e-05,0.000447,0.447,0.195,99.607,258707,4
2024-07-03 00:06,SPYAIR,イマジネーション,111335,spyair - イマジネーション,150221,SPYAIR,イマジネーション,1xc9r9pgQ3CG7iViKPf0cQ,55,2014,rock,0.481,0.938,1,-2.967,1,0.0593,0.00239,2.53e-05,0.118,0.589,101.922,179133,4
2024-07-03 03:25,ALI,Wild Side,9166,ali - wild side,417516,ALI,Wild Side,2RSPQJ483jRL1KNtMuKqgh,60,2019,soul,0.616,0.923,8,-4.718,1,0.108,0.0107,0.0035,0.341,0.713,134.081,158500,4
2024-07-03 18:18,ALI,Wild Side,149583,ali - wild side,417516,ALI,Wild Side,2RSPQJ483jRL1KNtMuKqgh,60,2019,soul,0.616,0.923,8,-4.718,1,0.108,0.0107,0.0035,0.341,0.713,134.081,158500,4
2024-07-03 19:03,THE ORAL CIGARETTES,Kyouran Hey Kids!!,250973,the oral cigarettes - kyouran hey kids!!,245708,THE ORAL CIGARETTES,Kyouran Hey Kids!!,38kcwx5znepLWCIBID0Bwm,67,2016,indie-pop,0.526,0.981,8,-1.82,1,0.111,0.00318,0.00161,0.187,0.781,142.016,250973,4
2024-07-03 19:14,LiSA,紅蓮華,237586,lisa - 紅蓮華,410271,LiSA,紅蓮華,0nUKU6e9COOCgO5tAUtlST,53,2019,rock,0.544,0.979,4,-2.8,0,0.153,0.00336,0.000116,0.0775,0.31,135.001,238587,4
2024-07-03 19:24,SiM,The Rumbling (TV Size),48393,sim - the rumbling (tv size),564991,SiM,The Rumbling (TV Size),0KCSJzsQVxkloxoT7dyrqV,64,2022,metal,0.408,0.875,8,-1.536,1,0.0546,1.68e-05,0.000101,0.264,0.646,144.975,90266,4
2024-07-03 19:24,UVERworld,ODD FUTURE,226493,uverworld - odd future,354116,UVERworld,ODD FUTURE,0yy8QwH9OOgeF3CBeUDguR,54,2018,rock,0.694,0.795,0,-4.649,0,0.0924,0.015,0.0,0.114,0.556,128.036,225907,4
2024-07-03 19:28,See Siang Wong,"One Summer's Day (From ""Spirited Away"")",186306,"see siang wong - one summer's day (from ""spirited away"")",116298,See Siang Wong,"One Summer's Day (From ""Spirited Away"")",7hAq2u4izUTrPO3jtAq398,32,2014,classical,0.332,0.136,0,-20.818,1,0.0616,0.994,0.857,0.113,0.0538,182.103,186307,4
2024-07-03 19:33,amazarashi,空に歌えば,217626,amazarashi - 空に歌えば,293713,amazarashi,空に歌えば,3XKMO7tvyyUmxRvlJGhYQm,59,2017,pop,0.593,0.951,6,-1.335,0,0.0697,0.0142,1.13e-06,0.0961,0.64,102.04,217627,4
2024-07-03 19:54,Masayuki Suzuki,DADDY ! DADDY ! DO !,254640,masayuki suzuki - daddy ! daddy ! do !,462266,Masayuki Suzuki,DADDY ! DADDY ! DO !,4xeWELPxBZKhhCrUr84jmp,63,2020,pop,0.684,0.815,8,-3.826,0,0.0496,0.322,0.0,0.12,0.819,138.104,254640,4
2024-07-03 19:57,Yuko Ando,Shogeki,181594,yuko ando - shogeki,470170,Yuko Ando,Shogeki,5QwAdWCnauw0GpDzM3glrO,59,2020,singer-songwriter,0.399,0.723,11,-4.507,1,0.0681,0.124,0.0,0.352,0.22,137.032,181595,4
2024-07-03 20:01,Hello Sleepwalkers,Goya No Machiawase,170640,hello sleepwalkers - goya no machiawase,146896,Hello Sleepwalkers,Goya No Machiawase,5s0AxcVJJD2YYPstMb61ro,58,2014,pop,0.406,0.959,0,-3.014,1,0.0952,0.000891,0.0,0.327,0.571,94.277,170640,4
2024-07-03 20:05,OFFICIAL HIGE DANDISM,Cry Baby,241680,official hige dandism - cry baby,519394,OFFICIAL HIGE DANDISM,Cry Baby,3IDF7N86lrcWaJEt9C1gbS,63,2021,rock,0.318,0.902,1,-4.605,1,0.131,0.0116,0.0,0.393,0.437,199.844,240285,4
2024-07-03 20:11,Brian the Sun,HEROES,181360,brian the sun - heroes,297389,Brian the Sun,HEROES,32CwLhZJBa6C5Q0bJe0Q47,53,2017,rock,0.526,0.94,2,-3.864,1,0.066,0.00742,0.0,0.268,0.574,99.058,181360,4
2024-07-03 20:16,BLUE ENCOUNT,ポラリス,224213,blue encount - ポラリス,423496,BLUE ENCOUNT,ポラリス,28DlaPydCnrs8NxYOnUPZ8,63,2020,alt-rock,0.534,0.941,8,-2.561,1,0.077,0.00204,0.00615,0.102,0.573,95.008,224213,4
2024-07-03 20:28,UVERworld,CORE PRIDE,258693,uverworld - core pride,1451128,UVERworld,CORE PRIDE,55n4sFy8tjysBcCjQFwX3A,57,2011,pop,0.482,0.97,2,-3.131,0,0.193,0.005,0.0,0.233,0.441,92.513,258693,4
2024-07-03 20:32,LiSA,紅蓮華,237586,lisa - 紅蓮華,410271,LiSA,紅蓮華,0nUKU6e9COOCgO5tAUtlST,53,2019,rock,0.544,0.979,4,-2.8,0,0.153,0.00336,0.000116,0.0775,0.31,135.001,238587,4
2024-07-03 23:33,BURNOUT SYNDROMES,PHOENIX,246813,burnout syndromes - phoenix,465521,BURNOUT SYNDROMES,PHOENIX,1ZGmDs16vtSI0nlxDFljFK,55,2020,rock,0.493,0.947,0,-0.717,1,0.0701,0.111,0.0,0.345,0.656,137.124,246813,4
2024-07-03 23:40,PornoGraffitti,THE DAY,241626,pornograffitti - the day,293639,PornoGraffitti,THE DAY,1tjOClAkdMxDfYPO0xvGbG,62,2017,pop,0.512,0.933,1,-4.759,0,0.0738,0.000761,0.0,0.342,0.465,92.998,241627,4
2024-07-03 23:41,DEAN FUJIOKA,History Maker,4700,dean fujioka - history maker,224585,DEAN FUJIOKA,History Maker,3QjIdDDKoZRyfWDKZC4Ayb,57,2016,dance,0.397,0.668,9,-4.292,1,0.0855,0.102,0.0,0.0744,0.456,67.012,190045,4
2024-07-03 23:41,Shinsei Kamattechan,Boku no Sensou,18280,shinsei kamattechan - boku no sensou,478410,Shinsei Kamattechan,Boku no Sensou,3KhwEuqLNjHfsKaBDo1yVh,65,2021,alt-rock,0.473,0.936,2,-4.877,1,0.0704,0.00916,0.0422,0.31,0.416,144.014,280467,4
2024-07-04 00:06,Ikimonogakari,ブルーバード,215706,ikimonogakari - ブルーバード,1097434,Ikimonogakari,ブルーバード,2XpV9sHBexcNrz0Gyf3l18,67,2006,pop,0.536,0.966,6,-2.929,0,0.0558,0.121,0.0,0.0477,0.849,152.076,215707,4
2024-07-04 00:15,ALI,LOST IN PARADISE,327966,ali - lost in paradise,472525,ALI,LOST IN PARADISE,7kRKlFCFLAUwt43HWtauhX,65,2020,soul,0.648,0.904,6,-4.565,0,0.0786,0.0961,2.07e-06,0.0629,0.728,121.994,327967,4
2024-07-07 16:23,Kikuo,愛して 愛して 愛して,211514,kikuo - 愛して 愛して 愛して,72868,Kikuo,愛して 愛して 愛して,3ty4jnVIJ9My8ZnXFMc0Fg,67,2013,electro,0.605,0.842,8,-4.747,1,0.0509,0.0862,3.08e-06,0.106,0.35,115.008,252000,3
2024-07-07 16:28,Taylor Swift,All Too Well (Taylor's Version),329160,taylor swift - all too well (taylor's version),515629,Taylor Swift,All Too Well (Taylor's Version),3nsfB1vus2qaloUdcBZvDu,71,2021,pop,0.44,0.528,0,-7.809,1,0.0317,0.0171,0.00203,0.234,0.132,185.972,329160,4
2024-07-07 16:33,Taylor Swift,Style,231000,taylor swift - style,146766,Taylor Swift,Style,4lIxdJw6W3Fg4vUIYCB0S5,74,2014,pop,0.598,0.786,2,-5.572,1,0.0383,0.00253,0.0016,0.117,0.456,95.019,231000,4
2024-07-07 16:37,Lana Del Rey,Chemtrails Over The Country Club,271176,lana del rey - chemtrails over the country club,515662,Lana Del Rey,Chemtrails Over The Country Club,7bPWdJgx8vek7S5i5yAtvG,70,2021,pop,0.334,0.276,4,-13.125,0,0.0643,0.877,0.000249,0.113,0.429,201.025,271177,3
2024-07-07 16:43,Gwen Stefani,Luxurious,264920,gwen stefani - luxurious,931096,Gwen Stefani,Luxurious,3UQmoVQJqBYauTZLVPs3uo,62,2004,dance,0.811,0.726,0,-3.995,1,0.0813,0.154,0.0,0.116,0.666,131.027,264920,4
2024-07-07 16:46,Olivia Rodrigo,happier,175933,olivia rodrigo - happier,515580,Olivia Rodrigo,happier,2tGvwE8GcFKwNdAXMnlbfl,82,2021,pop,0.395,0.443,6,-9.72,1,0.133,0.765,9.67e-06,0.0839,0.338,168.924,175933,3
2024-07-07 19:48,Taylor Swift,cardigan,239560,taylor swift - cardigan,461996,Taylor Swift,cardigan,4R2kfaDFhslZEMJqAFNpdd,84,2020,pop,0.613,0.581,0,-8.588,0,0.0424,0.537,0.000345,0.25,0.551,130.033,239560,4
2024-07-07 19:52,Laufey,Fragile,241080,laufey - fragile,577950,Laufey,Fragile,608wYP5XWenLz8cOSYjX7X,59,2022,singer-songwriter,0.361,0.413,3,-12.43,1,0.065,0.931,0.000179,0.231,0.336,149.301,241080,4
2024-07-07 19:56,Melanie Martinez,Dollhouse,231853,melanie martinez - dollhouse,126365,Melanie Martinez,Dollhouse,3deFSRUdM7JC8P1Fi6r0rY,43,2014,electro,0.725,0.708,5,-5.331,0,0.0756,0.22,0.0,0.777,0.555,130.029,231853,4
2024-07-07 20:00,Sabrina Carpenter,Feather,185552,sabrina carpenter - feather,591140,Sabrina Carpenter,Feather,2Zo1PcszsT9WQ0ANntJbID,67,2023,dance,0.787,0.686,6,-4.37,0,0.0339,0.0893,0.0,0.0927,0.836,123.51,185553,4
2024-07-07 20:03,Dhruv,double take,171743,dhruv - double take,373153,dhruv,double take,47isJpIIO8m7BJEhiFhnaf,72,2019,chill,0.456,0.437,8,-11.156,1,0.0867,0.839,0.0,0.218,0.209,108.678,171743,4
2024-07-07 20:07,Lana Del Rey,Dark Paradise,243187,lana del rey - dark paradise,40368,Lana Del Rey,Dark Paradise,2Y115i0IhELJhyyftvoSFt,62,2012,pop,0.6,0.653,1,-8.309,0,0.0594,0.0953,0.0,0.122,0.43,119.994,243187,4
2024-07-08 18:46,Lana Del Rey,Radio,214573,lana del rey - radio,40378,Lana Del Rey,Radio,4PMdq7Q7xOFrY424ZelZEb,59,2012,pop,0.423,0.857,2,-5.173,1,0.0687,0.188,2.63e-05,0.105,0.196,75.024,214574,4
2024-07-08 18:51,Sixpence None The Richer,Kiss Me,208680,sixpence none the richer - kiss me,901251,Sixpence None The Richer,Kiss Me,2aZ5oYPdDbLNRIUghXM9EV,39,2003,pop,0.475,0.898,3,-4.776,1,0.0442,0.00379,0.00108,0.082,0.351,100.127,199093,4
2024-07-08 18:54,Taylor Swift,Midnight Rain,174782,taylor swift - midnight rain,569203,Taylor Swift,Midnight Rain,3rWDp9tBPQR9z6U5YyRSK4,83,2022,pop,0.643,0.363,0,-11.738,1,0.0767,0.69,5.17e-05,0.115,0.23,139.865,174783,4
2024-07-08 18:58,Olivia Rodrigo,traitor,229226,olivia rodrigo - traitor,515570,Olivia Rodrigo,traitor,5CZ40GBx1sQ9agT82CLQCT,84,2021,pop,0.38,0.339,3,-7.885,1,0.0338,0.691,0.0,0.12,0.0849,100.607,229227,4
2024-07-08 19:02,Doja Cat,Kiss Me More (feat. SZA),208666,doja cat - kiss me more (feat. sza),487896,Doja Cat,Kiss Me More (feat. SZA),3DarAbFujv6eYNliUTyqtz,80,2021,dance,0.764,0.705,8,-3.463,1,0.0284,0.259,8.92e-05,0.12,0.781,110.97,208667,4
2024-07-08 19:17,Lana Del Rey,Art Deco,295066,lana del rey - art deco,197562,Lana Del Rey,Art Deco,5jqNQZBwbZWQXPWfo0ygZF,72,2015,pop,0.282,0.464,11,-11.112,0,0.0533,0.544,0.215,0.111,0.0596,148.345,295067,5
2024-07-08 19:21,Lana Del Rey,Young And Beautiful,236053,lana del rey - young and beautiful,93567,Lana Del Rey,Young And Beautiful,2nMeu6UenVvwUktBCpLMK9,81,2013,pop,0.324,0.416,11,-8.92,0,0.0368,0.262,3.69e-05,0.11,0.151,113.986,236053,4
2024-07-08 19:24,Taylor Swift,Cruel Summer,178426,taylor swift - cruel summer,406369,Taylor Swift,Cruel Summer,1BxfuPKGuaTgP7aM0Bbdwr,83,2019,pop,0.552,0.702,9,-5.707,1,0.157,0.117,2.06e-05,0.105,0.564,169.994,178427,4
2024-07-08 19:28,Conan Gray,The Cut That Always Bleeds,231920,conan gray - the cut that always bleeds,462080,Conan Gray,The Cut That Always Bleeds,7wTqEW5nrMhvyEhEyTnOMd,65,2020,pop,0.489,0.413,0,-6.499,1,0.0314,0.59,0.0,0.0639,0.246,136.116,231920,4
2024-07-08 19:54,Arctic Monkeys,Stop The World I Wanna Get Off With You,191040,arctic monkeys - stop the world i wanna get off with you,77598,Arctic Monkeys,Stop The World I Wanna Get Off With You,2QUlMbvD9bL8wHqfsoqoet,69,2013,garage,0.661,0.73,6,-6.779,0,0.0574,0.0537,3.44e-05,0.14,0.53,95.027,191040,4
2024-07-08 20:00,The Neighbourhood,Prey,282640,the neighbourhood - prey,162945,The Neighbourhood,Prey,38kjFXYgPvtuXCPbHPMGte,63,2015,alt-rock,0.517,0.779,9,-5.005,0,0.0477,0.0258,0.0,0.0622,0.197,115.206,282640,4
2024-07-08 20:08,The Neighbourhood,Flawless,246493,the neighbourhood - flawless,56405,The Neighbourhood,Flawless,2Kt1XplPBQBsDKQDa6TssB,68,2013,alt-rock,0.568,0.871,0,-3.453,1,0.0308,0.0553,0.51,0.303,0.374,119.99,246493,4
2024-07-08 21:26,Arctic Monkeys,Baby I'm Yours,152613,arctic monkeys - baby i'm yours,1076412,Arctic Monkeys,Baby I'm Yours,6FLqFu1ApSkUddZ9P4H6Io,58,2006,garage,0.462,0.595,2,-9.363,1,0.0347,0.215,0.0,0.184,0.64,113.719,152613,4
2024-07-08 21:43,Arctic Monkeys,Knee Socks,139339,arctic monkeys - knee socks,77596,Arctic Monkeys,Knee Socks,2LGdO5MtFdyphi2EihANZG,74,2013,garage,0.665,0.542,11,-8.323,0,0.033,0.123,0.00291,0.342,0.587,97.975,257563,4
2024-07-08 21:45,The Neighbourhood,Sadderdaze,87989,the neighbourhood - sadderdaze,311120,The Neighbourhood,Sadderdaze,7sIYHDxjteT6RY29gAGzP2,57,2018,alt-rock,0.414,0.527,4,-4.749,0,0.0287,0.00971,5.05e-05,0.145,0.306,120.009,245827,4
2024-07-08 21:46,Kikuo,愛して 愛して 愛して,40482,kikuo - 愛して 愛して 愛して,72868,Kikuo,愛して 愛して 愛して,3ty4jnVIJ9My8ZnXFMc0Fg,67,2013,electro,0.605,0.842,8,-4.747,1,0.0509,0.0862,3.08e-06,0.106,0.35,115.008,252000,3
2024-07-08 21:55,KANA-BOON,シルエット,240133,kana-boon - シルエット,197594,KANA-BOON,シルエット,1di1C0QI6Y92yZPYn6XYAZ,70,2015,pop,0.436,0.934,2,-2.685,1,0.0507,1.03e-05,0.14,0.321,0.384,91.481,240133,4
2024-07-08 22:16,SiM,The Rumbling (TV Size),18998,sim - the rumbling (tv size),564991,SiM,The Rumbling (TV Size),0KCSJzsQVxkloxoT7dyrqV,64,2022,metal,0.408,0.875,8,-1.536,1,0.0546,1.68e-05,0.000101,0.264,0.646,144.975,90266,4
2024-07-08 22:19,Funguypiano,Outro: Lit (Koe no Katachi / A Silent Voice),157750,funguypiano - outro: lit (koe no katachi / a silent voice),349686,Funguypiano,Outro: Lit (Koe no Katachi / A Silent Voice),6AdeV3VPpFkENbymkFy0BS,30,2018,piano,0.312,0.157,1,-17.006,0,0.0532,0.907,0.901,0.122,0.0395,98.917,157750,3
2024-07-08 22:22,Yuko Ando,Shogeki,181594,yuko ando - shogeki,470170,Yuko Ando,Shogeki,5QwAdWCnauw0GpDzM3glrO,59,2020,singer-songwriter,0.399,0.723,11,-4.507,1,0.0681,0.124,0.0,0.352,0.22,137.032,181595,4
2024-07-08 22:26,Masayuki Suzuki,DADDY ! DADDY ! DO !,254640,masayuki suzuki - daddy ! daddy ! do !,462266,Masayuki Suzuki,DADDY ! DADDY ! DO !,4xeWELPxBZKhhCrUr84jmp,63,2020,pop,0.684,0.815,8,-3.826,0,0.0496,0.322,0.0,0.12,0.819,138.104,254640,4
2024-07-08 22:44,Dempagumi.Inc,Ψです I LIKE YOU,130143,dempagumi.inc - ψです i like you,215328,Dempagumi.Inc,Ψです I LIKE YOU,5zwhs3vsW6LMsD0JIDUujL,38,2016,alt-rock,0.72,0.977,9,-1.483,1,0.0887,0.0417,0.0,0.284,0.659,110.056,227973,4
2024-07-08 22:51,7!!,オレンジ,1750,7!! - オレンジ,297466,7!!,オレンジ,1iOQmZULzzkDN1hQZNoDii,49,2017,rock,0.4,0.563,7,-4.023,1,0.0319,0.194,0.0,0.162,0.311,172.027,350107,4
2024-07-08 22:51,2PM,Take off,204000,2pm - take off,1443582,2PM,Take off,2dOsUDI94FXz3S9hKi0z9E,44,2011,k-pop,0.615,0.888,3,-4.79,1,0.0303,0.165,0.0,0.204,0.74,131.995,204000,4
2024-07-08 22:56,amazarashi,空に歌えば,217626,amazarashi - 空に歌えば,293713,amazarashi,空に歌えば,3XKMO7tvyyUmxRvlJGhYQm,59,2017,pop,0.593,0.951,6,-1.335,0,0.0697,0.0142,1.13e-06,0.0961,0.64,102.04,217627,4
2024-07-08 23:17,Nightmare,the WORLD,233200,nightmare - the world,1091288,Nightmare,the WORLD,1ShQlzjMz0XkaHt5CgMpBs,55,2006,metal,0.494,0.938,11,-2.359,0,0.0384,0.000474,0.0,0.314,0.822,95.049,234173,4
2024-07-08 23:22,UVERworld,CORE PRIDE,258693,uverworld - core pride,1451128,UVERworld,CORE PRIDE,55n4sFy8tjysBcCjQFwX3A,57,2011,pop,0.482,0.97,2,-3.131,0,0.193,0.005,0.0,0.233,0.441,92.513,258693,4
2024-07-08 23:50,Masayuki Suzuki,DADDY ! DADDY ! DO !,254640,masayuki suzuki - daddy ! daddy ! do !,462266,Masayuki Suzuki,DADDY ! DADDY ! DO !,4xeWELPxBZKhhCrUr84jmp,63,2020,pop,0.684,0.815,8,-3.826,0,0.0496,0.322,0.0,0.12,0.819,138.104,254640,4
2024-07-09 02:24,LiSA,crossing field,67532,lisa - crossing field,97071,LiSA,crossing field,4BvuZVf9KyBN3QiPfeI9hw,66,2013,rock,0.45,0.983,5,-2.246,1,0.282,0.0186,0.0,0.265,0.314,179.041,248947,4
2024-07-09 02:24,LiSA,crossing field,18048,lisa - crossing field,97071,LiSA,crossing field,4BvuZVf9KyBN3QiPfeI9hw,66,2013,rock,0.45,0.983,5,-2.246,1,0.282,0.0186,0.0,0.265,0.314,179.041,248947,4
2024-07-09 02:24,Olivia Rodrigo,"All I Want - From ""High School Musical: The Musical: The Series""",1344,"olivia rodrigo - all i want - from ""high school musical: the musical: the series""",406403,Olivia Rodrigo,"All I Want - From ""High School Musical: The Musical: The Series""",4Yxc55NX3tAXC2mHRAhtcW,76,2019,pop,0.376,0.43,0,-6.585,0,0.0328,0.0902,0.0,0.0912,0.129,77.599,177323,3
2024-07-09 03:51,Yoshiki,Red Swan,263720,yoshiki - red swan,350328,Yoshiki,Red Swan,0zvN9oq95bIEQjvfcdeZlX,63,2018,pop,0.275,0.782,10,-4.689,1,0.0467,0.0521,2.25e-06,0.331,0.154,131.744,263720,4
2024-07-09 05:35,YOASOBI,怪物,130630,yoasobi - 怪物,515751,YOASOBI,怪物,06XQvnJb53SUYmlWIhUXUi,68,2021,pop,0.627,0.824,1,-3.419,1,0.118,0.0699,6.57e-05,0.31,0.774,169.935,206000,4
2024-07-09 17:38,Eve,Kaikai Kitan,221426,eve - kaikai kitan,465452,Eve,Kaikai Kitan,6y4GYuZszeXNOXuBFsJlos,73,2020,rock,0.584,0.911,5,-3.515,0,0.09,0.0119,0.0,0.119,0.606,92.502,221426,4
2024-07-09 17:52,THE ORAL CIGARETTES,Kyouran Hey Kids!!,250973,the oral cigarettes - kyouran hey kids!!,245708,THE ORAL CIGARETTES,Kyouran Hey Kids!!,38kcwx5znepLWCIBID0Bwm,67,2016,indie-pop,0.526,0.981,8,-1.82,1,0.111,0.00318,0.00161,0.187,0.781,142.016,250973,4
2024-07-09 18:14,Dempagumi.Inc,Ψです I LIKE YOU,84532,dempagumi.inc - ψです i like you,215328,Dempagumi.Inc,Ψです I LIKE YOU,5zwhs3vsW6LMsD0JIDUujL,38,2016,alt-rock,0.72,0.977,9,-1.483,1,0.0887,0.0417,0.0,0.284,0.659,110.056,227973,4
2024-07-09 18:19,Hello Sleepwalkers,Goya No Machiawase,170640,hello sleepwalkers - goya no machiawase,146896,Hello Sleepwalkers,Goya No Machiawase,5s0AxcVJJD2YYPstMb61ro,58,2014,pop,0.406,0.959,0,-3.014,1,0.0952,0.000891,0.0,0.327,0.571,94.277,170640,4
2024-07-09 18:23,Ikimonogakari,熱情のスペクトラム,223613,ikimonogakari - 熱情のスペクトラム,1097529,Ikimonogakari,熱情のスペクトラム,1p0WZg4NXoNVGj2AuoLJe7,61,2006,pop,0.479,0.902,11,-2.665,0,0.0439,0.0593,0.0,0.394,0.748,159.975,223613,4
2024-07-09 18:28,LiSA,紅蓮華,237586,lisa - 紅蓮華,410271,LiSA,紅蓮華,0nUKU6e9COOCgO5tAUtlST,53,2019,rock,0.544,0.979,4,-2.8,0,0.153,0.00336,0.000116,0.0775,0.31,135.001,238587,4
2024-07-09 18:33,PornoGraffitti,THE DAY,241626,pornograffitti - the day,293639,PornoGraffitti,THE DAY,1tjOClAkdMxDfYPO0xvGbG,62,2017,pop,0.512,0.933,1,-4.759,0,0.0738,0.000761,0.0,0.342,0.465,92.998,241627,4
2024-07-09 18:38,BURNOUT SYNDROMES,PHOENIX,27890,burnout syndromes - phoenix,465521,BURNOUT SYNDROMES,PHOENIX,1ZGmDs16vtSI0nlxDFljFK,55,2020,rock,0.493,0.947,0,-0.717,1,0.0701,0.111,0.0,0.345,0.656,137.124,246813,4
2024-07-09 18:38,BURNOUT SYNDROMES,PHOENIX,218849,burnout syndromes - phoenix,465521,BURNOUT SYNDROMES,PHOENIX,1ZGmDs16vtSI0nlxDFljFK,55,2020,rock,0.493,0.947,0,-0.717,1,0.0701,0.111,0.0,0.345,0.656,137.124,246813,4
2024-07-09 18:50,Kikuo,愛して 愛して 愛して,252000,kikuo - 愛して 愛して 愛して,72868,Kikuo,愛して 愛して 愛して,3ty4jnVIJ9My8ZnXFMc0Fg,67,2013,electro,0.605,0.842,8,-4.747,1,0.0509,0.0862,3.08e-06,0.106,0.35,115.008,252000,3
2024-07-09 19:06,UVERworld,CORE PRIDE,258693,uverworld - core pride,1451128,UVERworld,CORE PRIDE,55n4sFy8tjysBcCjQFwX3A,57,2011,pop,0.482,0.97,2,-3.131,0,0.193,0.005,0.0,0.233,0.441,92.513,258693,4
2024-07-09 19:25,YOASOBI,怪物,206000,yoasobi - 怪物,515751,YOASOBI,怪物,06XQvnJb53SUYmlWIhUXUi,68,2021,pop,0.627,0.824,1,-3.419,1,0.118,0.0699,6.57e-05,0.31,0.774,169.935,206000,4
2024-07-09 19:29,LiSA,crossing field,248946,lisa - crossing field,97071,LiSA,crossing field,4BvuZVf9KyBN3QiPfeI9hw,66,2013,rock,0.45,0.983,5,-2.246,1,0.282,0.0186,0.0,0.265,0.314,179.041,248947,4
2024-07-09 21:28,Shinsei Kamattechan,Boku no Sensou,280466,shinsei kamattechan - boku no sensou,478410,Shinsei Kamattechan,Boku no Sensou,3KhwEuqLNjHfsKaBDo1yVh,65,2021,alt-rock,0.473,0.936,2,-4.877,1,0.0704,0.00916,0.0422,0.31,0.416,144.014,280467,4
2024-07-09 21:40,SPYAIR,イマジネーション,179133,spyair - イマジネーション,150221,SPYAIR,イマジネーション,1xc9r9pgQ3CG7iViKPf0cQ,55,2014,rock,0.481,0.938,1,-2.967,1,0.0593,0.00239,2.53e-05,0.118,0.589,101.922,179133,4
2024-07-09 21:45,KANA-BOON,スターマーカー (Album Mix),213640,kana-boon - スターマーカー (album mix),573083,KANA-BOON,スターマーカー (Album Mix),6NAtVhZ5LrvoKy2Gijr5gj,56,2022,rock,0.502,0.872,4,-3.449,1,0.0421,0.0107,0.0,0.313,0.808,134.047,213640,4
2024-07-09 21:50,7!!,オレンジ,350106,7!! - オレンジ,297466,7!!,オレンジ,1iOQmZULzzkDN1hQZNoDii,49,2017,rock,0.4,0.563,7,-4.023,1,0.0319,0.194,0.0,0.162,0.311,172.027,350107,4
2024-07-09 21:53,Funguypiano,Outro: Lit (Koe no Katachi / A Silent Voice),157750,funguypiano - outro: lit (koe no katachi / a silent voice),349686,Funguypiano,Outro: Lit (Koe no Katachi / A Silent Voice),6AdeV3VPpFkENbymkFy0BS,30,2018,piano,0.312,0.157,1,-17.006,0,0.0532,0.907,0.901,0.122,0.0395,98.917,157750,3
2024-07-09 22:08,Nightmare,the WORLD,233200,nightmare - the world,1091288,Nightmare,the WORLD,1ShQlzjMz0XkaHt5CgMpBs,55,2006,metal,0.494,0.938,11,-2.359,0,0.0384,0.000474,0.0,0.314,0.822,95.049,234173,4
2024-07-09 23:08,KANA-BOON,シルエット,240133,kana-boon - シルエット,197594,KANA-BOON,シルエット,1di1C0QI6Y92yZPYn6XYAZ,70,2015,pop,0.436,0.934,2,-2.685,1,0.0507,1.03e-05,0.14,0.321,0.384,91.481,240133,4
2024-07-09 23:27,YOASOBI,夜に駆ける,261013,yoasobi - 夜に駆ける,406467,YOASOBI,夜に駆ける,3dPtXHP0oXQ4HCWHsOA9js,73,2019,pop,0.67,0.874,8,-5.221,1,0.0305,0.00231,1.72e-05,0.3,0.789,130.041,261013,4
2024-07-09 23:31,ALI,Wild Side -Anime Ver.-,89666,ali - wild side -anime ver.-,417535,ALI,Wild Side -Anime Ver.-,2JMs2Yw7li3OyszcS0TrxN,56,2019,soul,0.426,0.874,0,-2.129,0,0.0696,0.0984,0.0,0.351,0.651,131.282,89667,4
2024-07-09 23:38,TK from Ling tosite sigure,unravel,238360,tk from ling tosite sigure - unravel,146819,TK from Ling tosite sigure,unravel,1rN9QoVxw5U7TJkyaUR8C1,70,2014,pop,0.508,0.889,7,-2.755,0,0.0862,0.0495,0.0,0.0984,0.332,135.014,238360,4
2024-07-09 23:48,Eir Aoi,IGNITE,91102,eir aoi - ignite,201331,Eir Aoi,IGNITE,5ivhfpfnoHhD8rUI2t3aJG,57,2015,rock,0.414,0.972,9,-2.41,0,0.258,0.00721,0.0,0.3,0.395,170.957,244173,4
2024-07-09 23:51,Ikimonogakari,ブルーバード,215706,ikimonogakari - ブルーバード,1097434,Ikimonogakari,ブルーバード,2XpV9sHBexcNrz0Gyf3l18,67,2006,pop,0.536,0.966,6,-2.929,0,0.0558,0.121,0.0,0.0477,0.849,152.076,215707,4
2024-07-10 00:04,Mrs. GREEN APPLE,インフェルノ,212546,mrs. green apple - インフェルノ,406541,Mrs. GREEN APPLE,インフェルノ,64yajM6CxtLghmgB53VeXT,66,2019,pop,0.529,0.931,4,-1.538,1,0.0581,0.00955,0.0,0.465,0.695,92.466,212547,4
2024-07-10 00:08,amazarashi,空に歌えば,217626,amazarashi - 空に歌えば,293713,amazarashi,空に歌えば,3XKMO7tvyyUmxRvlJGhYQm,59,2017,pop,0.593,0.951,6,-1.335,0,0.0697,0.0142,1.13e-06,0.0961,0.64,102.04,217627,4
2024-07-10 00:39,Yuko Ando,Shogeki,181594,yuko ando - shogeki,470170,Yuko Ando,Shogeki,5QwAdWCnauw0GpDzM3glrO,59,2020,singer-songwriter,0.399,0.723,11,-4.507,1,0.0681,0.124,0.0,0.352,0.22,137.032,181595,4
2024-07-10 05:30,Yoshiki,Red Swan,183912,yoshiki - red swan,350328,Yoshiki,Red Swan,0zvN9oq95bIEQjvfcdeZlX,63,2018,pop,0.275,0.782,10,-4.689,1,0.0467,0.0521,2.25e-06,0.331,0.154,131.744,263720,4
2024-07-10 19:00,Yoshiki,Red Swan,80055,yoshiki - red swan,350328,Yoshiki,Red Swan,0zvN9oq95bIEQjvfcdeZlX,63,2018,pop,0.275,0.782,10,-4.689,1,0.0467,0.0521,2.25e-06,0.331,0.154,131.744,263720,4
2024-07-10 19:13,Nightmare,the WORLD,1909,nightmare - the world,1091288,Nightmare,the WORLD,1ShQlzjMz0XkaHt5CgMpBs,55,2006,metal,0.494,0.938,11,-2.359,0,0.0384,0.000474,0.0,0.314,0.822,95.049,234173,4
2024-07-10 19:17,LiSA,だってアタシのヒーロー。,234093,lisa - だってアタシのヒーロー。,297397,LiSA,だってアタシのヒーロー。,45UI1yzA7vjkWHoAUZ8nGp,53,2017,rock,0.394,0.99,10,-0.589,0,0.188,0.0365,0.0,0.174,0.269,188.954,234093,4
2024-07-10 19:55,UVERworld,ODD FUTURE,91220,uverworld - odd future,354116,UVERworld,ODD FUTURE,0yy8QwH9OOgeF3CBeUDguR,54,2018,rock,0.694,0.795,0,-4.649,0,0.0924,0.015,0.0,0.114,0.556,128.036,225907,4
2024-07-10 20:32,Yoshiki,Red Swan,263720,yoshiki - red swan,350328,Yoshiki,Red Swan,0zvN9oq95bIEQjvfcdeZlX,63,2018,pop,0.275,0.782,10,-4.689,1,0.0467,0.0521,2.25e-06,0.331,0.154,131.744,263720,4
2024-07-10 20:36,UVERworld,ODD FUTURE,226493,uverworld - odd future,354116,UVERworld,ODD FUTURE,0yy8QwH9OOgeF3CBeUDguR,54,2018,rock,0.694,0.795,0,-4.649,0,0.0924,0.015,0.0,0.114,0.556,128.036,225907,4
2024-07-10 22:37,7!!,オレンジ,19078,7!! - オレンジ,297466,7!!,オレンジ,1iOQmZULzzkDN1hQZNoDii,49,2017,rock,0.4,0.563,7,-4.023,1,0.0319,0.194,0.0,0.162,0.311,172.027,350107,4
2024-07-10 22:54,7!!,オレンジ,331031,7!! - オレンジ,297466,7!!,オレンジ,1iOQmZULzzkDN1hQZNoDii,49,2017,rock,0.4,0.563,7,-4.023,1,0.0319,0.194,0.0,0.162,0.311,172.027,350107,4
2024-07-10 23:32,SCREEN mode,Reason Living,244306,screen mode - reason living,354191,SCREEN mode,Reason Living,2gLgkVniFLbKiklW4taLOj,51,2018,rock,0.415,0.943,8,-2.531,1,0.0662,0.007,0.0,0.385,0.555,91.456,244307,4
2024-07-11 00:49,2PM,Take off,131113,2pm - take off,1443582,2PM,Take off,2dOsUDI94FXz3S9hKi0z9E,44,2011,k-pop,0.615,0.888,3,-4.79,1,0.0303,0.165,0.0,0.204,0.74,131.995,204000,4
2024-07-16 17:53,Cigarettes After Sex,Truly,244110,cigarettes after sex - truly,255760,Cigarettes After Sex,Truly,6qwEx0TQJMEqvQdN8hRZDx,57,2017,ambient,0.44,0.387,4,-9.792,1,0.0279,0.148,0.559,0.0844,0.267,96.556,243640,4
2024-07-16 18:09,Chase Atlantic,Into It,196767,chase atlantic - into it,293490,Chase Atlantic,Into It,4HwDCXsMBC7SUdp2WT4MZP,77,2017,pop,0.518,0.572,10,-6.706,0,0.0416,0.0503,2.41e-05,0.129,0.291,130.053,196767,4
2024-07-16 18:27,The Neighbourhood,Afraid,156545,the neighbourhood - afraid,56398,The Neighbourhood,Afraid,7brQHA2CgQpcMBiOlfiXYb,74,2013,alt-rock,0.464,0.701,6,-5.693,0,0.0411,0.00892,0.309,0.335,0.356,83.996,251187,4
2024-07-16 18:27,Shinsei Kamattechan,Boku no Sensou,3980,shinsei kamattechan - boku no sensou,478410,Shinsei Kamattechan,Boku no Sensou,3KhwEuqLNjHfsKaBDo1yVh,65,2021,alt-rock,0.473,0.936,2,-4.877,1,0.0704,0.00916,0.0422,0.31,0.416,144.014,280467,4
2024-07-16 18:43,Olivia Rodrigo,happier,7330,olivia rodrigo - happier,515580,Olivia Rodrigo,happier,2tGvwE8GcFKwNdAXMnlbfl,82,2021,pop,0.395,0.443,6,-9.72,1,0.133,0.765,9.67e-06,0.0839,0.338,168.924,175933,3
2024-07-16 18:43,KANA-BOON,シルエット,173190,kana-boon - シルエット,197594,KANA-BOON,シルエット,1di1C0QI6Y92yZPYn6XYAZ,70,2015,pop,0.436,0.934,2,-2.685,1,0.0507,1.03e-05,0.14,0.321,0.384,91.481,240133,4
2024-07-16 18:44,Taylor Swift,I Knew You Were Trouble (Taylor's Version),3126,taylor swift - i knew you were trouble (taylor's version),515618,Taylor Swift,I Knew You Were Trouble (Taylor's Version),6AtZLIzUINvExIUy4QhdjP,72,2021,pop,0.584,0.557,6,-6.371,1,0.0342,0.0129,0.0,0.0576,0.767,154.008,219760,4
2024-07-16 18:49,Lana Del Rey,Cinnamon Girl,1130,lana del rey - cinnamon girl,406385,Lana Del Rey,Cinnamon Girl,2mdEsXPu8ZmkHRRtAdC09e,79,2019,pop,0.294,0.337,6,-10.614,0,0.036,0.814,0.414,0.14,0.135,91.781,300683,5
2024-07-16 18:49,Taylor Swift,Bejeweled,2880,taylor swift - bejeweled,569211,Taylor Swift,Bejeweled,3qoftcUZaUOncvIYjFSPdE,80,2022,pop,0.696,0.559,7,-9.19,1,0.0693,0.0618,5.58e-05,0.0887,0.433,163.999,194166,4
2024-07-16 18:49,Lana Del Rey,Million Dollar Man,110170,lana del rey - million dollar man,40394,Lana Del Rey,Million Dollar Man,4lXHVnmDO5u62tGJIpTafd,53,2012,pop,0.382,0.589,6,-5.991,1,0.0359,0.484,0.0,0.131,0.511,65.627,231574,4
2024-07-16 18:49,Lana Del Rey,Brooklyn Baby,7540,lana del rey - brooklyn baby,146776,Lana Del Rey,Brooklyn Baby,1NZs6n6hl8UuMaX0UC0YTz,80,2014,pop,0.404,0.664,1,-6.698,1,0.0407,0.542,0.00402,0.11,0.0949,107.747,351640,4
2024-07-16 18:53,Shawn Mendes,In My Blood,66650,shawn mendes - in my blood,321056,Shawn Mendes,In My Blood,2QZ7WLBE8h2y1Y5Fb8RYbH,73,2018,dance,0.622,0.712,5,-7.321,1,0.066,0.0573,0.0,0.13,0.487,140.025,211360,4
2024-07-16 18:58,Dynamicduo,AEAO,316944,dynamicduo - aeao,142352,Dynamicduo,AEAO,3TPvrMAd1hbPRXuHCRX0Pl,43,2014,k-pop,0.446,0.764,2,-6.479,1,0.181,0.057,0.0,0.141,0.576,152.604,316944,4
2024-07-16 19:08,Lil Wayne,Love Me,255053,lil wayne - love me,85732,Lil Wayne,Love Me,2XHzzp1j4IfTNp1FTn7YFg,79,2013,hip-hop,0.669,0.634,11,-6.476,1,0.0327,0.0125,0.0,0.0946,0.496,124.906,255053,4
2024-07-16 19:21,Taylor Swift,Gorgeous,1940,taylor swift - gorgeous,293486,Taylor Swift,Gorgeous,1ZY1PqizIl78geGM4xWlEA,77,2017,pop,0.8,0.535,7,-6.684,1,0.135,0.0713,9.48e-06,0.213,0.451,92.027,209680,4
2024-07-16 19:21,Selena Gomez,Back To You,149795,selena gomez - back to you,321078,Selena Gomez,Back To You,514rhnksEwHUh6LxXsQ4Y9,70,2018,dance,0.6,0.683,6,-6.271,1,0.0493,0.0984,1.26e-06,0.11,0.494,102.036,210240,4
2024-07-16 19:33,Taylor Swift,Lover,221306,taylor swift - lover,406372,Taylor Swift,Lover,1dGr1c8CrMLDpV6mPbImSI,83,2019,pop,0.359,0.543,7,-7.582,1,0.0919,0.492,1.58e-05,0.118,0.453,68.534,221307,4
2024-07-16 19:36,Bruno Mars,Grenade,222091,bruno mars - grenade,591097,Bruno Mars,Grenade,4m14b57FPuVPPEHu3z4c9q,0,2023,dance,0.706,0.558,2,-7.237,0,0.0596,0.146,0.0,0.118,0.228,110.444,223253,4
2024-07-16 21:55,The Neighbourhood,Daddy Issues,117374,the neighbourhood - daddy issues,162916,The Neighbourhood,Daddy Issues,5E30LdtzQTGqRvNd7l6kG5,84,2015,alt-rock,0.588,0.521,10,-9.461,1,0.0329,0.0678,0.149,0.123,0.337,85.012,260173,4
2024-07-16 21:57,The Neighbourhood,Daddy Issues,142783,the neighbourhood - daddy issues,162916,The Neighbourhood,Daddy Issues,5E30LdtzQTGqRvNd7l6kG5,84,2015,alt-rock,0.588,0.521,10,-9.461,1,0.0329,0.0678,0.149,0.123,0.337,85.012,260173,4
2024-07-16 23:35,Lana Del Rey,Cinnamon Girl,300683,lana del rey - cinnamon girl,406385,Lana Del Rey,Cinnamon Girl,2mdEsXPu8ZmkHRRtAdC09e,79,2019,pop,0.294,0.337,6,-10.614,0,0.036,0.814,0.414,0.14,0.135,91.781,300683,5
2024-07-16 23:39,Backstreet Boys,I Want It That Way,213306,backstreet boys - i want it that way,744903,Backstreet Boys,I Want It That Way,6e40mgJiCid5HRAGrbpGA6,67,2001,dance,0.689,0.702,6,-5.642,0,0.0261,0.216,0.0,0.159,0.484,99.031,213600,4
2024-07-16 23:42,Nicki Minaj,Va Va Voom,183560,nicki minaj - va va voom,12157,Nicki Minaj,Va Va Voom,2jATUzETZL49e6SywauZKE,64,2012,dance,0.648,0.836,8,-3.394,1,0.0316,0.0625,0.00995,0.202,0.705,126.889,183560,4
2024-07-16 23:44,Alec Benjamin,Let Me Down Slowly,116592,alec benjamin - let me down slowly,327774,Alec Benjamin,Let Me Down Slowly,2qxmye6gAegTMjLKEBoR3d,83,2018,electro,0.652,0.557,1,-5.714,0,0.0318,0.74,0.0,0.124,0.483,150.073,169354,4
2024-07-16 23:48,Avril Lavigne,Complicated,244506,avril lavigne - complicated,805043,Avril Lavigne,Complicated,5xEM5hIgJ1jjgcEBfpkt2F,78,2002,dance,0.585,0.776,5,-5.898,1,0.0459,0.0572,7.74e-06,0.3,0.427,77.987,244507,4
2024-07-16 23:54,Gwen Stefani,Luxurious,264920,gwen stefani - luxurious,931096,Gwen Stefani,Luxurious,3UQmoVQJqBYauTZLVPs3uo,62,2004,dance,0.811,0.726,0,-3.995,1,0.0813,0.154,0.0,0.116,0.666,131.027,264920,4
2024-07-17 00:11,Lana Del Rey,West Coast,256760,lana del rey - west coast,146772,Lana Del Rey,West Coast,5Y6nVaayzitvsD5F7nr3DV,81,2014,pop,0.527,0.591,6,-7.664,0,0.0396,0.194,0.0194,0.0907,0.461,123.167,256760,4
2024-07-17 00:39,Eminem,The Real Slim Shady,284200,eminem - the real slim shady,651395,Eminem,The Real Slim Shady,3yfqSUWxFvZELEM4PmlwIR,86,2000,hip-hop,0.949,0.661,5,-4.244,0,0.0572,0.0302,0.0,0.0454,0.76,104.504,284200,4
2024-07-17 01:18,Ariana Grande,Stuck with U (with Justin Bieber),228482,ariana grande - stuck with u (with justin bieber),433218,Ariana Grande,Stuck with U (with Justin Bieber),4HBZA5flZLE435QTztThqH,80,2020,dance,0.597,0.45,8,-6.658,1,0.0418,0.223,0.0,0.382,0.537,178.765,228482,3
2024-07-17 18:41,Jung Seung Hwan,Day & Night,260600,jung seung hwan - day & night,456949,Jung Seung Hwan,Day & Night,1j5oDtBWVtNoVHMi2n6Fkz,61,2020,k-pop,0.509,0.269,3,-8.765,1,0.0277,0.897,0.00212,0.174,0.29,131.954,260600,4
2024-07-17 19:07,Taylor Swift,Enchanted,352186,taylor swift - enchanted,1380362,Taylor Swift,Enchanted,10eBRyImhfqVvkiVEGf0N0,73,2010,pop,0.455,0.623,8,-3.878,1,0.0288,0.0739,0.000424,0.146,0.208,163.893,352187,4
2024-07-17 19:20,The Weeknd,Die For You,260253,the weeknd - die for you,612505,The Weeknd,Die For You,2D43Jia9ZFY5AtCjbRczKd,0,2023,pop,0.434,0.528,1,-7.152,0,0.0798,0.111,0.0,0.157,0.445,65.687,260256,4
2024-07-17 19:25,Doja Cat,Kiss Me More (feat. SZA),208666,doja cat - kiss me more (feat. sza),487896,Doja Cat,Kiss Me More (feat. SZA),3DarAbFujv6eYNliUTyqtz,80,2021,dance,0.764,0.705,8,-3.463,1,0.0284,0.259,8.92e-05,0.12,0.781,110.97,208667,4
2024-07-17 19:26,Arctic Monkeys,505,9410,arctic monkeys - 505,1145378,Arctic Monkeys,505,58ge6dfP91o9oXMzq3XkIS,80,2007,garage,0.52,0.852,0,-5.866,1,0.0543,0.00237,5.79e-05,0.0733,0.234,140.267,253587,4
2024-07-17 19:26,Maroon 5,Misery,40213,maroon 5 - misery,1380431,Maroon 5,Misery,6KBYk8OFtod7brGuZ3Y67q,62,2010,pop,0.704,0.81,4,-4.874,0,0.0425,0.000315,0.0,0.216,0.726,102.98,216200,4
2024-07-17 19:27,The Weeknd,I Feel It Coming,71860,the weeknd - i feel it coming,612506,The Weeknd,I Feel It Coming,1GDoL9pnaoaidiOFUQ7x3c,0,2023,pop,0.773,0.82,0,-5.897,0,0.115,0.394,0.0,0.0739,0.555,92.996,269187,4
2024-07-17 19:32,Justin Bieber,Yummy,36763,justin bieber - yummy,462178,Justin Bieber,Yummy,16wAOAZ2OkqoIDN7TpChjR,68,2020,pop,0.676,0.506,9,-6.652,0,0.0958,0.345,0.0,0.118,0.497,145.842,208520,4
2024-07-17 20:00,grentperez,Cherry Wine,125590,grentperez - cherry wine,483665,grentperez,Cherry Wine,5o5WaO9pzPhXSGIrTIYVce,71,2021,chill,0.74,0.563,11,-7.016,0,0.04,0.34,0.0,0.0824,0.577,104.958,173286,4
2024-07-17 20:04,Chase Atlantic,Okay,212306,chase atlantic - okay,293566,Chase Atlantic,Okay,492PZFHvGTm3RZZYeeUVWT,67,2017,pop,0.614,0.815,0,-6.784,1,0.131,0.112,0.0,0.121,0.431,130.049,212307,4
2024-07-17 20:10,The Neighbourhood,W.D.Y.W.F.M?,259413,the neighbourhood - w.d.y.w.f.m?,56407,The Neighbourhood,W.D.Y.W.F.M?,3vooOYHU0Fi3ViCG7Ozh0Y,65,2013,alt-rock,0.557,0.845,8,-2.926,0,0.0346,0.0303,0.00851,0.354,0.508,123.997,259413,4
2024-07-17 20:21,Cigarettes After Sex,K.,320030,cigarettes after sex - k.,215605,Cigarettes After Sex,K.,36Zs84njjWZD3TGYE77WPC,47,2016,ambient,0.454,0.404,3,-10.26,1,0.027,0.146,0.819,0.141,0.313,94.113,319560,4
2024-07-17 20:25,Cigarettes After Sex,Starry Eyes,206000,cigarettes after sex - starry eyes,2728,Cigarettes After Sex,Starry Eyes,2xfRDWDKOisEXgRnYI58Tb,59,2012,ambient,0.425,0.363,2,-15.32,1,0.0322,0.448,0.321,0.0685,0.12,100.426,206000,4
2024-07-17 20:29,Cigarettes After Sex,Truly,244110,cigarettes after sex - truly,255760,Cigarettes After Sex,Truly,6qwEx0TQJMEqvQdN8hRZDx,57,2017,ambient,0.44,0.387,4,-9.792,1,0.0279,0.148,0.559,0.0844,0.267,96.556,243640,4
2024-07-17 22:56,Chase Atlantic,LIKE A ROCKSTAR,23556,chase atlantic - like a rockstar,406638,Chase Atlantic,LIKE A ROCKSTAR,1e5Zf1EU0TAitK207VOUY7,59,2019,pop,0.58,0.611,8,-6.33,0,0.0646,0.331,0.0,0.0982,0.463,81.55,208112,4
2024-07-17 23:11,Chase Atlantic,LIKE A ROCKSTAR,184583,chase atlantic - like a rockstar,406638,Chase Atlantic,LIKE A ROCKSTAR,1e5Zf1EU0TAitK207VOUY7,59,2019,pop,0.58,0.611,8,-6.33,0,0.0646,0.331,0.0,0.0982,0.463,81.55,208112,4
2024-07-17 23:12,Cigarettes After Sex,Opera House,53207,cigarettes after sex - opera house,255753,Cigarettes After Sex,Opera House,0syIc2ocYBIKASFqifvwRz,63,2017,ambient,0.319,0.293,5,-14.145,1,0.0378,0.734,0.85,0.0971,0.0689,115.481,364680,4
2024-07-17 23:49,The Neighbourhood,Sadderdaze,245826,the neighbourhood - sadderdaze,311120,The Neighbourhood,Sadderdaze,7sIYHDxjteT6RY29gAGzP2,57,2018,alt-rock,0.414,0.527,4,-4.749,0,0.0287,0.00971,5.05e-05,0.145,0.306,120.009,245827,4
2024-07-17 23:53,Arctic Monkeys,R U Mine?,201726,arctic monkeys - r u mine?,23776,Arctic Monkeys,R U Mine?,6XnNiyYTxhxuC0zpP22M7C,34,2012,garage,0.52,0.785,6,-4.765,0,0.0329,0.0468,0.0,0.698,0.679,96.996,200188,4
2024-07-17 23:55,Arctic Monkeys,She's Thunderstorms,74833,arctic monkeys - she's thunderstorms,1428149,Arctic Monkeys,She's Thunderstorms,5qm8ISXOho1EvFj6e4f4bG,46,2011,garage,0.505,0.898,7,-4.906,1,0.0329,0.000518,0.00236,0.173,0.731,118.929,234920,4
2024-07-18 00:01,Arctic Monkeys,Snap Out Of It,129400,arctic monkeys - snap out of it,77594,Arctic Monkeys,Snap Out Of It,0NdTUS4UiNYCNn5FgVqKQY,78,2013,garage,0.728,0.638,5,-6.455,0,0.0336,0.249,0.0,0.116,0.872,130.014,193030,4
2024-07-18 00:05,The Neighbourhood,Cry Baby,235160,the neighbourhood - cry baby,162920,The Neighbourhood,Cry Baby,0EfsDEYaSjGYd66Pr881nq,73,2015,alt-rock,0.581,0.656,4,-4.891,0,0.0294,0.00269,2.78e-06,0.101,0.338,108.033,235160,4
2024-07-18 00:11,The Neighbourhood,Flawless,246493,the neighbourhood - flawless,56405,The Neighbourhood,Flawless,2Kt1XplPBQBsDKQDa6TssB,68,2013,alt-rock,0.568,0.871,0,-3.453,1,0.0308,0.0553,0.51,0.303,0.374,119.99,246493,4
2024-07-18 00:24,The Neighbourhood,Sweater Weather,240400,the neighbourhood - sweater weather,1800,The Neighbourhood,Sweater Weather,4pGqFOfzvfe6avb9kbZicC,60,2012,alt-rock,0.695,0.615,7,-5.325,0,0.042,0.15,0.000212,0.0879,0.414,124.015,240040,4
2024-07-18 00:29,Cigarettes After Sex,Apocalypse,41176,cigarettes after sex - apocalypse,255746,Cigarettes After Sex,Apocalypse,3AVrVz5rK8Hrqo9YGiVGN5,81,2017,ambient,0.369,0.467,5,-9.018,1,0.0274,0.0194,0.46,0.109,0.174,94.473,290147,4
2024-07-18 01:39,Chase Atlantic,Right Here,58190,chase atlantic - right here,293542,Chase Atlantic,Right Here,2KtS31kaWNHs12Q5B43Ixh,70,2017,pop,0.351,0.587,6,-6.413,1,0.0413,0.00516,1.87e-05,0.121,0.221,159.881,235000,4
2024-07-19 18:02,Everybody Loves an Outlaw,I See Red,230613,everybody loves an outlaw - i see red,313904,Everybody Loves an Outlaw,I See Red,5MAK1nd8R6PWnle1Q1WJvh,74,2018,blues,0.509,0.448,4,-7.552,0,0.0357,0.00713,0.0137,0.244,0.221,156.909,230613,3
2024-07-19 18:27,Taylor Swift,Enchanted,352186,taylor swift - enchanted,1380362,Taylor Swift,Enchanted,10eBRyImhfqVvkiVEGf0N0,73,2010,pop,0.455,0.623,8,-3.878,1,0.0288,0.0739,0.000424,0.146,0.208,163.893,352187,4
2024-07-19 18:48,Billie Eilish,i love you,169053,billie eilish - i love you,406386,Billie Eilish,i love you,6CcJMwBtXByIz4zQLzFkKc,78,2019,pop,0.421,0.131,0,-18.435,1,0.0382,0.952,0.00453,0.109,0.12,137.446,291796,4
2024-07-19 18:48,d4vd,Here With Me,1270,d4vd - here with me,569188,d4vd,Here With Me,78Sw5GDo6AlGwTwanjXbGh,92,2022,pop,0.574,0.469,4,-8.209,1,0.0254,0.534,9.21e-05,0.128,0.288,132.023,242485,4
2024-07-19 18:51,SZA,Snooze,201800,sza - snooze,569186,SZA,Snooze,4iZ4pt7kvcaH6Yo8UoZ4s2,90,2022,pop,0.559,0.551,5,-7.231,1,0.132,0.141,0.0,0.11,0.392,143.008,201800,4
2024-07-19 18:56,Arctic Monkeys,I Wanna Be Yours,8759,arctic monkeys - i wanna be yours,77591,Arctic Monkeys,I Wanna Be Yours,5XeFesFbtLpXzIVDNQP22n,91,2013,garage,0.464,0.417,0,-9.345,0,0.0256,0.136,0.022,0.0974,0.479,67.528,183956,4
2024-07-19 18:56,*NSYNC,It's Gonna Be Me,192426,*nsync - it's gonna be me,631356,*NSYNC,It's Gonna Be Me,2AW37v0bDyuOzGP3XnmFuA,67,2000,dance,0.636,0.873,0,-4.672,0,0.071,0.0407,1.27e-06,0.0372,0.908,165.071,192427,4
2024-07-19 19:00,Taylor Swift,Safe & Sound - from The Hunger Games Soundtrack,240066,taylor swift - safe & sound - from the hunger games soundtrack,40377,Taylor Swift,Safe & Sound - from The Hunger Games Soundtrack,0z9UVN8VBHJ9HdfYsOuuNf,64,2012,pop,0.471,0.3,7,-10.807,1,0.028,0.883,1.05e-05,0.0698,0.289,144.319,240067,4
2024-07-19 19:21,ZAYN,I Don’t Wanna Live Forever (Fifty Shades Darker),247160,zayn - i don’t wanna live forever (fifty shades darker),264785,ZAYN,I Don’t Wanna Live Forever (Fifty Shades Darker),55n9yjI6qqXh5F2mYvUc2y,77,2017,dance,0.731,0.445,0,-8.418,1,0.0533,0.0586,1.96e-05,0.14,0.106,117.97,247160,4
2024-07-19 19:24,Selena Gomez & The Scene,Love You Like A Love Song,188453,selena gomez & the scene - love you like a love song,119839,Selena Gomez & The Scene,Love You Like A Love Song,7lAoovVf67mECK18oOpJbc,54,2014,dance,0.858,0.677,1,-3.842,0,0.047,0.0768,0.0,0.0757,0.922,117.011,188453,4
2024-07-19 19:26,Why Don't We,What Am I,78759,why don't we - what am i,377773,Why Don't We,What Am I,1HimGOB6BjOaCQYMIF1xtU,62,2019,dance,0.614,0.647,0,-4.681,0,0.0524,0.0687,0.0,0.104,0.368,163.862,184665,4
2024-07-19 21:59,Robert Schumann,"Kinderszenen, Op. 15: No. 7, Träumerei",85562,"robert schumann - kinderszenen, op. 15: no. 7, träumerei",538631,Robert Schumann,"Kinderszenen, Op. 15: No. 7, Träumerei",2WjwQYMR9LUOfvtYTuVMLi,33,2022,classical,0.384,0.0128,5,-32.821,1,0.0599,0.996,0.948,0.0584,0.274,133.833,148027,3
2024-07-19 22:04,Mrs. GREEN APPLE,インフェルノ,212546,mrs. green apple - インフェルノ,406541,Mrs. GREEN APPLE,インフェルノ,64yajM6CxtLghmgB53VeXT,66,2019,pop,0.529,0.931,4,-1.538,1,0.0581,0.00955,0.0,0.465,0.695,92.466,212547,4
2024-07-19 22:16,SiM,The Rumbling (TV Size),90265,sim - the rumbling (tv size),564991,SiM,The Rumbling (TV Size),0KCSJzsQVxkloxoT7dyrqV,64,2022,metal,0.408,0.875,8,-1.536,1,0.0546,1.68e-05,0.000101,0.264,0.646,144.975,90266,4
2024-07-19 22:19,2PM,Take off,204000,2pm - take off,1443582,2PM,Take off,2dOsUDI94FXz3S9hKi0z9E,44,2011,k-pop,0.615,0.888,3,-4.79,1,0.0303,0.165,0.0,0.204,0.74,131.995,204000,4
2024-07-19 22:44,See Siang Wong,"One Summer's Day (From ""Spirited Away"")",77717,"see siang wong - one summer's day (from ""spirited away"")",116298,See Siang Wong,"One Summer's Day (From ""Spirited Away"")",7hAq2u4izUTrPO3jtAq398,32,2014,classical,0.332,0.136,0,-20.818,1,0.0616,0.994,0.857,0.113,0.0538,182.103,186307,4
2024-07-19 22:48,Masayuki Suzuki,DADDY ! DADDY ! DO !,254640,masayuki suzuki - daddy ! daddy ! do !,462266,Masayuki Suzuki,DADDY ! DADDY ! DO !,4xeWELPxBZKhhCrUr84jmp,63,2020,pop,0.684,0.815,8,-3.826,0,0.0496,0.322,0.0,0.12,0.819,138.104,254640,4
2024-07-19 22:59,THE ORAL CIGARETTES,Kyouran Hey Kids!!,84490,the oral cigarettes - kyouran hey kids!!,245708,THE ORAL CIGARETTES,Kyouran Hey Kids!!,38kcwx5znepLWCIBID0Bwm,67,2016,indie-pop,0.526,0.981,8,-1.82,1,0.111,0.00318,0.00161,0.187,0.781,142.016,250973,4
2024-07-19 23:01,Jeff Lewis,Did I Mention,18954,jeff lewis - did i mention,177255,Jeff Lewis,Did I Mention,1YekSxsAlGlYvm9zjLsKdh,60,2015,folk,0.691,0.877,7,-2.954,1,0.159,0.0393,0.0,0.0325,0.968,161.935,153787,4
2024-07-19 23:04,Sofia Carson,Chillin' Like a Villain,25703,sofia carson - chillin' like a villain,293618,Sofia Carson,Chillin' Like a Villain,1rM0CnyUiiw6A9CHJRXjZA,62,2017,pop,0.697,0.775,8,-6.664,1,0.083,0.0318,0.0,0.232,0.826,113.886,193792,4
2024-07-19 23:04,Jeff Lewis,Did I Mention,153786,jeff lewis - did i mention,177255,Jeff Lewis,Did I Mention,1YekSxsAlGlYvm9zjLsKdh,60,2015,folk,0.691,0.877,7,-2.954,1,0.159,0.0393,0.0,0.0325,0.968,161.935,153787,4
2024-07-19 23:07,Sarah Jeffery,Queen of Mean,14653,sarah jeffery - queen of mean,406551,Sarah Jeffery,Queen of Mean,4o05DiC0RQ9DNtGJGauwna,63,2019,pop,0.543,0.787,8,-6.52,1,0.241,0.248,0.0,0.0778,0.343,173.702,189397,4
2024-07-19 23:07,Jeff Lewis,Did I Mention,153786,jeff lewis - did i mention,177255,Jeff Lewis,Did I Mention,1YekSxsAlGlYvm9zjLsKdh,60,2015,folk,0.691,0.877,7,-2.954,1,0.159,0.0393,0.0,0.0325,0.968,161.935,153787,4
2024-07-19 23:48,PornoGraffitti,THE DAY,241626,pornograffitti - the day,293639,PornoGraffitti,THE DAY,1tjOClAkdMxDfYPO0xvGbG,62,2017,pop,0.512,0.933,1,-4.759,0,0.0738,0.000761,0.0,0.342,0.465,92.998,241627,4
2024-07-19 23:52,amazarashi,空に歌えば,217626,amazarashi - 空に歌えば,293713,amazarashi,空に歌えば,3XKMO7tvyyUmxRvlJGhYQm,59,2017,pop,0.593,0.951,6,-1.335,0,0.0697,0.0142,1.13e-06,0.0961,0.64,102.04,217627,4
2024-07-27 23:07,ALI,LOST IN PARADISE,327966,ali - lost in paradise,472525,ALI,LOST IN PARADISE,7kRKlFCFLAUwt43HWtauhX,65,2020,soul,0.648,0.904,6,-4.565,0,0.0786,0.0961,2.07e-06,0.0629,0.728,121.994,327967,4
2024-07-27 23:18,SPYAIR,イマジネーション,179133,spyair - イマジネーション,150221,SPYAIR,イマジネーション,1xc9r9pgQ3CG7iViKPf0cQ,55,2014,rock,0.481,0.938,1,-2.967,1,0.0593,0.00239,2.53e-05,0.118,0.589,101.922,179133,4
2024-07-27 23:23,TK from Ling tosite sigure,unravel,238360,tk from ling tosite sigure - unravel,146819,TK from Ling tosite sigure,unravel,1rN9QoVxw5U7TJkyaUR8C1,70,2014,pop,0.508,0.889,7,-2.755,0,0.0862,0.0495,0.0,0.0984,0.332,135.014,238360,4
2024-07-27 23:36,Mrs. GREEN APPLE,インフェルノ,212546,mrs. green apple - インフェルノ,406541,Mrs. GREEN APPLE,インフェルノ,64yajM6CxtLghmgB53VeXT,66,2019,pop,0.529,0.931,4,-1.538,1,0.0581,0.00955,0.0,0.465,0.695,92.466,212547,4
2024-07-27 23:45,UVERworld,ODD FUTURE,226493,uverworld - odd future,354116,UVERworld,ODD FUTURE,0yy8QwH9OOgeF3CBeUDguR,54,2018,rock,0.694,0.795,0,-4.649,0,0.0924,0.015,0.0,0.114,0.556,128.036,225907,4
2024-07-27 23:51,Shinsei Kamattechan,Boku no Sensou,280466,shinsei kamattechan - boku no sensou,478410,Shinsei Kamattechan,Boku no Sensou,3KhwEuqLNjHfsKaBDo1yVh,65,2021,alt-rock,0.473,0.936,2,-4.877,1,0.0704,0.00916,0.0422,0.31,0.416,144.014,280467,4
2024-07-27 23:54,Brian the Sun,HEROES,181360,brian the sun - heroes,297389,Brian the Sun,HEROES,32CwLhZJBa6C5Q0bJe0Q47,53,2017,rock,0.526,0.94,2,-3.864,1,0.066,0.00742,0.0,0.268,0.574,99.058,181360,4
2024-07-28 00:03,2PM,Take off,204000,2pm - take off,1443582,2PM,Take off,2dOsUDI94FXz3S9hKi0z9E,44,2011,k-pop,0.615,0.888,3,-4.79,1,0.0303,0.165,0.0,0.204,0.74,131.995,204000,4
2024-07-28 00:21,Ikimonogakari,熱情のスペクトラム,223613,ikimonogakari - 熱情のスペクトラム,1097529,Ikimonogakari,熱情のスペクトラム,1p0WZg4NXoNVGj2AuoLJe7,61,2006,pop,0.479,0.902,11,-2.665,0,0.0439,0.0593,0.0,0.394,0.748,159.975,223613,4
2024-07-28 00:25,Funguypiano,Outro: Lit (Koe no Katachi / A Silent Voice),157750,funguypiano - outro: lit (koe no katachi / a silent voice),349686,Funguypiano,Outro: Lit (Koe no Katachi / A Silent Voice),6AdeV3VPpFkENbymkFy0BS,30,2018,piano,0.312,0.157,1,-17.006,0,0.0532,0.907,0.901,0.122,0.0395,98.917,157750,3
2024-07-28 00:29,UVERworld,Touch off,258706,uverworld - touch off,410209,UVERworld,Touch off,7CSTVNXkW2AbmNktlP1hi2,60,2019,rock,0.411,0.894,4,-3.815,0,0.0465,2.36e-05,0.000447,0.447,0.195,99.607,258707,4
2024-07-28 00:34,UVERworld,CORE PRIDE,258693,uverworld - core pride,1451128,UVERworld,CORE PRIDE,55n4sFy8tjysBcCjQFwX3A,57,2011,pop,0.482,0.97,2,-3.131,0,0.193,0.005,0.0,0.233,0.441,92.513,258693,4
2024-07-28 00:39,SCREEN mode,Reason Living,244306,screen mode - reason living,354191,SCREEN mode,Reason Living,2gLgkVniFLbKiklW4taLOj,51,2018,rock,0.415,0.943,8,-2.531,1,0.0662,0.007,0.0,0.385,0.555,91.456,244307,4
2024-07-28 00:48,Nightmare,the WORLD,233200,nightmare - the world,1091288,Nightmare,the WORLD,1ShQlzjMz0XkaHt5CgMpBs,55,2006,metal,0.494,0.938,11,-2.359,0,0.0384,0.000474,0.0,0.314,0.822,95.049,234173,4
2024-07-28 01:00,KANA-BOON,スターマーカー (Album Mix),213640,kana-boon - スターマーカー (album mix),573083,KANA-BOON,スターマーカー (Album Mix),6NAtVhZ5LrvoKy2Gijr5gj,56,2022,rock,0.502,0.872,4,-3.449,1,0.0421,0.0107,0.0,0.313,0.808,134.047,213640,4
2024-07-28 01:03,PELICAN FANCLUB,三原色,205213,pelican fanclub - 三原色,368134,PELICAN FANCLUB,三原色,4rfcYp6k3NG7eYUF8wG40U,42,2019,alt-rock,0.439,0.845,6,-4.224,0,0.0415,0.0111,0.0,0.172,0.715,100.076,205401,4
2024-07-28 01:22,Hello Sleepwalkers,Goya No Machiawase,170640,hello sleepwalkers - goya no machiawase,146896,Hello Sleepwalkers,Goya No Machiawase,5s0AxcVJJD2YYPstMb61ro,58,2014,pop,0.406,0.959,0,-3.014,1,0.0952,0.000891,0.0,0.327,0.571,94.277,170640,4
2024-07-28 01:35,BURNOUT SYNDROMES,PHOENIX,246813,burnout syndromes - phoenix,465521,BURNOUT SYNDROMES,PHOENIX,1ZGmDs16vtSI0nlxDFljFK,55,2020,rock,0.493,0.947,0,-0.717,1,0.0701,0.111,0.0,0.345,0.656,137.124,246813,4
2024-07-28 01:39,LiSA,だってアタシのヒーロー。,234093,lisa - だってアタシのヒーロー。,297397,LiSA,だってアタシのヒーロー。,45UI1yzA7vjkWHoAUZ8nGp,53,2017,rock,0.394,0.99,10,-0.589,0,0.188,0.0365,0.0,0.174,0.269,188.954,234093,4
2024-07-28 01:47,Aimer,残響散歌,184893,aimer - 残響散歌,515658,Aimer,残響散歌,7v8wKvNQQIxkugCFFjrkaO,75,2021,pop,0.367,0.896,11,-4.002,1,0.091,0.000627,0.0,0.207,0.38,170.863,184893,4
2024-07-28 01:50,ALI,Wild Side,158500,ali - wild side,417516,ALI,Wild Side,2RSPQJ483jRL1KNtMuKqgh,60,2019,soul,0.616,0.923,8,-4.718,1,0.108,0.0107,0.0035,0.341,0.713,134.081,158500,4
2024-07-28 01:57,Yuko Ando,Shogeki,181594,yuko ando - shogeki,470170,Yuko Ando,Shogeki,5QwAdWCnauw0GpDzM3glrO,59,2020,singer-songwriter,0.399,0.723,11,-4.507,1,0.0681,0.124,0.0,0.352,0.22,137.032,181595,4
2024-07-30 18:35,Melanie Martinez,Play Date,1960,melanie martinez - play date,175403,Melanie Martinez,Play Date,4DpNNXFMMxQEKl7r0ykkWA,76,2015,electro,0.68,0.729,5,-5.077,1,0.0475,0.612,0.0,0.224,0.446,123.97,179867,4
2024-07-30 19:29,Taylor Swift,The Way I Loved You (Taylor’s Version),243136,taylor swift - the way i loved you (taylor’s version),515593,Taylor Swift,The Way I Loved You (Taylor’s Version),22bPsP2jCgbLUvh82U0Z3M,78,2021,pop,0.402,0.732,5,-4.665,1,0.0484,0.0033,0.0,0.108,0.472,161.032,243137,4
2024-07-30 19:30,Taylor Swift,I Knew You Were Trouble (Taylor's Version),3322,taylor swift - i knew you were trouble (taylor's version),515618,Taylor Swift,I Knew You Were Trouble (Taylor's Version),6AtZLIzUINvExIUy4QhdjP,72,2021,pop,0.584,0.557,6,-6.371,1,0.0342,0.0129,0.0,0.0576,0.767,154.008,219760,4
2024-07-30 19:33,Kali Uchis,Moonlight,187557,kali uchis - moonlight,612537,Kali Uchis,Moonlight,2i2gDpKKWjvnRTOZRhaPh2,78,2023,pop,0.639,0.723,7,-6.462,0,0.0532,0.511,0.0,0.167,0.878,136.872,187558,4
2024-07-30 19:40,Lana Del Rey,Brooklyn Baby,351640,lana del rey - brooklyn baby,146776,Lana Del Rey,Brooklyn Baby,1NZs6n6hl8UuMaX0UC0YTz,80,2014,pop,0.404,0.664,1,-6.698,1,0.0407,0.542,0.00402,0.11,0.0949,107.747,351640,4
2024-07-30 19:48,Taylor Swift,Enchanted,352186,taylor swift - enchanted,1380362,Taylor Swift,Enchanted,10eBRyImhfqVvkiVEGf0N0,73,2010,pop,0.455,0.623,8,-3.878,1,0.0288,0.0739,0.000424,0.146,0.208,163.893,352187,4
2024-07-30 19:51,Taylor Swift,Midnight Rain,174782,taylor swift - midnight rain,569203,Taylor Swift,Midnight Rain,3rWDp9tBPQR9z6U5YyRSK4,83,2022,pop,0.643,0.363,0,-11.738,1,0.0767,0.69,5.17e-05,0.115,0.23,139.865,174783,4
2024-07-30 19:56,Tinashe,2 On (feat. ScHoolboy Q),227000,tinashe - 2 on (feat. schoolboy q),119693,Tinashe,2 On (feat. ScHoolboy Q),3jVtllWS5CFFWLQng8sKsr,71,2014,dance,0.742,0.595,9,-7.51,1,0.107,0.15,0.0,0.111,0.431,101.013,227000,4
2024-07-30 19:59,Sabrina Carpenter,Looking at Me,152549,sabrina carpenter - looking at me,377696,Sabrina Carpenter,Looking at Me,59tskctgqUmjCWAwhzYAFm,71,2019,dance,0.681,0.798,2,-4.367,1,0.0375,0.00398,5.11e-06,0.0542,0.516,105.99,181120,4
2024-07-30 20:05,Taylor Swift,Enchanted,352186,taylor swift - enchanted,1380362,Taylor Swift,Enchanted,10eBRyImhfqVvkiVEGf0N0,73,2010,pop,0.455,0.623,8,-3.878,1,0.0288,0.0739,0.000424,0.146,0.208,163.893,352187,4
2024-07-30 21:44,Taylor Swift,Blank Space,22614,taylor swift - blank space,146765,Taylor Swift,Blank Space,1p80LdxRV74UKvL8gnD7ky,76,2014,pop,0.753,0.678,5,-5.421,1,0.0644,0.085,1.64e-06,0.13,0.583,96.006,231827,4
2024-07-30 21:44,Olivia Rodrigo,"All I Want - From ""High School Musical: The Musical: The Series""",1260,"olivia rodrigo - all i want - from ""high school musical: the musical: the series""",406403,Olivia Rodrigo,"All I Want - From ""High School Musical: The Musical: The Series""",4Yxc55NX3tAXC2mHRAhtcW,76,2019,pop,0.376,0.43,0,-6.585,0,0.0328,0.0902,0.0,0.0912,0.129,77.599,177323,3
2024-07-30 21:46,Taylor Swift,Karma,4480,taylor swift - karma,569212,Taylor Swift,Karma,7KokYm8cMIXCsGVmUvKtqf,80,2022,pop,0.642,0.62,8,-7.091,1,0.0666,0.0734,0.0,0.483,0.0969,90.02,204852,4
2024-07-30 22:02,Taylor Swift,I Knew You Were Trouble (Taylor's Version),52976,taylor swift - i knew you were trouble (taylor's version),515618,Taylor Swift,I Knew You Were Trouble (Taylor's Version),6AtZLIzUINvExIUy4QhdjP,72,2021,pop,0.584,0.557,6,-6.371,1,0.0342,0.0129,0.0,0.0576,0.767,154.008,219760,4
2024-07-30 22:06,Lana Del Rey,Art Deco,26591,lana del rey - art deco,197562,Lana Del Rey,Art Deco,5jqNQZBwbZWQXPWfo0ygZF,72,2015,pop,0.282,0.464,11,-11.112,0,0.0533,0.544,0.215,0.111,0.0596,148.345,295067,5
2024-07-30 22:10,Taylor Swift,cardigan,239560,taylor swift - cardigan,461996,Taylor Swift,cardigan,4R2kfaDFhslZEMJqAFNpdd,84,2020,pop,0.613,0.581,0,-8.588,0,0.0424,0.537,0.000345,0.25,0.551,130.033,239560,4
2024-07-30 22:11,Taylor Swift,Cruel Summer,55279,taylor swift - cruel summer,406369,Taylor Swift,Cruel Summer,1BxfuPKGuaTgP7aM0Bbdwr,83,2019,pop,0.552,0.702,9,-5.707,1,0.157,0.117,2.06e-05,0.105,0.564,169.994,178427,4
2024-07-30 22:32,d4vd,Here With Me,150022,d4vd - here with me,569188,d4vd,Here With Me,78Sw5GDo6AlGwTwanjXbGh,92,2022,pop,0.574,0.469,4,-8.209,1,0.0254,0.534,9.21e-05,0.128,0.288,132.023,242485,4
2024-07-30 22:37,Taylor Swift,Back To December,293026,taylor swift - back to december,1380399,Taylor Swift,Back To December,3DrjZArsPsoqbLzUZZV1Id,67,2010,pop,0.529,0.67,2,-4.663,1,0.0303,0.117,0.0,0.334,0.286,141.893,293027,4
2024-07-30 22:42,Tinashe,2 On (feat. ScHoolboy Q),227000,tinashe - 2 on (feat. schoolboy q),119693,Tinashe,2 On (feat. ScHoolboy Q),3jVtllWS5CFFWLQng8sKsr,71,2014,dance,0.742,0.595,9,-7.51,1,0.107,0.15,0.0,0.111,0.431,101.013,227000,4
2024-07-30 22:47,Lana Del Rey,Chemtrails Over The Country Club,271176,lana del rey - chemtrails over the country club,515662,Lana Del Rey,Chemtrails Over The Country Club,7bPWdJgx8vek7S5i5yAtvG,70,2021,pop,0.334,0.276,4,-13.125,0,0.0643,0.877,0.000249,0.113,0.429,201.025,271177,3
2024-07-30 23:08,Olivia Rodrigo,traitor,229226,olivia rodrigo - traitor,515570,Olivia Rodrigo,traitor,5CZ40GBx1sQ9agT82CLQCT,84,2021,pop,0.38,0.339,3,-7.885,1,0.0338,0.691,0.0,0.12,0.0849,100.607,229227,4
2024-07-30 23:17,Lana Del Rey,Radio,214573,lana del rey - radio,40378,Lana Del Rey,Radio,4PMdq7Q7xOFrY424ZelZEb,59,2012,pop,0.423,0.857,2,-5.173,1,0.0687,0.188,2.63e-05,0.105,0.196,75.024,214574,4
2024-07-30 23:22,The 1975,About You,326490,the 1975 - about you,531980,The 1975,About You,1fDFHXcykq4iw8Gg7s5hG9,81,2022,alt-rock,0.416,0.762,2,-7.385,1,0.0279,0.312,0.804,0.0559,0.461,95.967,326491,4
2024-07-30 23:24,Lana Del Rey,Brooklyn Baby,75790,lana del rey - brooklyn baby,146776,Lana Del Rey,Brooklyn Baby,1NZs6n6hl8UuMaX0UC0YTz,80,2014,pop,0.404,0.664,1,-6.698,1,0.0407,0.542,0.00402,0.11,0.0949,107.747,351640,4
2024-07-30 23:28,Olivia Rodrigo,deja vu,215506,olivia rodrigo - deja vu,515572,Olivia Rodrigo,deja vu,6HU7h9RYOaPRFeh0R3UeAr,83,2021,pop,0.442,0.612,2,-7.222,1,0.112,0.584,5.7e-06,0.37,0.178,180.917,215507,4
2024-07-31 19:00,Ruth B.,Dandelions,84633,ruth b. - dandelions,293465,Ruth B.,Dandelions,2eAvDnpXP5W0cVtiI0PUxV,87,2017,pop,0.609,0.692,1,-2.958,1,0.0259,0.0157,0.0,0.0864,0.454,116.959,233720,3
2024-07-31 19:05,Ruth B.,Dandelions,149082,ruth b. - dandelions,293465,Ruth B.,Dandelions,2eAvDnpXP5W0cVtiI0PUxV,87,2017,pop,0.609,0.692,1,-2.958,1,0.0259,0.0157,0.0,0.0864,0.454,116.959,233720,3
2024-07-31 19:28,Joji,Glimpse of Us,233456,joji - glimpse of us,569204,Joji,Glimpse of Us,6xGruZOHLs39ZbVccQTuPZ,85,2022,pop,0.44,0.317,8,-9.258,1,0.0531,0.891,4.78e-06,0.141,0.268,169.914,233456,3
2024-07-31 19:45,Laufey,Fragile,241080,laufey - fragile,577950,Laufey,Fragile,608wYP5XWenLz8cOSYjX7X,59,2022,singer-songwriter,0.361,0.413,3,-12.43,1,0.065,0.931,0.000179,0.231,0.336,149.301,241080,4
2024-07-31 19:52,Taylor Swift,All Too Well (Taylor's Version),329160,taylor swift - all too well (taylor's version),515629,Taylor Swift,All Too Well (Taylor's Version),3nsfB1vus2qaloUdcBZvDu,71,2021,pop,0.44,0.528,0,-7.809,1,0.0317,0.0171,0.00203,0.234,0.132,185.972,329160,4
2024-07-31 20:01,James Arthur,Car's Outside,248373,james arthur - car's outside,406437,James Arthur,Car's Outside,0otRX6Z89qKkHkQ9OqJpKt,81,2019,pop,0.338,0.562,9,-7.181,1,0.029,0.039,0.0,0.107,0.259,149.907,248373,4
2024-07-31 20:04,Taylor Swift,Love Story,235266,taylor swift - love story,1238481,Taylor Swift,Love Story,1vrd6UOGamcKNGnSHJQlSt,67,2008,pop,0.618,0.741,2,-3.95,1,0.031,0.17,0.0,0.0822,0.296,118.984,235267,4
2024-07-31 20:27,Melanie Martinez,Dollhouse,231853,melanie martinez - dollhouse,126365,Melanie Martinez,Dollhouse,3deFSRUdM7JC8P1Fi6r0rY,43,2014,electro,0.725,0.708,5,-5.331,0,0.0756,0.22,0.0,0.777,0.555,130.029,231853,4
2024-07-31 20:35,Selena Gomez,Fetish (feat. Gucci Mane),186112,selena gomez - fetish (feat. gucci mane),264809,Selena Gomez,Fetish (feat. Gucci Mane),4lnAN2S1fcI0SjxEbksZVr,71,2017,dance,0.708,0.618,2,-4.424,1,0.0592,0.0204,6.81e-06,0.062,0.265,123.013,186113,4
2024-07-31 20:39,Camila Cabello,Never Be the Same,226973,camila cabello - never be the same,264911,Camila Cabello,Never Be the Same,6VpQdig9pdpTSIFItgkJV5,59,2017,dance,0.643,0.709,0,-4.343,1,0.0733,0.145,0.000449,0.115,0.264,129.961,227088,4
2024-07-31 20:45,Taylor Swift,Cruel Summer,178426,taylor swift - cruel summer,406369,Taylor Swift,Cruel Summer,1BxfuPKGuaTgP7aM0Bbdwr,83,2019,pop,0.552,0.702,9,-5.707,1,0.157,0.117,2.06e-05,0.105,0.564,169.994,178427,4
2024-07-31 23:17,Taylor Swift,Daylight,172777,taylor swift - daylight,406418,Taylor Swift,Daylight,1fzAuUVbzlhZ1lJAx9PtY6,73,2019,pop,0.557,0.496,0,-9.602,1,0.0563,0.808,0.000173,0.0772,0.265,149.983,293453,4
2024-07-31 23:27,Taylor Swift,Daylight,120685,taylor swift - daylight,406418,Taylor Swift,Daylight,1fzAuUVbzlhZ1lJAx9PtY6,73,2019,pop,0.557,0.496,0,-9.602,1,0.0563,0.808,0.000173,0.0772,0.265,149.983,293453,4
2024-07-31 23:28,Sabrina Carpenter,Looking at Me,26553,sabrina carpenter - looking at me,377696,Sabrina Carpenter,Looking at Me,59tskctgqUmjCWAwhzYAFm,71,2019,dance,0.681,0.798,2,-4.367,1,0.0375,0.00398,5.11e-06,0.0542,0.516,105.99,181120,4
2024-07-31 23:32,Ellie Goulding,My Blood,234184,ellie goulding - my blood,12165,Ellie Goulding,My Blood,6knYNyQupBIbBxV8TMOMYM,58,2012,dance,0.476,0.592,9,-5.283,0,0.029,0.556,0.0,0.281,0.306,87.003,234185,4
2024-07-31 23:35,*NSYNC,It's Gonna Be Me,192426,*nsync - it's gonna be me,631356,*NSYNC,It's Gonna Be Me,2AW37v0bDyuOzGP3XnmFuA,67,2000,dance,0.636,0.873,0,-4.672,0,0.071,0.0407,1.27e-06,0.0372,0.908,165.071,192427,4
2024-07-31 23:41,Justin Bieber,Maria,248293,justin bieber - maria,40581,Justin Bieber,Maria,7E1dQbOk1qcx9gEPUMBKsk,47,2012,pop,0.825,0.687,6,-6.794,0,0.0414,0.00997,1.32e-05,0.19,0.294,111.002,248293,4
2024-08-01 00:01,Shawn Mendes,In My Blood,211360,shawn mendes - in my blood,321056,Shawn Mendes,In My Blood,2QZ7WLBE8h2y1Y5Fb8RYbH,73,2018,dance,0.622,0.712,5,-7.321,1,0.066,0.0573,0.0,0.13,0.487,140.025,211360,4
2024-08-01 00:03,Taylor Swift,All Too Well (Taylor's Version),2040,taylor swift - all too well (taylor's version),515629,Taylor Swift,All Too Well (Taylor's Version),3nsfB1vus2qaloUdcBZvDu,71,2021,pop,0.44,0.528,0,-7.809,1,0.0317,0.0171,0.00203,0.234,0.132,185.972,329160,4
2024-08-01 00:03,Sam Smith,I'm Not The Only One,22708,sam smith - i'm not the only one,146770,Sam Smith,I'm Not The Only One,7795WJLVKJoAyVoOtCWqXN,84,2014,pop,0.677,0.485,5,-5.795,1,0.0361,0.529,2.04e-05,0.0766,0.493,82.001,239317,4
2024-08-01 00:03,Lana Del Rey,Summertime Sadness,4670,lana del rey - summertime sadness,40349,Lana Del Rey,Summertime Sadness,1Ist6PR2BZR3n2z2Y5R6S1,73,2012,pop,0.566,0.647,1,-6.815,0,0.0335,0.0477,0.0,0.121,0.22,111.96,264773,4
2024-08-01 00:06,Ruth B.,Dandelions,180220,ruth b. - dandelions,293465,Ruth B.,Dandelions,2eAvDnpXP5W0cVtiI0PUxV,87,2017,pop,0.609,0.692,1,-2.958,1,0.0259,0.0157,0.0,0.0864,0.454,116.959,233720,3
2024-08-01 00:10,Taylor Swift,You Belong With Me,231133,taylor swift - you belong with me,1238475,Taylor Swift,You Belong With Me,3GCL1PydwsLodcpv0Ll1ch,68,2008,pop,0.687,0.783,6,-4.44,1,0.0386,0.162,1.35e-05,0.114,0.443,129.964,231133,4
2024-08-01 00:14,Dan + Shay,"10,000 Hours (with Justin Bieber)",167693,"dan + shay - 10,000 hours (with justin bieber)",376761,Dan + Shay,"10,000 Hours (with Justin Bieber)",2wrJq5XKLnmhRXHIAf9xBa,75,2019,country,0.654,0.63,10,-4.644,1,0.0259,0.153,0.0,0.111,0.43,89.991,167693,4
2024-08-01 00:23,Chappell Roan,Casual,232796,chappell roan - casual,562026,Chappell Roan,Casual,1UTGAopFU1g7qoxTE8sE3D,57,2022,indie-pop,0.508,0.411,1,-6.95,1,0.0269,0.226,0.0,0.0571,0.34,131.008,232796,4
2024-08-01 00:38,Chappell Roan,Femininomenon,219710,chappell roan - femininomenon,562187,Chappell Roan,Femininomenon,1YlOZY3puELE0PgxD1enZo,50,2022,indie-pop,0.645,0.789,3,-5.324,1,0.0545,0.339,6.32e-05,0.0821,0.31,124.951,219711,4
2024-08-02 19:01,Lana Del Rey,Doin' Time,202192,lana del rey - doin' time,406379,Lana Del Rey,Doin' Time,0Oqc0kKFsQ6MhFOLBNZIGX,81,2019,pop,0.641,0.559,7,-11.132,0,0.0355,0.404,0.00402,0.0937,0.523,144.982,202193,4
2024-08-02 19:16,Taylor Swift,cardigan,239560,taylor swift - cardigan,461996,Taylor Swift,cardigan,4R2kfaDFhslZEMJqAFNpdd,84,2020,pop,0.613,0.581,0,-8.588,0,0.0424,0.537,0.000345,0.25,0.551,130.033,239560,4
2024-08-02 19:27,Lana Del Rey,Pretty When You Cry,234146,lana del rey - pretty when you cry,146790,Lana Del Rey,Pretty When You Cry,6PnluwP0fjGnpIBsqTdUTq,74,2014,pop,0.509,0.547,10,-6.548,0,0.0417,0.399,0.0,0.215,0.197,109.436,234147,4
2024-08-02 19:40,Lana Del Rey,Radio,214573,lana del rey - radio,40378,Lana Del Rey,Radio,4PMdq7Q7xOFrY424ZelZEb,59,2012,pop,0.423,0.857,2,-5.173,1,0.0687,0.188,2.63e-05,0.105,0.196,75.024,214574,4
2024-08-02 19:41,Taylor Swift,Blank Space,51400,taylor swift - blank space,146765,Taylor Swift,Blank Space,1p80LdxRV74UKvL8gnD7ky,76,2014,pop,0.753,0.678,5,-5.421,1,0.0644,0.085,1.64e-06,0.13,0.583,96.006,231827,4
2024-08-02 20:28,Kristoffer Wallin,As Time Passes,124000,kristoffer wallin - as time passes,538512,Kristoffer Wallin,As Time Passes,6dnt41zFi1q6Z6ePDSRuyh,38,2022,classical,0.309,0.0518,4,-25.507,0,0.0417,0.995,0.913,0.0829,0.356,167.304,124000,4
2024-08-02 20:43,Daniel Paterok,Dawn,147020,daniel paterok - dawn,261334,Daniel Paterok,Dawn,3Mi1LLnnzPc8HpuEavAhTh,33,2017,classical,0.166,0.0902,5,-18.809,1,0.0365,0.991,0.853,0.0987,0.0644,135.276,147020,4
2024-08-03 00:19,Adrien de la Salle,Prélude d'une nuit d'automne,160750,adrien de la salle - prélude d'une nuit d'automne,538359,Adrien de la Salle,Prélude d'une nuit d'automne,4gD6w9YOhwZTCVzVM1NI3c,45,2022,classical,0.499,0.0306,9,-24.52,1,0.0501,0.993,0.928,0.107,0.204,128.266,160750,3
2024-08-03 00:42,Erik Satie,Gymnopédie No. 1,208000,erik satie - gymnopédie no. 1,538486,Erik Satie,Gymnopédie No. 1,2ODFM1lI4oWn8BNCpMIFV8,38,2022,classical,0.441,0.0553,7,-21.401,1,0.0394,0.893,0.877,0.111,0.219,134.468,326159,4
2024-08-03 01:07,Tinashe,2 On (feat. ScHoolboy Q),227000,tinashe - 2 on (feat. schoolboy q),119693,Tinashe,2 On (feat. ScHoolboy Q),3jVtllWS5CFFWLQng8sKsr,71,2014,dance,0.742,0.595,9,-7.51,1,0.107,0.15,0.0,0.111,0.431,101.013,227000,4
2024-08-03 01:11,Taylor Swift,Speak Now,240760,taylor swift - speak now,1380435,Taylor Swift,Speak Now,24DefNCFiWTP8OjYWiXuYe,62,2010,pop,0.709,0.599,7,-3.734,1,0.0304,0.095,0.0,0.0973,0.735,118.975,240760,4
2024-08-03 01:48,Selena Gomez,Fetish (feat. Gucci Mane),177750,selena gomez - fetish (feat. gucci mane),264809,Selena Gomez,Fetish (feat. Gucci Mane),4lnAN2S1fcI0SjxEbksZVr,71,2017,dance,0.708,0.618,2,-4.424,1,0.0592,0.0204,6.81e-06,0.062,0.265,123.013,186113,4
2024-08-03 04:47,Selena Gomez,Fetish (feat. Gucci Mane),8609,selena gomez - fetish (feat. gucci mane),264809,Selena Gomez,Fetish (feat. Gucci Mane),4lnAN2S1fcI0SjxEbksZVr,71,2017,dance,0.708,0.618,2,-4.424,1,0.0592,0.0204,6.81e-06,0.062,0.265,123.013,186113,4
2024-08-03 04:59,7!!,オレンジ,350106,7!! - オレンジ,297466,7!!,オレンジ,1iOQmZULzzkDN1hQZNoDii,49,2017,rock,0.4,0.563,7,-4.023,1,0.0319,0.194,0.0,0.162,0.311,172.027,350107,4
2024-08-03 05:04,Olivia Rodrigo,deja vu,215506,olivia rodrigo - deja vu,515572,Olivia Rodrigo,deja vu,6HU7h9RYOaPRFeh0R3UeAr,83,2021,pop,0.442,0.612,2,-7.222,1,0.112,0.584,5.7e-06,0.37,0.178,180.917,215507,4
2024-08-03 05:07,Taylor Swift,Karma,204852,taylor swift - karma,569212,Taylor Swift,Karma,7KokYm8cMIXCsGVmUvKtqf,80,2022,pop,0.642,0.62,8,-7.091,1,0.0666,0.0734,0.0,0.483,0.0969,90.02,204852,4
2024-08-03 05:13,Taylor Swift,my tears ricochet,255893,taylor swift - my tears ricochet,462020,Taylor Swift,my tears ricochet,1MgV7FIyNxIG7WzMRJV5HC,74,2020,pop,0.456,0.263,0,-10.63,1,0.0332,0.806,0.0,0.0749,0.111,129.86,255894,4
2024-08-03 05:17,Taylor Swift,Safe & Sound - from The Hunger Games Soundtrack,240066,taylor swift - safe & sound - from the hunger games soundtrack,40377,Taylor Swift,Safe & Sound - from The Hunger Games Soundtrack,0z9UVN8VBHJ9HdfYsOuuNf,64,2012,pop,0.471,0.3,7,-10.807,1,0.028,0.883,1.05e-05,0.0698,0.289,144.319,240067,4
2024-08-03 05:24,Taylor Swift,Midnight Rain,174782,taylor swift - midnight rain,569203,Taylor Swift,Midnight Rain,3rWDp9tBPQR9z6U5YyRSK4,83,2022,pop,0.643,0.363,0,-11.738,1,0.0767,0.69,5.17e-05,0.115,0.23,139.865,174783,4
2024-08-03 05:29,Keane,Somewhere Only We Know,236160,keane - somewhere only we know,93054,Keane,Somewhere Only We Know,7AQAlklmptrrkBSeujkXsD,54,2013,piano,0.442,0.606,9,-5.825,1,0.0259,0.0678,1.43e-05,0.0973,0.359,171.982,235880,4
2024-08-03 05:32,beabadoobee,the perfect pair,177533,beabadoobee - the perfect pair,561972,beabadoobee,the perfect pair,41P6Tnd8KIHqON0QIydx6a,78,2022,indie-pop,0.634,0.663,11,-6.818,1,0.0331,0.433,0.124,0.102,0.6,146.053,177533,4
2024-08-03 05:37,Olivia Rodrigo,traitor,229226,olivia rodrigo - traitor,515570,Olivia Rodrigo,traitor,5CZ40GBx1sQ9agT82CLQCT,84,2021,pop,0.38,0.339,3,-7.885,1,0.0338,0.691,0.0,0.12,0.0849,100.607,229227,4
2024-08-03 05:39,beabadoobee,Glue Song,135066,beabadoobee - glue song,606469,beabadoobee,Glue Song,3iBgrkexCzVuPy4O9vx7Mf,82,2023,indie-pop,0.62,0.409,1,-10.146,1,0.0282,0.77,0.0542,0.105,0.582,113.946,135067,3
2024-08-03 05:43,Taylor Swift,The Man,190360,taylor swift - the man,406380,Taylor Swift,The Man,3RauEVgRgj1IuWdJ9fDs70,78,2019,pop,0.777,0.658,0,-5.191,1,0.054,0.0767,0.0,0.0901,0.633,110.048,190360,4
2024-08-03 05:52,Taylor Swift,Don’t Blame Me,236413,taylor swift - don’t blame me,293464,Taylor Swift,Don’t Blame Me,1R0a2iXumgCiFb7HEZ7gUE,85,2017,pop,0.615,0.534,9,-6.719,0,0.0386,0.106,1.76e-05,0.0607,0.193,135.917,236413,4
2024-08-03 06:00,Lana Del Rey,Diet Mountain Dew,222920,lana del rey - diet mountain dew,40357,Lana Del Rey,Diet Mountain Dew,6BFnRhvKCclDQOajt8dBGi,67,2012,pop,0.442,0.68,10,-5.971,0,0.0858,0.284,0.0,0.421,0.601,176.09,222920,4
2024-08-03 06:08,Taylor Swift,illicit affairs,190898,taylor swift - illicit affairs,462035,Taylor Swift,illicit affairs,2NmsngXHeC1GQ9wWrzhOMf,71,2020,pop,0.559,0.31,10,-10.445,1,0.0338,0.881,0.0,0.106,0.46,119.845,190898,4
2024-08-03 06:13,Sixpence None The Richer,Kiss Me,208680,sixpence none the richer - kiss me,901251,Sixpence None The Richer,Kiss Me,2aZ5oYPdDbLNRIUghXM9EV,39,2003,pop,0.475,0.898,3,-4.776,1,0.0442,0.00379,0.00108,0.082,0.351,100.127,199093,4
2024-08-03 06:17,Sabrina Carpenter,Feather,185552,sabrina carpenter - feather,591140,Sabrina Carpenter,Feather,2Zo1PcszsT9WQ0ANntJbID,67,2023,dance,0.787,0.686,6,-4.37,0,0.0339,0.0893,0.0,0.0927,0.836,123.51,185553,4
2024-08-03 06:27,The 1975,About You,326490,the 1975 - about you,531980,The 1975,About You,1fDFHXcykq4iw8Gg7s5hG9,81,2022,alt-rock,0.416,0.762,2,-7.385,1,0.0279,0.312,0.804,0.0559,0.461,95.967,326491,4
2024-08-03 06:31,Charlie Puth,We Don't Talk Anymore (feat. Selena Gomez),217706,charlie puth - we don't talk anymore (feat. selena gomez),224459,Charlie Puth,We Don't Talk Anymore (feat. Selena Gomez),37FXw5QGFN7uwwsLy8uAc0,68,2016,dance,0.728,0.563,1,-8.053,0,0.134,0.621,0.0,0.179,0.352,100.017,217707,4
2024-08-03 06:37,Taylor Swift,All Too Well (Taylor's Version),329160,taylor swift - all too well (taylor's version),515629,Taylor Swift,All Too Well (Taylor's Version),3nsfB1vus2qaloUdcBZvDu,71,2021,pop,0.44,0.528,0,-7.809,1,0.0317,0.0171,0.00203,0.234,0.132,185.972,329160,4
2024-08-03 06:38,Taylor Swift,We Are Never Ever Getting Back Together,55848,taylor swift - we are never ever getting back together,40360,Taylor Swift,We Are Never Ever Getting Back Together,0VwNdo84DaVYLIkbVO86ND,74,2012,pop,0.628,0.676,7,-5.911,1,0.0916,0.00957,2.65e-05,0.121,0.75,85.984,193147,4
2024-08-05 01:05,Taylor Swift,We Are Never Ever Getting Back Together,84694,taylor swift - we are never ever getting back together,40360,Taylor Swift,We Are Never Ever Getting Back Together,0VwNdo84DaVYLIkbVO86ND,74,2012,pop,0.628,0.676,7,-5.911,1,0.0916,0.00957,2.65e-05,0.121,0.75,85.984,193147,4
2024-08-05 01:17,Taylor Swift,Style,231000,taylor swift - style,146766,Taylor Swift,Style,4lIxdJw6W3Fg4vUIYCB0S5,74,2014,pop,0.598,0.786,2,-5.572,1,0.0383,0.00253,0.0016,0.117,0.456,95.019,231000,4
2024-08-05 01:26,Taylor Swift,Lover,221306,taylor swift - lover,406372,Taylor Swift,Lover,1dGr1c8CrMLDpV6mPbImSI,83,2019,pop,0.359,0.543,7,-7.582,1,0.0919,0.492,1.58e-05,0.118,0.453,68.534,221307,4
2024-08-05 01:32,Taylor Swift,Anti-Hero,67488,taylor swift - anti-hero,569187,Taylor Swift,Anti-Hero,0V3wPSX9ygBnCm8psDIegu,92,2022,pop,0.637,0.643,4,-6.571,1,0.0519,0.13,1.8e-06,0.142,0.533,97.008,200690,4
2024-08-05 01:34,The Neighbourhood,You Get Me So High,153000,the neighbourhood - you get me so high,311043,The Neighbourhood,You Get Me So High,7zwn1eykZtZ5LODrf7c0tS,81,2018,alt-rock,0.551,0.881,7,-6.099,0,0.0542,0.186,0.0791,0.152,0.387,88.036,153000,4
2024-08-05 01:40,The Neighbourhood,Flawless,246493,the neighbourhood - flawless,56405,The Neighbourhood,Flawless,2Kt1XplPBQBsDKQDa6TssB,68,2013,alt-rock,0.568,0.871,0,-3.453,1,0.0308,0.0553,0.51,0.303,0.374,119.99,246493,4
2024-08-05 01:43,The Neighbourhood,Scary Love,222666,the neighbourhood - scary love,311068,The Neighbourhood,Scary Love,6TA5aymvVrtiPVbuAwmPIc,65,2018,alt-rock,0.595,0.636,5,-5.981,0,0.0312,9.45e-05,0.0529,0.196,0.147,112.008,222667,4
2024-08-05 01:48,Chase Atlantic,Friends,230010,chase atlantic - friends,197528,Chase Atlantic,Friends,2jQiSYrwJehQAcuaaQrXnS,79,2015,pop,0.422,0.609,11,-6.361,0,0.0335,0.0114,4.76e-06,0.108,0.0911,107.34,230011,3
2024-08-05 01:56,Chase Atlantic,Tidal Wave,243670,chase atlantic - tidal wave,350373,Chase Atlantic,Tidal Wave,2b2lL6iY3x1CSOv7QQbp8R,60,2018,pop,0.599,0.609,4,-5.14,1,0.052,0.565,2.11e-05,0.137,0.383,123.967,243707,4
2024-08-05 02:00,Chase Atlantic,Church,220000,chase atlantic - church,293564,Chase Atlantic,Church,7bbYT48HWWIbL3YKmtMNzn,68,2017,pop,0.556,0.824,5,-4.539,0,0.0548,0.0109,0.0,0.112,0.292,112.99,220000,4
2024-08-05 02:05,Cigarettes After Sex,K.,320030,cigarettes after sex - k.,215605,Cigarettes After Sex,K.,36Zs84njjWZD3TGYE77WPC,47,2016,ambient,0.454,0.404,3,-10.26,1,0.027,0.146,0.819,0.141,0.313,94.113,319560,4
2024-08-05 02:09,Cigarettes After Sex,Pure,254626,cigarettes after sex - pure,368590,Cigarettes After Sex,Pure,5EYkide3NzE6gDIHvd4Pvz,53,2019,ambient,0.521,0.211,6,-13.489,0,0.0324,0.544,0.836,0.101,0.0412,134.285,254627,3
2024-08-05 02:14,Cigarettes After Sex,Apocalypse,290616,cigarettes after sex - apocalypse,255746,Cigarettes After Sex,Apocalypse,3AVrVz5rK8Hrqo9YGiVGN5,81,2017,ambient,0.369,0.467,5,-9.018,1,0.0274,0.0194,0.46,0.109,0.174,94.473,290147,4
2024-08-05 02:18,The Neighbourhood,Cry Baby,235160,the neighbourhood - cry baby,162920,The Neighbourhood,Cry Baby,0EfsDEYaSjGYd66Pr881nq,73,2015,alt-rock,0.581,0.656,4,-4.891,0,0.0294,0.00269,2.78e-06,0.101,0.338,108.033,235160,4
2024-08-05 02:24,Cigarettes After Sex,Kiss It Off Me,269933,cigarettes after sex - kiss it off me,368580,Cigarettes After Sex,Kiss It Off Me,1Mhf6QIO0UuVr2ZvQPgymt,62,2019,ambient,0.521,0.298,4,-12.471,1,0.0258,0.753,0.496,0.111,0.235,80.259,269933,4
2024-08-05 02:27,Chase Atlantic,LIKE A ROCKSTAR,208111,chase atlantic - like a rockstar,406638,Chase Atlantic,LIKE A ROCKSTAR,1e5Zf1EU0TAitK207VOUY7,59,2019,pop,0.58,0.611,8,-6.33,0,0.0646,0.331,0.0,0.0982,0.463,81.55,208112,4
2024-08-05 02:32,The Neighbourhood,Afraid,251186,the neighbourhood - afraid,56398,The Neighbourhood,Afraid,7brQHA2CgQpcMBiOlfiXYb,74,2013,alt-rock,0.464,0.701,6,-5.693,0,0.0411,0.00892,0.309,0.335,0.356,83.996,251187,4
2024-08-05 02:36,Cigarettes After Sex,You're the Only Good Thing In My Life,275186,cigarettes after sex - you're the only good thing in my life,368583,Cigarettes After Sex,You're the Only Good Thing in My Life,69BeOEL0DFLwA3WplXJxX5,59,2019,ambient,0.462,0.288,5,-11.199,1,0.0288,0.781,0.756,0.131,0.0589,130.164,275187,4
2024-08-07 23:15,Arctic Monkeys,R U Mine?,45888,arctic monkeys - r u mine?,23776,Arctic Monkeys,R U Mine?,6XnNiyYTxhxuC0zpP22M7C,34,2012,garage,0.52,0.785,6,-4.765,0,0.0329,0.0468,0.0,0.698,0.679,96.996,200188,4
2024-08-07 23:18,Arctic Monkeys,R U Mine?,155838,arctic monkeys - r u mine?,23776,Arctic Monkeys,R U Mine?,6XnNiyYTxhxuC0zpP22M7C,34,2012,garage,0.52,0.785,6,-4.765,0,0.0329,0.0468,0.0,0.698,0.679,96.996,200188,4
2024-08-07 23:22,Chase Atlantic,Drugs & Money - New Mix,239921,chase atlantic - drugs & money - new mix,293587,Chase Atlantic,Drugs & Money - New Mix,4SRyrhBJ5mq8fEa3bsdZn6,65,2017,pop,0.629,0.735,11,-4.826,1,0.0599,0.2,0.0,0.243,0.477,123.996,239922,4
2024-08-07 23:30,Cigarettes After Sex,Starry Eyes,206000,cigarettes after sex - starry eyes,2728,Cigarettes After Sex,Starry Eyes,2xfRDWDKOisEXgRnYI58Tb,59,2012,ambient,0.425,0.363,2,-15.32,1,0.0322,0.448,0.321,0.0685,0.12,100.426,206000,4
2024-08-07 23:35,The Neighbourhood,Prey,282640,the neighbourhood - prey,162945,The Neighbourhood,Prey,38kjFXYgPvtuXCPbHPMGte,63,2015,alt-rock,0.517,0.779,9,-5.005,0,0.0477,0.0258,0.0,0.0622,0.197,115.206,282640,4
2024-08-07 23:41,Chase Atlantic,HEAVEN AND BACK,248240,chase atlantic - heaven and back,406526,Chase Atlantic,HEAVEN AND BACK,5dewQ7ojISR32NAYNHFYWC,66,2019,pop,0.309,0.793,10,-6.195,0,0.0774,0.0902,0.092,0.0888,0.532,193.714,248240,4
2024-08-07 23:44,Cigarettes After Sex,Sunsetz,215150,cigarettes after sex - sunsetz,255747,Cigarettes After Sex,Sunsetz,69UqtTHfUKAJweQwEStRzC,77,2017,ambient,0.412,0.477,9,-9.381,0,0.029,0.0542,0.798,0.0975,0.141,75.302,214680,4
2024-08-07 23:49,Cigarettes After Sex,Truly,244110,cigarettes after sex - truly,255760,Cigarettes After Sex,Truly,6qwEx0TQJMEqvQdN8hRZDx,57,2017,ambient,0.44,0.387,4,-9.792,1,0.0279,0.148,0.559,0.0844,0.267,96.556,243640,4
2024-08-07 23:56,The Neighbourhood,Fallen Star,224938,the neighbourhood - fallen star,478403,The Neighbourhood,Fallen Star,60F6pgM6H6miNr5AmjxwjL,68,2021,alt-rock,0.603,0.551,10,-6.259,0,0.0304,0.0696,0.0976,0.192,0.439,75.001,224939,4
2024-08-09 17:09,Adele,Skyfall,286480,adele - skyfall,40359,Adele,Skyfall,6VObnIkLVruX4UVyxWhlqm,76,2012,pop,0.346,0.552,0,-6.864,0,0.0282,0.417,0.0,0.114,0.0789,75.881,286480,4
2024-08-09 17:10,Adele,Set Fire to the Rain,43950,adele - set fire to the rain,1450773,Adele,Set Fire to the Rain,73CMRj62VK8nUS4ezD2wvi,79,2011,pop,0.603,0.67,2,-3.882,0,0.0249,0.00408,1.68e-06,0.112,0.446,107.993,242974,4
2024-08-09 17:15,Adele,Skyfall,286480,adele - skyfall,40359,Adele,Skyfall,6VObnIkLVruX4UVyxWhlqm,76,2012,pop,0.346,0.552,0,-6.864,0,0.0282,0.417,0.0,0.114,0.0789,75.881,286480,4
2024-08-09 17:18,Adele,Water Under the Bridge,104770,adele - water under the bridge,197549,Adele,Water Under the Bridge,4jL6WWKFDqCOPo2hC3VhSS,68,2015,pop,0.59,0.833,5,-6.503,0,0.0615,0.0142,5.4e-06,0.105,0.538,94.963,240439,4
2024-08-09 17:19,d4vd,Here With Me,63260,d4vd - here with me,569188,d4vd,Here With Me,78Sw5GDo6AlGwTwanjXbGh,92,2022,pop,0.574,0.469,4,-8.209,1,0.0254,0.534,9.21e-05,0.128,0.288,132.023,242485,4
2024-08-09 17:35,Lana Del Rey,Radio,214573,lana del rey - radio,40378,Lana Del Rey,Radio,4PMdq7Q7xOFrY424ZelZEb,59,2012,pop,0.423,0.857,2,-5.173,1,0.0687,0.188,2.63e-05,0.105,0.196,75.024,214574,4
2024-08-09 17:44,SZA,Kill Bill,153946,sza - kill bill,569184,SZA,Kill Bill,1Qrg8KqiBpW07V7PNxwwwL,94,2022,pop,0.644,0.735,8,-5.747,1,0.0391,0.0521,0.144,0.161,0.418,88.98,153947,4
2024-08-09 17:49,Taylor Swift,Love Story,235266,taylor swift - love story,1238481,Taylor Swift,Love Story,1vrd6UOGamcKNGnSHJQlSt,67,2008,pop,0.618,0.741,2,-3.95,1,0.031,0.17,0.0,0.0822,0.296,118.984,235267,4
2024-08-09 17:52,Taylor Swift,The Man,169815,taylor swift - the man,406380,Taylor Swift,The Man,3RauEVgRgj1IuWdJ9fDs70,78,2019,pop,0.777,0.658,0,-5.191,1,0.054,0.0767,0.0,0.0901,0.633,110.048,190360,4
2024-08-09 17:58,Adele,Skyfall,286480,adele - skyfall,40359,Adele,Skyfall,6VObnIkLVruX4UVyxWhlqm,76,2012,pop,0.346,0.552,0,-6.864,0,0.0282,0.417,0.0,0.114,0.0789,75.881,286480,4
2024-08-09 18:04,Ariana Grande,bloodline,216893,ariana grande - bloodline,377718,Ariana Grande,bloodline,2hloaUoRonYssMuqLCBLTX,68,2019,dance,0.758,0.665,2,-5.188,0,0.0774,0.0815,0.000157,0.216,0.643,151.976,216893,4
2024-08-09 18:06,Melanie Martinez,Cake,151046,melanie martinez - cake,175405,Melanie Martinez,Cake,5H3TCfiw0CQTX1XU7A9TXM,74,2015,electro,0.518,0.655,8,-6.255,1,0.0826,0.381,0.0,0.271,0.29,156.992,199682,4
2024-08-09 18:08,Zac Efron,Rewrite The Stars,55187,zac efron - rewrite the stars,264801,Zac Efron,Rewrite The Stars,65fpYBrI8o2cfrwf2US4gq,71,2017,dance,0.684,0.619,10,-7.005,1,0.0386,0.0716,0.0,0.122,0.284,125.046,217440,4
2024-08-09 18:08,Zac Efron,Rewrite The Stars,55187,zac efron - rewrite the stars,523861,Zac Efron,Rewrite the Stars,36WulNibylWVb07PazOJQN,5,2021,show-tunes,0.685,0.619,10,-7.005,1,0.0386,0.0716,0.0,0.122,0.284,125.044,217440,4
2024-08-09 18:08,Bruno Mars,Marry You,15570,bruno mars - marry you,1343497,Bruno Mars,Marry You,22PMfvdz35fFKYnJyMn077,74,2010,dance,0.621,0.82,10,-4.865,1,0.0367,0.332,0.0,0.104,0.452,144.905,230192,4
2024-08-09 18:27,Adele,Skyfall,286480,adele - skyfall,40359,Adele,Skyfall,6VObnIkLVruX4UVyxWhlqm,76,2012,pop,0.346,0.552,0,-6.864,0,0.0282,0.417,0.0,0.114,0.0789,75.881,286480,4
2024-08-09 18:27,Adele,Set Fire to the Rain,24798,adele - set fire to the rain,1450773,Adele,Set Fire to the Rain,73CMRj62VK8nUS4ezD2wvi,79,2011,pop,0.603,0.67,2,-3.882,0,0.0249,0.00408,1.68e-06,0.112,0.446,107.993,242974,4
2024-08-09 18:33,Adele,Skyfall,286480,adele - skyfall,40359,Adele,Skyfall,6VObnIkLVruX4UVyxWhlqm,76,2012,pop,0.346,0.552,0,-6.864,0,0.0282,0.417,0.0,0.114,0.0789,75.881,286480,4
2024-08-09 18:36,Olivia Rodrigo,"jealousy, jealousy",173160,"olivia rodrigo - jealousy, jealousy",515579,Olivia Rodrigo,"jealousy, jealousy",0MMyJUC3WNnFS1lit5pTjk,80,2021,pop,0.695,0.575,10,-6.334,0,0.116,0.198,0.0,0.0614,0.699,163.929,173160,4
2024-08-09 20:59,Ruth B.,Lost Boy,63619,ruth b. - lost boy,197564,Ruth B.,Lost Boy,4h0zU3O9R5xzuTmNO7dNDU,70,2015,pop,0.71,0.0565,7,-15.099,1,0.0534,0.965,0.0,0.0889,0.348,123.994,275280,4
2024-08-09 21:05,Adele,Skyfall,286480,adele - skyfall,40359,Adele,Skyfall,6VObnIkLVruX4UVyxWhlqm,76,2012,pop,0.346,0.552,0,-6.864,0,0.0282,0.417,0.0,0.114,0.0789,75.881,286480,4
2024-08-09 21:08,Taylor Swift,Bejeweled,194165,taylor swift - bejeweled,569211,Taylor Swift,Bejeweled,3qoftcUZaUOncvIYjFSPdE,80,2022,pop,0.696,0.559,7,-9.19,1,0.0693,0.0618,5.58e-05,0.0887,0.433,163.999,194166,4
2024-08-09 21:13,James Arthur,Car's Outside,917,james arthur - car's outside,406437,James Arthur,Car's Outside,0otRX6Z89qKkHkQ9OqJpKt,81,2019,pop,0.338,0.562,9,-7.181,1,0.029,0.039,0.0,0.107,0.259,149.907,248373,4
2024-08-09 21:14,Conan Gray,The Story,28703,conan gray - the story,462118,Conan Gray,The Story,5GVPVxgdgTKJFxSxLVIw1A,64,2020,pop,0.542,0.299,0,-10.379,1,0.0305,0.817,0.0,0.109,0.274,141.917,245267,4
2024-08-09 21:18,Paloma Faith,Only Love Can Hurt Like This,232893,paloma faith - only love can hurt like this,119677,Paloma Faith,Only Love Can Hurt Like This,62ke5zFUJN6RvtXZgVH0F8,82,2014,dance,0.566,0.885,8,-4.528,1,0.0818,0.0958,9.97e-05,0.334,0.304,90.99,232893,4
2024-08-09 21:21,Mitski,Nobody,193429,mitski - nobody,342781,Mitski,Nobody,2P5yIMu2DNeMXTyOANKS6k,75,2018,indie-pop,0.398,0.717,0,-5.253,1,0.0398,0.07,0.0,0.085,0.487,117.296,193429,4
2024-08-09 21:25,Labrinth,All For Us - from the HBO Original Series Euphoria,192986,labrinth - all for us - from the hbo original series euphoria,399085,Labrinth,All For Us - from the HBO Original Series Euphoria,10hMM5nsZQf66ldBlgWBfG,72,2019,indie-pop,0.348,0.652,3,-7.145,1,0.0931,0.0165,0.000264,0.33,0.172,70.956,192987,4
2024-08-09 21:35,K.Flay,High Enough,231600,k.flay - high enough,271634,K.Flay,High Enough,1qwno7xb5mJe71xtMS6jl2,73,2017,electro,0.606,0.62,0,-5.005,1,0.0298,0.0301,0.0916,0.167,0.543,88.984,231600,4
2024-08-09 21:36,grandson,Blood // Water,65714,grandson - blood // water,311046,grandson,Blood // Water,7clyJIrLkEbXUDwj1tC9zz,67,2018,alt-rock,0.504,0.891,6,-5.632,0,0.137,0.00163,0.00199,0.148,0.628,153.988,214520,4
2024-08-09 21:48,AURORA,Running with the Wolves,77620,aurora - running with the wolves,146842,AURORA,Running with the Wolves,6qMMJiCtrlHmxGyFUStff8,59,2014,pop,0.539,0.528,5,-6.719,1,0.0546,0.246,6.65e-05,0.221,0.456,164.024,194760,4
2024-08-09 21:51,Melanie Martinez,Teacher's Pet,7920,melanie martinez - teacher's pet,384326,Melanie Martinez,Teacher's Pet,5o5akY9xnEk6lpMkD8RwD9,74,2019,electro,0.686,0.794,7,-6.136,0,0.0385,0.27,2.25e-05,0.125,0.532,140.952,241893,3
2024-08-09 21:51,TAEYEON,Fine,14150,taeyeon - fine,288462,TAEYEON,Fine,6CdUgvL597jWmW4w8P5kHs,67,2017,k-pop,0.36,0.565,7,-4.898,1,0.0608,0.358,0.0,0.0448,0.311,173.281,209157,4
2024-08-09 21:51,Kesha,Backstabber,186840,kesha - backstabber,1343522,Kesha,Backstabber,4GRFzKI7jTZ3kbMfouc7bn,72,2010,dance,0.6,0.939,7,-1.794,1,0.19,0.0666,6.18e-06,0.34,0.833,159.941,186840,4
2024-08-09 21:56,Adele,Skyfall,286480,adele - skyfall,40359,Adele,Skyfall,6VObnIkLVruX4UVyxWhlqm,76,2012,pop,0.346,0.552,0,-6.864,0,0.0282,0.417,0.0,0.114,0.0789,75.881,286480,4
2024-08-09 22:19,Lana Del Rey,Brooklyn Baby,240933,lana del rey - brooklyn baby,146776,Lana Del Rey,Brooklyn Baby,1NZs6n6hl8UuMaX0UC0YTz,80,2014,pop,0.404,0.664,1,-6.698,1,0.0407,0.542,0.00402,0.11,0.0949,107.747,351640,4
2024-08-09 22:21,Lana Del Rey,Brooklyn Baby,110554,lana del rey - brooklyn baby,146776,Lana Del Rey,Brooklyn Baby,1NZs6n6hl8UuMaX0UC0YTz,80,2014,pop,0.404,0.664,1,-6.698,1,0.0407,0.542,0.00402,0.11,0.0949,107.747,351640,4
2024-08-09 22:31,Taylor Swift,illicit affairs,190898,taylor swift - illicit affairs,462035,Taylor Swift,illicit affairs,2NmsngXHeC1GQ9wWrzhOMf,71,2020,pop,0.559,0.31,10,-10.445,1,0.0338,0.881,0.0,0.106,0.46,119.845,190898,4
2024-08-09 22:47,Taylor Swift,The Way I Loved You (Taylor’s Version),243136,taylor swift - the way i loved you (taylor’s version),515593,Taylor Swift,The Way I Loved You (Taylor’s Version),22bPsP2jCgbLUvh82U0Z3M,78,2021,pop,0.402,0.732,5,-4.665,1,0.0484,0.0033,0.0,0.108,0.472,161.032,243137,4
2024-08-09 22:53,Taylor Swift,Lover,221306,taylor swift - lover,406372,Taylor Swift,Lover,1dGr1c8CrMLDpV6mPbImSI,83,2019,pop,0.359,0.543,7,-7.582,1,0.0919,0.492,1.58e-05,0.118,0.453,68.534,221307,4
2024-08-10 02:39,Taylor Swift,Don’t Blame Me,119779,taylor swift - don’t blame me,293464,Taylor Swift,Don’t Blame Me,1R0a2iXumgCiFb7HEZ7gUE,85,2017,pop,0.615,0.534,9,-6.719,0,0.0386,0.106,1.76e-05,0.0607,0.193,135.917,236413,4
2024-08-13 20:01,Olivia Rodrigo,"All I Want - From ""High School Musical: The Musical: The Series""",177322,"olivia rodrigo - all i want - from ""high school musical: the musical: the series""",406403,Olivia Rodrigo,"All I Want - From ""High School Musical: The Musical: The Series""",4Yxc55NX3tAXC2mHRAhtcW,76,2019,pop,0.376,0.43,0,-6.585,0,0.0328,0.0902,0.0,0.0912,0.129,77.599,177323,3
2024-08-13 20:29,Melanie Martinez,Dollhouse,231853,melanie martinez - dollhouse,126365,Melanie Martinez,Dollhouse,3deFSRUdM7JC8P1Fi6r0rY,43,2014,electro,0.725,0.708,5,-5.331,0,0.0756,0.22,0.0,0.777,0.555,130.029,231853,4
2024-08-13 20:33,Taylor Swift,I Knew You Were Trouble (Taylor's Version),219760,taylor swift - i knew you were trouble (taylor's version),515618,Taylor Swift,I Knew You Were Trouble (Taylor's Version),6AtZLIzUINvExIUy4QhdjP,72,2021,pop,0.584,0.557,6,-6.371,1,0.0342,0.0129,0.0,0.0576,0.767,154.008,219760,4
2024-08-13 20:48,Taylor Swift,All Too Well (Taylor's Version),329160,taylor swift - all too well (taylor's version),515629,Taylor Swift,All Too Well (Taylor's Version),3nsfB1vus2qaloUdcBZvDu,71,2021,pop,0.44,0.528,0,-7.809,1,0.0317,0.0171,0.00203,0.234,0.132,185.972,329160,4
2024-08-13 20:57,Taylor Swift,Bejeweled,194165,taylor swift - bejeweled,569211,Taylor Swift,Bejeweled,3qoftcUZaUOncvIYjFSPdE,80,2022,pop,0.696,0.559,7,-9.19,1,0.0693,0.0618,5.58e-05,0.0887,0.433,163.999,194166,4
2024-08-13 21:01,Olivia Rodrigo,traitor,229226,olivia rodrigo - traitor,515570,Olivia Rodrigo,traitor,5CZ40GBx1sQ9agT82CLQCT,84,2021,pop,0.38,0.339,3,-7.885,1,0.0338,0.691,0.0,0.12,0.0849,100.607,229227,4
2024-08-13 21:05,Taylor Swift,All Of The Girls You Loved Before,221407,taylor swift - all of the girls you loved before,406371,Taylor Swift,All Of The Girls You Loved Before,4P9Q0GojKVXpRTJCaL3kyy,82,2019,pop,0.718,0.467,2,-9.66,1,0.0398,0.707,6.92e-05,0.126,0.396,95.96,221407,3
2024-08-13 21:09,SZA,Kill Bill,153946,sza - kill bill,569184,SZA,Kill Bill,1Qrg8KqiBpW07V7PNxwwwL,94,2022,pop,0.644,0.735,8,-5.747,1,0.0391,0.0521,0.144,0.161,0.418,88.98,153947,4
2024-08-13 21:13,ZAYN,I Don’t Wanna Live Forever (Fifty Shades Darker),247160,zayn - i don’t wanna live forever (fifty shades darker),264785,ZAYN,I Don’t Wanna Live Forever (Fifty Shades Darker),55n9yjI6qqXh5F2mYvUc2y,77,2017,dance,0.731,0.445,0,-8.418,1,0.0533,0.0586,1.96e-05,0.14,0.106,117.97,247160,4
2024-08-13 21:14,Ruth B.,Dandelions,1270,ruth b. - dandelions,293465,Ruth B.,Dandelions,2eAvDnpXP5W0cVtiI0PUxV,87,2017,pop,0.609,0.692,1,-2.958,1,0.0259,0.0157,0.0,0.0864,0.454,116.959,233720,3
2024-08-13 21:14,Lana Del Rey,Young And Beautiful,1110,lana del rey - young and beautiful,93567,Lana Del Rey,Young And Beautiful,2nMeu6UenVvwUktBCpLMK9,81,2013,pop,0.324,0.416,11,-8.92,0,0.0368,0.262,3.69e-05,0.11,0.151,113.986,236053,4
2024-08-13 21:14,Sabrina Carpenter,Feather,15560,sabrina carpenter - feather,591140,Sabrina Carpenter,Feather,2Zo1PcszsT9WQ0ANntJbID,67,2023,dance,0.787,0.686,6,-4.37,0,0.0339,0.0893,0.0,0.0927,0.836,123.51,185553,4
2024-08-13 21:18,Taylor Swift,Style,231000,taylor swift - style,146766,Taylor Swift,Style,4lIxdJw6W3Fg4vUIYCB0S5,74,2014,pop,0.598,0.786,2,-5.572,1,0.0383,0.00253,0.0016,0.117,0.456,95.019,231000,4
2024-08-13 21:22,d4vd,Here With Me,242484,d4vd - here with me,569188,d4vd,Here With Me,78Sw5GDo6AlGwTwanjXbGh,92,2022,pop,0.574,0.469,4,-8.209,1,0.0254,0.534,9.21e-05,0.128,0.288,132.023,242485,4
2024-08-13 21:27,Lana Del Rey,Million Dollar Man,50805,lana del rey - million dollar man,40394,Lana Del Rey,Million Dollar Man,4lXHVnmDO5u62tGJIpTafd,53,2012,pop,0.382,0.589,6,-5.991,1,0.0359,0.484,0.0,0.131,0.511,65.627,231574,4
2024-08-13 22:14,bzur,Into The Unknown,135057,bzur - into the unknown,538575,bzur,Into The Unknown,3JjR4ko22oBs8UiQeyTWoA,36,2022,classical,0.269,0.0387,5,-26.637,0,0.0341,0.974,0.821,0.0993,0.173,89.95,135057,4
2024-08-13 22:20,Dario Marianelli,"Dawn - From ""Pride & Prejudice"" Soundtrack",158600,"dario marianelli - dawn - from ""pride & prejudice"" soundtrack",585674,Dario Marianelli,"Dawn - From ""Pride & Prejudice"" Soundtrack",3hwyAuF5jFhIYjnZvhZK2S,0,2023,ambient,0.268,0.134,0,-17.982,1,0.0488,0.991,0.912,0.0807,0.0699,166.989,154853,4
2024-08-14 00:23,ZAYN,I Don’t Wanna Live Forever (Fifty Shades Darker),247160,zayn - i don’t wanna live forever (fifty shades darker),264785,ZAYN,I Don’t Wanna Live Forever (Fifty Shades Darker),55n9yjI6qqXh5F2mYvUc2y,77,2017,dance,0.731,0.445,0,-8.418,1,0.0533,0.0586,1.96e-05,0.14,0.106,117.97,247160,4
2024-08-14 00:29,Taylor Swift,Lover,221306,taylor swift - lover,406372,Taylor Swift,Lover,1dGr1c8CrMLDpV6mPbImSI,83,2019,pop,0.359,0.543,7,-7.582,1,0.0919,0.492,1.58e-05,0.118,0.453,68.534,221307,4
2024-08-14 00:33,Taylor Swift,We Are Never Ever Getting Back Together,191880,taylor swift - we are never ever getting back together,40360,Taylor Swift,We Are Never Ever Getting Back Together,0VwNdo84DaVYLIkbVO86ND,74,2012,pop,0.628,0.676,7,-5.911,1,0.0916,0.00957,2.65e-05,0.121,0.75,85.984,193147,4
2024-08-14 00:36,Taylor Swift,Cruel Summer,178426,taylor swift - cruel summer,406369,Taylor Swift,Cruel Summer,1BxfuPKGuaTgP7aM0Bbdwr,83,2019,pop,0.552,0.702,9,-5.707,1,0.157,0.117,2.06e-05,0.105,0.564,169.994,178427,4
2024-08-14 01:02,Taylor Swift,Love Story,235266,taylor swift - love story,1238481,Taylor Swift,Love Story,1vrd6UOGamcKNGnSHJQlSt,67,2008,pop,0.618,0.741,2,-3.95,1,0.031,0.17,0.0,0.0822,0.296,118.984,235267,4
2024-08-14 01:06,Kali Uchis,Melting,208853,kali uchis - melting,197515,Kali Uchis,Melting,2kSb3wYSOV996xA2NSmpck,81,2015,pop,0.574,0.479,8,-7.776,1,0.0355,0.179,0.0803,0.106,0.303,115.263,208854,4
2024-08-14 01:09,Charlie Puth,One Call Away,194453,charlie puth - one call away,224474,Charlie Puth,One Call Away,7soJgKhQTO8hLP2JPRkL5O,64,2016,dance,0.667,0.613,1,-5.353,1,0.0344,0.403,0.0,0.115,0.47,91.024,194453,4
2024-08-14 01:13,Taylor Swift,All Too Well (Taylor's Version),123824,taylor swift - all too well (taylor's version),515629,Taylor Swift,All Too Well (Taylor's Version),3nsfB1vus2qaloUdcBZvDu,71,2021,pop,0.44,0.528,0,-7.809,1,0.0317,0.0171,0.00203,0.234,0.132,185.972,329160,4
2024-08-19 19:53,Taylor Swift,All Too Well (Taylor's Version),205554,taylor swift - all too well (taylor's version),515629,Taylor Swift,All Too Well (Taylor's Version),3nsfB1vus2qaloUdcBZvDu,71,2021,pop,0.44,0.528,0,-7.809,1,0.0317,0.0171,0.00203,0.234,0.132,185.972,329160,4
2024-08-19 19:59,Lana Del Rey,Brooklyn Baby,351640,lana del rey - brooklyn baby,146776,Lana Del Rey,Brooklyn Baby,1NZs6n6hl8UuMaX0UC0YTz,80,2014,pop,0.404,0.664,1,-6.698,1,0.0407,0.542,0.00402,0.11,0.0949,107.747,351640,4
2024-08-19 20:07,Lana Del Rey,Pretty When You Cry,234146,lana del rey - pretty when you cry,146790,Lana Del Rey,Pretty When You Cry,6PnluwP0fjGnpIBsqTdUTq,74,2014,pop,0.509,0.547,10,-6.548,0,0.0417,0.399,0.0,0.215,0.197,109.436,234147,4
2024-08-19 20:11,Joji,Glimpse of Us,233456,joji - glimpse of us,569204,Joji,Glimpse of Us,6xGruZOHLs39ZbVccQTuPZ,85,2022,pop,0.44,0.317,8,-9.258,1,0.0531,0.891,4.78e-06,0.141,0.268,169.914,233456,3
2024-08-24 08:58,Chase Atlantic,LIKE A ROCKSTAR,134826,chase atlantic - like a rockstar,406638,Chase Atlantic,LIKE A ROCKSTAR,1e5Zf1EU0TAitK207VOUY7,59,2019,pop,0.58,0.611,8,-6.33,0,0.0646,0.331,0.0,0.0982,0.463,81.55,208112,4
2024-08-31 16:19,Adele,Skyfall,286480,adele - skyfall,40359,Adele,Skyfall,6VObnIkLVruX4UVyxWhlqm,76,2012,pop,0.346,0.552,0,-6.864,0,0.0282,0.417,0.0,0.114,0.0789,75.881,286480,4
2024-08-31 16:21,Taylor Swift,Karma,30477,taylor swift - karma,569212,Taylor Swift,Karma,7KokYm8cMIXCsGVmUvKtqf,80,2022,pop,0.642,0.62,8,-7.091,1,0.0666,0.0734,0.0,0.483,0.0969,90.02,204852,4
2024-08-31 16:24,Arctic Monkeys,I Wanna Be Yours,183956,arctic monkeys - i wanna be yours,77591,Arctic Monkeys,I Wanna Be Yours,5XeFesFbtLpXzIVDNQP22n,91,2013,garage,0.464,0.417,0,-9.345,0,0.0256,0.136,0.022,0.0974,0.479,67.528,183956,4
2024-08-31 16:29,The Neighbourhood,The Beach,255133,the neighbourhood - the beach,162917,The Neighbourhood,The Beach,2u0CelO5c81XS7z3dGpHbS,75,2015,alt-rock,0.245,0.64,2,-7.426,0,0.0608,0.131,8.11e-06,0.0766,0.105,135.739,255133,4
2024-08-31 16:34,Cigarettes After Sex,You're the Only Good Thing In My Life,275186,cigarettes after sex - you're the only good thing in my life,368583,Cigarettes After Sex,You're the Only Good Thing in My Life,69BeOEL0DFLwA3WplXJxX5,59,2019,ambient,0.462,0.288,5,-11.199,1,0.0288,0.781,0.756,0.131,0.0589,130.164,275187,4
2024-08-31 16:38,Chase Atlantic,Numb to the Feeling,227586,chase atlantic - numb to the feeling,350308,Chase Atlantic,Numb to the Feeling,102cCjW3CnC3sws3qOhie8,63,2018,pop,0.695,0.737,5,-5.75,0,0.122,0.232,0.0,0.136,0.248,129.999,227587,4
2024-08-31 16:41,d4vd,Romantic Homicide,132630,d4vd - romantic homicide,569185,d4vd,Romantic Homicide,1xK59OXxi2TAAAbmZK0kBL,90,2022,pop,0.571,0.544,6,-10.613,1,0.0299,0.453,0.00805,0.322,0.216,132.052,132631,4
2024-08-31 16:46,The Neighbourhood,Alleyways,267853,the neighbourhood - alleyways,56435,The Neighbourhood,Alleyways,4V37tyDu9CtqYshvrgLke4,59,2013,alt-rock,0.622,0.831,5,-4.819,0,0.0273,0.00102,0.803,0.119,0.363,101.03,267853,4
2024-08-31 16:55,Cigarettes After Sex,Truly,244110,cigarettes after sex - truly,255760,Cigarettes After Sex,Truly,6qwEx0TQJMEqvQdN8hRZDx,57,2017,ambient,0.44,0.387,4,-9.792,1,0.0279,0.148,0.559,0.0844,0.267,96.556,243640,4
2024-08-31 17:00,The Neighbourhood,Sadderdaze,245826,the neighbourhood - sadderdaze,311120,The Neighbourhood,Sadderdaze,7sIYHDxjteT6RY29gAGzP2,57,2018,alt-rock,0.414,0.527,4,-4.749,0,0.0287,0.00971,5.05e-05,0.145,0.306,120.009,245827,4
2024-08-31 17:05,Cigarettes After Sex,Apocalypse,290616,cigarettes after sex - apocalypse,255746,Cigarettes After Sex,Apocalypse,3AVrVz5rK8Hrqo9YGiVGN5,81,2017,ambient,0.369,0.467,5,-9.018,1,0.0274,0.0194,0.46,0.109,0.174,94.473,290147,4
2024-08-31 17:10,Chase Atlantic,Drugs & Money - New Mix,239921,chase atlantic - drugs & money - new mix,293587,Chase Atlantic,Drugs & Money - New Mix,4SRyrhBJ5mq8fEa3bsdZn6,65,2017,pop,0.629,0.735,11,-4.826,1,0.0599,0.2,0.0,0.243,0.477,123.996,239922,4
2024-08-31 17:13,Chase Atlantic,Church,220000,chase atlantic - church,293564,Chase Atlantic,Church,7bbYT48HWWIbL3YKmtMNzn,68,2017,pop,0.556,0.824,5,-4.539,0,0.0548,0.0109,0.0,0.112,0.292,112.99,220000,4
2024-08-31 17:21,The Neighbourhood,Softcore,206280,the neighbourhood - softcore,311042,The Neighbourhood,Softcore,2K7xn816oNHJZ0aVqdQsha,84,2018,alt-rock,0.575,0.568,9,-5.509,0,0.03,0.0484,0.000417,0.286,0.37,93.986,206280,4
2024-08-31 17:30,Arctic Monkeys,Snap Out Of It,187766,arctic monkeys - snap out of it,77594,Arctic Monkeys,Snap Out Of It,0NdTUS4UiNYCNn5FgVqKQY,78,2013,garage,0.728,0.638,5,-6.455,0,0.0336,0.249,0.0,0.116,0.872,130.014,193030,4
2024-09-02 22:22,Arctic Monkeys,R U Mine?,5461,arctic monkeys - r u mine?,23776,Arctic Monkeys,R U Mine?,6XnNiyYTxhxuC0zpP22M7C,34,2012,garage,0.52,0.785,6,-4.765,0,0.0329,0.0468,0.0,0.698,0.679,96.996,200188,4
2024-09-02 22:22,Lana Del Rey,"Once Upon a Dream - From ""Maleficent"" / Pop Version",4074,"lana del rey - once upon a dream - from ""maleficent"" / pop version",146828,Lana Del Rey,"Once Upon a Dream - From ""Maleficent"" / Pop Version",3liiZRlJxa8GeLUgWMoIeu,64,2014,pop,0.289,0.274,5,-16.574,1,0.0353,0.659,0.0166,0.109,0.167,119.997,203080,3
2024-09-02 22:22,Lana Del Rey,Cinnamon Girl,1343,lana del rey - cinnamon girl,406385,Lana Del Rey,Cinnamon Girl,2mdEsXPu8ZmkHRRtAdC09e,79,2019,pop,0.294,0.337,6,-10.614,0,0.036,0.814,0.414,0.14,0.135,91.781,300683,5
2024-09-02 22:22,Arctic Monkeys,Snap Out Of It,1259,arctic monkeys - snap out of it,77594,Arctic Monkeys,Snap Out Of It,0NdTUS4UiNYCNn5FgVqKQY,78,2013,garage,0.728,0.638,5,-6.455,0,0.0336,0.249,0.0,0.116,0.872,130.014,193030,4
2024-09-02 22:22,Keane,Somewhere Only We Know,1045,keane - somewhere only we know,93054,Keane,Somewhere Only We Know,7AQAlklmptrrkBSeujkXsD,54,2013,piano,0.442,0.606,9,-5.825,1,0.0259,0.0678,1.43e-05,0.0973,0.359,171.982,235880,4
2024-09-02 22:22,Taylor Swift,Don’t Blame Me,1920,taylor swift - don’t blame me,293464,Taylor Swift,Don’t Blame Me,1R0a2iXumgCiFb7HEZ7gUE,85,2017,pop,0.615,0.534,9,-6.719,0,0.0386,0.106,1.76e-05,0.0607,0.193,135.917,236413,4
2024-09-02 22:22,Sasha Alex Sloan,Dancing With Your Ghost,2069,sasha alex sloan - dancing with your ghost,384327,Sasha Alex Sloan,Dancing With Your Ghost,1TQXIltqoZ5XXyfCbAeSQQ,78,2019,electro,0.629,0.328,11,-8.284,1,0.029,0.768,2.5e-05,0.103,0.389,74.953,197732,4
2024-09-02 22:23,Taylor Swift,All Too Well (Taylor's Version),4416,taylor swift - all too well (taylor's version),515629,Taylor Swift,All Too Well (Taylor's Version),3nsfB1vus2qaloUdcBZvDu,71,2021,pop,0.44,0.528,0,-7.809,1,0.0317,0.0171,0.00203,0.234,0.132,185.972,329160,4
2024-09-02 22:23,Matt Maltese,As the World Caves In,3946,matt maltese - as the world caves in,273419,Matt Maltese,As the World Caves In,4JE6agBLHGA5TaF6FlqfBD,70,2017,folk,0.331,0.45,10,-5.362,1,0.034,0.365,0.00464,0.22,0.18,123.829,218755,4
2024-09-02 22:23,KANA-BOON,スターマーカー (Album Mix),1877,kana-boon - スターマーカー (album mix),573083,KANA-BOON,スターマーカー (Album Mix),6NAtVhZ5LrvoKy2Gijr5gj,56,2022,rock,0.502,0.872,4,-3.449,1,0.0421,0.0107,0.0,0.313,0.808,134.047,213640,4
2024-09-02 22:23,Lana Del Rey,Radio,2197,lana del rey - radio,40378,Lana Del Rey,Radio,4PMdq7Q7xOFrY424ZelZEb,59,2012,pop,0.423,0.857,2,-5.173,1,0.0687,0.188,2.63e-05,0.105,0.196,75.024,214574,4
2024-09-02 22:23,Regina Spektor,Two Birds,3669,regina spektor - two birds,1283058,Regina Spektor,Two Birds,2n0U2OG5d6TuW5mKx7YrC0,71,2009,folk,0.546,0.5,0,-8.881,1,0.0379,0.802,0.00108,0.107,0.449,150.92,195840,4
2024-09-02 22:23,Taylor Swift,The Man,4245,taylor swift - the man,406380,Taylor Swift,The Man,3RauEVgRgj1IuWdJ9fDs70,78,2019,pop,0.777,0.658,0,-5.191,1,0.054,0.0767,0.0,0.0901,0.633,110.048,190360,4
2024-09-02 22:23,Sasha Alex Sloan,Dancing With Your Ghost,6229,sasha alex sloan - dancing with your ghost,384327,Sasha Alex Sloan,Dancing With Your Ghost,1TQXIltqoZ5XXyfCbAeSQQ,78,2019,electro,0.629,0.328,11,-8.284,1,0.029,0.768,2.5e-05,0.103,0.389,74.953,197732,4
2024-09-02 22:29,Taylor Swift,Don’t Blame Me,277,taylor swift - don’t blame me,293464,Taylor Swift,Don’t Blame Me,1R0a2iXumgCiFb7HEZ7gUE,85,2017,pop,0.615,0.534,9,-6.719,0,0.0386,0.106,1.76e-05,0.0607,0.193,135.917,236413,4
2024-09-02 22:34,Taylor Swift,You Belong With Me,832,taylor swift - you belong with me,1238475,Taylor Swift,You Belong With Me,3GCL1PydwsLodcpv0Ll1ch,68,2008,pop,0.687,0.783,6,-4.44,1,0.0386,0.162,1.35e-05,0.114,0.443,129.964,231133,4
2024-09-02 22:34,Taylor Swift,We Are Never Ever Getting Back Together,13589,taylor swift - we are never ever getting back together,40360,Taylor Swift,We Are Never Ever Getting Back Together,0VwNdo84DaVYLIkbVO86ND,74,2012,pop,0.628,0.676,7,-5.911,1,0.0916,0.00957,2.65e-05,0.121,0.75,85.984,193147,4
2024-09-02 22:34,Olivia Rodrigo,"All I Want - From ""High School Musical: The Musical: The Series""",485,"olivia rodrigo - all i want - from ""high school musical: the musical: the series""",406403,Olivia Rodrigo,"All I Want - From ""High School Musical: The Musical: The Series""",4Yxc55NX3tAXC2mHRAhtcW,76,2019,pop,0.376,0.43,0,-6.585,0,0.0328,0.0902,0.0,0.0912,0.129,77.599,177323,3
2024-09-02 22:34,Olivia Rodrigo,"All I Want - From ""High School Musical: The Musical: The Series""",768,"olivia rodrigo - all i want - from ""high school musical: the musical: the series""",406403,Olivia Rodrigo,"All I Want - From ""High School Musical: The Musical: The Series""",4Yxc55NX3tAXC2mHRAhtcW,76,2019,pop,0.376,0.43,0,-6.585,0,0.0328,0.0902,0.0,0.0912,0.129,77.599,177323,3
2024-09-02 22:41,The Neighbourhood,You Get Me So High,153000,the neighbourhood - you get me so high,311043,The Neighbourhood,You Get Me So High,7zwn1eykZtZ5LODrf7c0tS,81,2018,alt-rock,0.551,0.881,7,-6.099,0,0.0542,0.186,0.0791,0.152,0.387,88.036,153000,4
2024-09-02 22:46,The Neighbourhood,The Beach,255133,the neighbourhood - the beach,162917,The Neighbourhood,The Beach,2u0CelO5c81XS7z3dGpHbS,75,2015,alt-rock,0.245,0.64,2,-7.426,0,0.0608,0.131,8.11e-06,0.0766,0.105,135.739,255133,4
2024-09-02 22:50,Arctic Monkeys,505,253586,arctic monkeys - 505,1145378,Arctic Monkeys,505,58ge6dfP91o9oXMzq3XkIS,80,2007,garage,0.52,0.852,0,-5.866,1,0.0543,0.00237,5.79e-05,0.0733,0.234,140.267,253587,4
2024-09-02 22:56,The Neighbourhood,Flawless,177192,the neighbourhood - flawless,56405,The Neighbourhood,Flawless,2Kt1XplPBQBsDKQDa6TssB,68,2013,alt-rock,0.568,0.871,0,-3.453,1,0.0308,0.0553,0.51,0.303,0.374,119.99,246493,4
2024-09-03 03:45,Sixpence None The Richer,Kiss Me,207530,sixpence none the richer - kiss me,901251,Sixpence None The Richer,Kiss Me,2aZ5oYPdDbLNRIUghXM9EV,39,2003,pop,0.475,0.898,3,-4.776,1,0.0442,0.00379,0.00108,0.082,0.351,100.127,199093,4
2024-09-04 18:47,Taylor Swift,Lover,221306,taylor swift - lover,406372,Taylor Swift,Lover,1dGr1c8CrMLDpV6mPbImSI,83,2019,pop,0.359,0.543,7,-7.582,1,0.0919,0.492,1.58e-05,0.118,0.453,68.534,221307,4
2024-09-04 18:57,Lana Del Rey,Brooklyn Baby,351640,lana del rey - brooklyn baby,146776,Lana Del Rey,Brooklyn Baby,1NZs6n6hl8UuMaX0UC0YTz,80,2014,pop,0.404,0.664,1,-6.698,1,0.0407,0.542,0.00402,0.11,0.0949,107.747,351640,4
2024-09-04 19:04,Lana Del Rey,Summertime Sadness,195818,lana del rey - summertime sadness,40349,Lana Del Rey,Summertime Sadness,1Ist6PR2BZR3n2z2Y5R6S1,73,2012,pop,0.566,0.647,1,-6.815,0,0.0335,0.0477,0.0,0.121,0.22,111.96,264773,4
2024-09-04 19:17,Adrien de la Salle,Prélude d'une nuit d'automne,160750,adrien de la salle - prélude d'une nuit d'automne,538359,Adrien de la Salle,Prélude d'une nuit d'automne,4gD6w9YOhwZTCVzVM1NI3c,45,2022,classical,0.499,0.0306,9,-24.52,1,0.0501,0.993,0.928,0.107,0.204,128.266,160750,3
2024-09-04 19:49,Taylor Swift,Daylight,293453,taylor swift - daylight,406418,Taylor Swift,Daylight,1fzAuUVbzlhZ1lJAx9PtY6,73,2019,pop,0.557,0.496,0,-9.602,1,0.0563,0.808,0.000173,0.0772,0.265,149.983,293453,4
2024-09-04 19:59,Taylor Swift,illicit affairs,190898,taylor swift - illicit affairs,462035,Taylor Swift,illicit affairs,2NmsngXHeC1GQ9wWrzhOMf,71,2020,pop,0.559,0.31,10,-10.445,1,0.0338,0.881,0.0,0.106,0.46,119.845,190898,4
2024-09-04 20:06,Taylor Swift,Anti-Hero,200690,taylor swift - anti-hero,569187,Taylor Swift,Anti-Hero,0V3wPSX9ygBnCm8psDIegu,92,2022,pop,0.637,0.643,4,-6.571,1,0.0519,0.13,1.8e-06,0.142,0.533,97.008,200690,4
2024-09-04 20:09,beabadoobee,the perfect pair,177533,beabadoobee - the perfect pair,561972,beabadoobee,the perfect pair,41P6Tnd8KIHqON0QIydx6a,78,2022,indie-pop,0.634,0.663,11,-6.818,1,0.0331,0.433,0.124,0.102,0.6,146.053,177533,4
2024-09-04 20:12,Taylor Swift,London Boy,186989,taylor swift - london boy,406414,Taylor Swift,London Boy,1LLXZFeAHK9R4xUramtUKw,73,2019,pop,0.695,0.71,1,-6.639,1,0.05,0.0246,0.000104,0.133,0.557,157.925,190240,4
2024-09-04 20:24,Adrien de la Salle,Prélude d'une nuit d'automne,160750,adrien de la salle - prélude d'une nuit d'automne,538359,Adrien de la Salle,Prélude d'une nuit d'automne,4gD6w9YOhwZTCVzVM1NI3c,45,2022,classical,0.499,0.0306,9,-24.52,1,0.0501,0.993,0.928,0.107,0.204,128.266,160750,3
2024-09-04 21:32,Gwen Stefani,Luxurious,7410,gwen stefani - luxurious,931096,Gwen Stefani,Luxurious,3UQmoVQJqBYauTZLVPs3uo,62,2004,dance,0.811,0.726,0,-3.995,1,0.0813,0.154,0.0,0.116,0.666,131.027,264920,4
2024-09-04 21:36,Chase Atlantic,Friends,230010,chase atlantic - friends,197528,Chase Atlantic,Friends,2jQiSYrwJehQAcuaaQrXnS,79,2015,pop,0.422,0.609,11,-6.361,0,0.0335,0.0114,4.76e-06,0.108,0.0911,107.34,230011,3
2024-09-04 21:43,The Neighbourhood,Nervous,245000,the neighbourhood - nervous,311055,The Neighbourhood,Nervous,113xf7t4qNM7038YJvauik,67,2018,alt-rock,0.589,0.614,0,-7.528,0,0.0426,0.0213,0.165,0.31,0.318,119.837,245000,4
2024-09-04 21:48,Chase Atlantic,LUST,29655,chase atlantic - lust,406673,Chase Atlantic,LUST,51t7nQOI35g07O0z4fflO1,57,2019,pop,0.641,0.755,4,-6.274,1,0.244,0.018,0.000443,0.159,0.477,131.954,204107,4
2024-09-04 21:51,Taylor Swift,You Belong With Me,4370,taylor swift - you belong with me,1238475,Taylor Swift,You Belong With Me,3GCL1PydwsLodcpv0Ll1ch,68,2008,pop,0.687,0.783,6,-4.44,1,0.0386,0.162,1.35e-05,0.114,0.443,129.964,231133,4
2024-09-04 21:51,Cigarettes After Sex,Heavenly,169190,cigarettes after sex - heavenly,368576,Cigarettes After Sex,Heavenly,1Bh0UzthW8pKEnYg7v40Oa,69,2019,ambient,0.539,0.431,8,-9.298,1,0.0249,0.628,0.653,0.11,0.122,105.156,288595,4
2024-09-04 21:57,Taylor Swift,illicit affairs,190898,taylor swift - illicit affairs,462035,Taylor Swift,illicit affairs,2NmsngXHeC1GQ9wWrzhOMf,71,2020,pop,0.559,0.31,10,-10.445,1,0.0338,0.881,0.0,0.106,0.46,119.845,190898,4
2024-09-04 22:00,Taylor Swift,We Are Never Ever Getting Back Together,191880,taylor swift - we are never ever getting back together,40360,Taylor Swift,We Are Never Ever Getting Back Together,0VwNdo84DaVYLIkbVO86ND,74,2012,pop,0.628,0.676,7,-5.911,1,0.0916,0.00957,2.65e-05,0.121,0.75,85.984,193147,4
2024-09-04 22:04,Ellie Goulding,My Blood,234184,ellie goulding - my blood,12165,Ellie Goulding,My Blood,6knYNyQupBIbBxV8TMOMYM,58,2012,dance,0.476,0.592,9,-5.283,0,0.029,0.556,0.0,0.281,0.306,87.003,234185,4
2024-09-04 22:18,Adrien de la Salle,Prélude d'une nuit d'automne,160750,adrien de la salle - prélude d'une nuit d'automne,538359,Adrien de la Salle,Prélude d'une nuit d'automne,4gD6w9YOhwZTCVzVM1NI3c,45,2022,classical,0.499,0.0306,9,-24.52,1,0.0501,0.993,0.928,0.107,0.204,128.266,160750,3
2024-09-04 22:54,Taylor Swift,Back To December,293026,taylor swift - back to december,1380399,Taylor Swift,Back To December,3DrjZArsPsoqbLzUZZV1Id,67,2010,pop,0.529,0.67,2,-4.663,1,0.0303,0.117,0.0,0.334,0.286,141.893,293027,4
2024-09-04 22:57,Sabrina Carpenter,Feather,185552,sabrina carpenter - feather,591140,Sabrina Carpenter,Feather,2Zo1PcszsT9WQ0ANntJbID,67,2023,dance,0.787,0.686,6,-4.37,0,0.0339,0.0893,0.0,0.0927,0.836,123.51,185553,4
2024-09-04 23:01,Melanie Martinez,Dollhouse,231853,melanie martinez - dollhouse,126365,Melanie Martinez,Dollhouse,3deFSRUdM7JC8P1Fi6r0rY,43,2014,electro,0.725,0.708,5,-5.331,0,0.0756,0.22,0.0,0.777,0.555,130.029,231853,4
2024-09-04 23:04,Charlie Puth,One Call Away,194453,charlie puth - one call away,224474,Charlie Puth,One Call Away,7soJgKhQTO8hLP2JPRkL5O,64,2016,dance,0.667,0.613,1,-5.353,1,0.0344,0.403,0.0,0.115,0.47,91.024,194453,4
2024-09-04 23:07,Taylor Swift,Anti-Hero,138994,taylor swift - anti-hero,569187,Taylor Swift,Anti-Hero,0V3wPSX9ygBnCm8psDIegu,92,2022,pop,0.637,0.643,4,-6.571,1,0.0519,0.13,1.8e-06,0.142,0.533,97.008,200690,4
2024-09-04 23:09,beabadoobee,Glue Song,135066,beabadoobee - glue song,606469,beabadoobee,Glue Song,3iBgrkexCzVuPy4O9vx7Mf,82,2023,indie-pop,0.62,0.409,1,-10.146,1,0.0282,0.77,0.0542,0.105,0.582,113.946,135067,3
2024-09-04 23:12,Lana Del Rey,Doin' Time,202192,lana del rey - doin' time,406379,Lana Del Rey,Doin' Time,0Oqc0kKFsQ6MhFOLBNZIGX,81,2019,pop,0.641,0.559,7,-11.132,0,0.0355,0.404,0.00402,0.0937,0.523,144.982,202193,4
2024-09-05 00:04,Gwen Stefani,Luxurious,115560,gwen stefani - luxurious,931096,Gwen Stefani,Luxurious,3UQmoVQJqBYauTZLVPs3uo,62,2004,dance,0.811,0.726,0,-3.995,1,0.0813,0.154,0.0,0.116,0.666,131.027,264920,4
2024-09-05 15:52,Gwen Stefani,Luxurious,149613,gwen stefani - luxurious,931096,Gwen Stefani,Luxurious,3UQmoVQJqBYauTZLVPs3uo,62,2004,dance,0.811,0.726,0,-3.995,1,0.0813,0.154,0.0,0.116,0.666,131.027,264920,4
2024-09-05 15:56,Taylor Swift,The Archer,211240,taylor swift - the archer,406406,Taylor Swift,The Archer,3pHkh7d0lzM2AldUtz2x37,73,2019,pop,0.292,0.574,0,-9.375,1,0.0401,0.12,0.00569,0.0663,0.166,124.344,211240,4
2024-09-05 15:56,Taylor Swift,Style,10967,taylor swift - style,146766,Taylor Swift,Style,4lIxdJw6W3Fg4vUIYCB0S5,74,2014,pop,0.598,0.786,2,-5.572,1,0.0383,0.00253,0.0016,0.117,0.456,95.019,231000,4
2024-09-05 15:56,SZA,Kill Bill,1720,sza - kill bill,569184,SZA,Kill Bill,1Qrg8KqiBpW07V7PNxwwwL,94,2022,pop,0.644,0.735,8,-5.747,1,0.0391,0.0521,0.144,0.161,0.418,88.98,153947,4
2024-09-05 16:00,Taylor Swift,cardigan,239560,taylor swift - cardigan,461996,Taylor Swift,cardigan,4R2kfaDFhslZEMJqAFNpdd,84,2020,pop,0.613,0.581,0,-8.588,0,0.0424,0.537,0.000345,0.25,0.551,130.033,239560,4
2024-09-05 16:03,Taylor Swift,illicit affairs,190898,taylor swift - illicit affairs,462035,Taylor Swift,illicit affairs,2NmsngXHeC1GQ9wWrzhOMf,71,2020,pop,0.559,0.31,10,-10.445,1,0.0338,0.881,0.0,0.106,0.46,119.845,190898,4
2024-09-05 16:07,ZAYN,I Don’t Wanna Live Forever (Fifty Shades Darker),247160,zayn - i don’t wanna live forever (fifty shades darker),264785,ZAYN,I Don’t Wanna Live Forever (Fifty Shades Darker),55n9yjI6qqXh5F2mYvUc2y,77,2017,dance,0.731,0.445,0,-8.418,1,0.0533,0.0586,1.96e-05,0.14,0.106,117.97,247160,4
2024-09-05 16:13,Keane,Somewhere Only We Know,236160,keane - somewhere only we know,93054,Keane,Somewhere Only We Know,7AQAlklmptrrkBSeujkXsD,54,2013,piano,0.442,0.606,9,-5.825,1,0.0259,0.0678,1.43e-05,0.0973,0.359,171.982,235880,4
2024-09-05 16:14,Selena Gomez,Fetish (feat. Gucci Mane),72371,selena gomez - fetish (feat. gucci mane),264809,Selena Gomez,Fetish (feat. Gucci Mane),4lnAN2S1fcI0SjxEbksZVr,71,2017,dance,0.708,0.618,2,-4.424,1,0.0592,0.0204,6.81e-06,0.062,0.265,123.013,186113,4
2024-09-05 16:19,Lana Del Rey,Art Deco,295066,lana del rey - art deco,197562,Lana Del Rey,Art Deco,5jqNQZBwbZWQXPWfo0ygZF,72,2015,pop,0.282,0.464,11,-11.112,0,0.0533,0.544,0.215,0.111,0.0596,148.345,295067,5
2024-09-05 16:22,Olivia Rodrigo,happier,175933,olivia rodrigo - happier,515580,Olivia Rodrigo,happier,2tGvwE8GcFKwNdAXMnlbfl,82,2021,pop,0.395,0.443,6,-9.72,1,0.133,0.765,9.67e-06,0.0839,0.338,168.924,175933,3
2024-09-05 16:26,Taylor Swift,You Belong With Me,231133,taylor swift - you belong with me,1238475,Taylor Swift,You Belong With Me,3GCL1PydwsLodcpv0Ll1ch,68,2008,pop,0.687,0.783,6,-4.44,1,0.0386,0.162,1.35e-05,0.114,0.443,129.964,231133,4
2024-09-05 16:30,Lana Del Rey,Pretty When You Cry,234146,lana del rey - pretty when you cry,146790,Lana Del Rey,Pretty When You Cry,6PnluwP0fjGnpIBsqTdUTq,74,2014,pop,0.509,0.547,10,-6.548,0,0.0417,0.399,0.0,0.215,0.197,109.436,234147,4
2024-09-05 16:30,Melanie Martinez,Teacher's Pet,14760,melanie martinez - teacher's pet,384326,Melanie Martinez,Teacher's Pet,5o5akY9xnEk6lpMkD8RwD9,74,2019,electro,0.686,0.794,7,-6.136,0,0.0385,0.27,2.25e-05,0.125,0.532,140.952,241893,3
2024-09-05 16:30,Ruth B.,Lost Boy,1120,ruth b. - lost boy,197564,Ruth B.,Lost Boy,4h0zU3O9R5xzuTmNO7dNDU,70,2015,pop,0.71,0.0565,7,-15.099,1,0.0534,0.965,0.0,0.0889,0.348,123.994,275280,4
2024-09-05 16:36,Justin Bieber,Ghost,153190,justin bieber - ghost,515568,Justin Bieber,Ghost,6I3mqTwhRpn34SLVafSH7G,85,2021,pop,0.601,0.741,2,-5.569,1,0.0478,0.185,2.91e-05,0.415,0.441,153.96,153190,4
2024-09-05 16:45,Lana Del Rey,Chemtrails Over The Country Club,271176,lana del rey - chemtrails over the country club,515662,Lana Del Rey,Chemtrails Over The Country Club,7bPWdJgx8vek7S5i5yAtvG,70,2021,pop,0.334,0.276,4,-13.125,0,0.0643,0.877,0.000249,0.113,0.429,201.025,271177,3
2024-09-05 16:51,Taylor Swift,Midnight Rain,174782,taylor swift - midnight rain,569203,Taylor Swift,Midnight Rain,3rWDp9tBPQR9z6U5YyRSK4,83,2022,pop,0.643,0.363,0,-11.738,1,0.0767,0.69,5.17e-05,0.115,0.23,139.865,174783,4
2024-09-05 17:01,Lana Del Rey,Brooklyn Baby,351640,lana del rey - brooklyn baby,146776,Lana Del Rey,Brooklyn Baby,1NZs6n6hl8UuMaX0UC0YTz,80,2014,pop,0.404,0.664,1,-6.698,1,0.0407,0.542,0.00402,0.11,0.0949,107.747,351640,4
2024-09-05 17:17,Taylor Swift,We Are Never Ever Getting Back Together,1220,taylor swift - we are never ever getting back together,40360,Taylor Swift,We Are Never Ever Getting Back Together,0VwNdo84DaVYLIkbVO86ND,74,2012,pop,0.628,0.676,7,-5.911,1,0.0916,0.00957,2.65e-05,0.121,0.75,85.984,193147,4
2024-09-05 17:17,d4vd,Here With Me,133744,d4vd - here with me,569188,d4vd,Here With Me,78Sw5GDo6AlGwTwanjXbGh,92,2022,pop,0.574,0.469,4,-8.209,1,0.0254,0.534,9.21e-05,0.128,0.288,132.023,242485,4
2024-09-05 17:17,Taylor Swift,Bejeweled,1190,taylor swift - bejeweled,569211,Taylor Swift,Bejeweled,3qoftcUZaUOncvIYjFSPdE,80,2022,pop,0.696,0.559,7,-9.19,1,0.0693,0.0618,5.58e-05,0.0887,0.433,163.999,194166,4
2024-09-05 17:20,SZA,Snooze,201800,sza - snooze,569186,SZA,Snooze,4iZ4pt7kvcaH6Yo8UoZ4s2,90,2022,pop,0.559,0.551,5,-7.231,1,0.132,0.141,0.0,0.11,0.392,143.008,201800,4
2024-09-05 17:25,Taylor Swift,Daylight,293453,taylor swift - daylight,406418,Taylor Swift,Daylight,1fzAuUVbzlhZ1lJAx9PtY6,73,2019,pop,0.557,0.496,0,-9.602,1,0.0563,0.808,0.000173,0.0772,0.265,149.983,293453,4
2024-09-05 19:21,The 1975,About You,326490,the 1975 - about you,531980,The 1975,About You,1fDFHXcykq4iw8Gg7s5hG9,81,2022,alt-rock,0.416,0.762,2,-7.385,1,0.0279,0.312,0.804,0.0559,0.461,95.967,326491,4
2024-09-05 19:22,Taylor Swift,I Knew You Were Trouble (Taylor's Version),3595,taylor swift - i knew you were trouble (taylor's version),515618,Taylor Swift,I Knew You Were Trouble (Taylor's Version),6AtZLIzUINvExIUy4QhdjP,72,2021,pop,0.584,0.557,6,-6.371,1,0.0342,0.0129,0.0,0.0576,0.767,154.008,219760,4
2024-09-05 19:25,Taylor Swift,Gorgeous,209680,taylor swift - gorgeous,293486,Taylor Swift,Gorgeous,1ZY1PqizIl78geGM4xWlEA,77,2017,pop,0.8,0.535,7,-6.684,1,0.135,0.0713,9.48e-06,0.213,0.451,92.027,209680,4
2024-09-05 19:26,Melanie Martinez,Play Date,50870,melanie martinez - play date,175403,Melanie Martinez,Play Date,4DpNNXFMMxQEKl7r0ykkWA,76,2015,electro,0.68,0.729,5,-5.077,1,0.0475,0.612,0.0,0.224,0.446,123.97,179867,4
2024-09-05 19:30,Lana Del Rey,Ultraviolence,251480,lana del rey - ultraviolence,146806,Lana Del Rey,Ultraviolence,1y3r6RXiJZNBV1EI0NggpS,73,2014,pop,0.144,0.541,0,-7.076,1,0.038,0.278,1.01e-05,0.101,0.0899,79.262,251480,3
2024-09-05 19:40,Taylor Swift,Enchanted,352186,taylor swift - enchanted,1380362,Taylor Swift,Enchanted,10eBRyImhfqVvkiVEGf0N0,73,2010,pop,0.455,0.623,8,-3.878,1,0.0288,0.0739,0.000424,0.146,0.208,163.893,352187,4
2024-09-05 19:44,Lana Del Rey,West Coast,256760,lana del rey - west coast,146772,Lana Del Rey,West Coast,5Y6nVaayzitvsD5F7nr3DV,81,2014,pop,0.527,0.591,6,-7.664,0,0.0396,0.194,0.0194,0.0907,0.461,123.167,256760,4
2024-09-05 19:51,beabadoobee,the perfect pair,177533,beabadoobee - the perfect pair,561972,beabadoobee,the perfect pair,41P6Tnd8KIHqON0QIydx6a,78,2022,indie-pop,0.634,0.663,11,-6.818,1,0.0331,0.433,0.124,0.102,0.6,146.053,177533,4
2024-09-05 19:55,Taylor Swift,Lover,221306,taylor swift - lover,406372,Taylor Swift,Lover,1dGr1c8CrMLDpV6mPbImSI,83,2019,pop,0.359,0.543,7,-7.582,1,0.0919,0.492,1.58e-05,0.118,0.453,68.534,221307,4
2024-09-05 19:58,Lana Del Rey,Young And Beautiful,236053,lana del rey - young and beautiful,93567,Lana Del Rey,Young And Beautiful,2nMeu6UenVvwUktBCpLMK9,81,2013,pop,0.324,0.416,11,-8.92,0,0.0368,0.262,3.69e-05,0.11,0.151,113.986,236053,4
2024-09-05 20:02,Taylor Swift,Love Story,235266,taylor swift - love story,1238481,Taylor Swift,Love Story,1vrd6UOGamcKNGnSHJQlSt,67,2008,pop,0.618,0.741,2,-3.95,1,0.031,0.17,0.0,0.0822,0.296,118.984,235267,4
2024-09-05 20:06,Taylor Swift,The Way I Loved You (Taylor’s Version),243136,taylor swift - the way i loved you (taylor’s version),515593,Taylor Swift,The Way I Loved You (Taylor’s Version),22bPsP2jCgbLUvh82U0Z3M,78,2021,pop,0.402,0.732,5,-4.665,1,0.0484,0.0033,0.0,0.108,0.472,161.032,243137,4
2024-09-05 20:14,Taylor Swift,Blank Space,231826,taylor swift - blank space,146765,Taylor Swift,Blank Space,1p80LdxRV74UKvL8gnD7ky,76,2014,pop,0.753,0.678,5,-5.421,1,0.0644,0.085,1.64e-06,0.13,0.583,96.006,231827,4
2024-09-05 20:17,Taylor Swift,London Boy,190240,taylor swift - london boy,406414,Taylor Swift,London Boy,1LLXZFeAHK9R4xUramtUKw,73,2019,pop,0.695,0.71,1,-6.639,1,0.05,0.0246,0.000104,0.133,0.557,157.925,190240,4
2024-09-05 20:21,Lana Del Rey,Radio,214573,lana del rey - radio,40378,Lana Del Rey,Radio,4PMdq7Q7xOFrY424ZelZEb,59,2012,pop,0.423,0.857,2,-5.173,1,0.0687,0.188,2.63e-05,0.105,0.196,75.024,214574,4
2024-09-05 20:23,Lana Del Rey,Sad Girl,1120,lana del rey - sad girl,146791,Lana Del Rey,Sad Girl,11MyiSGZSYSmhhqwGUTtAq,75,2014,pop,0.345,0.587,5,-8.346,1,0.0364,0.539,0.0731,0.119,0.258,119.479,317760,4
2024-09-05 20:26,Ruth B.,Dandelions,233720,ruth b. - dandelions,293465,Ruth B.,Dandelions,2eAvDnpXP5W0cVtiI0PUxV,87,2017,pop,0.609,0.692,1,-2.958,1,0.0259,0.0157,0.0,0.0864,0.454,116.959,233720,3
2024-09-05 20:37,Lana Del Rey,Diet Mountain Dew,222920,lana del rey - diet mountain dew,40357,Lana Del Rey,Diet Mountain Dew,6BFnRhvKCclDQOajt8dBGi,67,2012,pop,0.442,0.68,10,-5.971,0,0.0858,0.284,0.0,0.421,0.601,176.09,222920,4
2024-09-05 20:40,Taylor Swift,Cruel Summer,178426,taylor swift - cruel summer,406369,Taylor Swift,Cruel Summer,1BxfuPKGuaTgP7aM0Bbdwr,83,2019,pop,0.552,0.702,9,-5.707,1,0.157,0.117,2.06e-05,0.105,0.564,169.994,178427,4
2024-09-05 20:47,Taylor Swift,Don’t Blame Me,236413,taylor swift - don’t blame me,293464,Taylor Swift,Don’t Blame Me,1R0a2iXumgCiFb7HEZ7gUE,85,2017,pop,0.615,0.534,9,-6.719,0,0.0386,0.106,1.76e-05,0.0607,0.193,135.917,236413,4
2024-09-05 20:52,Laufey,Valentine,168906,laufey - valentine,577935,Laufey,Valentine,6cx5CvFhqN19efStehJqoW,72,2022,singer-songwriter,0.472,0.204,3,-13.065,1,0.0452,0.917,0.0,0.107,0.224,82.51,168907,4
2024-09-05 20:52,Sasha Alex Sloan,Dancing With Your Ghost,3323,sasha alex sloan - dancing with your ghost,384327,Sasha Alex Sloan,Dancing With Your Ghost,1TQXIltqoZ5XXyfCbAeSQQ,78,2019,electro,0.629,0.328,11,-8.284,1,0.029,0.768,2.5e-05,0.103,0.389,74.953,197732,4
2024-09-05 20:57,Adele,Skyfall,286480,adele - skyfall,40359,Adele,Skyfall,6VObnIkLVruX4UVyxWhlqm,76,2012,pop,0.346,0.552,0,-6.864,0,0.0282,0.417,0.0,0.114,0.0789,75.881,286480,4
2024-09-05 21:01,Tinashe,2 On (feat. ScHoolboy Q),227000,tinashe - 2 on (feat. schoolboy q),119693,Tinashe,2 On (feat. ScHoolboy Q),3jVtllWS5CFFWLQng8sKsr,71,2014,dance,0.742,0.595,9,-7.51,1,0.107,0.15,0.0,0.111,0.431,101.013,227000,4
2024-09-05 21:07,Lana Del Rey,Dark Paradise,243187,lana del rey - dark paradise,40368,Lana Del Rey,Dark Paradise,2Y115i0IhELJhyyftvoSFt,62,2012,pop,0.6,0.653,1,-8.309,0,0.0594,0.0953,0.0,0.122,0.43,119.994,243187,4
2024-09-05 21:11,Taylor Swift,Karma,204852,taylor swift - karma,569212,Taylor Swift,Karma,7KokYm8cMIXCsGVmUvKtqf,80,2022,pop,0.642,0.62,8,-7.091,1,0.0666,0.0734,0.0,0.483,0.0969,90.02,204852,4
2024-09-06 18:53,Taylor Swift,Gorgeous,209680,taylor swift - gorgeous,293486,Taylor Swift,Gorgeous,1ZY1PqizIl78geGM4xWlEA,77,2017,pop,0.8,0.535,7,-6.684,1,0.135,0.0713,9.48e-06,0.213,0.451,92.027,209680,4
2024-09-06 18:54,Selena Gomez,Fetish (feat. Gucci Mane),27460,selena gomez - fetish (feat. gucci mane),264809,Selena Gomez,Fetish (feat. Gucci Mane),4lnAN2S1fcI0SjxEbksZVr,71,2017,dance,0.708,0.618,2,-4.424,1,0.0592,0.0204,6.81e-06,0.062,0.265,123.013,186113,4
2024-09-06 18:58,Taylor Swift,cardigan,239560,taylor swift - cardigan,461996,Taylor Swift,cardigan,4R2kfaDFhslZEMJqAFNpdd,84,2020,pop,0.613,0.581,0,-8.588,0,0.0424,0.537,0.000345,0.25,0.551,130.033,239560,4
2024-09-06 19:01,Taylor Swift,All Of The Girls You Loved Before,221407,taylor swift - all of the girls you loved before,406371,Taylor Swift,All Of The Girls You Loved Before,4P9Q0GojKVXpRTJCaL3kyy,82,2019,pop,0.718,0.467,2,-9.66,1,0.0398,0.707,6.92e-05,0.126,0.396,95.96,221407,3
2024-09-06 19:16,Taylor Swift,illicit affairs,190898,taylor swift - illicit affairs,462035,Taylor Swift,illicit affairs,2NmsngXHeC1GQ9wWrzhOMf,71,2020,pop,0.559,0.31,10,-10.445,1,0.0338,0.881,0.0,0.106,0.46,119.845,190898,4
2024-09-06 19:19,Taylor Swift,Midnight Rain,174782,taylor swift - midnight rain,569203,Taylor Swift,Midnight Rain,3rWDp9tBPQR9z6U5YyRSK4,83,2022,pop,0.643,0.363,0,-11.738,1,0.0767,0.69,5.17e-05,0.115,0.23,139.865,174783,4
2024-09-06 19:23,Taylor Swift,All Too Well (Taylor's Version),8431,taylor swift - all too well (taylor's version),515629,Taylor Swift,All Too Well (Taylor's Version),3nsfB1vus2qaloUdcBZvDu,71,2021,pop,0.44,0.528,0,-7.809,1,0.0317,0.0171,0.00203,0.234,0.132,185.972,329160,4
2024-09-06 19:29,Taylor Swift,Anti-Hero,118805,taylor swift - anti-hero,569187,Taylor Swift,Anti-Hero,0V3wPSX9ygBnCm8psDIegu,92,2022,pop,0.637,0.643,4,-6.571,1,0.0519,0.13,1.8e-06,0.142,0.533,97.008,200690,4
2024-09-06 19:32,Taylor Swift,Lover,221306,taylor swift - lover,406372,Taylor Swift,Lover,1dGr1c8CrMLDpV6mPbImSI,83,2019,pop,0.359,0.543,7,-7.582,1,0.0919,0.492,1.58e-05,0.118,0.453,68.534,221307,4
2024-09-06 19:51,Lana Del Rey,Chemtrails Over The Country Club,235676,lana del rey - chemtrails over the country club,515662,Lana Del Rey,Chemtrails Over The Country Club,7bPWdJgx8vek7S5i5yAtvG,70,2021,pop,0.334,0.276,4,-13.125,0,0.0643,0.877,0.000249,0.113,0.429,201.025,271177,3
2024-09-06 19:51,Lana Del Rey,Million Dollar Man,9000,lana del rey - million dollar man,40394,Lana Del Rey,Million Dollar Man,4lXHVnmDO5u62tGJIpTafd,53,2012,pop,0.382,0.589,6,-5.991,1,0.0359,0.484,0.0,0.131,0.511,65.627,231574,4
2024-09-06 19:53,beabadoobee,Glue Song,135066,beabadoobee - glue song,606469,beabadoobee,Glue Song,3iBgrkexCzVuPy4O9vx7Mf,82,2023,indie-pop,0.62,0.409,1,-10.146,1,0.0282,0.77,0.0542,0.105,0.582,113.946,135067,3
2024-09-06 19:58,Lana Del Rey,Dark Paradise,243187,lana del rey - dark paradise,40368,Lana Del Rey,Dark Paradise,2Y115i0IhELJhyyftvoSFt,62,2012,pop,0.6,0.653,1,-8.309,0,0.0594,0.0953,0.0,0.122,0.43,119.994,243187,4
2024-09-06 20:00,beabadoobee,the perfect pair,177533,beabadoobee - the perfect pair,561972,beabadoobee,the perfect pair,41P6Tnd8KIHqON0QIydx6a,78,2022,indie-pop,0.634,0.663,11,-6.818,1,0.0331,0.433,0.124,0.102,0.6,146.053,177533,4
2024-09-06 20:03,Melanie Martinez,Play Date,179867,melanie martinez - play date,175403,Melanie Martinez,Play Date,4DpNNXFMMxQEKl7r0ykkWA,76,2015,electro,0.68,0.729,5,-5.077,1,0.0475,0.612,0.0,0.224,0.446,123.97,179867,4
2024-09-06 20:06,Laufey,Falling Behind,173640,laufey - falling behind,577944,Laufey,Falling Behind,4KGGeE7RJsgLNZmnxGFlOj,63,2022,singer-songwriter,0.449,0.353,7,-12.986,1,0.0915,0.942,0.0786,0.109,0.55,165.888,173640,4
2024-09-06 20:10,Melanie Martinez,Teacher's Pet,241893,melanie martinez - teacher's pet,384326,Melanie Martinez,Teacher's Pet,5o5akY9xnEk6lpMkD8RwD9,74,2019,electro,0.686,0.794,7,-6.136,0,0.0385,0.27,2.25e-05,0.125,0.532,140.952,241893,3
2024-09-06 21:30,Taylor Swift,my tears ricochet,191232,taylor swift - my tears ricochet,462020,Taylor Swift,my tears ricochet,1MgV7FIyNxIG7WzMRJV5HC,74,2020,pop,0.456,0.263,0,-10.63,1,0.0332,0.806,0.0,0.0749,0.111,129.86,255894,4
2024-09-06 21:32,Taylor Swift,my tears ricochet,64663,taylor swift - my tears ricochet,462020,Taylor Swift,my tears ricochet,1MgV7FIyNxIG7WzMRJV5HC,74,2020,pop,0.456,0.263,0,-10.63,1,0.0332,0.806,0.0,0.0749,0.111,129.86,255894,4
2024-09-06 21:35,Taylor Swift,Don’t Blame Me,236413,taylor swift - don’t blame me,293464,Taylor Swift,Don’t Blame Me,1R0a2iXumgCiFb7HEZ7gUE,85,2017,pop,0.615,0.534,9,-6.719,0,0.0386,0.106,1.76e-05,0.0607,0.193,135.917,236413,4
2024-09-06 21:41,7!!,オレンジ,350106,7!! - オレンジ,297466,7!!,オレンジ,1iOQmZULzzkDN1hQZNoDii,49,2017,rock,0.4,0.563,7,-4.023,1,0.0319,0.194,0.0,0.162,0.311,172.027,350107,4
2024-09-06 21:53,Taylor Swift,Blank Space,41347,taylor swift - blank space,146765,Taylor Swift,Blank Space,1p80LdxRV74UKvL8gnD7ky,76,2014,pop,0.753,0.678,5,-5.421,1,0.0644,0.085,1.64e-06,0.13,0.583,96.006,231827,4
2024-09-06 21:53,Lana Del Rey,Brooklyn Baby,351640,lana del rey - brooklyn baby,146776,Lana Del Rey,Brooklyn Baby,1NZs6n6hl8UuMaX0UC0YTz,80,2014,pop,0.404,0.664,1,-6.698,1,0.0407,0.542,0.00402,0.11,0.0949,107.747,351640,4
2024-09-06 22:00,Olivia Rodrigo,"jealousy, jealousy",461,"olivia rodrigo - jealousy, jealousy",515579,Olivia Rodrigo,"jealousy, jealousy",0MMyJUC3WNnFS1lit5pTjk,80,2021,pop,0.695,0.575,10,-6.334,0,0.116,0.198,0.0,0.0614,0.699,163.929,173160,4
2024-09-06 22:00,SZA,Snooze,4590,sza - snooze,569186,SZA,Snooze,4iZ4pt7kvcaH6Yo8UoZ4s2,90,2022,pop,0.559,0.551,5,-7.231,1,0.132,0.141,0.0,0.11,0.392,143.008,201800,4
2024-09-06 22:05,Taylor Swift,Karma,47827,taylor swift - karma,569212,Taylor Swift,Karma,7KokYm8cMIXCsGVmUvKtqf,80,2022,pop,0.642,0.62,8,-7.091,1,0.0666,0.0734,0.0,0.483,0.0969,90.02,204852,4
2024-09-06 22:09,Taylor Swift,Wildest Dreams,220440,taylor swift - wildest dreams,146777,Taylor Swift,Wildest Dreams,59HjlYCeBsxdI0fcm3zglw,71,2014,pop,0.554,0.666,8,-7.414,1,0.0747,0.0702,0.00593,0.106,0.472,140.056,220440,4
2024-09-06 22:20,Lana Del Rey,Diet Mountain Dew,222920,lana del rey - diet mountain dew,40357,Lana Del Rey,Diet Mountain Dew,6BFnRhvKCclDQOajt8dBGi,67,2012,pop,0.442,0.68,10,-5.971,0,0.0858,0.284,0.0,0.421,0.601,176.09,222920,4
2024-09-06 22:23,Laufey,Valentine,168906,laufey - valentine,577935,Laufey,Valentine,6cx5CvFhqN19efStehJqoW,72,2022,singer-songwriter,0.472,0.204,3,-13.065,1,0.0452,0.917,0.0,0.107,0.224,82.51,168907,4
2024-09-06 22:34,Lana Del Rey,Ultraviolence,151964,lana del rey - ultraviolence,146806,Lana Del Rey,Ultraviolence,1y3r6RXiJZNBV1EI0NggpS,73,2014,pop,0.144,0.541,0,-7.076,1,0.038,0.278,1.01e-05,0.101,0.0899,79.262,251480,3
2024-09-06 22:37,Djo,End of Beginning,159245,djo - end of beginning,569335,Djo,End of Beginning,3qhlB30KknSejmIvZZLjOD,66,2022,pop,0.689,0.454,2,-7.643,1,0.0584,0.0351,0.00259,0.0707,0.912,159.982,159246,4
2024-09-06 22:41,Sixpence None The Richer,Kiss Me,236174,sixpence none the richer - kiss me,901251,Sixpence None The Richer,Kiss Me,2aZ5oYPdDbLNRIUghXM9EV,39,2003,pop,0.475,0.898,3,-4.776,1,0.0442,0.00379,0.00108,0.082,0.351,100.127,199093,4
2024-09-06 22:45,The Neighbourhood,Nervous,245000,the neighbourhood - nervous,311055,The Neighbourhood,Nervous,113xf7t4qNM7038YJvauik,67,2018,alt-rock,0.589,0.614,0,-7.528,0,0.0426,0.0213,0.165,0.31,0.318,119.837,245000,4
2024-09-06 23:01,Chase Atlantic,Numb to the Feeling,227586,chase atlantic - numb to the feeling,350308,Chase Atlantic,Numb to the Feeling,102cCjW3CnC3sws3qOhie8,63,2018,pop,0.695,0.737,5,-5.75,0,0.122,0.232,0.0,0.136,0.248,129.999,227587,4
2024-09-06 23:05,Chase Atlantic,Church,220000,chase atlantic - church,293564,Chase Atlantic,Church,7bbYT48HWWIbL3YKmtMNzn,68,2017,pop,0.556,0.824,5,-4.539,0,0.0548,0.0109,0.0,0.112,0.292,112.99,220000,4
2024-09-06 23:33,The Neighbourhood,Compass,2970,the neighbourhood - compass,311053,The Neighbourhood,Compass,0YNtAadZvKBBEFARtfoCV8,69,2018,alt-rock,0.7,0.82,5,-5.499,0,0.0329,0.238,0.318,0.658,0.667,109.998,167960,4
2024-09-06 23:33,Cigarettes After Sex,Falling In Love,2410,cigarettes after sex - falling in love,368577,Cigarettes After Sex,Falling In Love,4m1jesCFX1gQtIRFirfwCW,65,2019,ambient,0.482,0.267,7,-11.638,1,0.0262,0.722,0.02,0.125,0.347,140.617,245840,4
2024-09-06 23:33,Cigarettes After Sex,Pure,191233,cigarettes after sex - pure,368590,Cigarettes After Sex,Pure,5EYkide3NzE6gDIHvd4Pvz,53,2019,ambient,0.521,0.211,6,-13.489,0,0.0324,0.544,0.836,0.101,0.0412,134.285,254627,3
2024-09-06 23:36,Arctic Monkeys,Stop The World I Wanna Get Off With You,191040,arctic monkeys - stop the world i wanna get off with you,77598,Arctic Monkeys,Stop The World I Wanna Get Off With You,2QUlMbvD9bL8wHqfsoqoet,69,2013,garage,0.661,0.73,6,-6.779,0,0.0574,0.0537,3.44e-05,0.14,0.53,95.027,191040,4
2024-09-06 23:59,Chase Atlantic,HEAVEN AND BACK,258330,chase atlantic - heaven and back,406526,Chase Atlantic,HEAVEN AND BACK,5dewQ7ojISR32NAYNHFYWC,66,2019,pop,0.309,0.793,10,-6.195,0,0.0774,0.0902,0.092,0.0888,0.532,193.714,248240,4
2024-09-07 06:11,Lana Del Rey,Young And Beautiful,4038,lana del rey - young and beautiful,93567,Lana Del Rey,Young And Beautiful,2nMeu6UenVvwUktBCpLMK9,81,2013,pop,0.324,0.416,11,-8.92,0,0.0368,0.262,3.69e-05,0.11,0.151,113.986,236053,4
2024-09-08 04:04,Hello Ga-Young,"Did you wake up? (one and only romance X Hello Ga-Young, WONPIL(DAY6))",199146,"hello ga-young - did you wake up? (one and only romance x hello ga-young, wonpil(day6))",470449,Hello Ga-Young,"Did you wake up? (one and only romance X Hello Ga-Young, WONPIL(DAY6))",3pw62nzuActNxaMDhxoQVS,41,2020,singer-songwriter,0.748,0.685,9,-4.893,1,0.0283,0.49,0.0,0.121,0.54,97.013,199147,4
2024-09-08 23:16,Taylor Swift,Enchanted,3562,taylor swift - enchanted,1380362,Taylor Swift,Enchanted,10eBRyImhfqVvkiVEGf0N0,73,2010,pop,0.455,0.623,8,-3.878,1,0.0288,0.0739,0.000424,0.146,0.208,163.893,352187,4
2024-09-08 23:21,Arctic Monkeys,505,253586,arctic monkeys - 505,1145378,Arctic Monkeys,505,58ge6dfP91o9oXMzq3XkIS,80,2007,garage,0.52,0.852,0,-5.866,1,0.0543,0.00237,5.79e-05,0.0733,0.234,140.267,253587,4
2024-09-08 23:24,The Neighbourhood,Scary Love,222666,the neighbourhood - scary love,311068,The Neighbourhood,Scary Love,6TA5aymvVrtiPVbuAwmPIc,65,2018,alt-rock,0.595,0.636,5,-5.981,0,0.0312,9.45e-05,0.0529,0.196,0.147,112.008,222667,4
2024-09-08 23:37,The Neighbourhood,Flawless,246493,the neighbourhood - flawless,56405,The Neighbourhood,Flawless,2Kt1XplPBQBsDKQDa6TssB,68,2013,alt-rock,0.568,0.871,0,-3.453,1,0.0308,0.0553,0.51,0.303,0.374,119.99,246493,4
2024-09-10 19:35,The Neighbourhood,Sweater Weather,240400,the neighbourhood - sweater weather,1800,The Neighbourhood,Sweater Weather,4pGqFOfzvfe6avb9kbZicC,60,2012,alt-rock,0.695,0.615,7,-5.325,0,0.042,0.15,0.000212,0.0879,0.414,124.015,240040,4
2024-09-10 19:43,The Neighbourhood,Reflections,244013,the neighbourhood - reflections,311045,The Neighbourhood,Reflections,2xql0pid3EUwW38AsywxhV,77,2018,alt-rock,0.648,0.594,11,-7.027,0,0.0293,0.114,0.0462,0.116,0.544,113.983,244013,4
2024-09-10 19:48,The Neighbourhood,Prey,282640,the neighbourhood - prey,162945,The Neighbourhood,Prey,38kjFXYgPvtuXCPbHPMGte,63,2015,alt-rock,0.517,0.779,9,-5.005,0,0.0477,0.0258,0.0,0.0622,0.197,115.206,282640,4
2024-09-10 19:52,Chase Atlantic,Swim,228786,chase atlantic - swim,293479,Chase Atlantic,Swim,3M0lSi5WW79CXQamgSBIjx,80,2017,pop,0.666,0.542,8,-6.429,1,0.0392,0.27,0.0,0.0765,0.0771,120.134,228787,4
2024-09-10 19:56,Cigarettes After Sex,Sunsetz,215150,cigarettes after sex - sunsetz,255747,Cigarettes After Sex,Sunsetz,69UqtTHfUKAJweQwEStRzC,77,2017,ambient,0.412,0.477,9,-9.381,0,0.029,0.0542,0.798,0.0975,0.141,75.302,214680,4
2024-09-10 20:15,Chase Atlantic,OHMAMI,226835,chase atlantic - ohmami,515742,Chase Atlantic,OHMAMI,2zVaxB54fNngkbWs5uZnla,66,2021,pop,0.625,0.717,10,-5.796,0,0.121,0.0476,8.73e-05,0.277,0.398,126.004,226835,4
2024-09-10 20:19,The Neighbourhood,Afraid,251186,the neighbourhood - afraid,56398,The Neighbourhood,Afraid,7brQHA2CgQpcMBiOlfiXYb,74,2013,alt-rock,0.464,0.701,6,-5.693,0,0.0411,0.00892,0.309,0.335,0.356,83.996,251187,4
2024-09-10 20:23,Chase Atlantic,Right Here,235000,chase atlantic - right here,293542,Chase Atlantic,Right Here,2KtS31kaWNHs12Q5B43Ixh,70,2017,pop,0.351,0.587,6,-6.413,1,0.0413,0.00516,1.87e-05,0.121,0.221,159.881,235000,4
2024-09-10 20:27,The Neighbourhood,Daddy Issues,260173,the neighbourhood - daddy issues,162916,The Neighbourhood,Daddy Issues,5E30LdtzQTGqRvNd7l6kG5,84,2015,alt-rock,0.588,0.521,10,-9.461,1,0.0329,0.0678,0.149,0.123,0.337,85.012,260173,4
2024-09-10 20:30,Cigarettes After Sex,Cry,12200,cigarettes after sex - cry,368575,Cigarettes After Sex,Cry,0Qr61NXlyAeQaADO5xn3rI,76,2019,ambient,0.409,0.399,7,-10.456,1,0.0275,0.763,0.654,0.112,0.161,142.823,256800,4
2024-09-10 20:33,The Neighbourhood,Compass,167960,the neighbourhood - compass,311053,The Neighbourhood,Compass,0YNtAadZvKBBEFARtfoCV8,69,2018,alt-rock,0.7,0.82,5,-5.499,0,0.0329,0.238,0.318,0.658,0.667,109.998,167960,4
2024-09-10 20:40,Chase Atlantic,Tidal Wave,243670,chase atlantic - tidal wave,350373,Chase Atlantic,Tidal Wave,2b2lL6iY3x1CSOv7QQbp8R,60,2018,pop,0.599,0.609,4,-5.14,1,0.052,0.565,2.11e-05,0.137,0.383,123.967,243707,4
2024-09-10 20:46,Arctic Monkeys,Why'd You Only Call Me When You're High?,161123,arctic monkeys - why'd you only call me when you're high?,77592,Arctic Monkeys,Why'd You Only Call Me When You're High?,086myS9r57YsLbJpU0TgK9,85,2013,garage,0.691,0.631,2,-6.478,1,0.0368,0.0483,1.13e-05,0.104,0.8,92.004,161124,4
2024-09-10 20:49,Arctic Monkeys,Stop The World I Wanna Get Off With You,191040,arctic monkeys - stop the world i wanna get off with you,77598,Arctic Monkeys,Stop The World I Wanna Get Off With You,2QUlMbvD9bL8wHqfsoqoet,69,2013,garage,0.661,0.73,6,-6.779,0,0.0574,0.0537,3.44e-05,0.14,0.53,95.027,191040,4
2024-09-10 20:53,The Neighbourhood,Void,203666,the neighbourhood - void,311061,The Neighbourhood,Void,2wXioTynVwrEWYRv6R6vEj,66,2018,alt-rock,0.534,0.582,5,-7.912,1,0.0401,0.047,0.0328,0.0883,0.346,84.183,203667,4
2024-09-10 20:57,Chase Atlantic,Drugs & Money - New Mix,239921,chase atlantic - drugs & money - new mix,293587,Chase Atlantic,Drugs & Money - New Mix,4SRyrhBJ5mq8fEa3bsdZn6,65,2017,pop,0.629,0.735,11,-4.826,1,0.0599,0.2,0.0,0.243,0.477,123.996,239922,4
2024-09-10 21:04,Chase Atlantic,HER,169720,chase atlantic - her,406529,Chase Atlantic,HER,5i7g9wTIruXgWKvA83BXlk,64,2019,pop,0.706,0.586,5,-5.404,0,0.066,0.106,5.43e-06,0.169,0.689,139.984,169714,4
2024-09-10 21:09,Cigarettes After Sex,Kiss It Off Me,269933,cigarettes after sex - kiss it off me,368580,Cigarettes After Sex,Kiss It Off Me,1Mhf6QIO0UuVr2ZvQPgymt,62,2019,ambient,0.521,0.298,4,-12.471,1,0.0258,0.753,0.496,0.111,0.235,80.259,269933,4
2024-09-10 21:12,Chase Atlantic,Okay,212306,chase atlantic - okay,293566,Chase Atlantic,Okay,492PZFHvGTm3RZZYeeUVWT,67,2017,pop,0.614,0.815,0,-6.784,1,0.131,0.112,0.0,0.121,0.431,130.049,212307,4
2024-09-10 21:16,Chase Atlantic,HEAVEN AND BACK,248240,chase atlantic - heaven and back,406526,Chase Atlantic,HEAVEN AND BACK,5dewQ7ojISR32NAYNHFYWC,66,2019,pop,0.309,0.793,10,-6.195,0,0.0774,0.0902,0.092,0.0888,0.532,193.714,248240,4
2024-09-10 21:21,The Neighbourhood,Baby Came Home,226880,the neighbourhood - baby came home,1880,The Neighbourhood,Baby Came Home,3ypXE4brttsQR3OLLZbLZB,50,2012,alt-rock,0.639,0.571,0,-5.766,1,0.0284,0.0127,0.00283,0.0963,0.273,113.037,226893,4
2024-09-10 22:26,Cigarettes After Sex,K.,320030,cigarettes after sex - k.,215605,Cigarettes After Sex,K.,36Zs84njjWZD3TGYE77WPC,47,2016,ambient,0.454,0.404,3,-10.26,1,0.027,0.146,0.819,0.141,0.313,94.113,319560,4
2024-09-10 22:27,Cigarettes After Sex,Starry Eyes,71922,cigarettes after sex - starry eyes,2728,Cigarettes After Sex,Starry Eyes,2xfRDWDKOisEXgRnYI58Tb,59,2012,ambient,0.425,0.363,2,-15.32,1,0.0322,0.448,0.321,0.0685,0.12,100.426,206000,4
2024-09-10 22:49,Cigarettes After Sex,Falling In Love,11016,cigarettes after sex - falling in love,368577,Cigarettes After Sex,Falling In Love,4m1jesCFX1gQtIRFirfwCW,65,2019,ambient,0.482,0.267,7,-11.638,1,0.0262,0.722,0.02,0.125,0.347,140.617,245840,4
2024-09-10 23:01,Melanie Martinez,Teacher's Pet,3479,melanie martinez - teacher's pet,384326,Melanie Martinez,Teacher's Pet,5o5akY9xnEk6lpMkD8RwD9,74,2019,electro,0.686,0.794,7,-6.136,0,0.0385,0.27,2.25e-05,0.125,0.532,140.952,241893,3
2024-09-10 23:01,Sabrina Carpenter,Feather,185552,sabrina carpenter - feather,591140,Sabrina Carpenter,Feather,2Zo1PcszsT9WQ0ANntJbID,67,2023,dance,0.787,0.686,6,-4.37,0,0.0339,0.0893,0.0,0.0927,0.836,123.51,185553,4
2024-09-10 23:02,Taylor Swift,I Knew You Were Trouble (Taylor's Version),6090,taylor swift - i knew you were trouble (taylor's version),515618,Taylor Swift,I Knew You Were Trouble (Taylor's Version),6AtZLIzUINvExIUy4QhdjP,72,2021,pop,0.584,0.557,6,-6.371,1,0.0342,0.0129,0.0,0.0576,0.767,154.008,219760,4
2024-09-10 23:02,Taylor Swift,The Man,1110,taylor swift - the man,406380,Taylor Swift,The Man,3RauEVgRgj1IuWdJ9fDs70,78,2019,pop,0.777,0.658,0,-5.191,1,0.054,0.0767,0.0,0.0901,0.633,110.048,190360,4
2024-09-10 23:02,Sabrina Carpenter,Looking at Me,29450,sabrina carpenter - looking at me,377696,Sabrina Carpenter,Looking at Me,59tskctgqUmjCWAwhzYAFm,71,2019,dance,0.681,0.798,2,-4.367,1,0.0375,0.00398,5.11e-06,0.0542,0.516,105.99,181120,4
2024-09-10 23:06,Taylor Swift,Speak Now,240760,taylor swift - speak now,1380435,Taylor Swift,Speak Now,24DefNCFiWTP8OjYWiXuYe,62,2010,pop,0.709,0.599,7,-3.734,1,0.0304,0.095,0.0,0.0973,0.735,118.975,240760,4
2024-09-10 23:15,Ruth B.,Lost Boy,275280,ruth b. - lost boy,197564,Ruth B.,Lost Boy,4h0zU3O9R5xzuTmNO7dNDU,70,2015,pop,0.71,0.0565,7,-15.099,1,0.0534,0.965,0.0,0.0889,0.348,123.994,275280,4
2024-09-10 23:19,Taylor Swift,Safe & Sound - from The Hunger Games Soundtrack,240066,taylor swift - safe & sound - from the hunger games soundtrack,40377,Taylor Swift,Safe & Sound - from The Hunger Games Soundtrack,0z9UVN8VBHJ9HdfYsOuuNf,64,2012,pop,0.471,0.3,7,-10.807,1,0.028,0.883,1.05e-05,0.0698,0.289,144.319,240067,4
2024-09-10 23:27,Taylor Swift,Daylight,293453,taylor swift - daylight,406418,Taylor Swift,Daylight,1fzAuUVbzlhZ1lJAx9PtY6,73,2019,pop,0.557,0.496,0,-9.602,1,0.0563,0.808,0.000173,0.0772,0.265,149.983,293453,4
2024-09-10 23:32,Lana Del Rey,Art Deco,295066,lana del rey - art deco,197562,Lana Del Rey,Art Deco,5jqNQZBwbZWQXPWfo0ygZF,72,2015,pop,0.282,0.464,11,-11.112,0,0.0533,0.544,0.215,0.111,0.0596,148.345,295067,5
2024-09-10 23:36,Laufey,Fragile,241080,laufey - fragile,577950,Laufey,Fragile,608wYP5XWenLz8cOSYjX7X,59,2022,singer-songwriter,0.361,0.413,3,-12.43,1,0.065,0.931,0.000179,0.231,0.336,149.301,241080,4
2024-09-10 23:39,Taylor Swift,Gorgeous,209680,taylor swift - gorgeous,293486,Taylor Swift,Gorgeous,1ZY1PqizIl78geGM4xWlEA,77,2017,pop,0.8,0.535,7,-6.684,1,0.135,0.0713,9.48e-06,0.213,0.451,92.027,209680,4
2024-09-10 23:44,Taylor Swift,The Way I Loved You (Taylor’s Version),243136,taylor swift - the way i loved you (taylor’s version),515593,Taylor Swift,The Way I Loved You (Taylor’s Version),22bPsP2jCgbLUvh82U0Z3M,78,2021,pop,0.402,0.732,5,-4.665,1,0.0484,0.0033,0.0,0.108,0.472,161.032,243137,4
2024-09-10 23:51,Olivia Rodrigo,traitor,229226,olivia rodrigo - traitor,515570,Olivia Rodrigo,traitor,5CZ40GBx1sQ9agT82CLQCT,84,2021,pop,0.38,0.339,3,-7.885,1,0.0338,0.691,0.0,0.12,0.0849,100.607,229227,4
2024-09-11 00:08,Gwen Stefani,Luxurious,193622,gwen stefani - luxurious,931096,Gwen Stefani,Luxurious,3UQmoVQJqBYauTZLVPs3uo,62,2004,dance,0.811,0.726,0,-3.995,1,0.0813,0.154,0.0,0.116,0.666,131.027,264920,4
2024-09-11 00:12,Gwen Stefani,Luxurious,71312,gwen stefani - luxurious,931096,Gwen Stefani,Luxurious,3UQmoVQJqBYauTZLVPs3uo,62,2004,dance,0.811,0.726,0,-3.995,1,0.0813,0.154,0.0,0.116,0.666,131.027,264920,4
2024-09-11 00:17,Lana Del Rey,Sad Girl,317760,lana del rey - sad girl,146791,Lana Del Rey,Sad Girl,11MyiSGZSYSmhhqwGUTtAq,75,2014,pop,0.345,0.587,5,-8.346,1,0.0364,0.539,0.0731,0.119,0.258,119.479,317760,4
2024-09-11 02:21,Ellie Goulding,My Blood,27148,ellie goulding - my blood,12165,Ellie Goulding,My Blood,6knYNyQupBIbBxV8TMOMYM,58,2012,dance,0.476,0.592,9,-5.283,0,0.029,0.556,0.0,0.281,0.306,87.003,234185,4
2024-09-12 15:36,Ellie Goulding,My Blood,207292,ellie goulding - my blood,12165,Ellie Goulding,My Blood,6knYNyQupBIbBxV8TMOMYM,58,2012,dance,0.476,0.592,9,-5.283,0,0.029,0.556,0.0,0.281,0.306,87.003,234185,4
2024-09-12 15:54,Taylor Swift,Don’t Blame Me,236413,taylor swift - don’t blame me,293464,Taylor Swift,Don’t Blame Me,1R0a2iXumgCiFb7HEZ7gUE,85,2017,pop,0.615,0.534,9,-6.719,0,0.0386,0.106,1.76e-05,0.0607,0.193,135.917,236413,4
2024-09-12 16:00,Taylor Swift,Fearless (Taylor’s Version),241591,taylor swift - fearless (taylor’s version),515625,Taylor Swift,Fearless (Taylor’s Version),77sMIMlNaSURUAXq5coCxE,71,2021,pop,0.569,0.741,5,-4.963,1,0.0282,0.0122,0.0,0.333,0.43,100.118,241592,4
2024-09-12 16:14,Taylor Swift,Blank Space,231826,taylor swift - blank space,146765,Taylor Swift,Blank Space,1p80LdxRV74UKvL8gnD7ky,76,2014,pop,0.753,0.678,5,-5.421,1,0.0644,0.085,1.64e-06,0.13,0.583,96.006,231827,4
2024-09-12 16:44,Lana Del Rey,Chemtrails Over The Country Club,271176,lana del rey - chemtrails over the country club,515662,Lana Del Rey,Chemtrails Over The Country Club,7bPWdJgx8vek7S5i5yAtvG,70,2021,pop,0.334,0.276,4,-13.125,0,0.0643,0.877,0.000249,0.113,0.429,201.025,271177,3
2024-09-12 16:45,Charlie Puth,One Call Away,39989,charlie puth - one call away,224474,Charlie Puth,One Call Away,7soJgKhQTO8hLP2JPRkL5O,64,2016,dance,0.667,0.613,1,-5.353,1,0.0344,0.403,0.0,0.115,0.47,91.024,194453,4
2024-09-12 16:49,Lana Del Rey,West Coast,256760,lana del rey - west coast,146772,Lana Del Rey,West Coast,5Y6nVaayzitvsD5F7nr3DV,81,2014,pop,0.527,0.591,6,-7.664,0,0.0396,0.194,0.0194,0.0907,0.461,123.167,256760,4
2024-09-12 16:50,Charlie Puth,We Don't Talk Anymore (feat. Selena Gomez),27960,charlie puth - we don't talk anymore (feat. selena gomez),224459,Charlie Puth,We Don't Talk Anymore (feat. Selena Gomez),37FXw5QGFN7uwwsLy8uAc0,68,2016,dance,0.728,0.563,1,-8.053,0,0.134,0.621,0.0,0.179,0.352,100.017,217707,4
2024-09-12 16:54,Lana Del Rey,Diet Mountain Dew,222920,lana del rey - diet mountain dew,40357,Lana Del Rey,Diet Mountain Dew,6BFnRhvKCclDQOajt8dBGi,67,2012,pop,0.442,0.68,10,-5.971,0,0.0858,0.284,0.0,0.421,0.601,176.09,222920,4
2024-09-12 16:59,Lana Del Rey,Brooklyn Baby,351640,lana del rey - brooklyn baby,146776,Lana Del Rey,Brooklyn Baby,1NZs6n6hl8UuMaX0UC0YTz,80,2014,pop,0.404,0.664,1,-6.698,1,0.0407,0.542,0.00402,0.11,0.0949,107.747,351640,4
2024-09-12 17:20,d4vd,Here With Me,77480,d4vd - here with me,569188,d4vd,Here With Me,78Sw5GDo6AlGwTwanjXbGh,92,2022,pop,0.574,0.469,4,-8.209,1,0.0254,0.534,9.21e-05,0.128,0.288,132.023,242485,4
2024-09-12 17:24,Taylor Swift,Wildest Dreams,220440,taylor swift - wildest dreams,146777,Taylor Swift,Wildest Dreams,59HjlYCeBsxdI0fcm3zglw,71,2014,pop,0.554,0.666,8,-7.414,1,0.0747,0.0702,0.00593,0.106,0.472,140.056,220440,4
2024-09-12 17:26,Justin Bieber,Ghost,153190,justin bieber - ghost,515568,Justin Bieber,Ghost,6I3mqTwhRpn34SLVafSH7G,85,2021,pop,0.601,0.741,2,-5.569,1,0.0478,0.185,2.91e-05,0.415,0.441,153.96,153190,4
2024-09-12 17:29,Taylor Swift,All Too Well (Taylor's Version),2620,taylor swift - all too well (taylor's version),515629,Taylor Swift,All Too Well (Taylor's Version),3nsfB1vus2qaloUdcBZvDu,71,2021,pop,0.44,0.528,0,-7.809,1,0.0317,0.0171,0.00203,0.234,0.132,185.972,329160,4
2024-09-12 17:29,Joji,Glimpse of Us,1160,joji - glimpse of us,569204,Joji,Glimpse of Us,6xGruZOHLs39ZbVccQTuPZ,85,2022,pop,0.44,0.317,8,-9.258,1,0.0531,0.891,4.78e-06,0.141,0.268,169.914,233456,3
2024-09-12 17:29,Taylor Swift,London Boy,121699,taylor swift - london boy,406414,Taylor Swift,London Boy,1LLXZFeAHK9R4xUramtUKw,73,2019,pop,0.695,0.71,1,-6.639,1,0.05,0.0246,0.000104,0.133,0.557,157.925,190240,4
2024-09-12 17:32,Laufey,Falling Behind,29280,laufey - falling behind,577944,Laufey,Falling Behind,4KGGeE7RJsgLNZmnxGFlOj,63,2022,singer-songwriter,0.449,0.353,7,-12.986,1,0.0915,0.942,0.0786,0.109,0.55,165.888,173640,4
2024-09-12 17:32,Olivia Rodrigo,"jealousy, jealousy",1000,"olivia rodrigo - jealousy, jealousy",515579,Olivia Rodrigo,"jealousy, jealousy",0MMyJUC3WNnFS1lit5pTjk,80,2021,pop,0.695,0.575,10,-6.334,0,0.116,0.198,0.0,0.0614,0.699,163.929,173160,4
2024-09-12 17:32,Taylor Swift,Bejeweled,850,taylor swift - bejeweled,569211,Taylor Swift,Bejeweled,3qoftcUZaUOncvIYjFSPdE,80,2022,pop,0.696,0.559,7,-9.19,1,0.0693,0.0618,5.58e-05,0.0887,0.433,163.999,194166,4
2024-09-12 17:32,SZA,Snooze,3730,sza - snooze,569186,SZA,Snooze,4iZ4pt7kvcaH6Yo8UoZ4s2,90,2022,pop,0.559,0.551,5,-7.231,1,0.132,0.141,0.0,0.11,0.392,143.008,201800,4
2024-09-12 17:32,SZA,Kill Bill,1240,sza - kill bill,569184,SZA,Kill Bill,1Qrg8KqiBpW07V7PNxwwwL,94,2022,pop,0.644,0.735,8,-5.747,1,0.0391,0.0521,0.144,0.161,0.418,88.98,153947,4
2024-09-12 17:40,Taylor Swift,my tears ricochet,255893,taylor swift - my tears ricochet,462020,Taylor Swift,my tears ricochet,1MgV7FIyNxIG7WzMRJV5HC,74,2020,pop,0.456,0.263,0,-10.63,1,0.0332,0.806,0.0,0.0749,0.111,129.86,255894,4
2024-09-12 23:11,Taylor Swift,All Of The Girls You Loved Before,100116,taylor swift - all of the girls you loved before,406371,Taylor Swift,All Of The Girls You Loved Before,4P9Q0GojKVXpRTJCaL3kyy,82,2019,pop,0.718,0.467,2,-9.66,1,0.0398,0.707,6.92e-05,0.126,0.396,95.96,221407,3
2024-09-12 23:13,Taylor Swift,All Of The Girls You Loved Before,121230,taylor swift - all of the girls you loved before,406371,Taylor Swift,All Of The Girls You Loved Before,4P9Q0GojKVXpRTJCaL3kyy,82,2019,pop,0.718,0.467,2,-9.66,1,0.0398,0.707,6.92e-05,0.126,0.396,95.96,221407,3
2024-09-13 00:24,Lana Del Rey,Dark Paradise,243187,lana del rey - dark paradise,40368,Lana Del Rey,Dark Paradise,2Y115i0IhELJhyyftvoSFt,62,2012,pop,0.6,0.653,1,-8.309,0,0.0594,0.0953,0.0,0.122,0.43,119.994,243187,4
2024-09-13 00:27,Selena Gomez,Fetish (feat. Gucci Mane),186112,selena gomez - fetish (feat. gucci mane),264809,Selena Gomez,Fetish (feat. Gucci Mane),4lnAN2S1fcI0SjxEbksZVr,71,2017,dance,0.708,0.618,2,-4.424,1,0.0592,0.0204,6.81e-06,0.062,0.265,123.013,186113,4
2024-09-13 00:32,Adele,Skyfall,286480,adele - skyfall,40359,Adele,Skyfall,6VObnIkLVruX4UVyxWhlqm,76,2012,pop,0.346,0.552,0,-6.864,0,0.0282,0.417,0.0,0.114,0.0789,75.881,286480,4
2024-09-13 00:35,Taylor Swift,illicit affairs,190898,taylor swift - illicit affairs,462035,Taylor Swift,illicit affairs,2NmsngXHeC1GQ9wWrzhOMf,71,2020,pop,0.559,0.31,10,-10.445,1,0.0338,0.881,0.0,0.106,0.46,119.845,190898,4
2024-09-13 00:40,Taylor Swift,cardigan,239560,taylor swift - cardigan,461996,Taylor Swift,cardigan,4R2kfaDFhslZEMJqAFNpdd,84,2020,pop,0.613,0.581,0,-8.588,0,0.0424,0.537,0.000345,0.25,0.551,130.033,239560,4
2024-09-13 00:46,Taylor Swift,Cruel Summer,178426,taylor swift - cruel summer,406369,Taylor Swift,Cruel Summer,1BxfuPKGuaTgP7aM0Bbdwr,83,2019,pop,0.552,0.702,9,-5.707,1,0.157,0.117,2.06e-05,0.105,0.564,169.994,178427,4
2024-09-13 00:47,Taylor Swift,We Are Never Ever Getting Back Together,78531,taylor swift - we are never ever getting back together,40360,Taylor Swift,We Are Never Ever Getting Back Together,0VwNdo84DaVYLIkbVO86ND,74,2012,pop,0.628,0.676,7,-5.911,1,0.0916,0.00957,2.65e-05,0.121,0.75,85.984,193147,4
2024-09-13 00:51,Taylor Swift,Lover,221306,taylor swift - lover,406372,Taylor Swift,Lover,1dGr1c8CrMLDpV6mPbImSI,83,2019,pop,0.359,0.543,7,-7.582,1,0.0919,0.492,1.58e-05,0.118,0.453,68.534,221307,4
2024-09-13 01:02,Lana Del Rey,"Once Upon a Dream - From ""Maleficent"" / Pop Version",160443,"lana del rey - once upon a dream - from ""maleficent"" / pop version",146828,Lana Del Rey,"Once Upon a Dream - From ""Maleficent"" / Pop Version",3liiZRlJxa8GeLUgWMoIeu,64,2014,pop,0.289,0.274,5,-16.574,1,0.0353,0.659,0.0166,0.109,0.167,119.997,203080,3
2024-09-13 01:07,Arctic Monkeys,Do I Wanna Know?,272394,arctic monkeys - do i wanna know?,77593,Arctic Monkeys,Do I Wanna Know?,5FVd6KXrgO9B3JPmC8OPst,86,2013,garage,0.548,0.532,5,-7.596,1,0.0323,0.186,0.000263,0.217,0.405,85.03,272394,4
2024-09-13 01:11,The Neighbourhood,Nervous,245000,the neighbourhood - nervous,311055,The Neighbourhood,Nervous,113xf7t4qNM7038YJvauik,67,2018,alt-rock,0.589,0.614,0,-7.528,0,0.0426,0.0213,0.165,0.31,0.318,119.837,245000,4
2024-09-13 01:14,Chase Atlantic,Meddle About,203886,chase atlantic - meddle about,197593,Chase Atlantic,Meddle About,1x5gfSHfhWpMFKKqbuDe9G,68,2015,pop,0.387,0.797,4,-6.41,0,0.052,0.00404,0.0108,0.314,0.369,159.897,203886,4
2024-09-13 01:47,Chase Atlantic,HEAVEN AND BACK,248240,chase atlantic - heaven and back,406526,Chase Atlantic,HEAVEN AND BACK,5dewQ7ojISR32NAYNHFYWC,66,2019,pop,0.309,0.793,10,-6.195,0,0.0774,0.0902,0.092,0.0888,0.532,193.714,248240,4
2024-09-13 01:50,Arctic Monkeys,R U Mine?,201726,arctic monkeys - r u mine?,23776,Arctic Monkeys,R U Mine?,6XnNiyYTxhxuC0zpP22M7C,34,2012,garage,0.52,0.785,6,-4.765,0,0.0329,0.0468,0.0,0.698,0.679,96.996,200188,4
2024-09-13 05:26,Chase Atlantic,Drugs & Money - New Mix,99955,chase atlantic - drugs & money - new mix,293587,Chase Atlantic,Drugs & Money - New Mix,4SRyrhBJ5mq8fEa3bsdZn6,65,2017,pop,0.629,0.735,11,-4.826,1,0.0599,0.2,0.0,0.243,0.477,123.996,239922,4
2024-09-13 23:07,Fabrizio Paterlini,Rue des trois frères,111442,fabrizio paterlini - rue des trois frères,1334241,Fabrizio Paterlini,Rue des trois frères,3lSOZb5rruEnFbe9xWELF6,67,2010,ambient,0.348,0.169,1,-18.45,1,0.0413,0.959,0.889,0.1,0.107,138.877,111443,3
2024-09-13 23:29,Edvard Grieg,"Peer Gynt Suite No. 2, Op. 55: IV. Solveig's Song",203172,"edvard grieg - peer gynt suite no. 2, op. 55: iv. solveig's song",221175,Edvard Grieg,"Peer Gynt Suite No. 2, Op. 55: IV. Solveig's Song",4tRIkMomxHOBcshZ4bMpXG,31,2016,classical,0.42,0.0112,4,-29.974,0,0.059,0.992,0.898,0.0776,0.0918,64.435,277133,3
2024-09-13 23:37,bzur,Into The Unknown,135057,bzur - into the unknown,538575,bzur,Into The Unknown,3JjR4ko22oBs8UiQeyTWoA,36,2022,classical,0.269,0.0387,5,-26.637,0,0.0341,0.974,0.821,0.0993,0.173,89.95,135057,4
2024-09-14 00:02,Jóhann Jóhannsson,A Model of the Universe,172444,jóhann jóhannsson - a model of the universe,110635,Jóhann Jóhannsson,A Model of the Universe,5ay0cvjtVAbMLOe8gTadFh,62,2014,ambient,0.336,0.044,7,-29.255,0,0.0456,0.982,0.96,0.221,0.0666,90.243,172444,4
2024-09-14 00:16,Erik Satie,Gnossienne: No. 3,216906,erik satie - gnossienne: no. 3,116330,Erik Satie,Gnossienne: No. 3,1sLWQK2pwPaid17Y54kQI0,32,2014,classical,0.35,0.0316,9,-27.813,0,0.042,0.995,0.887,0.0985,0.0553,111.123,141600,4
2024-09-14 00:23,Daniel Paterok,Awakening,151102,daniel paterok - awakening,261322,Daniel Paterok,Awakening,0awhirH5uQ78iLkNJqMYyQ,34,2017,classical,0.269,0.14,0,-20.023,1,0.035,0.991,0.871,0.116,0.0747,154.742,151103,4
2024-09-17 19:24,Chase Atlantic,Drugs & Money - New Mix,117631,chase atlantic - drugs & money - new mix,293587,Chase Atlantic,Drugs & Money - New Mix,4SRyrhBJ5mq8fEa3bsdZn6,65,2017,pop,0.629,0.735,11,-4.826,1,0.0599,0.2,0.0,0.243,0.477,123.996,239922,4
2024-09-17 19:32,Cigarettes After Sex,Apocalypse,290616,cigarettes after sex - apocalypse,255746,Cigarettes After Sex,Apocalypse,3AVrVz5rK8Hrqo9YGiVGN5,81,2017,ambient,0.369,0.467,5,-9.018,1,0.0274,0.0194,0.46,0.109,0.174,94.473,290147,4
2024-09-17 19:56,Chase Atlantic,OHMAMI,226835,chase atlantic - ohmami,515742,Chase Atlantic,OHMAMI,2zVaxB54fNngkbWs5uZnla,66,2021,pop,0.625,0.717,10,-5.796,0,0.121,0.0476,8.73e-05,0.277,0.398,126.004,226835,4
2024-09-17 20:23,Chase Atlantic,Right Here,235000,chase atlantic - right here,293542,Chase Atlantic,Right Here,2KtS31kaWNHs12Q5B43Ixh,70,2017,pop,0.351,0.587,6,-6.413,1,0.0413,0.00516,1.87e-05,0.121,0.221,159.881,235000,4
2024-09-17 20:30,The Neighbourhood,Reflections,244013,the neighbourhood - reflections,311045,The Neighbourhood,Reflections,2xql0pid3EUwW38AsywxhV,77,2018,alt-rock,0.648,0.594,11,-7.027,0,0.0293,0.114,0.0462,0.116,0.544,113.983,244013,4
2024-09-17 20:35,The Neighbourhood,Alleyways,267853,the neighbourhood - alleyways,56435,The Neighbourhood,Alleyways,4V37tyDu9CtqYshvrgLke4,59,2013,alt-rock,0.622,0.831,5,-4.819,0,0.0273,0.00102,0.803,0.119,0.363,101.03,267853,4
2024-09-17 20:46,Cigarettes After Sex,Cry,161584,cigarettes after sex - cry,368575,Cigarettes After Sex,Cry,0Qr61NXlyAeQaADO5xn3rI,76,2019,ambient,0.409,0.399,7,-10.456,1,0.0275,0.763,0.654,0.112,0.161,142.823,256800,4
2024-09-17 20:50,Taylor Swift,Love Story,235266,taylor swift - love story,1238481,Taylor Swift,Love Story,1vrd6UOGamcKNGnSHJQlSt,67,2008,pop,0.618,0.741,2,-3.95,1,0.031,0.17,0.0,0.0822,0.296,118.984,235267,4
2024-09-17 20:54,Olivia Rodrigo,traitor,229226,olivia rodrigo - traitor,515570,Olivia Rodrigo,traitor,5CZ40GBx1sQ9agT82CLQCT,84,2021,pop,0.38,0.339,3,-7.885,1,0.0338,0.691,0.0,0.12,0.0849,100.607,229227,4
2024-09-17 20:58,Lana Del Rey,West Coast,256760,lana del rey - west coast,146772,Lana Del Rey,West Coast,5Y6nVaayzitvsD5F7nr3DV,81,2014,pop,0.527,0.591,6,-7.664,0,0.0396,0.194,0.0194,0.0907,0.461,123.167,256760,4
2024-09-17 21:02,Charlie Puth,We Don't Talk Anymore (feat. Selena Gomez),217706,charlie puth - we don't talk anymore (feat. selena gomez),224459,Charlie Puth,We Don't Talk Anymore (feat. Selena Gomez),37FXw5QGFN7uwwsLy8uAc0,68,2016,dance,0.728,0.563,1,-8.053,0,0.134,0.621,0.0,0.179,0.352,100.017,217707,4
2024-09-17 21:06,Lana Del Rey,Dark Paradise,243187,lana del rey - dark paradise,40368,Lana Del Rey,Dark Paradise,2Y115i0IhELJhyyftvoSFt,62,2012,pop,0.6,0.653,1,-8.309,0,0.0594,0.0953,0.0,0.122,0.43,119.994,243187,4
2024-09-17 21:23,Taylor Swift,Wildest Dreams,220440,taylor swift - wildest dreams,146777,Taylor Swift,Wildest Dreams,59HjlYCeBsxdI0fcm3zglw,71,2014,pop,0.554,0.666,8,-7.414,1,0.0747,0.0702,0.00593,0.106,0.472,140.056,220440,4
2024-09-17 21:31,Kali Uchis,Moonlight,50172,kali uchis - moonlight,612537,Kali Uchis,Moonlight,2i2gDpKKWjvnRTOZRhaPh2,78,2023,pop,0.639,0.723,7,-6.462,0,0.0532,0.511,0.0,0.167,0.878,136.872,187558,4
2024-09-17 23:28,Taylor Swift,We Are Never Ever Getting Back Together,4880,taylor swift - we are never ever getting back together,40360,Taylor Swift,We Are Never Ever Getting Back Together,0VwNdo84DaVYLIkbVO86ND,74,2012,pop,0.628,0.676,7,-5.911,1,0.0916,0.00957,2.65e-05,0.121,0.75,85.984,193147,4
2024-09-17 23:28,Kali Uchis,Moonlight,0,kali uchis - moonlight,612537,Kali Uchis,Moonlight,2i2gDpKKWjvnRTOZRhaPh2,78,2023,pop,0.639,0.723,7,-6.462,0,0.0532,0.511,0.0,0.167,0.878,136.872,187558,4
2024-09-17 23:36,The Neighbourhood,W.D.Y.W.F.M?,259413,the neighbourhood - w.d.y.w.f.m?,56407,The Neighbourhood,W.D.Y.W.F.M?,3vooOYHU0Fi3ViCG7Ozh0Y,65,2013,alt-rock,0.557,0.845,8,-2.926,0,0.0346,0.0303,0.00851,0.354,0.508,123.997,259413,4
2024-09-17 23:43,The Neighbourhood,You Get Me So High,153000,the neighbourhood - you get me so high,311043,The Neighbourhood,You Get Me So High,7zwn1eykZtZ5LODrf7c0tS,81,2018,alt-rock,0.551,0.881,7,-6.099,0,0.0542,0.186,0.0791,0.152,0.387,88.036,153000,4
2024-09-17 23:46,Chase Atlantic,LIKE A ROCKSTAR,208111,chase atlantic - like a rockstar,406638,Chase Atlantic,LIKE A ROCKSTAR,1e5Zf1EU0TAitK207VOUY7,59,2019,pop,0.58,0.611,8,-6.33,0,0.0646,0.331,0.0,0.0982,0.463,81.55,208112,4
2024-09-18 00:02,Chase Atlantic,Drugs & Money - New Mix,239921,chase atlantic - drugs & money - new mix,293587,Chase Atlantic,Drugs & Money - New Mix,4SRyrhBJ5mq8fEa3bsdZn6,65,2017,pop,0.629,0.735,11,-4.826,1,0.0599,0.2,0.0,0.243,0.477,123.996,239922,4
2024-09-18 00:17,Cigarettes After Sex,John Wayne,258483,cigarettes after sex - john wayne,255750,Cigarettes After Sex,John Wayne,5IonbH68pmDKBwcKlyswmR,65,2017,ambient,0.429,0.457,3,-8.375,1,0.0294,0.35,0.859,0.099,0.183,124.033,258013,4
2024-09-18 00:20,The Neighbourhood,Void,203666,the neighbourhood - void,311061,The Neighbourhood,Void,2wXioTynVwrEWYRv6R6vEj,66,2018,alt-rock,0.534,0.582,5,-7.912,1,0.0401,0.047,0.0328,0.0883,0.346,84.183,203667,4
2024-09-18 00:23,d4vd,Romantic Homicide,132630,d4vd - romantic homicide,569185,d4vd,Romantic Homicide,1xK59OXxi2TAAAbmZK0kBL,90,2022,pop,0.571,0.544,6,-10.613,1,0.0299,0.453,0.00805,0.322,0.216,132.052,132631,4
2024-09-18 00:42,Cigarettes After Sex,You're the Only Good Thing In My Life,275186,cigarettes after sex - you're the only good thing in my life,368583,Cigarettes After Sex,You're the Only Good Thing in My Life,69BeOEL0DFLwA3WplXJxX5,59,2019,ambient,0.462,0.288,5,-11.199,1,0.0288,0.781,0.756,0.131,0.0589,130.164,275187,4
2024-09-18 00:59,Chase Atlantic,Tidal Wave,243670,chase atlantic - tidal wave,350373,Chase Atlantic,Tidal Wave,2b2lL6iY3x1CSOv7QQbp8R,60,2018,pop,0.599,0.609,4,-5.14,1,0.052,0.565,2.11e-05,0.137,0.383,123.967,243707,4
2024-09-18 01:36,The Neighbourhood,Sweater Weather,240400,the neighbourhood - sweater weather,1800,The Neighbourhood,Sweater Weather,4pGqFOfzvfe6avb9kbZicC,60,2012,alt-rock,0.695,0.615,7,-5.325,0,0.042,0.15,0.000212,0.0879,0.414,124.015,240040,4
2024-09-18 09:23,James Arthur,Car's Outside,216364,james arthur - car's outside,406437,James Arthur,Car's Outside,0otRX6Z89qKkHkQ9OqJpKt,81,2019,pop,0.338,0.562,9,-7.181,1,0.029,0.039,0.0,0.107,0.259,149.907,248373,4
2024-09-19 16:00,James Arthur,Car's Outside,32175,james arthur - car's outside,406437,James Arthur,Car's Outside,0otRX6Z89qKkHkQ9OqJpKt,81,2019,pop,0.338,0.562,9,-7.181,1,0.029,0.039,0.0,0.107,0.259,149.907,248373,4
2024-09-19 16:15,The Neighbourhood,Baby Came Home,158922,the neighbourhood - baby came home,1880,The Neighbourhood,Baby Came Home,3ypXE4brttsQR3OLLZbLZB,50,2012,alt-rock,0.639,0.571,0,-5.766,1,0.0284,0.0127,0.00283,0.0963,0.273,113.037,226893,4
2024-09-19 16:15,Laufey,Fragile,8390,laufey - fragile,577950,Laufey,Fragile,608wYP5XWenLz8cOSYjX7X,59,2022,singer-songwriter,0.361,0.413,3,-12.43,1,0.065,0.931,0.000179,0.231,0.336,149.301,241080,4
2024-09-19 16:29,Laufey,Valentine,168906,laufey - valentine,577935,Laufey,Valentine,6cx5CvFhqN19efStehJqoW,72,2022,singer-songwriter,0.472,0.204,3,-13.065,1,0.0452,0.917,0.0,0.107,0.224,82.51,168907,4
2024-09-19 16:53,Ellie Goulding,My Blood,234184,ellie goulding - my blood,12165,Ellie Goulding,My Blood,6knYNyQupBIbBxV8TMOMYM,58,2012,dance,0.476,0.592,9,-5.283,0,0.029,0.556,0.0,0.281,0.306,87.003,234185,4
2024-09-19 16:56,Selena Gomez,Fetish (feat. Gucci Mane),186112,selena gomez - fetish (feat. gucci mane),264809,Selena Gomez,Fetish (feat. Gucci Mane),4lnAN2S1fcI0SjxEbksZVr,71,2017,dance,0.708,0.618,2,-4.424,1,0.0592,0.0204,6.81e-06,0.062,0.265,123.013,186113,4
2024-09-19 17:04,Lana Del Rey,Young And Beautiful,236053,lana del rey - young and beautiful,93567,Lana Del Rey,Young And Beautiful,2nMeu6UenVvwUktBCpLMK9,81,2013,pop,0.324,0.416,11,-8.92,0,0.0368,0.262,3.69e-05,0.11,0.151,113.986,236053,4
2024-09-19 17:10,Kali Uchis,Moonlight,187557,kali uchis - moonlight,612537,Kali Uchis,Moonlight,2i2gDpKKWjvnRTOZRhaPh2,78,2023,pop,0.639,0.723,7,-6.462,0,0.0532,0.511,0.0,0.167,0.878,136.872,187558,4
2024-09-19 17:14,Lana Del Rey,Chemtrails Over The Country Club,271176,lana del rey - chemtrails over the country club,515662,Lana Del Rey,Chemtrails Over The Country Club,7bPWdJgx8vek7S5i5yAtvG,70,2021,pop,0.334,0.276,4,-13.125,0,0.0643,0.877,0.000249,0.113,0.429,201.025,271177,3
2024-09-19 17:18,Lana Del Rey,Dark Paradise,243187,lana del rey - dark paradise,40368,Lana Del Rey,Dark Paradise,2Y115i0IhELJhyyftvoSFt,62,2012,pop,0.6,0.653,1,-8.309,0,0.0594,0.0953,0.0,0.122,0.43,119.994,243187,4
2024-09-19 17:35,Adele,Skyfall,264333,adele - skyfall,40359,Adele,Skyfall,6VObnIkLVruX4UVyxWhlqm,76,2012,pop,0.346,0.552,0,-6.864,0,0.0282,0.417,0.0,0.114,0.0789,75.881,286480,4
2024-09-19 19:33,Sixpence None The Richer,Kiss Me,208680,sixpence none the richer - kiss me,901251,Sixpence None The Richer,Kiss Me,2aZ5oYPdDbLNRIUghXM9EV,39,2003,pop,0.475,0.898,3,-4.776,1,0.0442,0.00379,0.00108,0.082,0.351,100.127,199093,4
2024-09-19 19:39,The 1975,About You,326490,the 1975 - about you,531980,The 1975,About You,1fDFHXcykq4iw8Gg7s5hG9,81,2022,alt-rock,0.416,0.762,2,-7.385,1,0.0279,0.312,0.804,0.0559,0.461,95.967,326491,4
2024-09-19 19:54,Adrien de la Salle,Prélude d'une nuit d'automne,160750,adrien de la salle - prélude d'une nuit d'automne,538359,Adrien de la Salle,Prélude d'une nuit d'automne,4gD6w9YOhwZTCVzVM1NI3c,45,2022,classical,0.499,0.0306,9,-24.52,1,0.0501,0.993,0.928,0.107,0.204,128.266,160750,3
2024-09-19 21:14,Taylor Swift,my tears ricochet,255893,taylor swift - my tears ricochet,462020,Taylor Swift,my tears ricochet,1MgV7FIyNxIG7WzMRJV5HC,74,2020,pop,0.456,0.263,0,-10.63,1,0.0332,0.806,0.0,0.0749,0.111,129.86,255894,4
2024-09-19 21:17,Taylor Swift,All Of The Girls You Loved Before,221407,taylor swift - all of the girls you loved before,406371,Taylor Swift,All Of The Girls You Loved Before,4P9Q0GojKVXpRTJCaL3kyy,82,2019,pop,0.718,0.467,2,-9.66,1,0.0398,0.707,6.92e-05,0.126,0.396,95.96,221407,3
2024-09-19 21:22,Taylor Swift,Speak Now,240760,taylor swift - speak now,1380435,Taylor Swift,Speak Now,24DefNCFiWTP8OjYWiXuYe,62,2010,pop,0.709,0.599,7,-3.734,1,0.0304,0.095,0.0,0.0973,0.735,118.975,240760,4
2024-09-19 23:16,Lana Del Rey,Sad Girl,318539,lana del rey - sad girl,146791,Lana Del Rey,Sad Girl,11MyiSGZSYSmhhqwGUTtAq,75,2014,pop,0.345,0.587,5,-8.346,1,0.0364,0.539,0.0731,0.119,0.258,119.479,317760,4
2024-09-19 23:21,Gwen Stefani,Luxurious,264920,gwen stefani - luxurious,931096,Gwen Stefani,Luxurious,3UQmoVQJqBYauTZLVPs3uo,62,2004,dance,0.811,0.726,0,-3.995,1,0.0813,0.154,0.0,0.116,0.666,131.027,264920,4
2024-09-20 00:33,Taylor Swift,Bejeweled,82556,taylor swift - bejeweled,569211,Taylor Swift,Bejeweled,3qoftcUZaUOncvIYjFSPdE,80,2022,pop,0.696,0.559,7,-9.19,1,0.0693,0.0618,5.58e-05,0.0887,0.433,163.999,194166,4
2024-09-20 00:35,Cigarettes After Sex,Opera House,83290,cigarettes after sex - opera house,255753,Cigarettes After Sex,Opera House,0syIc2ocYBIKASFqifvwRz,63,2017,ambient,0.319,0.293,5,-14.145,1,0.0378,0.734,0.85,0.0971,0.0689,115.481,364680,4
2024-09-20 00:39,Arctic Monkeys,505,253586,arctic monkeys - 505,1145378,Arctic Monkeys,505,58ge6dfP91o9oXMzq3XkIS,80,2007,garage,0.52,0.852,0,-5.866,1,0.0543,0.00237,5.79e-05,0.0733,0.234,140.267,253587,4
2024-09-20 00:42,The Neighbourhood,Compass,167960,the neighbourhood - compass,311053,The Neighbourhood,Compass,0YNtAadZvKBBEFARtfoCV8,69,2018,alt-rock,0.7,0.82,5,-5.499,0,0.0329,0.238,0.318,0.658,0.667,109.998,167960,4
2024-09-20 00:49,The Neighbourhood,Softcore,206280,the neighbourhood - softcore,311042,The Neighbourhood,Softcore,2K7xn816oNHJZ0aVqdQsha,84,2018,alt-rock,0.575,0.568,9,-5.509,0,0.03,0.0484,0.000417,0.286,0.37,93.986,206280,4
2024-09-20 00:53,James Arthur,Car's Outside,248373,james arthur - car's outside,406437,James Arthur,Car's Outside,0otRX6Z89qKkHkQ9OqJpKt,81,2019,pop,0.338,0.562,9,-7.181,1,0.029,0.039,0.0,0.107,0.259,149.907,248373,4
2024-09-20 00:56,Chase Atlantic,Okay,212306,chase atlantic - okay,293566,Chase Atlantic,Okay,492PZFHvGTm3RZZYeeUVWT,67,2017,pop,0.614,0.815,0,-6.784,1,0.131,0.112,0.0,0.121,0.431,130.049,212307,4
2024-09-20 01:01,Chase Atlantic,Tidal Wave,243670,chase atlantic - tidal wave,350373,Chase Atlantic,Tidal Wave,2b2lL6iY3x1CSOv7QQbp8R,60,2018,pop,0.599,0.609,4,-5.14,1,0.052,0.565,2.11e-05,0.137,0.383,123.967,243707,4
2024-09-20 01:04,Arctic Monkeys,Cornerstone,197973,arctic monkeys - cornerstone,1286929,Arctic Monkeys,Cornerstone,3MC4XRbQADJdW9IIIwbe2u,53,2009,garage,0.287,0.721,9,-5.81,1,0.0387,0.00764,0.0,0.328,0.763,169.252,197973,4
2024-09-20 01:19,Cigarettes After Sex,Falling In Love,150805,cigarettes after sex - falling in love,368577,Cigarettes After Sex,Falling In Love,4m1jesCFX1gQtIRFirfwCW,65,2019,ambient,0.482,0.267,7,-11.638,1,0.0262,0.722,0.02,0.125,0.347,140.617,245840,4
2024-09-20 01:23,Lil Wayne,Love Me,255053,lil wayne - love me,85732,Lil Wayne,Love Me,2XHzzp1j4IfTNp1FTn7YFg,79,2013,hip-hop,0.669,0.634,11,-6.476,1,0.0327,0.0125,0.0,0.0946,0.496,124.906,255053,4
2024-09-20 01:27,ZAYN,I Don’t Wanna Live Forever (Fifty Shades Darker),247160,zayn - i don’t wanna live forever (fifty shades darker),264785,ZAYN,I Don’t Wanna Live Forever (Fifty Shades Darker),55n9yjI6qqXh5F2mYvUc2y,77,2017,dance,0.731,0.445,0,-8.418,1,0.0533,0.0586,1.96e-05,0.14,0.106,117.97,247160,4
2024-09-20 01:43,Ellie Goulding,My Blood,234184,ellie goulding - my blood,12165,Ellie Goulding,My Blood,6knYNyQupBIbBxV8TMOMYM,58,2012,dance,0.476,0.592,9,-5.283,0,0.029,0.556,0.0,0.281,0.306,87.003,234185,4
2024-09-20 01:57,Backstreet Boys,Everybody (Backstreet's Back) - Radio Edit,225360,backstreet boys - everybody (backstreet's back) - radio edit,66286,Backstreet Boys,Everybody (Backstreet's Back) - Radio Edit,4rTeOSYqwXNz5qPR2DUTFZ,63,2013,dance,0.735,0.873,10,-3.493,0,0.0402,0.025,3.27e-06,0.265,0.586,108.021,224960,4
2024-09-20 02:14,James Bay,Let It Go,260533,james bay - let it go,146785,James Bay,Let It Go,13HVjjWUZFaWilh2QUJKsP,68,2014,pop,0.546,0.311,1,-10.396,1,0.0288,0.818,1.65e-05,0.107,0.246,147.464,260533,4
2024-09-24 17:53,Doja Cat,Kiss Me More (feat. SZA),123696,doja cat - kiss me more (feat. sza),487896,Doja Cat,Kiss Me More (feat. SZA),3DarAbFujv6eYNliUTyqtz,80,2021,dance,0.764,0.705,8,-3.463,1,0.0284,0.259,8.92e-05,0.12,0.781,110.97,208667,4
2024-09-24 19:27,Doja Cat,Kiss Me More (feat. SZA),84980,doja cat - kiss me more (feat. sza),487896,Doja Cat,Kiss Me More (feat. SZA),3DarAbFujv6eYNliUTyqtz,80,2021,dance,0.764,0.705,8,-3.463,1,0.0284,0.259,8.92e-05,0.12,0.781,110.97,208667,4
2024-09-24 19:33,Eminem,Superman,350320,eminem - superman,825781,Eminem,Superman,4woTEX1wYOTGDqNXuavlRC,86,2002,hip-hop,0.802,0.755,4,-3.138,0,0.0564,0.0215,0.0,0.295,0.58,130.027,350320,4
2024-09-24 19:36,Nicki Minaj,Va Va Voom,183560,nicki minaj - va va voom,12157,Nicki Minaj,Va Va Voom,2jATUzETZL49e6SywauZKE,64,2012,dance,0.648,0.836,8,-3.394,1,0.0316,0.0625,0.00995,0.202,0.705,126.889,183560,4
2024-09-24 19:40,Jung Seung Hwan,Day & Night,260600,jung seung hwan - day & night,456949,Jung Seung Hwan,Day & Night,1j5oDtBWVtNoVHMi2n6Fkz,61,2020,k-pop,0.509,0.269,3,-8.765,1,0.0277,0.897,0.00212,0.174,0.29,131.954,260600,4
2024-09-24 19:44,Demi Lovato,Give Your Heart a Break,205346,demi lovato - give your heart a break,1412816,Demi Lovato,Give Your Heart a Break,3sP3c86WFjOzHHnbhhZcLA,69,2011,dance,0.651,0.695,6,-3.218,1,0.0487,0.23,0.0,0.144,0.569,123.008,205347,4
2024-09-24 19:47,Ariana Grande,34+35,173710,ariana grande - 34+35,433213,Ariana Grande,34+35,6Im9k8u9iIzKMrmV7BWtlF,78,2020,dance,0.83,0.585,0,-6.476,1,0.094,0.237,0.0,0.248,0.485,109.978,173711,4
2024-09-24 19:50,Nicki Minaj,Super Freaky Girl,170977,nicki minaj - super freaky girl,541589,Nicki Minaj,Super Freaky Girl,4C6Uex2ILwJi9sZXRdmqXp,79,2022,dance,0.95,0.891,2,-2.653,1,0.241,0.0645,1.77e-05,0.309,0.912,133.01,170977,4
2024-09-24 19:58,Bruno Mars,Talking to the Moon,217866,bruno mars - talking to the moon,591100,Bruno Mars,Talking to the Moon,5PjJRQ0XKlAzBY9hLdv4dr,0,2023,dance,0.523,0.607,1,-4.754,0,0.03,0.512,0.0,0.106,0.0651,145.837,217867,4
2024-09-24 20:13,The Weeknd,Sacrifice,188918,the weeknd - sacrifice,569269,The Weeknd,Sacrifice,1nH2PkJL1XoUq8oE6tBZoU,77,2022,pop,0.735,0.795,11,-6.523,0,0.113,0.0296,3.18e-05,0.0678,0.905,122.0,188918,4
2024-09-24 20:17,The Weeknd,The Hills,242253,the weeknd - the hills,197514,The Weeknd,The Hills,7fBv7CLKzipRk6EC6TWHOB,86,2015,pop,0.585,0.564,0,-7.063,0,0.0515,0.0671,0.0,0.135,0.137,113.003,242253,4
2024-09-24 20:20,Justin Bieber,Ghost,153190,justin bieber - ghost,515568,Justin Bieber,Ghost,6I3mqTwhRpn34SLVafSH7G,85,2021,pop,0.601,0.741,2,-5.569,1,0.0478,0.185,2.91e-05,0.415,0.441,153.96,153190,4
2024-09-24 20:21,The Weeknd,Save Your Tears,65567,the weeknd - save your tears,461993,The Weeknd,Save Your Tears,5QO79kh1waicV47BqGRL3g,87,2020,pop,0.68,0.826,0,-5.487,1,0.0309,0.0212,1.24e-05,0.543,0.644,118.051,215627,4
2024-09-24 20:25,The Neighbourhood,Leaving Tonight,203866,the neighbourhood - leaving tonight,1840,The Neighbourhood,Leaving Tonight,6C0T7QMpmeDoDkke32Ctqb,54,2012,alt-rock,0.566,0.681,9,-5.443,0,0.0299,0.0149,0.0,0.104,0.187,119.916,203880,4
2024-09-24 20:28,Arctic Monkeys,Snap Out Of It,193030,arctic monkeys - snap out of it,77594,Arctic Monkeys,Snap Out Of It,0NdTUS4UiNYCNn5FgVqKQY,78,2013,garage,0.728,0.638,5,-6.455,0,0.0336,0.249,0.0,0.116,0.872,130.014,193030,4
2024-09-24 20:32,The Neighbourhood,Prey,282640,the neighbourhood - prey,162945,The Neighbourhood,Prey,38kjFXYgPvtuXCPbHPMGte,63,2015,alt-rock,0.517,0.779,9,-5.005,0,0.0477,0.0258,0.0,0.0622,0.197,115.206,282640,4
2024-09-24 20:47,Chase Atlantic,LIKE A ROCKSTAR,208111,chase atlantic - like a rockstar,406638,Chase Atlantic,LIKE A ROCKSTAR,1e5Zf1EU0TAitK207VOUY7,59,2019,pop,0.58,0.611,8,-6.33,0,0.0646,0.331,0.0,0.0982,0.463,81.55,208112,4
2024-09-24 20:49,Djo,End of Beginning,159245,djo - end of beginning,569335,Djo,End of Beginning,3qhlB30KknSejmIvZZLjOD,66,2022,pop,0.689,0.454,2,-7.643,1,0.0584,0.0351,0.00259,0.0707,0.912,159.982,159246,4
2024-09-24 21:00,Cigarettes After Sex,Truly,244110,cigarettes after sex - truly,255760,Cigarettes After Sex,Truly,6qwEx0TQJMEqvQdN8hRZDx,57,2017,ambient,0.44,0.387,4,-9.792,1,0.0279,0.148,0.559,0.0844,0.267,96.556,243640,4
2024-09-24 21:01,Cigarettes After Sex,Each Time You Fall in Love,18371,cigarettes after sex - each time you fall in love,255751,Cigarettes After Sex,Each Time You Fall In Love,6YbqjyoqQx9p13IndkOzeP,63,2017,ambient,0.383,0.534,10,-8.829,1,0.0277,0.468,0.676,0.14,0.276,76.046,290160,4
2024-09-24 21:05,Chase Atlantic,LUST,204106,chase atlantic - lust,406673,Chase Atlantic,LUST,51t7nQOI35g07O0z4fflO1,57,2019,pop,0.641,0.755,4,-6.274,1,0.244,0.018,0.000443,0.159,0.477,131.954,204107,4
2024-09-24 21:08,Arctic Monkeys,Stop The World I Wanna Get Off With You,191040,arctic monkeys - stop the world i wanna get off with you,77598,Arctic Monkeys,Stop The World I Wanna Get Off With You,2QUlMbvD9bL8wHqfsoqoet,69,2013,garage,0.661,0.73,6,-6.779,0,0.0574,0.0537,3.44e-05,0.14,0.53,95.027,191040,4
2024-09-24 21:11,Chase Atlantic,Into It,196767,chase atlantic - into it,293490,Chase Atlantic,Into It,4HwDCXsMBC7SUdp2WT4MZP,77,2017,pop,0.518,0.572,10,-6.706,0,0.0416,0.0503,2.41e-05,0.129,0.291,130.053,196767,4
2024-09-24 23:21,James Arthur,Car's Outside,179076,james arthur - car's outside,406437,James Arthur,Car's Outside,0otRX6Z89qKkHkQ9OqJpKt,81,2019,pop,0.338,0.562,9,-7.181,1,0.029,0.039,0.0,0.107,0.259,149.907,248373,4
2024-09-24 23:31,Arctic Monkeys,R U Mine?,201726,arctic monkeys - r u mine?,23776,Arctic Monkeys,R U Mine?,6XnNiyYTxhxuC0zpP22M7C,34,2012,garage,0.52,0.785,6,-4.765,0,0.0329,0.0468,0.0,0.698,0.679,96.996,200188,4
2024-09-24 23:35,Chase Atlantic,Drugs & Money - New Mix,239921,chase atlantic - drugs & money - new mix,293587,Chase Atlantic,Drugs & Money - New Mix,4SRyrhBJ5mq8fEa3bsdZn6,65,2017,pop,0.629,0.735,11,-4.826,1,0.0599,0.2,0.0,0.243,0.477,123.996,239922,4
2024-09-24 23:39,Cigarettes After Sex,Starry Eyes,206000,cigarettes after sex - starry eyes,2728,Cigarettes After Sex,Starry Eyes,2xfRDWDKOisEXgRnYI58Tb,59,2012,ambient,0.425,0.363,2,-15.32,1,0.0322,0.448,0.321,0.0685,0.12,100.426,206000,4
2024-09-24 23:44,d4vd,Romantic Homicide,102658,d4vd - romantic homicide,569185,d4vd,Romantic Homicide,1xK59OXxi2TAAAbmZK0kBL,90,2022,pop,0.571,0.544,6,-10.613,1,0.0299,0.453,0.00805,0.322,0.216,132.052,132631,4
2024-09-24 23:49,Cigarettes After Sex,Kiss It Off Me,269933,cigarettes after sex - kiss it off me,368580,Cigarettes After Sex,Kiss It Off Me,1Mhf6QIO0UuVr2ZvQPgymt,62,2019,ambient,0.521,0.298,4,-12.471,1,0.0258,0.753,0.496,0.111,0.235,80.259,269933,4
2024-09-24 23:50,Arctic Monkeys,Knee Socks,71215,arctic monkeys - knee socks,77596,Arctic Monkeys,Knee Socks,2LGdO5MtFdyphi2EihANZG,74,2013,garage,0.665,0.542,11,-8.323,0,0.033,0.123,0.00291,0.342,0.587,97.975,257563,4
2024-09-24 23:53,The Neighbourhood,Softcore,206280,the neighbourhood - softcore,311042,The Neighbourhood,Softcore,2K7xn816oNHJZ0aVqdQsha,84,2018,alt-rock,0.575,0.568,9,-5.509,0,0.03,0.0484,0.000417,0.286,0.37,93.986,206280,4
2024-09-24 23:57,The Neighbourhood,Void,203666,the neighbourhood - void,311061,The Neighbourhood,Void,2wXioTynVwrEWYRv6R6vEj,66,2018,alt-rock,0.534,0.582,5,-7.912,1,0.0401,0.047,0.0328,0.0883,0.346,84.183,203667,4
2024-09-25 00:01,The Neighbourhood,Reflections,244013,the neighbourhood - reflections,311045,The Neighbourhood,Reflections,2xql0pid3EUwW38AsywxhV,77,2018,alt-rock,0.648,0.594,11,-7.027,0,0.0293,0.114,0.0462,0.116,0.544,113.983,244013,4
2024-09-25 00:05,Chase Atlantic,The Walls,229840,chase atlantic - the walls,293625,Chase Atlantic,The Walls,5pXui9rkf5W90DgZobuDiK,62,2017,pop,0.357,0.704,0,-6.925,0,0.0828,0.326,1.54e-06,0.124,0.225,144.172,229840,4
2024-09-25 00:09,Chase Atlantic,Tidal Wave,243670,chase atlantic - tidal wave,350373,Chase Atlantic,Tidal Wave,2b2lL6iY3x1CSOv7QQbp8R,60,2018,pop,0.599,0.609,4,-5.14,1,0.052,0.565,2.11e-05,0.137,0.383,123.967,243707,4
2024-09-25 00:17,Chase Atlantic,HEAVEN AND BACK,248240,chase atlantic - heaven and back,406526,Chase Atlantic,HEAVEN AND BACK,5dewQ7ojISR32NAYNHFYWC,66,2019,pop,0.309,0.793,10,-6.195,0,0.0774,0.0902,0.092,0.0888,0.532,193.714,248240,4
2024-09-25 00:20,Arctic Monkeys,Arabella,207356,arctic monkeys - arabella,77595,Arctic Monkeys,Arabella,7nzsY8vlnKdvGOEE0rjAXZ,76,2013,garage,0.579,0.558,2,-6.986,1,0.0895,0.0202,1.26e-06,0.212,0.506,179.949,207357,4
2024-09-25 00:24,Chase Atlantic,Church,220000,chase atlantic - church,293564,Chase Atlantic,Church,7bbYT48HWWIbL3YKmtMNzn,68,2017,pop,0.556,0.824,5,-4.539,0,0.0548,0.0109,0.0,0.112,0.292,112.99,220000,4
2024-09-25 00:48,Cults,Always Forever,189695,cults - always forever,87537,Cults,Always Forever,2enPRFda84VE2wtI8c86Uf,78,2013,indie-pop,0.174,0.742,8,-5.93,1,0.0485,0.00181,0.281,0.198,0.36,163.378,223747,4
2024-09-25 00:52,The Neighbourhood,Nervous,245000,the neighbourhood - nervous,311055,The Neighbourhood,Nervous,113xf7t4qNM7038YJvauik,67,2018,alt-rock,0.589,0.614,0,-7.528,0,0.0426,0.0213,0.165,0.31,0.318,119.837,245000,4
2024-09-25 00:56,Chase Atlantic,Meddle About,203886,chase atlantic - meddle about,197593,Chase Atlantic,Meddle About,1x5gfSHfhWpMFKKqbuDe9G,68,2015,pop,0.387,0.797,4,-6.41,0,0.052,0.00404,0.0108,0.314,0.369,159.897,203886,4
2024-09-26 08:29,Cigarettes After Sex,Apocalypse,251583,cigarettes after sex - apocalypse,255746,Cigarettes After Sex,Apocalypse,3AVrVz5rK8Hrqo9YGiVGN5,81,2017,ambient,0.369,0.467,5,-9.018,1,0.0274,0.0194,0.46,0.109,0.174,94.473,290147,4
2024-09-26 08:38,The Neighbourhood,You Get Me So High,153000,the neighbourhood - you get me so high,311043,The Neighbourhood,You Get Me So High,7zwn1eykZtZ5LODrf7c0tS,81,2018,alt-rock,0.551,0.881,7,-6.099,0,0.0542,0.186,0.0791,0.152,0.387,88.036,153000,4
2024-09-26 16:13,Lana Del Rey,Art Deco,295066,lana del rey - art deco,197562,Lana Del Rey,Art Deco,5jqNQZBwbZWQXPWfo0ygZF,72,2015,pop,0.282,0.464,11,-11.112,0,0.0533,0.544,0.215,0.111,0.0596,148.345,295067,5
2024-09-26 16:18,James Arthur,Car's Outside,248373,james arthur - car's outside,406437,James Arthur,Car's Outside,0otRX6Z89qKkHkQ9OqJpKt,81,2019,pop,0.338,0.562,9,-7.181,1,0.029,0.039,0.0,0.107,0.259,149.907,248373,4
2024-09-26 16:27,Taylor Swift,Enchanted,352186,taylor swift - enchanted,1380362,Taylor Swift,Enchanted,10eBRyImhfqVvkiVEGf0N0,73,2010,pop,0.455,0.623,8,-3.878,1,0.0288,0.0739,0.000424,0.146,0.208,163.893,352187,4
2024-09-26 16:52,Taylor Swift,Fearless (Taylor’s Version),241591,taylor swift - fearless (taylor’s version),515625,Taylor Swift,Fearless (Taylor’s Version),77sMIMlNaSURUAXq5coCxE,71,2021,pop,0.569,0.741,5,-4.963,1,0.0282,0.0122,0.0,0.333,0.43,100.118,241592,4
2024-09-26 16:56,ZAYN,I Don’t Wanna Live Forever (Fifty Shades Darker),247160,zayn - i don’t wanna live forever (fifty shades darker),264785,ZAYN,I Don’t Wanna Live Forever (Fifty Shades Darker),55n9yjI6qqXh5F2mYvUc2y,77,2017,dance,0.731,0.445,0,-8.418,1,0.0533,0.0586,1.96e-05,0.14,0.106,117.97,247160,4
2024-09-26 17:19,beabadoobee,Glue Song,135066,beabadoobee - glue song,606469,beabadoobee,Glue Song,3iBgrkexCzVuPy4O9vx7Mf,82,2023,indie-pop,0.62,0.409,1,-10.146,1,0.0282,0.77,0.0542,0.105,0.582,113.946,135067,3
2024-09-26 17:29,Taylor Swift,Anti-Hero,200690,taylor swift - anti-hero,569187,Taylor Swift,Anti-Hero,0V3wPSX9ygBnCm8psDIegu,92,2022,pop,0.637,0.643,4,-6.571,1,0.0519,0.13,1.8e-06,0.142,0.533,97.008,200690,4
2024-09-26 17:38,Taylor Swift,We Are Never Ever Getting Back Together,167526,taylor swift - we are never ever getting back together,40360,Taylor Swift,We Are Never Ever Getting Back Together,0VwNdo84DaVYLIkbVO86ND,74,2012,pop,0.628,0.676,7,-5.911,1,0.0916,0.00957,2.65e-05,0.121,0.75,85.984,193147,4
2024-09-26 17:38,Sabrina Carpenter,Looking at Me,1540,sabrina carpenter - looking at me,377696,Sabrina Carpenter,Looking at Me,59tskctgqUmjCWAwhzYAFm,71,2019,dance,0.681,0.798,2,-4.367,1,0.0375,0.00398,5.11e-06,0.0542,0.516,105.99,181120,4
2024-09-26 17:38,SZA,Kill Bill,1140,sza - kill bill,569184,SZA,Kill Bill,1Qrg8KqiBpW07V7PNxwwwL,94,2022,pop,0.644,0.735,8,-5.747,1,0.0391,0.0521,0.144,0.161,0.418,88.98,153947,4
2024-09-26 17:42,Taylor Swift,Speak Now,240760,taylor swift - speak now,1380435,Taylor Swift,Speak Now,24DefNCFiWTP8OjYWiXuYe,62,2010,pop,0.709,0.599,7,-3.734,1,0.0304,0.095,0.0,0.0973,0.735,118.975,240760,4
2024-09-26 18:41,Taylor Swift,The Way I Loved You (Taylor’s Version),69308,taylor swift - the way i loved you (taylor’s version),515593,Taylor Swift,The Way I Loved You (Taylor’s Version),22bPsP2jCgbLUvh82U0Z3M,78,2021,pop,0.402,0.732,5,-4.665,1,0.0484,0.0033,0.0,0.108,0.472,161.032,243137,4
2024-09-26 19:50,Adrien de la Salle,Prélude d'une nuit d'automne,160750,adrien de la salle - prélude d'une nuit d'automne,538359,Adrien de la Salle,Prélude d'une nuit d'automne,4gD6w9YOhwZTCVzVM1NI3c,45,2022,classical,0.499,0.0306,9,-24.52,1,0.0501,0.993,0.928,0.107,0.204,128.266,160750,3
2024-09-26 20:40,Camille Saint-Saëns,"Le Carnaval des Animaux, R. 125: XIII. Le cygne",165244,"camille saint-saëns - le carnaval des animaux, r. 125: xiii. le cygne",221096,Camille Saint-Saëns,"Le Carnaval des Animaux, R. 125: XIII. Le Cygne",1VS5xEsdJ76zjnUxHxZR1H,41,2016,classical,0.175,0.0121,7,-35.357,1,0.0441,0.99,0.386,0.1,0.048,84.253,153133,4
2024-09-26 20:40,Camille Saint-Saëns,"Le Carnaval des Animaux, R. 125: XIII. Le cygne",165244,"camille saint-saëns - le carnaval des animaux, r. 125: xiii. le cygne",598296,Camille Saint-Saëns,"Le carnaval des animaux, R. 125: XIII. Le cygne",11MZWf7Jys4IjPio8qS38x,0,2023,french,0.199,0.0957,7,-27.582,1,0.045,0.976,0.389,0.0935,0.041,97.898,172213,3
2024-09-26 21:11,Claude Debussy,"Préludes / Book 1, L. 117: VIII. La Fille Aux Cheveux De Lin",146683,"claude debussy - préludes / book 1, l. 117: viii. la fille aux cheveux de lin",317502,Claude Debussy,"Préludes / Book 1, L. 117: VIII. La fille aux cheveux de lin",5NAIQcA3vCUOC9AxNteyfD,51,2018,classical,0.345,0.00421,6,-33.152,1,0.0511,0.995,0.896,0.0514,0.131,127.845,151440,4
2024-09-26 21:16,Sabrina Carpenter,Looking at Me,41230,sabrina carpenter - looking at me,377696,Sabrina Carpenter,Looking at Me,59tskctgqUmjCWAwhzYAFm,71,2019,dance,0.681,0.798,2,-4.367,1,0.0375,0.00398,5.11e-06,0.0542,0.516,105.99,181120,4
2024-09-26 21:20,Ruth B.,Lost Boy,275280,ruth b. - lost boy,197564,Ruth B.,Lost Boy,4h0zU3O9R5xzuTmNO7dNDU,70,2015,pop,0.71,0.0565,7,-15.099,1,0.0534,0.965,0.0,0.0889,0.348,123.994,275280,4
2024-09-26 23:04,Ellie Goulding,My Blood,234184,ellie goulding - my blood,12165,Ellie Goulding,My Blood,6knYNyQupBIbBxV8TMOMYM,58,2012,dance,0.476,0.592,9,-5.283,0,0.029,0.556,0.0,0.281,0.306,87.003,234185,4
2024-09-27 00:34,Taylor Swift,illicit affairs,167316,taylor swift - illicit affairs,462035,Taylor Swift,illicit affairs,2NmsngXHeC1GQ9wWrzhOMf,71,2020,pop,0.559,0.31,10,-10.445,1,0.0338,0.881,0.0,0.106,0.46,119.845,190898,4
2024-09-27 00:36,Cigarettes After Sex,Sunsetz,100160,cigarettes after sex - sunsetz,255747,Cigarettes After Sex,Sunsetz,69UqtTHfUKAJweQwEStRzC,77,2017,ambient,0.412,0.477,9,-9.381,0,0.029,0.0542,0.798,0.0975,0.141,75.302,214680,4
2024-09-27 00:39,The Neighbourhood,Softcore,206280,the neighbourhood - softcore,311042,The Neighbourhood,Softcore,2K7xn816oNHJZ0aVqdQsha,84,2018,alt-rock,0.575,0.568,9,-5.509,0,0.03,0.0484,0.000417,0.286,0.37,93.986,206280,4
2024-09-27 00:47,The Neighbourhood,Nervous,245000,the neighbourhood - nervous,311055,The Neighbourhood,Nervous,113xf7t4qNM7038YJvauik,67,2018,alt-rock,0.589,0.614,0,-7.528,0,0.0426,0.0213,0.165,0.31,0.318,119.837,245000,4
2024-09-27 00:52,Arctic Monkeys,Knee Socks,13693,arctic monkeys - knee socks,77596,Arctic Monkeys,Knee Socks,2LGdO5MtFdyphi2EihANZG,74,2013,garage,0.665,0.542,11,-8.323,0,0.033,0.123,0.00291,0.342,0.587,97.975,257563,4
2024-09-27 00:55,Arctic Monkeys,I Wanna Be Yours,183956,arctic monkeys - i wanna be yours,77591,Arctic Monkeys,I Wanna Be Yours,5XeFesFbtLpXzIVDNQP22n,91,2013,garage,0.464,0.417,0,-9.345,0,0.0256,0.136,0.022,0.0974,0.479,67.528,183956,4
2024-09-27 00:59,The Neighbourhood,Prey,282640,the neighbourhood - prey,162945,The Neighbourhood,Prey,38kjFXYgPvtuXCPbHPMGte,63,2015,alt-rock,0.517,0.779,9,-5.005,0,0.0477,0.0258,0.0,0.0622,0.197,115.206,282640,4
2024-09-27 01:04,Cigarettes After Sex,Kiss It Off Me,269933,cigarettes after sex - kiss it off me,368580,Cigarettes After Sex,Kiss It Off Me,1Mhf6QIO0UuVr2ZvQPgymt,62,2019,ambient,0.521,0.298,4,-12.471,1,0.0258,0.753,0.496,0.111,0.235,80.259,269933,4
2024-09-27 01:08,Arctic Monkeys,505,253586,arctic monkeys - 505,1145378,Arctic Monkeys,505,58ge6dfP91o9oXMzq3XkIS,80,2007,garage,0.52,0.852,0,-5.866,1,0.0543,0.00237,5.79e-05,0.0733,0.234,140.267,253587,4
2024-09-27 01:12,The Neighbourhood,Daddy Issues,260173,the neighbourhood - daddy issues,162916,The Neighbourhood,Daddy Issues,5E30LdtzQTGqRvNd7l6kG5,84,2015,alt-rock,0.588,0.521,10,-9.461,1,0.0329,0.0678,0.149,0.123,0.337,85.012,260173,4
2024-09-27 01:16,The Neighbourhood,Female Robbery,209520,the neighbourhood - female robbery,2046,The Neighbourhood,Female Robbery,7e8bQb1csn5WvpOc4b5PJg,40,2012,alt-rock,0.403,0.888,7,-3.382,0,0.0413,0.056,0.00161,0.0682,0.391,176.483,206813,4
2024-09-27 01:19,Chase Atlantic,LUST,204106,chase atlantic - lust,406673,Chase Atlantic,LUST,51t7nQOI35g07O0z4fflO1,57,2019,pop,0.641,0.755,4,-6.274,1,0.244,0.018,0.000443,0.159,0.477,131.954,204107,4
2024-09-27 01:27,Chase Atlantic,Numb to the Feeling,227586,chase atlantic - numb to the feeling,350308,Chase Atlantic,Numb to the Feeling,102cCjW3CnC3sws3qOhie8,63,2018,pop,0.695,0.737,5,-5.75,0,0.122,0.232,0.0,0.136,0.248,129.999,227587,4
2024-09-27 01:31,Chase Atlantic,Right Here,235000,chase atlantic - right here,293542,Chase Atlantic,Right Here,2KtS31kaWNHs12Q5B43Ixh,70,2017,pop,0.351,0.587,6,-6.413,1,0.0413,0.00516,1.87e-05,0.121,0.221,159.881,235000,4
2024-09-27 01:33,Arctic Monkeys,Baby I'm Yours,141452,arctic monkeys - baby i'm yours,1076412,Arctic Monkeys,Baby I'm Yours,6FLqFu1ApSkUddZ9P4H6Io,58,2006,garage,0.462,0.595,2,-9.363,1,0.0347,0.215,0.0,0.184,0.64,113.719,152613,4
2024-09-27 01:44,Chase Atlantic,Meddle About,203886,chase atlantic - meddle about,197593,Chase Atlantic,Meddle About,1x5gfSHfhWpMFKKqbuDe9G,68,2015,pop,0.387,0.797,4,-6.41,0,0.052,0.00404,0.0108,0.314,0.369,159.897,203886,4
2024-09-27 02:35,Arctic Monkeys,She's Thunderstorms,193465,arctic monkeys - she's thunderstorms,1428149,Arctic Monkeys,She's Thunderstorms,5qm8ISXOho1EvFj6e4f4bG,46,2011,garage,0.505,0.898,7,-4.906,1,0.0329,0.000518,0.00236,0.173,0.731,118.929,234920,4
2024-10-01 19:37,The Neighbourhood,Female Robbery,209520,the neighbourhood - female robbery,2046,The Neighbourhood,Female Robbery,7e8bQb1csn5WvpOc4b5PJg,40,2012,alt-rock,0.403,0.888,7,-3.382,0,0.0413,0.056,0.00161,0.0682,0.391,176.483,206813,4
2024-10-01 19:40,Chase Atlantic,The Walls,229840,chase atlantic - the walls,293625,Chase Atlantic,The Walls,5pXui9rkf5W90DgZobuDiK,62,2017,pop,0.357,0.704,0,-6.925,0,0.0828,0.326,1.54e-06,0.124,0.225,144.172,229840,4
2024-10-01 19:41,Arctic Monkeys,R U Mine?,9650,arctic monkeys - r u mine?,23776,Arctic Monkeys,R U Mine?,6XnNiyYTxhxuC0zpP22M7C,34,2012,garage,0.52,0.785,6,-4.765,0,0.0329,0.0468,0.0,0.698,0.679,96.996,200188,4
2024-10-01 19:44,Chase Atlantic,Right Here,235000,chase atlantic - right here,293542,Chase Atlantic,Right Here,2KtS31kaWNHs12Q5B43Ixh,70,2017,pop,0.351,0.587,6,-6.413,1,0.0413,0.00516,1.87e-05,0.121,0.221,159.881,235000,4
2024-10-01 19:48,Chase Atlantic,Vibes,216217,chase atlantic - vibes,197787,Chase Atlantic,Vibes,0AIRuNLJPz613ByB1k2W5o,56,2015,pop,0.494,0.88,9,-5.064,1,0.0545,0.0192,0.0,0.187,0.344,100.023,216217,4
2024-10-01 19:53,Arctic Monkeys,Do I Wanna Know?,272394,arctic monkeys - do i wanna know?,77593,Arctic Monkeys,Do I Wanna Know?,5FVd6KXrgO9B3JPmC8OPst,86,2013,garage,0.548,0.532,5,-7.596,1,0.0323,0.186,0.000263,0.217,0.405,85.03,272394,4
2024-10-01 19:56,Chase Atlantic,Meddle About,203886,chase atlantic - meddle about,197593,Chase Atlantic,Meddle About,1x5gfSHfhWpMFKKqbuDe9G,68,2015,pop,0.387,0.797,4,-6.41,0,0.052,0.00404,0.0108,0.314,0.369,159.897,203886,4
2024-10-01 20:06,The Neighbourhood,The Beach,255133,the neighbourhood - the beach,162917,The Neighbourhood,The Beach,2u0CelO5c81XS7z3dGpHbS,75,2015,alt-rock,0.245,0.64,2,-7.426,0,0.0608,0.131,8.11e-06,0.0766,0.105,135.739,255133,4
2024-10-01 20:13,The Neighbourhood,Leaving Tonight,203866,the neighbourhood - leaving tonight,1840,The Neighbourhood,Leaving Tonight,6C0T7QMpmeDoDkke32Ctqb,54,2012,alt-rock,0.566,0.681,9,-5.443,0,0.0299,0.0149,0.0,0.104,0.187,119.916,203880,4
2024-10-01 20:14,Arctic Monkeys,She's Thunderstorms,56662,arctic monkeys - she's thunderstorms,1428149,Arctic Monkeys,She's Thunderstorms,5qm8ISXOho1EvFj6e4f4bG,46,2011,garage,0.505,0.898,7,-4.906,1,0.0329,0.000518,0.00236,0.173,0.731,118.929,234920,4
2024-10-01 20:17,Taylor Swift,illicit affairs,190898,taylor swift - illicit affairs,462035,Taylor Swift,illicit affairs,2NmsngXHeC1GQ9wWrzhOMf,71,2020,pop,0.559,0.31,10,-10.445,1,0.0338,0.881,0.0,0.106,0.46,119.845,190898,4
2024-10-01 20:18,Taylor Swift,Karma,37201,taylor swift - karma,569212,Taylor Swift,Karma,7KokYm8cMIXCsGVmUvKtqf,80,2022,pop,0.642,0.62,8,-7.091,1,0.0666,0.0734,0.0,0.483,0.0969,90.02,204852,4
2024-10-01 20:22,Laufey,Fragile,241080,laufey - fragile,577950,Laufey,Fragile,608wYP5XWenLz8cOSYjX7X,59,2022,singer-songwriter,0.361,0.413,3,-12.43,1,0.065,0.931,0.000179,0.231,0.336,149.301,241080,4
2024-10-01 20:25,Taylor Swift,Cruel Summer,178426,taylor swift - cruel summer,406369,Taylor Swift,Cruel Summer,1BxfuPKGuaTgP7aM0Bbdwr,83,2019,pop,0.552,0.702,9,-5.707,1,0.157,0.117,2.06e-05,0.105,0.564,169.994,178427,4
2024-10-01 20:29,Taylor Swift,Style,231000,taylor swift - style,146766,Taylor Swift,Style,4lIxdJw6W3Fg4vUIYCB0S5,74,2014,pop,0.598,0.786,2,-5.572,1,0.0383,0.00253,0.0016,0.117,0.456,95.019,231000,4
2024-10-01 20:32,Olivia Rodrigo,happier,175933,olivia rodrigo - happier,515580,Olivia Rodrigo,happier,2tGvwE8GcFKwNdAXMnlbfl,82,2021,pop,0.395,0.443,6,-9.72,1,0.133,0.765,9.67e-06,0.0839,0.338,168.924,175933,3
2024-10-01 20:44,The 1975,About You,326490,the 1975 - about you,531980,The 1975,About You,1fDFHXcykq4iw8Gg7s5hG9,81,2022,alt-rock,0.416,0.762,2,-7.385,1,0.0279,0.312,0.804,0.0559,0.461,95.967,326491,4
2024-10-01 20:56,Ellie Goulding,My Blood,234184,ellie goulding - my blood,12165,Ellie Goulding,My Blood,6knYNyQupBIbBxV8TMOMYM,58,2012,dance,0.476,0.592,9,-5.283,0,0.029,0.556,0.0,0.281,0.306,87.003,234185,4
2024-10-01 21:01,Adele,Skyfall,286480,adele - skyfall,40359,Adele,Skyfall,6VObnIkLVruX4UVyxWhlqm,76,2012,pop,0.346,0.552,0,-6.864,0,0.0282,0.417,0.0,0.114,0.0789,75.881,286480,4
2024-10-01 21:05,ZAYN,I Don’t Wanna Live Forever (Fifty Shades Darker),247160,zayn - i don’t wanna live forever (fifty shades darker),264785,ZAYN,I Don’t Wanna Live Forever (Fifty Shades Darker),55n9yjI6qqXh5F2mYvUc2y,77,2017,dance,0.731,0.445,0,-8.418,1,0.0533,0.0586,1.96e-05,0.14,0.106,117.97,247160,4
2024-10-01 21:09,Lana Del Rey,Dark Paradise,243187,lana del rey - dark paradise,40368,Lana Del Rey,Dark Paradise,2Y115i0IhELJhyyftvoSFt,62,2012,pop,0.6,0.653,1,-8.309,0,0.0594,0.0953,0.0,0.122,0.43,119.994,243187,4
2024-10-01 21:17,Taylor Swift,Fearless (Taylor’s Version),241591,taylor swift - fearless (taylor’s version),515625,Taylor Swift,Fearless (Taylor’s Version),77sMIMlNaSURUAXq5coCxE,71,2021,pop,0.569,0.741,5,-4.963,1,0.0282,0.0122,0.0,0.333,0.43,100.118,241592,4
2024-10-01 23:29,d4vd,Here With Me,242484,d4vd - here with me,569188,d4vd,Here With Me,78Sw5GDo6AlGwTwanjXbGh,92,2022,pop,0.574,0.469,4,-8.209,1,0.0254,0.534,9.21e-05,0.128,0.288,132.023,242485,4
2024-10-01 23:33,Taylor Swift,You Belong With Me,231133,taylor swift - you belong with me,1238475,Taylor Swift,You Belong With Me,3GCL1PydwsLodcpv0Ll1ch,68,2008,pop,0.687,0.783,6,-4.44,1,0.0386,0.162,1.35e-05,0.114,0.443,129.964,231133,4
2024-10-01 23:36,Charlie Puth,We Don't Talk Anymore (feat. Selena Gomez),217706,charlie puth - we don't talk anymore (feat. selena gomez),224459,Charlie Puth,We Don't Talk Anymore (feat. Selena Gomez),37FXw5QGFN7uwwsLy8uAc0,68,2016,dance,0.728,0.563,1,-8.053,0,0.134,0.621,0.0,0.179,0.352,100.017,217707,4
2024-10-01 23:39,Taylor Swift,London Boy,165900,taylor swift - london boy,406414,Taylor Swift,London Boy,1LLXZFeAHK9R4xUramtUKw,73,2019,pop,0.695,0.71,1,-6.639,1,0.05,0.0246,0.000104,0.133,0.557,157.925,190240,4
2024-10-01 23:43,Ruth B.,Dandelions,233720,ruth b. - dandelions,293465,Ruth B.,Dandelions,2eAvDnpXP5W0cVtiI0PUxV,87,2017,pop,0.609,0.692,1,-2.958,1,0.0259,0.0157,0.0,0.0864,0.454,116.959,233720,3
2024-10-01 23:45,Lana Del Rey,West Coast,28050,lana del rey - west coast,146772,Lana Del Rey,West Coast,5Y6nVaayzitvsD5F7nr3DV,81,2014,pop,0.527,0.591,6,-7.664,0,0.0396,0.194,0.0194,0.0907,0.461,123.167,256760,4
2024-10-01 23:45,Arctic Monkeys,Knee Socks,5070,arctic monkeys - knee socks,77596,Arctic Monkeys,Knee Socks,2LGdO5MtFdyphi2EihANZG,74,2013,garage,0.665,0.542,11,-8.323,0,0.033,0.123,0.00291,0.342,0.587,97.975,257563,4
2024-10-01 23:45,Taylor Swift,The Man,99920,taylor swift - the man,406380,Taylor Swift,The Man,3RauEVgRgj1IuWdJ9fDs70,78,2019,pop,0.777,0.658,0,-5.191,1,0.054,0.0767,0.0,0.0901,0.633,110.048,190360,4
2024-10-01 23:49,The Neighbourhood,Afraid,251186,the neighbourhood - afraid,56398,The Neighbourhood,Afraid,7brQHA2CgQpcMBiOlfiXYb,74,2013,alt-rock,0.464,0.701,6,-5.693,0,0.0411,0.00892,0.309,0.335,0.356,83.996,251187,4
2024-10-01 23:54,Cigarettes After Sex,Kiss It Off Me,269933,cigarettes after sex - kiss it off me,368580,Cigarettes After Sex,Kiss It Off Me,1Mhf6QIO0UuVr2ZvQPgymt,62,2019,ambient,0.521,0.298,4,-12.471,1,0.0258,0.753,0.496,0.111,0.235,80.259,269933,4
2024-10-01 23:58,The Neighbourhood,Fallen Star,224938,the neighbourhood - fallen star,478403,The Neighbourhood,Fallen Star,60F6pgM6H6miNr5AmjxwjL,68,2021,alt-rock,0.603,0.551,10,-6.259,0,0.0304,0.0696,0.0976,0.192,0.439,75.001,224939,4
2024-10-02 00:02,James Arthur,Car's Outside,248373,james arthur - car's outside,406437,James Arthur,Car's Outside,0otRX6Z89qKkHkQ9OqJpKt,81,2019,pop,0.338,0.562,9,-7.181,1,0.029,0.039,0.0,0.107,0.259,149.907,248373,4
2024-10-02 00:12,Arctic Monkeys,I Wanna Be Yours,183956,arctic monkeys - i wanna be yours,77591,Arctic Monkeys,I Wanna Be Yours,5XeFesFbtLpXzIVDNQP22n,91,2013,garage,0.464,0.417,0,-9.345,0,0.0256,0.136,0.022,0.0974,0.479,67.528,183956,4
2024-10-02 00:20,The Neighbourhood,Nervous,245000,the neighbourhood - nervous,311055,The Neighbourhood,Nervous,113xf7t4qNM7038YJvauik,67,2018,alt-rock,0.589,0.614,0,-7.528,0,0.0426,0.0213,0.165,0.31,0.318,119.837,245000,4
2024-10-02 00:28,The Neighbourhood,Baby Came Home,226880,the neighbourhood - baby came home,1880,The Neighbourhood,Baby Came Home,3ypXE4brttsQR3OLLZbLZB,50,2012,alt-rock,0.639,0.571,0,-5.766,1,0.0284,0.0127,0.00283,0.0963,0.273,113.037,226893,4
2024-10-02 00:31,Chase Atlantic,Vibes,216217,chase atlantic - vibes,197787,Chase Atlantic,Vibes,0AIRuNLJPz613ByB1k2W5o,56,2015,pop,0.494,0.88,9,-5.064,1,0.0545,0.0192,0.0,0.187,0.344,100.023,216217,4
2024-10-02 00:35,Chase Atlantic,Swim,228786,chase atlantic - swim,293479,Chase Atlantic,Swim,3M0lSi5WW79CXQamgSBIjx,80,2017,pop,0.666,0.542,8,-6.429,1,0.0392,0.27,0.0,0.0765,0.0771,120.134,228787,4
2024-10-02 00:39,Arctic Monkeys,505,253586,arctic monkeys - 505,1145378,Arctic Monkeys,505,58ge6dfP91o9oXMzq3XkIS,80,2007,garage,0.52,0.852,0,-5.866,1,0.0543,0.00237,5.79e-05,0.0733,0.234,140.267,253587,4
2024-10-02 01:00,Cigarettes After Sex,John Wayne,258483,cigarettes after sex - john wayne,255750,Cigarettes After Sex,John Wayne,5IonbH68pmDKBwcKlyswmR,65,2017,ambient,0.429,0.457,3,-8.375,1,0.0294,0.35,0.859,0.099,0.183,124.033,258013,4
2024-10-02 01:16,Chase Atlantic,Friends,230010,chase atlantic - friends,197528,Chase Atlantic,Friends,2jQiSYrwJehQAcuaaQrXnS,79,2015,pop,0.422,0.609,11,-6.361,0,0.0335,0.0114,4.76e-06,0.108,0.0911,107.34,230011,3
2024-10-02 01:34,Chase Atlantic,Right Here,235000,chase atlantic - right here,293542,Chase Atlantic,Right Here,2KtS31kaWNHs12Q5B43Ixh,70,2017,pop,0.351,0.587,6,-6.413,1,0.0413,0.00516,1.87e-05,0.121,0.221,159.881,235000,4
2024-10-02 04:47,Arctic Monkeys,Arabella,20174,arctic monkeys - arabella,77595,Arctic Monkeys,Arabella,7nzsY8vlnKdvGOEE0rjAXZ,76,2013,garage,0.579,0.558,2,-6.986,1,0.0895,0.0202,1.26e-06,0.212,0.506,179.949,207357,4
2024-10-02 05:56,The Neighbourhood,You Get Me So High,59921,the neighbourhood - you get me so high,311043,The Neighbourhood,You Get Me So High,7zwn1eykZtZ5LODrf7c0tS,81,2018,alt-rock,0.551,0.881,7,-6.099,0,0.0542,0.186,0.0791,0.152,0.387,88.036,153000,4
2024-10-03 04:42,Chase Atlantic,Friends,17564,chase atlantic - friends,197528,Chase Atlantic,Friends,2jQiSYrwJehQAcuaaQrXnS,79,2015,pop,0.422,0.609,11,-6.361,0,0.0335,0.0114,4.76e-06,0.108,0.0911,107.34,230011,3
2024-10-03 04:52,Mandy Moore,"When Will My Life Begin? - From ""Tangled"" / Soundtrack Version",2188,"mandy moore - when will my life begin? - from ""tangled"" / soundtrack version",488022,Mandy Moore,"When Will My Life Begin? - From ""Tangled"" / Soundtrack Version",3NtTKjbIK879ragqZCq3gC,59,2021,dance,0.645,0.45,4,-6.578,1,0.0333,0.0921,0.0,0.0889,0.379,107.875,152213,4
2024-10-03 04:59,The Neighbourhood,Reflections,57371,the neighbourhood - reflections,311045,The Neighbourhood,Reflections,2xql0pid3EUwW38AsywxhV,77,2018,alt-rock,0.648,0.594,11,-7.027,0,0.0293,0.114,0.0462,0.116,0.544,113.983,244013,4
2024-10-03 16:22,Cigarettes After Sex,Cry,256800,cigarettes after sex - cry,368575,Cigarettes After Sex,Cry,0Qr61NXlyAeQaADO5xn3rI,76,2019,ambient,0.409,0.399,7,-10.456,1,0.0275,0.763,0.654,0.112,0.161,142.823,256800,4
2024-10-03 16:25,The Neighbourhood,Scary Love,222666,the neighbourhood - scary love,311068,The Neighbourhood,Scary Love,6TA5aymvVrtiPVbuAwmPIc,65,2018,alt-rock,0.595,0.636,5,-5.981,0,0.0312,9.45e-05,0.0529,0.196,0.147,112.008,222667,4
2024-10-03 16:29,Chase Atlantic,Right Here,235000,chase atlantic - right here,293542,Chase Atlantic,Right Here,2KtS31kaWNHs12Q5B43Ixh,70,2017,pop,0.351,0.587,6,-6.413,1,0.0413,0.00516,1.87e-05,0.121,0.221,159.881,235000,4
2024-10-03 16:47,The Neighbourhood,Compass,167960,the neighbourhood - compass,311053,The Neighbourhood,Compass,0YNtAadZvKBBEFARtfoCV8,69,2018,alt-rock,0.7,0.82,5,-5.499,0,0.0329,0.238,0.318,0.658,0.667,109.998,167960,4
2024-10-03 16:57,Chase Atlantic,Consume (feat. Goon Des Garcons),267920,chase atlantic - consume (feat. goon des garcons),293489,Chase Atlantic,Consume (feat. Goon Des Garcons),0X2bh8NVQ8svDQIn2AdCbW,77,2017,pop,0.556,0.714,9,-5.322,0,0.158,0.07,0.0,0.261,0.434,146.113,267920,4
2024-10-03 17:05,Cigarettes After Sex,Truly,244110,cigarettes after sex - truly,255760,Cigarettes After Sex,Truly,6qwEx0TQJMEqvQdN8hRZDx,57,2017,ambient,0.44,0.387,4,-9.792,1,0.0279,0.148,0.559,0.0844,0.267,96.556,243640,4
2024-10-03 17:13,James Arthur,Car's Outside,248373,james arthur - car's outside,406437,James Arthur,Car's Outside,0otRX6Z89qKkHkQ9OqJpKt,81,2019,pop,0.338,0.562,9,-7.181,1,0.029,0.039,0.0,0.107,0.259,149.907,248373,4
2024-10-03 17:17,The Neighbourhood,Sweater Weather,240400,the neighbourhood - sweater weather,1800,The Neighbourhood,Sweater Weather,4pGqFOfzvfe6avb9kbZicC,60,2012,alt-rock,0.695,0.615,7,-5.325,0,0.042,0.15,0.000212,0.0879,0.414,124.015,240040,4
2024-10-03 17:24,The Neighbourhood,Nervous,245000,the neighbourhood - nervous,311055,The Neighbourhood,Nervous,113xf7t4qNM7038YJvauik,67,2018,alt-rock,0.589,0.614,0,-7.528,0,0.0426,0.0213,0.165,0.31,0.318,119.837,245000,4
2024-10-03 17:31,Chase Atlantic,Friends,230010,chase atlantic - friends,197528,Chase Atlantic,Friends,2jQiSYrwJehQAcuaaQrXnS,79,2015,pop,0.422,0.609,11,-6.361,0,0.0335,0.0114,4.76e-06,0.108,0.0911,107.34,230011,3
2024-10-03 17:34,Cigarettes After Sex,Starry Eyes,206000,cigarettes after sex - starry eyes,2728,Cigarettes After Sex,Starry Eyes,2xfRDWDKOisEXgRnYI58Tb,59,2012,ambient,0.425,0.363,2,-15.32,1,0.0322,0.448,0.321,0.0685,0.12,100.426,206000,4
2024-10-03 17:38,Cigarettes After Sex,Each Time You Fall in Love,18309,cigarettes after sex - each time you fall in love,255751,Cigarettes After Sex,Each Time You Fall In Love,6YbqjyoqQx9p13IndkOzeP,63,2017,ambient,0.383,0.534,10,-8.829,1,0.0277,0.468,0.676,0.14,0.276,76.046,290160,4
2024-10-03 17:38,Arctic Monkeys,R U Mine?,201726,arctic monkeys - r u mine?,23776,Arctic Monkeys,R U Mine?,6XnNiyYTxhxuC0zpP22M7C,34,2012,garage,0.52,0.785,6,-4.765,0,0.0329,0.0468,0.0,0.698,0.679,96.996,200188,4
2024-10-03 17:42,Chase Atlantic,Swim,228786,chase atlantic - swim,293479,Chase Atlantic,Swim,3M0lSi5WW79CXQamgSBIjx,80,2017,pop,0.666,0.542,8,-6.429,1,0.0392,0.27,0.0,0.0765,0.0771,120.134,228787,4
2024-10-03 19:35,Chase Atlantic,Tidal Wave,83753,chase atlantic - tidal wave,350373,Chase Atlantic,Tidal Wave,2b2lL6iY3x1CSOv7QQbp8R,60,2018,pop,0.599,0.609,4,-5.14,1,0.052,0.565,2.11e-05,0.137,0.383,123.967,243707,4
2024-10-03 19:35,Taylor Swift,The Man,3290,taylor swift - the man,406380,Taylor Swift,The Man,3RauEVgRgj1IuWdJ9fDs70,78,2019,pop,0.777,0.658,0,-5.191,1,0.054,0.0767,0.0,0.0901,0.633,110.048,190360,4
2024-10-03 19:47,Adrien de la Salle,Prélude d'une nuit d'automne,160750,adrien de la salle - prélude d'une nuit d'automne,538359,Adrien de la Salle,Prélude d'une nuit d'automne,4gD6w9YOhwZTCVzVM1NI3c,45,2022,classical,0.499,0.0306,9,-24.52,1,0.0501,0.993,0.928,0.107,0.204,128.266,160750,3
2024-10-03 20:33,Camille Saint-Saëns,"Le Carnaval des Animaux, R. 125: XIII. Le cygne",165244,"camille saint-saëns - le carnaval des animaux, r. 125: xiii. le cygne",221096,Camille Saint-Saëns,"Le Carnaval des Animaux, R. 125: XIII. Le Cygne",1VS5xEsdJ76zjnUxHxZR1H,41,2016,classical,0.175,0.0121,7,-35.357,1,0.0441,0.99,0.386,0.1,0.048,84.253,153133,4
2024-10-03 20:33,Camille Saint-Saëns,"Le Carnaval des Animaux, R. 125: XIII. Le cygne",165244,"camille saint-saëns - le carnaval des animaux, r. 125: xiii. le cygne",598296,Camille Saint-Saëns,"Le carnaval des animaux, R. 125: XIII. Le cygne",11MZWf7Jys4IjPio8qS38x,0,2023,french,0.199,0.0957,7,-27.582,1,0.045,0.976,0.389,0.0935,0.041,97.898,172213,3
2024-10-03 21:07,Claude Debussy,"Préludes / Book 1, L. 117: VIII. La Fille Aux Cheveux De Lin",146683,"claude debussy - préludes / book 1, l. 117: viii. la fille aux cheveux de lin",317502,Claude Debussy,"Préludes / Book 1, L. 117: VIII. La fille aux cheveux de lin",5NAIQcA3vCUOC9AxNteyfD,51,2018,classical,0.345,0.00421,6,-33.152,1,0.0511,0.995,0.896,0.0514,0.131,127.845,151440,4
2024-10-03 23:10,Chase Atlantic,HER,169720,chase atlantic - her,406529,Chase Atlantic,HER,5i7g9wTIruXgWKvA83BXlk,64,2019,pop,0.706,0.586,5,-5.404,0,0.066,0.106,5.43e-06,0.169,0.689,139.984,169714,4
2024-10-03 23:15,The Neighbourhood,Prey,282640,the neighbourhood - prey,162945,The Neighbourhood,Prey,38kjFXYgPvtuXCPbHPMGte,63,2015,alt-rock,0.517,0.779,9,-5.005,0,0.0477,0.0258,0.0,0.0622,0.197,115.206,282640,4
2024-10-03 23:19,Chase Atlantic,Drugs & Money - New Mix,239921,chase atlantic - drugs & money - new mix,293587,Chase Atlantic,Drugs & Money - New Mix,4SRyrhBJ5mq8fEa3bsdZn6,65,2017,pop,0.629,0.735,11,-4.826,1,0.0599,0.2,0.0,0.243,0.477,123.996,239922,4
2024-10-04 00:24,Djo,End of Beginning,159245,djo - end of beginning,569335,Djo,End of Beginning,3qhlB30KknSejmIvZZLjOD,66,2022,pop,0.689,0.454,2,-7.643,1,0.0584,0.0351,0.00259,0.0707,0.912,159.982,159246,4
2024-10-04 00:28,Chase Atlantic,Numb to the Feeling,227586,chase atlantic - numb to the feeling,350308,Chase Atlantic,Numb to the Feeling,102cCjW3CnC3sws3qOhie8,63,2018,pop,0.695,0.737,5,-5.75,0,0.122,0.232,0.0,0.136,0.248,129.999,227587,4
2024-10-04 00:34,Chase Atlantic,Vibes,216217,chase atlantic - vibes,197787,Chase Atlantic,Vibes,0AIRuNLJPz613ByB1k2W5o,56,2015,pop,0.494,0.88,9,-5.064,1,0.0545,0.0192,0.0,0.187,0.344,100.023,216217,4
2024-10-04 00:38,Arctic Monkeys,Stop The World I Wanna Get Off With You,24588,arctic monkeys - stop the world i wanna get off with you,77598,Arctic Monkeys,Stop The World I Wanna Get Off With You,2QUlMbvD9bL8wHqfsoqoet,69,2013,garage,0.661,0.73,6,-6.779,0,0.0574,0.0537,3.44e-05,0.14,0.53,95.027,191040,4
2024-10-04 00:41,The Neighbourhood,Void,203666,the neighbourhood - void,311061,The Neighbourhood,Void,2wXioTynVwrEWYRv6R6vEj,66,2018,alt-rock,0.534,0.582,5,-7.912,1,0.0401,0.047,0.0328,0.0883,0.346,84.183,203667,4
2024-10-04 00:47,The Neighbourhood,Scary Love,222666,the neighbourhood - scary love,311068,The Neighbourhood,Scary Love,6TA5aymvVrtiPVbuAwmPIc,65,2018,alt-rock,0.595,0.636,5,-5.981,0,0.0312,9.45e-05,0.0529,0.196,0.147,112.008,222667,4
2024-10-04 00:58,Cigarettes After Sex,Sunsetz,145159,cigarettes after sex - sunsetz,255747,Cigarettes After Sex,Sunsetz,69UqtTHfUKAJweQwEStRzC,77,2017,ambient,0.412,0.477,9,-9.381,0,0.029,0.0542,0.798,0.0975,0.141,75.302,214680,4
2024-10-04 01:02,Cigarettes After Sex,Opera House,9056,cigarettes after sex - opera house,255753,Cigarettes After Sex,Opera House,0syIc2ocYBIKASFqifvwRz,63,2017,ambient,0.319,0.293,5,-14.145,1,0.0378,0.734,0.85,0.0971,0.0689,115.481,364680,4
2024-10-04 01:02,Cigarettes After Sex,Opera House,5980,cigarettes after sex - opera house,255753,Cigarettes After Sex,Opera House,0syIc2ocYBIKASFqifvwRz,63,2017,ambient,0.319,0.293,5,-14.145,1,0.0378,0.734,0.85,0.0971,0.0689,115.481,364680,4
2024-10-04 01:02,The Neighbourhood,Softcore,580,the neighbourhood - softcore,311042,The Neighbourhood,Softcore,2K7xn816oNHJZ0aVqdQsha,84,2018,alt-rock,0.575,0.568,9,-5.509,0,0.03,0.0484,0.000417,0.286,0.37,93.986,206280,4
2024-10-04 01:10,The Neighbourhood,Softcore,7360,the neighbourhood - softcore,311042,The Neighbourhood,Softcore,2K7xn816oNHJZ0aVqdQsha,84,2018,alt-rock,0.575,0.568,9,-5.509,0,0.03,0.0484,0.000417,0.286,0.37,93.986,206280,4
2024-10-04 01:15,Taylor Swift,Karma,31116,taylor swift - karma,569212,Taylor Swift,Karma,7KokYm8cMIXCsGVmUvKtqf,80,2022,pop,0.642,0.62,8,-7.091,1,0.0666,0.0734,0.0,0.483,0.0969,90.02,204852,4
2024-10-04 01:15,Lana Del Rey,Cinnamon Girl,300683,lana del rey - cinnamon girl,406385,Lana Del Rey,Cinnamon Girl,2mdEsXPu8ZmkHRRtAdC09e,79,2019,pop,0.294,0.337,6,-10.614,0,0.036,0.814,0.414,0.14,0.135,91.781,300683,5
2024-10-04 01:19,Taylor Swift,Wildest Dreams,220440,taylor swift - wildest dreams,146777,Taylor Swift,Wildest Dreams,59HjlYCeBsxdI0fcm3zglw,71,2014,pop,0.554,0.666,8,-7.414,1,0.0747,0.0702,0.00593,0.106,0.472,140.056,220440,4
2024-10-04 01:25,7!!,オレンジ,350106,7!! - オレンジ,297466,7!!,オレンジ,1iOQmZULzzkDN1hQZNoDii,49,2017,rock,0.4,0.563,7,-4.023,1,0.0319,0.194,0.0,0.162,0.311,172.027,350107,4
2024-10-04 01:28,Lana Del Rey,"Once Upon a Dream - From ""Maleficent"" / Pop Version",203080,"lana del rey - once upon a dream - from ""maleficent"" / pop version",146828,Lana Del Rey,"Once Upon a Dream - From ""Maleficent"" / Pop Version",3liiZRlJxa8GeLUgWMoIeu,64,2014,pop,0.289,0.274,5,-16.574,1,0.0353,0.659,0.0166,0.109,0.167,119.997,203080,3
2024-10-04 01:54,Ruth B.,Dandelions,83393,ruth b. - dandelions,293465,Ruth B.,Dandelions,2eAvDnpXP5W0cVtiI0PUxV,87,2017,pop,0.609,0.692,1,-2.958,1,0.0259,0.0157,0.0,0.0864,0.454,116.959,233720,3
2024-10-04 01:56,beabadoobee,the perfect pair,177533,beabadoobee - the perfect pair,561972,beabadoobee,the perfect pair,41P6Tnd8KIHqON0QIydx6a,78,2022,indie-pop,0.634,0.663,11,-6.818,1,0.0331,0.433,0.124,0.102,0.6,146.053,177533,4
2024-10-04 02:00,Taylor Swift,Speak Now,240760,taylor swift - speak now,1380435,Taylor Swift,Speak Now,24DefNCFiWTP8OjYWiXuYe,62,2010,pop,0.709,0.599,7,-3.734,1,0.0304,0.095,0.0,0.0973,0.735,118.975,240760,4
2024-10-04 02:07,SZA,Snooze,201800,sza - snooze,569186,SZA,Snooze,4iZ4pt7kvcaH6Yo8UoZ4s2,90,2022,pop,0.559,0.551,5,-7.231,1,0.132,0.141,0.0,0.11,0.392,143.008,201800,4
2024-10-04 02:11,Selena Gomez,Fetish (feat. Gucci Mane),186112,selena gomez - fetish (feat. gucci mane),264809,Selena Gomez,Fetish (feat. Gucci Mane),4lnAN2S1fcI0SjxEbksZVr,71,2017,dance,0.708,0.618,2,-4.424,1,0.0592,0.0204,6.81e-06,0.062,0.265,123.013,186113,4
2024-10-04 02:14,James Arthur,Car's Outside,1120,james arthur - car's outside,406437,James Arthur,Car's Outside,0otRX6Z89qKkHkQ9OqJpKt,81,2019,pop,0.338,0.562,9,-7.181,1,0.029,0.039,0.0,0.107,0.259,149.907,248373,4
2024-10-04 02:14,Sabrina Carpenter,Feather,25058,sabrina carpenter - feather,591140,Sabrina Carpenter,Feather,2Zo1PcszsT9WQ0ANntJbID,67,2023,dance,0.787,0.686,6,-4.37,0,0.0339,0.0893,0.0,0.0927,0.836,123.51,185553,4
2024-10-04 02:14,Lana Del Rey,Summertime Sadness,1100,lana del rey - summertime sadness,40349,Lana Del Rey,Summertime Sadness,1Ist6PR2BZR3n2z2Y5R6S1,73,2012,pop,0.566,0.647,1,-6.815,0,0.0335,0.0477,0.0,0.121,0.22,111.96,264773,4
2024-10-04 02:17,Laufey,Valentine,168906,laufey - valentine,577935,Laufey,Valentine,6cx5CvFhqN19efStehJqoW,72,2022,singer-songwriter,0.472,0.204,3,-13.065,1,0.0452,0.917,0.0,0.107,0.224,82.51,168907,4
2024-10-04 02:20,Sasha Alex Sloan,Dancing With Your Ghost,197732,sasha alex sloan - dancing with your ghost,384327,Sasha Alex Sloan,Dancing With Your Ghost,1TQXIltqoZ5XXyfCbAeSQQ,78,2019,electro,0.629,0.328,11,-8.284,1,0.029,0.768,2.5e-05,0.103,0.389,74.953,197732,4
2024-10-04 06:13,Justin Bieber,Ghost,153190,justin bieber - ghost,515568,Justin Bieber,Ghost,6I3mqTwhRpn34SLVafSH7G,85,2021,pop,0.601,0.741,2,-5.569,1,0.0478,0.185,2.91e-05,0.415,0.441,153.96,153190,4
2024-10-04 06:17,Taylor Swift,We Are Never Ever Getting Back Together,191880,taylor swift - we are never ever getting back together,40360,Taylor Swift,We Are Never Ever Getting Back Together,0VwNdo84DaVYLIkbVO86ND,74,2012,pop,0.628,0.676,7,-5.911,1,0.0916,0.00957,2.65e-05,0.121,0.75,85.984,193147,4
2024-10-04 06:24,Sixpence None The Richer,Kiss Me,208680,sixpence none the richer - kiss me,901251,Sixpence None The Richer,Kiss Me,2aZ5oYPdDbLNRIUghXM9EV,39,2003,pop,0.475,0.898,3,-4.776,1,0.0442,0.00379,0.00108,0.082,0.351,100.127,199093,4
2024-10-04 06:28,Taylor Swift,Lover,221306,taylor swift - lover,406372,Taylor Swift,Lover,1dGr1c8CrMLDpV6mPbImSI,83,2019,pop,0.359,0.543,7,-7.582,1,0.0919,0.492,1.58e-05,0.118,0.453,68.534,221307,4
2024-10-04 06:31,Lana Del Rey,Doin' Time,202192,lana del rey - doin' time,406379,Lana Del Rey,Doin' Time,0Oqc0kKFsQ6MhFOLBNZIGX,81,2019,pop,0.641,0.559,7,-11.132,0,0.0355,0.404,0.00402,0.0937,0.523,144.982,202193,4
2024-10-04 07:08,Taylor Swift,Daylight,217898,taylor swift - daylight,406418,Taylor Swift,Daylight,1fzAuUVbzlhZ1lJAx9PtY6,73,2019,pop,0.557,0.496,0,-9.602,1,0.0563,0.808,0.000173,0.0772,0.265,149.983,293453,4
2024-10-05 21:45,Michele Nobler,Illusion,130250,michele nobler - illusion,538613,Michele Nobler,Illusion,7D8QsMgDGGBvPjBTPZUIzD,34,2022,classical,0.323,0.0331,1,-27.741,1,0.0312,0.951,0.917,0.114,0.165,98.416,130250,4
2024-10-05 22:06,Cameron Segal,Past Reflections,139694,cameron segal - past reflections,538282,Cameron Segal,Past Reflections,4qcYE0RRcpEB8ISLnQdYoP,48,2022,classical,0.511,0.0465,4,-25.711,0,0.0417,0.995,0.956,0.0801,0.31,130.43,139695,4
2024-10-05 22:34,Chase Atlantic,Consume (feat. Goon Des Garcons),256780,chase atlantic - consume (feat. goon des garcons),293489,Chase Atlantic,Consume (feat. Goon Des Garcons),0X2bh8NVQ8svDQIn2AdCbW,77,2017,pop,0.556,0.714,9,-5.322,0,0.158,0.07,0.0,0.261,0.434,146.113,267920,4
2024-10-05 23:52,Camille Saint-Saëns,"Le Carnaval des Animaux, R. 125: XIII. Le cygne",56478,"camille saint-saëns - le carnaval des animaux, r. 125: xiii. le cygne",221096,Camille Saint-Saëns,"Le Carnaval des Animaux, R. 125: XIII. Le Cygne",1VS5xEsdJ76zjnUxHxZR1H,41,2016,classical,0.175,0.0121,7,-35.357,1,0.0441,0.99,0.386,0.1,0.048,84.253,153133,4
2024-10-05 23:52,Camille Saint-Saëns,"Le Carnaval des Animaux, R. 125: XIII. Le cygne",56478,"camille saint-saëns - le carnaval des animaux, r. 125: xiii. le cygne",598296,Camille Saint-Saëns,"Le carnaval des animaux, R. 125: XIII. Le cygne",11MZWf7Jys4IjPio8qS38x,0,2023,french,0.199,0.0957,7,-27.582,1,0.045,0.976,0.389,0.0935,0.041,97.898,172213,3
2024-10-06 00:14,Ariana Grande,34+35,173710,ariana grande - 34+35,433213,Ariana Grande,34+35,6Im9k8u9iIzKMrmV7BWtlF,78,2020,dance,0.83,0.585,0,-6.476,1,0.094,0.237,0.0,0.248,0.485,109.978,173711,4
2024-10-06 00:19,Ariana Grande,34+35,143560,ariana grande - 34+35,433213,Ariana Grande,34+35,6Im9k8u9iIzKMrmV7BWtlF,78,2020,dance,0.83,0.585,0,-6.476,1,0.094,0.237,0.0,0.248,0.485,109.978,173711,4
2024-10-06 00:19,Ariana Grande,Side To Side,1380,ariana grande - side to side,224460,Ariana Grande,Side To Side,43bCmCI0nSgcT7QdMXY6LV,67,2016,dance,0.65,0.736,6,-5.84,0,0.229,0.0528,0.0,0.235,0.613,159.173,226160,4
2024-10-06 05:56,Ariana Grande,Side To Side,222430,ariana grande - side to side,224460,Ariana Grande,Side To Side,43bCmCI0nSgcT7QdMXY6LV,67,2016,dance,0.65,0.736,6,-5.84,0,0.229,0.0528,0.0,0.235,0.613,159.173,226160,4
2024-10-06 10:43,Ellie Goulding,Love Me Like You Do,22310,ellie goulding - love me like you do,321052,Ellie Goulding,Love Me Like You Do,0Cy7wt6IlRfBPHXXjmZbcP,76,2018,dance,0.489,0.597,5,-6.633,0,0.0292,0.27,0.0,0.105,0.324,95.012,253520,4
2024-10-06 10:43,Ellie Goulding,Love Me Like You Do,253520,ellie goulding - love me like you do,321052,Ellie Goulding,Love Me Like You Do,0Cy7wt6IlRfBPHXXjmZbcP,76,2018,dance,0.489,0.597,5,-6.633,0,0.0292,0.27,0.0,0.105,0.324,95.012,253520,4
2024-10-06 10:48,ZAYN,I Don’t Wanna Live Forever (Fifty Shades Darker),173589,zayn - i don’t wanna live forever (fifty shades darker),264785,ZAYN,I Don’t Wanna Live Forever (Fifty Shades Darker),55n9yjI6qqXh5F2mYvUc2y,77,2017,dance,0.731,0.445,0,-8.418,1,0.0533,0.0586,1.96e-05,0.14,0.106,117.97,247160,4
2024-10-08 19:30,Taylor Swift,We Are Never Ever Getting Back Together,12530,taylor swift - we are never ever getting back together,40360,Taylor Swift,We Are Never Ever Getting Back Together,0VwNdo84DaVYLIkbVO86ND,74,2012,pop,0.628,0.676,7,-5.911,1,0.0916,0.00957,2.65e-05,0.121,0.75,85.984,193147,4
2024-10-08 19:30,ZAYN,I Don’t Wanna Live Forever (Fifty Shades Darker),12090,zayn - i don’t wanna live forever (fifty shades darker),264785,ZAYN,I Don’t Wanna Live Forever (Fifty Shades Darker),55n9yjI6qqXh5F2mYvUc2y,77,2017,dance,0.731,0.445,0,-8.418,1,0.0533,0.0586,1.96e-05,0.14,0.106,117.97,247160,4
2024-10-08 19:41,beabadoobee,the perfect pair,177533,beabadoobee - the perfect pair,561972,beabadoobee,the perfect pair,41P6Tnd8KIHqON0QIydx6a,78,2022,indie-pop,0.634,0.663,11,-6.818,1,0.0331,0.433,0.124,0.102,0.6,146.053,177533,4
2024-10-08 19:47,Taylor Swift,Enchanted,352186,taylor swift - enchanted,1380362,Taylor Swift,Enchanted,10eBRyImhfqVvkiVEGf0N0,73,2010,pop,0.455,0.623,8,-3.878,1,0.0288,0.0739,0.000424,0.146,0.208,163.893,352187,4
2024-10-08 19:55,Taylor Swift,All Of The Girls You Loved Before,221407,taylor swift - all of the girls you loved before,406371,Taylor Swift,All Of The Girls You Loved Before,4P9Q0GojKVXpRTJCaL3kyy,82,2019,pop,0.718,0.467,2,-9.66,1,0.0398,0.707,6.92e-05,0.126,0.396,95.96,221407,3
2024-10-08 19:57,Ruth B.,Lost Boy,3169,ruth b. - lost boy,197564,Ruth B.,Lost Boy,4h0zU3O9R5xzuTmNO7dNDU,70,2015,pop,0.71,0.0565,7,-15.099,1,0.0534,0.965,0.0,0.0889,0.348,123.994,275280,4
2024-10-08 19:57,beabadoobee,Glue Song,135066,beabadoobee - glue song,606469,beabadoobee,Glue Song,3iBgrkexCzVuPy4O9vx7Mf,82,2023,indie-pop,0.62,0.409,1,-10.146,1,0.0282,0.77,0.0542,0.105,0.582,113.946,135067,3
2024-10-08 19:59,Taylor Swift,Anti-Hero,4610,taylor swift - anti-hero,569187,Taylor Swift,Anti-Hero,0V3wPSX9ygBnCm8psDIegu,92,2022,pop,0.637,0.643,4,-6.571,1,0.0519,0.13,1.8e-06,0.142,0.533,97.008,200690,4
2024-10-08 20:03,Lana Del Rey,Chemtrails Over The Country Club,271176,lana del rey - chemtrails over the country club,515662,Lana Del Rey,Chemtrails Over The Country Club,7bPWdJgx8vek7S5i5yAtvG,70,2021,pop,0.334,0.276,4,-13.125,0,0.0643,0.877,0.000249,0.113,0.429,201.025,271177,3
2024-10-08 20:07,Lana Del Rey,Young And Beautiful,236053,lana del rey - young and beautiful,93567,Lana Del Rey,Young And Beautiful,2nMeu6UenVvwUktBCpLMK9,81,2013,pop,0.324,0.416,11,-8.92,0,0.0368,0.262,3.69e-05,0.11,0.151,113.986,236053,4
2024-10-08 20:12,Lana Del Rey,Young And Beautiful,920,lana del rey - young and beautiful,93567,Lana Del Rey,Young And Beautiful,2nMeu6UenVvwUktBCpLMK9,81,2013,pop,0.324,0.416,11,-8.92,0,0.0368,0.262,3.69e-05,0.11,0.151,113.986,236053,4
2024-10-08 20:12,Taylor Swift,Bejeweled,3700,taylor swift - bejeweled,569211,Taylor Swift,Bejeweled,3qoftcUZaUOncvIYjFSPdE,80,2022,pop,0.696,0.559,7,-9.19,1,0.0693,0.0618,5.58e-05,0.0887,0.433,163.999,194166,4
2024-10-08 20:12,Taylor Swift,Bejeweled,18,taylor swift - bejeweled,569211,Taylor Swift,Bejeweled,3qoftcUZaUOncvIYjFSPdE,80,2022,pop,0.696,0.559,7,-9.19,1,0.0693,0.0618,5.58e-05,0.0887,0.433,163.999,194166,4
2024-10-08 20:30,The Neighbourhood,Baby Came Home,226880,the neighbourhood - baby came home,1880,The Neighbourhood,Baby Came Home,3ypXE4brttsQR3OLLZbLZB,50,2012,alt-rock,0.639,0.571,0,-5.766,1,0.0284,0.0127,0.00283,0.0963,0.273,113.037,226893,4
2024-10-08 20:34,Cigarettes After Sex,Heavenly,262550,cigarettes after sex - heavenly,368576,Cigarettes After Sex,Heavenly,1Bh0UzthW8pKEnYg7v40Oa,69,2019,ambient,0.539,0.431,8,-9.298,1,0.0249,0.628,0.653,0.11,0.122,105.156,288595,4
2024-10-08 20:48,Chase Atlantic,Friends,230010,chase atlantic - friends,197528,Chase Atlantic,Friends,2jQiSYrwJehQAcuaaQrXnS,79,2015,pop,0.422,0.609,11,-6.361,0,0.0335,0.0114,4.76e-06,0.108,0.0911,107.34,230011,3
2024-10-08 20:59,Chase Atlantic,Church,220000,chase atlantic - church,293564,Chase Atlantic,Church,7bbYT48HWWIbL3YKmtMNzn,68,2017,pop,0.556,0.824,5,-4.539,0,0.0548,0.0109,0.0,0.112,0.292,112.99,220000,4
2024-10-08 21:02,Cigarettes After Sex,Each Time You Fall in Love,178363,cigarettes after sex - each time you fall in love,255751,Cigarettes After Sex,Each Time You Fall In Love,6YbqjyoqQx9p13IndkOzeP,63,2017,ambient,0.383,0.534,10,-8.829,1,0.0277,0.468,0.676,0.14,0.276,76.046,290160,4
2024-10-08 21:05,Chase Atlantic,Okay,212306,chase atlantic - okay,293566,Chase Atlantic,Okay,492PZFHvGTm3RZZYeeUVWT,67,2017,pop,0.614,0.815,0,-6.784,1,0.131,0.112,0.0,0.121,0.431,130.049,212307,4
2024-10-08 21:09,Chase Atlantic,The Walls,229840,chase atlantic - the walls,293625,Chase Atlantic,The Walls,5pXui9rkf5W90DgZobuDiK,62,2017,pop,0.357,0.704,0,-6.925,0,0.0828,0.326,1.54e-06,0.124,0.225,144.172,229840,4
2024-10-08 23:26,Arctic Monkeys,R U Mine?,1820,arctic monkeys - r u mine?,23776,Arctic Monkeys,R U Mine?,6XnNiyYTxhxuC0zpP22M7C,34,2012,garage,0.52,0.785,6,-4.765,0,0.0329,0.0468,0.0,0.698,0.679,96.996,200188,4
2024-10-08 23:26,Arctic Monkeys,Why'd You Only Call Me When You're High?,51430,arctic monkeys - why'd you only call me when you're high?,77592,Arctic Monkeys,Why'd You Only Call Me When You're High?,086myS9r57YsLbJpU0TgK9,85,2013,garage,0.691,0.631,2,-6.478,1,0.0368,0.0483,1.13e-05,0.104,0.8,92.004,161124,4
2024-10-08 23:30,Arctic Monkeys,Cornerstone,197973,arctic monkeys - cornerstone,1286929,Arctic Monkeys,Cornerstone,3MC4XRbQADJdW9IIIwbe2u,53,2009,garage,0.287,0.721,9,-5.81,1,0.0387,0.00764,0.0,0.328,0.763,169.252,197973,4
2024-10-08 23:36,The Neighbourhood,Nervous,245000,the neighbourhood - nervous,311055,The Neighbourhood,Nervous,113xf7t4qNM7038YJvauik,67,2018,alt-rock,0.589,0.614,0,-7.528,0,0.0426,0.0213,0.165,0.31,0.318,119.837,245000,4
2024-10-08 23:43,The Neighbourhood,Softcore,206280,the neighbourhood - softcore,311042,The Neighbourhood,Softcore,2K7xn816oNHJZ0aVqdQsha,84,2018,alt-rock,0.575,0.568,9,-5.509,0,0.03,0.0484,0.000417,0.286,0.37,93.986,206280,4
2024-10-08 23:48,The Neighbourhood,Prey,282640,the neighbourhood - prey,162945,The Neighbourhood,Prey,38kjFXYgPvtuXCPbHPMGte,63,2015,alt-rock,0.517,0.779,9,-5.005,0,0.0477,0.0258,0.0,0.0622,0.197,115.206,282640,4
2024-10-08 23:52,The Neighbourhood,W.D.Y.W.F.M?,259413,the neighbourhood - w.d.y.w.f.m?,56407,The Neighbourhood,W.D.Y.W.F.M?,3vooOYHU0Fi3ViCG7Ozh0Y,65,2013,alt-rock,0.557,0.845,8,-2.926,0,0.0346,0.0303,0.00851,0.354,0.508,123.997,259413,4
2024-10-09 00:08,Cigarettes After Sex,Opera House,365150,cigarettes after sex - opera house,255753,Cigarettes After Sex,Opera House,0syIc2ocYBIKASFqifvwRz,63,2017,ambient,0.319,0.293,5,-14.145,1,0.0378,0.734,0.85,0.0971,0.0689,115.481,364680,4
2024-10-09 00:13,The Neighbourhood,Void,203666,the neighbourhood - void,311061,The Neighbourhood,Void,2wXioTynVwrEWYRv6R6vEj,66,2018,alt-rock,0.534,0.582,5,-7.912,1,0.0401,0.047,0.0328,0.0883,0.346,84.183,203667,4
2024-10-09 00:24,Chase Atlantic,Numb to the Feeling,227586,chase atlantic - numb to the feeling,350308,Chase Atlantic,Numb to the Feeling,102cCjW3CnC3sws3qOhie8,63,2018,pop,0.695,0.737,5,-5.75,0,0.122,0.232,0.0,0.136,0.248,129.999,227587,4
2024-10-09 00:33,Cigarettes After Sex,K.,320030,cigarettes after sex - k.,215605,Cigarettes After Sex,K.,36Zs84njjWZD3TGYE77WPC,47,2016,ambient,0.454,0.404,3,-10.26,1,0.027,0.146,0.819,0.141,0.313,94.113,319560,4
2024-10-09 00:40,Cigarettes After Sex,Pure,254626,cigarettes after sex - pure,368590,Cigarettes After Sex,Pure,5EYkide3NzE6gDIHvd4Pvz,53,2019,ambient,0.521,0.211,6,-13.489,0,0.0324,0.544,0.836,0.101,0.0412,134.285,254627,3
2024-10-09 00:43,Chase Atlantic,LUST,204106,chase atlantic - lust,406673,Chase Atlantic,LUST,51t7nQOI35g07O0z4fflO1,57,2019,pop,0.641,0.755,4,-6.274,1,0.244,0.018,0.000443,0.159,0.477,131.954,204107,4
2024-10-09 00:47,The Neighbourhood,Baby Came Home,226880,the neighbourhood - baby came home,1880,The Neighbourhood,Baby Came Home,3ypXE4brttsQR3OLLZbLZB,50,2012,alt-rock,0.639,0.571,0,-5.766,1,0.0284,0.0127,0.00283,0.0963,0.273,113.037,226893,4
2024-10-09 00:58,ZAYN,I Don’t Wanna Live Forever (Fifty Shades Darker),247160,zayn - i don’t wanna live forever (fifty shades darker),264785,ZAYN,I Don’t Wanna Live Forever (Fifty Shades Darker),55n9yjI6qqXh5F2mYvUc2y,77,2017,dance,0.731,0.445,0,-8.418,1,0.0533,0.0586,1.96e-05,0.14,0.106,117.97,247160,4
2024-10-09 01:03,Chase Atlantic,Consume (feat. Goon Des Garcons),267920,chase atlantic - consume (feat. goon des garcons),293489,Chase Atlantic,Consume (feat. Goon Des Garcons),0X2bh8NVQ8svDQIn2AdCbW,77,2017,pop,0.556,0.714,9,-5.322,0,0.158,0.07,0.0,0.261,0.434,146.113,267920,4
2024-10-09 01:07,Arctic Monkeys,She's Thunderstorms,234920,arctic monkeys - she's thunderstorms,1428149,Arctic Monkeys,She's Thunderstorms,5qm8ISXOho1EvFj6e4f4bG,46,2011,garage,0.505,0.898,7,-4.906,1,0.0329,0.000518,0.00236,0.173,0.731,118.929,234920,4
2024-10-09 04:46,The Neighbourhood,Baby Came Home 2 / Valentines,260562,the neighbourhood - baby came home 2 / valentines,162929,The Neighbourhood,Baby Came Home 2 / Valentines,40gvh6jP5qxMJuMmF9lG9A,67,2015,alt-rock,0.21,0.499,2,-9.754,0,0.0485,0.0687,0.00315,0.773,0.108,74.094,390493,4
2024-10-10 15:13,The Neighbourhood,Baby Came Home 2 / Valentines,12920,the neighbourhood - baby came home 2 / valentines,162929,The Neighbourhood,Baby Came Home 2 / Valentines,40gvh6jP5qxMJuMmF9lG9A,67,2015,alt-rock,0.21,0.499,2,-9.754,0,0.0485,0.0687,0.00315,0.773,0.108,74.094,390493,4
2024-10-10 15:21,Arctic Monkeys,Do I Wanna Know?,272394,arctic monkeys - do i wanna know?,77593,Arctic Monkeys,Do I Wanna Know?,5FVd6KXrgO9B3JPmC8OPst,86,2013,garage,0.548,0.532,5,-7.596,1,0.0323,0.186,0.000263,0.217,0.405,85.03,272394,4
2024-10-10 15:25,Chase Atlantic,Vibes,216217,chase atlantic - vibes,197787,Chase Atlantic,Vibes,0AIRuNLJPz613ByB1k2W5o,56,2015,pop,0.494,0.88,9,-5.064,1,0.0545,0.0192,0.0,0.187,0.344,100.023,216217,4
2024-10-10 15:28,Arctic Monkeys,Stop The World I Wanna Get Off With You,191040,arctic monkeys - stop the world i wanna get off with you,77598,Arctic Monkeys,Stop The World I Wanna Get Off With You,2QUlMbvD9bL8wHqfsoqoet,69,2013,garage,0.661,0.73,6,-6.779,0,0.0574,0.0537,3.44e-05,0.14,0.53,95.027,191040,4
2024-10-10 15:31,Chase Atlantic,Into It,196767,chase atlantic - into it,293490,Chase Atlantic,Into It,4HwDCXsMBC7SUdp2WT4MZP,77,2017,pop,0.518,0.572,10,-6.706,0,0.0416,0.0503,2.41e-05,0.129,0.291,130.053,196767,4
2024-10-10 15:35,Cults,Always Forever,223746,cults - always forever,87537,Cults,Always Forever,2enPRFda84VE2wtI8c86Uf,78,2013,indie-pop,0.174,0.742,8,-5.93,1,0.0485,0.00181,0.281,0.198,0.36,163.378,223747,4
2024-10-10 15:39,James Arthur,Car's Outside,248373,james arthur - car's outside,406437,James Arthur,Car's Outside,0otRX6Z89qKkHkQ9OqJpKt,81,2019,pop,0.338,0.562,9,-7.181,1,0.029,0.039,0.0,0.107,0.259,149.907,248373,4
2024-10-10 15:46,Cigarettes After Sex,You're the Only Good Thing In My Life,176603,cigarettes after sex - you're the only good thing in my life,368583,Cigarettes After Sex,You're the Only Good Thing in My Life,69BeOEL0DFLwA3WplXJxX5,59,2019,ambient,0.462,0.288,5,-11.199,1,0.0288,0.781,0.756,0.131,0.0589,130.164,275187,4
2024-10-10 15:50,Chase Atlantic,OHMAMI,226835,chase atlantic - ohmami,515742,Chase Atlantic,OHMAMI,2zVaxB54fNngkbWs5uZnla,66,2021,pop,0.625,0.717,10,-5.796,0,0.121,0.0476,8.73e-05,0.277,0.398,126.004,226835,4
2024-10-10 15:55,Cigarettes After Sex,Apocalypse,290616,cigarettes after sex - apocalypse,255746,Cigarettes After Sex,Apocalypse,3AVrVz5rK8Hrqo9YGiVGN5,81,2017,ambient,0.369,0.467,5,-9.018,1,0.0274,0.0194,0.46,0.109,0.174,94.473,290147,4
2024-10-10 16:10,The Neighbourhood,Sadderdaze,245826,the neighbourhood - sadderdaze,311120,The Neighbourhood,Sadderdaze,7sIYHDxjteT6RY29gAGzP2,57,2018,alt-rock,0.414,0.527,4,-4.749,0,0.0287,0.00971,5.05e-05,0.145,0.306,120.009,245827,4
2024-10-10 16:13,Cigarettes After Sex,Heavenly,63106,cigarettes after sex - heavenly,368576,Cigarettes After Sex,Heavenly,1Bh0UzthW8pKEnYg7v40Oa,69,2019,ambient,0.539,0.431,8,-9.298,1,0.0249,0.628,0.653,0.11,0.122,105.156,288595,4
2024-10-10 16:16,beabadoobee,the perfect pair,177533,beabadoobee - the perfect pair,561972,beabadoobee,the perfect pair,41P6Tnd8KIHqON0QIydx6a,78,2022,indie-pop,0.634,0.663,11,-6.818,1,0.0331,0.433,0.124,0.102,0.6,146.053,177533,4
2024-10-10 16:19,Taylor Swift,You Belong With Me,6024,taylor swift - you belong with me,1238475,Taylor Swift,You Belong With Me,3GCL1PydwsLodcpv0Ll1ch,68,2008,pop,0.687,0.783,6,-4.44,1,0.0386,0.162,1.35e-05,0.114,0.443,129.964,231133,4
2024-10-10 16:19,Sasha Alex Sloan,Dancing With Your Ghost,197732,sasha alex sloan - dancing with your ghost,384327,Sasha Alex Sloan,Dancing With Your Ghost,1TQXIltqoZ5XXyfCbAeSQQ,78,2019,electro,0.629,0.328,11,-8.284,1,0.029,0.768,2.5e-05,0.103,0.389,74.953,197732,4
2024-10-10 16:37,Gwen Stefani,Luxurious,247198,gwen stefani - luxurious,931096,Gwen Stefani,Luxurious,3UQmoVQJqBYauTZLVPs3uo,62,2004,dance,0.811,0.726,0,-3.995,1,0.0813,0.154,0.0,0.116,0.666,131.027,264920,4
2024-10-10 16:37,Ruth B.,Lost Boy,1760,ruth b. - lost boy,197564,Ruth B.,Lost Boy,4h0zU3O9R5xzuTmNO7dNDU,70,2015,pop,0.71,0.0565,7,-15.099,1,0.0534,0.965,0.0,0.0889,0.348,123.994,275280,4
2024-10-10 20:41,Daniel Paterok,Winter,193852,daniel paterok - winter,261332,Daniel Paterok,Winter,6Zz93sBM7mwAv7j1Jhm4ok,33,2017,classical,0.218,0.136,0,-18.375,0,0.0344,0.986,0.918,0.112,0.089,72.903,193852,3
2024-10-10 20:50,Fabrizio Paterlini,Rue des trois frères,111442,fabrizio paterlini - rue des trois frères,1334241,Fabrizio Paterlini,Rue des trois frères,3lSOZb5rruEnFbe9xWELF6,67,2010,ambient,0.348,0.169,1,-18.45,1,0.0413,0.959,0.889,0.1,0.107,138.877,111443,3
2024-10-10 22:51,Lana Del Rey,Art Deco,295066,lana del rey - art deco,197562,Lana Del Rey,Art Deco,5jqNQZBwbZWQXPWfo0ygZF,72,2015,pop,0.282,0.464,11,-11.112,0,0.0533,0.544,0.215,0.111,0.0596,148.345,295067,5
2024-10-11 00:39,Lana Del Rey,Chemtrails Over The Country Club,271176,lana del rey - chemtrails over the country club,515662,Lana Del Rey,Chemtrails Over The Country Club,7bPWdJgx8vek7S5i5yAtvG,70,2021,pop,0.334,0.276,4,-13.125,0,0.0643,0.877,0.000249,0.113,0.429,201.025,271177,3
2024-10-11 00:42,Sabrina Carpenter,Looking at Me,166546,sabrina carpenter - looking at me,377696,Sabrina Carpenter,Looking at Me,59tskctgqUmjCWAwhzYAFm,71,2019,dance,0.681,0.798,2,-4.367,1,0.0375,0.00398,5.11e-06,0.0542,0.516,105.99,181120,4
2024-10-11 00:44,Arctic Monkeys,Knee Socks,3180,arctic monkeys - knee socks,77596,Arctic Monkeys,Knee Socks,2LGdO5MtFdyphi2EihANZG,74,2013,garage,0.665,0.542,11,-8.323,0,0.033,0.123,0.00291,0.342,0.587,97.975,257563,4
2024-10-11 00:48,Chase Atlantic,Into It,196767,chase atlantic - into it,293490,Chase Atlantic,Into It,4HwDCXsMBC7SUdp2WT4MZP,77,2017,pop,0.518,0.572,10,-6.706,0,0.0416,0.0503,2.41e-05,0.129,0.291,130.053,196767,4
2024-10-11 00:58,Cigarettes After Sex,Truly,244110,cigarettes after sex - truly,255760,Cigarettes After Sex,Truly,6qwEx0TQJMEqvQdN8hRZDx,57,2017,ambient,0.44,0.387,4,-9.792,1,0.0279,0.148,0.559,0.0844,0.267,96.556,243640,4
2024-10-11 01:03,Chase Atlantic,HEAVEN AND BACK,248240,chase atlantic - heaven and back,406526,Chase Atlantic,HEAVEN AND BACK,5dewQ7ojISR32NAYNHFYWC,66,2019,pop,0.309,0.793,10,-6.195,0,0.0774,0.0902,0.092,0.0888,0.532,193.714,248240,4
2024-10-11 01:06,Chase Atlantic,Swim,228786,chase atlantic - swim,293479,Chase Atlantic,Swim,3M0lSi5WW79CXQamgSBIjx,80,2017,pop,0.666,0.542,8,-6.429,1,0.0392,0.27,0.0,0.0765,0.0771,120.134,228787,4
2024-10-11 01:07,Sam Smith,I'm Not The Only One,1110,sam smith - i'm not the only one,146770,Sam Smith,I'm Not The Only One,7795WJLVKJoAyVoOtCWqXN,84,2014,pop,0.677,0.485,5,-5.795,1,0.0361,0.529,2.04e-05,0.0766,0.493,82.001,239317,4
2024-10-11 01:07,Harry Styles,As It Was,1240,harry styles - as it was,569192,Harry Styles,As It Was,4LRPiXqCikLlN15c3yImP7,90,2022,pop,0.52,0.731,6,-5.338,0,0.0557,0.342,0.00101,0.311,0.662,173.93,167303,4
2024-10-11 01:07,ZAYN,I Don’t Wanna Live Forever (Fifty Shades Darker),11460,zayn - i don’t wanna live forever (fifty shades darker),264785,ZAYN,I Don’t Wanna Live Forever (Fifty Shades Darker),55n9yjI6qqXh5F2mYvUc2y,77,2017,dance,0.731,0.445,0,-8.418,1,0.0533,0.0586,1.96e-05,0.14,0.106,117.97,247160,4
2024-10-11 01:07,The Weeknd,Blinding Lights,2360,the weeknd - blinding lights,461991,The Weeknd,Blinding Lights,0VjIjW4GlUZAMYd2vXMi3b,90,2020,pop,0.514,0.73,1,-5.934,1,0.0598,0.00146,9.54e-05,0.0897,0.334,171.005,200040,4
2024-10-11 01:07,Chase Atlantic,OHMAMI,35839,chase atlantic - ohmami,515742,Chase Atlantic,OHMAMI,2zVaxB54fNngkbWs5uZnla,66,2021,pop,0.625,0.717,10,-5.796,0,0.121,0.0476,8.73e-05,0.277,0.398,126.004,226835,4
2024-10-11 01:07,Taylor Swift,22,1660,taylor swift - 22,40369,Taylor Swift,22,6ce41JVa6KFaryfmC2bu2W,68,2012,pop,0.661,0.729,7,-6.561,1,0.0376,0.00215,0.0013,0.0477,0.668,103.987,232120,4
2024-10-11 01:12,Ed Sheeran,Happier,5599,ed sheeran - happier,293501,Ed Sheeran,Happier,2RttW7RAu5nOAfq6YFvApB,78,2017,pop,0.522,0.385,0,-7.355,1,0.0288,0.536,0.0,0.135,0.236,89.792,207520,4
2024-10-11 01:15,EXO,Ko Ko Bop,190422,exo - ko ko bop,288457,EXO,Ko Ko Bop,5EzitieoPnjyKHAq0gfRMa,64,2017,k-pop,0.749,0.85,0,-4.346,1,0.0468,0.0319,4.81e-05,0.0678,0.672,145.983,190423,4
2024-10-11 01:18,Fujii Kaze,Shinunoga E-Wa,185573,fujii kaze - shinunoga e-wa,461999,Fujii Kaze,Shinunoga E-Wa,0o9zmvc5f3EFApU52PPIyW,85,2020,pop,0.6,0.76,6,-6.124,0,0.0452,0.166,4.09e-05,0.189,0.519,158.078,185573,4
2024-10-11 01:27,Vanessa Paradis,La Seine - Extrait de la bande originale un monstre à Paris,167520,vanessa paradis - la seine - extrait de la bande originale un monstre à paris,387761,Vanessa Paradis,La Seine - Extrait de la bande originale un monstre à Paris,4B6XjmOWI55np7y4MUTXDu,63,2019,french,0.736,0.667,2,-7.901,0,0.0307,0.43,4.42e-05,0.0992,0.4,113.062,167520,4
2024-10-11 01:30,The Dresden Dolls,My Alcoholic Friends,167680,the dresden dolls - my alcoholic friends,1072638,The Dresden Dolls,My Alcoholic Friends,2gvmxusSOe3vNjNDjQWaso,70,2006,folk,0.596,0.679,4,-3.881,0,0.0324,0.18,0.0,0.0938,0.746,110.464,167680,4
2024-10-11 01:34,Sixpence None The Richer,Kiss Me,208680,sixpence none the richer - kiss me,901251,Sixpence None The Richer,Kiss Me,2aZ5oYPdDbLNRIUghXM9EV,39,2003,pop,0.475,0.898,3,-4.776,1,0.0442,0.00379,0.00108,0.082,0.351,100.127,199093,4
2024-10-11 02:01,Kesha,Die Young,211920,kesha - die young,12112,Kesha,Die Young,7EQGXaVSyEDsCWKmUcfpLk,76,2012,dance,0.711,0.7,1,-4.805,0,0.046,0.00498,0.000125,0.215,0.801,128.001,211920,4
2024-10-11 02:03,Zack Tabudlo,Habang Buhay,101853,zack tabudlo - habang buhay,476752,Zack Tabudlo,Habang Buhay,0zANeX4R6uWb82gCQAguOD,64,2021,acoustic,0.62,0.668,9,-5.719,1,0.0305,0.088,0.0,0.362,0.183,118.013,244068,4
2024-10-11 02:07,SURAN,WINE (Feat.Changmo) (Prod. SUGA),232194,suran - wine (feat.changmo) (prod. suga),288483,SURAN,WINE (Feat.Changmo) (Prod. SUGA),3eHkFA3StDR9BU7EVrUFLs,55,2017,k-pop,0.62,0.644,4,-2.713,0,0.0447,0.314,0.0,0.105,0.502,145.87,232195,4
2024-10-11 02:28,Ed Sheeran,Photograph,258986,ed sheeran - photograph,93580,Ed Sheeran,Photograph,6fxVffaTuwjgEk5h9QyRjy,64,2013,pop,0.614,0.379,4,-10.48,1,0.0476,0.607,0.000464,0.0986,0.201,107.989,258987,4
2024-10-11 02:31,TWICE,The Feels,198053,twice - the feels,510747,TWICE,The Feels,308Ir17KlNdlrbVLHWhlLe,74,2021,k-pop,0.808,0.903,9,-2.179,1,0.0729,0.0899,0.0,0.0816,0.922,120.044,198053,4
2024-10-11 02:36,girl in red,i wanna be your girlfriend,204990,girl in red - i wanna be your girlfriend,342785,girl in red,i wanna be your girlfriend,5PjdC2gMATetx5xdnwGUu7,74,2018,indie-pop,0.541,0.382,7,-14.323,1,0.035,0.0215,0.000836,0.304,0.343,155.901,204991,4
2024-10-11 02:56,Lana Del Rey,Young And Beautiful,98274,lana del rey - young and beautiful,93567,Lana Del Rey,Young And Beautiful,2nMeu6UenVvwUktBCpLMK9,81,2013,pop,0.324,0.416,11,-8.92,0,0.0368,0.262,3.69e-05,0.11,0.151,113.986,236053,4
2024-10-17 19:59,BØRNS,Electric Love,90780,børns - electric love,197517,BØRNS,Electric Love,2GiJYvgVaD2HtM8GqD9EgQ,79,2015,pop,0.611,0.797,6,-7.627,0,0.0533,0.00543,0.00137,0.26,0.518,120.041,218107,4
2024-10-17 20:03,Heize,내 맘을 볼 수 있나요,0,heize - 내 맘을 볼 수 있나요,401257,HEIZE,내 맘을 볼 수 있나요,2oVHb8wyg6oC2iNpGBNvx1,60,2019,k-pop,0.397,0.166,9,-10.678,1,0.0349,0.884,0.0,0.1,0.131,134.708,225786,4
2024-10-17 20:04,BØRNS,Electric Love,2490,børns - electric love,197517,BØRNS,Electric Love,2GiJYvgVaD2HtM8GqD9EgQ,79,2015,pop,0.611,0.797,6,-7.627,0,0.0533,0.00543,0.00137,0.26,0.518,120.041,218107,4
2024-10-17 20:43,Heize,내 맘을 볼 수 있나요,225785,heize - 내 맘을 볼 수 있나요,401257,HEIZE,내 맘을 볼 수 있나요,2oVHb8wyg6oC2iNpGBNvx1,60,2019,k-pop,0.397,0.166,9,-10.678,1,0.0349,0.884,0.0,0.1,0.131,134.708,225786,4
2024-10-17 20:48,Dynamicduo,AEAO,316944,dynamicduo - aeao,142352,Dynamicduo,AEAO,3TPvrMAd1hbPRXuHCRX0Pl,43,2014,k-pop,0.446,0.764,2,-6.479,1,0.181,0.057,0.0,0.141,0.576,152.604,316944,4
2024-10-17 20:49,Alexander 23,IDK You Yet,57105,alexander 23 - idk you yet,462028,Alexander 23,IDK You Yet,0j1Ia2lQWrcXrQZI4AdJlk,74,2020,pop,0.648,0.308,1,-11.729,1,0.04,0.886,0.0774,0.124,0.198,76.997,184638,1
2024-10-17 20:52,Doja Cat,Woman,172626,doja cat - woman,487891,Doja Cat,Woman,6Uj1ctrBOjOas8xZXGqKk4,85,2021,dance,0.824,0.764,5,-4.175,0,0.0854,0.0888,0.00294,0.117,0.881,107.998,172627,4
2024-10-17 20:55,Hello Ga-Young,"Did you wake up? (one and only romance X Hello Ga-Young, WONPIL(DAY6))",199146,"hello ga-young - did you wake up? (one and only romance x hello ga-young, wonpil(day6))",470449,Hello Ga-Young,"Did you wake up? (one and only romance X Hello Ga-Young, WONPIL(DAY6))",3pw62nzuActNxaMDhxoQVS,41,2020,singer-songwriter,0.748,0.685,9,-4.893,1,0.0283,0.49,0.0,0.121,0.54,97.013,199147,4
2024-10-17 20:58,SUNMI,Gashina,180000,sunmi - gashina,288458,SUNMI,Gashina,0jFHMDRXxKaREor3hBEEST,64,2017,k-pop,0.722,0.833,6,-3.915,1,0.094,0.0556,0.0,0.195,0.53,93.941,180000,4
2024-10-17 21:05,beabadoobee,If You Want To,223638,beabadoobee - if you want to,342832,beabadoobee,If You Want To,7I1kle4TNmkfednJDKo8GR,61,2018,indie-pop,0.666,0.527,9,-5.851,1,0.034,0.109,9.02e-05,0.132,0.37,115.979,223638,4
2024-10-17 21:18,LeeHi,ONLY,240906,leehi - only,510746,LeeHi,ONLY,6TBJkXHPhu3EsMk1bshwuI,75,2021,k-pop,0.536,0.296,5,-7.451,1,0.0346,0.892,0.0,0.0873,0.151,122.907,240907,3
2024-10-17 21:21,BTS,I Need U,210986,bts - i need u,192410,BTS,I Need U,3wQnyXNFXNUEOBt1pb4urq,69,2015,k-pop,0.478,0.88,5,-3.097,0,0.0739,0.0213,0.0,0.24,0.707,158.356,210987,4
2024-10-17 21:21,BTS,I Need U,210986,bts - i need u,564356,BTS,I NEED U,1GunnGtZCSjLUAPG6yrDUC,60,2022,k-pop,0.482,0.858,5,-4.169,0,0.069,0.0218,0.0,0.244,0.737,158.075,210987,4
2024-10-17 21:28,Kali Uchis,Melting,208853,kali uchis - melting,197515,Kali Uchis,Melting,2kSb3wYSOV996xA2NSmpck,81,2015,pop,0.574,0.479,8,-7.776,1,0.0355,0.179,0.0803,0.106,0.303,115.263,208854,4
2024-10-17 21:32,BTS,dimple,196776,bts - dimple,288436,BTS,dimple,6pp6xf9zS55GD4nr318XUH,70,2017,k-pop,0.612,0.844,5,-4.694,0,0.0757,0.14,0.0,0.289,0.652,134.872,196776,4
2024-10-17 21:32,BTS,dimple,196776,bts - dimple,344914,BTS,Dimple,1rLkzFZdokhx6Wcs80uvnw,63,2018,k-pop,0.612,0.844,5,-4.694,0,0.0757,0.14,0.0,0.289,0.652,134.872,196776,4
2024-10-17 21:42,Zack Tabudlo,Binibini,213617,zack tabudlo - binibini,476769,Zack Tabudlo,Binibini,55RMhrPQYA6vLu5YMgXxFD,65,2021,acoustic,0.642,0.374,5,-10.606,1,0.032,0.423,1.54e-06,0.435,0.0979,129.863,221538,4
2024-10-17 21:43,SEVENTEEN,VERY NICE,1580,seventeen - very nice,247533,SEVENTEEN,VERY NICE,1Rrj7KyS2R6SP9CQMDJW1w,70,2016,k-pop,0.746,0.898,3,-2.818,0,0.0725,0.0526,0.0,0.0858,0.879,121.967,192093,4
2024-10-17 21:43,Vanessa Paradis,La Seine - Extrait de la bande originale un monstre à Paris,1568,vanessa paradis - la seine - extrait de la bande originale un monstre à paris,387761,Vanessa Paradis,La Seine - Extrait de la bande originale un monstre à Paris,4B6XjmOWI55np7y4MUTXDu,63,2019,french,0.736,0.667,2,-7.901,0,0.0307,0.43,4.42e-05,0.0992,0.4,113.062,167520,4
2024-10-17 21:49,Stephen Sanchez,Until I Found You,30089,stephen sanchez - until i found you,515573,Stephen Sanchez,Until I Found You,0T5iIrXA4p5GsubkhuBIKV,85,2021,pop,0.539,0.508,10,-6.05,1,0.0288,0.727,0.0,0.174,0.227,101.358,177720,3
2024-10-17 22:21,IU,dlwlrma,176098,iu - dlwlrma,288480,IU,dlwlrma,4NPARrLIbtMl29ZJv8ESr2,56,2017,k-pop,0.738,0.641,4,-3.44,1,0.0475,0.315,0.0,0.114,0.631,119.867,176099,4
2024-10-17 23:22,Heize,내 맘을 볼 수 있나요,225785,heize - 내 맘을 볼 수 있나요,401257,HEIZE,내 맘을 볼 수 있나요,2oVHb8wyg6oC2iNpGBNvx1,60,2019,k-pop,0.397,0.166,9,-10.678,1,0.0349,0.884,0.0,0.1,0.131,134.708,225786,4
2024-10-18 02:45,TWICE,The Feels,26582,twice - the feels,510747,TWICE,The Feels,308Ir17KlNdlrbVLHWhlLe,74,2021,k-pop,0.808,0.903,9,-2.179,1,0.0729,0.0899,0.0,0.0816,0.922,120.044,198053,4
2024-10-18 02:57,TWICE,The Feels,113590,twice - the feels,510747,TWICE,The Feels,308Ir17KlNdlrbVLHWhlLe,74,2021,k-pop,0.808,0.903,9,-2.179,1,0.0729,0.0899,0.0,0.0816,0.922,120.044,198053,4
2024-10-18 02:58,Queen,Good Old-Fashioned Lover Boy - Remastered 2011,1400,queen - good old-fashioned lover boy - remastered 2011,150271,Queen,Good Old-Fashioned Lover Boy - Remastered 2011,5GQUVjaja81SDqQC6TuFdd,36,2014,rock,0.535,0.469,3,-6.754,1,0.0313,0.578,0.0,0.0855,0.434,96.779,173053,4
2024-10-18 03:01,Girls' Generation,Lion Heart,224257,girls' generation - lion heart,192433,Girls' Generation,Lion Heart,405SQUJdQut02dxtuQ0CZ3,60,2015,k-pop,0.754,0.788,2,-3.175,1,0.0322,0.129,0.00274,0.0775,0.961,124.992,224258,4
2024-10-18 03:12,Zack Tabudlo,Binibini,221538,zack tabudlo - binibini,476769,Zack Tabudlo,Binibini,55RMhrPQYA6vLu5YMgXxFD,65,2021,acoustic,0.642,0.374,5,-10.606,1,0.032,0.423,1.54e-06,0.435,0.0979,129.863,221538,4
2024-10-18 03:26,Charlie Puth,We Don't Talk Anymore (feat. Selena Gomez),217706,charlie puth - we don't talk anymore (feat. selena gomez),224459,Charlie Puth,We Don't Talk Anymore (feat. Selena Gomez),37FXw5QGFN7uwwsLy8uAc0,68,2016,dance,0.728,0.563,1,-8.053,0,0.134,0.621,0.0,0.179,0.352,100.017,217707,4
2024-10-18 03:38,Kesha,Die Young,211920,kesha - die young,12112,Kesha,Die Young,7EQGXaVSyEDsCWKmUcfpLk,76,2012,dance,0.711,0.7,1,-4.805,0,0.046,0.00498,0.000125,0.215,0.801,128.001,211920,4
2024-10-18 03:43,BTS,I Need U,146033,bts - i need u,192410,BTS,I Need U,3wQnyXNFXNUEOBt1pb4urq,69,2015,k-pop,0.478,0.88,5,-3.097,0,0.0739,0.0213,0.0,0.24,0.707,158.356,210987,4
2024-10-18 03:43,BTS,I Need U,146033,bts - i need u,564356,BTS,I NEED U,1GunnGtZCSjLUAPG6yrDUC,60,2022,k-pop,0.482,0.858,5,-4.169,0,0.069,0.0218,0.0,0.244,0.737,158.075,210987,4
2024-10-18 03:47,James Arthur,Car's Outside,248373,james arthur - car's outside,406437,James Arthur,Car's Outside,0otRX6Z89qKkHkQ9OqJpKt,81,2019,pop,0.338,0.562,9,-7.181,1,0.029,0.039,0.0,0.107,0.259,149.907,248373,4
2024-10-18 03:55,Chase Atlantic,Into It,196767,chase atlantic - into it,293490,Chase Atlantic,Into It,4HwDCXsMBC7SUdp2WT4MZP,77,2017,pop,0.518,0.572,10,-6.706,0,0.0416,0.0503,2.41e-05,0.129,0.291,130.053,196767,4
2024-10-18 03:58,Cigarettes After Sex,Sunsetz,215150,cigarettes after sex - sunsetz,255747,Cigarettes After Sex,Sunsetz,69UqtTHfUKAJweQwEStRzC,77,2017,ambient,0.412,0.477,9,-9.381,0,0.029,0.0542,0.798,0.0975,0.141,75.302,214680,4
2024-10-18 04:00,Cults,Always Forever,1630,cults - always forever,87537,Cults,Always Forever,2enPRFda84VE2wtI8c86Uf,78,2013,indie-pop,0.174,0.742,8,-5.93,1,0.0485,0.00181,0.281,0.198,0.36,163.378,223747,4
2024-10-18 04:00,Arctic Monkeys,Why'd You Only Call Me When You're High?,88537,arctic monkeys - why'd you only call me when you're high?,77592,Arctic Monkeys,Why'd You Only Call Me When You're High?,086myS9r57YsLbJpU0TgK9,85,2013,garage,0.691,0.631,2,-6.478,1,0.0368,0.0483,1.13e-05,0.104,0.8,92.004,161124,4
2024-10-18 04:00,Cigarettes After Sex,You're the Only Good Thing In My Life,1180,cigarettes after sex - you're the only good thing in my life,368583,Cigarettes After Sex,You're the Only Good Thing in My Life,69BeOEL0DFLwA3WplXJxX5,59,2019,ambient,0.462,0.288,5,-11.199,1,0.0288,0.781,0.756,0.131,0.0589,130.164,275187,4
2024-10-18 04:02,d4vd,Romantic Homicide,132630,d4vd - romantic homicide,569185,d4vd,Romantic Homicide,1xK59OXxi2TAAAbmZK0kBL,90,2022,pop,0.571,0.544,6,-10.613,1,0.0299,0.453,0.00805,0.322,0.216,132.052,132631,4
2024-10-18 04:12,Arctic Monkeys,Arabella,46759,arctic monkeys - arabella,77595,Arctic Monkeys,Arabella,7nzsY8vlnKdvGOEE0rjAXZ,76,2013,garage,0.579,0.558,2,-6.986,1,0.0895,0.0202,1.26e-06,0.212,0.506,179.949,207357,4
2024-10-18 04:19,TWICE,Doughnut,263680,twice - doughnut,510772,TWICE,Doughnut,6YBcbXDYIITuyCEN2YwGRy,64,2021,k-pop,0.693,0.586,5,-6.098,0,0.0315,0.233,0.0,0.145,0.459,82.039,263680,4
2024-10-18 04:23,The Neighbourhood,Compass,167960,the neighbourhood - compass,311053,The Neighbourhood,Compass,0YNtAadZvKBBEFARtfoCV8,69,2018,alt-rock,0.7,0.82,5,-5.499,0,0.0329,0.238,0.318,0.658,0.667,109.998,167960,4
2024-10-18 04:45,The Neighbourhood,W.D.Y.W.F.M?,259413,the neighbourhood - w.d.y.w.f.m?,56407,The Neighbourhood,W.D.Y.W.F.M?,3vooOYHU0Fi3ViCG7Ozh0Y,65,2013,alt-rock,0.557,0.845,8,-2.926,0,0.0346,0.0303,0.00851,0.354,0.508,123.997,259413,4
2024-10-18 04:48,Arctic Monkeys,Baby I'm Yours,152613,arctic monkeys - baby i'm yours,1076412,Arctic Monkeys,Baby I'm Yours,6FLqFu1ApSkUddZ9P4H6Io,58,2006,garage,0.462,0.595,2,-9.363,1,0.0347,0.215,0.0,0.184,0.64,113.719,152613,4
2024-10-18 08:33,One Direction,Night Changes,7829,one direction - night changes,146771,One Direction,Night Changes,5O2P9iiztwhomNh8xkR9lJ,86,2014,pop,0.672,0.52,8,-7.747,1,0.0353,0.859,0.0,0.115,0.37,120.001,226600,4
2024-10-18 10:24,Taylor Swift,Daylight,3840,taylor swift - daylight,406418,Taylor Swift,Daylight,1fzAuUVbzlhZ1lJAx9PtY6,73,2019,pop,0.557,0.496,0,-9.602,1,0.0563,0.808,0.000173,0.0772,0.265,149.983,293453,4
2024-10-18 10:24,Taylor Swift,Lover,3050,taylor swift - lover,406372,Taylor Swift,Lover,1dGr1c8CrMLDpV6mPbImSI,83,2019,pop,0.359,0.543,7,-7.582,1,0.0919,0.492,1.58e-05,0.118,0.453,68.534,221307,4
2024-10-18 10:24,Joe Hisaishi,Merry-Go-Round of Life - from 'Howl's Moving Castle',1985,joe hisaishi - merry-go-round of life - from 'howl's moving castle',169734,Joe Hisaishi,Merry-Go-Round of Life - from 'Howl's Moving Castle',6we7aGwxkyED5OLHHz26dM,21,2015,classical,0.373,0.287,7,-12.565,0,0.0347,0.877,0.644,0.122,0.186,80.799,311107,4
2024-10-18 10:24,Joe Hisaishi,Merry-Go-Round of Life - from 'Howl's Moving Castle',4928,joe hisaishi - merry-go-round of life - from 'howl's moving castle',169734,Joe Hisaishi,Merry-Go-Round of Life - from 'Howl's Moving Castle',6we7aGwxkyED5OLHHz26dM,21,2015,classical,0.373,0.287,7,-12.565,0,0.0347,0.877,0.644,0.122,0.186,80.799,311107,4
2024-10-18 10:24,Sixpence None The Richer,Kiss Me,3584,sixpence none the richer - kiss me,901251,Sixpence None The Richer,Kiss Me,2aZ5oYPdDbLNRIUghXM9EV,39,2003,pop,0.475,0.898,3,-4.776,1,0.0442,0.00379,0.00108,0.082,0.351,100.127,199093,4
2024-10-18 10:27,Taylor Swift,All Of The Girls You Loved Before,182591,taylor swift - all of the girls you loved before,406371,Taylor Swift,All Of The Girls You Loved Before,4P9Q0GojKVXpRTJCaL3kyy,82,2019,pop,0.718,0.467,2,-9.66,1,0.0398,0.707,6.92e-05,0.126,0.396,95.96,221407,3
2024-10-19 04:45,Wheatus,Teenage Dirtbag,210026,wheatus - teenage dirtbag,662641,Wheatus,Teenage Dirtbag,3LI4MmibTkXH5cGpCGZgyw,68,2000,pop,0.617,0.84,4,-4.063,1,0.0512,0.36,8.85e-05,0.179,0.57,94.676,241840,4
2024-10-19 04:47,Sixpence None The Richer,Kiss Me,57045,sixpence none the richer - kiss me,901251,Sixpence None The Richer,Kiss Me,2aZ5oYPdDbLNRIUghXM9EV,39,2003,pop,0.475,0.898,3,-4.776,1,0.0442,0.00379,0.00108,0.082,0.351,100.127,199093,4
2024-10-19 06:00,Sixpence None The Richer,Kiss Me,151644,sixpence none the richer - kiss me,901251,Sixpence None The Richer,Kiss Me,2aZ5oYPdDbLNRIUghXM9EV,39,2003,pop,0.475,0.898,3,-4.776,1,0.0442,0.00379,0.00108,0.082,0.351,100.127,199093,4
2024-10-19 06:05,Joe Hisaishi,Merry-Go-Round of Life - from 'Howl's Moving Castle',311106,joe hisaishi - merry-go-round of life - from 'howl's moving castle',169734,Joe Hisaishi,Merry-Go-Round of Life - from 'Howl's Moving Castle',6we7aGwxkyED5OLHHz26dM,21,2015,classical,0.373,0.287,7,-12.565,0,0.0347,0.877,0.644,0.122,0.186,80.799,311107,4
2024-10-19 06:12,Taylor Swift,All Of The Girls You Loved Before,221407,taylor swift - all of the girls you loved before,406371,Taylor Swift,All Of The Girls You Loved Before,4P9Q0GojKVXpRTJCaL3kyy,82,2019,pop,0.718,0.467,2,-9.66,1,0.0398,0.707,6.92e-05,0.126,0.396,95.96,221407,3
2024-10-19 06:16,Taylor Swift,Lover,221306,taylor swift - lover,406372,Taylor Swift,Lover,1dGr1c8CrMLDpV6mPbImSI,83,2019,pop,0.359,0.543,7,-7.582,1,0.0919,0.492,1.58e-05,0.118,0.453,68.534,221307,4
2024-10-19 06:21,Taylor Swift,Daylight,293453,taylor swift - daylight,406418,Taylor Swift,Daylight,1fzAuUVbzlhZ1lJAx9PtY6,73,2019,pop,0.557,0.496,0,-9.602,1,0.0563,0.808,0.000173,0.0772,0.265,149.983,293453,4
2024-10-19 06:29,One Direction,Night Changes,226600,one direction - night changes,146771,One Direction,Night Changes,5O2P9iiztwhomNh8xkR9lJ,86,2014,pop,0.672,0.52,8,-7.747,1,0.0353,0.859,0.0,0.115,0.37,120.001,226600,4
2024-10-19 06:32,Sixpence None The Richer,Kiss Me,208680,sixpence none the richer - kiss me,901251,Sixpence None The Richer,Kiss Me,2aZ5oYPdDbLNRIUghXM9EV,39,2003,pop,0.475,0.898,3,-4.776,1,0.0442,0.00379,0.00108,0.082,0.351,100.127,199093,4
2024-10-19 06:37,Joe Hisaishi,Merry-Go-Round of Life - from 'Howl's Moving Castle',311106,joe hisaishi - merry-go-round of life - from 'howl's moving castle',169734,Joe Hisaishi,Merry-Go-Round of Life - from 'Howl's Moving Castle',6we7aGwxkyED5OLHHz26dM,21,2015,classical,0.373,0.287,7,-12.565,0,0.0347,0.877,0.644,0.122,0.186,80.799,311107,4
2024-10-19 06:44,Taylor Swift,All Of The Girls You Loved Before,221407,taylor swift - all of the girls you loved before,406371,Taylor Swift,All Of The Girls You Loved Before,4P9Q0GojKVXpRTJCaL3kyy,82,2019,pop,0.718,0.467,2,-9.66,1,0.0398,0.707,6.92e-05,0.126,0.396,95.96,221407,3
2024-10-19 06:45,Taylor Swift,Lover,16208,taylor swift - lover,406372,Taylor Swift,Lover,1dGr1c8CrMLDpV6mPbImSI,83,2019,pop,0.359,0.543,7,-7.582,1,0.0919,0.492,1.58e-05,0.118,0.453,68.534,221307,4
2024-10-20 00:28,Sixpence None The Richer,Kiss Me,11136,sixpence none the richer - kiss me,901251,Sixpence None The Richer,Kiss Me,2aZ5oYPdDbLNRIUghXM9EV,39,2003,pop,0.475,0.898,3,-4.776,1,0.0442,0.00379,0.00108,0.082,0.351,100.127,199093,4
2024-10-20 00:28,Sixpence None The Richer,Kiss Me,9131,sixpence none the richer - kiss me,901251,Sixpence None The Richer,Kiss Me,2aZ5oYPdDbLNRIUghXM9EV,39,2003,pop,0.475,0.898,3,-4.776,1,0.0442,0.00379,0.00108,0.082,0.351,100.127,199093,4
2024-10-20 00:32,Sixpence None The Richer,Kiss Me,188434,sixpence none the richer - kiss me,901251,Sixpence None The Richer,Kiss Me,2aZ5oYPdDbLNRIUghXM9EV,39,2003,pop,0.475,0.898,3,-4.776,1,0.0442,0.00379,0.00108,0.082,0.351,100.127,199093,4
2024-10-20 00:35,One Direction,Night Changes,226600,one direction - night changes,146771,One Direction,Night Changes,5O2P9iiztwhomNh8xkR9lJ,86,2014,pop,0.672,0.52,8,-7.747,1,0.0353,0.859,0.0,0.115,0.37,120.001,226600,4
2024-10-20 00:39,Taylor Swift,All Of The Girls You Loved Before,221407,taylor swift - all of the girls you loved before,406371,Taylor Swift,All Of The Girls You Loved Before,4P9Q0GojKVXpRTJCaL3kyy,82,2019,pop,0.718,0.467,2,-9.66,1,0.0398,0.707,6.92e-05,0.126,0.396,95.96,221407,3
2024-10-20 00:50,Taylor Swift,Daylight,293453,taylor swift - daylight,406418,Taylor Swift,Daylight,1fzAuUVbzlhZ1lJAx9PtY6,73,2019,pop,0.557,0.496,0,-9.602,1,0.0563,0.808,0.000173,0.0772,0.265,149.983,293453,4
2024-10-20 00:54,Taylor Swift,Lover,221306,taylor swift - lover,406372,Taylor Swift,Lover,1dGr1c8CrMLDpV6mPbImSI,83,2019,pop,0.359,0.543,7,-7.582,1,0.0919,0.492,1.58e-05,0.118,0.453,68.534,221307,4
2024-10-20 00:55,Joe Hisaishi,Merry-Go-Round of Life - from 'Howl's Moving Castle',87842,joe hisaishi - merry-go-round of life - from 'howl's moving castle',169734,Joe Hisaishi,Merry-Go-Round of Life - from 'Howl's Moving Castle',6we7aGwxkyED5OLHHz26dM,21,2015,classical,0.373,0.287,7,-12.565,0,0.0347,0.877,0.644,0.122,0.186,80.799,311107,4
2024-10-20 01:05,Joe Hisaishi,One Summer Day,189800,joe hisaishi - one summer day,742221,Joe Hisaishi,One Summer Day,3gFQOMoUwlR6aUZj81gCzu,64,2001,classical,0.41,0.196,0,-15.956,1,0.0383,0.953,0.892,0.0974,0.0622,78.823,189800,4
2024-10-20 01:15,Joe Hisaishi,The Boy Who Swallowed a Star,449840,joe hisaishi - the boy who swallowed a star,928475,Joe Hisaishi,The Boy Who Swallowed a Star,0Pinld1kinGMrHzSBC4psL,48,2004,classical,0.0712,0.158,0,-17.347,1,0.0405,0.974,0.913,0.0579,0.0368,66.659,449840,4
2024-10-20 01:18,Joe Hisaishi,Day Of The River,193000,joe hisaishi - day of the river,742229,Joe Hisaishi,Day Of The River,26W3vc21aHLaHF90gbsiq1,53,2001,classical,0.329,0.093,0,-22.214,1,0.0299,0.97,0.937,0.0939,0.0545,79.441,193000,4
2024-10-20 01:24,Joe Hisaishi,Labyrinth of Eden,213773,joe hisaishi - labyrinth of eden,802492,Joe Hisaishi,Labyrinth of Eden,0JOD85cRNVI7qbLz8NBaQP,34,2002,classical,0.458,0.0875,0,-23.444,1,0.0677,0.995,0.884,0.112,0.111,122.274,213773,3
2024-10-20 01:29,Joe Hisaishi,"""My Neighbor Totoro Symphony"" The Path of the Wind",222000,"joe hisaishi - ""my neighbor totoro symphony"" the path of the wind",802476,Joe Hisaishi,"""My Neighbor Totoro Symphony"" The Path of the Wind",2kbfnwiQvVx7rtLCYog7eD,34,2002,classical,0.253,0.227,5,-11.648,0,0.0315,0.942,0.75,0.103,0.224,83.022,222000,4
2024-10-20 04:15,Chase Atlantic,HER,574,chase atlantic - her,406529,Chase Atlantic,HER,5i7g9wTIruXgWKvA83BXlk,64,2019,pop,0.706,0.586,5,-5.404,0,0.066,0.106,5.43e-06,0.169,0.689,139.984,169714,4
2024-10-20 04:15,Chase Atlantic,HER,169720,chase atlantic - her,406529,Chase Atlantic,HER,5i7g9wTIruXgWKvA83BXlk,64,2019,pop,0.706,0.586,5,-5.404,0,0.066,0.106,5.43e-06,0.169,0.689,139.984,169714,4
2024-10-21 00:02,Taylor Swift,We Are Never Ever Getting Back Together,24256,taylor swift - we are never ever getting back together,40360,Taylor Swift,We Are Never Ever Getting Back Together,0VwNdo84DaVYLIkbVO86ND,74,2012,pop,0.628,0.676,7,-5.911,1,0.0916,0.00957,2.65e-05,0.121,0.75,85.984,193147,4
2024-10-21 00:06,Ruth B.,Dandelions,3355,ruth b. - dandelions,293465,Ruth B.,Dandelions,2eAvDnpXP5W0cVtiI0PUxV,87,2017,pop,0.609,0.692,1,-2.958,1,0.0259,0.0157,0.0,0.0864,0.454,116.959,233720,3
2024-10-21 00:09,Joe Hisaishi,One Summer Day,189800,joe hisaishi - one summer day,742221,Joe Hisaishi,One Summer Day,3gFQOMoUwlR6aUZj81gCzu,64,2001,classical,0.41,0.196,0,-15.956,1,0.0383,0.953,0.892,0.0974,0.0622,78.823,189800,4
2024-10-21 00:11,Joe Hisaishi,Nahoko (The Proposal),70400,joe hisaishi - nahoko (the proposal),63077,Joe Hisaishi,Nahoko (The Proposal),2FtodMnyXlwfFjaNwrZvgs,27,2013,classical,0.257,0.067,9,-17.837,0,0.0393,0.946,0.193,0.127,0.108,135.427,70400,3
2024-10-21 00:23,Joe Hisaishi,Fantasia (for NAUSICAÄ),416800,joe hisaishi - fantasia (for nausicaä),1197850,Joe Hisaishi,Fantasia (for NAUSICAÄ),1LgwGazm8mMqgkPOV9Ov0O,34,2008,classical,0.325,0.087,5,-19.952,0,0.0573,0.969,0.866,0.107,0.0399,72.104,416800,4
2024-10-21 00:29,Joe Hisaishi,A Shooting Star,97480,joe hisaishi - a shooting star,62830,Joe Hisaishi,A Shooting Star,1CKgi1N9crZUuWdyJE25ME,40,2013,classical,0.237,0.0803,10,-23.577,1,0.0416,0.948,0.54,0.373,0.1,63.325,97480,4
2024-10-21 01:07,Joe Hisaishi,The Sixth Station,27992,joe hisaishi - the sixth station,742227,Joe Hisaishi,The Sixth Station,0id1qkWX2s92QjBJcQZj8r,55,2001,classical,0.304,0.0463,4,-25.773,0,0.0353,0.879,0.803,0.0923,0.0392,77.936,218240,4
2024-10-21 02:24,Chase Atlantic,HER,169720,chase atlantic - her,406529,Chase Atlantic,HER,5i7g9wTIruXgWKvA83BXlk,64,2019,pop,0.706,0.586,5,-5.404,0,0.066,0.106,5.43e-06,0.169,0.689,139.984,169714,4
2024-10-21 02:28,Chase Atlantic,Friends,230010,chase atlantic - friends,197528,Chase Atlantic,Friends,2jQiSYrwJehQAcuaaQrXnS,79,2015,pop,0.422,0.609,11,-6.361,0,0.0335,0.0114,4.76e-06,0.108,0.0911,107.34,230011,3
2024-10-21 02:30,The Neighbourhood,You Get Me So High,153000,the neighbourhood - you get me so high,311043,The Neighbourhood,You Get Me So High,7zwn1eykZtZ5LODrf7c0tS,81,2018,alt-rock,0.551,0.881,7,-6.099,0,0.0542,0.186,0.0791,0.152,0.387,88.036,153000,4
2024-10-21 06:11,Isabel LaRosa,i'm yours,59742,isabel larosa - i'm yours,569236,Isabel LaRosa,i'm yours,37vVp2sWHuuIBOSl1NswP6,80,2022,pop,0.398,0.705,5,-7.07,0,0.0756,0.204,5.13e-05,0.443,0.635,111.487,145668,4
2024-10-22 07:27,Taylor Swift,cardigan,0,taylor swift - cardigan,461996,Taylor Swift,cardigan,4R2kfaDFhslZEMJqAFNpdd,84,2020,pop,0.613,0.581,0,-8.588,0,0.0424,0.537,0.000345,0.25,0.551,130.033,239560,4
2024-10-22 08:21,The Neighbourhood,You Get Me So High,7814,the neighbourhood - you get me so high,311043,The Neighbourhood,You Get Me So High,7zwn1eykZtZ5LODrf7c0tS,81,2018,alt-rock,0.551,0.881,7,-6.099,0,0.0542,0.186,0.0791,0.152,0.387,88.036,153000,4
2024-10-22 19:35,Chase Atlantic,Friends,230010,chase atlantic - friends,197528,Chase Atlantic,Friends,2jQiSYrwJehQAcuaaQrXnS,79,2015,pop,0.422,0.609,11,-6.361,0,0.0335,0.0114,4.76e-06,0.108,0.0911,107.34,230011,3
2024-10-22 19:40,Cigarettes After Sex,Apocalypse,290616,cigarettes after sex - apocalypse,255746,Cigarettes After Sex,Apocalypse,3AVrVz5rK8Hrqo9YGiVGN5,81,2017,ambient,0.369,0.467,5,-9.018,1,0.0274,0.0194,0.46,0.109,0.174,94.473,290147,4
2024-10-22 19:41,Cigarettes After Sex,Opera House,82542,cigarettes after sex - opera house,255753,Cigarettes After Sex,Opera House,0syIc2ocYBIKASFqifvwRz,63,2017,ambient,0.319,0.293,5,-14.145,1,0.0378,0.734,0.85,0.0971,0.0689,115.481,364680,4
2024-10-22 19:41,Cigarettes After Sex,John Wayne,870,cigarettes after sex - john wayne,255750,Cigarettes After Sex,John Wayne,5IonbH68pmDKBwcKlyswmR,65,2017,ambient,0.429,0.457,3,-8.375,1,0.0294,0.35,0.859,0.099,0.183,124.033,258013,4
2024-10-22 19:45,The Neighbourhood,Scary Love,222666,the neighbourhood - scary love,311068,The Neighbourhood,Scary Love,6TA5aymvVrtiPVbuAwmPIc,65,2018,alt-rock,0.595,0.636,5,-5.981,0,0.0312,9.45e-05,0.0529,0.196,0.147,112.008,222667,4
2024-10-22 19:53,The Neighbourhood,Prey,24110,the neighbourhood - prey,162945,The Neighbourhood,Prey,38kjFXYgPvtuXCPbHPMGte,63,2015,alt-rock,0.517,0.779,9,-5.005,0,0.0477,0.0258,0.0,0.0622,0.197,115.206,282640,4
2024-10-22 19:56,Taylor Swift,Midnight Rain,174782,taylor swift - midnight rain,569203,Taylor Swift,Midnight Rain,3rWDp9tBPQR9z6U5YyRSK4,83,2022,pop,0.643,0.363,0,-11.738,1,0.0767,0.69,5.17e-05,0.115,0.23,139.865,174783,4
2024-10-22 20:00,Lana Del Rey,West Coast,256760,lana del rey - west coast,146772,Lana Del Rey,West Coast,5Y6nVaayzitvsD5F7nr3DV,81,2014,pop,0.527,0.591,6,-7.664,0,0.0396,0.194,0.0194,0.0907,0.461,123.167,256760,4
2024-10-22 20:15,Taylor Swift,Cruel Summer,178426,taylor swift - cruel summer,406369,Taylor Swift,Cruel Summer,1BxfuPKGuaTgP7aM0Bbdwr,83,2019,pop,0.552,0.702,9,-5.707,1,0.157,0.117,2.06e-05,0.105,0.564,169.994,178427,4
2024-10-22 20:19,Taylor Swift,Speak Now,240760,taylor swift - speak now,1380435,Taylor Swift,Speak Now,24DefNCFiWTP8OjYWiXuYe,62,2010,pop,0.709,0.599,7,-3.734,1,0.0304,0.095,0.0,0.0973,0.735,118.975,240760,4
2024-10-22 20:24,Adele,Skyfall,286480,adele - skyfall,40359,Adele,Skyfall,6VObnIkLVruX4UVyxWhlqm,76,2012,pop,0.346,0.552,0,-6.864,0,0.0282,0.417,0.0,0.114,0.0789,75.881,286480,4
2024-10-22 20:28,Taylor Swift,my tears ricochet,255893,taylor swift - my tears ricochet,462020,Taylor Swift,my tears ricochet,1MgV7FIyNxIG7WzMRJV5HC,74,2020,pop,0.456,0.263,0,-10.63,1,0.0332,0.806,0.0,0.0749,0.111,129.86,255894,4
2024-10-22 20:31,SZA,Kill Bill,153946,sza - kill bill,569184,SZA,Kill Bill,1Qrg8KqiBpW07V7PNxwwwL,94,2022,pop,0.644,0.735,8,-5.747,1,0.0391,0.0521,0.144,0.161,0.418,88.98,153947,4
2024-10-22 21:03,Joji,Glimpse of Us,233456,joji - glimpse of us,569204,Joji,Glimpse of Us,6xGruZOHLs39ZbVccQTuPZ,85,2022,pop,0.44,0.317,8,-9.258,1,0.0531,0.891,4.78e-06,0.141,0.268,169.914,233456,3
2024-10-22 21:06,Taylor Swift,London Boy,64844,taylor swift - london boy,406414,Taylor Swift,London Boy,1LLXZFeAHK9R4xUramtUKw,73,2019,pop,0.695,0.71,1,-6.639,1,0.05,0.0246,0.000104,0.133,0.557,157.925,190240,4
2024-10-22 21:09,One Direction,Drag Me Down,192120,one direction - drag me down,197544,One Direction,Drag Me Down,2K87XMYnUMqLcX3zvtAF4G,78,2015,pop,0.73,0.703,0,-5.672,0,0.0369,0.109,0.0,0.0657,0.595,138.113,192120,4
2024-10-22 21:09,One Direction,Drag Me Down,10200,one direction - drag me down,197544,One Direction,Drag Me Down,2K87XMYnUMqLcX3zvtAF4G,78,2015,pop,0.73,0.703,0,-5.672,0,0.0369,0.109,0.0,0.0657,0.595,138.113,192120,4
2024-10-22 21:12,One Direction,Midnight Memories,176320,one direction - midnight memories,93603,One Direction,Midnight Memories,5wjmqUGN7vrAqFqDWrywlZ,67,2013,pop,0.432,0.868,6,-2.01,0,0.0882,0.00725,0.0,0.233,0.567,156.128,176320,4
2024-10-22 21:15,One Direction,Midnight Memories,176320,one direction - midnight memories,93603,One Direction,Midnight Memories,5wjmqUGN7vrAqFqDWrywlZ,67,2013,pop,0.432,0.868,6,-2.01,0,0.0882,0.00725,0.0,0.233,0.567,156.128,176320,4
2024-10-22 21:18,One Direction,Midnight Memories,176320,one direction - midnight memories,93603,One Direction,Midnight Memories,5wjmqUGN7vrAqFqDWrywlZ,67,2013,pop,0.432,0.868,6,-2.01,0,0.0882,0.00725,0.0,0.233,0.567,156.128,176320,4
2024-10-22 21:18,One Direction,Midnight Memories,5460,one direction - midnight memories,93603,One Direction,Midnight Memories,5wjmqUGN7vrAqFqDWrywlZ,67,2013,pop,0.432,0.868,6,-2.01,0,0.0882,0.00725,0.0,0.233,0.567,156.128,176320,4
2024-10-22 21:21,One Direction,Drag Me Down,192120,one direction - drag me down,197544,One Direction,Drag Me Down,2K87XMYnUMqLcX3zvtAF4G,78,2015,pop,0.73,0.703,0,-5.672,0,0.0369,0.109,0.0,0.0657,0.595,138.113,192120,4
2024-10-22 22:36,One Direction,Drag Me Down,1120,one direction - drag me down,197544,One Direction,Drag Me Down,2K87XMYnUMqLcX3zvtAF4G,78,2015,pop,0.73,0.703,0,-5.672,0,0.0369,0.109,0.0,0.0657,0.595,138.113,192120,4
2024-10-22 22:36,One Direction,Drag Me Down,221560,one direction - drag me down,197544,One Direction,Drag Me Down,2K87XMYnUMqLcX3zvtAF4G,78,2015,pop,0.73,0.703,0,-5.672,0,0.0369,0.109,0.0,0.0657,0.595,138.113,192120,4
2024-10-22 22:36,One Direction,Drag Me Down,8440,one direction - drag me down,197544,One Direction,Drag Me Down,2K87XMYnUMqLcX3zvtAF4G,78,2015,pop,0.73,0.703,0,-5.672,0,0.0369,0.109,0.0,0.0657,0.595,138.113,192120,4
2024-10-22 22:40,One Direction,Night Changes,226600,one direction - night changes,146771,One Direction,Night Changes,5O2P9iiztwhomNh8xkR9lJ,86,2014,pop,0.672,0.52,8,-7.747,1,0.0353,0.859,0.0,0.115,0.37,120.001,226600,4
2024-10-22 22:43,One Direction,No Control,199720,one direction - no control,146818,One Direction,No Control,4JaLkM90MJutDAl5jD9BZX,69,2014,pop,0.558,0.916,1,-3.145,0,0.0839,0.0278,0.0,0.0296,0.85,142.984,199720,4
2024-10-22 22:46,One Direction,One Way or Another (Teenage Kicks),157293,one direction - one way or another (teenage kicks),93636,One Direction,One Way or Another (Teenage Kicks),3jZomvOBa5qfTo5HkqI1p5,65,2013,pop,0.489,0.867,4,-3.121,0,0.071,0.025,0.0,0.586,0.409,162.131,157293,4
2024-10-22 22:49,One Direction,I Should Have Kissed You,215933,one direction - i should have kissed you,40513,One Direction,I Should Have Kissed You,4yVPaA6DOfwbqZIQNv4G5U,57,2012,pop,0.495,0.966,3,-2.284,1,0.114,0.017,0.0,0.606,0.553,139.931,215933,4
2024-10-22 22:52,One Direction,One Thing,197600,one direction - one thing,40367,One Direction,One Thing,5G2c6FsfTzgYUzageCmfXY,72,2012,pop,0.713,0.718,2,-3.806,1,0.0278,0.00233,0.0,0.0838,0.656,126.999,197600,4
2024-10-22 22:57,One Direction,Gotta Be You,244506,one direction - gotta be you,40429,One Direction,Gotta Be You,3jJ5NJ3aNWvV70Rd7hgZIH,62,2012,pop,0.495,0.583,8,-4.531,1,0.0249,0.374,0.0,0.0781,0.603,84.969,244507,4
2024-10-22 23:00,One Direction,Right Now,200400,one direction - right now,93593,One Direction,Right Now,1dQQ2QlnvXUehsRUrukKmf,80,2013,pop,0.645,0.78,8,-5.165,1,0.0319,0.218,0.0,0.0919,0.372,120.008,200400,4
2024-10-22 23:04,One Direction,Steal My Girl,228133,one direction - steal my girl,146788,One Direction,Steal My Girl,2Bs4jQEGMycglOfWPBqrVG,78,2014,pop,0.536,0.768,10,-5.948,0,0.0347,0.00433,0.0,0.114,0.545,77.217,228133,4
2024-10-22 23:09,One Direction,Ready to Run,196053,one direction - ready to run,146862,One Direction,Ready to Run,7GtGeeChOx4NS77bqK8SUx,64,2014,pop,0.524,0.831,2,-4.174,1,0.036,0.00229,0.0,0.171,0.299,115.067,196053,4
2024-10-22 23:13,One Direction,More Than This,229106,one direction - more than this,40418,One Direction,More Than This,0UAB340gAcSMk3r0a8PTag,63,2012,pop,0.498,0.715,0,-4.446,1,0.0315,0.0607,0.0,0.274,0.225,151.809,229107,4
2024-10-22 23:17,One Direction,Don't Forget Where You Belong,241000,one direction - don't forget where you belong,93649,One Direction,Don't Forget Where You Belong,3yhVmOZSpZqnhRrEiYI0EJ,61,2013,pop,0.54,0.711,7,-5.717,1,0.0255,0.103,0.0,0.0827,0.292,92.014,241000,4
2024-10-22 23:21,One Direction,Story of My Life,245493,one direction - story of my life,93572,One Direction,Story of My Life,4nVBt6MZDDP6tRVdQTgxJg,81,2013,pop,0.6,0.663,3,-5.802,1,0.0477,0.225,0.0,0.119,0.286,121.07,245493,4
2024-10-22 23:25,One Direction,Perfect,230333,one direction - perfect,197553,One Direction,Perfect,3NLnwwAQbbFKcEcV8hDItk,77,2015,pop,0.647,0.823,2,-5.231,1,0.0762,0.0598,0.0,0.119,0.396,99.933,230333,4
2024-10-22 23:29,One Direction,Infinity,249480,one direction - infinity,197629,One Direction,Infinity,6N5xh0tYYLTQRiCCaNbAUt,65,2015,pop,0.537,0.705,4,-6.073,1,0.0337,0.0687,0.0,0.0842,0.32,131.965,249480,4
2024-10-22 23:33,One Direction,Hey Angel,240000,one direction - hey angel,197717,One Direction,Hey Angel,4fLTtg48X0QtKrj0Jv8I3v,60,2015,pop,0.523,0.883,8,-2.956,1,0.0365,0.0202,0.0,0.116,0.35,92.215,240000,4
2024-10-22 23:37,One Direction,Where Do Broken Hearts Go,229040,one direction - where do broken hearts go,146849,One Direction,Where Do Broken Hearts Go,6HFywc5eQYRRYHYTatCb5Y,65,2014,pop,0.565,0.862,4,-3.715,1,0.0326,0.0014,0.0,0.105,0.647,122.994,229040,4
2024-10-22 23:41,One Direction,You & I,237933,one direction - you & i,93584,One Direction,You & I,2afCBiru10AFckfOa49wIa,75,2013,pop,0.574,0.329,1,-6.829,1,0.0274,0.22,0.0,0.0986,0.356,130.993,237933,4
2024-10-22 23:44,One Direction,One Thing - Acoustic,182005,one direction - one thing - acoustic,1380998,One Direction,One Thing - Acoustic,1LmwMw97uG572wZ3hohkNt,53,2010,pop,0.814,0.295,2,-5.086,1,0.0338,0.443,0.0,0.113,0.575,125.025,182005,4
2024-10-22 23:47,One Direction,Na Na Na,185653,one direction - na na na,40495,One Direction,Na Na Na,5fEql5cR2hjR6wPGUPiEEb,57,2012,pop,0.582,0.903,11,-2.155,1,0.0576,0.0191,0.0,0.374,0.639,144.973,185653,4
2024-10-22 23:50,One Direction,Up All Night,194693,one direction - up all night,40410,One Direction,Up All Night,1I93YiKgu2P5pwprWmziPI,62,2012,pop,0.606,0.929,0,-2.182,1,0.055,0.023,0.0,0.101,0.622,139.022,194693,4
2024-10-22 23:54,One Direction,18,248360,one direction - 18,146795,One Direction,18,3JjnGLK8IxkNLvo8Lb3KOM,80,2014,pop,0.681,0.582,6,-7.76,0,0.0313,0.22,0.0,0.119,0.221,124.038,248360,4
2024-10-22 23:58,One Direction,Little Things,219040,one direction - little things,40372,One Direction,Little Things,0TAmnCzOtqRfvA38DDLTjj,73,2012,pop,0.709,0.22,7,-11.856,1,0.0327,0.811,0.0,0.175,0.53,110.076,219040,4
2024-10-23 00:01,One Direction,They Don't Know About Us,200400,one direction - they don't know about us,40365,One Direction,They Don't Know About Us,6M31fPFCYB8Job3MCjjrDV,74,2012,pop,0.514,0.727,0,-6.131,1,0.0492,0.126,0.0,0.0978,0.37,147.917,200400,4
2024-10-23 05:12,One Direction,Fool's Gold,115161,one direction - fool's gold,146834,One Direction,Fool's Gold,0L5gFNrzHyh4OhMwEz6DGS,67,2014,pop,0.515,0.773,6,-4.848,1,0.0479,0.23,1.29e-06,0.0938,0.379,128.001,210893,4
2024-10-23 05:14,One Direction,No Control,71594,one direction - no control,146818,One Direction,No Control,4JaLkM90MJutDAl5jD9BZX,69,2014,pop,0.558,0.916,1,-3.145,0,0.0839,0.0278,0.0,0.0296,0.85,142.984,199720,4
2024-10-23 05:56,One Direction,No Control,126123,one direction - no control,146818,One Direction,No Control,4JaLkM90MJutDAl5jD9BZX,69,2014,pop,0.558,0.916,1,-3.145,0,0.0839,0.0278,0.0,0.0296,0.85,142.984,199720,4
2024-10-23 08:52,One Direction,No Control,197973,one direction - no control,146818,One Direction,No Control,4JaLkM90MJutDAl5jD9BZX,69,2014,pop,0.558,0.916,1,-3.145,0,0.0839,0.0278,0.0,0.0296,0.85,142.984,199720,4
2024-10-24 06:57,One Direction,No Control,199720,one direction - no control,146818,One Direction,No Control,4JaLkM90MJutDAl5jD9BZX,69,2014,pop,0.558,0.916,1,-3.145,0,0.0839,0.0278,0.0,0.0296,0.85,142.984,199720,4
2024-10-24 06:57,One Direction,No Control,18937,one direction - no control,146818,One Direction,No Control,4JaLkM90MJutDAl5jD9BZX,69,2014,pop,0.558,0.916,1,-3.145,0,0.0839,0.0278,0.0,0.0296,0.85,142.984,199720,4
2024-10-24 07:01,One Direction,Rock Me,200266,one direction - rock me,40400,One Direction,Rock Me,4GF00uRxC4ECrxNEbnapqf,62,2012,pop,0.506,0.909,8,-3.629,1,0.0528,0.0261,0.0,0.155,0.814,168.021,200267,4
2024-10-24 07:01,One Direction,Rock Me,1878,one direction - rock me,40400,One Direction,Rock Me,4GF00uRxC4ECrxNEbnapqf,62,2012,pop,0.506,0.909,8,-3.629,1,0.0528,0.0261,0.0,0.155,0.814,168.021,200267,4
2024-10-24 07:48,Taylor Swift,The Man,23787,taylor swift - the man,406380,Taylor Swift,The Man,3RauEVgRgj1IuWdJ9fDs70,78,2019,pop,0.777,0.658,0,-5.191,1,0.054,0.0767,0.0,0.0901,0.633,110.048,190360,4
2024-10-24 07:48,Bruno Mars,When I Was Your Man,59435,bruno mars - when i was your man,40342,Bruno Mars,When I Was Your Man,0nJW01T7XtvILxQgC5J7Wh,87,2012,pop,0.612,0.28,0,-8.648,1,0.0434,0.932,0.0,0.088,0.387,72.795,213827,4
2024-10-24 08:03,Chase Atlantic,Swim,76715,chase atlantic - swim,293479,Chase Atlantic,Swim,3M0lSi5WW79CXQamgSBIjx,80,2017,pop,0.666,0.542,8,-6.429,1,0.0392,0.27,0.0,0.0765,0.0771,120.134,228787,4
2024-10-24 18:10,One Direction,Perfect,254783,one direction - perfect,197553,One Direction,Perfect,3NLnwwAQbbFKcEcV8hDItk,77,2015,pop,0.647,0.823,2,-5.231,1,0.0762,0.0598,0.0,0.119,0.396,99.933,230333,4
2024-10-24 18:25,One Direction,Steal My Girl,228133,one direction - steal my girl,146788,One Direction,Steal My Girl,2Bs4jQEGMycglOfWPBqrVG,78,2014,pop,0.536,0.768,10,-5.948,0,0.0347,0.00433,0.0,0.114,0.545,77.217,228133,4
2024-10-24 18:28,One Direction,What Makes You Beautiful,199986,one direction - what makes you beautiful,40346,One Direction,What Makes You Beautiful,4cluDES4hQEUhmXj6TXkSo,82,2012,pop,0.726,0.787,4,-2.494,1,0.0737,0.009,0.0,0.0596,0.888,124.99,199987,4
2024-10-24 18:46,One Direction,Taken,237706,one direction - taken,40468,One Direction,Taken,4K0M12PIWJjA4H0NAP142y,58,2012,pop,0.507,0.868,2,-5.204,1,0.0305,0.00387,0.0,0.413,0.684,95.035,237707,4
2024-10-24 18:49,One Direction,Stockholm Syndrome,214720,one direction - stockholm syndrome,146830,One Direction,Stockholm Syndrome,6AzCBeiDuUXGXjznBufswB,66,2014,pop,0.678,0.933,2,-4.959,1,0.14,0.0734,0.0,0.0863,0.336,120.572,214720,4
2024-10-24 18:54,One Direction,18,248360,one direction - 18,146795,One Direction,18,3JjnGLK8IxkNLvo8Lb3KOM,80,2014,pop,0.681,0.582,6,-7.76,0,0.0313,0.22,0.0,0.119,0.221,124.038,248360,4
2024-10-24 18:58,One Direction,Infinity,249480,one direction - infinity,197629,One Direction,Infinity,6N5xh0tYYLTQRiCCaNbAUt,65,2015,pop,0.537,0.705,4,-6.073,1,0.0337,0.0687,0.0,0.0842,0.32,131.965,249480,4
2024-10-24 19:01,One Direction,Kiss You,182866,one direction - kiss you,40364,One Direction,Kiss You,4My8w8AA1JpG6E5SiAPvJL,73,2012,pop,0.637,0.93,4,-2.632,1,0.0511,0.0177,0.0,0.452,0.886,90.014,182867,4
2024-10-24 19:05,One Direction,Where Do Broken Hearts Go,229040,one direction - where do broken hearts go,146849,One Direction,Where Do Broken Hearts Go,6HFywc5eQYRRYHYTatCb5Y,65,2014,pop,0.565,0.862,4,-3.715,1,0.0326,0.0014,0.0,0.105,0.647,122.994,229040,4
2024-10-24 19:08,One Direction,They Don't Know About Us,200400,one direction - they don't know about us,40365,One Direction,They Don't Know About Us,6M31fPFCYB8Job3MCjjrDV,74,2012,pop,0.514,0.727,0,-6.131,1,0.0492,0.126,0.0,0.0978,0.37,147.917,200400,4
2024-10-24 19:11,One Direction,Stand Up,175093,one direction - stand up,40480,One Direction,Stand Up,147ximWPJObFNQ4M1AhFox,57,2012,pop,0.584,0.9,4,-3.637,1,0.0611,0.00646,0.0,0.267,0.893,125.007,175093,4
2024-10-24 19:14,One Direction,Live While We're Young,200213,one direction - live while we're young,40363,One Direction,Live While We're Young,6Vh03bkEfXqekWp7Y1UBRb,73,2012,pop,0.663,0.857,2,-2.16,1,0.0544,0.0542,0.0,0.144,0.931,126.039,200213,4
2024-10-24 19:18,One Direction,A.M.,209040,one direction - a.m.,197659,One Direction,A.M.,5omYVLodGmaxnhua99xIE8,63,2015,pop,0.586,0.527,3,-4.905,1,0.0309,0.227,0.0,0.0963,0.506,141.839,209040,4
2024-10-24 19:21,One Direction,Fool's Gold,210893,one direction - fool's gold,146834,One Direction,Fool's Gold,0L5gFNrzHyh4OhMwEz6DGS,67,2014,pop,0.515,0.773,6,-4.848,1,0.0479,0.23,1.29e-06,0.0938,0.379,128.001,210893,4
2024-10-24 19:24,One Direction,Up All Night,194693,one direction - up all night,40410,One Direction,Up All Night,1I93YiKgu2P5pwprWmziPI,62,2012,pop,0.606,0.929,0,-2.182,1,0.055,0.023,0.0,0.101,0.622,139.022,194693,4
2024-10-24 19:28,One Direction,Don't Forget Where You Belong,241000,one direction - don't forget where you belong,93649,One Direction,Don't Forget Where You Belong,3yhVmOZSpZqnhRrEiYI0EJ,61,2013,pop,0.54,0.711,7,-5.717,1,0.0255,0.103,0.0,0.0827,0.292,92.014,241000,4
2024-10-24 19:32,One Direction,Girl Almighty,201853,one direction - girl almighty,146858,One Direction,Girl Almighty,5UgsZiYk1lkEobuPHmRtWm,63,2014,pop,0.508,0.895,9,-3.745,1,0.0414,0.0424,0.0,0.198,0.495,168.941,201853,4
2024-10-24 19:35,One Direction,Fireproof,174080,one direction - fireproof,146839,One Direction,Fireproof,34aYkYrY3sXhEU9O4VQgtB,66,2014,pop,0.681,0.864,3,-3.276,1,0.0301,0.00477,0.0,0.122,0.921,132.929,174080,4
2024-10-24 19:38,One Direction,Love You Goodbye,196933,one direction - love you goodbye,197637,One Direction,Love You Goodbye,1ZWLWVqeEMWMKTlteS0yLH,65,2015,pop,0.546,0.657,1,-4.787,1,0.0332,0.0928,0.0,0.119,0.361,133.188,196933,4
2024-10-24 19:41,One Direction,Right Now,200400,one direction - right now,93593,One Direction,Right Now,1dQQ2QlnvXUehsRUrukKmf,80,2013,pop,0.645,0.78,8,-5.165,1,0.0319,0.218,0.0,0.0919,0.372,120.008,200400,4
2024-10-24 19:45,One Direction,History,187426,one direction - history,197578,One Direction,History,0HMjXBAZmSYOTTi33WpMso,72,2015,pop,0.655,0.699,11,-4.421,1,0.0493,0.0352,0.0,0.064,0.802,86.704,187427,4
2024-10-24 19:48,One Direction,You & I,237933,one direction - you & i,93584,One Direction,You & I,2afCBiru10AFckfOa49wIa,75,2013,pop,0.574,0.329,1,-6.829,1,0.0274,0.22,0.0,0.0986,0.356,130.993,237933,4
2024-10-24 19:52,One Direction,Half a Heart,188546,one direction - half a heart,93620,One Direction,Half a Heart,6nIE1oCE4udqMGv3bqVNVb,65,2013,pop,0.515,0.714,0,-4.516,1,0.0348,0.286,0.0,0.118,0.495,155.954,188547,4
2024-10-24 19:56,One Direction,One Way or Another (Teenage Kicks),157293,one direction - one way or another (teenage kicks),93636,One Direction,One Way or Another (Teenage Kicks),3jZomvOBa5qfTo5HkqI1p5,65,2013,pop,0.489,0.867,4,-3.121,0,0.071,0.025,0.0,0.586,0.409,162.131,157293,4
2024-10-24 23:17,One Direction,Last First Kiss,203546,one direction - last first kiss,40407,One Direction,Last First Kiss,0KqlLyIGuBZWqzNwP9rypc,64,2012,pop,0.538,0.819,4,-2.662,1,0.0435,0.0445,0.0,0.215,0.478,82.085,203547,4
2024-10-25 00:18,One Direction,Strong,176296,one direction - strong,93610,One Direction,Strong,3cKM7UXBZmgjEgEBTkaIlU,75,2013,pop,0.741,0.663,0,-7.308,1,0.0434,0.0608,0.0,0.0931,0.338,115.013,184373,4
2024-10-25 00:29,Chase Atlantic,Swim,199090,chase atlantic - swim,293479,Chase Atlantic,Swim,3M0lSi5WW79CXQamgSBIjx,80,2017,pop,0.666,0.542,8,-6.429,1,0.0392,0.27,0.0,0.0765,0.0771,120.134,228787,4
2024-10-25 01:20,Cameron Segal,Past Reflections,139694,cameron segal - past reflections,538282,Cameron Segal,Past Reflections,4qcYE0RRcpEB8ISLnQdYoP,48,2022,classical,0.511,0.0465,4,-25.711,0,0.0417,0.995,0.956,0.0801,0.31,130.43,139695,4
2024-10-25 01:51,Arctic Monkeys,R U Mine?,201726,arctic monkeys - r u mine?,23776,Arctic Monkeys,R U Mine?,6XnNiyYTxhxuC0zpP22M7C,34,2012,garage,0.52,0.785,6,-4.765,0,0.0329,0.0468,0.0,0.698,0.679,96.996,200188,4
2024-10-25 04:05,Cigarettes After Sex,Apocalypse,290616,cigarettes after sex - apocalypse,255746,Cigarettes After Sex,Apocalypse,3AVrVz5rK8Hrqo9YGiVGN5,81,2017,ambient,0.369,0.467,5,-9.018,1,0.0274,0.0194,0.46,0.109,0.174,94.473,290147,4
2024-10-25 04:10,The Neighbourhood,Daddy Issues,260173,the neighbourhood - daddy issues,162916,The Neighbourhood,Daddy Issues,5E30LdtzQTGqRvNd7l6kG5,84,2015,alt-rock,0.588,0.521,10,-9.461,1,0.0329,0.0678,0.149,0.123,0.337,85.012,260173,4
2024-10-25 04:14,The Neighbourhood,The Beach,255133,the neighbourhood - the beach,162917,The Neighbourhood,The Beach,2u0CelO5c81XS7z3dGpHbS,75,2015,alt-rock,0.245,0.64,2,-7.426,0,0.0608,0.131,8.11e-06,0.0766,0.105,135.739,255133,4
2024-10-25 04:14,The Neighbourhood,Afraid,12930,the neighbourhood - afraid,56398,The Neighbourhood,Afraid,7brQHA2CgQpcMBiOlfiXYb,74,2013,alt-rock,0.464,0.701,6,-5.693,0,0.0411,0.00892,0.309,0.335,0.356,83.996,251187,4
2024-10-25 04:24,One Direction,Moments,262640,one direction - moments,40441,One Direction,Moments,3MxJGBnYaP4yQYUv90HLqZ,60,2012,pop,0.474,0.739,2,-4.937,1,0.0451,0.0283,0.0,0.299,0.253,149.894,262640,4
2024-10-25 04:28,One Direction,I Should Have Kissed You,215933,one direction - i should have kissed you,40513,One Direction,I Should Have Kissed You,4yVPaA6DOfwbqZIQNv4G5U,57,2012,pop,0.495,0.966,3,-2.284,1,0.114,0.017,0.0,0.606,0.553,139.931,215933,4
2024-10-25 04:31,One Direction,Last First Kiss,203546,one direction - last first kiss,40407,One Direction,Last First Kiss,0KqlLyIGuBZWqzNwP9rypc,64,2012,pop,0.538,0.819,4,-2.662,1,0.0435,0.0445,0.0,0.215,0.478,82.085,203547,4
2024-10-25 04:34,One Direction,Strong,184373,one direction - strong,93610,One Direction,Strong,3cKM7UXBZmgjEgEBTkaIlU,75,2013,pop,0.741,0.663,0,-7.308,1,0.0434,0.0608,0.0,0.0931,0.338,115.013,184373,4
2024-10-25 04:37,One Direction,Up All Night,194693,one direction - up all night,40410,One Direction,Up All Night,1I93YiKgu2P5pwprWmziPI,62,2012,pop,0.606,0.929,0,-2.182,1,0.055,0.023,0.0,0.101,0.622,139.022,194693,4
2024-10-25 04:41,One Direction,Gotta Be You,244506,one direction - gotta be you,40429,One Direction,Gotta Be You,3jJ5NJ3aNWvV70Rd7hgZIH,62,2012,pop,0.495,0.583,8,-4.531,1,0.0249,0.374,0.0,0.0781,0.603,84.969,244507,4
2024-10-25 04:45,One Direction,Drag Me Down,192120,one direction - drag me down,197544,One Direction,Drag Me Down,2K87XMYnUMqLcX3zvtAF4G,78,2015,pop,0.73,0.703,0,-5.672,0,0.0369,0.109,0.0,0.0657,0.595,138.113,192120,4
2024-10-25 04:48,One Direction,Right Now,200400,one direction - right now,93593,One Direction,Right Now,1dQQ2QlnvXUehsRUrukKmf,80,2013,pop,0.645,0.78,8,-5.165,1,0.0319,0.218,0.0,0.0919,0.372,120.008,200400,4
2024-10-25 04:51,One Direction,What Makes You Beautiful,199986,one direction - what makes you beautiful,40346,One Direction,What Makes You Beautiful,4cluDES4hQEUhmXj6TXkSo,82,2012,pop,0.726,0.787,4,-2.494,1,0.0737,0.009,0.0,0.0596,0.888,124.99,199987,4
2024-10-25 04:55,One Direction,Night Changes,226600,one direction - night changes,146771,One Direction,Night Changes,5O2P9iiztwhomNh8xkR9lJ,86,2014,pop,0.672,0.52,8,-7.747,1,0.0353,0.859,0.0,0.115,0.37,120.001,226600,4
2024-10-25 04:56,One Direction,Love You Goodbye,42479,one direction - love you goodbye,197637,One Direction,Love You Goodbye,1ZWLWVqeEMWMKTlteS0yLH,65,2015,pop,0.546,0.657,1,-4.787,1,0.0332,0.0928,0.0,0.119,0.361,133.188,196933,4
2024-10-25 04:59,One Direction,Olivia,177973,one direction - olivia,197567,One Direction,Olivia,5dONhl6aXFuN86UBdayF6W,69,2015,pop,0.64,0.681,6,-5.362,1,0.0334,0.0438,0.0,0.166,0.676,118.062,177973,4
2024-10-25 05:12,One Direction,Over Again,182040,one direction - over again,40411,One Direction,Over Again,6l3vk93IWfe0wq396JTCM6,64,2012,pop,0.373,0.575,2,-6.862,1,0.0915,0.302,0.0,0.125,0.5,72.595,182040,4
2024-10-25 05:18,One Direction,Little Things,188226,one direction - little things,40372,One Direction,Little Things,0TAmnCzOtqRfvA38DDLTjj,73,2012,pop,0.709,0.22,7,-11.856,1,0.0327,0.811,0.0,0.175,0.53,110.076,219040,4
2024-10-25 05:20,One Direction,One Way or Another (Teenage Kicks),157293,one direction - one way or another (teenage kicks),93636,One Direction,One Way or Another (Teenage Kicks),3jZomvOBa5qfTo5HkqI1p5,65,2013,pop,0.489,0.867,4,-3.121,0,0.071,0.025,0.0,0.586,0.409,162.131,157293,4
2024-10-25 05:24,One Direction,Best Song Ever,200106,one direction - best song ever,93579,One Direction,Best Song Ever,5T7ZFtCcOgkpjxcuaeZbw0,75,2013,pop,0.652,0.877,1,-2.986,1,0.0465,0.0227,0.0,0.0789,0.486,118.491,200107,4
2024-10-25 05:34,One Direction,Live While We're Young,200213,one direction - live while we're young,40363,One Direction,Live While We're Young,6Vh03bkEfXqekWp7Y1UBRb,73,2012,pop,0.663,0.857,2,-2.16,1,0.0544,0.0542,0.0,0.144,0.931,126.039,200213,4
2024-10-25 06:35,One Direction,Kiss You,63476,one direction - kiss you,40364,One Direction,Kiss You,4My8w8AA1JpG6E5SiAPvJL,73,2012,pop,0.637,0.93,4,-2.632,1,0.0511,0.0177,0.0,0.452,0.886,90.014,182867,4
2024-10-26 08:56,One Direction,No Control,199720,one direction - no control,146818,One Direction,No Control,4JaLkM90MJutDAl5jD9BZX,69,2014,pop,0.558,0.916,1,-3.145,0,0.0839,0.0278,0.0,0.0296,0.85,142.984,199720,4
2024-10-26 08:57,Chase Atlantic,HER,24618,chase atlantic - her,406529,Chase Atlantic,HER,5i7g9wTIruXgWKvA83BXlk,64,2019,pop,0.706,0.586,5,-5.404,0,0.066,0.106,5.43e-06,0.169,0.689,139.984,169714,4
2024-10-26 08:57,One Direction,No Control,75492,one direction - no control,146818,One Direction,No Control,4JaLkM90MJutDAl5jD9BZX,69,2014,pop,0.558,0.916,1,-3.145,0,0.0839,0.0278,0.0,0.0296,0.85,142.984,199720,4
2024-10-26 09:00,Chase Atlantic,HER,169720,chase atlantic - her,406529,Chase Atlantic,HER,5i7g9wTIruXgWKvA83BXlk,64,2019,pop,0.706,0.586,5,-5.404,0,0.066,0.106,5.43e-06,0.169,0.689,139.984,169714,4
2024-10-26 09:04,Chase Atlantic,HER,56190,chase atlantic - her,406529,Chase Atlantic,HER,5i7g9wTIruXgWKvA83BXlk,64,2019,pop,0.706,0.586,5,-5.404,0,0.066,0.106,5.43e-06,0.169,0.689,139.984,169714,4
2024-10-26 23:27,Chase Atlantic,LUST,204106,chase atlantic - lust,406673,Chase Atlantic,LUST,51t7nQOI35g07O0z4fflO1,57,2019,pop,0.641,0.755,4,-6.274,1,0.244,0.018,0.000443,0.159,0.477,131.954,204107,4
2024-10-26 23:38,Cigarettes After Sex,Cry,256800,cigarettes after sex - cry,368575,Cigarettes After Sex,Cry,0Qr61NXlyAeQaADO5xn3rI,76,2019,ambient,0.409,0.399,7,-10.456,1,0.0275,0.763,0.654,0.112,0.161,142.823,256800,4
2024-10-26 23:41,Chase Atlantic,Into It,196767,chase atlantic - into it,293490,Chase Atlantic,Into It,4HwDCXsMBC7SUdp2WT4MZP,77,2017,pop,0.518,0.572,10,-6.706,0,0.0416,0.0503,2.41e-05,0.129,0.291,130.053,196767,4
2024-10-26 23:46,The Neighbourhood,Sweater Weather,82180,the neighbourhood - sweater weather,1800,The Neighbourhood,Sweater Weather,4pGqFOfzvfe6avb9kbZicC,60,2012,alt-rock,0.695,0.615,7,-5.325,0,0.042,0.15,0.000212,0.0879,0.414,124.015,240040,4
2024-10-26 23:49,Joe Hisaishi,Overture,53920,joe hisaishi - overture,63025,Joe Hisaishi,Overture,7fSDb8lqVfhhH88P14JBlB,29,2013,classical,0.277,0.0907,8,-24.863,1,0.0384,0.939,0.515,0.135,0.0672,76.691,53920,4
2024-10-27 00:43,Joe Hisaishi,The Boy Who Swallowed a Star,178166,joe hisaishi - the boy who swallowed a star,928475,Joe Hisaishi,The Boy Who Swallowed a Star,0Pinld1kinGMrHzSBC4psL,48,2004,classical,0.0712,0.158,0,-17.347,1,0.0405,0.974,0.913,0.0579,0.0368,66.659,449840,4
2024-10-27 03:06,One Direction,No Control,114368,one direction - no control,146818,One Direction,No Control,4JaLkM90MJutDAl5jD9BZX,69,2014,pop,0.558,0.916,1,-3.145,0,0.0839,0.0278,0.0,0.0296,0.85,142.984,199720,4
2024-10-27 05:18,One Direction,No Control,199720,one direction - no control,146818,One Direction,No Control,4JaLkM90MJutDAl5jD9BZX,69,2014,pop,0.558,0.916,1,-3.145,0,0.0839,0.0278,0.0,0.0296,0.85,142.984,199720,4
2024-10-27 05:25,One Direction,No Control,190649,one direction - no control,146818,One Direction,No Control,4JaLkM90MJutDAl5jD9BZX,69,2014,pop,0.558,0.916,1,-3.145,0,0.0839,0.0278,0.0,0.0296,0.85,142.984,199720,4
2024-10-29 04:27,One Direction,No Control,3776,one direction - no control,146818,One Direction,No Control,4JaLkM90MJutDAl5jD9BZX,69,2014,pop,0.558,0.916,1,-3.145,0,0.0839,0.0278,0.0,0.0296,0.85,142.984,199720,4
2024-10-29 04:31,The Neighbourhood,Nervous,245000,the neighbourhood - nervous,311055,The Neighbourhood,Nervous,113xf7t4qNM7038YJvauik,67,2018,alt-rock,0.589,0.614,0,-7.528,0,0.0426,0.0213,0.165,0.31,0.318,119.837,245000,4
2024-10-29 07:33,The Neighbourhood,Compass,3588,the neighbourhood - compass,311053,The Neighbourhood,Compass,0YNtAadZvKBBEFARtfoCV8,69,2018,alt-rock,0.7,0.82,5,-5.499,0,0.0329,0.238,0.318,0.658,0.667,109.998,167960,4
2024-10-29 19:43,The Neighbourhood,Compass,164630,the neighbourhood - compass,311053,The Neighbourhood,Compass,0YNtAadZvKBBEFARtfoCV8,69,2018,alt-rock,0.7,0.82,5,-5.499,0,0.0329,0.238,0.318,0.658,0.667,109.998,167960,4
2024-10-29 20:20,Arctic Monkeys,Knee Socks,153950,arctic monkeys - knee socks,77596,Arctic Monkeys,Knee Socks,2LGdO5MtFdyphi2EihANZG,74,2013,garage,0.665,0.542,11,-8.323,0,0.033,0.123,0.00291,0.342,0.587,97.975,257563,4
2024-10-29 20:20,Dijon,The Dress,0,dijon - the dress,483668,Dijon,The Dress,0YMe6PHRbeDcN7KJdCG0bW,68,2021,chill,0.747,0.531,8,-5.99,1,0.0477,0.266,1.8e-06,0.192,0.785,88.009,184768,4
2024-10-29 20:33,The Neighbourhood,Reflections,310,the neighbourhood - reflections,311045,The Neighbourhood,Reflections,2xql0pid3EUwW38AsywxhV,77,2018,alt-rock,0.648,0.594,11,-7.027,0,0.0293,0.114,0.0462,0.116,0.544,113.983,244013,4
2024-10-29 20:33,The Neighbourhood,Reflections,320,the neighbourhood - reflections,311045,The Neighbourhood,Reflections,2xql0pid3EUwW38AsywxhV,77,2018,alt-rock,0.648,0.594,11,-7.027,0,0.0293,0.114,0.0462,0.116,0.544,113.983,244013,4
2024-10-29 20:33,The Neighbourhood,Reflections,160,the neighbourhood - reflections,311045,The Neighbourhood,Reflections,2xql0pid3EUwW38AsywxhV,77,2018,alt-rock,0.648,0.594,11,-7.027,0,0.0293,0.114,0.0462,0.116,0.544,113.983,244013,4
2024-10-29 20:33,The Neighbourhood,Reflections,240,the neighbourhood - reflections,311045,The Neighbourhood,Reflections,2xql0pid3EUwW38AsywxhV,77,2018,alt-rock,0.648,0.594,11,-7.027,0,0.0293,0.114,0.0462,0.116,0.544,113.983,244013,4
2024-10-29 20:33,The Neighbourhood,Reflections,1040,the neighbourhood - reflections,311045,The Neighbourhood,Reflections,2xql0pid3EUwW38AsywxhV,77,2018,alt-rock,0.648,0.594,11,-7.027,0,0.0293,0.114,0.0462,0.116,0.544,113.983,244013,4
2024-10-29 20:33,The Neighbourhood,Reflections,580,the neighbourhood - reflections,311045,The Neighbourhood,Reflections,2xql0pid3EUwW38AsywxhV,77,2018,alt-rock,0.648,0.594,11,-7.027,0,0.0293,0.114,0.0462,0.116,0.544,113.983,244013,4
2024-10-29 20:34,The Neighbourhood,Reflections,7250,the neighbourhood - reflections,311045,The Neighbourhood,Reflections,2xql0pid3EUwW38AsywxhV,77,2018,alt-rock,0.648,0.594,11,-7.027,0,0.0293,0.114,0.0462,0.116,0.544,113.983,244013,4
2024-10-29 20:34,The Neighbourhood,Reflections,17450,the neighbourhood - reflections,311045,The Neighbourhood,Reflections,2xql0pid3EUwW38AsywxhV,77,2018,alt-rock,0.648,0.594,11,-7.027,0,0.0293,0.114,0.0462,0.116,0.544,113.983,244013,4
2024-10-29 20:34,The Neighbourhood,Reflections,180,the neighbourhood - reflections,311045,The Neighbourhood,Reflections,2xql0pid3EUwW38AsywxhV,77,2018,alt-rock,0.648,0.594,11,-7.027,0,0.0293,0.114,0.0462,0.116,0.544,113.983,244013,4
2024-10-29 20:34,The Neighbourhood,Reflections,4620,the neighbourhood - reflections,311045,The Neighbourhood,Reflections,2xql0pid3EUwW38AsywxhV,77,2018,alt-rock,0.648,0.594,11,-7.027,0,0.0293,0.114,0.0462,0.116,0.544,113.983,244013,4
2024-10-29 20:34,The Neighbourhood,Reflections,5000,the neighbourhood - reflections,311045,The Neighbourhood,Reflections,2xql0pid3EUwW38AsywxhV,77,2018,alt-rock,0.648,0.594,11,-7.027,0,0.0293,0.114,0.0462,0.116,0.544,113.983,244013,4
2024-10-29 20:34,The Neighbourhood,Reflections,2490,the neighbourhood - reflections,311045,The Neighbourhood,Reflections,2xql0pid3EUwW38AsywxhV,77,2018,alt-rock,0.648,0.594,11,-7.027,0,0.0293,0.114,0.0462,0.116,0.544,113.983,244013,4
2024-10-29 20:34,The Neighbourhood,Reflections,190,the neighbourhood - reflections,311045,The Neighbourhood,Reflections,2xql0pid3EUwW38AsywxhV,77,2018,alt-rock,0.648,0.594,11,-7.027,0,0.0293,0.114,0.0462,0.116,0.544,113.983,244013,4
2024-10-29 20:34,The Neighbourhood,Reflections,160,the neighbourhood - reflections,311045,The Neighbourhood,Reflections,2xql0pid3EUwW38AsywxhV,77,2018,alt-rock,0.648,0.594,11,-7.027,0,0.0293,0.114,0.0462,0.116,0.544,113.983,244013,4
2024-10-29 20:34,The Neighbourhood,Reflections,670,the neighbourhood - reflections,311045,The Neighbourhood,Reflections,2xql0pid3EUwW38AsywxhV,77,2018,alt-rock,0.648,0.594,11,-7.027,0,0.0293,0.114,0.0462,0.116,0.544,113.983,244013,4
2024-10-29 20:34,The Neighbourhood,Reflections,60,the neighbourhood - reflections,311045,The Neighbourhood,Reflections,2xql0pid3EUwW38AsywxhV,77,2018,alt-rock,0.648,0.594,11,-7.027,0,0.0293,0.114,0.0462,0.116,0.544,113.983,244013,4
2024-10-29 20:34,The Neighbourhood,Reflections,660,the neighbourhood - reflections,311045,The Neighbourhood,Reflections,2xql0pid3EUwW38AsywxhV,77,2018,alt-rock,0.648,0.594,11,-7.027,0,0.0293,0.114,0.0462,0.116,0.544,113.983,244013,4
2024-10-29 21:07,The Neighbourhood,Reflections,244013,the neighbourhood - reflections,311045,The Neighbourhood,Reflections,2xql0pid3EUwW38AsywxhV,77,2018,alt-rock,0.648,0.594,11,-7.027,0,0.0293,0.114,0.0462,0.116,0.544,113.983,244013,4
2024-10-29 21:11,The Neighbourhood,Void,203666,the neighbourhood - void,311061,The Neighbourhood,Void,2wXioTynVwrEWYRv6R6vEj,66,2018,alt-rock,0.534,0.582,5,-7.912,1,0.0401,0.047,0.0328,0.0883,0.346,84.183,203667,4
2024-10-29 21:11,Cigarettes After Sex,Kiss It Off Me,27290,cigarettes after sex - kiss it off me,368580,Cigarettes After Sex,Kiss It Off Me,1Mhf6QIO0UuVr2ZvQPgymt,62,2019,ambient,0.521,0.298,4,-12.471,1,0.0258,0.753,0.496,0.111,0.235,80.259,269933,4
2024-10-29 21:20,Arctic Monkeys,R U Mine?,201726,arctic monkeys - r u mine?,23776,Arctic Monkeys,R U Mine?,6XnNiyYTxhxuC0zpP22M7C,34,2012,garage,0.52,0.785,6,-4.765,0,0.0329,0.0468,0.0,0.698,0.679,96.996,200188,4
2024-10-29 21:26,Cigarettes After Sex,John Wayne,258483,cigarettes after sex - john wayne,255750,Cigarettes After Sex,John Wayne,5IonbH68pmDKBwcKlyswmR,65,2017,ambient,0.429,0.457,3,-8.375,1,0.0294,0.35,0.859,0.099,0.183,124.033,258013,4
2024-10-29 23:24,One Direction,I Wish,216946,one direction - i wish,40451,One Direction,I Wish,5bODPM8nTwwTIE4W9fuUcC,59,2012,pop,0.62,0.872,7,-3.123,1,0.0347,0.00914,0.0,0.111,0.299,124.044,216947,4
2024-10-29 23:30,One Direction,History,187426,one direction - history,197578,One Direction,History,0HMjXBAZmSYOTTi33WpMso,72,2015,pop,0.655,0.699,11,-4.421,1,0.0493,0.0352,0.0,0.064,0.802,86.704,187427,4
2024-10-29 23:33,One Direction,Drag Me Down,192120,one direction - drag me down,197544,One Direction,Drag Me Down,2K87XMYnUMqLcX3zvtAF4G,78,2015,pop,0.73,0.703,0,-5.672,0,0.0369,0.109,0.0,0.0657,0.595,138.113,192120,4
2024-10-29 23:36,One Direction,Never Enough,213440,one direction - never enough,197713,One Direction,Never Enough,7rdP71W8x4UbJ0KAKBACbo,60,2015,pop,0.579,0.779,4,-1.829,0,0.0512,0.0379,0.0,0.385,0.587,164.145,213440,3
2024-10-29 23:41,One Direction,18,248360,one direction - 18,146795,One Direction,18,3JjnGLK8IxkNLvo8Lb3KOM,80,2014,pop,0.681,0.582,6,-7.76,0,0.0313,0.22,0.0,0.119,0.221,124.038,248360,4
2024-10-29 23:44,One Direction,Over Again,182040,one direction - over again,40411,One Direction,Over Again,6l3vk93IWfe0wq396JTCM6,64,2012,pop,0.373,0.575,2,-6.862,1,0.0915,0.302,0.0,0.125,0.5,72.595,182040,4
2024-10-29 23:49,One Direction,Half a Heart,188546,one direction - half a heart,93620,One Direction,Half a Heart,6nIE1oCE4udqMGv3bqVNVb,65,2013,pop,0.515,0.714,0,-4.516,1,0.0348,0.286,0.0,0.118,0.495,155.954,188547,4
2024-10-29 23:52,One Direction,Right Now,200400,one direction - right now,93593,One Direction,Right Now,1dQQ2QlnvXUehsRUrukKmf,80,2013,pop,0.645,0.78,8,-5.165,1,0.0319,0.218,0.0,0.0919,0.372,120.008,200400,4
2024-10-29 23:56,One Direction,Live While We're Young,200213,one direction - live while we're young,40363,One Direction,Live While We're Young,6Vh03bkEfXqekWp7Y1UBRb,73,2012,pop,0.663,0.857,2,-2.16,1,0.0544,0.0542,0.0,0.144,0.931,126.039,200213,4
2024-10-30 00:00,One Direction,Home,175666,one direction - home,1380607,One Direction,Home,5UcphALlWd7sBBySclJvAi,61,2010,pop,0.42,0.867,9,-5.397,1,0.0853,0.0115,0.0,0.0851,0.63,78.814,194907,4
2024-10-30 00:04,The Neighbourhood,Afraid,251186,the neighbourhood - afraid,56398,The Neighbourhood,Afraid,7brQHA2CgQpcMBiOlfiXYb,74,2013,alt-rock,0.464,0.701,6,-5.693,0,0.0411,0.00892,0.309,0.335,0.356,83.996,251187,4
2024-10-30 00:07,Cigarettes After Sex,K.,142513,cigarettes after sex - k.,215605,Cigarettes After Sex,K.,36Zs84njjWZD3TGYE77WPC,47,2016,ambient,0.454,0.404,3,-10.26,1,0.027,0.146,0.819,0.141,0.313,94.113,319560,4
2024-10-30 00:10,Chase Atlantic,Swim,228786,chase atlantic - swim,293479,Chase Atlantic,Swim,3M0lSi5WW79CXQamgSBIjx,80,2017,pop,0.666,0.542,8,-6.429,1,0.0392,0.27,0.0,0.0765,0.0771,120.134,228787,4
2024-10-30 00:14,Arctic Monkeys,Stop The World I Wanna Get Off With You,191040,arctic monkeys - stop the world i wanna get off with you,77598,Arctic Monkeys,Stop The World I Wanna Get Off With You,2QUlMbvD9bL8wHqfsoqoet,69,2013,garage,0.661,0.73,6,-6.779,0,0.0574,0.0537,3.44e-05,0.14,0.53,95.027,191040,4
2024-10-30 00:18,Chase Atlantic,The Walls,229840,chase atlantic - the walls,293625,Chase Atlantic,The Walls,5pXui9rkf5W90DgZobuDiK,62,2017,pop,0.357,0.704,0,-6.925,0,0.0828,0.326,1.54e-06,0.124,0.225,144.172,229840,4
2024-10-30 00:21,Cigarettes After Sex,Kiss It Off Me,191573,cigarettes after sex - kiss it off me,368580,Cigarettes After Sex,Kiss It Off Me,1Mhf6QIO0UuVr2ZvQPgymt,62,2019,ambient,0.521,0.298,4,-12.471,1,0.0258,0.753,0.496,0.111,0.235,80.259,269933,4
2024-10-30 00:35,Arctic Monkeys,Why'd You Only Call Me When You're High?,161123,arctic monkeys - why'd you only call me when you're high?,77592,Arctic Monkeys,Why'd You Only Call Me When You're High?,086myS9r57YsLbJpU0TgK9,85,2013,garage,0.691,0.631,2,-6.478,1,0.0368,0.0483,1.13e-05,0.104,0.8,92.004,161124,4
2024-10-30 00:40,The Neighbourhood,Prey,282640,the neighbourhood - prey,162945,The Neighbourhood,Prey,38kjFXYgPvtuXCPbHPMGte,63,2015,alt-rock,0.517,0.779,9,-5.005,0,0.0477,0.0258,0.0,0.0622,0.197,115.206,282640,4
2024-10-30 00:45,Cigarettes After Sex,Each Time You Fall in Love,290630,cigarettes after sex - each time you fall in love,255751,Cigarettes After Sex,Each Time You Fall In Love,6YbqjyoqQx9p13IndkOzeP,63,2017,ambient,0.383,0.534,10,-8.829,1,0.0277,0.468,0.676,0.14,0.276,76.046,290160,4
2024-10-30 00:58,Chase Atlantic,Drugs & Money - New Mix,239921,chase atlantic - drugs & money - new mix,293587,Chase Atlantic,Drugs & Money - New Mix,4SRyrhBJ5mq8fEa3bsdZn6,65,2017,pop,0.629,0.735,11,-4.826,1,0.0599,0.2,0.0,0.243,0.477,123.996,239922,4
2024-10-30 01:02,Cigarettes After Sex,You're the Only Good Thing In My Life,275186,cigarettes after sex - you're the only good thing in my life,368583,Cigarettes After Sex,You're the Only Good Thing in My Life,69BeOEL0DFLwA3WplXJxX5,59,2019,ambient,0.462,0.288,5,-11.199,1,0.0288,0.781,0.756,0.131,0.0589,130.164,275187,4
2024-10-30 01:06,Cigarettes After Sex,Sunsetz,215150,cigarettes after sex - sunsetz,255747,Cigarettes After Sex,Sunsetz,69UqtTHfUKAJweQwEStRzC,77,2017,ambient,0.412,0.477,9,-9.381,0,0.029,0.0542,0.798,0.0975,0.141,75.302,214680,4
2024-10-30 01:10,Chase Atlantic,Numb to the Feeling,227586,chase atlantic - numb to the feeling,350308,Chase Atlantic,Numb to the Feeling,102cCjW3CnC3sws3qOhie8,63,2018,pop,0.695,0.737,5,-5.75,0,0.122,0.232,0.0,0.136,0.248,129.999,227587,4
2024-10-30 06:51,Cigarettes After Sex,Opera House,176079,cigarettes after sex - opera house,255753,Cigarettes After Sex,Opera House,0syIc2ocYBIKASFqifvwRz,63,2017,ambient,0.319,0.293,5,-14.145,1,0.0378,0.734,0.85,0.0971,0.0689,115.481,364680,4
2024-10-30 06:52,Cigarettes After Sex,Opera House,13526,cigarettes after sex - opera house,255753,Cigarettes After Sex,Opera House,0syIc2ocYBIKASFqifvwRz,63,2017,ambient,0.319,0.293,5,-14.145,1,0.0378,0.734,0.85,0.0971,0.0689,115.481,364680,4
2024-10-30 06:58,The Neighbourhood,Baby Came Home,42431,the neighbourhood - baby came home,1880,The Neighbourhood,Baby Came Home,3ypXE4brttsQR3OLLZbLZB,50,2012,alt-rock,0.639,0.571,0,-5.766,1,0.0284,0.0127,0.00283,0.0963,0.273,113.037,226893,4
2024-10-30 07:04,The Neighbourhood,Female Robbery,32725,the neighbourhood - female robbery,2046,The Neighbourhood,Female Robbery,7e8bQb1csn5WvpOc4b5PJg,40,2012,alt-rock,0.403,0.888,7,-3.382,0,0.0413,0.056,0.00161,0.0682,0.391,176.483,206813,4
2024-10-31 16:20,Chase Atlantic,HER,169720,chase atlantic - her,406529,Chase Atlantic,HER,5i7g9wTIruXgWKvA83BXlk,64,2019,pop,0.706,0.586,5,-5.404,0,0.066,0.106,5.43e-06,0.169,0.689,139.984,169714,4
2024-10-31 16:34,The Neighbourhood,The Beach,255133,the neighbourhood - the beach,162917,The Neighbourhood,The Beach,2u0CelO5c81XS7z3dGpHbS,75,2015,alt-rock,0.245,0.64,2,-7.426,0,0.0608,0.131,8.11e-06,0.0766,0.105,135.739,255133,4
2024-10-31 16:42,The Neighbourhood,You Get Me So High,153000,the neighbourhood - you get me so high,311043,The Neighbourhood,You Get Me So High,7zwn1eykZtZ5LODrf7c0tS,81,2018,alt-rock,0.551,0.881,7,-6.099,0,0.0542,0.186,0.0791,0.152,0.387,88.036,153000,4
2024-10-31 16:46,The Neighbourhood,Scary Love,222666,the neighbourhood - scary love,311068,The Neighbourhood,Scary Love,6TA5aymvVrtiPVbuAwmPIc,65,2018,alt-rock,0.595,0.636,5,-5.981,0,0.0312,9.45e-05,0.0529,0.196,0.147,112.008,222667,4
2024-10-31 16:50,The Neighbourhood,Afraid,63820,the neighbourhood - afraid,56398,The Neighbourhood,Afraid,7brQHA2CgQpcMBiOlfiXYb,74,2013,alt-rock,0.464,0.701,6,-5.693,0,0.0411,0.00892,0.309,0.335,0.356,83.996,251187,4
2024-10-31 16:54,Chase Atlantic,Friends,230010,chase atlantic - friends,197528,Chase Atlantic,Friends,2jQiSYrwJehQAcuaaQrXnS,79,2015,pop,0.422,0.609,11,-6.361,0,0.0335,0.0114,4.76e-06,0.108,0.0911,107.34,230011,3
2024-10-31 17:01,Chase Atlantic,SLIDE,235720,chase atlantic - slide,515886,Chase Atlantic,SLIDE,1p3RpKfSJQcVTEwrQWr8q7,63,2021,pop,0.557,0.595,3,-4.759,0,0.0371,0.000325,8.88e-06,0.109,0.199,139.911,235720,4
2024-10-31 17:16,Chase Atlantic,Roxanne,232048,chase atlantic - roxanne,197868,Chase Atlantic,Roxanne,6lhCEiMe9Ai2e3mcgVC4ig,53,2015,pop,0.437,0.792,2,-5.327,1,0.0446,0.00118,0.0,0.135,0.207,109.941,232048,4
2024-10-31 17:19,Chase Atlantic,The Walls,229840,chase atlantic - the walls,293625,Chase Atlantic,The Walls,5pXui9rkf5W90DgZobuDiK,62,2017,pop,0.357,0.704,0,-6.925,0,0.0828,0.326,1.54e-06,0.124,0.225,144.172,229840,4
2024-10-31 17:29,Chase Atlantic,HEAVEN AND BACK,248240,chase atlantic - heaven and back,406526,Chase Atlantic,HEAVEN AND BACK,5dewQ7ojISR32NAYNHFYWC,66,2019,pop,0.309,0.793,10,-6.195,0,0.0774,0.0902,0.092,0.0888,0.532,193.714,248240,4
2024-10-31 19:36,Chase Atlantic,Right Here,235000,chase atlantic - right here,293542,Chase Atlantic,Right Here,2KtS31kaWNHs12Q5B43Ixh,70,2017,pop,0.351,0.587,6,-6.413,1,0.0413,0.00516,1.87e-05,0.121,0.221,159.881,235000,4
2024-10-31 19:40,ELIO,hurts 2 hate somebody (with Chase Atlantic & No Rome),38774,elio - hurts 2 hate somebody (with chase atlantic & no rome),488289,ELIO,hurts 2 hate somebody (with Chase Atlantic & No Rome),2EKo5WC2LX4fiplTWan5Rl,54,2021,dance,0.623,0.683,7,-3.512,1,0.0437,0.0995,0.0,0.372,0.747,90.021,186665,4
2024-10-31 19:40,ELIO,hurts 2 hate somebody (with Chase Atlantic & No Rome),186665,elio - hurts 2 hate somebody (with chase atlantic & no rome),488289,ELIO,hurts 2 hate somebody (with Chase Atlantic & No Rome),2EKo5WC2LX4fiplTWan5Rl,54,2021,dance,0.623,0.683,7,-3.512,1,0.0437,0.0995,0.0,0.372,0.747,90.021,186665,4
2024-10-31 19:44,Chase Atlantic,Tidal Wave,243670,chase atlantic - tidal wave,350373,Chase Atlantic,Tidal Wave,2b2lL6iY3x1CSOv7QQbp8R,60,2018,pop,0.599,0.609,4,-5.14,1,0.052,0.565,2.11e-05,0.137,0.383,123.967,243707,4
2024-10-31 19:48,Chase Atlantic,OHMAMI,226835,chase atlantic - ohmami,515742,Chase Atlantic,OHMAMI,2zVaxB54fNngkbWs5uZnla,66,2021,pop,0.625,0.717,10,-5.796,0,0.121,0.0476,8.73e-05,0.277,0.398,126.004,226835,4
2024-10-31 19:52,Chase Atlantic,Numb to the Feeling,227586,chase atlantic - numb to the feeling,350308,Chase Atlantic,Numb to the Feeling,102cCjW3CnC3sws3qOhie8,63,2018,pop,0.695,0.737,5,-5.75,0,0.122,0.232,0.0,0.136,0.248,129.999,227587,4
2024-10-31 20:51,Fabrizio Paterlini,Rue des trois frères,111602,fabrizio paterlini - rue des trois frères,1334241,Fabrizio Paterlini,Rue des trois frères,3lSOZb5rruEnFbe9xWELF6,67,2010,ambient,0.348,0.169,1,-18.45,1,0.0413,0.959,0.889,0.1,0.107,138.877,111443,3
2024-10-31 21:16,One Direction,Story of My Life,245493,one direction - story of my life,93572,One Direction,Story of My Life,4nVBt6MZDDP6tRVdQTgxJg,81,2013,pop,0.6,0.663,3,-5.802,1,0.0477,0.225,0.0,0.119,0.286,121.07,245493,4
2024-10-31 23:19,One Direction,Girl Almighty,201853,one direction - girl almighty,146858,One Direction,Girl Almighty,5UgsZiYk1lkEobuPHmRtWm,63,2014,pop,0.508,0.895,9,-3.745,1,0.0414,0.0424,0.0,0.198,0.495,168.941,201853,4
2024-11-01 00:25,One Direction,Where Do Broken Hearts Go,229040,one direction - where do broken hearts go,146849,One Direction,Where Do Broken Hearts Go,6HFywc5eQYRRYHYTatCb5Y,65,2014,pop,0.565,0.862,4,-3.715,1,0.0326,0.0014,0.0,0.105,0.647,122.994,229040,4
2024-11-01 00:32,One Direction,Infinity,97243,one direction - infinity,197629,One Direction,Infinity,6N5xh0tYYLTQRiCCaNbAUt,65,2015,pop,0.537,0.705,4,-6.073,1,0.0337,0.0687,0.0,0.0842,0.32,131.965,249480,4
2024-11-01 00:36,One Direction,You & I,237933,one direction - you & i,93584,One Direction,You & I,2afCBiru10AFckfOa49wIa,75,2013,pop,0.574,0.329,1,-6.829,1,0.0274,0.22,0.0,0.0986,0.356,130.993,237933,4
2024-11-01 00:39,One Direction,Best Song Ever,200106,one direction - best song ever,93579,One Direction,Best Song Ever,5T7ZFtCcOgkpjxcuaeZbw0,75,2013,pop,0.652,0.877,1,-2.986,1,0.0465,0.0227,0.0,0.0789,0.486,118.491,200107,4
2024-11-01 00:40,One Direction,Hey Angel,62250,one direction - hey angel,197717,One Direction,Hey Angel,4fLTtg48X0QtKrj0Jv8I3v,60,2015,pop,0.523,0.883,8,-2.956,1,0.0365,0.0202,0.0,0.116,0.35,92.215,240000,4
2024-11-01 00:41,One Direction,Ready to Run,12420,one direction - ready to run,146862,One Direction,Ready to Run,7GtGeeChOx4NS77bqK8SUx,64,2014,pop,0.524,0.831,2,-4.174,1,0.036,0.00229,0.0,0.171,0.299,115.067,196053,4
2024-11-01 00:52,Chase Atlantic,DEVILISH,172386,chase atlantic - devilish,406558,Chase Atlantic,DEVILISH,2yi1xYIc58dUibi3iMvqWl,63,2019,pop,0.5,0.742,9,-5.527,0,0.5,0.024,0.000119,0.27,0.537,144.668,172387,4
2024-11-01 01:08,Chase Atlantic,TOO LATE,49210,chase atlantic - too late,406678,Chase Atlantic,TOO LATE,3LKBC0HRtdCbpVzpBeRWR5,59,2019,pop,0.64,0.607,2,-6.477,0,0.0598,0.266,0.256,0.123,0.406,133.971,192360,4
2024-11-01 01:08,Chase Atlantic,LIKE A ROCKSTAR,208111,chase atlantic - like a rockstar,406638,Chase Atlantic,LIKE A ROCKSTAR,1e5Zf1EU0TAitK207VOUY7,59,2019,pop,0.58,0.611,8,-6.33,0,0.0646,0.331,0.0,0.0982,0.463,81.55,208112,4
2024-11-01 01:12,The Neighbourhood,Sweater Weather,240400,the neighbourhood - sweater weather,1800,The Neighbourhood,Sweater Weather,4pGqFOfzvfe6avb9kbZicC,60,2012,alt-rock,0.695,0.615,7,-5.325,0,0.042,0.15,0.000212,0.0879,0.414,124.015,240040,4
2024-11-01 01:17,The Neighbourhood,Here We Go Again,257720,the neighbourhood - here we go again,423523,The Neighbourhood,Here We Go Again,5SZ3LjDirzbQe3CqIgxRkA,56,2020,alt-rock,0.51,0.527,8,-9.148,1,0.0292,0.6,0.317,0.545,0.418,143.913,257720,4
2024-11-01 01:18,The Neighbourhood,Honest - From The Amazing Spider-Man 2 Soundtrack,81440,the neighbourhood - honest - from the amazing spider-man 2 soundtrack,109778,The Neighbourhood,Honest - From The Amazing Spider-Man 2 Soundtrack,1xJ8RjDucztPOKB0ek95tf,52,2014,alt-rock,0.578,0.37,6,-13.379,0,0.0506,0.00849,0.00937,0.131,0.0635,96.243,237560,4
2024-11-01 01:23,The Neighbourhood,Alleyways,267853,the neighbourhood - alleyways,56435,The Neighbourhood,Alleyways,4V37tyDu9CtqYshvrgLke4,59,2013,alt-rock,0.622,0.831,5,-4.819,0,0.0273,0.00102,0.803,0.119,0.363,101.03,267853,4
2024-11-01 01:25,The Neighbourhood,Compass,167960,the neighbourhood - compass,311053,The Neighbourhood,Compass,0YNtAadZvKBBEFARtfoCV8,69,2018,alt-rock,0.7,0.82,5,-5.499,0,0.0329,0.238,0.318,0.658,0.667,109.998,167960,4
2024-11-01 01:34,The Neighbourhood,Devil's Advocate,186306,the neighbourhood - devil's advocate,423462,The Neighbourhood,Devil's Advocate,4XfI7M5gLwEY84gYiH4RDD,68,2020,alt-rock,0.662,0.681,11,-8.152,0,0.0315,0.0321,0.139,0.508,0.864,98.004,186307,4
2024-11-01 01:40,The Neighbourhood,A Little Death,209706,the neighbourhood - a little death,1790,The Neighbourhood,A Little Death,0Ot6e3wYVQQ1Us9PM977jE,64,2012,alt-rock,0.53,0.763,6,-4.712,0,0.0332,0.0026,1.86e-06,0.105,0.338,88.013,209707,4
2024-11-01 01:52,The Neighbourhood,The Beach,255133,the neighbourhood - the beach,162917,The Neighbourhood,The Beach,2u0CelO5c81XS7z3dGpHbS,75,2015,alt-rock,0.245,0.64,2,-7.426,0,0.0608,0.131,8.11e-06,0.0766,0.105,135.739,255133,4
2024-11-02 03:22,The Neighbourhood,Daddy Issues,203920,the neighbourhood - daddy issues,162916,The Neighbourhood,Daddy Issues,5E30LdtzQTGqRvNd7l6kG5,84,2015,alt-rock,0.588,0.521,10,-9.461,1,0.0329,0.0678,0.149,0.123,0.337,85.012,260173,4
2024-11-02 03:23,The Neighbourhood,Daddy Issues,56252,the neighbourhood - daddy issues,162916,The Neighbourhood,Daddy Issues,5E30LdtzQTGqRvNd7l6kG5,84,2015,alt-rock,0.588,0.521,10,-9.461,1,0.0329,0.0678,0.149,0.123,0.337,85.012,260173,4
2024-11-02 03:26,The Neighbourhood,Cherry Flavoured,208453,the neighbourhood - cherry flavoured,423465,The Neighbourhood,Cherry Flavoured,40iocOzytrqaRn5RbGPDNp,65,2020,alt-rock,0.617,0.574,6,-9.768,1,0.0276,0.23,0.0105,0.0983,0.396,91.769,208453,4
2024-11-02 03:30,The Neighbourhood,$TING,928,the neighbourhood - $ting,56457,The Neighbourhood,$TING,48YPDmhRIQRiusm5uCz5gX,56,2013,alt-rock,0.566,0.777,9,-6.19,0,0.0505,0.622,0.758,0.0985,0.341,134.014,282547,4
2024-11-02 03:30,The Neighbourhood,Reflections,244013,the neighbourhood - reflections,311045,The Neighbourhood,Reflections,2xql0pid3EUwW38AsywxhV,77,2018,alt-rock,0.648,0.594,11,-7.027,0,0.0293,0.114,0.0462,0.116,0.544,113.983,244013,4
2024-11-05 20:40,Lana Del Rey,Chemtrails Over The Country Club,271176,lana del rey - chemtrails over the country club,515662,Lana Del Rey,Chemtrails Over The Country Club,7bPWdJgx8vek7S5i5yAtvG,70,2021,pop,0.334,0.276,4,-13.125,0,0.0643,0.877,0.000249,0.113,0.429,201.025,271177,3
2024-11-05 20:52,beabadoobee,Glue Song,135066,beabadoobee - glue song,606469,beabadoobee,Glue Song,3iBgrkexCzVuPy4O9vx7Mf,82,2023,indie-pop,0.62,0.409,1,-10.146,1,0.0282,0.77,0.0542,0.105,0.582,113.946,135067,3
2024-11-05 20:56,Sixpence None The Richer,Kiss Me,208680,sixpence none the richer - kiss me,901251,Sixpence None The Richer,Kiss Me,2aZ5oYPdDbLNRIUghXM9EV,39,2003,pop,0.475,0.898,3,-4.776,1,0.0442,0.00379,0.00108,0.082,0.351,100.127,199093,4
2024-11-05 20:59,Taylor Swift,Midnight Rain,174782,taylor swift - midnight rain,569203,Taylor Swift,Midnight Rain,3rWDp9tBPQR9z6U5YyRSK4,83,2022,pop,0.643,0.363,0,-11.738,1,0.0767,0.69,5.17e-05,0.115,0.23,139.865,174783,4
2024-11-05 21:07,Selena Gomez,Fetish (feat. Gucci Mane),23671,selena gomez - fetish (feat. gucci mane),264809,Selena Gomez,Fetish (feat. Gucci Mane),4lnAN2S1fcI0SjxEbksZVr,71,2017,dance,0.708,0.618,2,-4.424,1,0.0592,0.0204,6.81e-06,0.062,0.265,123.013,186113,4
2024-11-05 21:08,Taylor Swift,Blank Space,3900,taylor swift - blank space,146765,Taylor Swift,Blank Space,1p80LdxRV74UKvL8gnD7ky,76,2014,pop,0.753,0.678,5,-5.421,1,0.0644,0.085,1.64e-06,0.13,0.583,96.006,231827,4
2024-11-05 21:11,Lana Del Rey,Doin' Time,202192,lana del rey - doin' time,406379,Lana Del Rey,Doin' Time,0Oqc0kKFsQ6MhFOLBNZIGX,81,2019,pop,0.641,0.559,7,-11.132,0,0.0355,0.404,0.00402,0.0937,0.523,144.982,202193,4
2024-11-05 21:14,Charlie Puth,One Call Away,194453,charlie puth - one call away,224474,Charlie Puth,One Call Away,7soJgKhQTO8hLP2JPRkL5O,64,2016,dance,0.667,0.613,1,-5.353,1,0.0344,0.403,0.0,0.115,0.47,91.024,194453,4
2024-11-05 21:17,Olivia Rodrigo,"jealousy, jealousy",173160,"olivia rodrigo - jealousy, jealousy",515579,Olivia Rodrigo,"jealousy, jealousy",0MMyJUC3WNnFS1lit5pTjk,80,2021,pop,0.695,0.575,10,-6.334,0,0.116,0.198,0.0,0.0614,0.699,163.929,173160,4
2024-11-05 21:21,Taylor Swift,Speak Now,240760,taylor swift - speak now,1380435,Taylor Swift,Speak Now,24DefNCFiWTP8OjYWiXuYe,62,2010,pop,0.709,0.599,7,-3.734,1,0.0304,0.095,0.0,0.0973,0.735,118.975,240760,4
2024-11-05 21:25,Lana Del Rey,"Once Upon a Dream - From ""Maleficent"" / Pop Version",203080,"lana del rey - once upon a dream - from ""maleficent"" / pop version",146828,Lana Del Rey,"Once Upon a Dream - From ""Maleficent"" / Pop Version",3liiZRlJxa8GeLUgWMoIeu,64,2014,pop,0.289,0.274,5,-16.574,1,0.0353,0.659,0.0166,0.109,0.167,119.997,203080,3
2024-11-05 21:41,Taylor Swift,Back To December,293026,taylor swift - back to december,1380399,Taylor Swift,Back To December,3DrjZArsPsoqbLzUZZV1Id,67,2010,pop,0.529,0.67,2,-4.663,1,0.0303,0.117,0.0,0.334,0.286,141.893,293027,4
2024-11-05 21:48,Lana Del Rey,Cinnamon Girl,262092,lana del rey - cinnamon girl,406385,Lana Del Rey,Cinnamon Girl,2mdEsXPu8ZmkHRRtAdC09e,79,2019,pop,0.294,0.337,6,-10.614,0,0.036,0.814,0.414,0.14,0.135,91.781,300683,5
2024-11-05 21:51,One Direction,They Don't Know About Us,200400,one direction - they don't know about us,40365,One Direction,They Don't Know About Us,6M31fPFCYB8Job3MCjjrDV,74,2012,pop,0.514,0.727,0,-6.131,1,0.0492,0.126,0.0,0.0978,0.37,147.917,200400,4
2024-11-05 21:55,One Direction,Infinity,249480,one direction - infinity,197629,One Direction,Infinity,6N5xh0tYYLTQRiCCaNbAUt,65,2015,pop,0.537,0.705,4,-6.073,1,0.0337,0.0687,0.0,0.0842,0.32,131.965,249480,4
2024-11-05 21:58,One Direction,One Thing - Acoustic,182005,one direction - one thing - acoustic,1380998,One Direction,One Thing - Acoustic,1LmwMw97uG572wZ3hohkNt,53,2010,pop,0.814,0.295,2,-5.086,1,0.0338,0.443,0.0,0.113,0.575,125.025,182005,4
2024-11-05 22:02,One Direction,Night Changes,226600,one direction - night changes,146771,One Direction,Night Changes,5O2P9iiztwhomNh8xkR9lJ,86,2014,pop,0.672,0.52,8,-7.747,1,0.0353,0.859,0.0,0.115,0.37,120.001,226600,4
2024-11-05 22:03,One Direction,History,21564,one direction - history,197578,One Direction,History,0HMjXBAZmSYOTTi33WpMso,72,2015,pop,0.655,0.699,11,-4.421,1,0.0493,0.0352,0.0,0.064,0.802,86.704,187427,4
2024-11-05 22:10,One Direction,Night Changes,451200,one direction - night changes,146771,One Direction,Night Changes,5O2P9iiztwhomNh8xkR9lJ,86,2014,pop,0.672,0.52,8,-7.747,1,0.0353,0.859,0.0,0.115,0.37,120.001,226600,4
2024-11-06 00:45,One Direction,History,70200,one direction - history,197578,One Direction,History,0HMjXBAZmSYOTTi33WpMso,72,2015,pop,0.655,0.699,11,-4.421,1,0.0493,0.0352,0.0,0.064,0.802,86.704,187427,4
2024-11-06 00:48,Chase Atlantic,LUST,204106,chase atlantic - lust,406673,Chase Atlantic,LUST,51t7nQOI35g07O0z4fflO1,57,2019,pop,0.641,0.755,4,-6.274,1,0.244,0.018,0.000443,0.159,0.477,131.954,204107,4
2024-11-06 00:53,The Neighbourhood,Sweater Weather,240400,the neighbourhood - sweater weather,1800,The Neighbourhood,Sweater Weather,4pGqFOfzvfe6avb9kbZicC,60,2012,alt-rock,0.695,0.615,7,-5.325,0,0.042,0.15,0.000212,0.0879,0.414,124.015,240040,4
2024-11-06 00:57,Cigarettes After Sex,You're the Only Good Thing In My Life,275186,cigarettes after sex - you're the only good thing in my life,368583,Cigarettes After Sex,You're the Only Good Thing in My Life,69BeOEL0DFLwA3WplXJxX5,59,2019,ambient,0.462,0.288,5,-11.199,1,0.0288,0.781,0.756,0.131,0.0589,130.164,275187,4
2024-11-06 01:01,Chase Atlantic,Drugs & Money - New Mix,239921,chase atlantic - drugs & money - new mix,293587,Chase Atlantic,Drugs & Money - New Mix,4SRyrhBJ5mq8fEa3bsdZn6,65,2017,pop,0.629,0.735,11,-4.826,1,0.0599,0.2,0.0,0.243,0.477,123.996,239922,4
2024-11-06 01:02,Djo,End of Beginning,44345,djo - end of beginning,569335,Djo,End of Beginning,3qhlB30KknSejmIvZZLjOD,66,2022,pop,0.689,0.454,2,-7.643,1,0.0584,0.0351,0.00259,0.0707,0.912,159.982,159246,4
2024-11-06 01:06,Djo,End of Beginning,22938,djo - end of beginning,569335,Djo,End of Beginning,3qhlB30KknSejmIvZZLjOD,66,2022,pop,0.689,0.454,2,-7.643,1,0.0584,0.0351,0.00259,0.0707,0.912,159.982,159246,4
2024-11-06 01:06,Chase Atlantic,Drugs & Money - New Mix,239921,chase atlantic - drugs & money - new mix,293587,Chase Atlantic,Drugs & Money - New Mix,4SRyrhBJ5mq8fEa3bsdZn6,65,2017,pop,0.629,0.735,11,-4.826,1,0.0599,0.2,0.0,0.243,0.477,123.996,239922,4
2024-11-06 01:07,Cigarettes After Sex,Sunsetz,21140,cigarettes after sex - sunsetz,255747,Cigarettes After Sex,Sunsetz,69UqtTHfUKAJweQwEStRzC,77,2017,ambient,0.412,0.477,9,-9.381,0,0.029,0.0542,0.798,0.0975,0.141,75.302,214680,4
2024-11-06 01:10,One Direction,Best Song Ever,200106,one direction - best song ever,93579,One Direction,Best Song Ever,5T7ZFtCcOgkpjxcuaeZbw0,75,2013,pop,0.652,0.877,1,-2.986,1,0.0465,0.0227,0.0,0.0789,0.486,118.491,200107,4
2024-11-06 01:13,One Direction,History,187426,one direction - history,197578,One Direction,History,0HMjXBAZmSYOTTi33WpMso,72,2015,pop,0.655,0.699,11,-4.421,1,0.0493,0.0352,0.0,0.064,0.802,86.704,187427,4
2024-11-06 01:17,One Direction,Night Changes,226600,one direction - night changes,146771,One Direction,Night Changes,5O2P9iiztwhomNh8xkR9lJ,86,2014,pop,0.672,0.52,8,-7.747,1,0.0353,0.859,0.0,0.115,0.37,120.001,226600,4
2024-11-06 01:18,One Direction,Taken,45006,one direction - taken,40468,One Direction,Taken,4K0M12PIWJjA4H0NAP142y,58,2012,pop,0.507,0.868,2,-5.204,1,0.0305,0.00387,0.0,0.413,0.684,95.035,237707,4
2024-11-06 01:21,One Direction,Fireproof,174080,one direction - fireproof,146839,One Direction,Fireproof,34aYkYrY3sXhEU9O4VQgtB,66,2014,pop,0.681,0.864,3,-3.276,1,0.0301,0.00477,0.0,0.122,0.921,132.929,174080,4
2024-11-06 01:24,One Direction,Home,28770,one direction - home,1380607,One Direction,Home,5UcphALlWd7sBBySclJvAi,61,2010,pop,0.42,0.867,9,-5.397,1,0.0853,0.0115,0.0,0.0851,0.63,78.814,194907,4
2024-11-06 01:24,One Direction,Right Now,200400,one direction - right now,93593,One Direction,Right Now,1dQQ2QlnvXUehsRUrukKmf,80,2013,pop,0.645,0.78,8,-5.165,1,0.0319,0.218,0.0,0.0919,0.372,120.008,200400,4
2024-11-06 01:28,One Direction,Ready to Run,196053,one direction - ready to run,146862,One Direction,Ready to Run,7GtGeeChOx4NS77bqK8SUx,64,2014,pop,0.524,0.831,2,-4.174,1,0.036,0.00229,0.0,0.171,0.299,115.067,196053,4
2024-11-06 01:29,One Direction,Don't Forget Where You Belong,64486,one direction - don't forget where you belong,93649,One Direction,Don't Forget Where You Belong,3yhVmOZSpZqnhRrEiYI0EJ,61,2013,pop,0.54,0.711,7,-5.717,1,0.0255,0.103,0.0,0.0827,0.292,92.014,241000,4
2024-11-06 01:36,One Direction,Up All Night,194693,one direction - up all night,40410,One Direction,Up All Night,1I93YiKgu2P5pwprWmziPI,62,2012,pop,0.606,0.929,0,-2.182,1,0.055,0.023,0.0,0.101,0.622,139.022,194693,4
2024-11-06 01:38,One Direction,Midnight Memories,176320,one direction - midnight memories,93603,One Direction,Midnight Memories,5wjmqUGN7vrAqFqDWrywlZ,67,2013,pop,0.432,0.868,6,-2.01,0,0.0882,0.00725,0.0,0.233,0.567,156.128,176320,4
2024-11-06 01:48,One Direction,Wolves,241533,one direction - wolves,197660,One Direction,Wolves,4hJfmMjy3wFIOknfYwhouY,62,2015,pop,0.627,0.818,5,-4.243,1,0.057,0.114,0.0,0.0504,0.527,123.456,241533,4
2024-11-06 02:14,One Direction,Gotta Be You,244506,one direction - gotta be you,40429,One Direction,Gotta Be You,3jJ5NJ3aNWvV70Rd7hgZIH,62,2012,pop,0.495,0.583,8,-4.531,1,0.0249,0.374,0.0,0.0781,0.603,84.969,244507,4
2024-11-06 02:15,One Direction,Love You Goodbye,41396,one direction - love you goodbye,197637,One Direction,Love You Goodbye,1ZWLWVqeEMWMKTlteS0yLH,65,2015,pop,0.546,0.657,1,-4.787,1,0.0332,0.0928,0.0,0.119,0.361,133.188,196933,4
2024-11-06 02:32,One Direction,A.M.,209040,one direction - a.m.,197659,One Direction,A.M.,5omYVLodGmaxnhua99xIE8,63,2015,pop,0.586,0.527,3,-4.905,1,0.0309,0.227,0.0,0.0963,0.506,141.839,209040,4
2024-11-06 02:36,One Direction,Never Enough,213440,one direction - never enough,197713,One Direction,Never Enough,7rdP71W8x4UbJ0KAKBACbo,60,2015,pop,0.579,0.779,4,-1.829,0,0.0512,0.0379,0.0,0.385,0.587,164.145,213440,3
2024-11-07 19:17,One Direction,Last First Kiss,203405,one direction - last first kiss,40407,One Direction,Last First Kiss,0KqlLyIGuBZWqzNwP9rypc,64,2012,pop,0.538,0.819,4,-2.662,1,0.0435,0.0445,0.0,0.215,0.478,82.085,203547,4
2024-11-07 19:20,One Direction,What Makes You Beautiful,199986,one direction - what makes you beautiful,40346,One Direction,What Makes You Beautiful,4cluDES4hQEUhmXj6TXkSo,82,2012,pop,0.726,0.787,4,-2.494,1,0.0737,0.009,0.0,0.0596,0.888,124.99,199987,4
2024-11-07 19:36,One Direction,Diana,184666,one direction - diana,93621,One Direction,Diana,6twW4ma6w0mOeejejPK0nY,63,2013,pop,0.549,0.868,2,-4.319,1,0.0614,0.0604,0.0,0.137,0.755,171.96,184667,4
2024-11-07 19:41,One Direction,Story of My Life,245493,one direction - story of my life,93572,One Direction,Story of My Life,4nVBt6MZDDP6tRVdQTgxJg,81,2013,pop,0.6,0.663,3,-5.802,1,0.0477,0.225,0.0,0.119,0.286,121.07,245493,4
2024-11-07 19:44,One Direction,Midnight Memories,176320,one direction - midnight memories,93603,One Direction,Midnight Memories,5wjmqUGN7vrAqFqDWrywlZ,67,2013,pop,0.432,0.868,6,-2.01,0,0.0882,0.00725,0.0,0.233,0.567,156.128,176320,4
2024-11-07 19:47,One Direction,One Thing,197600,one direction - one thing,40367,One Direction,One Thing,5G2c6FsfTzgYUzageCmfXY,72,2012,pop,0.713,0.718,2,-3.806,1,0.0278,0.00233,0.0,0.0838,0.656,126.999,197600,4
2024-11-07 19:50,One Direction,Stand Up,175093,one direction - stand up,40480,One Direction,Stand Up,147ximWPJObFNQ4M1AhFox,57,2012,pop,0.584,0.9,4,-3.637,1,0.0611,0.00646,0.0,0.267,0.893,125.007,175093,4
2024-11-07 19:52,One Direction,Half a Heart,95035,one direction - half a heart,93620,One Direction,Half a Heart,6nIE1oCE4udqMGv3bqVNVb,65,2013,pop,0.515,0.714,0,-4.516,1,0.0348,0.286,0.0,0.118,0.495,155.954,188547,4
2024-11-07 19:56,Cigarettes After Sex,Truly,244110,cigarettes after sex - truly,255760,Cigarettes After Sex,Truly,6qwEx0TQJMEqvQdN8hRZDx,57,2017,ambient,0.44,0.387,4,-9.792,1,0.0279,0.148,0.559,0.0844,0.267,96.556,243640,4
2024-11-07 19:58,Cigarettes After Sex,You're the Only Good Thing In My Life,115119,cigarettes after sex - you're the only good thing in my life,368583,Cigarettes After Sex,You're the Only Good Thing in My Life,69BeOEL0DFLwA3WplXJxX5,59,2019,ambient,0.462,0.288,5,-11.199,1,0.0288,0.781,0.756,0.131,0.0589,130.164,275187,4
2024-11-07 20:01,Arctic Monkeys,Stop The World I Wanna Get Off With You,191040,arctic monkeys - stop the world i wanna get off with you,77598,Arctic Monkeys,Stop The World I Wanna Get Off With You,2QUlMbvD9bL8wHqfsoqoet,69,2013,garage,0.661,0.73,6,-6.779,0,0.0574,0.0537,3.44e-05,0.14,0.53,95.027,191040,4
2024-11-07 20:04,Arctic Monkeys,Knee Socks,214603,arctic monkeys - knee socks,77596,Arctic Monkeys,Knee Socks,2LGdO5MtFdyphi2EihANZG,74,2013,garage,0.665,0.542,11,-8.323,0,0.033,0.123,0.00291,0.342,0.587,97.975,257563,4
2024-11-07 20:12,Chase Atlantic,LUST,204106,chase atlantic - lust,406673,Chase Atlantic,LUST,51t7nQOI35g07O0z4fflO1,57,2019,pop,0.641,0.755,4,-6.274,1,0.244,0.018,0.000443,0.159,0.477,131.954,204107,4
2024-11-07 20:18,Arctic Monkeys,Do I Wanna Know?,272394,arctic monkeys - do i wanna know?,77593,Arctic Monkeys,Do I Wanna Know?,5FVd6KXrgO9B3JPmC8OPst,86,2013,garage,0.548,0.532,5,-7.596,1,0.0323,0.186,0.000263,0.217,0.405,85.03,272394,4
2024-11-07 20:38,The Neighbourhood,Nervous,137368,the neighbourhood - nervous,311055,The Neighbourhood,Nervous,113xf7t4qNM7038YJvauik,67,2018,alt-rock,0.589,0.614,0,-7.528,0,0.0426,0.0213,0.165,0.31,0.318,119.837,245000,4
2024-11-07 20:51,Arctic Monkeys,Baby I'm Yours,152613,arctic monkeys - baby i'm yours,1076412,Arctic Monkeys,Baby I'm Yours,6FLqFu1ApSkUddZ9P4H6Io,58,2006,garage,0.462,0.595,2,-9.363,1,0.0347,0.215,0.0,0.184,0.64,113.719,152613,4
2024-11-07 21:01,Arctic Monkeys,I Wanna Be Yours,183956,arctic monkeys - i wanna be yours,77591,Arctic Monkeys,I Wanna Be Yours,5XeFesFbtLpXzIVDNQP22n,91,2013,garage,0.464,0.417,0,-9.345,0,0.0256,0.136,0.022,0.0974,0.479,67.528,183956,4
2024-11-07 21:04,Arctic Monkeys,Cornerstone,197973,arctic monkeys - cornerstone,1286929,Arctic Monkeys,Cornerstone,3MC4XRbQADJdW9IIIwbe2u,53,2009,garage,0.287,0.721,9,-5.81,1,0.0387,0.00764,0.0,0.328,0.763,169.252,197973,4
2024-11-07 21:07,Arctic Monkeys,Why'd You Only Call Me When You're High?,161123,arctic monkeys - why'd you only call me when you're high?,77592,Arctic Monkeys,Why'd You Only Call Me When You're High?,086myS9r57YsLbJpU0TgK9,85,2013,garage,0.691,0.631,2,-6.478,1,0.0368,0.0483,1.13e-05,0.104,0.8,92.004,161124,4
2024-11-07 21:11,The Neighbourhood,Cry Baby,216336,the neighbourhood - cry baby,162920,The Neighbourhood,Cry Baby,0EfsDEYaSjGYd66Pr881nq,73,2015,alt-rock,0.581,0.656,4,-4.891,0,0.0294,0.00269,2.78e-06,0.101,0.338,108.033,235160,4
2024-11-07 21:13,Claude Debussy,"Préludes / Book 1, L. 117: VIII. La Fille Aux Cheveux De Lin",146683,"claude debussy - préludes / book 1, l. 117: viii. la fille aux cheveux de lin",317502,Claude Debussy,"Préludes / Book 1, L. 117: VIII. La fille aux cheveux de lin",5NAIQcA3vCUOC9AxNteyfD,51,2018,classical,0.345,0.00421,6,-33.152,1,0.0511,0.995,0.896,0.0514,0.131,127.845,151440,4
2024-11-07 21:42,Shoshana Michel,Glissé,206500,shoshana michel - glissé,538556,Shoshana Michel,Glissé,3YNL2LGfjiPIv77qEdVLI4,37,2022,classical,0.339,0.0757,7,-26.91,0,0.0427,0.979,0.916,0.11,0.135,133.35,206500,3
2024-11-07 22:05,Erik Satie,Gnossienne: No. 3,216906,erik satie - gnossienne: no. 3,116330,Erik Satie,Gnossienne: No. 3,1sLWQK2pwPaid17Y54kQI0,32,2014,classical,0.35,0.0316,9,-27.813,0,0.042,0.995,0.887,0.0985,0.0553,111.123,141600,4
2024-11-08 01:36,Chase Atlantic,Vibes,216217,chase atlantic - vibes,197787,Chase Atlantic,Vibes,0AIRuNLJPz613ByB1k2W5o,56,2015,pop,0.494,0.88,9,-5.064,1,0.0545,0.0192,0.0,0.187,0.344,100.023,216217,4
2024-11-08 01:44,Chase Atlantic,Drugs & Money - New Mix,239921,chase atlantic - drugs & money - new mix,293587,Chase Atlantic,Drugs & Money - New Mix,4SRyrhBJ5mq8fEa3bsdZn6,65,2017,pop,0.629,0.735,11,-4.826,1,0.0599,0.2,0.0,0.243,0.477,123.996,239922,4
2024-11-08 01:54,Chase Atlantic,HER,169720,chase atlantic - her,406529,Chase Atlantic,HER,5i7g9wTIruXgWKvA83BXlk,64,2019,pop,0.706,0.586,5,-5.404,0,0.066,0.106,5.43e-06,0.169,0.689,139.984,169714,4
2024-11-08 01:58,Chase Atlantic,Tidal Wave,243670,chase atlantic - tidal wave,350373,Chase Atlantic,Tidal Wave,2b2lL6iY3x1CSOv7QQbp8R,60,2018,pop,0.599,0.609,4,-5.14,1,0.052,0.565,2.11e-05,0.137,0.383,123.967,243707,4
2024-11-08 02:00,Justin Bieber,Ghost,4280,justin bieber - ghost,515568,Justin Bieber,Ghost,6I3mqTwhRpn34SLVafSH7G,85,2021,pop,0.601,0.741,2,-5.569,1,0.0478,0.185,2.91e-05,0.415,0.441,153.96,153190,4
2024-11-08 02:00,Taylor Swift,Midnight Rain,13450,taylor swift - midnight rain,569203,Taylor Swift,Midnight Rain,3rWDp9tBPQR9z6U5YyRSK4,83,2022,pop,0.643,0.363,0,-11.738,1,0.0767,0.69,5.17e-05,0.115,0.23,139.865,174783,4
2024-11-08 02:01,Lana Del Rey,Young And Beautiful,12430,lana del rey - young and beautiful,93567,Lana Del Rey,Young And Beautiful,2nMeu6UenVvwUktBCpLMK9,81,2013,pop,0.324,0.416,11,-8.92,0,0.0368,0.262,3.69e-05,0.11,0.151,113.986,236053,4
2024-11-08 02:01,Lana Del Rey,Young And Beautiful,3280,lana del rey - young and beautiful,93567,Lana Del Rey,Young And Beautiful,2nMeu6UenVvwUktBCpLMK9,81,2013,pop,0.324,0.416,11,-8.92,0,0.0368,0.262,3.69e-05,0.11,0.151,113.986,236053,4
2024-11-08 02:04,Taylor Swift,Love Story,4536,taylor swift - love story,1238481,Taylor Swift,Love Story,1vrd6UOGamcKNGnSHJQlSt,67,2008,pop,0.618,0.741,2,-3.95,1,0.031,0.17,0.0,0.0822,0.296,118.984,235267,4
2024-11-08 02:04,The Weeknd,Call Out My Name,228373,the weeknd - call out my name,350201,The Weeknd,Call Out My Name,09mEdoA6zrmBPgTEN5qXmN,87,2018,pop,0.461,0.593,1,-4.954,1,0.0356,0.17,0.0,0.307,0.175,134.17,228373,3
2024-11-08 02:05,Taylor Swift,cardigan,12940,taylor swift - cardigan,461996,Taylor Swift,cardigan,4R2kfaDFhslZEMJqAFNpdd,84,2020,pop,0.613,0.581,0,-8.588,0,0.0424,0.537,0.000345,0.25,0.551,130.033,239560,4
2024-11-08 02:13,LiSA,紅蓮華,237586,lisa - 紅蓮華,410271,LiSA,紅蓮華,0nUKU6e9COOCgO5tAUtlST,53,2019,rock,0.544,0.979,4,-2.8,0,0.153,0.00336,0.000116,0.0775,0.31,135.001,238587,4
2024-11-08 02:21,UVERworld,ODD FUTURE,226493,uverworld - odd future,354116,UVERworld,ODD FUTURE,0yy8QwH9OOgeF3CBeUDguR,54,2018,rock,0.694,0.795,0,-4.649,0,0.0924,0.015,0.0,0.114,0.556,128.036,225907,4
2024-11-08 02:23,PornoGraffitti,THE DAY,6206,pornograffitti - the day,293639,PornoGraffitti,THE DAY,1tjOClAkdMxDfYPO0xvGbG,62,2017,pop,0.512,0.933,1,-4.759,0,0.0738,0.000761,0.0,0.342,0.465,92.998,241627,4
2024-11-08 02:29,LiSA,だってアタシのヒーロー。,234093,lisa - だってアタシのヒーロー。,297397,LiSA,だってアタシのヒーロー。,45UI1yzA7vjkWHoAUZ8nGp,53,2017,rock,0.394,0.99,10,-0.589,0,0.188,0.0365,0.0,0.174,0.269,188.954,234093,4
2024-11-08 02:45,Brian the Sun,HEROES,181360,brian the sun - heroes,297389,Brian the Sun,HEROES,32CwLhZJBa6C5Q0bJe0Q47,53,2017,rock,0.526,0.94,2,-3.864,1,0.066,0.00742,0.0,0.268,0.574,99.058,181360,4
2024-11-09 09:23,The Neighbourhood,Reflections,82688,the neighbourhood - reflections,311045,The Neighbourhood,Reflections,2xql0pid3EUwW38AsywxhV,77,2018,alt-rock,0.648,0.594,11,-7.027,0,0.0293,0.114,0.0462,0.116,0.544,113.983,244013,4
2024-11-12 09:55,One Direction,Midnight Memories,176320,one direction - midnight memories,93603,One Direction,Midnight Memories,5wjmqUGN7vrAqFqDWrywlZ,67,2013,pop,0.432,0.868,6,-2.01,0,0.0882,0.00725,0.0,0.233,0.567,156.128,176320,4
2024-11-12 09:56,One Direction,No Control,75340,one direction - no control,146818,One Direction,No Control,4JaLkM90MJutDAl5jD9BZX,69,2014,pop,0.558,0.916,1,-3.145,0,0.0839,0.0278,0.0,0.0296,0.85,142.984,199720,4
2024-11-12 20:44,Chase Atlantic,Okay,212306,chase atlantic - okay,293566,Chase Atlantic,Okay,492PZFHvGTm3RZZYeeUVWT,67,2017,pop,0.614,0.815,0,-6.784,1,0.131,0.112,0.0,0.121,0.431,130.049,212307,4
2024-11-12 20:53,The Neighbourhood,Nervous,245000,the neighbourhood - nervous,311055,The Neighbourhood,Nervous,113xf7t4qNM7038YJvauik,67,2018,alt-rock,0.589,0.614,0,-7.528,0,0.0426,0.0213,0.165,0.31,0.318,119.837,245000,4
2024-11-12 21:33,Arctic Monkeys,She's Thunderstorms,980,arctic monkeys - she's thunderstorms,1428149,Arctic Monkeys,She's Thunderstorms,5qm8ISXOho1EvFj6e4f4bG,46,2011,garage,0.505,0.898,7,-4.906,1,0.0329,0.000518,0.00236,0.173,0.731,118.929,234920,4
2024-11-12 21:33,The Neighbourhood,Baby Came Home 2 / Valentines,271893,the neighbourhood - baby came home 2 / valentines,162929,The Neighbourhood,Baby Came Home 2 / Valentines,40gvh6jP5qxMJuMmF9lG9A,67,2015,alt-rock,0.21,0.499,2,-9.754,0,0.0485,0.0687,0.00315,0.773,0.108,74.094,390493,4
2024-11-12 21:40,Arctic Monkeys,She's Thunderstorms,2240,arctic monkeys - she's thunderstorms,1428149,Arctic Monkeys,She's Thunderstorms,5qm8ISXOho1EvFj6e4f4bG,46,2011,garage,0.505,0.898,7,-4.906,1,0.0329,0.000518,0.00236,0.173,0.731,118.929,234920,4
2024-11-12 21:40,The Neighbourhood,Baby Came Home 2 / Valentines,406350,the neighbourhood - baby came home 2 / valentines,162929,The Neighbourhood,Baby Came Home 2 / Valentines,40gvh6jP5qxMJuMmF9lG9A,67,2015,alt-rock,0.21,0.499,2,-9.754,0,0.0485,0.0687,0.00315,0.773,0.108,74.094,390493,4
2024-11-12 21:44,Arctic Monkeys,No. 1 Party Anthem,243131,arctic monkeys - no. 1 party anthem,77597,Arctic Monkeys,No. 1 Party Anthem,5TTGoX70AFrTvuEtqHK37S,69,2013,garage,0.505,0.698,0,-5.563,1,0.0297,0.33,0.0887,0.0966,0.599,115.013,243132,4
2024-11-12 21:49,Chase Atlantic,Swim,228786,chase atlantic - swim,293479,Chase Atlantic,Swim,3M0lSi5WW79CXQamgSBIjx,80,2017,pop,0.666,0.542,8,-6.429,1,0.0392,0.27,0.0,0.0765,0.0771,120.134,228787,4
2024-11-12 22:18,The Neighbourhood,Alleyways,267853,the neighbourhood - alleyways,56435,The Neighbourhood,Alleyways,4V37tyDu9CtqYshvrgLke4,59,2013,alt-rock,0.622,0.831,5,-4.819,0,0.0273,0.00102,0.803,0.119,0.363,101.03,267853,4
2024-11-12 22:26,Chase Atlantic,Meddle About,203886,chase atlantic - meddle about,197593,Chase Atlantic,Meddle About,1x5gfSHfhWpMFKKqbuDe9G,68,2015,pop,0.387,0.797,4,-6.41,0,0.052,0.00404,0.0108,0.314,0.369,159.897,203886,4
2024-11-12 22:30,Chase Atlantic,Tidal Wave,243670,chase atlantic - tidal wave,350373,Chase Atlantic,Tidal Wave,2b2lL6iY3x1CSOv7QQbp8R,60,2018,pop,0.599,0.609,4,-5.14,1,0.052,0.565,2.11e-05,0.137,0.383,123.967,243707,4
2024-11-12 22:32,Arctic Monkeys,Baby I'm Yours,152613,arctic monkeys - baby i'm yours,1076412,Arctic Monkeys,Baby I'm Yours,6FLqFu1ApSkUddZ9P4H6Io,58,2006,garage,0.462,0.595,2,-9.363,1,0.0347,0.215,0.0,0.184,0.64,113.719,152613,4
2024-11-12 23:28,Cigarettes After Sex,Apocalypse,132059,cigarettes after sex - apocalypse,255746,Cigarettes After Sex,Apocalypse,3AVrVz5rK8Hrqo9YGiVGN5,81,2017,ambient,0.369,0.467,5,-9.018,1,0.0274,0.0194,0.46,0.109,0.174,94.473,290147,4
2024-11-13 00:26,Cigarettes After Sex,Apocalypse,158806,cigarettes after sex - apocalypse,255746,Cigarettes After Sex,Apocalypse,3AVrVz5rK8Hrqo9YGiVGN5,81,2017,ambient,0.369,0.467,5,-9.018,1,0.0274,0.0194,0.46,0.109,0.174,94.473,290147,4
2024-11-13 00:37,Chase Atlantic,Friends,5570,chase atlantic - friends,197528,Chase Atlantic,Friends,2jQiSYrwJehQAcuaaQrXnS,79,2015,pop,0.422,0.609,11,-6.361,0,0.0335,0.0114,4.76e-06,0.108,0.0911,107.34,230011,3
2024-11-13 00:37,Chase Atlantic,Friends,590,chase atlantic - friends,197528,Chase Atlantic,Friends,2jQiSYrwJehQAcuaaQrXnS,79,2015,pop,0.422,0.609,11,-6.361,0,0.0335,0.0114,4.76e-06,0.108,0.0911,107.34,230011,3
2024-11-13 00:37,Cults,Always Forever,101384,cults - always forever,87537,Cults,Always Forever,2enPRFda84VE2wtI8c86Uf,78,2013,indie-pop,0.174,0.742,8,-5.93,1,0.0485,0.00181,0.281,0.198,0.36,163.378,223747,4
2024-11-13 00:37,Cigarettes After Sex,Truly,10470,cigarettes after sex - truly,255760,Cigarettes After Sex,Truly,6qwEx0TQJMEqvQdN8hRZDx,57,2017,ambient,0.44,0.387,4,-9.792,1,0.0279,0.148,0.559,0.0844,0.267,96.556,243640,4
2024-11-13 00:37,Cigarettes After Sex,Truly,650,cigarettes after sex - truly,255760,Cigarettes After Sex,Truly,6qwEx0TQJMEqvQdN8hRZDx,57,2017,ambient,0.44,0.387,4,-9.792,1,0.0279,0.148,0.559,0.0844,0.267,96.556,243640,4
2024-11-13 00:47,Chase Atlantic,Friends,228724,chase atlantic - friends,197528,Chase Atlantic,Friends,2jQiSYrwJehQAcuaaQrXnS,79,2015,pop,0.422,0.609,11,-6.361,0,0.0335,0.0114,4.76e-06,0.108,0.0911,107.34,230011,3
2024-11-13 00:59,d4vd,Romantic Homicide,132630,d4vd - romantic homicide,569185,d4vd,Romantic Homicide,1xK59OXxi2TAAAbmZK0kBL,90,2022,pop,0.571,0.544,6,-10.613,1,0.0299,0.453,0.00805,0.322,0.216,132.052,132631,4
2024-11-13 01:23,James Arthur,Car's Outside,248373,james arthur - car's outside,406437,James Arthur,Car's Outside,0otRX6Z89qKkHkQ9OqJpKt,81,2019,pop,0.338,0.562,9,-7.181,1,0.029,0.039,0.0,0.107,0.259,149.907,248373,4
2024-11-13 01:34,The Neighbourhood,Cry Baby,235160,the neighbourhood - cry baby,162920,The Neighbourhood,Cry Baby,0EfsDEYaSjGYd66Pr881nq,73,2015,alt-rock,0.581,0.656,4,-4.891,0,0.0294,0.00269,2.78e-06,0.101,0.338,108.033,235160,4
2024-11-13 01:47,Chase Atlantic,HER,169720,chase atlantic - her,406529,Chase Atlantic,HER,5i7g9wTIruXgWKvA83BXlk,64,2019,pop,0.706,0.586,5,-5.404,0,0.066,0.106,5.43e-06,0.169,0.689,139.984,169714,4
2024-11-14 00:54,ELIO,hurts 2 hate somebody (with Chase Atlantic & No Rome),73661,elio - hurts 2 hate somebody (with chase atlantic & no rome),488289,ELIO,hurts 2 hate somebody (with Chase Atlantic & No Rome),2EKo5WC2LX4fiplTWan5Rl,54,2021,dance,0.623,0.683,7,-3.512,1,0.0437,0.0995,0.0,0.372,0.747,90.021,186665,4
2024-11-14 00:56,ELIO,hurts 2 hate somebody (with Chase Atlantic & No Rome),109888,elio - hurts 2 hate somebody (with chase atlantic & no rome),488289,ELIO,hurts 2 hate somebody (with Chase Atlantic & No Rome),2EKo5WC2LX4fiplTWan5Rl,54,2021,dance,0.623,0.683,7,-3.512,1,0.0437,0.0995,0.0,0.372,0.747,90.021,186665,4
2024-11-14 08:15,ELIO,hurts 2 hate somebody (with Chase Atlantic & No Rome),3131,elio - hurts 2 hate somebody (with chase atlantic & no rome),488289,ELIO,hurts 2 hate somebody (with Chase Atlantic & No Rome),2EKo5WC2LX4fiplTWan5Rl,54,2021,dance,0.623,0.683,7,-3.512,1,0.0437,0.0995,0.0,0.372,0.747,90.021,186665,4
2024-11-14 08:17,Chase Atlantic,Into It,95484,chase atlantic - into it,293490,Chase Atlantic,Into It,4HwDCXsMBC7SUdp2WT4MZP,77,2017,pop,0.518,0.572,10,-6.706,0,0.0416,0.0503,2.41e-05,0.129,0.291,130.053,196767,4
2024-11-14 08:19,The Neighbourhood,Void,114070,the neighbourhood - void,311061,The Neighbourhood,Void,2wXioTynVwrEWYRv6R6vEj,66,2018,alt-rock,0.534,0.582,5,-7.912,1,0.0401,0.047,0.0328,0.0883,0.346,84.183,203667,4
2024-11-14 08:19,ELIO,hurts 2 hate somebody (with Chase Atlantic & No Rome),554,elio - hurts 2 hate somebody (with chase atlantic & no rome),488289,ELIO,hurts 2 hate somebody (with Chase Atlantic & No Rome),2EKo5WC2LX4fiplTWan5Rl,54,2021,dance,0.623,0.683,7,-3.512,1,0.0437,0.0995,0.0,0.372,0.747,90.021,186665,4
2024-11-14 08:23,UVERworld,CORE PRIDE,71957,uverworld - core pride,1451128,UVERworld,CORE PRIDE,55n4sFy8tjysBcCjQFwX3A,57,2011,pop,0.482,0.97,2,-3.131,0,0.193,0.005,0.0,0.233,0.441,92.513,258693,4
2024-11-14 08:25,See Siang Wong,"One Summer's Day (From ""Spirited Away"")",1898,"see siang wong - one summer's day (from ""spirited away"")",116298,See Siang Wong,"One Summer's Day (From ""Spirited Away"")",7hAq2u4izUTrPO3jtAq398,32,2014,classical,0.332,0.136,0,-20.818,1,0.0616,0.994,0.857,0.113,0.0538,182.103,186307,4
2024-11-14 16:58,Cigarettes After Sex,Starry Eyes,206000,cigarettes after sex - starry eyes,2728,Cigarettes After Sex,Starry Eyes,2xfRDWDKOisEXgRnYI58Tb,59,2012,ambient,0.425,0.363,2,-15.32,1,0.0322,0.448,0.321,0.0685,0.12,100.426,206000,4
2024-11-14 17:02,Cigarettes After Sex,Each Time You Fall in Love,290630,cigarettes after sex - each time you fall in love,255751,Cigarettes After Sex,Each Time You Fall In Love,6YbqjyoqQx9p13IndkOzeP,63,2017,ambient,0.383,0.534,10,-8.829,1,0.0277,0.468,0.676,0.14,0.276,76.046,290160,4
2024-11-14 17:06,Arctic Monkeys,Snap Out Of It,193030,arctic monkeys - snap out of it,77594,Arctic Monkeys,Snap Out Of It,0NdTUS4UiNYCNn5FgVqKQY,78,2013,garage,0.728,0.638,5,-6.455,0,0.0336,0.249,0.0,0.116,0.872,130.014,193030,4
2024-11-14 17:10,Cigarettes After Sex,Pure,254626,cigarettes after sex - pure,368590,Cigarettes After Sex,Pure,5EYkide3NzE6gDIHvd4Pvz,53,2019,ambient,0.521,0.211,6,-13.489,0,0.0324,0.544,0.836,0.101,0.0412,134.285,254627,3
2024-11-14 17:19,Arctic Monkeys,Stop The World I Wanna Get Off With You,191040,arctic monkeys - stop the world i wanna get off with you,77598,Arctic Monkeys,Stop The World I Wanna Get Off With You,2QUlMbvD9bL8wHqfsoqoet,69,2013,garage,0.661,0.73,6,-6.779,0,0.0574,0.0537,3.44e-05,0.14,0.53,95.027,191040,4
2024-11-14 17:22,Arctic Monkeys,I Wanna Be Yours,183956,arctic monkeys - i wanna be yours,77591,Arctic Monkeys,I Wanna Be Yours,5XeFesFbtLpXzIVDNQP22n,91,2013,garage,0.464,0.417,0,-9.345,0,0.0256,0.136,0.022,0.0974,0.479,67.528,183956,4
2024-11-14 17:25,Arctic Monkeys,Cornerstone,197973,arctic monkeys - cornerstone,1286929,Arctic Monkeys,Cornerstone,3MC4XRbQADJdW9IIIwbe2u,53,2009,garage,0.287,0.721,9,-5.81,1,0.0387,0.00764,0.0,0.328,0.763,169.252,197973,4
2024-11-14 17:39,Cigarettes After Sex,Heavenly,286773,cigarettes after sex - heavenly,368576,Cigarettes After Sex,Heavenly,1Bh0UzthW8pKEnYg7v40Oa,69,2019,ambient,0.539,0.431,8,-9.298,1,0.0249,0.628,0.653,0.11,0.122,105.156,288595,4
2024-11-14 17:53,Chase Atlantic,Okay,212306,chase atlantic - okay,293566,Chase Atlantic,Okay,492PZFHvGTm3RZZYeeUVWT,67,2017,pop,0.614,0.815,0,-6.784,1,0.131,0.112,0.0,0.121,0.431,130.049,212307,4
2024-11-14 18:01,Chase Atlantic,Church,220000,chase atlantic - church,293564,Chase Atlantic,Church,7bbYT48HWWIbL3YKmtMNzn,68,2017,pop,0.556,0.824,5,-4.539,0,0.0548,0.0109,0.0,0.112,0.292,112.99,220000,4
2024-11-14 18:12,Cigarettes After Sex,John Wayne,258483,cigarettes after sex - john wayne,255750,Cigarettes After Sex,John Wayne,5IonbH68pmDKBwcKlyswmR,65,2017,ambient,0.429,0.457,3,-8.375,1,0.0294,0.35,0.859,0.099,0.183,124.033,258013,4
2024-11-14 18:16,Chase Atlantic,Friends,230010,chase atlantic - friends,197528,Chase Atlantic,Friends,2jQiSYrwJehQAcuaaQrXnS,79,2015,pop,0.422,0.609,11,-6.361,0,0.0335,0.0114,4.76e-06,0.108,0.0911,107.34,230011,3
2024-11-14 18:30,Arctic Monkeys,R U Mine?,201726,arctic monkeys - r u mine?,23776,Arctic Monkeys,R U Mine?,6XnNiyYTxhxuC0zpP22M7C,34,2012,garage,0.52,0.785,6,-4.765,0,0.0329,0.0468,0.0,0.698,0.679,96.996,200188,4
2024-11-14 18:34,The Neighbourhood,Cry Baby,235160,the neighbourhood - cry baby,162920,The Neighbourhood,Cry Baby,0EfsDEYaSjGYd66Pr881nq,73,2015,alt-rock,0.581,0.656,4,-4.891,0,0.0294,0.00269,2.78e-06,0.101,0.338,108.033,235160,4
2024-11-14 18:44,The Neighbourhood,Reflections,244013,the neighbourhood - reflections,311045,The Neighbourhood,Reflections,2xql0pid3EUwW38AsywxhV,77,2018,alt-rock,0.648,0.594,11,-7.027,0,0.0293,0.114,0.0462,0.116,0.544,113.983,244013,4
2024-11-14 18:48,Cigarettes After Sex,Sunsetz,215150,cigarettes after sex - sunsetz,255747,Cigarettes After Sex,Sunsetz,69UqtTHfUKAJweQwEStRzC,77,2017,ambient,0.412,0.477,9,-9.381,0,0.029,0.0542,0.798,0.0975,0.141,75.302,214680,4
2024-11-14 20:15,Arctic Monkeys,Knee Socks,257563,arctic monkeys - knee socks,77596,Arctic Monkeys,Knee Socks,2LGdO5MtFdyphi2EihANZG,74,2013,garage,0.665,0.542,11,-8.323,0,0.033,0.123,0.00291,0.342,0.587,97.975,257563,4
2024-11-14 21:01,The Neighbourhood,Leaving Tonight,203866,the neighbourhood - leaving tonight,1840,The Neighbourhood,Leaving Tonight,6C0T7QMpmeDoDkke32Ctqb,54,2012,alt-rock,0.566,0.681,9,-5.443,0,0.0299,0.0149,0.0,0.104,0.187,119.916,203880,4
2024-11-14 21:04,Chase Atlantic,Into It,196767,chase atlantic - into it,293490,Chase Atlantic,Into It,4HwDCXsMBC7SUdp2WT4MZP,77,2017,pop,0.518,0.572,10,-6.706,0,0.0416,0.0503,2.41e-05,0.129,0.291,130.053,196767,4
2024-11-14 21:11,The Neighbourhood,Afraid,251186,the neighbourhood - afraid,56398,The Neighbourhood,Afraid,7brQHA2CgQpcMBiOlfiXYb,74,2013,alt-rock,0.464,0.701,6,-5.693,0,0.0411,0.00892,0.309,0.335,0.356,83.996,251187,4
2024-11-14 21:15,Chase Atlantic,Consume (feat. Goon Des Garcons),267920,chase atlantic - consume (feat. goon des garcons),293489,Chase Atlantic,Consume (feat. Goon Des Garcons),0X2bh8NVQ8svDQIn2AdCbW,77,2017,pop,0.556,0.714,9,-5.322,0,0.158,0.07,0.0,0.261,0.434,146.113,267920,4
2024-11-14 22:20,Cigarettes After Sex,Sweet,292110,cigarettes after sex - sweet,255748,Cigarettes After Sex,Sweet,3VSYkAf6f46i5ZkXOHORq1,72,2017,ambient,0.448,0.511,6,-9.084,1,0.0274,0.362,0.823,0.129,0.112,96.321,291640,4
2024-11-14 22:23,The Neighbourhood,Female Robbery,209520,the neighbourhood - female robbery,2046,The Neighbourhood,Female Robbery,7e8bQb1csn5WvpOc4b5PJg,40,2012,alt-rock,0.403,0.888,7,-3.382,0,0.0413,0.056,0.00161,0.0682,0.391,176.483,206813,4
2024-11-15 00:10,Chase Atlantic,Tidal Wave,243670,chase atlantic - tidal wave,350373,Chase Atlantic,Tidal Wave,2b2lL6iY3x1CSOv7QQbp8R,60,2018,pop,0.599,0.609,4,-5.14,1,0.052,0.565,2.11e-05,0.137,0.383,123.967,243707,4
2024-11-15 00:13,Arctic Monkeys,Stop The World I Wanna Get Off With You,191040,arctic monkeys - stop the world i wanna get off with you,77598,Arctic Monkeys,Stop The World I Wanna Get Off With You,2QUlMbvD9bL8wHqfsoqoet,69,2013,garage,0.661,0.73,6,-6.779,0,0.0574,0.0537,3.44e-05,0.14,0.53,95.027,191040,4
2024-11-15 01:28,The Neighbourhood,W.D.Y.W.F.M?,259413,the neighbourhood - w.d.y.w.f.m?,56407,The Neighbourhood,W.D.Y.W.F.M?,3vooOYHU0Fi3ViCG7Ozh0Y,65,2013,alt-rock,0.557,0.845,8,-2.926,0,0.0346,0.0303,0.00851,0.354,0.508,123.997,259413,4
2024-11-15 01:32,The Neighbourhood,Sweater Weather,240400,the neighbourhood - sweater weather,1800,The Neighbourhood,Sweater Weather,4pGqFOfzvfe6avb9kbZicC,60,2012,alt-rock,0.695,0.615,7,-5.325,0,0.042,0.15,0.000212,0.0879,0.414,124.015,240040,4
2024-11-15 01:36,Cigarettes After Sex,Falling In Love,214077,cigarettes after sex - falling in love,368577,Cigarettes After Sex,Falling In Love,4m1jesCFX1gQtIRFirfwCW,65,2019,ambient,0.482,0.267,7,-11.638,1,0.0262,0.722,0.02,0.125,0.347,140.617,245840,4
2024-11-15 01:36,Cigarettes After Sex,K.,1370,cigarettes after sex - k.,215605,Cigarettes After Sex,K.,36Zs84njjWZD3TGYE77WPC,47,2016,ambient,0.454,0.404,3,-10.26,1,0.027,0.146,0.819,0.141,0.313,94.113,319560,4
2024-11-15 01:36,Cigarettes After Sex,You're the Only Good Thing In My Life,2170,cigarettes after sex - you're the only good thing in my life,368583,Cigarettes After Sex,You're the Only Good Thing in My Life,69BeOEL0DFLwA3WplXJxX5,59,2019,ambient,0.462,0.288,5,-11.199,1,0.0288,0.781,0.756,0.131,0.0589,130.164,275187,4
2024-11-15 01:36,Cigarettes After Sex,Kiss It Off Me,6260,cigarettes after sex - kiss it off me,368580,Cigarettes After Sex,Kiss It Off Me,1Mhf6QIO0UuVr2ZvQPgymt,62,2019,ambient,0.521,0.298,4,-12.471,1,0.0258,0.753,0.496,0.111,0.235,80.259,269933,4
2024-11-15 01:40,Chase Atlantic,Swim,228786,chase atlantic - swim,293479,Chase Atlantic,Swim,3M0lSi5WW79CXQamgSBIjx,80,2017,pop,0.666,0.542,8,-6.429,1,0.0392,0.27,0.0,0.0765,0.0771,120.134,228787,4
2024-11-15 01:51,Chase Atlantic,Right Here,235000,chase atlantic - right here,293542,Chase Atlantic,Right Here,2KtS31kaWNHs12Q5B43Ixh,70,2017,pop,0.351,0.587,6,-6.413,1,0.0413,0.00516,1.87e-05,0.121,0.221,159.881,235000,4
2024-11-15 01:56,The Neighbourhood,Sadderdaze,246005,the neighbourhood - sadderdaze,311120,The Neighbourhood,Sadderdaze,7sIYHDxjteT6RY29gAGzP2,57,2018,alt-rock,0.414,0.527,4,-4.749,0,0.0287,0.00971,5.05e-05,0.145,0.306,120.009,245827,4
2024-11-15 01:58,Cigarettes After Sex,Truly,118023,cigarettes after sex - truly,255760,Cigarettes After Sex,Truly,6qwEx0TQJMEqvQdN8hRZDx,57,2017,ambient,0.44,0.387,4,-9.792,1,0.0279,0.148,0.559,0.0844,0.267,96.556,243640,4
2024-11-15 02:02,The Neighbourhood,Flawless,246493,the neighbourhood - flawless,56405,The Neighbourhood,Flawless,2Kt1XplPBQBsDKQDa6TssB,68,2013,alt-rock,0.568,0.871,0,-3.453,1,0.0308,0.0553,0.51,0.303,0.374,119.99,246493,4
2024-11-15 02:10,Arctic Monkeys,Do I Wanna Know?,272394,arctic monkeys - do i wanna know?,77593,Arctic Monkeys,Do I Wanna Know?,5FVd6KXrgO9B3JPmC8OPst,86,2013,garage,0.548,0.532,5,-7.596,1,0.0323,0.186,0.000263,0.217,0.405,85.03,272394,4
2024-11-15 02:14,ELIO,hurts 2 hate somebody (with Chase Atlantic & No Rome),186665,elio - hurts 2 hate somebody (with chase atlantic & no rome),488289,ELIO,hurts 2 hate somebody (with Chase Atlantic & No Rome),2EKo5WC2LX4fiplTWan5Rl,54,2021,dance,0.623,0.683,7,-3.512,1,0.0437,0.0995,0.0,0.372,0.747,90.021,186665,4
2024-11-15 02:20,The Neighbourhood,Baby Came Home 2 / Valentines,390493,the neighbourhood - baby came home 2 / valentines,162929,The Neighbourhood,Baby Came Home 2 / Valentines,40gvh6jP5qxMJuMmF9lG9A,67,2015,alt-rock,0.21,0.499,2,-9.754,0,0.0485,0.0687,0.00315,0.773,0.108,74.094,390493,4
2024-11-15 02:23,The Neighbourhood,Compass,167960,the neighbourhood - compass,311053,The Neighbourhood,Compass,0YNtAadZvKBBEFARtfoCV8,69,2018,alt-rock,0.7,0.82,5,-5.499,0,0.0329,0.238,0.318,0.658,0.667,109.998,167960,4
2024-11-15 02:27,The Neighbourhood,Alleyways,267853,the neighbourhood - alleyways,56435,The Neighbourhood,Alleyways,4V37tyDu9CtqYshvrgLke4,59,2013,alt-rock,0.622,0.831,5,-4.819,0,0.0273,0.00102,0.803,0.119,0.363,101.03,267853,4
2024-11-15 02:30,d4vd,Romantic Homicide,132630,d4vd - romantic homicide,569185,d4vd,Romantic Homicide,1xK59OXxi2TAAAbmZK0kBL,90,2022,pop,0.571,0.544,6,-10.613,1,0.0299,0.453,0.00805,0.322,0.216,132.052,132631,4
2024-11-15 02:32,Djo,End of Beginning,159245,djo - end of beginning,569335,Djo,End of Beginning,3qhlB30KknSejmIvZZLjOD,66,2022,pop,0.689,0.454,2,-7.643,1,0.0584,0.0351,0.00259,0.0707,0.912,159.982,159246,4
2024-11-15 02:39,Arctic Monkeys,No. 1 Party Anthem,243131,arctic monkeys - no. 1 party anthem,77597,Arctic Monkeys,No. 1 Party Anthem,5TTGoX70AFrTvuEtqHK37S,69,2013,garage,0.505,0.698,0,-5.563,1,0.0297,0.33,0.0887,0.0966,0.599,115.013,243132,4
2024-11-15 02:49,James Arthur,Car's Outside,4857,james arthur - car's outside,406437,James Arthur,Car's Outside,0otRX6Z89qKkHkQ9OqJpKt,81,2019,pop,0.338,0.562,9,-7.181,1,0.029,0.039,0.0,0.107,0.259,149.907,248373,4
2024-11-15 02:52,Chase Atlantic,Meddle About,203886,chase atlantic - meddle about,197593,Chase Atlantic,Meddle About,1x5gfSHfhWpMFKKqbuDe9G,68,2015,pop,0.387,0.797,4,-6.41,0,0.052,0.00404,0.0108,0.314,0.369,159.897,203886,4
2024-11-15 02:57,The Neighbourhood,Prey,282640,the neighbourhood - prey,162945,The Neighbourhood,Prey,38kjFXYgPvtuXCPbHPMGte,63,2015,alt-rock,0.517,0.779,9,-5.005,0,0.0477,0.0258,0.0,0.0622,0.197,115.206,282640,4
2024-11-15 03:00,Arctic Monkeys,Arabella,207356,arctic monkeys - arabella,77595,Arctic Monkeys,Arabella,7nzsY8vlnKdvGOEE0rjAXZ,76,2013,garage,0.579,0.558,2,-6.986,1,0.0895,0.0202,1.26e-06,0.212,0.506,179.949,207357,4
2024-11-15 03:04,Chase Atlantic,OHMAMI,226835,chase atlantic - ohmami,515742,Chase Atlantic,OHMAMI,2zVaxB54fNngkbWs5uZnla,66,2021,pop,0.625,0.717,10,-5.796,0,0.121,0.0476,8.73e-05,0.277,0.398,126.004,226835,4
2024-11-15 03:08,Chase Atlantic,LUST,204106,chase atlantic - lust,406673,Chase Atlantic,LUST,51t7nQOI35g07O0z4fflO1,57,2019,pop,0.641,0.755,4,-6.274,1,0.244,0.018,0.000443,0.159,0.477,131.954,204107,4
2024-11-15 08:37,Chase Atlantic,HEAVEN AND BACK,164825,chase atlantic - heaven and back,406526,Chase Atlantic,HEAVEN AND BACK,5dewQ7ojISR32NAYNHFYWC,66,2019,pop,0.309,0.793,10,-6.195,0,0.0774,0.0902,0.092,0.0888,0.532,193.714,248240,4
2024-11-15 10:23,Cigarettes After Sex,Falling In Love,12202,cigarettes after sex - falling in love,368577,Cigarettes After Sex,Falling In Love,4m1jesCFX1gQtIRFirfwCW,65,2019,ambient,0.482,0.267,7,-11.638,1,0.0262,0.722,0.02,0.125,0.347,140.617,245840,4
2024-11-19 06:33,Joe Hisaishi,Merry-Go-Round of Life - from 'Howl's Moving Castle',2069,joe hisaishi - merry-go-round of life - from 'howl's moving castle',169734,Joe Hisaishi,Merry-Go-Round of Life - from 'Howl's Moving Castle',6we7aGwxkyED5OLHHz26dM,21,2015,classical,0.373,0.287,7,-12.565,0,0.0347,0.877,0.644,0.122,0.186,80.799,311107,4
2024-11-19 06:36,The Goo Goo Dolls,Iris,136149,the goo goo dolls - iris,614909,The Goo Goo Dolls,Iris,3XyhVdxLFCQUu96TM1Qjsu,0,2023,rock,0.291,0.791,11,-5.683,0,0.0361,0.00133,5.17e-06,0.0811,0.511,155.669,289907,3
2024-11-19 21:44,The Goo Goo Dolls,Iris,290573,the goo goo dolls - iris,614909,The Goo Goo Dolls,Iris,3XyhVdxLFCQUu96TM1Qjsu,0,2023,rock,0.291,0.791,11,-5.683,0,0.0361,0.00133,5.17e-06,0.0811,0.511,155.669,289907,3
2024-11-19 21:44,The Goo Goo Dolls,Iris,1966,the goo goo dolls - iris,614909,The Goo Goo Dolls,Iris,3XyhVdxLFCQUu96TM1Qjsu,0,2023,rock,0.291,0.791,11,-5.683,0,0.0361,0.00133,5.17e-06,0.0811,0.511,155.669,289907,3
2024-11-19 21:47,The Neighbourhood,Softcore,206280,the neighbourhood - softcore,311042,The Neighbourhood,Softcore,2K7xn816oNHJZ0aVqdQsha,84,2018,alt-rock,0.575,0.568,9,-5.509,0,0.03,0.0484,0.000417,0.286,0.37,93.986,206280,4
2024-11-19 21:51,Chase Atlantic,Okay,212306,chase atlantic - okay,293566,Chase Atlantic,Okay,492PZFHvGTm3RZZYeeUVWT,67,2017,pop,0.614,0.815,0,-6.784,1,0.131,0.112,0.0,0.121,0.431,130.049,212307,4
2024-11-19 21:55,Cigarettes After Sex,Falling In Love,245840,cigarettes after sex - falling in love,368577,Cigarettes After Sex,Falling In Love,4m1jesCFX1gQtIRFirfwCW,65,2019,ambient,0.482,0.267,7,-11.638,1,0.0262,0.722,0.02,0.125,0.347,140.617,245840,4
2024-11-19 21:57,The Neighbourhood,You Get Me So High,153000,the neighbourhood - you get me so high,311043,The Neighbourhood,You Get Me So High,7zwn1eykZtZ5LODrf7c0tS,81,2018,alt-rock,0.551,0.881,7,-6.099,0,0.0542,0.186,0.0791,0.152,0.387,88.036,153000,4
2024-11-19 22:01,Arctic Monkeys,No. 1 Party Anthem,243131,arctic monkeys - no. 1 party anthem,77597,Arctic Monkeys,No. 1 Party Anthem,5TTGoX70AFrTvuEtqHK37S,69,2013,garage,0.505,0.698,0,-5.563,1,0.0297,0.33,0.0887,0.0966,0.599,115.013,243132,4
2024-11-19 22:05,Arctic Monkeys,Snap Out Of It,193030,arctic monkeys - snap out of it,77594,Arctic Monkeys,Snap Out Of It,0NdTUS4UiNYCNn5FgVqKQY,78,2013,garage,0.728,0.638,5,-6.455,0,0.0336,0.249,0.0,0.116,0.872,130.014,193030,4
2024-11-19 22:12,The Neighbourhood,Leaving Tonight,203866,the neighbourhood - leaving tonight,1840,The Neighbourhood,Leaving Tonight,6C0T7QMpmeDoDkke32Ctqb,54,2012,alt-rock,0.566,0.681,9,-5.443,0,0.0299,0.0149,0.0,0.104,0.187,119.916,203880,4
2024-11-19 22:16,Chase Atlantic,LUST,204106,chase atlantic - lust,406673,Chase Atlantic,LUST,51t7nQOI35g07O0z4fflO1,57,2019,pop,0.641,0.755,4,-6.274,1,0.244,0.018,0.000443,0.159,0.477,131.954,204107,4
2024-11-19 22:21,Cigarettes After Sex,K.,320030,cigarettes after sex - k.,215605,Cigarettes After Sex,K.,36Zs84njjWZD3TGYE77WPC,47,2016,ambient,0.454,0.404,3,-10.26,1,0.027,0.146,0.819,0.141,0.313,94.113,319560,4
2024-11-19 22:24,ELIO,hurts 2 hate somebody (with Chase Atlantic & No Rome),186665,elio - hurts 2 hate somebody (with chase atlantic & no rome),488289,ELIO,hurts 2 hate somebody (with Chase Atlantic & No Rome),2EKo5WC2LX4fiplTWan5Rl,54,2021,dance,0.623,0.683,7,-3.512,1,0.0437,0.0995,0.0,0.372,0.747,90.021,186665,4
2024-11-20 00:24,Arctic Monkeys,Baby I'm Yours,41982,arctic monkeys - baby i'm yours,1076412,Arctic Monkeys,Baby I'm Yours,6FLqFu1ApSkUddZ9P4H6Io,58,2006,garage,0.462,0.595,2,-9.363,1,0.0347,0.215,0.0,0.184,0.64,113.719,152613,4
2024-11-20 00:26,Arctic Monkeys,Baby I'm Yours,110639,arctic monkeys - baby i'm yours,1076412,Arctic Monkeys,Baby I'm Yours,6FLqFu1ApSkUddZ9P4H6Io,58,2006,garage,0.462,0.595,2,-9.363,1,0.0347,0.215,0.0,0.184,0.64,113.719,152613,4
2024-11-20 00:50,Cigarettes After Sex,You're the Only Good Thing In My Life,275564,cigarettes after sex - you're the only good thing in my life,368583,Cigarettes After Sex,You're the Only Good Thing in My Life,69BeOEL0DFLwA3WplXJxX5,59,2019,ambient,0.462,0.288,5,-11.199,1,0.0288,0.781,0.756,0.131,0.0589,130.164,275187,4
2024-11-20 00:57,Chase Atlantic,Vibes,216217,chase atlantic - vibes,197787,Chase Atlantic,Vibes,0AIRuNLJPz613ByB1k2W5o,56,2015,pop,0.494,0.88,9,-5.064,1,0.0545,0.0192,0.0,0.187,0.344,100.023,216217,4
2024-11-20 01:06,Arctic Monkeys,Why'd You Only Call Me When You're High?,161123,arctic monkeys - why'd you only call me when you're high?,77592,Arctic Monkeys,Why'd You Only Call Me When You're High?,086myS9r57YsLbJpU0TgK9,85,2013,garage,0.691,0.631,2,-6.478,1,0.0368,0.0483,1.13e-05,0.104,0.8,92.004,161124,4
2024-11-20 01:20,The Neighbourhood,Sadderdaze,245826,the neighbourhood - sadderdaze,311120,The Neighbourhood,Sadderdaze,7sIYHDxjteT6RY29gAGzP2,57,2018,alt-rock,0.414,0.527,4,-4.749,0,0.0287,0.00971,5.05e-05,0.145,0.306,120.009,245827,4
2024-11-20 01:50,The Neighbourhood,Cry Baby,235160,the neighbourhood - cry baby,162920,The Neighbourhood,Cry Baby,0EfsDEYaSjGYd66Pr881nq,73,2015,alt-rock,0.581,0.656,4,-4.891,0,0.0294,0.00269,2.78e-06,0.101,0.338,108.033,235160,4
2024-11-20 01:52,d4vd,Romantic Homicide,132630,d4vd - romantic homicide,569185,d4vd,Romantic Homicide,1xK59OXxi2TAAAbmZK0kBL,90,2022,pop,0.571,0.544,6,-10.613,1,0.0299,0.453,0.00805,0.322,0.216,132.052,132631,4
2024-11-20 01:57,Arctic Monkeys,505,253586,arctic monkeys - 505,1145378,Arctic Monkeys,505,58ge6dfP91o9oXMzq3XkIS,80,2007,garage,0.52,0.852,0,-5.866,1,0.0543,0.00237,5.79e-05,0.0733,0.234,140.267,253587,4
2024-11-20 02:01,The Neighbourhood,Fallen Star,224938,the neighbourhood - fallen star,478403,The Neighbourhood,Fallen Star,60F6pgM6H6miNr5AmjxwjL,68,2021,alt-rock,0.603,0.551,10,-6.259,0,0.0304,0.0696,0.0976,0.192,0.439,75.001,224939,4
2024-11-20 07:11,Chase Atlantic,Church,52983,chase atlantic - church,293564,Chase Atlantic,Church,7bbYT48HWWIbL3YKmtMNzn,68,2017,pop,0.556,0.824,5,-4.539,0,0.0548,0.0109,0.0,0.112,0.292,112.99,220000,4
2024-11-20 07:12,Arctic Monkeys,No. 1 Party Anthem,91541,arctic monkeys - no. 1 party anthem,77597,Arctic Monkeys,No. 1 Party Anthem,5TTGoX70AFrTvuEtqHK37S,69,2013,garage,0.505,0.698,0,-5.563,1,0.0297,0.33,0.0887,0.0966,0.599,115.013,243132,4
2024-11-21 19:52,The Neighbourhood,Flawless,246493,the neighbourhood - flawless,56405,The Neighbourhood,Flawless,2Kt1XplPBQBsDKQDa6TssB,68,2013,alt-rock,0.568,0.871,0,-3.453,1,0.0308,0.0553,0.51,0.303,0.374,119.99,246493,4
2024-11-21 19:56,The Neighbourhood,Baby Came Home,226880,the neighbourhood - baby came home,1880,The Neighbourhood,Baby Came Home,3ypXE4brttsQR3OLLZbLZB,50,2012,alt-rock,0.639,0.571,0,-5.766,1,0.0284,0.0127,0.00283,0.0963,0.273,113.037,226893,4
2024-11-21 19:59,Chase Atlantic,LIKE A ROCKSTAR,208111,chase atlantic - like a rockstar,406638,Chase Atlantic,LIKE A ROCKSTAR,1e5Zf1EU0TAitK207VOUY7,59,2019,pop,0.58,0.611,8,-6.33,0,0.0646,0.331,0.0,0.0982,0.463,81.55,208112,4
2024-11-21 20:27,Cigarettes After Sex,Truly,244110,cigarettes after sex - truly,255760,Cigarettes After Sex,Truly,6qwEx0TQJMEqvQdN8hRZDx,57,2017,ambient,0.44,0.387,4,-9.792,1,0.0279,0.148,0.559,0.0844,0.267,96.556,243640,4
2024-11-21 20:34,Cigarettes After Sex,John Wayne,258483,cigarettes after sex - john wayne,255750,Cigarettes After Sex,John Wayne,5IonbH68pmDKBwcKlyswmR,65,2017,ambient,0.429,0.457,3,-8.375,1,0.0294,0.35,0.859,0.099,0.183,124.033,258013,4
2024-11-21 20:42,The Neighbourhood,Alleyways,267853,the neighbourhood - alleyways,56435,The Neighbourhood,Alleyways,4V37tyDu9CtqYshvrgLke4,59,2013,alt-rock,0.622,0.831,5,-4.819,0,0.0273,0.00102,0.803,0.119,0.363,101.03,267853,4
2024-11-21 20:46,Chase Atlantic,Numb to the Feeling,227586,chase atlantic - numb to the feeling,350308,Chase Atlantic,Numb to the Feeling,102cCjW3CnC3sws3qOhie8,63,2018,pop,0.695,0.737,5,-5.75,0,0.122,0.232,0.0,0.136,0.248,129.999,227587,4
2024-11-21 20:51,Cigarettes After Sex,You're the Only Good Thing In My Life,275186,cigarettes after sex - you're the only good thing in my life,368583,Cigarettes After Sex,You're the Only Good Thing in My Life,69BeOEL0DFLwA3WplXJxX5,59,2019,ambient,0.462,0.288,5,-11.199,1,0.0288,0.781,0.756,0.131,0.0589,130.164,275187,4
2024-11-21 20:56,Cigarettes After Sex,Each Time You Fall in Love,290630,cigarettes after sex - each time you fall in love,255751,Cigarettes After Sex,Each Time You Fall In Love,6YbqjyoqQx9p13IndkOzeP,63,2017,ambient,0.383,0.534,10,-8.829,1,0.0277,0.468,0.676,0.14,0.276,76.046,290160,4
2024-11-21 21:03,The Neighbourhood,Leaving Tonight,203866,the neighbourhood - leaving tonight,1840,The Neighbourhood,Leaving Tonight,6C0T7QMpmeDoDkke32Ctqb,54,2012,alt-rock,0.566,0.681,9,-5.443,0,0.0299,0.0149,0.0,0.104,0.187,119.916,203880,4
2024-11-21 21:06,Arctic Monkeys,I Wanna Be Yours,183956,arctic monkeys - i wanna be yours,77591,Arctic Monkeys,I Wanna Be Yours,5XeFesFbtLpXzIVDNQP22n,91,2013,garage,0.464,0.417,0,-9.345,0,0.0256,0.136,0.022,0.0974,0.479,67.528,183956,4
2024-11-21 21:10,Chase Atlantic,Swim,223027,chase atlantic - swim,293479,Chase Atlantic,Swim,3M0lSi5WW79CXQamgSBIjx,80,2017,pop,0.666,0.542,8,-6.429,1,0.0392,0.27,0.0,0.0765,0.0771,120.134,228787,4
2024-11-21 21:35,Chase Atlantic,Numb to the Feeling,227586,chase atlantic - numb to the feeling,350308,Chase Atlantic,Numb to the Feeling,102cCjW3CnC3sws3qOhie8,63,2018,pop,0.695,0.737,5,-5.75,0,0.122,0.232,0.0,0.136,0.248,129.999,227587,4
2024-11-21 21:39,Arctic Monkeys,I Wanna Be Yours,1313,arctic monkeys - i wanna be yours,77591,Arctic Monkeys,I Wanna Be Yours,5XeFesFbtLpXzIVDNQP22n,91,2013,garage,0.464,0.417,0,-9.345,0,0.0256,0.136,0.022,0.0974,0.479,67.528,183956,4
2024-11-21 21:39,Chase Atlantic,Church,220000,chase atlantic - church,293564,Chase Atlantic,Church,7bbYT48HWWIbL3YKmtMNzn,68,2017,pop,0.556,0.824,5,-4.539,0,0.0548,0.0109,0.0,0.112,0.292,112.99,220000,4
2024-11-21 22:25,The Neighbourhood,Nervous,245000,the neighbourhood - nervous,311055,The Neighbourhood,Nervous,113xf7t4qNM7038YJvauik,67,2018,alt-rock,0.589,0.614,0,-7.528,0,0.0426,0.0213,0.165,0.31,0.318,119.837,245000,4
2024-11-21 23:20,Cigarettes After Sex,Truly,244110,cigarettes after sex - truly,255760,Cigarettes After Sex,Truly,6qwEx0TQJMEqvQdN8hRZDx,57,2017,ambient,0.44,0.387,4,-9.792,1,0.0279,0.148,0.559,0.0844,0.267,96.556,243640,4
2024-11-21 23:27,Cigarettes After Sex,Opera House,365150,cigarettes after sex - opera house,255753,Cigarettes After Sex,Opera House,0syIc2ocYBIKASFqifvwRz,63,2017,ambient,0.319,0.293,5,-14.145,1,0.0378,0.734,0.85,0.0971,0.0689,115.481,364680,4
2024-11-21 23:33,The Neighbourhood,Alleyways,267853,the neighbourhood - alleyways,56435,The Neighbourhood,Alleyways,4V37tyDu9CtqYshvrgLke4,59,2013,alt-rock,0.622,0.831,5,-4.819,0,0.0273,0.00102,0.803,0.119,0.363,101.03,267853,4
2024-11-21 23:41,Chase Atlantic,Friends,230010,chase atlantic - friends,197528,Chase Atlantic,Friends,2jQiSYrwJehQAcuaaQrXnS,79,2015,pop,0.422,0.609,11,-6.361,0,0.0335,0.0114,4.76e-06,0.108,0.0911,107.34,230011,3
2024-11-21 23:42,ELIO,hurts 2 hate somebody (with Chase Atlantic & No Rome),53120,elio - hurts 2 hate somebody (with chase atlantic & no rome),488289,ELIO,hurts 2 hate somebody (with Chase Atlantic & No Rome),2EKo5WC2LX4fiplTWan5Rl,54,2021,dance,0.623,0.683,7,-3.512,1,0.0437,0.0995,0.0,0.372,0.747,90.021,186665,4
2024-11-21 23:50,Robert Schumann,"Kinderszenen, Op. 15: 12. Kind Im Einschlummern",158004,"robert schumann - kinderszenen, op. 15: 12. kind im einschlummern",1269471,Robert Schumann,"Kinderszenen, Op. 15: 12. Kind im Einschlummern",3RAvV2mtd4rqviu8CVypZY,15,2009,classical,0.299,0.00328,4,-40.155,0,0.06,0.994,0.955,0.0689,0.0966,75.41,143027,3
2024-11-22 00:11,Erik Satie,Gnossienne: No. 3,216906,erik satie - gnossienne: no. 3,116330,Erik Satie,Gnossienne: No. 3,1sLWQK2pwPaid17Y54kQI0,32,2014,classical,0.35,0.0316,9,-27.813,0,0.042,0.995,0.887,0.0985,0.0553,111.123,141600,4
2024-11-22 01:30,One Direction,Night Changes,226600,one direction - night changes,146771,One Direction,Night Changes,5O2P9iiztwhomNh8xkR9lJ,86,2014,pop,0.672,0.52,8,-7.747,1,0.0353,0.859,0.0,0.115,0.37,120.001,226600,4
2024-11-22 01:36,The Neighbourhood,Compass,167960,the neighbourhood - compass,311053,The Neighbourhood,Compass,0YNtAadZvKBBEFARtfoCV8,69,2018,alt-rock,0.7,0.82,5,-5.499,0,0.0329,0.238,0.318,0.658,0.667,109.998,167960,4
2024-11-22 01:38,Cigarettes After Sex,Sweet,89520,cigarettes after sex - sweet,255748,Cigarettes After Sex,Sweet,3VSYkAf6f46i5ZkXOHORq1,72,2017,ambient,0.448,0.511,6,-9.084,1,0.0274,0.362,0.823,0.129,0.112,96.321,291640,4
2024-11-22 01:43,Cigarettes After Sex,Sweet,12150,cigarettes after sex - sweet,255748,Cigarettes After Sex,Sweet,3VSYkAf6f46i5ZkXOHORq1,72,2017,ambient,0.448,0.511,6,-9.084,1,0.0274,0.362,0.823,0.129,0.112,96.321,291640,4
2024-11-22 01:43,The Neighbourhood,Sadderdaze,40652,the neighbourhood - sadderdaze,311120,The Neighbourhood,Sadderdaze,7sIYHDxjteT6RY29gAGzP2,57,2018,alt-rock,0.414,0.527,4,-4.749,0,0.0287,0.00971,5.05e-05,0.145,0.306,120.009,245827,4
2024-11-22 01:47,Cigarettes After Sex,Sweet,940,cigarettes after sex - sweet,255748,Cigarettes After Sex,Sweet,3VSYkAf6f46i5ZkXOHORq1,72,2017,ambient,0.448,0.511,6,-9.084,1,0.0274,0.362,0.823,0.129,0.112,96.321,291640,4
2024-11-22 01:51,The Neighbourhood,Sadderdaze,245826,the neighbourhood - sadderdaze,311120,The Neighbourhood,Sadderdaze,7sIYHDxjteT6RY29gAGzP2,57,2018,alt-rock,0.414,0.527,4,-4.749,0,0.0287,0.00971,5.05e-05,0.145,0.306,120.009,245827,4
2024-11-22 01:59,Chase Atlantic,Vibes,216217,chase atlantic - vibes,197787,Chase Atlantic,Vibes,0AIRuNLJPz613ByB1k2W5o,56,2015,pop,0.494,0.88,9,-5.064,1,0.0545,0.0192,0.0,0.187,0.344,100.023,216217,4
2024-11-22 02:09,Chase Atlantic,Swim,228786,chase atlantic - swim,293479,Chase Atlantic,Swim,3M0lSi5WW79CXQamgSBIjx,80,2017,pop,0.666,0.542,8,-6.429,1,0.0392,0.27,0.0,0.0765,0.0771,120.134,228787,4
2024-11-22 02:15,Chase Atlantic,LIKE A ROCKSTAR,208111,chase atlantic - like a rockstar,406638,Chase Atlantic,LIKE A ROCKSTAR,1e5Zf1EU0TAitK207VOUY7,59,2019,pop,0.58,0.611,8,-6.33,0,0.0646,0.331,0.0,0.0982,0.463,81.55,208112,4
2024-11-22 02:19,The Neighbourhood,Reflections,244013,the neighbourhood - reflections,311045,The Neighbourhood,Reflections,2xql0pid3EUwW38AsywxhV,77,2018,alt-rock,0.648,0.594,11,-7.027,0,0.0293,0.114,0.0462,0.116,0.544,113.983,244013,4
2024-11-22 02:23,The Neighbourhood,Cry Baby,235160,the neighbourhood - cry baby,162920,The Neighbourhood,Cry Baby,0EfsDEYaSjGYd66Pr881nq,73,2015,alt-rock,0.581,0.656,4,-4.891,0,0.0294,0.00269,2.78e-06,0.101,0.338,108.033,235160,4
2024-11-22 02:26,d4vd,Romantic Homicide,132630,d4vd - romantic homicide,569185,d4vd,Romantic Homicide,1xK59OXxi2TAAAbmZK0kBL,90,2022,pop,0.571,0.544,6,-10.613,1,0.0299,0.453,0.00805,0.322,0.216,132.052,132631,4
2024-11-22 02:29,Cigarettes After Sex,Sunsetz,215150,cigarettes after sex - sunsetz,255747,Cigarettes After Sex,Sunsetz,69UqtTHfUKAJweQwEStRzC,77,2017,ambient,0.412,0.477,9,-9.381,0,0.029,0.0542,0.798,0.0975,0.141,75.302,214680,4
2024-11-22 02:32,Arctic Monkeys,Stop The World I Wanna Get Off With You,191040,arctic monkeys - stop the world i wanna get off with you,77598,Arctic Monkeys,Stop The World I Wanna Get Off With You,2QUlMbvD9bL8wHqfsoqoet,69,2013,garage,0.661,0.73,6,-6.779,0,0.0574,0.0537,3.44e-05,0.14,0.53,95.027,191040,4
2024-11-22 02:48,The Neighbourhood,Scary Love,222666,the neighbourhood - scary love,311068,The Neighbourhood,Scary Love,6TA5aymvVrtiPVbuAwmPIc,65,2018,alt-rock,0.595,0.636,5,-5.981,0,0.0312,9.45e-05,0.0529,0.196,0.147,112.008,222667,4
2024-11-22 02:52,The Neighbourhood,Scary Love,2440,the neighbourhood - scary love,311068,The Neighbourhood,Scary Love,6TA5aymvVrtiPVbuAwmPIc,65,2018,alt-rock,0.595,0.636,5,-5.981,0,0.0312,9.45e-05,0.0529,0.196,0.147,112.008,222667,4
2024-11-22 02:52,Arctic Monkeys,I Wanna Be Yours,19786,arctic monkeys - i wanna be yours,77591,Arctic Monkeys,I Wanna Be Yours,5XeFesFbtLpXzIVDNQP22n,91,2013,garage,0.464,0.417,0,-9.345,0,0.0256,0.136,0.022,0.0974,0.479,67.528,183956,4
2024-11-22 02:57,Arctic Monkeys,I Wanna Be Yours,173120,arctic monkeys - i wanna be yours,77591,Arctic Monkeys,I Wanna Be Yours,5XeFesFbtLpXzIVDNQP22n,91,2013,garage,0.464,0.417,0,-9.345,0,0.0256,0.136,0.022,0.0974,0.479,67.528,183956,4
2024-11-22 03:01,One Direction,Night Changes,11100,one direction - night changes,146771,One Direction,Night Changes,5O2P9iiztwhomNh8xkR9lJ,86,2014,pop,0.672,0.52,8,-7.747,1,0.0353,0.859,0.0,0.115,0.37,120.001,226600,4
2024-11-22 08:52,One Direction,Night Changes,187905,one direction - night changes,146771,One Direction,Night Changes,5O2P9iiztwhomNh8xkR9lJ,86,2014,pop,0.672,0.52,8,-7.747,1,0.0353,0.859,0.0,0.115,0.37,120.001,226600,4
2024-11-23 01:04,Arctic Monkeys,She's Thunderstorms,85070,arctic monkeys - she's thunderstorms,1428149,Arctic Monkeys,She's Thunderstorms,5qm8ISXOho1EvFj6e4f4bG,46,2011,garage,0.505,0.898,7,-4.906,1,0.0329,0.000518,0.00236,0.173,0.731,118.929,234920,4
2024-11-23 01:11,The Neighbourhood,Sadderdaze,245826,the neighbourhood - sadderdaze,311120,The Neighbourhood,Sadderdaze,7sIYHDxjteT6RY29gAGzP2,57,2018,alt-rock,0.414,0.527,4,-4.749,0,0.0287,0.00971,5.05e-05,0.145,0.306,120.009,245827,4
2024-11-23 01:16,Arctic Monkeys,Snap Out Of It,193030,arctic monkeys - snap out of it,77594,Arctic Monkeys,Snap Out Of It,0NdTUS4UiNYCNn5FgVqKQY,78,2013,garage,0.728,0.638,5,-6.455,0,0.0336,0.249,0.0,0.116,0.872,130.014,193030,4
2024-11-23 01:16,The Neighbourhood,Softcore,0,the neighbourhood - softcore,311042,The Neighbourhood,Softcore,2K7xn816oNHJZ0aVqdQsha,84,2018,alt-rock,0.575,0.568,9,-5.509,0,0.03,0.0484,0.000417,0.286,0.37,93.986,206280,4
2024-11-23 04:55,Chase Atlantic,Numb to the Feeling,227586,chase atlantic - numb to the feeling,350308,Chase Atlantic,Numb to the Feeling,102cCjW3CnC3sws3qOhie8,63,2018,pop,0.695,0.737,5,-5.75,0,0.122,0.232,0.0,0.136,0.248,129.999,227587,4
2024-11-23 04:59,Chase Atlantic,OHMAMI,226835,chase atlantic - ohmami,515742,Chase Atlantic,OHMAMI,2zVaxB54fNngkbWs5uZnla,66,2021,pop,0.625,0.717,10,-5.796,0,0.121,0.0476,8.73e-05,0.277,0.398,126.004,226835,4
2024-11-23 05:03,The Neighbourhood,Daddy Issues,260173,the neighbourhood - daddy issues,162916,The Neighbourhood,Daddy Issues,5E30LdtzQTGqRvNd7l6kG5,84,2015,alt-rock,0.588,0.521,10,-9.461,1,0.0329,0.0678,0.149,0.123,0.337,85.012,260173,4
2024-11-23 06:43,Chase Atlantic,HER,169720,chase atlantic - her,406529,Chase Atlantic,HER,5i7g9wTIruXgWKvA83BXlk,64,2019,pop,0.706,0.586,5,-5.404,0,0.066,0.106,5.43e-06,0.169,0.689,139.984,169714,4
2024-11-23 06:44,The Neighbourhood,The Beach,14324,the neighbourhood - the beach,162917,The Neighbourhood,The Beach,2u0CelO5c81XS7z3dGpHbS,75,2015,alt-rock,0.245,0.64,2,-7.426,0,0.0608,0.131,8.11e-06,0.0766,0.105,135.739,255133,4
2024-11-25 04:27,Chase Atlantic,OHMAMI,226835,chase atlantic - ohmami,515742,Chase Atlantic,OHMAMI,2zVaxB54fNngkbWs5uZnla,66,2021,pop,0.625,0.717,10,-5.796,0,0.121,0.0476,8.73e-05,0.277,0.398,126.004,226835,4
2024-11-25 04:30,Chase Atlantic,The Walls,229840,chase atlantic - the walls,293625,Chase Atlantic,The Walls,5pXui9rkf5W90DgZobuDiK,62,2017,pop,0.357,0.704,0,-6.925,0,0.0828,0.326,1.54e-06,0.124,0.225,144.172,229840,4
2024-11-26 20:50,Chase Atlantic,Swim,228786,chase atlantic - swim,293479,Chase Atlantic,Swim,3M0lSi5WW79CXQamgSBIjx,80,2017,pop,0.666,0.542,8,-6.429,1,0.0392,0.27,0.0,0.0765,0.0771,120.134,228787,4
2024-11-26 20:53,Arctic Monkeys,Cornerstone,197973,arctic monkeys - cornerstone,1286929,Arctic Monkeys,Cornerstone,3MC4XRbQADJdW9IIIwbe2u,53,2009,garage,0.287,0.721,9,-5.81,1,0.0387,0.00764,0.0,0.328,0.763,169.252,197973,4
2024-11-26 20:54,Cigarettes After Sex,Kiss It Off Me,19720,cigarettes after sex - kiss it off me,368580,Cigarettes After Sex,Kiss It Off Me,1Mhf6QIO0UuVr2ZvQPgymt,62,2019,ambient,0.521,0.298,4,-12.471,1,0.0258,0.753,0.496,0.111,0.235,80.259,269933,4
2024-11-26 20:57,Chase Atlantic,HER,169720,chase atlantic - her,406529,Chase Atlantic,HER,5i7g9wTIruXgWKvA83BXlk,64,2019,pop,0.706,0.586,5,-5.404,0,0.066,0.106,5.43e-06,0.169,0.689,139.984,169714,4
2024-11-26 21:03,d4vd,Romantic Homicide,23296,d4vd - romantic homicide,569185,d4vd,Romantic Homicide,1xK59OXxi2TAAAbmZK0kBL,90,2022,pop,0.571,0.544,6,-10.613,1,0.0299,0.453,0.00805,0.322,0.216,132.052,132631,4
2024-11-26 21:16,Cigarettes After Sex,Pure,84250,cigarettes after sex - pure,368590,Cigarettes After Sex,Pure,5EYkide3NzE6gDIHvd4Pvz,53,2019,ambient,0.521,0.211,6,-13.489,0,0.0324,0.544,0.836,0.101,0.0412,134.285,254627,3
2024-11-26 21:19,The Neighbourhood,You Get Me So High,153000,the neighbourhood - you get me so high,311043,The Neighbourhood,You Get Me So High,7zwn1eykZtZ5LODrf7c0tS,81,2018,alt-rock,0.551,0.881,7,-6.099,0,0.0542,0.186,0.0791,0.152,0.387,88.036,153000,4
2024-11-26 21:27,Arctic Monkeys,Cornerstone,197973,arctic monkeys - cornerstone,1286929,Arctic Monkeys,Cornerstone,3MC4XRbQADJdW9IIIwbe2u,53,2009,garage,0.287,0.721,9,-5.81,1,0.0387,0.00764,0.0,0.328,0.763,169.252,197973,4
2024-11-26 21:45,Cigarettes After Sex,Truly,244110,cigarettes after sex - truly,255760,Cigarettes After Sex,Truly,6qwEx0TQJMEqvQdN8hRZDx,57,2017,ambient,0.44,0.387,4,-9.792,1,0.0279,0.148,0.559,0.0844,0.267,96.556,243640,4
2024-11-26 21:46,d4vd,Romantic Homicide,49526,d4vd - romantic homicide,569185,d4vd,Romantic Homicide,1xK59OXxi2TAAAbmZK0kBL,90,2022,pop,0.571,0.544,6,-10.613,1,0.0299,0.453,0.00805,0.322,0.216,132.052,132631,4
2024-11-26 22:06,Chase Atlantic,LIKE A ROCKSTAR,208111,chase atlantic - like a rockstar,406638,Chase Atlantic,LIKE A ROCKSTAR,1e5Zf1EU0TAitK207VOUY7,59,2019,pop,0.58,0.611,8,-6.33,0,0.0646,0.331,0.0,0.0982,0.463,81.55,208112,4
2024-11-26 22:11,Chase Atlantic,Consume (feat. Goon Des Garcons),267920,chase atlantic - consume (feat. goon des garcons),293489,Chase Atlantic,Consume (feat. Goon Des Garcons),0X2bh8NVQ8svDQIn2AdCbW,77,2017,pop,0.556,0.714,9,-5.322,0,0.158,0.07,0.0,0.261,0.434,146.113,267920,4
2024-11-26 22:21,Arctic Monkeys,Arabella,207356,arctic monkeys - arabella,77595,Arctic Monkeys,Arabella,7nzsY8vlnKdvGOEE0rjAXZ,76,2013,garage,0.579,0.558,2,-6.986,1,0.0895,0.0202,1.26e-06,0.212,0.506,179.949,207357,4
2024-11-26 22:27,The Neighbourhood,Sadderdaze,245826,the neighbourhood - sadderdaze,311120,The Neighbourhood,Sadderdaze,7sIYHDxjteT6RY29gAGzP2,57,2018,alt-rock,0.414,0.527,4,-4.749,0,0.0287,0.00971,5.05e-05,0.145,0.306,120.009,245827,4
2024-11-26 22:31,The Neighbourhood,Nervous,245000,the neighbourhood - nervous,311055,The Neighbourhood,Nervous,113xf7t4qNM7038YJvauik,67,2018,alt-rock,0.589,0.614,0,-7.528,0,0.0426,0.0213,0.165,0.31,0.318,119.837,245000,4
2024-11-26 22:35,The Neighbourhood,The Beach,255133,the neighbourhood - the beach,162917,The Neighbourhood,The Beach,2u0CelO5c81XS7z3dGpHbS,75,2015,alt-rock,0.245,0.64,2,-7.426,0,0.0608,0.131,8.11e-06,0.0766,0.105,135.739,255133,4
2024-11-26 22:41,The Neighbourhood,Baby Came Home,226880,the neighbourhood - baby came home,1880,The Neighbourhood,Baby Came Home,3ypXE4brttsQR3OLLZbLZB,50,2012,alt-rock,0.639,0.571,0,-5.766,1,0.0284,0.0127,0.00283,0.0963,0.273,113.037,226893,4
2024-11-26 22:45,Chase Atlantic,Tidal Wave,243670,chase atlantic - tidal wave,350373,Chase Atlantic,Tidal Wave,2b2lL6iY3x1CSOv7QQbp8R,60,2018,pop,0.599,0.609,4,-5.14,1,0.052,0.565,2.11e-05,0.137,0.383,123.967,243707,4
2024-11-26 22:49,Chase Atlantic,The Walls,229840,chase atlantic - the walls,293625,Chase Atlantic,The Walls,5pXui9rkf5W90DgZobuDiK,62,2017,pop,0.357,0.704,0,-6.925,0,0.0828,0.326,1.54e-06,0.124,0.225,144.172,229840,4
2024-11-27 00:24,The Neighbourhood,Prey,282640,the neighbourhood - prey,162945,The Neighbourhood,Prey,38kjFXYgPvtuXCPbHPMGte,63,2015,alt-rock,0.517,0.779,9,-5.005,0,0.0477,0.0258,0.0,0.0622,0.197,115.206,282640,4
2024-11-27 00:31,Arctic Monkeys,No. 1 Party Anthem,243131,arctic monkeys - no. 1 party anthem,77597,Arctic Monkeys,No. 1 Party Anthem,5TTGoX70AFrTvuEtqHK37S,69,2013,garage,0.505,0.698,0,-5.563,1,0.0297,0.33,0.0887,0.0966,0.599,115.013,243132,4
2024-11-27 00:34,ELIO,hurts 2 hate somebody (with Chase Atlantic & No Rome),186665,elio - hurts 2 hate somebody (with chase atlantic & no rome),488289,ELIO,hurts 2 hate somebody (with Chase Atlantic & No Rome),2EKo5WC2LX4fiplTWan5Rl,54,2021,dance,0.623,0.683,7,-3.512,1,0.0437,0.0995,0.0,0.372,0.747,90.021,186665,4
2024-11-27 00:39,Cigarettes After Sex,Kiss It Off Me,269933,cigarettes after sex - kiss it off me,368580,Cigarettes After Sex,Kiss It Off Me,1Mhf6QIO0UuVr2ZvQPgymt,62,2019,ambient,0.521,0.298,4,-12.471,1,0.0258,0.753,0.496,0.111,0.235,80.259,269933,4
2024-11-27 00:43,Chase Atlantic,HEAVEN AND BACK,248240,chase atlantic - heaven and back,406526,Chase Atlantic,HEAVEN AND BACK,5dewQ7ojISR32NAYNHFYWC,66,2019,pop,0.309,0.793,10,-6.195,0,0.0774,0.0902,0.092,0.0888,0.532,193.714,248240,4
2024-11-27 00:46,The Neighbourhood,Compass,167960,the neighbourhood - compass,311053,The Neighbourhood,Compass,0YNtAadZvKBBEFARtfoCV8,69,2018,alt-rock,0.7,0.82,5,-5.499,0,0.0329,0.238,0.318,0.658,0.667,109.998,167960,4
2024-11-27 00:52,Cigarettes After Sex,Opera House,365150,cigarettes after sex - opera house,255753,Cigarettes After Sex,Opera House,0syIc2ocYBIKASFqifvwRz,63,2017,ambient,0.319,0.293,5,-14.145,1,0.0378,0.734,0.85,0.0971,0.0689,115.481,364680,4
2024-11-27 00:57,Cigarettes After Sex,Sweet,292110,cigarettes after sex - sweet,255748,Cigarettes After Sex,Sweet,3VSYkAf6f46i5ZkXOHORq1,72,2017,ambient,0.448,0.511,6,-9.084,1,0.0274,0.362,0.823,0.129,0.112,96.321,291640,4
2024-11-27 01:00,Arctic Monkeys,I Wanna Be Yours,183956,arctic monkeys - i wanna be yours,77591,Arctic Monkeys,I Wanna Be Yours,5XeFesFbtLpXzIVDNQP22n,91,2013,garage,0.464,0.417,0,-9.345,0,0.0256,0.136,0.022,0.0974,0.479,67.528,183956,4
2024-11-27 01:04,Chase Atlantic,Swim,228786,chase atlantic - swim,293479,Chase Atlantic,Swim,3M0lSi5WW79CXQamgSBIjx,80,2017,pop,0.666,0.542,8,-6.429,1,0.0392,0.27,0.0,0.0765,0.0771,120.134,228787,4
2024-11-27 01:08,Cigarettes After Sex,Cry,256800,cigarettes after sex - cry,368575,Cigarettes After Sex,Cry,0Qr61NXlyAeQaADO5xn3rI,76,2019,ambient,0.409,0.399,7,-10.456,1,0.0275,0.763,0.654,0.112,0.161,142.823,256800,4
2024-11-27 01:15,The Neighbourhood,Flawless,246493,the neighbourhood - flawless,56405,The Neighbourhood,Flawless,2Kt1XplPBQBsDKQDa6TssB,68,2013,alt-rock,0.568,0.871,0,-3.453,1,0.0308,0.0553,0.51,0.303,0.374,119.99,246493,4
2024-11-27 01:17,Cigarettes After Sex,You're the Only Good Thing In My Life,100469,cigarettes after sex - you're the only good thing in my life,368583,Cigarettes After Sex,You're the Only Good Thing in My Life,69BeOEL0DFLwA3WplXJxX5,59,2019,ambient,0.462,0.288,5,-11.199,1,0.0288,0.781,0.756,0.131,0.0589,130.164,275187,4
2024-11-27 01:26,Chase Atlantic,Meddle About,203886,chase atlantic - meddle about,197593,Chase Atlantic,Meddle About,1x5gfSHfhWpMFKKqbuDe9G,68,2015,pop,0.387,0.797,4,-6.41,0,0.052,0.00404,0.0108,0.314,0.369,159.897,203886,4
2024-11-27 01:44,Chase Atlantic,Right Here,235000,chase atlantic - right here,293542,Chase Atlantic,Right Here,2KtS31kaWNHs12Q5B43Ixh,70,2017,pop,0.351,0.587,6,-6.413,1,0.0413,0.00516,1.87e-05,0.121,0.221,159.881,235000,4
2024-11-27 01:47,Chase Atlantic,TOO LATE,192360,chase atlantic - too late,406678,Chase Atlantic,TOO LATE,3LKBC0HRtdCbpVzpBeRWR5,59,2019,pop,0.64,0.607,2,-6.477,0,0.0598,0.266,0.256,0.123,0.406,133.971,192360,4
2024-11-27 02:05,Chase Atlantic,Church,220000,chase atlantic - church,293564,Chase Atlantic,Church,7bbYT48HWWIbL3YKmtMNzn,68,2017,pop,0.556,0.824,5,-4.539,0,0.0548,0.0109,0.0,0.112,0.292,112.99,220000,4
2024-11-28 03:23,The Neighbourhood,A Little Death,209706,the neighbourhood - a little death,1790,The Neighbourhood,A Little Death,0Ot6e3wYVQQ1Us9PM977jE,64,2012,alt-rock,0.53,0.763,6,-4.712,0,0.0332,0.0026,1.86e-06,0.105,0.338,88.013,209707,4
2024-11-28 03:26,The Neighbourhood,Silver Lining,179453,the neighbourhood - silver lining,423530,The Neighbourhood,Silver Lining,1iJsVkrrId99kTJSZBrwHJ,55,2020,alt-rock,0.562,0.53,2,-7.665,1,0.0286,0.0226,0.00419,0.106,0.391,122.92,179453,4
2024-11-28 03:36,The Neighbourhood,Cherry Flavoured,208453,the neighbourhood - cherry flavoured,423465,The Neighbourhood,Cherry Flavoured,40iocOzytrqaRn5RbGPDNp,65,2020,alt-rock,0.617,0.574,6,-9.768,1,0.0276,0.23,0.0105,0.0983,0.396,91.769,208453,4
2024-11-28 03:39,The Neighbourhood,Devil's Advocate,186306,the neighbourhood - devil's advocate,423462,The Neighbourhood,Devil's Advocate,4XfI7M5gLwEY84gYiH4RDD,68,2020,alt-rock,0.662,0.681,11,-8.152,0,0.0315,0.0321,0.139,0.508,0.864,98.004,186307,4
2024-11-28 03:42,The Neighbourhood,Flawless,4325,the neighbourhood - flawless,56405,The Neighbourhood,Flawless,2Kt1XplPBQBsDKQDa6TssB,68,2013,alt-rock,0.568,0.871,0,-3.453,1,0.0308,0.0553,0.51,0.303,0.374,119.99,246493,4
2024-11-28 03:42,The Neighbourhood,Compass,167960,the neighbourhood - compass,311053,The Neighbourhood,Compass,0YNtAadZvKBBEFARtfoCV8,69,2018,alt-rock,0.7,0.82,5,-5.499,0,0.0329,0.238,0.318,0.658,0.667,109.998,167960,4
2024-11-28 18:37,The Neighbourhood,Flawless,46166,the neighbourhood - flawless,56405,The Neighbourhood,Flawless,2Kt1XplPBQBsDKQDa6TssB,68,2013,alt-rock,0.568,0.871,0,-3.453,1,0.0308,0.0553,0.51,0.303,0.374,119.99,246493,4
2024-11-28 18:41,The Neighbourhood,Flawless,105800,the neighbourhood - flawless,56405,The Neighbourhood,Flawless,2Kt1XplPBQBsDKQDa6TssB,68,2013,alt-rock,0.568,0.871,0,-3.453,1,0.0308,0.0553,0.51,0.303,0.374,119.99,246493,4
2024-11-28 18:50,Chase Atlantic,Swim,1440,chase atlantic - swim,293479,Chase Atlantic,Swim,3M0lSi5WW79CXQamgSBIjx,80,2017,pop,0.666,0.542,8,-6.429,1,0.0392,0.27,0.0,0.0765,0.0771,120.134,228787,4
2024-11-28 18:50,The Neighbourhood,Baby Came Home 2 / Valentines,376300,the neighbourhood - baby came home 2 / valentines,162929,The Neighbourhood,Baby Came Home 2 / Valentines,40gvh6jP5qxMJuMmF9lG9A,67,2015,alt-rock,0.21,0.499,2,-9.754,0,0.0485,0.0687,0.00315,0.773,0.108,74.094,390493,4
2024-11-28 19:00,Chase Atlantic,Swim,233076,chase atlantic - swim,293479,Chase Atlantic,Swim,3M0lSi5WW79CXQamgSBIjx,80,2017,pop,0.666,0.542,8,-6.429,1,0.0392,0.27,0.0,0.0765,0.0771,120.134,228787,4
2024-11-28 19:00,The Neighbourhood,Female Robbery,13013,the neighbourhood - female robbery,2046,The Neighbourhood,Female Robbery,7e8bQb1csn5WvpOc4b5PJg,40,2012,alt-rock,0.403,0.888,7,-3.382,0,0.0413,0.056,0.00161,0.0682,0.391,176.483,206813,4
2024-11-28 19:10,Chase Atlantic,Consume (feat. Goon Des Garcons),267920,chase atlantic - consume (feat. goon des garcons),293489,Chase Atlantic,Consume (feat. Goon Des Garcons),0X2bh8NVQ8svDQIn2AdCbW,77,2017,pop,0.556,0.714,9,-5.322,0,0.158,0.07,0.0,0.261,0.434,146.113,267920,4
2024-11-28 19:22,Chase Atlantic,Drugs & Money - New Mix,239921,chase atlantic - drugs & money - new mix,293587,Chase Atlantic,Drugs & Money - New Mix,4SRyrhBJ5mq8fEa3bsdZn6,65,2017,pop,0.629,0.735,11,-4.826,1,0.0599,0.2,0.0,0.243,0.477,123.996,239922,4
2024-11-28 19:26,Chase Atlantic,Swim,23282,chase atlantic - swim,293479,Chase Atlantic,Swim,3M0lSi5WW79CXQamgSBIjx,80,2017,pop,0.666,0.542,8,-6.429,1,0.0392,0.27,0.0,0.0765,0.0771,120.134,228787,4
2024-11-28 19:38,Chase Atlantic,HER,169720,chase atlantic - her,406529,Chase Atlantic,HER,5i7g9wTIruXgWKvA83BXlk,64,2019,pop,0.706,0.586,5,-5.404,0,0.066,0.106,5.43e-06,0.169,0.689,139.984,169714,4
2024-11-28 19:42,Chase Atlantic,Okay,212306,chase atlantic - okay,293566,Chase Atlantic,Okay,492PZFHvGTm3RZZYeeUVWT,67,2017,pop,0.614,0.815,0,-6.784,1,0.131,0.112,0.0,0.121,0.431,130.049,212307,4
2024-11-28 19:52,The Neighbourhood,Prey,282640,the neighbourhood - prey,162945,The Neighbourhood,Prey,38kjFXYgPvtuXCPbHPMGte,63,2015,alt-rock,0.517,0.779,9,-5.005,0,0.0477,0.0258,0.0,0.0622,0.197,115.206,282640,4
2024-11-28 19:55,The Neighbourhood,Silver Lining,179453,the neighbourhood - silver lining,423530,The Neighbourhood,Silver Lining,1iJsVkrrId99kTJSZBrwHJ,55,2020,alt-rock,0.562,0.53,2,-7.665,1,0.0286,0.0226,0.00419,0.106,0.391,122.92,179453,4
2024-11-28 20:00,The Neighbourhood,Alleyways,267853,the neighbourhood - alleyways,56435,The Neighbourhood,Alleyways,4V37tyDu9CtqYshvrgLke4,59,2013,alt-rock,0.622,0.831,5,-4.819,0,0.0273,0.00102,0.803,0.119,0.363,101.03,267853,4
2024-11-28 20:10,The Neighbourhood,Everybody's Watching Me (Uh Oh),238026,the neighbourhood - everybody's watching me (uh oh),56456,The Neighbourhood,Everybody's Watching Me (Uh Oh),0yyyapBjZ9Ek1vcpp3e9bj,56,2013,alt-rock,0.491,0.944,4,-2.879,0,0.0558,0.0904,0.565,0.0963,0.493,150.105,238027,4
2024-11-28 20:22,The Neighbourhood,A Little Death,209706,the neighbourhood - a little death,1790,The Neighbourhood,A Little Death,0Ot6e3wYVQQ1Us9PM977jE,64,2012,alt-rock,0.53,0.763,6,-4.712,0,0.0332,0.0026,1.86e-06,0.105,0.338,88.013,209707,4
2024-11-28 20:23,The Neighbourhood,A Little Death,1840,the neighbourhood - a little death,1790,The Neighbourhood,A Little Death,0Ot6e3wYVQQ1Us9PM977jE,64,2012,alt-rock,0.53,0.763,6,-4.712,0,0.0332,0.0026,1.86e-06,0.105,0.338,88.013,209707,4
2024-11-28 20:23,The Neighbourhood,A Little Death,20140,the neighbourhood - a little death,1790,The Neighbourhood,A Little Death,0Ot6e3wYVQQ1Us9PM977jE,64,2012,alt-rock,0.53,0.763,6,-4.712,0,0.0332,0.0026,1.86e-06,0.105,0.338,88.013,209707,4
2024-11-28 20:23,The Neighbourhood,A Little Death,590,the neighbourhood - a little death,1790,The Neighbourhood,A Little Death,0Ot6e3wYVQQ1Us9PM977jE,64,2012,alt-rock,0.53,0.763,6,-4.712,0,0.0332,0.0026,1.86e-06,0.105,0.338,88.013,209707,4
2024-11-28 20:23,The Neighbourhood,The Shining,27010,the neighbourhood - the shining,423522,The Neighbourhood,The Shining,3m3ylOXgB3v9xmDSIJyx9S,57,2020,alt-rock,0.627,0.685,10,-6.871,1,0.0272,0.0534,0.756,0.096,0.552,96.989,214693,4
2024-11-28 20:23,The Neighbourhood,The Shining,1190,the neighbourhood - the shining,423522,The Neighbourhood,The Shining,3m3ylOXgB3v9xmDSIJyx9S,57,2020,alt-rock,0.627,0.685,10,-6.871,1,0.0272,0.0534,0.756,0.096,0.552,96.989,214693,4
2024-11-28 20:23,The Neighbourhood,Everybody's Watching Me (Uh Oh),3750,the neighbourhood - everybody's watching me (uh oh),56456,The Neighbourhood,Everybody's Watching Me (Uh Oh),0yyyapBjZ9Ek1vcpp3e9bj,56,2013,alt-rock,0.491,0.944,4,-2.879,0,0.0558,0.0904,0.565,0.0963,0.493,150.105,238027,4
2024-11-28 20:29,The Neighbourhood,The Shining,214693,the neighbourhood - the shining,423522,The Neighbourhood,The Shining,3m3ylOXgB3v9xmDSIJyx9S,57,2020,alt-rock,0.627,0.685,10,-6.871,1,0.0272,0.0534,0.756,0.096,0.552,96.989,214693,4
2024-11-28 20:33,The Neighbourhood,#icanteven (feat. French Montana),234480,the neighbourhood - #icanteven (feat. french montana),109721,The Neighbourhood,#icanteven (feat. French Montana),0xSfELjbi6QwmprLDu4Nrx,62,2014,alt-rock,0.359,0.625,6,-9.387,0,0.146,0.114,1.9e-05,0.0787,0.154,111.866,234480,4
2024-11-28 20:35,The Neighbourhood,Unfair,146866,the neighbourhood - unfair,109704,The Neighbourhood,Unfair,0xD23i0X1WjqMSYIxRfO80,69,2014,alt-rock,0.477,0.572,8,-7.328,1,0.0319,0.00708,0.784,0.144,0.0414,194.033,146867,4
2024-11-28 20:43,The Neighbourhood,Cherry Flavoured,208453,the neighbourhood - cherry flavoured,423465,The Neighbourhood,Cherry Flavoured,40iocOzytrqaRn5RbGPDNp,65,2020,alt-rock,0.617,0.574,6,-9.768,1,0.0276,0.23,0.0105,0.0983,0.396,91.769,208453,4
2024-11-28 20:46,The Neighbourhood,Compass,167960,the neighbourhood - compass,311053,The Neighbourhood,Compass,0YNtAadZvKBBEFARtfoCV8,69,2018,alt-rock,0.7,0.82,5,-5.499,0,0.0329,0.238,0.318,0.658,0.667,109.998,167960,4
2024-11-29 01:14,The Neighbourhood,U&I,169162,the neighbourhood - u&i,109776,The Neighbourhood,U&I,26SzctPrO5Km59OHWst3rb,56,2014,alt-rock,0.603,0.639,3,-6.86,0,0.0819,0.0237,9.96e-06,0.705,0.503,143.062,214293,3
2024-11-29 01:31,Cigarettes After Sex,Truly,165000,cigarettes after sex - truly,255760,Cigarettes After Sex,Truly,6qwEx0TQJMEqvQdN8hRZDx,57,2017,ambient,0.44,0.387,4,-9.792,1,0.0279,0.148,0.559,0.0844,0.267,96.556,243640,4
2024-11-29 01:37,Taylor Swift,Enchanted,352186,taylor swift - enchanted,1380362,Taylor Swift,Enchanted,10eBRyImhfqVvkiVEGf0N0,73,2010,pop,0.455,0.623,8,-3.878,1,0.0288,0.0739,0.000424,0.146,0.208,163.893,352187,4
2024-11-29 01:41,Lana Del Rey,Doin' Time,202192,lana del rey - doin' time,406379,Lana Del Rey,Doin' Time,0Oqc0kKFsQ6MhFOLBNZIGX,81,2019,pop,0.641,0.559,7,-11.132,0,0.0355,0.404,0.00402,0.0937,0.523,144.982,202193,4
2024-11-29 01:45,Taylor Swift,Fearless (Taylor’s Version),241591,taylor swift - fearless (taylor’s version),515625,Taylor Swift,Fearless (Taylor’s Version),77sMIMlNaSURUAXq5coCxE,71,2021,pop,0.569,0.741,5,-4.963,1,0.0282,0.0122,0.0,0.333,0.43,100.118,241592,4
2024-11-29 01:46,Laufey,Fragile,78678,laufey - fragile,577950,Laufey,Fragile,608wYP5XWenLz8cOSYjX7X,59,2022,singer-songwriter,0.361,0.413,3,-12.43,1,0.065,0.931,0.000179,0.231,0.336,149.301,241080,4
2024-11-29 01:47,One Direction,One Thing - Acoustic,58950,one direction - one thing - acoustic,1380998,One Direction,One Thing - Acoustic,1LmwMw97uG572wZ3hohkNt,53,2010,pop,0.814,0.295,2,-5.086,1,0.0338,0.443,0.0,0.113,0.575,125.025,182005,4
2024-11-29 01:53,One Direction,More Than This,229106,one direction - more than this,40418,One Direction,More Than This,0UAB340gAcSMk3r0a8PTag,63,2012,pop,0.498,0.715,0,-4.446,1,0.0315,0.0607,0.0,0.274,0.225,151.809,229107,4
2024-11-29 02:08,One Direction,18,248360,one direction - 18,146795,One Direction,18,3JjnGLK8IxkNLvo8Lb3KOM,80,2014,pop,0.681,0.582,6,-7.76,0,0.0313,0.22,0.0,0.119,0.221,124.038,248360,4
2024-11-29 02:12,One Direction,Wolves,241533,one direction - wolves,197660,One Direction,Wolves,4hJfmMjy3wFIOknfYwhouY,62,2015,pop,0.627,0.818,5,-4.243,1,0.057,0.114,0.0,0.0504,0.527,123.456,241533,4
2024-11-29 02:15,One Direction,Over Again,182040,one direction - over again,40411,One Direction,Over Again,6l3vk93IWfe0wq396JTCM6,64,2012,pop,0.373,0.575,2,-6.862,1,0.0915,0.302,0.0,0.125,0.5,72.595,182040,4
2024-11-29 02:20,One Direction,I Should Have Kissed You,215933,one direction - i should have kissed you,40513,One Direction,I Should Have Kissed You,4yVPaA6DOfwbqZIQNv4G5U,57,2012,pop,0.495,0.966,3,-2.284,1,0.114,0.017,0.0,0.606,0.553,139.931,215933,4
2024-11-29 02:24,One Direction,Fool's Gold,210893,one direction - fool's gold,146834,One Direction,Fool's Gold,0L5gFNrzHyh4OhMwEz6DGS,67,2014,pop,0.515,0.773,6,-4.848,1,0.0479,0.23,1.29e-06,0.0938,0.379,128.001,210893,4
2024-11-29 02:28,One Direction,One Way or Another (Teenage Kicks),157293,one direction - one way or another (teenage kicks),93636,One Direction,One Way or Another (Teenage Kicks),3jZomvOBa5qfTo5HkqI1p5,65,2013,pop,0.489,0.867,4,-3.121,0,0.071,0.025,0.0,0.586,0.409,162.131,157293,4
2024-11-29 02:31,One Direction,They Don't Know About Us,200400,one direction - they don't know about us,40365,One Direction,They Don't Know About Us,6M31fPFCYB8Job3MCjjrDV,74,2012,pop,0.514,0.727,0,-6.131,1,0.0492,0.126,0.0,0.0978,0.37,147.917,200400,4
2024-11-29 02:35,One Direction,Night Changes,226600,one direction - night changes,146771,One Direction,Night Changes,5O2P9iiztwhomNh8xkR9lJ,86,2014,pop,0.672,0.52,8,-7.747,1,0.0353,0.859,0.0,0.115,0.37,120.001,226600,4
2024-11-29 02:49,One Direction,Strong,184373,one direction - strong,93610,One Direction,Strong,3cKM7UXBZmgjEgEBTkaIlU,75,2013,pop,0.741,0.663,0,-7.308,1,0.0434,0.0608,0.0,0.0931,0.338,115.013,184373,4
2024-11-29 02:57,One Direction,One Thing,197600,one direction - one thing,40367,One Direction,One Thing,5G2c6FsfTzgYUzageCmfXY,72,2012,pop,0.713,0.718,2,-3.806,1,0.0278,0.00233,0.0,0.0838,0.656,126.999,197600,4
2024-11-29 03:03,One Direction,Fireproof,174080,one direction - fireproof,146839,One Direction,Fireproof,34aYkYrY3sXhEU9O4VQgtB,66,2014,pop,0.681,0.864,3,-3.276,1,0.0301,0.00477,0.0,0.122,0.921,132.929,174080,4
2024-11-29 03:07,One Direction,Moments,262640,one direction - moments,40441,One Direction,Moments,3MxJGBnYaP4yQYUv90HLqZ,60,2012,pop,0.474,0.739,2,-4.937,1,0.0451,0.0283,0.0,0.299,0.253,149.894,262640,4
2024-11-29 21:04,One Direction,Love You Goodbye,6096,one direction - love you goodbye,197637,One Direction,Love You Goodbye,1ZWLWVqeEMWMKTlteS0yLH,65,2015,pop,0.546,0.657,1,-4.787,1,0.0332,0.0928,0.0,0.119,0.361,133.188,196933,4
2024-11-30 01:13,The Neighbourhood,Sadderdaze,245826,the neighbourhood - sadderdaze,311120,The Neighbourhood,Sadderdaze,7sIYHDxjteT6RY29gAGzP2,57,2018,alt-rock,0.414,0.527,4,-4.749,0,0.0287,0.00971,5.05e-05,0.145,0.306,120.009,245827,4
2024-11-30 01:17,Chase Atlantic,Friends,230010,chase atlantic - friends,197528,Chase Atlantic,Friends,2jQiSYrwJehQAcuaaQrXnS,79,2015,pop,0.422,0.609,11,-6.361,0,0.0335,0.0114,4.76e-06,0.108,0.0911,107.34,230011,3
2024-11-30 01:24,Chase Atlantic,Tidal Wave,243670,chase atlantic - tidal wave,350373,Chase Atlantic,Tidal Wave,2b2lL6iY3x1CSOv7QQbp8R,60,2018,pop,0.599,0.609,4,-5.14,1,0.052,0.565,2.11e-05,0.137,0.383,123.967,243707,4
2024-11-30 01:29,The Neighbourhood,Prey,282640,the neighbourhood - prey,162945,The Neighbourhood,Prey,38kjFXYgPvtuXCPbHPMGte,63,2015,alt-rock,0.517,0.779,9,-5.005,0,0.0477,0.0258,0.0,0.0622,0.197,115.206,282640,4
2024-11-30 01:37,Cigarettes After Sex,Cry,256800,cigarettes after sex - cry,368575,Cigarettes After Sex,Cry,0Qr61NXlyAeQaADO5xn3rI,76,2019,ambient,0.409,0.399,7,-10.456,1,0.0275,0.763,0.654,0.112,0.161,142.823,256800,4
2024-11-30 01:40,Arctic Monkeys,Cornerstone,197973,arctic monkeys - cornerstone,1286929,Arctic Monkeys,Cornerstone,3MC4XRbQADJdW9IIIwbe2u,53,2009,garage,0.287,0.721,9,-5.81,1,0.0387,0.00764,0.0,0.328,0.763,169.252,197973,4
2024-11-30 01:42,Cigarettes After Sex,Opera House,2453,cigarettes after sex - opera house,255753,Cigarettes After Sex,Opera House,0syIc2ocYBIKASFqifvwRz,63,2017,ambient,0.319,0.293,5,-14.145,1,0.0378,0.734,0.85,0.0971,0.0689,115.481,364680,4
2024-11-30 01:47,The Neighbourhood,Alleyways,267853,the neighbourhood - alleyways,56435,The Neighbourhood,Alleyways,4V37tyDu9CtqYshvrgLke4,59,2013,alt-rock,0.622,0.831,5,-4.819,0,0.0273,0.00102,0.803,0.119,0.363,101.03,267853,4
2024-11-30 01:51,Chase Atlantic,Right Here,235000,chase atlantic - right here,293542,Chase Atlantic,Right Here,2KtS31kaWNHs12Q5B43Ixh,70,2017,pop,0.351,0.587,6,-6.413,1,0.0413,0.00516,1.87e-05,0.121,0.221,159.881,235000,4
2024-11-30 15:19,Chase Atlantic,Okay,108543,chase atlantic - okay,293566,Chase Atlantic,Okay,492PZFHvGTm3RZZYeeUVWT,67,2017,pop,0.614,0.815,0,-6.784,1,0.131,0.112,0.0,0.121,0.431,130.049,212307,4
2024-11-30 15:21,Chase Atlantic,Okay,98610,chase atlantic - okay,293566,Chase Atlantic,Okay,492PZFHvGTm3RZZYeeUVWT,67,2017,pop,0.614,0.815,0,-6.784,1,0.131,0.112,0.0,0.121,0.431,130.049,212307,4
2024-11-30 15:32,The Neighbourhood,The Beach,255133,the neighbourhood - the beach,162917,The Neighbourhood,The Beach,2u0CelO5c81XS7z3dGpHbS,75,2015,alt-rock,0.245,0.64,2,-7.426,0,0.0608,0.131,8.11e-06,0.0766,0.105,135.739,255133,4
2024-11-30 15:42,Cigarettes After Sex,Falling In Love,36786,cigarettes after sex - falling in love,368577,Cigarettes After Sex,Falling In Love,4m1jesCFX1gQtIRFirfwCW,65,2019,ambient,0.482,0.267,7,-11.638,1,0.0262,0.722,0.02,0.125,0.347,140.617,245840,4
2024-11-30 15:42,The Neighbourhood,Female Robbery,209520,the neighbourhood - female robbery,2046,The Neighbourhood,Female Robbery,7e8bQb1csn5WvpOc4b5PJg,40,2012,alt-rock,0.403,0.888,7,-3.382,0,0.0413,0.056,0.00161,0.0682,0.391,176.483,206813,4
2024-11-30 15:44,Olivia Rodrigo,happier,89720,olivia rodrigo - happier,515580,Olivia Rodrigo,happier,2tGvwE8GcFKwNdAXMnlbfl,82,2021,pop,0.395,0.443,6,-9.72,1,0.133,0.765,9.67e-06,0.0839,0.338,168.924,175933,3
2024-11-30 15:51,Olivia Rodrigo,deja vu,215506,olivia rodrigo - deja vu,515572,Olivia Rodrigo,deja vu,6HU7h9RYOaPRFeh0R3UeAr,83,2021,pop,0.442,0.612,2,-7.222,1,0.112,0.584,5.7e-06,0.37,0.178,180.917,215507,4
2024-11-30 16:06,The 1975,About You,326490,the 1975 - about you,531980,The 1975,About You,1fDFHXcykq4iw8Gg7s5hG9,81,2022,alt-rock,0.416,0.762,2,-7.385,1,0.0279,0.312,0.804,0.0559,0.461,95.967,326491,4
2024-11-30 16:10,Taylor Swift,All Of The Girls You Loved Before,2759,taylor swift - all of the girls you loved before,406371,Taylor Swift,All Of The Girls You Loved Before,4P9Q0GojKVXpRTJCaL3kyy,82,2019,pop,0.718,0.467,2,-9.66,1,0.0398,0.707,6.92e-05,0.126,0.396,95.96,221407,3
2024-11-30 19:23,Chase Atlantic,Consume (feat. Goon Des Garcons),267920,chase atlantic - consume (feat. goon des garcons),293489,Chase Atlantic,Consume (feat. Goon Des Garcons),0X2bh8NVQ8svDQIn2AdCbW,77,2017,pop,0.556,0.714,9,-5.322,0,0.158,0.07,0.0,0.261,0.434,146.113,267920,4
2024-11-30 19:36,Chase Atlantic,Church,220000,chase atlantic - church,293564,Chase Atlantic,Church,7bbYT48HWWIbL3YKmtMNzn,68,2017,pop,0.556,0.824,5,-4.539,0,0.0548,0.0109,0.0,0.112,0.292,112.99,220000,4
2024-11-30 19:40,Chase Atlantic,LUST,204106,chase atlantic - lust,406673,Chase Atlantic,LUST,51t7nQOI35g07O0z4fflO1,57,2019,pop,0.641,0.755,4,-6.274,1,0.244,0.018,0.000443,0.159,0.477,131.954,204107,4
2024-11-30 20:04,Chase Atlantic,Numb to the Feeling,227586,chase atlantic - numb to the feeling,350308,Chase Atlantic,Numb to the Feeling,102cCjW3CnC3sws3qOhie8,63,2018,pop,0.695,0.737,5,-5.75,0,0.122,0.232,0.0,0.136,0.248,129.999,227587,4
2024-11-30 20:08,Chase Atlantic,HEAVEN AND BACK,248240,chase atlantic - heaven and back,406526,Chase Atlantic,HEAVEN AND BACK,5dewQ7ojISR32NAYNHFYWC,66,2019,pop,0.309,0.793,10,-6.195,0,0.0774,0.0902,0.092,0.0888,0.532,193.714,248240,4
2024-11-30 20:16,Chase Atlantic,The Walls,229840,chase atlantic - the walls,293625,Chase Atlantic,The Walls,5pXui9rkf5W90DgZobuDiK,62,2017,pop,0.357,0.704,0,-6.925,0,0.0828,0.326,1.54e-06,0.124,0.225,144.172,229840,4
2024-11-30 21:14,Chase Atlantic,LIKE A ROCKSTAR,208111,chase atlantic - like a rockstar,406638,Chase Atlantic,LIKE A ROCKSTAR,1e5Zf1EU0TAitK207VOUY7,59,2019,pop,0.58,0.611,8,-6.33,0,0.0646,0.331,0.0,0.0982,0.463,81.55,208112,4
2024-11-30 21:19,Chase Atlantic,Right Here,235000,chase atlantic - right here,293542,Chase Atlantic,Right Here,2KtS31kaWNHs12Q5B43Ixh,70,2017,pop,0.351,0.587,6,-6.413,1,0.0413,0.00516,1.87e-05,0.121,0.221,159.881,235000,4
2024-11-30 21:29,Chase Atlantic,Meddle About,203886,chase atlantic - meddle about,197593,Chase Atlantic,Meddle About,1x5gfSHfhWpMFKKqbuDe9G,68,2015,pop,0.387,0.797,4,-6.41,0,0.052,0.00404,0.0108,0.314,0.369,159.897,203886,4
2024-11-30 21:40,Chase Atlantic,Friends,230010,chase atlantic - friends,197528,Chase Atlantic,Friends,2jQiSYrwJehQAcuaaQrXnS,79,2015,pop,0.422,0.609,11,-6.361,0,0.0335,0.0114,4.76e-06,0.108,0.0911,107.34,230011,3
2024-12-01 00:35,Taylor Swift,Midnight Rain,172380,taylor swift - midnight rain,569203,Taylor Swift,Midnight Rain,3rWDp9tBPQR9z6U5YyRSK4,83,2022,pop,0.643,0.363,0,-11.738,1,0.0767,0.69,5.17e-05,0.115,0.23,139.865,174783,4
2024-12-01 00:40,Lana Del Rey,Brooklyn Baby,177430,lana del rey - brooklyn baby,146776,Lana Del Rey,Brooklyn Baby,1NZs6n6hl8UuMaX0UC0YTz,80,2014,pop,0.404,0.664,1,-6.698,1,0.0407,0.542,0.00402,0.11,0.0949,107.747,351640,4
2024-12-01 00:43,Chase Atlantic,Into It,196767,chase atlantic - into it,293490,Chase Atlantic,Into It,4HwDCXsMBC7SUdp2WT4MZP,77,2017,pop,0.518,0.572,10,-6.706,0,0.0416,0.0503,2.41e-05,0.129,0.291,130.053,196767,4
2024-12-01 00:46,Chase Atlantic,Okay,47342,chase atlantic - okay,293566,Chase Atlantic,Okay,492PZFHvGTm3RZZYeeUVWT,67,2017,pop,0.614,0.815,0,-6.784,1,0.131,0.112,0.0,0.121,0.431,130.049,212307,4
2024-12-01 00:48,The Neighbourhood,You Get Me So High,153000,the neighbourhood - you get me so high,311043,The Neighbourhood,You Get Me So High,7zwn1eykZtZ5LODrf7c0tS,81,2018,alt-rock,0.551,0.881,7,-6.099,0,0.0542,0.186,0.0791,0.152,0.387,88.036,153000,4
2024-12-01 00:52,Arctic Monkeys,I Wanna Be Yours,183956,arctic monkeys - i wanna be yours,77591,Arctic Monkeys,I Wanna Be Yours,5XeFesFbtLpXzIVDNQP22n,91,2013,garage,0.464,0.417,0,-9.345,0,0.0256,0.136,0.022,0.0974,0.479,67.528,183956,4
2024-12-01 00:56,Cigarettes After Sex,Pure,254626,cigarettes after sex - pure,368590,Cigarettes After Sex,Pure,5EYkide3NzE6gDIHvd4Pvz,53,2019,ambient,0.521,0.211,6,-13.489,0,0.0324,0.544,0.836,0.101,0.0412,134.285,254627,3
2024-12-01 01:06,The Neighbourhood,Scary Love,222666,the neighbourhood - scary love,311068,The Neighbourhood,Scary Love,6TA5aymvVrtiPVbuAwmPIc,65,2018,alt-rock,0.595,0.636,5,-5.981,0,0.0312,9.45e-05,0.0529,0.196,0.147,112.008,222667,4
2024-12-01 01:13,The Neighbourhood,A Little Death,209706,the neighbourhood - a little death,1790,The Neighbourhood,A Little Death,0Ot6e3wYVQQ1Us9PM977jE,64,2012,alt-rock,0.53,0.763,6,-4.712,0,0.0332,0.0026,1.86e-06,0.105,0.338,88.013,209707,4
2024-12-01 01:17,The Neighbourhood,Baby Came Home,226880,the neighbourhood - baby came home,1880,The Neighbourhood,Baby Came Home,3ypXE4brttsQR3OLLZbLZB,50,2012,alt-rock,0.639,0.571,0,-5.766,1,0.0284,0.0127,0.00283,0.0963,0.273,113.037,226893,4
2024-12-01 01:21,Chase Atlantic,Numb to the Feeling,227586,chase atlantic - numb to the feeling,350308,Chase Atlantic,Numb to the Feeling,102cCjW3CnC3sws3qOhie8,63,2018,pop,0.695,0.737,5,-5.75,0,0.122,0.232,0.0,0.136,0.248,129.999,227587,4
2024-12-01 01:27,Cigarettes After Sex,Sunsetz,215150,cigarettes after sex - sunsetz,255747,Cigarettes After Sex,Sunsetz,69UqtTHfUKAJweQwEStRzC,77,2017,ambient,0.412,0.477,9,-9.381,0,0.029,0.0542,0.798,0.0975,0.141,75.302,214680,4
2024-12-01 01:30,The Neighbourhood,Silver Lining,179453,the neighbourhood - silver lining,423530,The Neighbourhood,Silver Lining,1iJsVkrrId99kTJSZBrwHJ,55,2020,alt-rock,0.562,0.53,2,-7.665,1,0.0286,0.0226,0.00419,0.106,0.391,122.92,179453,4
2024-12-01 01:35,The Neighbourhood,Nervous,245000,the neighbourhood - nervous,311055,The Neighbourhood,Nervous,113xf7t4qNM7038YJvauik,67,2018,alt-rock,0.589,0.614,0,-7.528,0,0.0426,0.0213,0.165,0.31,0.318,119.837,245000,4
2024-12-01 22:16,The Neighbourhood,Baby Came Home 2 / Valentines,70321,the neighbourhood - baby came home 2 / valentines,162929,The Neighbourhood,Baby Came Home 2 / Valentines,40gvh6jP5qxMJuMmF9lG9A,67,2015,alt-rock,0.21,0.499,2,-9.754,0,0.0485,0.0687,0.00315,0.773,0.108,74.094,390493,4
2024-12-03 20:52,Cigarettes After Sex,Pure,254626,cigarettes after sex - pure,368590,Cigarettes After Sex,Pure,5EYkide3NzE6gDIHvd4Pvz,53,2019,ambient,0.521,0.211,6,-13.489,0,0.0324,0.544,0.836,0.101,0.0412,134.285,254627,3
2024-12-03 20:57,Cigarettes After Sex,John Wayne,258483,cigarettes after sex - john wayne,255750,Cigarettes After Sex,John Wayne,5IonbH68pmDKBwcKlyswmR,65,2017,ambient,0.429,0.457,3,-8.375,1,0.0294,0.35,0.859,0.099,0.183,124.033,258013,4
2024-12-03 21:01,Chase Atlantic,Church,220000,chase atlantic - church,293564,Chase Atlantic,Church,7bbYT48HWWIbL3YKmtMNzn,68,2017,pop,0.556,0.824,5,-4.539,0,0.0548,0.0109,0.0,0.112,0.292,112.99,220000,4
2024-12-03 21:05,The Neighbourhood,The Beach,255133,the neighbourhood - the beach,162917,The Neighbourhood,The Beach,2u0CelO5c81XS7z3dGpHbS,75,2015,alt-rock,0.245,0.64,2,-7.426,0,0.0608,0.131,8.11e-06,0.0766,0.105,135.739,255133,4
2024-12-03 21:30,The Neighbourhood,The Shining,214693,the neighbourhood - the shining,423522,The Neighbourhood,The Shining,3m3ylOXgB3v9xmDSIJyx9S,57,2020,alt-rock,0.627,0.685,10,-6.871,1,0.0272,0.0534,0.756,0.096,0.552,96.989,214693,4
2024-12-03 21:37,Arctic Monkeys,R U Mine?,201726,arctic monkeys - r u mine?,23776,Arctic Monkeys,R U Mine?,6XnNiyYTxhxuC0zpP22M7C,34,2012,garage,0.52,0.785,6,-4.765,0,0.0329,0.0468,0.0,0.698,0.679,96.996,200188,4
2024-12-03 21:43,Chase Atlantic,LIKE A ROCKSTAR,208111,chase atlantic - like a rockstar,406638,Chase Atlantic,LIKE A ROCKSTAR,1e5Zf1EU0TAitK207VOUY7,59,2019,pop,0.58,0.611,8,-6.33,0,0.0646,0.331,0.0,0.0982,0.463,81.55,208112,4
2024-12-03 21:47,Cigarettes After Sex,Sunsetz,2070,cigarettes after sex - sunsetz,255747,Cigarettes After Sex,Sunsetz,69UqtTHfUKAJweQwEStRzC,77,2017,ambient,0.412,0.477,9,-9.381,0,0.029,0.0542,0.798,0.0975,0.141,75.302,214680,4
2024-12-03 21:51,The Neighbourhood,Sweater Weather,240400,the neighbourhood - sweater weather,1800,The Neighbourhood,Sweater Weather,4pGqFOfzvfe6avb9kbZicC,60,2012,alt-rock,0.695,0.615,7,-5.325,0,0.042,0.15,0.000212,0.0879,0.414,124.015,240040,4
2024-12-03 21:54,Cigarettes After Sex,Starry Eyes,206000,cigarettes after sex - starry eyes,2728,Cigarettes After Sex,Starry Eyes,2xfRDWDKOisEXgRnYI58Tb,59,2012,ambient,0.425,0.363,2,-15.32,1,0.0322,0.448,0.321,0.0685,0.12,100.426,206000,4
2024-12-03 21:59,Arctic Monkeys,Knee Socks,46980,arctic monkeys - knee socks,77596,Arctic Monkeys,Knee Socks,2LGdO5MtFdyphi2EihANZG,74,2013,garage,0.665,0.542,11,-8.323,0,0.033,0.123,0.00291,0.342,0.587,97.975,257563,4
2024-12-03 21:59,Chase Atlantic,HEAVEN AND BACK,248240,chase atlantic - heaven and back,406526,Chase Atlantic,HEAVEN AND BACK,5dewQ7ojISR32NAYNHFYWC,66,2019,pop,0.309,0.793,10,-6.195,0,0.0774,0.0902,0.092,0.0888,0.532,193.714,248240,4
2024-12-03 22:07,Chase Atlantic,Consume (feat. Goon Des Garcons),267920,chase atlantic - consume (feat. goon des garcons),293489,Chase Atlantic,Consume (feat. Goon Des Garcons),0X2bh8NVQ8svDQIn2AdCbW,77,2017,pop,0.556,0.714,9,-5.322,0,0.158,0.07,0.0,0.261,0.434,146.113,267920,4
2024-12-03 22:11,The Neighbourhood,Cherry Flavoured,208453,the neighbourhood - cherry flavoured,423465,The Neighbourhood,Cherry Flavoured,40iocOzytrqaRn5RbGPDNp,65,2020,alt-rock,0.617,0.574,6,-9.768,1,0.0276,0.23,0.0105,0.0983,0.396,91.769,208453,4
2024-12-03 22:14,Chase Atlantic,OHMAMI,226835,chase atlantic - ohmami,515742,Chase Atlantic,OHMAMI,2zVaxB54fNngkbWs5uZnla,66,2021,pop,0.625,0.717,10,-5.796,0,0.121,0.0476,8.73e-05,0.277,0.398,126.004,226835,4
2024-12-03 22:22,Arctic Monkeys,I Wanna Be Yours,183956,arctic monkeys - i wanna be yours,77591,Arctic Monkeys,I Wanna Be Yours,5XeFesFbtLpXzIVDNQP22n,91,2013,garage,0.464,0.417,0,-9.345,0,0.0256,0.136,0.022,0.0974,0.479,67.528,183956,4
2024-12-03 22:29,Chase Atlantic,Meddle About,203716,chase atlantic - meddle about,197593,Chase Atlantic,Meddle About,1x5gfSHfhWpMFKKqbuDe9G,68,2015,pop,0.387,0.797,4,-6.41,0,0.052,0.00404,0.0108,0.314,0.369,159.897,203886,4
2024-12-04 00:15,Chase Atlantic,Right Here,235000,chase atlantic - right here,293542,Chase Atlantic,Right Here,2KtS31kaWNHs12Q5B43Ixh,70,2017,pop,0.351,0.587,6,-6.413,1,0.0413,0.00516,1.87e-05,0.121,0.221,159.881,235000,4
2024-12-04 00:17,The Neighbourhood,You Get Me So High,153000,the neighbourhood - you get me so high,311043,The Neighbourhood,You Get Me So High,7zwn1eykZtZ5LODrf7c0tS,81,2018,alt-rock,0.551,0.881,7,-6.099,0,0.0542,0.186,0.0791,0.152,0.387,88.036,153000,4
2024-12-04 00:22,The Neighbourhood,W.D.Y.W.F.M?,259413,the neighbourhood - w.d.y.w.f.m?,56407,The Neighbourhood,W.D.Y.W.F.M?,3vooOYHU0Fi3ViCG7Ozh0Y,65,2013,alt-rock,0.557,0.845,8,-2.926,0,0.0346,0.0303,0.00851,0.354,0.508,123.997,259413,4
2024-12-04 00:25,James Bay,Let It Go,11390,james bay - let it go,146785,James Bay,Let It Go,13HVjjWUZFaWilh2QUJKsP,68,2014,pop,0.546,0.311,1,-10.396,1,0.0288,0.818,1.65e-05,0.107,0.246,147.464,260533,4
2024-12-04 00:25,Maroon 5,Payphone,5260,maroon 5 - payphone,40350,Maroon 5,Payphone,4P0osvTXoSYZZC2n8IFH3c,70,2012,pop,0.739,0.756,4,-4.828,1,0.0394,0.0136,0.0,0.37,0.523,110.028,231387,4
2024-12-04 00:25,The Neighbourhood,Fallen Star,190364,the neighbourhood - fallen star,478403,The Neighbourhood,Fallen Star,60F6pgM6H6miNr5AmjxwjL,68,2021,alt-rock,0.603,0.551,10,-6.259,0,0.0304,0.0696,0.0976,0.192,0.439,75.001,224939,4
2024-12-04 00:29,Maroon 5,Misery,216200,maroon 5 - misery,1380431,Maroon 5,Misery,6KBYk8OFtod7brGuZ3Y67q,62,2010,pop,0.704,0.81,4,-4.874,0,0.0425,0.000315,0.0,0.216,0.726,102.98,216200,4
2024-12-04 00:33,Taylor Swift,Cruel Summer,14968,taylor swift - cruel summer,406369,Taylor Swift,Cruel Summer,1BxfuPKGuaTgP7aM0Bbdwr,83,2019,pop,0.552,0.702,9,-5.707,1,0.157,0.117,2.06e-05,0.105,0.564,169.994,178427,4
2024-12-04 00:40,Taylor Swift,Speak Now,240760,taylor swift - speak now,1380435,Taylor Swift,Speak Now,24DefNCFiWTP8OjYWiXuYe,62,2010,pop,0.709,0.599,7,-3.734,1,0.0304,0.095,0.0,0.0973,0.735,118.975,240760,4
2024-12-04 00:44,SZA,Snooze,201800,sza - snooze,569186,SZA,Snooze,4iZ4pt7kvcaH6Yo8UoZ4s2,90,2022,pop,0.559,0.551,5,-7.231,1,0.132,0.141,0.0,0.11,0.392,143.008,201800,4
2024-12-04 00:47,The Weeknd,Blinding Lights,200040,the weeknd - blinding lights,461991,The Weeknd,Blinding Lights,0VjIjW4GlUZAMYd2vXMi3b,90,2020,pop,0.514,0.73,1,-5.934,1,0.0598,0.00146,9.54e-05,0.0897,0.334,171.005,200040,4
2024-12-04 00:50,Demi Lovato,Give Your Heart a Break,205346,demi lovato - give your heart a break,1412816,Demi Lovato,Give Your Heart a Break,3sP3c86WFjOzHHnbhhZcLA,69,2011,dance,0.651,0.695,6,-3.218,1,0.0487,0.23,0.0,0.144,0.569,123.008,205347,4
2024-12-04 00:55,Eminem,Without Me,290320,eminem - without me,825779,Eminem,Without Me,7lQ8MOhq6IN2w8EYcFNSUk,87,2002,hip-hop,0.908,0.669,7,-2.827,1,0.0738,0.00286,0.0,0.237,0.662,112.238,290320,4
2024-12-04 01:00,The Neighbourhood,Afraid,251186,the neighbourhood - afraid,56398,The Neighbourhood,Afraid,7brQHA2CgQpcMBiOlfiXYb,74,2013,alt-rock,0.464,0.701,6,-5.693,0,0.0411,0.00892,0.309,0.335,0.356,83.996,251187,4
2024-12-04 01:03,The Weeknd,Sacrifice,188918,the weeknd - sacrifice,569269,The Weeknd,Sacrifice,1nH2PkJL1XoUq8oE6tBZoU,77,2022,pop,0.735,0.795,11,-6.523,0,0.113,0.0296,3.18e-05,0.0678,0.905,122.0,188918,4
2024-12-04 01:10,Nicki Minaj,Good Form,199400,nicki minaj - good form,321104,Nicki Minaj,Good Form,19Fcrc0nJiwMKom00gS9SW,61,2018,dance,0.88,0.775,7,-5.133,1,0.0953,0.113,0.00264,0.0943,0.284,96.503,199400,4
2024-12-04 01:14,Christina Aguilera,Genie In a Bottle,217573,christina aguilera - genie in a bottle,120308,Christina Aguilera,Genie In a Bottle,0VkcUkbiiHfIp6Lb5rlBfJ,30,2014,dance,0.635,0.793,1,-6.968,1,0.15,0.188,0.000174,0.152,0.92,175.803,217133,4
2024-12-04 01:15,James Bay,Let It Go,62316,james bay - let it go,146785,James Bay,Let It Go,13HVjjWUZFaWilh2QUJKsP,68,2014,pop,0.546,0.311,1,-10.396,1,0.0288,0.818,1.65e-05,0.107,0.246,147.464,260533,4
2024-12-04 01:19,Britney Spears,...Baby One More Time,211066,britney spears - ...baby one more time,931214,Britney Spears,...Baby One More Time,7EFVJfuaqhIIvzNHZpEpth,38,2004,dance,0.757,0.725,0,-4.86,0,0.0315,0.185,5.56e-05,0.568,0.883,92.96,211160,4
2024-12-04 01:19,Selena Gomez,People You Know,24183,selena gomez - people you know,433234,Selena Gomez,People You Know,63mdJr3NMY3wReOkNE6c6W,78,2020,dance,0.695,0.62,8,-8.082,0,0.0521,0.0881,5.43e-05,0.111,0.62,150.032,194900,4
2024-12-04 01:23,Stephanie Hsu,A Guy That I'd Kinda Be Into,27063,stephanie hsu - a guy that i'd kinda be into,205703,Stephanie Hsu,A Guy That I'd Kinda Be Into,3JMuqa4x9ZMWxgA8RaAiya,50,2015,show-tunes,0.497,0.474,3,-7.279,1,0.044,0.764,0.000223,0.453,0.493,133.934,164400,4
2024-12-04 01:23,Backstreet Boys,As Long as You Love Me,221106,backstreet boys - as long as you love me,745159,Backstreet Boys,As Long as You Love Me,59RYf8nulz9cINoOqZS703,43,2001,dance,0.774,0.792,0,-6.383,1,0.0286,0.151,0.0,0.103,0.808,98.208,212467,4
2024-12-04 01:25,Justin Bieber,Intentions,98910,justin bieber - intentions,462066,Justin Bieber,Intentions,364dI1bYnvamSnBJ8JcNzN,70,2020,pop,0.811,0.553,9,-6.644,1,0.0552,0.317,0.0,0.105,0.86,148.014,212869,4
2024-12-04 01:29,SiM,The Rumbling (TV Size),4437,sim - the rumbling (tv size),564991,SiM,The Rumbling (TV Size),0KCSJzsQVxkloxoT7dyrqV,64,2022,metal,0.408,0.875,8,-1.536,1,0.0546,1.68e-05,0.000101,0.264,0.646,144.975,90266,4
2024-12-04 01:33,YOASOBI,夜に駆ける,261013,yoasobi - 夜に駆ける,406467,YOASOBI,夜に駆ける,3dPtXHP0oXQ4HCWHsOA9js,73,2019,pop,0.67,0.874,8,-5.221,1,0.0305,0.00231,1.72e-05,0.3,0.789,130.041,261013,4
2024-12-04 01:49,SCREEN mode,Reason Living,142606,screen mode - reason living,354191,SCREEN mode,Reason Living,2gLgkVniFLbKiklW4taLOj,51,2018,rock,0.415,0.943,8,-2.531,1,0.0662,0.007,0.0,0.385,0.555,91.456,244307,4
2024-12-04 01:52,2PM,Take off,204000,2pm - take off,1443582,2PM,Take off,2dOsUDI94FXz3S9hKi0z9E,44,2011,k-pop,0.615,0.888,3,-4.79,1,0.0303,0.165,0.0,0.204,0.74,131.995,204000,4
2024-12-04 01:56,LiSA,紅蓮華,237586,lisa - 紅蓮華,410271,LiSA,紅蓮華,0nUKU6e9COOCgO5tAUtlST,53,2019,rock,0.544,0.979,4,-2.8,0,0.153,0.00336,0.000116,0.0775,0.31,135.001,238587,4
2024-12-04 03:00,BLUE ENCOUNT,ポラリス,110446,blue encount - ポラリス,423496,BLUE ENCOUNT,ポラリス,28DlaPydCnrs8NxYOnUPZ8,63,2020,alt-rock,0.534,0.941,8,-2.561,1,0.077,0.00204,0.00615,0.102,0.573,95.008,224213,4
2024-12-08 17:49,The Weeknd,I Feel It Coming,5860,the weeknd - i feel it coming,612506,The Weeknd,I Feel It Coming,1GDoL9pnaoaidiOFUQ7x3c,0,2023,pop,0.773,0.82,0,-5.897,0,0.115,0.394,0.0,0.0739,0.555,92.996,269187,4
2024-12-08 17:59,Cigarettes After Sex,Kiss It Off Me,269933,cigarettes after sex - kiss it off me,368580,Cigarettes After Sex,Kiss It Off Me,1Mhf6QIO0UuVr2ZvQPgymt,62,2019,ambient,0.521,0.298,4,-12.471,1,0.0258,0.753,0.496,0.111,0.235,80.259,269933,4
2024-12-08 18:02,The Neighbourhood,You Get Me So High,153000,the neighbourhood - you get me so high,311043,The Neighbourhood,You Get Me So High,7zwn1eykZtZ5LODrf7c0tS,81,2018,alt-rock,0.551,0.881,7,-6.099,0,0.0542,0.186,0.0791,0.152,0.387,88.036,153000,4
2024-12-08 18:04,Cigarettes After Sex,Starry Eyes,980,cigarettes after sex - starry eyes,2728,Cigarettes After Sex,Starry Eyes,2xfRDWDKOisEXgRnYI58Tb,59,2012,ambient,0.425,0.363,2,-15.32,1,0.0322,0.448,0.321,0.0685,0.12,100.426,206000,4
2024-12-08 18:04,Cigarettes After Sex,Falling In Love,154796,cigarettes after sex - falling in love,368577,Cigarettes After Sex,Falling In Love,4m1jesCFX1gQtIRFirfwCW,65,2019,ambient,0.482,0.267,7,-11.638,1,0.0262,0.722,0.02,0.125,0.347,140.617,245840,4
2024-12-08 18:05,Chase Atlantic,The Walls,28450,chase atlantic - the walls,293625,Chase Atlantic,The Walls,5pXui9rkf5W90DgZobuDiK,62,2017,pop,0.357,0.704,0,-6.925,0,0.0828,0.326,1.54e-06,0.124,0.225,144.172,229840,4
2024-12-08 18:06,Taylor Swift,We Are Never Ever Getting Back Together,91350,taylor swift - we are never ever getting back together,40360,Taylor Swift,We Are Never Ever Getting Back Together,0VwNdo84DaVYLIkbVO86ND,74,2012,pop,0.628,0.676,7,-5.911,1,0.0916,0.00957,2.65e-05,0.121,0.75,85.984,193147,4
2024-12-08 18:07,BLACKPINK,As If It's Your Last,41790,blackpink - as if it's your last,288434,BLACKPINK,As If It's Your Last,4ZxOuNHhpyOj4gv52MtQpT,76,2017,k-pop,0.786,0.852,8,-2.687,1,0.0813,0.0687,0.0,0.0759,0.455,125.036,213264,4
2024-12-08 18:11,EXO,Monster,221341,exo - monster,247540,EXO,Monster,7GbUWl6qLW1gdngbEV2WDJ,65,2016,k-pop,0.618,0.76,6,-4.312,1,0.0596,0.0066,0.0,0.127,0.541,150.0,221341,4
2024-12-08 18:14,f(x),Electric Shock,196946,f(x) - electric shock,35500,f(x),Electric Shock,7tMN6iGJMulMFpSCeU7pmU,52,2012,k-pop,0.757,0.898,5,-1.632,0,0.0327,0.0927,7.85e-06,0.493,0.537,125.029,196947,4
2024-12-08 18:17,CHANYEOL,Stay With Me,192441,chanyeol - stay with me,247541,CHANYEOL,Stay With Me,1HYzRuWjmS9LXCkdVHi25K,72,2016,k-pop,0.558,0.526,0,-4.686,0,0.033,0.431,0.0,0.126,0.202,124.709,192441,4
2024-12-08 18:21,VIXX,Chained Up,192921,vixx - chained up,192463,VIXX,Chained Up,2JcQ5i13wsNdyyXs8Sqab0,48,2015,k-pop,0.728,0.941,9,-2.044,0,0.188,0.0955,0.0,0.328,0.924,92.065,192922,4
2024-12-08 18:24,SISTAR,I Like That,221371,sistar - i like that,247612,SISTAR,I Like That,4wAjmojVxc6Wbeca9XvnDo,52,2016,k-pop,0.564,0.867,7,-3.137,0,0.0881,0.0952,0.0,0.737,0.882,154.882,221371,4
2024-12-08 18:28,NCT 127,無限的我 무한적아; LIMITLESS,247467,nct 127 - 無限的我 무한적아; limitless,288479,NCT 127,無限的我 무한적아; LIMITLESS,6m96zMB8BrLrpyT7NvApxB,56,2017,k-pop,0.614,0.747,5,-5.655,0,0.0743,0.00934,0.0,0.0337,0.538,78.216,247467,4
2024-12-08 18:32,HyunA,Bubble Pop!,212244,hyuna - bubble pop!,1443569,HyunA,Bubble Pop!,59JkwCdGIMTZYb0j75vebU,53,2011,k-pop,0.84,0.871,10,-4.662,0,0.0639,0.0842,0.00392,0.285,0.767,146.005,212245,4
2024-12-08 18:36,IU,Palette (feat. G-DRAGON),217412,iu - palette (feat. g-dragon),288463,IU,Palette (feat. G-DRAGON),3y7ByLZ05tluscOTRgEJ9Y,62,2017,k-pop,0.804,0.68,0,-3.81,1,0.2,0.458,0.0,0.102,0.62,102.013,217413,4
2024-12-08 18:40,SURAN,WINE (Feat.Changmo) (Prod. SUGA),232194,suran - wine (feat.changmo) (prod. suga),288483,SURAN,WINE (Feat.Changmo) (Prod. SUGA),3eHkFA3StDR9BU7EVrUFLs,55,2017,k-pop,0.62,0.644,4,-2.713,0,0.0447,0.314,0.0,0.105,0.502,145.87,232195,4
2024-12-08 18:43,IU,dlwlrma,176098,iu - dlwlrma,288480,IU,dlwlrma,4NPARrLIbtMl29ZJv8ESr2,56,2017,k-pop,0.738,0.641,4,-3.44,1,0.0475,0.315,0.0,0.114,0.631,119.867,176099,4
2024-12-08 18:54,Girls' Generation,Lion Heart,70196,girls' generation - lion heart,192433,Girls' Generation,Lion Heart,405SQUJdQut02dxtuQ0CZ3,60,2015,k-pop,0.754,0.788,2,-3.175,1,0.0322,0.129,0.00274,0.0775,0.961,124.992,224258,4
2024-12-08 18:58,MONSTA X,DRAMARAMA,186295,monsta x - dramarama,288495,MONSTA X,DRAMARAMA,1BSncOsSJPQkpl29QM0ipj,52,2017,k-pop,0.571,0.779,8,-2.864,1,0.111,0.135,0.0,0.202,0.261,186.154,186296,4
2024-12-08 19:01,KARD,RUMOR,17831,kard - rumor,288660,KARD,RUMOR,22iz04Hw1tz0NBpiyoEMT1,46,2017,k-pop,0.726,0.758,8,-3.324,1,0.178,0.0491,0.0,0.077,0.61,88.999,217738,4
2024-12-08 19:01,KARD,Hola Hola,202962,kard - hola hola,288543,KARD,Hola Hola,3VC1IEz9M1txlMSx3h3tPM,51,2017,k-pop,0.843,0.807,1,-3.794,0,0.0632,0.0135,6.44e-05,0.227,0.833,104.962,202963,4
2024-12-08 19:14,SISTAR,Touch my body,206500,sistar - touch my body,142332,SISTAR,Touch my body,5crARIrvoMiMf2AdlD78WN,56,2014,k-pop,0.633,0.915,9,-2.347,1,0.106,0.0437,0.0,0.107,0.622,128.033,206500,4
2024-12-08 19:20,Girls' Generation,Mr.Mr.,235434,girls' generation - mr.mr.,142333,Girls' Generation,Mr.Mr.,3JaMGQXJmtbAhvgl0nBPPN,55,2014,k-pop,0.701,0.964,4,-2.037,0,0.127,0.114,9.34e-06,0.153,0.484,113.058,235434,4
2024-12-08 19:20,MONSTA X,Jealousy,24630,monsta x - jealousy,345008,MONSTA X,Jealousy,3TM7sUA8tMzndo6G8E526g,48,2018,k-pop,0.695,0.852,6,-4.528,0,0.127,0.00701,0.0,0.14,0.496,102.988,207030,4
2024-12-08 19:20,SISTAR,SHAKE IT,2340,sistar - shake it,192453,SISTAR,SHAKE IT,59FBFyeST1vqN8G41YgFS6,53,2015,k-pop,0.778,0.957,11,-2.57,0,0.0735,0.0234,0.0,0.715,0.611,118.997,208507,4
2024-12-08 19:20,CLC,Hobgoblin,9185,clc - hobgoblin,288500,CLC,Hobgoblin,2pSOUHBQXkN3fS2TAJHhfR,52,2017,k-pop,0.621,0.873,11,-2.888,0,0.103,0.0194,0.0,0.488,0.401,169.91,210478,4
2024-12-08 19:24,EXID,Ah Yeah,199642,exid - ah yeah,192479,EXID,Ah Yeah,68daw5D7jgDf55BJmaiQIf,48,2015,k-pop,0.762,0.939,11,-2.688,0,0.054,0.0483,0.0,0.0719,0.428,117.986,199643,4
2024-12-08 19:27,f(x),Red Light,211900,f(x) - red light,142357,f(x),Red Light,4ML3iXqwb35FHG0SW1HVGc,47,2014,k-pop,0.623,0.924,7,-3.162,1,0.0862,0.000457,0.00013,0.0414,0.775,128.947,211900,4
2024-12-08 19:31,4Minute,Whatcha Doin' Today,206027,4minute - whatcha doin' today,142387,4Minute,Whatcha Doin' Today,4zPF7ERedaIZGDIxnE1KVH,43,2014,k-pop,0.817,0.95,11,-1.991,0,0.0458,0.185,0.0,0.337,0.97,133.041,206028,4
2024-12-08 19:34,G-DRAGON,CROOKED,224792,g-dragon - crooked,89082,G-DRAGON,CROOKED,4EwNWRBWdZ6bgvxRHlZ8OO,57,2013,k-pop,0.665,0.919,2,-3.211,1,0.0922,0.00191,0.0,0.0588,0.782,129.962,224793,4
2024-12-08 19:37,f(x),첫 사랑니 (Rum Pum Pum Pum),164956,f(x) - 첫 사랑니 (rum pum pum pum),89091,f(x),첫 사랑니 (Rum Pum Pum Pum),22sIPXiQzcPydCC6skPPPq,51,2013,k-pop,0.774,0.819,11,-2.976,1,0.0383,0.509,1.72e-05,0.239,0.543,119.984,197672,4
2024-12-08 19:40,4Minute,Hate,189270,4minute - hate,247622,4Minute,Hate,3Hd6zm1J4bVeu4VXwaDQL3,50,2016,k-pop,0.686,0.902,6,-3.78,0,0.163,0.0474,1.02e-06,0.201,0.615,149.96,216333,4
2024-12-08 22:04,Djo,End of Beginning,159245,djo - end of beginning,569335,Djo,End of Beginning,3qhlB30KknSejmIvZZLjOD,66,2022,pop,0.689,0.454,2,-7.643,1,0.0584,0.0351,0.00259,0.0707,0.912,159.982,159246,4
2024-12-08 22:08,The Neighbourhood,Daddy Issues,260173,the neighbourhood - daddy issues,162916,The Neighbourhood,Daddy Issues,5E30LdtzQTGqRvNd7l6kG5,84,2015,alt-rock,0.588,0.521,10,-9.461,1,0.0329,0.0678,0.149,0.123,0.337,85.012,260173,4
2024-12-08 22:12,Chase Atlantic,Vibes,216217,chase atlantic - vibes,197787,Chase Atlantic,Vibes,0AIRuNLJPz613ByB1k2W5o,56,2015,pop,0.494,0.88,9,-5.064,1,0.0545,0.0192,0.0,0.187,0.344,100.023,216217,4
2024-12-08 22:13,Cigarettes After Sex,You're the Only Good Thing In My Life,32973,cigarettes after sex - you're the only good thing in my life,368583,Cigarettes After Sex,You're the Only Good Thing in My Life,69BeOEL0DFLwA3WplXJxX5,59,2019,ambient,0.462,0.288,5,-11.199,1,0.0288,0.781,0.756,0.131,0.0589,130.164,275187,4
2024-12-08 22:22,DEAN FUJIOKA,History Maker,27113,dean fujioka - history maker,224585,DEAN FUJIOKA,History Maker,3QjIdDDKoZRyfWDKZC4Ayb,57,2016,dance,0.397,0.668,9,-4.292,1,0.0855,0.102,0.0,0.0744,0.456,67.012,190045,4
2024-12-08 22:37,TK from Ling tosite sigure,unravel,238360,tk from ling tosite sigure - unravel,146819,TK from Ling tosite sigure,unravel,1rN9QoVxw5U7TJkyaUR8C1,70,2014,pop,0.508,0.889,7,-2.755,0,0.0862,0.0495,0.0,0.0984,0.332,135.014,238360,4
2024-12-08 22:40,ALI,Wild Side,158500,ali - wild side,417516,ALI,Wild Side,2RSPQJ483jRL1KNtMuKqgh,60,2019,soul,0.616,0.923,8,-4.718,1,0.108,0.0107,0.0035,0.341,0.713,134.081,158500,4
2024-12-08 23:30,Hello Sleepwalkers,Goya No Machiawase,170640,hello sleepwalkers - goya no machiawase,146896,Hello Sleepwalkers,Goya No Machiawase,5s0AxcVJJD2YYPstMb61ro,58,2014,pop,0.406,0.959,0,-3.014,1,0.0952,0.000891,0.0,0.327,0.571,94.277,170640,4
2024-12-08 23:31,Masayuki Suzuki,DADDY ! DADDY ! DO !,22846,masayuki suzuki - daddy ! daddy ! do !,462266,Masayuki Suzuki,DADDY ! DADDY ! DO !,4xeWELPxBZKhhCrUr84jmp,63,2020,pop,0.684,0.815,8,-3.826,0,0.0496,0.322,0.0,0.12,0.819,138.104,254640,4
2024-12-08 23:34,One Direction,No Control,199720,one direction - no control,146818,One Direction,No Control,4JaLkM90MJutDAl5jD9BZX,69,2014,pop,0.558,0.916,1,-3.145,0,0.0839,0.0278,0.0,0.0296,0.85,142.984,199720,4
2024-12-08 23:38,One Direction,A.M.,209040,one direction - a.m.,197659,One Direction,A.M.,5omYVLodGmaxnhua99xIE8,63,2015,pop,0.586,0.527,3,-4.905,1,0.0309,0.227,0.0,0.0963,0.506,141.839,209040,4
2024-12-08 23:42,One Direction,Moments,262640,one direction - moments,40441,One Direction,Moments,3MxJGBnYaP4yQYUv90HLqZ,60,2012,pop,0.474,0.739,2,-4.937,1,0.0451,0.0283,0.0,0.299,0.253,149.894,262640,4
2024-12-08 23:45,One Direction,Up All Night,194693,one direction - up all night,40410,One Direction,Up All Night,1I93YiKgu2P5pwprWmziPI,62,2012,pop,0.606,0.929,0,-2.182,1,0.055,0.023,0.0,0.101,0.622,139.022,194693,4
2024-12-08 23:49,One Direction,Strong,184373,one direction - strong,93610,One Direction,Strong,3cKM7UXBZmgjEgEBTkaIlU,75,2013,pop,0.741,0.663,0,-7.308,1,0.0434,0.0608,0.0,0.0931,0.338,115.013,184373,4
2024-12-08 23:53,One Direction,Perfect,230333,one direction - perfect,197553,One Direction,Perfect,3NLnwwAQbbFKcEcV8hDItk,77,2015,pop,0.647,0.823,2,-5.231,1,0.0762,0.0598,0.0,0.119,0.396,99.933,230333,4
2024-12-09 00:01,One Direction,Ready to Run,188069,one direction - ready to run,146862,One Direction,Ready to Run,7GtGeeChOx4NS77bqK8SUx,64,2014,pop,0.524,0.831,2,-4.174,1,0.036,0.00229,0.0,0.171,0.299,115.067,196053,4
2024-12-09 00:59,Robert Schumann,"Kinderszenen, Op. 15: 12. Kind Im Einschlummern",158004,"robert schumann - kinderszenen, op. 15: 12. kind im einschlummern",1269471,Robert Schumann,"Kinderszenen, Op. 15: 12. Kind im Einschlummern",3RAvV2mtd4rqviu8CVypZY,15,2009,classical,0.299,0.00328,4,-40.155,0,0.06,0.994,0.955,0.0689,0.0966,75.41,143027,3
2024-12-09 01:03,Cinthya Garcia,"Bartók: Romanian Folk Dances, Sz.56: III. Pe-loc-Andante",69589,"cinthya garcia - bartók: romanian folk dances, sz.56: iii. pe-loc-andante",485114,Cinthya Garcia,"Bartók: Romanian Folk Dances, Sz.56: III. Pe-loc-Andante",7uZEBSybVofIBJwqfJbeog,27,2021,classical,0.492,0.104,11,-17.936,0,0.0578,0.992,0.947,0.0978,0.0336,80.238,69589,4
2024-12-09 01:10,Frédéric Chopin,"Nocturne No. 2 in E-Flat Major, Op. 9 No. 2",273666,"frédéric chopin - nocturne no. 2 in e-flat major, op. 9 no. 2",63135,Frédéric Chopin,"Nocturne No. 2 in E-Flat Major, Op. 9 No. 2",6kKuHpBs73RBMk7o8j348W,21,2013,classical,0.294,0.0283,3,-29.241,1,0.0381,0.984,0.929,0.0863,0.0865,71.957,242000,4
2024-12-09 20:55,d4vd,Romantic Homicide,132630,d4vd - romantic homicide,569185,d4vd,Romantic Homicide,1xK59OXxi2TAAAbmZK0kBL,90,2022,pop,0.571,0.544,6,-10.613,1,0.0299,0.453,0.00805,0.322,0.216,132.052,132631,4
2024-12-09 20:58,Arctic Monkeys,Stop The World I Wanna Get Off With You,191040,arctic monkeys - stop the world i wanna get off with you,77598,Arctic Monkeys,Stop The World I Wanna Get Off With You,2QUlMbvD9bL8wHqfsoqoet,69,2013,garage,0.661,0.73,6,-6.779,0,0.0574,0.0537,3.44e-05,0.14,0.53,95.027,191040,4
2024-12-09 21:08,Chase Atlantic,OHMAMI,226835,chase atlantic - ohmami,515742,Chase Atlantic,OHMAMI,2zVaxB54fNngkbWs5uZnla,66,2021,pop,0.625,0.717,10,-5.796,0,0.121,0.0476,8.73e-05,0.277,0.398,126.004,226835,4
2024-12-09 21:12,Chase Atlantic,HEAVEN AND BACK,248240,chase atlantic - heaven and back,406526,Chase Atlantic,HEAVEN AND BACK,5dewQ7ojISR32NAYNHFYWC,66,2019,pop,0.309,0.793,10,-6.195,0,0.0774,0.0902,0.092,0.0888,0.532,193.714,248240,4
2024-12-09 21:20,Chase Atlantic,Consume (feat. Goon Des Garcons),267920,chase atlantic - consume (feat. goon des garcons),293489,Chase Atlantic,Consume (feat. Goon Des Garcons),0X2bh8NVQ8svDQIn2AdCbW,77,2017,pop,0.556,0.714,9,-5.322,0,0.158,0.07,0.0,0.261,0.434,146.113,267920,4
2024-12-09 21:24,Cigarettes After Sex,You're the Only Good Thing In My Life,275186,cigarettes after sex - you're the only good thing in my life,368583,Cigarettes After Sex,You're the Only Good Thing in My Life,69BeOEL0DFLwA3WplXJxX5,59,2019,ambient,0.462,0.288,5,-11.199,1,0.0288,0.781,0.756,0.131,0.0589,130.164,275187,4
2024-12-09 21:28,Chase Atlantic,Friends,230010,chase atlantic - friends,197528,Chase Atlantic,Friends,2jQiSYrwJehQAcuaaQrXnS,79,2015,pop,0.422,0.609,11,-6.361,0,0.0335,0.0114,4.76e-06,0.108,0.0911,107.34,230011,3
2024-12-09 21:34,The Neighbourhood,Sweater Weather,240400,the neighbourhood - sweater weather,1800,The Neighbourhood,Sweater Weather,4pGqFOfzvfe6avb9kbZicC,60,2012,alt-rock,0.695,0.615,7,-5.325,0,0.042,0.15,0.000212,0.0879,0.414,124.015,240040,4
2024-12-09 21:39,Cigarettes After Sex,Pure,254626,cigarettes after sex - pure,368590,Cigarettes After Sex,Pure,5EYkide3NzE6gDIHvd4Pvz,53,2019,ambient,0.521,0.211,6,-13.489,0,0.0324,0.544,0.836,0.101,0.0412,134.285,254627,3
2024-12-09 21:45,Cigarettes After Sex,Cry,256800,cigarettes after sex - cry,368575,Cigarettes After Sex,Cry,0Qr61NXlyAeQaADO5xn3rI,76,2019,ambient,0.409,0.399,7,-10.456,1,0.0275,0.763,0.654,0.112,0.161,142.823,256800,4
2024-12-09 22:13,Chase Atlantic,Into It,196767,chase atlantic - into it,293490,Chase Atlantic,Into It,4HwDCXsMBC7SUdp2WT4MZP,77,2017,pop,0.518,0.572,10,-6.706,0,0.0416,0.0503,2.41e-05,0.129,0.291,130.053,196767,4
2024-12-09 22:13,Arctic Monkeys,Baby I'm Yours,11452,arctic monkeys - baby i'm yours,1076412,Arctic Monkeys,Baby I'm Yours,6FLqFu1ApSkUddZ9P4H6Io,58,2006,garage,0.462,0.595,2,-9.363,1,0.0347,0.215,0.0,0.184,0.64,113.719,152613,4
2024-12-09 22:16,One Direction,Over Again,182040,one direction - over again,40411,One Direction,Over Again,6l3vk93IWfe0wq396JTCM6,64,2012,pop,0.373,0.575,2,-6.862,1,0.0915,0.302,0.0,0.125,0.5,72.595,182040,4
2024-12-09 22:21,One Direction,You & I,237933,one direction - you & i,93584,One Direction,You & I,2afCBiru10AFckfOa49wIa,75,2013,pop,0.574,0.329,1,-6.829,1,0.0274,0.22,0.0,0.0986,0.356,130.993,237933,4
2024-12-09 22:24,One Direction,Last First Kiss,203546,one direction - last first kiss,40407,One Direction,Last First Kiss,0KqlLyIGuBZWqzNwP9rypc,64,2012,pop,0.538,0.819,4,-2.662,1,0.0435,0.0445,0.0,0.215,0.478,82.085,203547,4
2024-12-09 22:28,One Direction,Perfect,230333,one direction - perfect,197553,One Direction,Perfect,3NLnwwAQbbFKcEcV8hDItk,77,2015,pop,0.647,0.823,2,-5.231,1,0.0762,0.0598,0.0,0.119,0.396,99.933,230333,4
2024-12-09 22:31,One Direction,Kiss You,182866,one direction - kiss you,40364,One Direction,Kiss You,4My8w8AA1JpG6E5SiAPvJL,73,2012,pop,0.637,0.93,4,-2.632,1,0.0511,0.0177,0.0,0.452,0.886,90.014,182867,4
2024-12-09 22:34,One Direction,Half a Heart,188546,one direction - half a heart,93620,One Direction,Half a Heart,6nIE1oCE4udqMGv3bqVNVb,65,2013,pop,0.515,0.714,0,-4.516,1,0.0348,0.286,0.0,0.118,0.495,155.954,188547,4
2024-12-09 22:37,One Direction,What Makes You Beautiful,199986,one direction - what makes you beautiful,40346,One Direction,What Makes You Beautiful,4cluDES4hQEUhmXj6TXkSo,82,2012,pop,0.726,0.787,4,-2.494,1,0.0737,0.009,0.0,0.0596,0.888,124.99,199987,4
2024-12-09 22:43,One Direction,Taken,237080,one direction - taken,40468,One Direction,Taken,4K0M12PIWJjA4H0NAP142y,58,2012,pop,0.507,0.868,2,-5.204,1,0.0305,0.00387,0.0,0.413,0.684,95.035,237707,4
2024-12-09 22:46,One Direction,Live While We're Young,200213,one direction - live while we're young,40363,One Direction,Live While We're Young,6Vh03bkEfXqekWp7Y1UBRb,73,2012,pop,0.663,0.857,2,-2.16,1,0.0544,0.0542,0.0,0.144,0.931,126.039,200213,4
2024-12-09 22:56,One Direction,Moments,262640,one direction - moments,40441,One Direction,Moments,3MxJGBnYaP4yQYUv90HLqZ,60,2012,pop,0.474,0.739,2,-4.937,1,0.0451,0.0283,0.0,0.299,0.253,149.894,262640,4
2024-12-09 23:01,One Direction,Strong,184373,one direction - strong,93610,One Direction,Strong,3cKM7UXBZmgjEgEBTkaIlU,75,2013,pop,0.741,0.663,0,-7.308,1,0.0434,0.0608,0.0,0.0931,0.338,115.013,184373,4
2024-12-09 23:05,One Direction,18,248360,one direction - 18,146795,One Direction,18,3JjnGLK8IxkNLvo8Lb3KOM,80,2014,pop,0.681,0.582,6,-7.76,0,0.0313,0.22,0.0,0.119,0.221,124.038,248360,4
2024-12-09 23:11,One Direction,Gotta Be You,244506,one direction - gotta be you,40429,One Direction,Gotta Be You,3jJ5NJ3aNWvV70Rd7hgZIH,62,2012,pop,0.495,0.583,8,-4.531,1,0.0249,0.374,0.0,0.0781,0.603,84.969,244507,4
2024-12-09 23:19,One Direction,A.M.,209040,one direction - a.m.,197659,One Direction,A.M.,5omYVLodGmaxnhua99xIE8,63,2015,pop,0.586,0.527,3,-4.905,1,0.0309,0.227,0.0,0.0963,0.506,141.839,209040,4
2024-12-10 00:03,One Direction,Girl Almighty,201853,one direction - girl almighty,146858,One Direction,Girl Almighty,5UgsZiYk1lkEobuPHmRtWm,63,2014,pop,0.508,0.895,9,-3.745,1,0.0414,0.0424,0.0,0.198,0.495,168.941,201853,4
2024-12-10 00:07,One Direction,Don't Forget Where You Belong,241000,one direction - don't forget where you belong,93649,One Direction,Don't Forget Where You Belong,3yhVmOZSpZqnhRrEiYI0EJ,61,2013,pop,0.54,0.711,7,-5.717,1,0.0255,0.103,0.0,0.0827,0.292,92.014,241000,4
2024-12-10 00:12,One Direction,Night Changes,226600,one direction - night changes,146771,One Direction,Night Changes,5O2P9iiztwhomNh8xkR9lJ,86,2014,pop,0.672,0.52,8,-7.747,1,0.0353,0.859,0.0,0.115,0.37,120.001,226600,4
2024-12-10 02:25,One Direction,Best Song Ever,195092,one direction - best song ever,93579,One Direction,Best Song Ever,5T7ZFtCcOgkpjxcuaeZbw0,75,2013,pop,0.652,0.877,1,-2.986,1,0.0465,0.0227,0.0,0.0789,0.486,118.491,200107,4
2024-12-10 06:10,One Direction,Best Song Ever,4878,one direction - best song ever,93579,One Direction,Best Song Ever,5T7ZFtCcOgkpjxcuaeZbw0,75,2013,pop,0.652,0.877,1,-2.986,1,0.0465,0.0227,0.0,0.0789,0.486,118.491,200107,4
2024-12-10 06:13,One Direction,One Thing,197600,one direction - one thing,40367,One Direction,One Thing,5G2c6FsfTzgYUzageCmfXY,72,2012,pop,0.713,0.718,2,-3.806,1,0.0278,0.00233,0.0,0.0838,0.656,126.999,197600,4
2024-12-10 06:17,One Direction,Up All Night,194693,one direction - up all night,40410,One Direction,Up All Night,1I93YiKgu2P5pwprWmziPI,62,2012,pop,0.606,0.929,0,-2.182,1,0.055,0.023,0.0,0.101,0.622,139.022,194693,4
2024-12-10 06:20,One Direction,Ready to Run,196053,one direction - ready to run,146862,One Direction,Ready to Run,7GtGeeChOx4NS77bqK8SUx,64,2014,pop,0.524,0.831,2,-4.174,1,0.036,0.00229,0.0,0.171,0.299,115.067,196053,4
2024-12-10 06:23,One Direction,Midnight Memories,176320,one direction - midnight memories,93603,One Direction,Midnight Memories,5wjmqUGN7vrAqFqDWrywlZ,67,2013,pop,0.432,0.868,6,-2.01,0,0.0882,0.00725,0.0,0.233,0.567,156.128,176320,4
2024-12-10 06:26,One Direction,I Wish,216946,one direction - i wish,40451,One Direction,I Wish,5bODPM8nTwwTIE4W9fuUcC,59,2012,pop,0.62,0.872,7,-3.123,1,0.0347,0.00914,0.0,0.111,0.299,124.044,216947,4
2024-12-10 06:30,One Direction,One Thing - Acoustic,182005,one direction - one thing - acoustic,1380998,One Direction,One Thing - Acoustic,1LmwMw97uG572wZ3hohkNt,53,2010,pop,0.814,0.295,2,-5.086,1,0.0338,0.443,0.0,0.113,0.575,125.025,182005,4
2024-12-10 06:30,One Direction,One Way or Another (Teenage Kicks),21503,one direction - one way or another (teenage kicks),93636,One Direction,One Way or Another (Teenage Kicks),3jZomvOBa5qfTo5HkqI1p5,65,2013,pop,0.489,0.867,4,-3.121,0,0.071,0.025,0.0,0.586,0.409,162.131,157293,4
2024-12-10 06:34,Arctic Monkeys,505,253586,arctic monkeys - 505,1145378,Arctic Monkeys,505,58ge6dfP91o9oXMzq3XkIS,80,2007,garage,0.52,0.852,0,-5.866,1,0.0543,0.00237,5.79e-05,0.0733,0.234,140.267,253587,4
2024-12-10 06:38,Cigarettes After Sex,Cry,256800,cigarettes after sex - cry,368575,Cigarettes After Sex,Cry,0Qr61NXlyAeQaADO5xn3rI,76,2019,ambient,0.409,0.399,7,-10.456,1,0.0275,0.763,0.654,0.112,0.161,142.823,256800,4
2024-12-10 06:47,Arctic Monkeys,Knee Socks,257563,arctic monkeys - knee socks,77596,Arctic Monkeys,Knee Socks,2LGdO5MtFdyphi2EihANZG,74,2013,garage,0.665,0.542,11,-8.323,0,0.033,0.123,0.00291,0.342,0.587,97.975,257563,4
2024-12-10 06:50,Djo,End of Beginning,159245,djo - end of beginning,569335,Djo,End of Beginning,3qhlB30KknSejmIvZZLjOD,66,2022,pop,0.689,0.454,2,-7.643,1,0.0584,0.0351,0.00259,0.0707,0.912,159.982,159246,4
2024-12-10 06:55,Chase Atlantic,Swim,228786,chase atlantic - swim,293479,Chase Atlantic,Swim,3M0lSi5WW79CXQamgSBIjx,80,2017,pop,0.666,0.542,8,-6.429,1,0.0392,0.27,0.0,0.0765,0.0771,120.134,228787,4
2024-12-10 06:59,The Neighbourhood,Cry Baby,235160,the neighbourhood - cry baby,162920,The Neighbourhood,Cry Baby,0EfsDEYaSjGYd66Pr881nq,73,2015,alt-rock,0.581,0.656,4,-4.891,0,0.0294,0.00269,2.78e-06,0.101,0.338,108.033,235160,4
2024-12-10 07:10,The Neighbourhood,Baby Came Home 2 / Valentines,390493,the neighbourhood - baby came home 2 / valentines,162929,The Neighbourhood,Baby Came Home 2 / Valentines,40gvh6jP5qxMJuMmF9lG9A,67,2015,alt-rock,0.21,0.499,2,-9.754,0,0.0485,0.0687,0.00315,0.773,0.108,74.094,390493,4
2024-12-10 09:32,Cigarettes After Sex,John Wayne,215513,cigarettes after sex - john wayne,255750,Cigarettes After Sex,John Wayne,5IonbH68pmDKBwcKlyswmR,65,2017,ambient,0.429,0.457,3,-8.375,1,0.0294,0.35,0.859,0.099,0.183,124.033,258013,4
2024-12-14 21:33,Cigarettes After Sex,John Wayne,0,cigarettes after sex - john wayne,255750,Cigarettes After Sex,John Wayne,5IonbH68pmDKBwcKlyswmR,65,2017,ambient,0.429,0.457,3,-8.375,1,0.0294,0.35,0.859,0.099,0.183,124.033,258013,4
2024-12-15 20:38,Selena Gomez,Fetish (feat. Gucci Mane),9493,selena gomez - fetish (feat. gucci mane),264809,Selena Gomez,Fetish (feat. Gucci Mane),4lnAN2S1fcI0SjxEbksZVr,71,2017,dance,0.708,0.618,2,-4.424,1,0.0592,0.0204,6.81e-06,0.062,0.265,123.013,186113,4
2024-12-15 20:40,Cigarettes After Sex,Each Time You Fall in Love,136220,cigarettes after sex - each time you fall in love,255751,Cigarettes After Sex,Each Time You Fall In Love,6YbqjyoqQx9p13IndkOzeP,63,2017,ambient,0.383,0.534,10,-8.829,1,0.0277,0.468,0.676,0.14,0.276,76.046,290160,4
2024-12-15 20:48,Chase Atlantic,Okay,212306,chase atlantic - okay,293566,Chase Atlantic,Okay,492PZFHvGTm3RZZYeeUVWT,67,2017,pop,0.614,0.815,0,-6.784,1,0.131,0.112,0.0,0.121,0.431,130.049,212307,4
2024-12-15 20:57,Arctic Monkeys,R U Mine?,37003,arctic monkeys - r u mine?,23776,Arctic Monkeys,R U Mine?,6XnNiyYTxhxuC0zpP22M7C,34,2012,garage,0.52,0.785,6,-4.765,0,0.0329,0.0468,0.0,0.698,0.679,96.996,200188,4
2024-12-15 21:01,One Direction,Best Song Ever,200106,one direction - best song ever,93579,One Direction,Best Song Ever,5T7ZFtCcOgkpjxcuaeZbw0,75,2013,pop,0.652,0.877,1,-2.986,1,0.0465,0.0227,0.0,0.0789,0.486,118.491,200107,4
2024-12-15 21:04,One Direction,Girl Almighty,201853,one direction - girl almighty,146858,One Direction,Girl Almighty,5UgsZiYk1lkEobuPHmRtWm,63,2014,pop,0.508,0.895,9,-3.745,1,0.0414,0.0424,0.0,0.198,0.495,168.941,201853,4
2024-12-15 21:11,One Direction,I Wish,216946,one direction - i wish,40451,One Direction,I Wish,5bODPM8nTwwTIE4W9fuUcC,59,2012,pop,0.62,0.872,7,-3.123,1,0.0347,0.00914,0.0,0.111,0.299,124.044,216947,4
2024-12-15 21:14,One Direction,Olivia,177973,one direction - olivia,197567,One Direction,Olivia,5dONhl6aXFuN86UBdayF6W,69,2015,pop,0.64,0.681,6,-5.362,1,0.0334,0.0438,0.0,0.166,0.676,118.062,177973,4
2024-12-15 21:32,One Direction,One Way or Another (Teenage Kicks),157293,one direction - one way or another (teenage kicks),93636,One Direction,One Way or Another (Teenage Kicks),3jZomvOBa5qfTo5HkqI1p5,65,2013,pop,0.489,0.867,4,-3.121,0,0.071,0.025,0.0,0.586,0.409,162.131,157293,4
2024-12-15 21:48,One Direction,One Thing,197600,one direction - one thing,40367,One Direction,One Thing,5G2c6FsfTzgYUzageCmfXY,72,2012,pop,0.713,0.718,2,-3.806,1,0.0278,0.00233,0.0,0.0838,0.656,126.999,197600,4
2024-12-15 21:55,One Direction,Steal My Girl,228133,one direction - steal my girl,146788,One Direction,Steal My Girl,2Bs4jQEGMycglOfWPBqrVG,78,2014,pop,0.536,0.768,10,-5.948,0,0.0347,0.00433,0.0,0.114,0.545,77.217,228133,4
2024-12-15 21:56,One Direction,Home,9407,one direction - home,1380607,One Direction,Home,5UcphALlWd7sBBySclJvAi,61,2010,pop,0.42,0.867,9,-5.397,1,0.0853,0.0115,0.0,0.0851,0.63,78.814,194907,4
2024-12-15 22:00,One Direction,Wolves,241533,one direction - wolves,197660,One Direction,Wolves,4hJfmMjy3wFIOknfYwhouY,62,2015,pop,0.627,0.818,5,-4.243,1,0.057,0.114,0.0,0.0504,0.527,123.456,241533,4
2024-12-15 22:04,One Direction,Story of My Life,245493,one direction - story of my life,93572,One Direction,Story of My Life,4nVBt6MZDDP6tRVdQTgxJg,81,2013,pop,0.6,0.663,3,-5.802,1,0.0477,0.225,0.0,0.119,0.286,121.07,245493,4
2024-12-15 22:07,One Direction,Stand Up,175093,one direction - stand up,40480,One Direction,Stand Up,147ximWPJObFNQ4M1AhFox,57,2012,pop,0.584,0.9,4,-3.637,1,0.0611,0.00646,0.0,0.267,0.893,125.007,175093,4
2024-12-15 22:10,One Direction,No Control,199720,one direction - no control,146818,One Direction,No Control,4JaLkM90MJutDAl5jD9BZX,69,2014,pop,0.558,0.916,1,-3.145,0,0.0839,0.0278,0.0,0.0296,0.85,142.984,199720,4
2024-12-15 22:14,One Direction,I Should Have Kissed You,215933,one direction - i should have kissed you,40513,One Direction,I Should Have Kissed You,4yVPaA6DOfwbqZIQNv4G5U,57,2012,pop,0.495,0.966,3,-2.284,1,0.114,0.017,0.0,0.606,0.553,139.931,215933,4
2024-12-15 22:18,One Direction,Half a Heart,188546,one direction - half a heart,93620,One Direction,Half a Heart,6nIE1oCE4udqMGv3bqVNVb,65,2013,pop,0.515,0.714,0,-4.516,1,0.0348,0.286,0.0,0.118,0.495,155.954,188547,4
2024-12-15 22:20,One Direction,Midnight Memories,176320,one direction - midnight memories,93603,One Direction,Midnight Memories,5wjmqUGN7vrAqFqDWrywlZ,67,2013,pop,0.432,0.868,6,-2.01,0,0.0882,0.00725,0.0,0.233,0.567,156.128,176320,4
2024-12-15 22:22,One Direction,Right Now,75220,one direction - right now,93593,One Direction,Right Now,1dQQ2QlnvXUehsRUrukKmf,80,2013,pop,0.645,0.78,8,-5.165,1,0.0319,0.218,0.0,0.0919,0.372,120.008,200400,4
2024-12-15 22:28,One Direction,Half a Heart,188546,one direction - half a heart,93620,One Direction,Half a Heart,6nIE1oCE4udqMGv3bqVNVb,65,2013,pop,0.515,0.714,0,-4.516,1,0.0348,0.286,0.0,0.118,0.495,155.954,188547,4
2024-12-15 22:31,One Direction,Right Now,200400,one direction - right now,93593,One Direction,Right Now,1dQQ2QlnvXUehsRUrukKmf,80,2013,pop,0.645,0.78,8,-5.165,1,0.0319,0.218,0.0,0.0919,0.372,120.008,200400,4
2024-12-15 22:35,One Direction,Hey Angel,240000,one direction - hey angel,197717,One Direction,Hey Angel,4fLTtg48X0QtKrj0Jv8I3v,60,2015,pop,0.523,0.883,8,-2.956,1,0.0365,0.0202,0.0,0.116,0.35,92.215,240000,4
2024-12-15 22:39,One Direction,What Makes You Beautiful,199986,one direction - what makes you beautiful,40346,One Direction,What Makes You Beautiful,4cluDES4hQEUhmXj6TXkSo,82,2012,pop,0.726,0.787,4,-2.494,1,0.0737,0.009,0.0,0.0596,0.888,124.99,199987,4
2024-12-16 02:16,One Direction,Live While We're Young,7410,one direction - live while we're young,40363,One Direction,Live While We're Young,6Vh03bkEfXqekWp7Y1UBRb,73,2012,pop,0.663,0.857,2,-2.16,1,0.0544,0.0542,0.0,0.144,0.931,126.039,200213,4
2024-12-16 02:16,One Direction,Live While We're Young,58916,one direction - live while we're young,40363,One Direction,Live While We're Young,6Vh03bkEfXqekWp7Y1UBRb,73,2012,pop,0.663,0.857,2,-2.16,1,0.0544,0.0542,0.0,0.144,0.931,126.039,200213,4
2024-12-16 02:18,d4vd,Romantic Homicide,132630,d4vd - romantic homicide,569185,d4vd,Romantic Homicide,1xK59OXxi2TAAAbmZK0kBL,90,2022,pop,0.571,0.544,6,-10.613,1,0.0299,0.453,0.00805,0.322,0.216,132.052,132631,4
2024-12-16 02:40,Cigarettes After Sex,Sweet,292110,cigarettes after sex - sweet,255748,Cigarettes After Sex,Sweet,3VSYkAf6f46i5ZkXOHORq1,72,2017,ambient,0.448,0.511,6,-9.084,1,0.0274,0.362,0.823,0.129,0.112,96.321,291640,4
2024-12-16 02:45,Arctic Monkeys,Snap Out Of It,193030,arctic monkeys - snap out of it,77594,Arctic Monkeys,Snap Out Of It,0NdTUS4UiNYCNn5FgVqKQY,78,2013,garage,0.728,0.638,5,-6.455,0,0.0336,0.249,0.0,0.116,0.872,130.014,193030,4
2024-12-16 02:46,Arctic Monkeys,Cornerstone,40639,arctic monkeys - cornerstone,1286929,Arctic Monkeys,Cornerstone,3MC4XRbQADJdW9IIIwbe2u,53,2009,garage,0.287,0.721,9,-5.81,1,0.0387,0.00764,0.0,0.328,0.763,169.252,197973,4
2024-12-16 02:55,The Neighbourhood,A Little Death,209706,the neighbourhood - a little death,1790,The Neighbourhood,A Little Death,0Ot6e3wYVQQ1Us9PM977jE,64,2012,alt-rock,0.53,0.763,6,-4.712,0,0.0332,0.0026,1.86e-06,0.105,0.338,88.013,209707,4
2024-12-16 02:58,The Neighbourhood,Silver Lining,179453,the neighbourhood - silver lining,423530,The Neighbourhood,Silver Lining,1iJsVkrrId99kTJSZBrwHJ,55,2020,alt-rock,0.562,0.53,2,-7.665,1,0.0286,0.0226,0.00419,0.106,0.391,122.92,179453,4
2024-12-16 03:02,Chase Atlantic,Tidal Wave,243670,chase atlantic - tidal wave,350373,Chase Atlantic,Tidal Wave,2b2lL6iY3x1CSOv7QQbp8R,60,2018,pop,0.599,0.609,4,-5.14,1,0.052,0.565,2.11e-05,0.137,0.383,123.967,243707,4
2024-12-16 03:16,The Neighbourhood,Daddy Issues,260173,the neighbourhood - daddy issues,162916,The Neighbourhood,Daddy Issues,5E30LdtzQTGqRvNd7l6kG5,84,2015,alt-rock,0.588,0.521,10,-9.461,1,0.0329,0.0678,0.149,0.123,0.337,85.012,260173,4
2024-12-16 03:35,Arctic Monkeys,I Wanna Be Yours,183956,arctic monkeys - i wanna be yours,77591,Arctic Monkeys,I Wanna Be Yours,5XeFesFbtLpXzIVDNQP22n,91,2013,garage,0.464,0.417,0,-9.345,0,0.0256,0.136,0.022,0.0974,0.479,67.528,183956,4
2024-12-16 03:42,Chase Atlantic,Numb to the Feeling,227586,chase atlantic - numb to the feeling,350308,Chase Atlantic,Numb to the Feeling,102cCjW3CnC3sws3qOhie8,63,2018,pop,0.695,0.737,5,-5.75,0,0.122,0.232,0.0,0.136,0.248,129.999,227587,4
2024-12-16 03:47,The Neighbourhood,Fallen Star,224938,the neighbourhood - fallen star,478403,The Neighbourhood,Fallen Star,60F6pgM6H6miNr5AmjxwjL,68,2021,alt-rock,0.603,0.551,10,-6.259,0,0.0304,0.0696,0.0976,0.192,0.439,75.001,224939,4
2024-12-16 03:54,Cigarettes After Sex,Heavenly,241210,cigarettes after sex - heavenly,368576,Cigarettes After Sex,Heavenly,1Bh0UzthW8pKEnYg7v40Oa,69,2019,ambient,0.539,0.431,8,-9.298,1,0.0249,0.628,0.653,0.11,0.122,105.156,288595,4
2024-12-16 05:01,Cults,Always Forever,112900,cults - always forever,87537,Cults,Always Forever,2enPRFda84VE2wtI8c86Uf,78,2013,indie-pop,0.174,0.742,8,-5.93,1,0.0485,0.00181,0.281,0.198,0.36,163.378,223747,4
2024-12-17 23:53,Cults,Always Forever,111945,cults - always forever,87537,Cults,Always Forever,2enPRFda84VE2wtI8c86Uf,78,2013,indie-pop,0.174,0.742,8,-5.93,1,0.0485,0.00181,0.281,0.198,0.36,163.378,223747,4
2024-12-19 01:51,The Neighbourhood,Compass,88664,the neighbourhood - compass,311053,The Neighbourhood,Compass,0YNtAadZvKBBEFARtfoCV8,69,2018,alt-rock,0.7,0.82,5,-5.499,0,0.0329,0.238,0.318,0.658,0.667,109.998,167960,4
2024-12-19 01:55,The Neighbourhood,Compass,79300,the neighbourhood - compass,311053,The Neighbourhood,Compass,0YNtAadZvKBBEFARtfoCV8,69,2018,alt-rock,0.7,0.82,5,-5.499,0,0.0329,0.238,0.318,0.658,0.667,109.998,167960,4
2024-12-19 01:59,The Neighbourhood,Softcore,206280,the neighbourhood - softcore,311042,The Neighbourhood,Softcore,2K7xn816oNHJZ0aVqdQsha,84,2018,alt-rock,0.575,0.568,9,-5.509,0,0.03,0.0484,0.000417,0.286,0.37,93.986,206280,4
2024-12-19 02:39,The Neighbourhood,Sweater Weather,69220,the neighbourhood - sweater weather,1800,The Neighbourhood,Sweater Weather,4pGqFOfzvfe6avb9kbZicC,60,2012,alt-rock,0.695,0.615,7,-5.325,0,0.042,0.15,0.000212,0.0879,0.414,124.015,240040,4
2024-12-20 00:35,The Neighbourhood,Sweater Weather,242710,the neighbourhood - sweater weather,1800,The Neighbourhood,Sweater Weather,4pGqFOfzvfe6avb9kbZicC,60,2012,alt-rock,0.695,0.615,7,-5.325,0,0.042,0.15,0.000212,0.0879,0.414,124.015,240040,4
2024-12-20 00:38,Arctic Monkeys,Arabella,207356,arctic monkeys - arabella,77595,Arctic Monkeys,Arabella,7nzsY8vlnKdvGOEE0rjAXZ,76,2013,garage,0.579,0.558,2,-6.986,1,0.0895,0.0202,1.26e-06,0.212,0.506,179.949,207357,4
2024-12-20 00:58,The Neighbourhood,Prey,282640,the neighbourhood - prey,162945,The Neighbourhood,Prey,38kjFXYgPvtuXCPbHPMGte,63,2015,alt-rock,0.517,0.779,9,-5.005,0,0.0477,0.0258,0.0,0.0622,0.197,115.206,282640,4
2024-12-20 01:02,The Neighbourhood,Sadderdaze,245826,the neighbourhood - sadderdaze,311120,The Neighbourhood,Sadderdaze,7sIYHDxjteT6RY29gAGzP2,57,2018,alt-rock,0.414,0.527,4,-4.749,0,0.0287,0.00971,5.05e-05,0.145,0.306,120.009,245827,4
2024-12-20 01:48,Chase Atlantic,The Walls,69602,chase atlantic - the walls,293625,Chase Atlantic,The Walls,5pXui9rkf5W90DgZobuDiK,62,2017,pop,0.357,0.704,0,-6.925,0,0.0828,0.326,1.54e-06,0.124,0.225,144.172,229840,4
2024-12-20 01:53,Ariana Grande,Side To Side,0,ariana grande - side to side,224460,Ariana Grande,Side To Side,43bCmCI0nSgcT7QdMXY6LV,67,2016,dance,0.65,0.736,6,-5.84,0,0.229,0.0528,0.0,0.235,0.613,159.173,226160,4
2024-12-20 01:53,Ariana Grande,Side To Side,1600,ariana grande - side to side,224460,Ariana Grande,Side To Side,43bCmCI0nSgcT7QdMXY6LV,67,2016,dance,0.65,0.736,6,-5.84,0,0.229,0.0528,0.0,0.235,0.613,159.173,226160,4
2024-12-20 01:53,Ariana Grande,Side To Side,252590,ariana grande - side to side,224460,Ariana Grande,Side To Side,43bCmCI0nSgcT7QdMXY6LV,67,2016,dance,0.65,0.736,6,-5.84,0,0.229,0.0528,0.0,0.235,0.613,159.173,226160,4
2024-12-20 01:57,Ariana Grande,34+35,173710,ariana grande - 34+35,433213,Ariana Grande,34+35,6Im9k8u9iIzKMrmV7BWtlF,78,2020,dance,0.83,0.585,0,-6.476,1,0.094,0.237,0.0,0.248,0.485,109.978,173711,4
2024-12-22 00:56,Chase Atlantic,HEAVEN AND BACK,248240,chase atlantic - heaven and back,406526,Chase Atlantic,HEAVEN AND BACK,5dewQ7ojISR32NAYNHFYWC,66,2019,pop,0.309,0.793,10,-6.195,0,0.0774,0.0902,0.092,0.0888,0.532,193.714,248240,4
2024-12-22 01:13,Arctic Monkeys,Why'd You Only Call Me When You're High?,161123,arctic monkeys - why'd you only call me when you're high?,77592,Arctic Monkeys,Why'd You Only Call Me When You're High?,086myS9r57YsLbJpU0TgK9,85,2013,garage,0.691,0.631,2,-6.478,1,0.0368,0.0483,1.13e-05,0.104,0.8,92.004,161124,4
2024-12-22 01:17,Cigarettes After Sex,Cry,256800,cigarettes after sex - cry,368575,Cigarettes After Sex,Cry,0Qr61NXlyAeQaADO5xn3rI,76,2019,ambient,0.409,0.399,7,-10.456,1,0.0275,0.763,0.654,0.112,0.161,142.823,256800,4
2024-12-22 01:20,Chase Atlantic,LUST,204106,chase atlantic - lust,406673,Chase Atlantic,LUST,51t7nQOI35g07O0z4fflO1,57,2019,pop,0.641,0.755,4,-6.274,1,0.244,0.018,0.000443,0.159,0.477,131.954,204107,4
2024-12-22 01:25,The Neighbourhood,Daddy Issues,260173,the neighbourhood - daddy issues,162916,The Neighbourhood,Daddy Issues,5E30LdtzQTGqRvNd7l6kG5,84,2015,alt-rock,0.588,0.521,10,-9.461,1,0.0329,0.0678,0.149,0.123,0.337,85.012,260173,4
2024-12-22 01:30,The Neighbourhood,Flawless,246493,the neighbourhood - flawless,56405,The Neighbourhood,Flawless,2Kt1XplPBQBsDKQDa6TssB,68,2013,alt-rock,0.568,0.871,0,-3.453,1,0.0308,0.0553,0.51,0.303,0.374,119.99,246493,4
2024-12-22 01:33,Chase Atlantic,Okay,212306,chase atlantic - okay,293566,Chase Atlantic,Okay,492PZFHvGTm3RZZYeeUVWT,67,2017,pop,0.614,0.815,0,-6.784,1,0.131,0.112,0.0,0.121,0.431,130.049,212307,4
2024-12-22 01:37,Chase Atlantic,OHMAMI,226835,chase atlantic - ohmami,515742,Chase Atlantic,OHMAMI,2zVaxB54fNngkbWs5uZnla,66,2021,pop,0.625,0.717,10,-5.796,0,0.121,0.0476,8.73e-05,0.277,0.398,126.004,226835,4
2024-12-22 01:40,The Neighbourhood,Softcore,206280,the neighbourhood - softcore,311042,The Neighbourhood,Softcore,2K7xn816oNHJZ0aVqdQsha,84,2018,alt-rock,0.575,0.568,9,-5.509,0,0.03,0.0484,0.000417,0.286,0.37,93.986,206280,4
2024-12-22 01:43,The Neighbourhood,Compass,167960,the neighbourhood - compass,311053,The Neighbourhood,Compass,0YNtAadZvKBBEFARtfoCV8,69,2018,alt-rock,0.7,0.82,5,-5.499,0,0.0329,0.238,0.318,0.658,0.667,109.998,167960,4
2024-12-22 03:24,Chase Atlantic,Meddle About,101964,chase atlantic - meddle about,197593,Chase Atlantic,Meddle About,1x5gfSHfhWpMFKKqbuDe9G,68,2015,pop,0.387,0.797,4,-6.41,0,0.052,0.00404,0.0108,0.314,0.369,159.897,203886,4
2024-12-22 11:35,Chase Atlantic,Meddle About,102183,chase atlantic - meddle about,197593,Chase Atlantic,Meddle About,1x5gfSHfhWpMFKKqbuDe9G,68,2015,pop,0.387,0.797,4,-6.41,0,0.052,0.00404,0.0108,0.314,0.369,159.897,203886,4
2024-12-22 11:35,Chase Atlantic,Swim,8929,chase atlantic - swim,293479,Chase Atlantic,Swim,3M0lSi5WW79CXQamgSBIjx,80,2017,pop,0.666,0.542,8,-6.429,1,0.0392,0.27,0.0,0.0765,0.0771,120.134,228787,4
2024-12-22 22:36,Arctic Monkeys,There’d Better Be A Mirrorball,87594,arctic monkeys - there’d better be a mirrorball,552581,Arctic Monkeys,There’d Better Be A Mirrorball,1zx6GSqLYI2ynzAHnPRKBR,65,2022,garage,0.521,0.365,3,-10.914,1,0.0317,0.626,0.012,0.185,0.324,143.789,265798,4
2024-12-26 04:22,Arctic Monkeys,There’d Better Be A Mirrorball,1642,arctic monkeys - there’d better be a mirrorball,552581,Arctic Monkeys,There’d Better Be A Mirrorball,1zx6GSqLYI2ynzAHnPRKBR,65,2022,garage,0.521,0.365,3,-10.914,1,0.0317,0.626,0.012,0.185,0.324,143.789,265798,4
2024-12-26 04:45,YOASOBI,怪物,2325,yoasobi - 怪物,515751,YOASOBI,怪物,06XQvnJb53SUYmlWIhUXUi,68,2021,pop,0.627,0.824,1,-3.419,1,0.118,0.0699,6.57e-05,0.31,0.774,169.935,206000,4
2025-01-03 08:52,Nick Jonas,Jealous,223106,nick jonas - jealous,174639,Nick Jonas,Jealous,2RqtfcLB7iOZj0zYB8Auhu,65,2015,edm,0.7,0.701,11,-3.834,0,0.161,0.013,0.0,0.461,0.38,93.012,223107,4
2025-01-03 08:55,One Direction,One Thing,188318,one direction - one thing,40367,One Direction,One Thing,5G2c6FsfTzgYUzageCmfXY,72,2012,pop,0.713,0.718,2,-3.806,1,0.0278,0.00233,0.0,0.0838,0.656,126.999,197600,4
2025-01-06 20:27,Conan Gray,The Cut That Always Bleeds,3776,conan gray - the cut that always bleeds,462080,Conan Gray,The Cut That Always Bleeds,7wTqEW5nrMhvyEhEyTnOMd,65,2020,pop,0.489,0.413,0,-6.499,1,0.0314,0.59,0.0,0.0639,0.246,136.116,231920,4
2025-01-06 20:27,Conan Gray,The Cut That Always Bleeds,6530,conan gray - the cut that always bleeds,462080,Conan Gray,The Cut That Always Bleeds,7wTqEW5nrMhvyEhEyTnOMd,65,2020,pop,0.489,0.413,0,-6.499,1,0.0314,0.59,0.0,0.0639,0.246,136.116,231920,4
2025-01-06 20:31,Laufey,Fragile,241080,laufey - fragile,577950,Laufey,Fragile,608wYP5XWenLz8cOSYjX7X,59,2022,singer-songwriter,0.361,0.413,3,-12.43,1,0.065,0.931,0.000179,0.231,0.336,149.301,241080,4
2025-01-06 20:36,Conan Gray,The Cut That Always Bleeds,231920,conan gray - the cut that always bleeds,462080,Conan Gray,The Cut That Always Bleeds,7wTqEW5nrMhvyEhEyTnOMd,65,2020,pop,0.489,0.413,0,-6.499,1,0.0314,0.59,0.0,0.0639,0.246,136.116,231920,4
2025-01-06 20:46,Lana Del Rey,"Once Upon a Dream - From ""Maleficent"" / Pop Version",203080,"lana del rey - once upon a dream - from ""maleficent"" / pop version",146828,Lana Del Rey,"Once Upon a Dream - From ""Maleficent"" / Pop Version",3liiZRlJxa8GeLUgWMoIeu,64,2014,pop,0.289,0.274,5,-16.574,1,0.0353,0.659,0.0166,0.109,0.167,119.997,203080,3
2025-01-06 20:53,Tinashe,2 On (feat. ScHoolboy Q),227000,tinashe - 2 on (feat. schoolboy q),119693,Tinashe,2 On (feat. ScHoolboy Q),3jVtllWS5CFFWLQng8sKsr,71,2014,dance,0.742,0.595,9,-7.51,1,0.107,0.15,0.0,0.111,0.431,101.013,227000,4
2025-01-06 20:59,Charlie Puth,We Don't Talk Anymore (feat. Selena Gomez),217706,charlie puth - we don't talk anymore (feat. selena gomez),224459,Charlie Puth,We Don't Talk Anymore (feat. Selena Gomez),37FXw5QGFN7uwwsLy8uAc0,68,2016,dance,0.728,0.563,1,-8.053,0,0.134,0.621,0.0,0.179,0.352,100.017,217707,4
2025-01-06 21:14,SZA,Snooze,201800,sza - snooze,569186,SZA,Snooze,4iZ4pt7kvcaH6Yo8UoZ4s2,90,2022,pop,0.559,0.551,5,-7.231,1,0.132,0.141,0.0,0.11,0.392,143.008,201800,4
2025-01-06 21:18,Taylor Swift,Fearless (Taylor’s Version),241591,taylor swift - fearless (taylor’s version),515625,Taylor Swift,Fearless (Taylor’s Version),77sMIMlNaSURUAXq5coCxE,71,2021,pop,0.569,0.741,5,-4.963,1,0.0282,0.0122,0.0,0.333,0.43,100.118,241592,4
2025-01-06 21:26,Taylor Swift,my tears ricochet,255893,taylor swift - my tears ricochet,462020,Taylor Swift,my tears ricochet,1MgV7FIyNxIG7WzMRJV5HC,74,2020,pop,0.456,0.263,0,-10.63,1,0.0332,0.806,0.0,0.0749,0.111,129.86,255894,4
2025-01-06 21:29,Olivia Rodrigo,happier,175933,olivia rodrigo - happier,515580,Olivia Rodrigo,happier,2tGvwE8GcFKwNdAXMnlbfl,82,2021,pop,0.395,0.443,6,-9.72,1,0.133,0.765,9.67e-06,0.0839,0.338,168.924,175933,3
2025-01-06 21:33,Ellie Goulding,My Blood,234184,ellie goulding - my blood,12165,Ellie Goulding,My Blood,6knYNyQupBIbBxV8TMOMYM,58,2012,dance,0.476,0.592,9,-5.283,0,0.029,0.556,0.0,0.281,0.306,87.003,234185,4
2025-01-06 21:37,Taylor Swift,You Belong With Me,231133,taylor swift - you belong with me,1238475,Taylor Swift,You Belong With Me,3GCL1PydwsLodcpv0Ll1ch,68,2008,pop,0.687,0.783,6,-4.44,1,0.0386,0.162,1.35e-05,0.114,0.443,129.964,231133,4
2025-01-06 21:49,Taylor Swift,Style,231000,taylor swift - style,146766,Taylor Swift,Style,4lIxdJw6W3Fg4vUIYCB0S5,74,2014,pop,0.598,0.786,2,-5.572,1,0.0383,0.00253,0.0016,0.117,0.456,95.019,231000,4
2025-01-06 21:55,Lana Del Rey,Brooklyn Baby,351640,lana del rey - brooklyn baby,146776,Lana Del Rey,Brooklyn Baby,1NZs6n6hl8UuMaX0UC0YTz,80,2014,pop,0.404,0.664,1,-6.698,1,0.0407,0.542,0.00402,0.11,0.0949,107.747,351640,4
2025-01-06 22:00,Adele,Skyfall,286480,adele - skyfall,40359,Adele,Skyfall,6VObnIkLVruX4UVyxWhlqm,76,2012,pop,0.346,0.552,0,-6.864,0,0.0282,0.417,0.0,0.114,0.0789,75.881,286480,4
2025-01-06 22:04,Ruth B.,Lost Boy,275280,ruth b. - lost boy,197564,Ruth B.,Lost Boy,4h0zU3O9R5xzuTmNO7dNDU,70,2015,pop,0.71,0.0565,7,-15.099,1,0.0534,0.965,0.0,0.0889,0.348,123.994,275280,4
2025-01-06 22:07,Taylor Swift,Midnight Rain,174782,taylor swift - midnight rain,569203,Taylor Swift,Midnight Rain,3rWDp9tBPQR9z6U5YyRSK4,83,2022,pop,0.643,0.363,0,-11.738,1,0.0767,0.69,5.17e-05,0.115,0.23,139.865,174783,4
2025-01-06 22:11,Lana Del Rey,Dark Paradise,243187,lana del rey - dark paradise,40368,Lana Del Rey,Dark Paradise,2Y115i0IhELJhyyftvoSFt,62,2012,pop,0.6,0.653,1,-8.309,0,0.0594,0.0953,0.0,0.122,0.43,119.994,243187,4
2025-01-06 22:16,Gwen Stefani,Luxurious,264920,gwen stefani - luxurious,931096,Gwen Stefani,Luxurious,3UQmoVQJqBYauTZLVPs3uo,62,2004,dance,0.811,0.726,0,-3.995,1,0.0813,0.154,0.0,0.116,0.666,131.027,264920,4
2025-01-06 22:19,Conan Gray,The Cut That Always Bleeds,231920,conan gray - the cut that always bleeds,462080,Conan Gray,The Cut That Always Bleeds,7wTqEW5nrMhvyEhEyTnOMd,65,2020,pop,0.489,0.413,0,-6.499,1,0.0314,0.59,0.0,0.0639,0.246,136.116,231920,4
2025-01-06 22:23,Joji,Glimpse of Us,233453,joji - glimpse of us,569204,Joji,Glimpse of Us,6xGruZOHLs39ZbVccQTuPZ,85,2022,pop,0.44,0.317,8,-9.258,1,0.0531,0.891,4.78e-06,0.141,0.268,169.914,233456,3
2025-01-07 00:17,Taylor Swift,All Of The Girls You Loved Before,221407,taylor swift - all of the girls you loved before,406371,Taylor Swift,All Of The Girls You Loved Before,4P9Q0GojKVXpRTJCaL3kyy,82,2019,pop,0.718,0.467,2,-9.66,1,0.0398,0.707,6.92e-05,0.126,0.396,95.96,221407,3
2025-01-07 00:22,Lana Del Rey,Art Deco,295066,lana del rey - art deco,197562,Lana Del Rey,Art Deco,5jqNQZBwbZWQXPWfo0ygZF,72,2015,pop,0.282,0.464,11,-11.112,0,0.0533,0.544,0.215,0.111,0.0596,148.345,295067,5
2025-01-07 00:27,Lana Del Rey,Cinnamon Girl,300683,lana del rey - cinnamon girl,406385,Lana Del Rey,Cinnamon Girl,2mdEsXPu8ZmkHRRtAdC09e,79,2019,pop,0.294,0.337,6,-10.614,0,0.036,0.814,0.414,0.14,0.135,91.781,300683,5
2025-01-07 00:31,d4vd,Here With Me,242484,d4vd - here with me,569188,d4vd,Here With Me,78Sw5GDo6AlGwTwanjXbGh,92,2022,pop,0.574,0.469,4,-8.209,1,0.0254,0.534,9.21e-05,0.128,0.288,132.023,242485,4
2025-01-07 00:34,Kali Uchis,Moonlight,106261,kali uchis - moonlight,612537,Kali Uchis,Moonlight,2i2gDpKKWjvnRTOZRhaPh2,78,2023,pop,0.639,0.723,7,-6.462,0,0.0532,0.511,0.0,0.167,0.878,136.872,187558,4
2025-01-07 00:36,d4vd,Romantic Homicide,132630,d4vd - romantic homicide,569185,d4vd,Romantic Homicide,1xK59OXxi2TAAAbmZK0kBL,90,2022,pop,0.571,0.544,6,-10.613,1,0.0299,0.453,0.00805,0.322,0.216,132.052,132631,4
2025-01-07 00:40,Chase Atlantic,Church,220000,chase atlantic - church,293564,Chase Atlantic,Church,7bbYT48HWWIbL3YKmtMNzn,68,2017,pop,0.556,0.824,5,-4.539,0,0.0548,0.0109,0.0,0.112,0.292,112.99,220000,4
2025-01-07 00:45,The Neighbourhood,The Shining,214693,the neighbourhood - the shining,423522,The Neighbourhood,The Shining,3m3ylOXgB3v9xmDSIJyx9S,57,2020,alt-rock,0.627,0.685,10,-6.871,1,0.0272,0.0534,0.756,0.096,0.552,96.989,214693,4
2025-01-07 00:52,The Neighbourhood,Prey,282640,the neighbourhood - prey,162945,The Neighbourhood,Prey,38kjFXYgPvtuXCPbHPMGte,63,2015,alt-rock,0.517,0.779,9,-5.005,0,0.0477,0.0258,0.0,0.0622,0.197,115.206,282640,4
2025-01-07 01:10,Cigarettes After Sex,Sunsetz,215150,cigarettes after sex - sunsetz,255747,Cigarettes After Sex,Sunsetz,69UqtTHfUKAJweQwEStRzC,77,2017,ambient,0.412,0.477,9,-9.381,0,0.029,0.0542,0.798,0.0975,0.141,75.302,214680,4
2025-01-07 01:14,Conan Gray,The Cut That Always Bleeds,231920,conan gray - the cut that always bleeds,462080,Conan Gray,The Cut That Always Bleeds,7wTqEW5nrMhvyEhEyTnOMd,65,2020,pop,0.489,0.413,0,-6.499,1,0.0314,0.59,0.0,0.0639,0.246,136.116,231920,4
2025-01-07 01:15,Arctic Monkeys,There’d Better Be A Mirrorball,64895,arctic monkeys - there’d better be a mirrorball,552581,Arctic Monkeys,There’d Better Be A Mirrorball,1zx6GSqLYI2ynzAHnPRKBR,65,2022,garage,0.521,0.365,3,-10.914,1,0.0317,0.626,0.012,0.185,0.324,143.789,265798,4
2025-01-07 01:28,The Neighbourhood,Devil's Advocate,100988,the neighbourhood - devil's advocate,423462,The Neighbourhood,Devil's Advocate,4XfI7M5gLwEY84gYiH4RDD,68,2020,alt-rock,0.662,0.681,11,-8.152,0,0.0315,0.0321,0.139,0.508,0.864,98.004,186307,4
2025-01-07 01:32,Conan Gray,The Cut That Always Bleeds,231920,conan gray - the cut that always bleeds,462080,Conan Gray,The Cut That Always Bleeds,7wTqEW5nrMhvyEhEyTnOMd,65,2020,pop,0.489,0.413,0,-6.499,1,0.0314,0.59,0.0,0.0639,0.246,136.116,231920,4
2025-01-07 06:01,Jamie Miller,Wishes,117731,jamie miller - wishes,580408,Jamie Miller,Wishes,1kSBUhFBZT6z62eTTjeJLi,60,2022,soul,0.468,0.447,1,-6.212,1,0.0453,0.48,0.0,0.115,0.137,71.821,239173,4
2025-01-07 06:02,Wanna One,Energetic,51968,wanna one - energetic,288475,Wanna One,Energetic,3NkkcnnKrNHv4AiGaPdD76,60,2017,k-pop,0.714,0.886,0,-3.076,1,0.0461,0.058,0.0,0.112,0.752,125.046,189356,4
2025-01-07 08:30,SEVENTEEN,VERY NICE,94762,seventeen - very nice,247533,SEVENTEEN,VERY NICE,1Rrj7KyS2R6SP9CQMDJW1w,70,2016,k-pop,0.746,0.898,3,-2.818,0,0.0725,0.0526,0.0,0.0858,0.879,121.967,192093,4
2025-01-07 19:48,SZA,Kill Bill,153946,sza - kill bill,569184,SZA,Kill Bill,1Qrg8KqiBpW07V7PNxwwwL,94,2022,pop,0.644,0.735,8,-5.747,1,0.0391,0.0521,0.144,0.161,0.418,88.98,153947,4
2025-01-07 19:52,Lana Del Rey,"Once Upon a Dream - From ""Maleficent"" / Pop Version",203080,"lana del rey - once upon a dream - from ""maleficent"" / pop version",146828,Lana Del Rey,"Once Upon a Dream - From ""Maleficent"" / Pop Version",3liiZRlJxa8GeLUgWMoIeu,64,2014,pop,0.289,0.274,5,-16.574,1,0.0353,0.659,0.0166,0.109,0.167,119.997,203080,3
2025-01-07 19:56,Lana Del Rey,Young And Beautiful,236053,lana del rey - young and beautiful,93567,Lana Del Rey,Young And Beautiful,2nMeu6UenVvwUktBCpLMK9,81,2013,pop,0.324,0.416,11,-8.92,0,0.0368,0.262,3.69e-05,0.11,0.151,113.986,236053,4
2025-01-07 20:13,Lana Del Rey,Dark Paradise,243187,lana del rey - dark paradise,40368,Lana Del Rey,Dark Paradise,2Y115i0IhELJhyyftvoSFt,62,2012,pop,0.6,0.653,1,-8.309,0,0.0594,0.0953,0.0,0.122,0.43,119.994,243187,4
2025-01-07 20:20,Katy Perry,Wide Awake,220946,katy perry - wide awake,12154,Katy Perry,Wide Awake,5JLv62qFIS1DR3zGEcApRt,68,2012,dance,0.514,0.683,5,-5.099,1,0.0367,0.0749,2.64e-06,0.392,0.575,159.814,220947,4
2025-01-07 20:32,Joji,Glimpse of Us,233453,joji - glimpse of us,569204,Joji,Glimpse of Us,6xGruZOHLs39ZbVccQTuPZ,85,2022,pop,0.44,0.317,8,-9.258,1,0.0531,0.891,4.78e-06,0.141,0.268,169.914,233456,3
2025-01-07 20:42,Taylor Swift,Daylight,293453,taylor swift - daylight,406418,Taylor Swift,Daylight,1fzAuUVbzlhZ1lJAx9PtY6,73,2019,pop,0.557,0.496,0,-9.602,1,0.0563,0.808,0.000173,0.0772,0.265,149.983,293453,4
2025-01-07 20:57,Sixpence None The Richer,Kiss Me,208680,sixpence none the richer - kiss me,901251,Sixpence None The Richer,Kiss Me,2aZ5oYPdDbLNRIUghXM9EV,39,2003,pop,0.475,0.898,3,-4.776,1,0.0442,0.00379,0.00108,0.082,0.351,100.127,199093,4
2025-01-07 21:06,Lana Del Rey,Ultraviolence,251480,lana del rey - ultraviolence,146806,Lana Del Rey,Ultraviolence,1y3r6RXiJZNBV1EI0NggpS,73,2014,pop,0.144,0.541,0,-7.076,1,0.038,0.278,1.01e-05,0.101,0.0899,79.262,251480,3
2025-01-07 21:16,Kali Uchis,Moonlight,187557,kali uchis - moonlight,612537,Kali Uchis,Moonlight,2i2gDpKKWjvnRTOZRhaPh2,78,2023,pop,0.639,0.723,7,-6.462,0,0.0532,0.511,0.0,0.167,0.878,136.872,187558,4
2025-01-08 00:18,Lana Del Rey,West Coast,238063,lana del rey - west coast,146772,Lana Del Rey,West Coast,5Y6nVaayzitvsD5F7nr3DV,81,2014,pop,0.527,0.591,6,-7.664,0,0.0396,0.194,0.0194,0.0907,0.461,123.167,256760,4
2025-01-08 00:21,Arctic Monkeys,Stop The World I Wanna Get Off With You,191040,arctic monkeys - stop the world i wanna get off with you,77598,Arctic Monkeys,Stop The World I Wanna Get Off With You,2QUlMbvD9bL8wHqfsoqoet,69,2013,garage,0.661,0.73,6,-6.779,0,0.0574,0.0537,3.44e-05,0.14,0.53,95.027,191040,4
2025-01-08 00:25,Chase Atlantic,Church,220000,chase atlantic - church,293564,Chase Atlantic,Church,7bbYT48HWWIbL3YKmtMNzn,68,2017,pop,0.556,0.824,5,-4.539,0,0.0548,0.0109,0.0,0.112,0.292,112.99,220000,4
2025-01-08 00:29,The Neighbourhood,Cherry Flavoured,208453,the neighbourhood - cherry flavoured,423465,The Neighbourhood,Cherry Flavoured,40iocOzytrqaRn5RbGPDNp,65,2020,alt-rock,0.617,0.574,6,-9.768,1,0.0276,0.23,0.0105,0.0983,0.396,91.769,208453,4
2025-01-08 00:36,Cigarettes After Sex,Cry,256800,cigarettes after sex - cry,368575,Cigarettes After Sex,Cry,0Qr61NXlyAeQaADO5xn3rI,76,2019,ambient,0.409,0.399,7,-10.456,1,0.0275,0.763,0.654,0.112,0.161,142.823,256800,4
2025-01-08 00:40,Cigarettes After Sex,Sunsetz,215150,cigarettes after sex - sunsetz,255747,Cigarettes After Sex,Sunsetz,69UqtTHfUKAJweQwEStRzC,77,2017,ambient,0.412,0.477,9,-9.381,0,0.029,0.0542,0.798,0.0975,0.141,75.302,214680,4
2025-01-08 00:48,The Neighbourhood,Flawless,246493,the neighbourhood - flawless,56405,The Neighbourhood,Flawless,2Kt1XplPBQBsDKQDa6TssB,68,2013,alt-rock,0.568,0.871,0,-3.453,1,0.0308,0.0553,0.51,0.303,0.374,119.99,246493,4
2025-01-08 00:52,The Neighbourhood,A Little Death,209706,the neighbourhood - a little death,1790,The Neighbourhood,A Little Death,0Ot6e3wYVQQ1Us9PM977jE,64,2012,alt-rock,0.53,0.763,6,-4.712,0,0.0332,0.0026,1.86e-06,0.105,0.338,88.013,209707,4
2025-01-08 01:04,Cigarettes After Sex,John Wayne,258483,cigarettes after sex - john wayne,255750,Cigarettes After Sex,John Wayne,5IonbH68pmDKBwcKlyswmR,65,2017,ambient,0.429,0.457,3,-8.375,1,0.0294,0.35,0.859,0.099,0.183,124.033,258013,4
2025-01-08 01:21,The Neighbourhood,Sweater Weather,240400,the neighbourhood - sweater weather,1800,The Neighbourhood,Sweater Weather,4pGqFOfzvfe6avb9kbZicC,60,2012,alt-rock,0.695,0.615,7,-5.325,0,0.042,0.15,0.000212,0.0879,0.414,124.015,240040,4
2025-01-08 01:24,Djo,End of Beginning,159245,djo - end of beginning,569335,Djo,End of Beginning,3qhlB30KknSejmIvZZLjOD,66,2022,pop,0.689,0.454,2,-7.643,1,0.0584,0.0351,0.00259,0.0707,0.912,159.982,159246,4
2025-01-08 01:35,The Neighbourhood,Prey,282640,the neighbourhood - prey,162945,The Neighbourhood,Prey,38kjFXYgPvtuXCPbHPMGte,63,2015,alt-rock,0.517,0.779,9,-5.005,0,0.0477,0.0258,0.0,0.0622,0.197,115.206,282640,4
2025-01-08 01:39,The Neighbourhood,Daddy Issues,260173,the neighbourhood - daddy issues,162916,The Neighbourhood,Daddy Issues,5E30LdtzQTGqRvNd7l6kG5,84,2015,alt-rock,0.588,0.521,10,-9.461,1,0.0329,0.0678,0.149,0.123,0.337,85.012,260173,4
2025-01-08 01:57,The Neighbourhood,Softcore,206280,the neighbourhood - softcore,311042,The Neighbourhood,Softcore,2K7xn816oNHJZ0aVqdQsha,84,2018,alt-rock,0.575,0.568,9,-5.509,0,0.03,0.0484,0.000417,0.286,0.37,93.986,206280,4
2025-01-08 02:02,The Neighbourhood,Fallen Star,224938,the neighbourhood - fallen star,478403,The Neighbourhood,Fallen Star,60F6pgM6H6miNr5AmjxwjL,68,2021,alt-rock,0.603,0.551,10,-6.259,0,0.0304,0.0696,0.0976,0.192,0.439,75.001,224939,4
2025-01-08 20:35,The Neighbourhood,Baby Came Home,80286,the neighbourhood - baby came home,1880,The Neighbourhood,Baby Came Home,3ypXE4brttsQR3OLLZbLZB,50,2012,alt-rock,0.639,0.571,0,-5.766,1,0.0284,0.0127,0.00283,0.0963,0.273,113.037,226893,4
2025-01-08 20:37,The Neighbourhood,Baby Came Home,146596,the neighbourhood - baby came home,1880,The Neighbourhood,Baby Came Home,3ypXE4brttsQR3OLLZbLZB,50,2012,alt-rock,0.639,0.571,0,-5.766,1,0.0284,0.0127,0.00283,0.0963,0.273,113.037,226893,4
2025-01-08 21:33,Gwen Stefani,Luxurious,264920,gwen stefani - luxurious,931096,Gwen Stefani,Luxurious,3UQmoVQJqBYauTZLVPs3uo,62,2004,dance,0.811,0.726,0,-3.995,1,0.0813,0.154,0.0,0.116,0.666,131.027,264920,4
2025-01-08 22:04,Lana Del Rey,West Coast,256760,lana del rey - west coast,146772,Lana Del Rey,West Coast,5Y6nVaayzitvsD5F7nr3DV,81,2014,pop,0.527,0.591,6,-7.664,0,0.0396,0.194,0.0194,0.0907,0.461,123.167,256760,4
2025-01-08 22:04,Taylor Swift,Gorgeous,10200,taylor swift - gorgeous,293486,Taylor Swift,Gorgeous,1ZY1PqizIl78geGM4xWlEA,77,2017,pop,0.8,0.535,7,-6.684,1,0.135,0.0713,9.48e-06,0.213,0.451,92.027,209680,4
2025-01-08 22:06,Taylor Swift,Anti-Hero,124170,taylor swift - anti-hero,569187,Taylor Swift,Anti-Hero,0V3wPSX9ygBnCm8psDIegu,92,2022,pop,0.637,0.643,4,-6.571,1,0.0519,0.13,1.8e-06,0.142,0.533,97.008,200690,4
2025-01-08 22:09,Laufey,Valentine,168906,laufey - valentine,577935,Laufey,Valentine,6cx5CvFhqN19efStehJqoW,72,2022,singer-songwriter,0.472,0.204,3,-13.065,1,0.0452,0.917,0.0,0.107,0.224,82.51,168907,4
2025-01-08 22:15,Lana Del Rey,Young And Beautiful,236053,lana del rey - young and beautiful,93567,Lana Del Rey,Young And Beautiful,2nMeu6UenVvwUktBCpLMK9,81,2013,pop,0.324,0.416,11,-8.92,0,0.0368,0.262,3.69e-05,0.11,0.151,113.986,236053,4
2025-01-08 22:23,Taylor Swift,Fearless (Taylor’s Version),241591,taylor swift - fearless (taylor’s version),515625,Taylor Swift,Fearless (Taylor’s Version),77sMIMlNaSURUAXq5coCxE,71,2021,pop,0.569,0.741,5,-4.963,1,0.0282,0.0122,0.0,0.333,0.43,100.118,241592,4
2025-01-08 23:33,Taylor Swift,my tears ricochet,255893,taylor swift - my tears ricochet,462020,Taylor Swift,my tears ricochet,1MgV7FIyNxIG7WzMRJV5HC,74,2020,pop,0.456,0.263,0,-10.63,1,0.0332,0.806,0.0,0.0749,0.111,129.86,255894,4
2025-01-08 23:35,Taylor Swift,Cruel Summer,86629,taylor swift - cruel summer,406369,Taylor Swift,Cruel Summer,1BxfuPKGuaTgP7aM0Bbdwr,83,2019,pop,0.552,0.702,9,-5.707,1,0.157,0.117,2.06e-05,0.105,0.564,169.994,178427,4
2025-01-08 23:38,Sixpence None The Richer,Kiss Me,208680,sixpence none the richer - kiss me,901251,Sixpence None The Richer,Kiss Me,2aZ5oYPdDbLNRIUghXM9EV,39,2003,pop,0.475,0.898,3,-4.776,1,0.0442,0.00379,0.00108,0.082,0.351,100.127,199093,4
2025-01-08 23:42,Taylor Swift,Style,231000,taylor swift - style,146766,Taylor Swift,Style,4lIxdJw6W3Fg4vUIYCB0S5,74,2014,pop,0.598,0.786,2,-5.572,1,0.0383,0.00253,0.0016,0.117,0.456,95.019,231000,4
2025-01-08 23:50,Sasha Alex Sloan,Dancing With Your Ghost,197732,sasha alex sloan - dancing with your ghost,384327,Sasha Alex Sloan,Dancing With Your Ghost,1TQXIltqoZ5XXyfCbAeSQQ,78,2019,electro,0.629,0.328,11,-8.284,1,0.029,0.768,2.5e-05,0.103,0.389,74.953,197732,4
2025-01-08 23:53,Olivia Rodrigo,deja vu,215506,olivia rodrigo - deja vu,515572,Olivia Rodrigo,deja vu,6HU7h9RYOaPRFeh0R3UeAr,83,2021,pop,0.442,0.612,2,-7.222,1,0.112,0.584,5.7e-06,0.37,0.178,180.917,215507,4
2025-01-08 23:54,Lana Del Rey,Radio,4040,lana del rey - radio,40378,Lana Del Rey,Radio,4PMdq7Q7xOFrY424ZelZEb,59,2012,pop,0.423,0.857,2,-5.173,1,0.0687,0.188,2.63e-05,0.105,0.196,75.024,214574,4
2025-01-08 23:54,Lana Del Rey,Radio,38534,lana del rey - radio,40378,Lana Del Rey,Radio,4PMdq7Q7xOFrY424ZelZEb,59,2012,pop,0.423,0.857,2,-5.173,1,0.0687,0.188,2.63e-05,0.105,0.196,75.024,214574,4
2025-01-08 23:57,One Direction,No Control,199720,one direction - no control,146818,One Direction,No Control,4JaLkM90MJutDAl5jD9BZX,69,2014,pop,0.558,0.916,1,-3.145,0,0.0839,0.0278,0.0,0.0296,0.85,142.984,199720,4
2025-01-09 00:06,One Direction,Wolves,241533,one direction - wolves,197660,One Direction,Wolves,4hJfmMjy3wFIOknfYwhouY,62,2015,pop,0.627,0.818,5,-4.243,1,0.057,0.114,0.0,0.0504,0.527,123.456,241533,4
2025-01-09 00:12,One Direction,Infinity,249602,one direction - infinity,197629,One Direction,Infinity,6N5xh0tYYLTQRiCCaNbAUt,65,2015,pop,0.537,0.705,4,-6.073,1,0.0337,0.0687,0.0,0.0842,0.32,131.965,249480,4
2025-01-09 00:16,One Direction,Stand Up,175093,one direction - stand up,40480,One Direction,Stand Up,147ximWPJObFNQ4M1AhFox,57,2012,pop,0.584,0.9,4,-3.637,1,0.0611,0.00646,0.0,0.267,0.893,125.007,175093,4
2025-01-09 00:19,One Direction,Diana,184666,one direction - diana,93621,One Direction,Diana,6twW4ma6w0mOeejejPK0nY,63,2013,pop,0.549,0.868,2,-4.319,1,0.0614,0.0604,0.0,0.137,0.755,171.96,184667,4
2025-01-09 00:27,One Direction,A.M.,124924,one direction - a.m.,197659,One Direction,A.M.,5omYVLodGmaxnhua99xIE8,63,2015,pop,0.586,0.527,3,-4.905,1,0.0309,0.227,0.0,0.0963,0.506,141.839,209040,4
2025-01-09 00:35,SiM,The Rumbling (TV Size),3270,sim - the rumbling (tv size),564991,SiM,The Rumbling (TV Size),0KCSJzsQVxkloxoT7dyrqV,64,2022,metal,0.408,0.875,8,-1.536,1,0.0546,1.68e-05,0.000101,0.264,0.646,144.975,90266,4
2025-01-09 00:35,Funguypiano,Outro: Lit (Koe no Katachi / A Silent Voice),117466,funguypiano - outro: lit (koe no katachi / a silent voice),349686,Funguypiano,Outro: Lit (Koe no Katachi / A Silent Voice),6AdeV3VPpFkENbymkFy0BS,30,2018,piano,0.312,0.157,1,-17.006,0,0.0532,0.907,0.901,0.122,0.0395,98.917,157750,3
2025-01-09 19:06,LiSA,crossing field,248946,lisa - crossing field,97071,LiSA,crossing field,4BvuZVf9KyBN3QiPfeI9hw,66,2013,rock,0.45,0.983,5,-2.246,1,0.282,0.0186,0.0,0.265,0.314,179.041,248947,4
2025-01-09 19:19,2PM,Take off,204000,2pm - take off,1443582,2PM,Take off,2dOsUDI94FXz3S9hKi0z9E,44,2011,k-pop,0.615,0.888,3,-4.79,1,0.0303,0.165,0.0,0.204,0.74,131.995,204000,4
2025-01-09 19:31,Eve,Kaikai Kitan,221426,eve - kaikai kitan,465452,Eve,Kaikai Kitan,6y4GYuZszeXNOXuBFsJlos,73,2020,rock,0.584,0.911,5,-3.515,0,0.09,0.0119,0.0,0.119,0.606,92.502,221426,4
2025-01-09 19:44,Kikuo,君はできない子,261600,kikuo - 君はできない子,72871,Kikuo,君はできない子,7corSqnjU5bX09ZXy3nhVD,61,2013,electro,0.681,0.839,9,-5.398,1,0.0286,0.0593,1.4e-05,0.119,0.758,128.018,261600,4
2025-01-09 19:48,amazarashi,空に歌えば,217626,amazarashi - 空に歌えば,293713,amazarashi,空に歌えば,3XKMO7tvyyUmxRvlJGhYQm,59,2017,pop,0.593,0.951,6,-1.335,0,0.0697,0.0142,1.13e-06,0.0961,0.64,102.04,217627,4
2025-01-09 19:57,Ikimonogakari,ブルーバード,215706,ikimonogakari - ブルーバード,1097434,Ikimonogakari,ブルーバード,2XpV9sHBexcNrz0Gyf3l18,67,2006,pop,0.536,0.966,6,-2.929,0,0.0558,0.121,0.0,0.0477,0.849,152.076,215707,4
2025-01-09 22:26,The Neighbourhood,Cherry Flavoured,208453,the neighbourhood - cherry flavoured,423465,The Neighbourhood,Cherry Flavoured,40iocOzytrqaRn5RbGPDNp,65,2020,alt-rock,0.617,0.574,6,-9.768,1,0.0276,0.23,0.0105,0.0983,0.396,91.769,208453,4
2025-01-09 22:31,The Neighbourhood,Reflections,244013,the neighbourhood - reflections,311045,The Neighbourhood,Reflections,2xql0pid3EUwW38AsywxhV,77,2018,alt-rock,0.648,0.594,11,-7.027,0,0.0293,0.114,0.0462,0.116,0.544,113.983,244013,4
2025-01-09 22:46,The Neighbourhood,Fallen Star,224938,the neighbourhood - fallen star,478403,The Neighbourhood,Fallen Star,60F6pgM6H6miNr5AmjxwjL,68,2021,alt-rock,0.603,0.551,10,-6.259,0,0.0304,0.0696,0.0976,0.192,0.439,75.001,224939,4
2025-01-09 22:50,Arctic Monkeys,She's Thunderstorms,38177,arctic monkeys - she's thunderstorms,1428149,Arctic Monkeys,She's Thunderstorms,5qm8ISXOho1EvFj6e4f4bG,46,2011,garage,0.505,0.898,7,-4.906,1,0.0329,0.000518,0.00236,0.173,0.731,118.929,234920,4
2025-01-09 22:50,Chase Atlantic,Swim,228786,chase atlantic - swim,293479,Chase Atlantic,Swim,3M0lSi5WW79CXQamgSBIjx,80,2017,pop,0.666,0.542,8,-6.429,1,0.0392,0.27,0.0,0.0765,0.0771,120.134,228787,4
2025-01-09 22:55,The Neighbourhood,Prey,282640,the neighbourhood - prey,162945,The Neighbourhood,Prey,38kjFXYgPvtuXCPbHPMGte,63,2015,alt-rock,0.517,0.779,9,-5.005,0,0.0477,0.0258,0.0,0.0622,0.197,115.206,282640,4
2025-01-09 23:02,Cigarettes After Sex,Falling In Love,245840,cigarettes after sex - falling in love,368577,Cigarettes After Sex,Falling In Love,4m1jesCFX1gQtIRFirfwCW,65,2019,ambient,0.482,0.267,7,-11.638,1,0.0262,0.722,0.02,0.125,0.347,140.617,245840,4
2025-01-09 23:12,The Neighbourhood,A Little Death,209706,the neighbourhood - a little death,1790,The Neighbourhood,A Little Death,0Ot6e3wYVQQ1Us9PM977jE,64,2012,alt-rock,0.53,0.763,6,-4.712,0,0.0332,0.0026,1.86e-06,0.105,0.338,88.013,209707,4
2025-01-09 23:22,Chase Atlantic,Friends,67023,chase atlantic - friends,197528,Chase Atlantic,Friends,2jQiSYrwJehQAcuaaQrXnS,79,2015,pop,0.422,0.609,11,-6.361,0,0.0335,0.0114,4.76e-06,0.108,0.0911,107.34,230011,3
2025-01-09 23:22,Cigarettes After Sex,Pure,2800,cigarettes after sex - pure,368590,Cigarettes After Sex,Pure,5EYkide3NzE6gDIHvd4Pvz,53,2019,ambient,0.521,0.211,6,-13.489,0,0.0324,0.544,0.836,0.101,0.0412,134.285,254627,3
2025-01-09 23:27,Arctic Monkeys,Do I Wanna Know?,272394,arctic monkeys - do i wanna know?,77593,Arctic Monkeys,Do I Wanna Know?,5FVd6KXrgO9B3JPmC8OPst,86,2013,garage,0.548,0.532,5,-7.596,1,0.0323,0.186,0.000263,0.217,0.405,85.03,272394,4
2025-01-10 00:04,Cigarettes After Sex,John Wayne,258483,cigarettes after sex - john wayne,255750,Cigarettes After Sex,John Wayne,5IonbH68pmDKBwcKlyswmR,65,2017,ambient,0.429,0.457,3,-8.375,1,0.0294,0.35,0.859,0.099,0.183,124.033,258013,4
2025-01-13 19:45,Cults,Always Forever,55622,cults - always forever,87537,Cults,Always Forever,2enPRFda84VE2wtI8c86Uf,78,2013,indie-pop,0.174,0.742,8,-5.93,1,0.0485,0.00181,0.281,0.198,0.36,163.378,223747,4
2025-01-13 19:49,Lana Del Rey,Diet Mountain Dew,222920,lana del rey - diet mountain dew,40357,Lana Del Rey,Diet Mountain Dew,6BFnRhvKCclDQOajt8dBGi,67,2012,pop,0.442,0.68,10,-5.971,0,0.0858,0.284,0.0,0.421,0.601,176.09,222920,4
2025-01-13 19:53,Taylor Swift,Fearless (Taylor’s Version),241591,taylor swift - fearless (taylor’s version),515625,Taylor Swift,Fearless (Taylor’s Version),77sMIMlNaSURUAXq5coCxE,71,2021,pop,0.569,0.741,5,-4.963,1,0.0282,0.0122,0.0,0.333,0.43,100.118,241592,4
2025-01-13 20:41,Sasha Alex Sloan,Dancing With Your Ghost,197732,sasha alex sloan - dancing with your ghost,384327,Sasha Alex Sloan,Dancing With Your Ghost,1TQXIltqoZ5XXyfCbAeSQQ,78,2019,electro,0.629,0.328,11,-8.284,1,0.029,0.768,2.5e-05,0.103,0.389,74.953,197732,4
2025-01-13 22:19,Taylor Swift,Love Story,235266,taylor swift - love story,1238481,Taylor Swift,Love Story,1vrd6UOGamcKNGnSHJQlSt,67,2008,pop,0.618,0.741,2,-3.95,1,0.031,0.17,0.0,0.0822,0.296,118.984,235267,4
2025-01-13 22:23,Lana Del Rey,Ultraviolence,251480,lana del rey - ultraviolence,146806,Lana Del Rey,Ultraviolence,1y3r6RXiJZNBV1EI0NggpS,73,2014,pop,0.144,0.541,0,-7.076,1,0.038,0.278,1.01e-05,0.101,0.0899,79.262,251480,3
2025-01-13 22:26,Justin Bieber,Ghost,153190,justin bieber - ghost,515568,Justin Bieber,Ghost,6I3mqTwhRpn34SLVafSH7G,85,2021,pop,0.601,0.741,2,-5.569,1,0.0478,0.185,2.91e-05,0.415,0.441,153.96,153190,4
2025-01-14 00:36,Taylor Swift,London Boy,190240,taylor swift - london boy,406414,Taylor Swift,London Boy,1LLXZFeAHK9R4xUramtUKw,73,2019,pop,0.695,0.71,1,-6.639,1,0.05,0.0246,0.000104,0.133,0.557,157.925,190240,4
2025-01-14 00:41,7!!,オレンジ,350106,7!! - オレンジ,297466,7!!,オレンジ,1iOQmZULzzkDN1hQZNoDii,49,2017,rock,0.4,0.563,7,-4.023,1,0.0319,0.194,0.0,0.162,0.311,172.027,350107,4
2025-01-14 00:53,Olivia Rodrigo,deja vu,215506,olivia rodrigo - deja vu,515572,Olivia Rodrigo,deja vu,6HU7h9RYOaPRFeh0R3UeAr,83,2021,pop,0.442,0.612,2,-7.222,1,0.112,0.584,5.7e-06,0.37,0.178,180.917,215507,4
2025-01-14 00:55,SZA,Kill Bill,153946,sza - kill bill,569184,SZA,Kill Bill,1Qrg8KqiBpW07V7PNxwwwL,94,2022,pop,0.644,0.735,8,-5.747,1,0.0391,0.0521,0.144,0.161,0.418,88.98,153947,4
2025-01-14 00:58,Taylor Swift,Cruel Summer,178426,taylor swift - cruel summer,406369,Taylor Swift,Cruel Summer,1BxfuPKGuaTgP7aM0Bbdwr,83,2019,pop,0.552,0.702,9,-5.707,1,0.157,0.117,2.06e-05,0.105,0.564,169.994,178427,4
2025-01-14 01:02,Taylor Swift,The Way I Loved You (Taylor’s Version),243136,taylor swift - the way i loved you (taylor’s version),515593,Taylor Swift,The Way I Loved You (Taylor’s Version),22bPsP2jCgbLUvh82U0Z3M,78,2021,pop,0.402,0.732,5,-4.665,1,0.0484,0.0033,0.0,0.108,0.472,161.032,243137,4
2025-01-14 01:07,Gwen Stefani,Luxurious,264920,gwen stefani - luxurious,931096,Gwen Stefani,Luxurious,3UQmoVQJqBYauTZLVPs3uo,62,2004,dance,0.811,0.726,0,-3.995,1,0.0813,0.154,0.0,0.116,0.666,131.027,264920,4
2025-01-14 01:10,Charlie Puth,We Don't Talk Anymore (feat. Selena Gomez),217706,charlie puth - we don't talk anymore (feat. selena gomez),224459,Charlie Puth,We Don't Talk Anymore (feat. Selena Gomez),37FXw5QGFN7uwwsLy8uAc0,68,2016,dance,0.728,0.563,1,-8.053,0,0.134,0.621,0.0,0.179,0.352,100.017,217707,4
2025-01-14 01:14,Katy Perry,Wide Awake,220946,katy perry - wide awake,12154,Katy Perry,Wide Awake,5JLv62qFIS1DR3zGEcApRt,68,2012,dance,0.514,0.683,5,-5.099,1,0.0367,0.0749,2.64e-06,0.392,0.575,159.814,220947,4
2025-01-14 01:18,ZAYN,I Don’t Wanna Live Forever (Fifty Shades Darker),247160,zayn - i don’t wanna live forever (fifty shades darker),264785,ZAYN,I Don’t Wanna Live Forever (Fifty Shades Darker),55n9yjI6qqXh5F2mYvUc2y,77,2017,dance,0.731,0.445,0,-8.418,1,0.0533,0.0586,1.96e-05,0.14,0.106,117.97,247160,4
2025-01-14 01:28,Lana Del Rey,Radio,214573,lana del rey - radio,40378,Lana Del Rey,Radio,4PMdq7Q7xOFrY424ZelZEb,59,2012,pop,0.423,0.857,2,-5.173,1,0.0687,0.188,2.63e-05,0.105,0.196,75.024,214574,4
2025-01-14 01:32,Taylor Swift,Wildest Dreams,220440,taylor swift - wildest dreams,146777,Taylor Swift,Wildest Dreams,59HjlYCeBsxdI0fcm3zglw,71,2014,pop,0.554,0.666,8,-7.414,1,0.0747,0.0702,0.00593,0.106,0.472,140.056,220440,4
2025-01-14 01:35,Katy Perry,Wide Awake,220946,katy perry - wide awake,12154,Katy Perry,Wide Awake,5JLv62qFIS1DR3zGEcApRt,68,2012,dance,0.514,0.683,5,-5.099,1,0.0367,0.0749,2.64e-06,0.392,0.575,159.814,220947,4
2025-01-14 01:38,Olivia Rodrigo,"All I Want - From ""High School Musical: The Musical: The Series""",177322,"olivia rodrigo - all i want - from ""high school musical: the musical: the series""",406403,Olivia Rodrigo,"All I Want - From ""High School Musical: The Musical: The Series""",4Yxc55NX3tAXC2mHRAhtcW,76,2019,pop,0.376,0.43,0,-6.585,0,0.0328,0.0902,0.0,0.0912,0.129,77.599,177323,3
2025-01-14 02:14,Lana Del Rey,Cinnamon Girl,300683,lana del rey - cinnamon girl,406385,Lana Del Rey,Cinnamon Girl,2mdEsXPu8ZmkHRRtAdC09e,79,2019,pop,0.294,0.337,6,-10.614,0,0.036,0.814,0.414,0.14,0.135,91.781,300683,5
2025-01-14 02:19,Taylor Swift,Daylight,293453,taylor swift - daylight,406418,Taylor Swift,Daylight,1fzAuUVbzlhZ1lJAx9PtY6,73,2019,pop,0.557,0.496,0,-9.602,1,0.0563,0.808,0.000173,0.0772,0.265,149.983,293453,4
2025-01-14 20:25,Olivia Rodrigo,happier,175933,olivia rodrigo - happier,515580,Olivia Rodrigo,happier,2tGvwE8GcFKwNdAXMnlbfl,82,2021,pop,0.395,0.443,6,-9.72,1,0.133,0.765,9.67e-06,0.0839,0.338,168.924,175933,3
2025-01-14 20:44,Lana Del Rey,Dark Paradise,103200,lana del rey - dark paradise,40368,Lana Del Rey,Dark Paradise,2Y115i0IhELJhyyftvoSFt,62,2012,pop,0.6,0.653,1,-8.309,0,0.0594,0.0953,0.0,0.122,0.43,119.994,243187,4
2025-01-14 20:51,The Neighbourhood,A Little Death,209706,the neighbourhood - a little death,1790,The Neighbourhood,A Little Death,0Ot6e3wYVQQ1Us9PM977jE,64,2012,alt-rock,0.53,0.763,6,-4.712,0,0.0332,0.0026,1.86e-06,0.105,0.338,88.013,209707,4
2025-01-14 20:56,Chase Atlantic,Tidal Wave,243670,chase atlantic - tidal wave,350373,Chase Atlantic,Tidal Wave,2b2lL6iY3x1CSOv7QQbp8R,60,2018,pop,0.599,0.609,4,-5.14,1,0.052,0.565,2.11e-05,0.137,0.383,123.967,243707,4
2025-01-14 20:59,Chase Atlantic,Swim,228786,chase atlantic - swim,293479,Chase Atlantic,Swim,3M0lSi5WW79CXQamgSBIjx,80,2017,pop,0.666,0.542,8,-6.429,1,0.0392,0.27,0.0,0.0765,0.0771,120.134,228787,4
2025-01-14 21:07,The Neighbourhood,Afraid,251186,the neighbourhood - afraid,56398,The Neighbourhood,Afraid,7brQHA2CgQpcMBiOlfiXYb,74,2013,alt-rock,0.464,0.701,6,-5.693,0,0.0411,0.00892,0.309,0.335,0.356,83.996,251187,4
2025-01-14 21:13,Arctic Monkeys,505,253586,arctic monkeys - 505,1145378,Arctic Monkeys,505,58ge6dfP91o9oXMzq3XkIS,80,2007,garage,0.52,0.852,0,-5.866,1,0.0543,0.00237,5.79e-05,0.0733,0.234,140.267,253587,4
2025-01-14 21:17,The Neighbourhood,The Beach,255133,the neighbourhood - the beach,162917,The Neighbourhood,The Beach,2u0CelO5c81XS7z3dGpHbS,75,2015,alt-rock,0.245,0.64,2,-7.426,0,0.0608,0.131,8.11e-06,0.0766,0.105,135.739,255133,4
2025-01-14 21:21,The Neighbourhood,Nervous,245000,the neighbourhood - nervous,311055,The Neighbourhood,Nervous,113xf7t4qNM7038YJvauik,67,2018,alt-rock,0.589,0.614,0,-7.528,0,0.0426,0.0213,0.165,0.31,0.318,119.837,245000,4
2025-01-14 21:26,The Neighbourhood,W.D.Y.W.F.M?,259413,the neighbourhood - w.d.y.w.f.m?,56407,The Neighbourhood,W.D.Y.W.F.M?,3vooOYHU0Fi3ViCG7Ozh0Y,65,2013,alt-rock,0.557,0.845,8,-2.926,0,0.0346,0.0303,0.00851,0.354,0.508,123.997,259413,4
2025-01-14 21:30,Cigarettes After Sex,Each Time You Fall in Love,290630,cigarettes after sex - each time you fall in love,255751,Cigarettes After Sex,Each Time You Fall In Love,6YbqjyoqQx9p13IndkOzeP,63,2017,ambient,0.383,0.534,10,-8.829,1,0.0277,0.468,0.676,0.14,0.276,76.046,290160,4
2025-01-14 21:34,The Neighbourhood,You Get Me So High,153000,the neighbourhood - you get me so high,311043,The Neighbourhood,You Get Me So High,7zwn1eykZtZ5LODrf7c0tS,81,2018,alt-rock,0.551,0.881,7,-6.099,0,0.0542,0.186,0.0791,0.152,0.387,88.036,153000,4
2025-01-14 21:38,The Neighbourhood,Sweater Weather,240400,the neighbourhood - sweater weather,1800,The Neighbourhood,Sweater Weather,4pGqFOfzvfe6avb9kbZicC,60,2012,alt-rock,0.695,0.615,7,-5.325,0,0.042,0.15,0.000212,0.0879,0.414,124.015,240040,4
2025-01-14 21:51,The Neighbourhood,Baby Came Home 2 / Valentines,390493,the neighbourhood - baby came home 2 / valentines,162929,The Neighbourhood,Baby Came Home 2 / Valentines,40gvh6jP5qxMJuMmF9lG9A,67,2015,alt-rock,0.21,0.499,2,-9.754,0,0.0485,0.0687,0.00315,0.773,0.108,74.094,390493,4
2025-01-14 22:03,The Neighbourhood,Leaving Tonight,203866,the neighbourhood - leaving tonight,1840,The Neighbourhood,Leaving Tonight,6C0T7QMpmeDoDkke32Ctqb,54,2012,alt-rock,0.566,0.681,9,-5.443,0,0.0299,0.0149,0.0,0.104,0.187,119.916,203880,4
2025-01-14 22:07,The Neighbourhood,Softcore,206280,the neighbourhood - softcore,311042,The Neighbourhood,Softcore,2K7xn816oNHJZ0aVqdQsha,84,2018,alt-rock,0.575,0.568,9,-5.509,0,0.03,0.0484,0.000417,0.286,0.37,93.986,206280,4
2025-01-14 22:12,The Neighbourhood,Cry Baby,235160,the neighbourhood - cry baby,162920,The Neighbourhood,Cry Baby,0EfsDEYaSjGYd66Pr881nq,73,2015,alt-rock,0.581,0.656,4,-4.891,0,0.0294,0.00269,2.78e-06,0.101,0.338,108.033,235160,4
2025-01-14 22:15,ELIO,hurts 2 hate somebody (with Chase Atlantic & No Rome),186665,elio - hurts 2 hate somebody (with chase atlantic & no rome),488289,ELIO,hurts 2 hate somebody (with Chase Atlantic & No Rome),2EKo5WC2LX4fiplTWan5Rl,54,2021,dance,0.623,0.683,7,-3.512,1,0.0437,0.0995,0.0,0.372,0.747,90.021,186665,4
2025-01-14 22:19,The Neighbourhood,Daddy Issues,260173,the neighbourhood - daddy issues,162916,The Neighbourhood,Daddy Issues,5E30LdtzQTGqRvNd7l6kG5,84,2015,alt-rock,0.588,0.521,10,-9.461,1,0.0329,0.0678,0.149,0.123,0.337,85.012,260173,4
2025-01-14 22:23,Chase Atlantic,OHMAMI,226835,chase atlantic - ohmami,515742,Chase Atlantic,OHMAMI,2zVaxB54fNngkbWs5uZnla,66,2021,pop,0.625,0.717,10,-5.796,0,0.121,0.0476,8.73e-05,0.277,0.398,126.004,226835,4
2025-01-14 22:27,The Neighbourhood,Scary Love,222666,the neighbourhood - scary love,311068,The Neighbourhood,Scary Love,6TA5aymvVrtiPVbuAwmPIc,65,2018,alt-rock,0.595,0.636,5,-5.981,0,0.0312,9.45e-05,0.0529,0.196,0.147,112.008,222667,4
2025-01-14 22:31,Cigarettes After Sex,Pure,254626,cigarettes after sex - pure,368590,Cigarettes After Sex,Pure,5EYkide3NzE6gDIHvd4Pvz,53,2019,ambient,0.521,0.211,6,-13.489,0,0.0324,0.544,0.836,0.101,0.0412,134.285,254627,3
2025-01-14 22:34,Arctic Monkeys,Why'd You Only Call Me When You're High?,161123,arctic monkeys - why'd you only call me when you're high?,77592,Arctic Monkeys,Why'd You Only Call Me When You're High?,086myS9r57YsLbJpU0TgK9,85,2013,garage,0.691,0.631,2,-6.478,1,0.0368,0.0483,1.13e-05,0.104,0.8,92.004,161124,4
2025-01-14 22:37,Arctic Monkeys,R U Mine?,201726,arctic monkeys - r u mine?,23776,Arctic Monkeys,R U Mine?,6XnNiyYTxhxuC0zpP22M7C,34,2012,garage,0.52,0.785,6,-4.765,0,0.0329,0.0468,0.0,0.698,0.679,96.996,200188,4
2025-01-14 22:47,Chase Atlantic,LIKE A ROCKSTAR,208111,chase atlantic - like a rockstar,406638,Chase Atlantic,LIKE A ROCKSTAR,1e5Zf1EU0TAitK207VOUY7,59,2019,pop,0.58,0.611,8,-6.33,0,0.0646,0.331,0.0,0.0982,0.463,81.55,208112,4
2025-01-14 22:51,Arctic Monkeys,There’d Better Be A Mirrorball,265798,arctic monkeys - there’d better be a mirrorball,552581,Arctic Monkeys,There’d Better Be A Mirrorball,1zx6GSqLYI2ynzAHnPRKBR,65,2022,garage,0.521,0.365,3,-10.914,1,0.0317,0.626,0.012,0.185,0.324,143.789,265798,4
2025-01-14 22:56,Cigarettes After Sex,Heavenly,286773,cigarettes after sex - heavenly,368576,Cigarettes After Sex,Heavenly,1Bh0UzthW8pKEnYg7v40Oa,69,2019,ambient,0.539,0.431,8,-9.298,1,0.0249,0.628,0.653,0.11,0.122,105.156,288595,4
2025-01-14 23:00,Chase Atlantic,Church,220000,chase atlantic - church,293564,Chase Atlantic,Church,7bbYT48HWWIbL3YKmtMNzn,68,2017,pop,0.556,0.824,5,-4.539,0,0.0548,0.0109,0.0,0.112,0.292,112.99,220000,4
2025-01-15 00:35,Cigarettes After Sex,Sunsetz,43556,cigarettes after sex - sunsetz,255747,Cigarettes After Sex,Sunsetz,69UqtTHfUKAJweQwEStRzC,77,2017,ambient,0.412,0.477,9,-9.381,0,0.029,0.0542,0.798,0.0975,0.141,75.302,214680,4
2025-01-15 00:52,Chase Atlantic,Meddle About,203886,chase atlantic - meddle about,197593,Chase Atlantic,Meddle About,1x5gfSHfhWpMFKKqbuDe9G,68,2015,pop,0.387,0.797,4,-6.41,0,0.052,0.00404,0.0108,0.314,0.369,159.897,203886,4
2025-01-15 00:55,The Neighbourhood,Compass,167960,the neighbourhood - compass,311053,The Neighbourhood,Compass,0YNtAadZvKBBEFARtfoCV8,69,2018,alt-rock,0.7,0.82,5,-5.499,0,0.0329,0.238,0.318,0.658,0.667,109.998,167960,4
2025-01-15 01:09,The Neighbourhood,Flawless,246493,the neighbourhood - flawless,56405,The Neighbourhood,Flawless,2Kt1XplPBQBsDKQDa6TssB,68,2013,alt-rock,0.568,0.871,0,-3.453,1,0.0308,0.0553,0.51,0.303,0.374,119.99,246493,4
2025-01-15 02:20,Arctic Monkeys,Knee Socks,257563,arctic monkeys - knee socks,77596,Arctic Monkeys,Knee Socks,2LGdO5MtFdyphi2EihANZG,74,2013,garage,0.665,0.542,11,-8.323,0,0.033,0.123,0.00291,0.342,0.587,97.975,257563,4
2025-01-15 10:00,Djo,End of Beginning,17712,djo - end of beginning,569335,Djo,End of Beginning,3qhlB30KknSejmIvZZLjOD,66,2022,pop,0.689,0.454,2,-7.643,1,0.0584,0.0351,0.00259,0.0707,0.912,159.982,159246,4
2025-01-15 18:47,Djo,End of Beginning,141790,djo - end of beginning,569335,Djo,End of Beginning,3qhlB30KknSejmIvZZLjOD,66,2022,pop,0.689,0.454,2,-7.643,1,0.0584,0.0351,0.00259,0.0707,0.912,159.982,159246,4
2025-01-15 18:58,Cigarettes After Sex,You're the Only Good Thing In My Life,209774,cigarettes after sex - you're the only good thing in my life,368583,Cigarettes After Sex,You're the Only Good Thing in My Life,69BeOEL0DFLwA3WplXJxX5,59,2019,ambient,0.462,0.288,5,-11.199,1,0.0288,0.781,0.756,0.131,0.0589,130.164,275187,4
2025-01-15 19:03,Yoshiki,Red Swan,263720,yoshiki - red swan,350328,Yoshiki,Red Swan,0zvN9oq95bIEQjvfcdeZlX,63,2018,pop,0.275,0.782,10,-4.689,1,0.0467,0.0521,2.25e-06,0.331,0.154,131.744,263720,4
2025-01-15 19:17,Brian the Sun,HEROES,181360,brian the sun - heroes,297389,Brian the Sun,HEROES,32CwLhZJBa6C5Q0bJe0Q47,53,2017,rock,0.526,0.94,2,-3.864,1,0.066,0.00742,0.0,0.268,0.574,99.058,181360,4
2025-01-15 19:49,Eve,Kaikai Kitan,221426,eve - kaikai kitan,465452,Eve,Kaikai Kitan,6y4GYuZszeXNOXuBFsJlos,73,2020,rock,0.584,0.911,5,-3.515,0,0.09,0.0119,0.0,0.119,0.606,92.502,221426,4
2025-01-15 19:52,See Siang Wong,"One Summer's Day (From ""Spirited Away"")",86443,"see siang wong - one summer's day (from ""spirited away"")",116298,See Siang Wong,"One Summer's Day (From ""Spirited Away"")",7hAq2u4izUTrPO3jtAq398,32,2014,classical,0.332,0.136,0,-20.818,1,0.0616,0.994,0.857,0.113,0.0538,182.103,186307,4
2025-01-15 19:56,UVERworld,Touch off,258706,uverworld - touch off,410209,UVERworld,Touch off,7CSTVNXkW2AbmNktlP1hi2,60,2019,rock,0.411,0.894,4,-3.815,0,0.0465,2.36e-05,0.000447,0.447,0.195,99.607,258707,4
2025-01-15 20:01,Shinsei Kamattechan,Boku no Sensou,280466,shinsei kamattechan - boku no sensou,478410,Shinsei Kamattechan,Boku no Sensou,3KhwEuqLNjHfsKaBDo1yVh,65,2021,alt-rock,0.473,0.936,2,-4.877,1,0.0704,0.00916,0.0422,0.31,0.416,144.014,280467,4
2025-01-15 20:08,Dempagumi.Inc,Ψです I LIKE YOU,227973,dempagumi.inc - ψです i like you,215328,Dempagumi.Inc,Ψです I LIKE YOU,5zwhs3vsW6LMsD0JIDUujL,38,2016,alt-rock,0.72,0.977,9,-1.483,1,0.0887,0.0417,0.0,0.284,0.659,110.056,227973,4
2025-01-15 20:19,Hello Sleepwalkers,Goya No Machiawase,170640,hello sleepwalkers - goya no machiawase,146896,Hello Sleepwalkers,Goya No Machiawase,5s0AxcVJJD2YYPstMb61ro,58,2014,pop,0.406,0.959,0,-3.014,1,0.0952,0.000891,0.0,0.327,0.571,94.277,170640,4
2025-01-15 20:27,UVERworld,CORE PRIDE,258693,uverworld - core pride,1451128,UVERworld,CORE PRIDE,55n4sFy8tjysBcCjQFwX3A,57,2011,pop,0.482,0.97,2,-3.131,0,0.193,0.005,0.0,0.233,0.441,92.513,258693,4
2025-01-15 20:33,KANA-BOON,スターマーカー (Album Mix),213640,kana-boon - スターマーカー (album mix),573083,KANA-BOON,スターマーカー (Album Mix),6NAtVhZ5LrvoKy2Gijr5gj,56,2022,rock,0.502,0.872,4,-3.449,1,0.0421,0.0107,0.0,0.313,0.808,134.047,213640,4
2025-01-15 23:26,ALI,Wild Side,23379,ali - wild side,417516,ALI,Wild Side,2RSPQJ483jRL1KNtMuKqgh,60,2019,soul,0.616,0.923,8,-4.718,1,0.108,0.0107,0.0035,0.341,0.713,134.081,158500,4
2025-01-15 23:28,ALI,Wild Side,135132,ali - wild side,417516,ALI,Wild Side,2RSPQJ483jRL1KNtMuKqgh,60,2019,soul,0.616,0.923,8,-4.718,1,0.108,0.0107,0.0035,0.341,0.713,134.081,158500,4
2025-01-15 23:39,Cigarettes After Sex,Sweet,6180,cigarettes after sex - sweet,255748,Cigarettes After Sex,Sweet,3VSYkAf6f46i5ZkXOHORq1,72,2017,ambient,0.448,0.511,6,-9.084,1,0.0274,0.362,0.823,0.129,0.112,96.321,291640,4
2025-01-15 23:41,Arctic Monkeys,Baby I'm Yours,152613,arctic monkeys - baby i'm yours,1076412,Arctic Monkeys,Baby I'm Yours,6FLqFu1ApSkUddZ9P4H6Io,58,2006,garage,0.462,0.595,2,-9.363,1,0.0347,0.215,0.0,0.184,0.64,113.719,152613,4
2025-01-15 23:45,Cults,Always Forever,223746,cults - always forever,87537,Cults,Always Forever,2enPRFda84VE2wtI8c86Uf,78,2013,indie-pop,0.174,0.742,8,-5.93,1,0.0485,0.00181,0.281,0.198,0.36,163.378,223747,4
2025-01-15 23:54,The Neighbourhood,Flawless,246493,the neighbourhood - flawless,56405,The Neighbourhood,Flawless,2Kt1XplPBQBsDKQDa6TssB,68,2013,alt-rock,0.568,0.871,0,-3.453,1,0.0308,0.0553,0.51,0.303,0.374,119.99,246493,4
2025-01-16 00:10,Cigarettes After Sex,Each Time You Fall in Love,266886,cigarettes after sex - each time you fall in love,255751,Cigarettes After Sex,Each Time You Fall In Love,6YbqjyoqQx9p13IndkOzeP,63,2017,ambient,0.383,0.534,10,-8.829,1,0.0277,0.468,0.676,0.14,0.276,76.046,290160,4
2025-01-16 00:13,One Direction,Home,194906,one direction - home,1380607,One Direction,Home,5UcphALlWd7sBBySclJvAi,61,2010,pop,0.42,0.867,9,-5.397,1,0.0853,0.0115,0.0,0.0851,0.63,78.814,194907,4
2025-01-16 00:25,One Direction,Little Things,219040,one direction - little things,40372,One Direction,Little Things,0TAmnCzOtqRfvA38DDLTjj,73,2012,pop,0.709,0.22,7,-11.856,1,0.0327,0.811,0.0,0.175,0.53,110.076,219040,4
2025-01-16 00:35,One Direction,Stockholm Syndrome,214720,one direction - stockholm syndrome,146830,One Direction,Stockholm Syndrome,6AzCBeiDuUXGXjznBufswB,66,2014,pop,0.678,0.933,2,-4.959,1,0.14,0.0734,0.0,0.0863,0.336,120.572,214720,4
2025-01-16 00:39,One Direction,Hey Angel,240000,one direction - hey angel,197717,One Direction,Hey Angel,4fLTtg48X0QtKrj0Jv8I3v,60,2015,pop,0.523,0.883,8,-2.956,1,0.0365,0.0202,0.0,0.116,0.35,92.215,240000,4
2025-01-16 00:43,One Direction,I Should Have Kissed You,215933,one direction - i should have kissed you,40513,One Direction,I Should Have Kissed You,4yVPaA6DOfwbqZIQNv4G5U,57,2012,pop,0.495,0.966,3,-2.284,1,0.114,0.017,0.0,0.606,0.553,139.931,215933,4
2025-01-16 00:55,One Direction,You & I,237933,one direction - you & i,93584,One Direction,You & I,2afCBiru10AFckfOa49wIa,75,2013,pop,0.574,0.329,1,-6.829,1,0.0274,0.22,0.0,0.0986,0.356,130.993,237933,4
2025-01-16 01:07,One Direction,Infinity,249480,one direction - infinity,197629,One Direction,Infinity,6N5xh0tYYLTQRiCCaNbAUt,65,2015,pop,0.537,0.705,4,-6.073,1,0.0337,0.0687,0.0,0.0842,0.32,131.965,249480,4
2025-01-18 09:39,One Direction,Girl Almighty,126516,one direction - girl almighty,146858,One Direction,Girl Almighty,5UgsZiYk1lkEobuPHmRtWm,63,2014,pop,0.508,0.895,9,-3.745,1,0.0414,0.0424,0.0,0.198,0.495,168.941,201853,4
2025-01-18 09:47,The Neighbourhood,Reflections,10904,the neighbourhood - reflections,311045,The Neighbourhood,Reflections,2xql0pid3EUwW38AsywxhV,77,2018,alt-rock,0.648,0.594,11,-7.027,0,0.0293,0.114,0.0462,0.116,0.544,113.983,244013,4
2025-01-20 19:35,beabadoobee,Glue Song,135066,beabadoobee - glue song,606469,beabadoobee,Glue Song,3iBgrkexCzVuPy4O9vx7Mf,82,2023,indie-pop,0.62,0.409,1,-10.146,1,0.0282,0.77,0.0542,0.105,0.582,113.946,135067,3
2025-01-20 19:43,Taylor Swift,Lover,1790,taylor swift - lover,406372,Taylor Swift,Lover,1dGr1c8CrMLDpV6mPbImSI,83,2019,pop,0.359,0.543,7,-7.582,1,0.0919,0.492,1.58e-05,0.118,0.453,68.534,221307,4
2025-01-20 19:43,beabadoobee,Glue Song,840,beabadoobee - glue song,606469,beabadoobee,Glue Song,3iBgrkexCzVuPy4O9vx7Mf,82,2023,indie-pop,0.62,0.409,1,-10.146,1,0.0282,0.77,0.0542,0.105,0.582,113.946,135067,3
2025-01-20 19:46,beabadoobee,Glue Song,135066,beabadoobee - glue song,606469,beabadoobee,Glue Song,3iBgrkexCzVuPy4O9vx7Mf,82,2023,indie-pop,0.62,0.409,1,-10.146,1,0.0282,0.77,0.0542,0.105,0.582,113.946,135067,3
2025-01-20 19:54,Taylor Swift,Lover,221306,taylor swift - lover,406372,Taylor Swift,Lover,1dGr1c8CrMLDpV6mPbImSI,83,2019,pop,0.359,0.543,7,-7.582,1,0.0919,0.492,1.58e-05,0.118,0.453,68.534,221307,4
2025-01-20 19:59,Taylor Swift,Back To December,293026,taylor swift - back to december,1380399,Taylor Swift,Back To December,3DrjZArsPsoqbLzUZZV1Id,67,2010,pop,0.529,0.67,2,-4.663,1,0.0303,0.117,0.0,0.334,0.286,141.893,293027,4
2025-01-20 20:03,Taylor Swift,Don’t Blame Me,236413,taylor swift - don’t blame me,293464,Taylor Swift,Don’t Blame Me,1R0a2iXumgCiFb7HEZ7gUE,85,2017,pop,0.615,0.534,9,-6.719,0,0.0386,0.106,1.76e-05,0.0607,0.193,135.917,236413,4
2025-01-20 20:08,Lana Del Rey,Sad Girl,317760,lana del rey - sad girl,146791,Lana Del Rey,Sad Girl,11MyiSGZSYSmhhqwGUTtAq,75,2014,pop,0.345,0.587,5,-8.346,1,0.0364,0.539,0.0731,0.119,0.258,119.479,317760,4
2025-01-20 20:22,beabadoobee,the perfect pair,177533,beabadoobee - the perfect pair,561972,beabadoobee,the perfect pair,41P6Tnd8KIHqON0QIydx6a,78,2022,indie-pop,0.634,0.663,11,-6.818,1,0.0331,0.433,0.124,0.102,0.6,146.053,177533,4
2025-01-20 20:31,Taylor Swift,Daylight,293453,taylor swift - daylight,406418,Taylor Swift,Daylight,1fzAuUVbzlhZ1lJAx9PtY6,73,2019,pop,0.557,0.496,0,-9.602,1,0.0563,0.808,0.000173,0.0772,0.265,149.983,293453,4
2025-01-20 20:40,Lana Del Rey,Million Dollar Man,230120,lana del rey - million dollar man,40394,Lana Del Rey,Million Dollar Man,4lXHVnmDO5u62tGJIpTafd,53,2012,pop,0.382,0.589,6,-5.991,1,0.0359,0.484,0.0,0.131,0.511,65.627,231574,4
2025-01-20 20:44,Laufey,Valentine,168906,laufey - valentine,577935,Laufey,Valentine,6cx5CvFhqN19efStehJqoW,72,2022,singer-songwriter,0.472,0.204,3,-13.065,1,0.0452,0.917,0.0,0.107,0.224,82.51,168907,4
2025-01-20 20:49,Adele,Skyfall,286480,adele - skyfall,40359,Adele,Skyfall,6VObnIkLVruX4UVyxWhlqm,76,2012,pop,0.346,0.552,0,-6.864,0,0.0282,0.417,0.0,0.114,0.0789,75.881,286480,4
2025-01-20 20:52,Sabrina Carpenter,Looking at Me,181120,sabrina carpenter - looking at me,377696,Sabrina Carpenter,Looking at Me,59tskctgqUmjCWAwhzYAFm,71,2019,dance,0.681,0.798,2,-4.367,1,0.0375,0.00398,5.11e-06,0.0542,0.516,105.99,181120,4
2025-01-20 21:00,Sabrina Carpenter,Feather,162735,sabrina carpenter - feather,591140,Sabrina Carpenter,Feather,2Zo1PcszsT9WQ0ANntJbID,67,2023,dance,0.787,0.686,6,-4.37,0,0.0339,0.0893,0.0,0.0927,0.836,123.51,185553,4
2025-01-20 21:06,The Neighbourhood,Baby Came Home 2 / Valentines,390493,the neighbourhood - baby came home 2 / valentines,162929,The Neighbourhood,Baby Came Home 2 / Valentines,40gvh6jP5qxMJuMmF9lG9A,67,2015,alt-rock,0.21,0.499,2,-9.754,0,0.0485,0.0687,0.00315,0.773,0.108,74.094,390493,4
2025-01-20 21:10,The Neighbourhood,A Little Death,209706,the neighbourhood - a little death,1790,The Neighbourhood,A Little Death,0Ot6e3wYVQQ1Us9PM977jE,64,2012,alt-rock,0.53,0.763,6,-4.712,0,0.0332,0.0026,1.86e-06,0.105,0.338,88.013,209707,4
2025-01-20 21:14,The Neighbourhood,Alleyways,267853,the neighbourhood - alleyways,56435,The Neighbourhood,Alleyways,4V37tyDu9CtqYshvrgLke4,59,2013,alt-rock,0.622,0.831,5,-4.819,0,0.0273,0.00102,0.803,0.119,0.363,101.03,267853,4
2025-01-20 21:18,The Neighbourhood,Afraid,251186,the neighbourhood - afraid,56398,The Neighbourhood,Afraid,7brQHA2CgQpcMBiOlfiXYb,74,2013,alt-rock,0.464,0.701,6,-5.693,0,0.0411,0.00892,0.309,0.335,0.356,83.996,251187,4
2025-01-20 21:25,Djo,End of Beginning,159245,djo - end of beginning,569335,Djo,End of Beginning,3qhlB30KknSejmIvZZLjOD,66,2022,pop,0.689,0.454,2,-7.643,1,0.0584,0.0351,0.00259,0.0707,0.912,159.982,159246,4
2025-01-20 21:29,Cigarettes After Sex,Pure,254626,cigarettes after sex - pure,368590,Cigarettes After Sex,Pure,5EYkide3NzE6gDIHvd4Pvz,53,2019,ambient,0.521,0.211,6,-13.489,0,0.0324,0.544,0.836,0.101,0.0412,134.285,254627,3
2025-01-20 22:27,Arctic Monkeys,Cornerstone,197973,arctic monkeys - cornerstone,1286929,Arctic Monkeys,Cornerstone,3MC4XRbQADJdW9IIIwbe2u,53,2009,garage,0.287,0.721,9,-5.81,1,0.0387,0.00764,0.0,0.328,0.763,169.252,197973,4
2025-01-21 01:11,The Neighbourhood,Flawless,246493,the neighbourhood - flawless,56405,The Neighbourhood,Flawless,2Kt1XplPBQBsDKQDa6TssB,68,2013,alt-rock,0.568,0.871,0,-3.453,1,0.0308,0.0553,0.51,0.303,0.374,119.99,246493,4
2025-01-21 01:29,Arctic Monkeys,Do I Wanna Know?,272394,arctic monkeys - do i wanna know?,77593,Arctic Monkeys,Do I Wanna Know?,5FVd6KXrgO9B3JPmC8OPst,86,2013,garage,0.548,0.532,5,-7.596,1,0.0323,0.186,0.000263,0.217,0.405,85.03,272394,4
2025-01-21 05:26,The Neighbourhood,Sweater Weather,240400,the neighbourhood - sweater weather,1800,The Neighbourhood,Sweater Weather,4pGqFOfzvfe6avb9kbZicC,60,2012,alt-rock,0.695,0.615,7,-5.325,0,0.042,0.15,0.000212,0.0879,0.414,124.015,240040,4
2025-01-21 05:30,Chase Atlantic,Swim,228786,chase atlantic - swim,293479,Chase Atlantic,Swim,3M0lSi5WW79CXQamgSBIjx,80,2017,pop,0.666,0.542,8,-6.429,1,0.0392,0.27,0.0,0.0765,0.0771,120.134,228787,4
2025-01-21 05:58,Chase Atlantic,Drugs & Money - New Mix,239921,chase atlantic - drugs & money - new mix,293587,Chase Atlantic,Drugs & Money - New Mix,4SRyrhBJ5mq8fEa3bsdZn6,65,2017,pop,0.629,0.735,11,-4.826,1,0.0599,0.2,0.0,0.243,0.477,123.996,239922,4
2025-01-21 06:01,Cigarettes After Sex,K.,158375,cigarettes after sex - k.,215605,Cigarettes After Sex,K.,36Zs84njjWZD3TGYE77WPC,47,2016,ambient,0.454,0.404,3,-10.26,1,0.027,0.146,0.819,0.141,0.313,94.113,319560,4
2025-01-21 06:04,The Neighbourhood,You Get Me So High,153000,the neighbourhood - you get me so high,311043,The Neighbourhood,You Get Me So High,7zwn1eykZtZ5LODrf7c0tS,81,2018,alt-rock,0.551,0.881,7,-6.099,0,0.0542,0.186,0.0791,0.152,0.387,88.036,153000,4
2025-01-21 06:08,Arctic Monkeys,She's Thunderstorms,234920,arctic monkeys - she's thunderstorms,1428149,Arctic Monkeys,She's Thunderstorms,5qm8ISXOho1EvFj6e4f4bG,46,2011,garage,0.505,0.898,7,-4.906,1,0.0329,0.000518,0.00236,0.173,0.731,118.929,234920,4
2025-01-21 20:54,Arctic Monkeys,Why'd You Only Call Me When You're High?,161123,arctic monkeys - why'd you only call me when you're high?,77592,Arctic Monkeys,Why'd You Only Call Me When You're High?,086myS9r57YsLbJpU0TgK9,85,2013,garage,0.691,0.631,2,-6.478,1,0.0368,0.0483,1.13e-05,0.104,0.8,92.004,161124,4
2025-01-21 21:08,Cigarettes After Sex,Heavenly,286773,cigarettes after sex - heavenly,368576,Cigarettes After Sex,Heavenly,1Bh0UzthW8pKEnYg7v40Oa,69,2019,ambient,0.539,0.431,8,-9.298,1,0.0249,0.628,0.653,0.11,0.122,105.156,288595,4
2025-01-21 21:12,Chase Atlantic,Into It,196767,chase atlantic - into it,293490,Chase Atlantic,Into It,4HwDCXsMBC7SUdp2WT4MZP,77,2017,pop,0.518,0.572,10,-6.706,0,0.0416,0.0503,2.41e-05,0.129,0.291,130.053,196767,4
2025-01-21 21:22,The Neighbourhood,Female Robbery,209520,the neighbourhood - female robbery,2046,The Neighbourhood,Female Robbery,7e8bQb1csn5WvpOc4b5PJg,40,2012,alt-rock,0.403,0.888,7,-3.382,0,0.0413,0.056,0.00161,0.0682,0.391,176.483,206813,4
2025-01-21 21:25,Chase Atlantic,LUST,204106,chase atlantic - lust,406673,Chase Atlantic,LUST,51t7nQOI35g07O0z4fflO1,57,2019,pop,0.641,0.755,4,-6.274,1,0.244,0.018,0.000443,0.159,0.477,131.954,204107,4
2025-01-21 21:43,The Neighbourhood,The Beach,255133,the neighbourhood - the beach,162917,The Neighbourhood,The Beach,2u0CelO5c81XS7z3dGpHbS,75,2015,alt-rock,0.245,0.64,2,-7.426,0,0.0608,0.131,8.11e-06,0.0766,0.105,135.739,255133,4
2025-01-21 21:52,Chase Atlantic,Okay,187556,chase atlantic - okay,293566,Chase Atlantic,Okay,492PZFHvGTm3RZZYeeUVWT,67,2017,pop,0.614,0.815,0,-6.784,1,0.131,0.112,0.0,0.121,0.431,130.049,212307,4
2025-01-21 21:58,Charlie Puth,One Call Away,194453,charlie puth - one call away,224474,Charlie Puth,One Call Away,7soJgKhQTO8hLP2JPRkL5O,64,2016,dance,0.667,0.613,1,-5.353,1,0.0344,0.403,0.0,0.115,0.47,91.024,194453,4
2025-01-21 22:17,Taylor Swift,Bejeweled,194165,taylor swift - bejeweled,569211,Taylor Swift,Bejeweled,3qoftcUZaUOncvIYjFSPdE,80,2022,pop,0.696,0.559,7,-9.19,1,0.0693,0.0618,5.58e-05,0.0887,0.433,163.999,194166,4
2025-01-21 22:23,Taylor Swift,All Too Well (Taylor's Version),329160,taylor swift - all too well (taylor's version),515629,Taylor Swift,All Too Well (Taylor's Version),3nsfB1vus2qaloUdcBZvDu,71,2021,pop,0.44,0.528,0,-7.809,1,0.0317,0.0171,0.00203,0.234,0.132,185.972,329160,4
2025-01-21 22:26,Taylor Swift,The Man,190360,taylor swift - the man,406380,Taylor Swift,The Man,3RauEVgRgj1IuWdJ9fDs70,78,2019,pop,0.777,0.658,0,-5.191,1,0.054,0.0767,0.0,0.0901,0.633,110.048,190360,4
2025-01-21 22:32,Taylor Swift,illicit affairs,190898,taylor swift - illicit affairs,462035,Taylor Swift,illicit affairs,2NmsngXHeC1GQ9wWrzhOMf,71,2020,pop,0.559,0.31,10,-10.445,1,0.0338,0.881,0.0,0.106,0.46,119.845,190898,4
2025-01-21 22:38,Olivia Rodrigo,"jealousy, jealousy",173160,"olivia rodrigo - jealousy, jealousy",515579,Olivia Rodrigo,"jealousy, jealousy",0MMyJUC3WNnFS1lit5pTjk,80,2021,pop,0.695,0.575,10,-6.334,0,0.116,0.198,0.0,0.0614,0.699,163.929,173160,4
2025-01-21 22:41,Kali Uchis,Moonlight,187557,kali uchis - moonlight,612537,Kali Uchis,Moonlight,2i2gDpKKWjvnRTOZRhaPh2,78,2023,pop,0.639,0.723,7,-6.462,0,0.0532,0.511,0.0,0.167,0.878,136.872,187558,4
2025-01-21 22:45,Taylor Swift,Speak Now,240760,taylor swift - speak now,1380435,Taylor Swift,Speak Now,24DefNCFiWTP8OjYWiXuYe,62,2010,pop,0.709,0.599,7,-3.734,1,0.0304,0.095,0.0,0.0973,0.735,118.975,240760,4
2025-01-21 22:50,The 1975,About You,326490,the 1975 - about you,531980,The 1975,About You,1fDFHXcykq4iw8Gg7s5hG9,81,2022,alt-rock,0.416,0.762,2,-7.385,1,0.0279,0.312,0.804,0.0559,0.461,95.967,326491,4
2025-01-21 22:54,Taylor Swift,Wildest Dreams,220440,taylor swift - wildest dreams,146777,Taylor Swift,Wildest Dreams,59HjlYCeBsxdI0fcm3zglw,71,2014,pop,0.554,0.666,8,-7.414,1,0.0747,0.0702,0.00593,0.106,0.472,140.056,220440,4
2025-01-21 22:57,Taylor Swift,The Archer,211240,taylor swift - the archer,406406,Taylor Swift,The Archer,3pHkh7d0lzM2AldUtz2x37,73,2019,pop,0.292,0.574,0,-9.375,1,0.0401,0.12,0.00569,0.0663,0.166,124.344,211240,4
2025-01-21 23:02,Lana Del Rey,Art Deco,295066,lana del rey - art deco,197562,Lana Del Rey,Art Deco,5jqNQZBwbZWQXPWfo0ygZF,72,2015,pop,0.282,0.464,11,-11.112,0,0.0533,0.544,0.215,0.111,0.0596,148.345,295067,5
2025-01-21 23:09,Lana Del Rey,Pretty When You Cry,234146,lana del rey - pretty when you cry,146790,Lana Del Rey,Pretty When You Cry,6PnluwP0fjGnpIBsqTdUTq,74,2014,pop,0.509,0.547,10,-6.548,0,0.0417,0.399,0.0,0.215,0.197,109.436,234147,4
2025-01-21 23:12,Sixpence None The Richer,Kiss Me,208680,sixpence none the richer - kiss me,901251,Sixpence None The Richer,Kiss Me,2aZ5oYPdDbLNRIUghXM9EV,39,2003,pop,0.475,0.898,3,-4.776,1,0.0442,0.00379,0.00108,0.082,0.351,100.127,199093,4
2025-01-21 23:20,Ruth B.,Lost Boy,275280,ruth b. - lost boy,197564,Ruth B.,Lost Boy,4h0zU3O9R5xzuTmNO7dNDU,70,2015,pop,0.71,0.0565,7,-15.099,1,0.0534,0.965,0.0,0.0889,0.348,123.994,275280,4
2025-01-21 23:23,Lana Del Rey,Diet Mountain Dew,189981,lana del rey - diet mountain dew,40357,Lana Del Rey,Diet Mountain Dew,6BFnRhvKCclDQOajt8dBGi,67,2012,pop,0.442,0.68,10,-5.971,0,0.0858,0.284,0.0,0.421,0.601,176.09,222920,4
2025-01-21 23:27,Cigarettes After Sex,Cry,256800,cigarettes after sex - cry,368575,Cigarettes After Sex,Cry,0Qr61NXlyAeQaADO5xn3rI,76,2019,ambient,0.409,0.399,7,-10.456,1,0.0275,0.763,0.654,0.112,0.161,142.823,256800,4
2025-01-22 00:27,Arctic Monkeys,I Wanna Be Yours,183956,arctic monkeys - i wanna be yours,77591,Arctic Monkeys,I Wanna Be Yours,5XeFesFbtLpXzIVDNQP22n,91,2013,garage,0.464,0.417,0,-9.345,0,0.0256,0.136,0.022,0.0974,0.479,67.528,183956,4
2025-01-22 00:35,Arctic Monkeys,No. 1 Party Anthem,243131,arctic monkeys - no. 1 party anthem,77597,Arctic Monkeys,No. 1 Party Anthem,5TTGoX70AFrTvuEtqHK37S,69,2013,garage,0.505,0.698,0,-5.563,1,0.0297,0.33,0.0887,0.0966,0.599,115.013,243132,4
2025-01-22 00:40,Chase Atlantic,Friends,230010,chase atlantic - friends,197528,Chase Atlantic,Friends,2jQiSYrwJehQAcuaaQrXnS,79,2015,pop,0.422,0.609,11,-6.361,0,0.0335,0.0114,4.76e-06,0.108,0.0911,107.34,230011,3
2025-01-22 00:45,The Neighbourhood,Nervous,245000,the neighbourhood - nervous,311055,The Neighbourhood,Nervous,113xf7t4qNM7038YJvauik,67,2018,alt-rock,0.589,0.614,0,-7.528,0,0.0426,0.0213,0.165,0.31,0.318,119.837,245000,4
2025-01-22 00:49,Cigarettes After Sex,John Wayne,238017,cigarettes after sex - john wayne,255750,Cigarettes After Sex,John Wayne,5IonbH68pmDKBwcKlyswmR,65,2017,ambient,0.429,0.457,3,-8.375,1,0.0294,0.35,0.859,0.099,0.183,124.033,258013,4
2025-01-22 00:56,Chase Atlantic,Vibes,216217,chase atlantic - vibes,197787,Chase Atlantic,Vibes,0AIRuNLJPz613ByB1k2W5o,56,2015,pop,0.494,0.88,9,-5.064,1,0.0545,0.0192,0.0,0.187,0.344,100.023,216217,4
2025-01-22 01:01,Cigarettes After Sex,Apocalypse,290616,cigarettes after sex - apocalypse,255746,Cigarettes After Sex,Apocalypse,3AVrVz5rK8Hrqo9YGiVGN5,81,2017,ambient,0.369,0.467,5,-9.018,1,0.0274,0.0194,0.46,0.109,0.174,94.473,290147,4
2025-01-22 01:11,The Neighbourhood,Fallen Star,224938,the neighbourhood - fallen star,478403,The Neighbourhood,Fallen Star,60F6pgM6H6miNr5AmjxwjL,68,2021,alt-rock,0.603,0.551,10,-6.259,0,0.0304,0.0696,0.0976,0.192,0.439,75.001,224939,4
2025-01-22 01:15,Chase Atlantic,HEAVEN AND BACK,248240,chase atlantic - heaven and back,406526,Chase Atlantic,HEAVEN AND BACK,5dewQ7ojISR32NAYNHFYWC,66,2019,pop,0.309,0.793,10,-6.195,0,0.0774,0.0902,0.092,0.0888,0.532,193.714,248240,4
2025-01-22 01:19,Arctic Monkeys,Arabella,207356,arctic monkeys - arabella,77595,Arctic Monkeys,Arabella,7nzsY8vlnKdvGOEE0rjAXZ,76,2013,garage,0.579,0.558,2,-6.986,1,0.0895,0.0202,1.26e-06,0.212,0.506,179.949,207357,4
2025-01-22 01:24,Cigarettes After Sex,Each Time You Fall in Love,290630,cigarettes after sex - each time you fall in love,255751,Cigarettes After Sex,Each Time You Fall In Love,6YbqjyoqQx9p13IndkOzeP,63,2017,ambient,0.383,0.534,10,-8.829,1,0.0277,0.468,0.676,0.14,0.276,76.046,290160,4
2025-01-22 01:27,Chase Atlantic,HER,169720,chase atlantic - her,406529,Chase Atlantic,HER,5i7g9wTIruXgWKvA83BXlk,64,2019,pop,0.706,0.586,5,-5.404,0,0.066,0.106,5.43e-06,0.169,0.689,139.984,169714,4
2025-01-22 01:31,Cults,Always Forever,223746,cults - always forever,87537,Cults,Always Forever,2enPRFda84VE2wtI8c86Uf,78,2013,indie-pop,0.174,0.742,8,-5.93,1,0.0485,0.00181,0.281,0.198,0.36,163.378,223747,4
2025-01-22 01:35,Cigarettes After Sex,Heavenly,286773,cigarettes after sex - heavenly,368576,Cigarettes After Sex,Heavenly,1Bh0UzthW8pKEnYg7v40Oa,69,2019,ambient,0.539,0.431,8,-9.298,1,0.0249,0.628,0.653,0.11,0.122,105.156,288595,4
2025-01-22 01:39,Chase Atlantic,The Walls,229840,chase atlantic - the walls,293625,Chase Atlantic,The Walls,5pXui9rkf5W90DgZobuDiK,62,2017,pop,0.357,0.704,0,-6.925,0,0.0828,0.326,1.54e-06,0.124,0.225,144.172,229840,4
2025-01-22 01:41,d4vd,Romantic Homicide,132630,d4vd - romantic homicide,569185,d4vd,Romantic Homicide,1xK59OXxi2TAAAbmZK0kBL,90,2022,pop,0.571,0.544,6,-10.613,1,0.0299,0.453,0.00805,0.322,0.216,132.052,132631,4
2025-01-22 01:50,The Neighbourhood,Prey,282640,the neighbourhood - prey,162945,The Neighbourhood,Prey,38kjFXYgPvtuXCPbHPMGte,63,2015,alt-rock,0.517,0.779,9,-5.005,0,0.0477,0.0258,0.0,0.0622,0.197,115.206,282640,4
2025-01-22 01:55,Arctic Monkeys,505,253586,arctic monkeys - 505,1145378,Arctic Monkeys,505,58ge6dfP91o9oXMzq3XkIS,80,2007,garage,0.52,0.852,0,-5.866,1,0.0543,0.00237,5.79e-05,0.0733,0.234,140.267,253587,4
2025-01-22 02:09,Chase Atlantic,Meddle About,203886,chase atlantic - meddle about,197593,Chase Atlantic,Meddle About,1x5gfSHfhWpMFKKqbuDe9G,68,2015,pop,0.387,0.797,4,-6.41,0,0.052,0.00404,0.0108,0.314,0.369,159.897,203886,4
2025-01-22 07:16,Chase Atlantic,Tidal Wave,107525,chase atlantic - tidal wave,350373,Chase Atlantic,Tidal Wave,2b2lL6iY3x1CSOv7QQbp8R,60,2018,pop,0.599,0.609,4,-5.14,1,0.052,0.565,2.11e-05,0.137,0.383,123.967,243707,4
2025-01-22 18:24,Chase Atlantic,Tidal Wave,136395,chase atlantic - tidal wave,350373,Chase Atlantic,Tidal Wave,2b2lL6iY3x1CSOv7QQbp8R,60,2018,pop,0.599,0.609,4,-5.14,1,0.052,0.565,2.11e-05,0.137,0.383,123.967,243707,4
2025-01-22 19:00,The Neighbourhood,Baby Came Home 2 / Valentines,296257,the neighbourhood - baby came home 2 / valentines,162929,The Neighbourhood,Baby Came Home 2 / Valentines,40gvh6jP5qxMJuMmF9lG9A,67,2015,alt-rock,0.21,0.499,2,-9.754,0,0.0485,0.0687,0.00315,0.773,0.108,74.094,390493,4
2025-01-22 20:15,Taylor Swift,All Of The Girls You Loved Before,221407,taylor swift - all of the girls you loved before,406371,Taylor Swift,All Of The Girls You Loved Before,4P9Q0GojKVXpRTJCaL3kyy,82,2019,pop,0.718,0.467,2,-9.66,1,0.0398,0.707,6.92e-05,0.126,0.396,95.96,221407,3
2025-01-22 20:19,Taylor Swift,Safe & Sound - from The Hunger Games Soundtrack,240066,taylor swift - safe & sound - from the hunger games soundtrack,40377,Taylor Swift,Safe & Sound - from The Hunger Games Soundtrack,0z9UVN8VBHJ9HdfYsOuuNf,64,2012,pop,0.471,0.3,7,-10.807,1,0.028,0.883,1.05e-05,0.0698,0.289,144.319,240067,4
2025-01-22 20:25,Lana Del Rey,Brooklyn Baby,351640,lana del rey - brooklyn baby,146776,Lana Del Rey,Brooklyn Baby,1NZs6n6hl8UuMaX0UC0YTz,80,2014,pop,0.404,0.664,1,-6.698,1,0.0407,0.542,0.00402,0.11,0.0949,107.747,351640,4
2025-01-22 20:29,Lana Del Rey,Chemtrails Over The Country Club,271176,lana del rey - chemtrails over the country club,515662,Lana Del Rey,Chemtrails Over The Country Club,7bPWdJgx8vek7S5i5yAtvG,70,2021,pop,0.334,0.276,4,-13.125,0,0.0643,0.877,0.000249,0.113,0.429,201.025,271177,3
2025-01-23 05:00,Lana Del Rey,Cinnamon Girl,174522,lana del rey - cinnamon girl,406385,Lana Del Rey,Cinnamon Girl,2mdEsXPu8ZmkHRRtAdC09e,79,2019,pop,0.294,0.337,6,-10.614,0,0.036,0.814,0.414,0.14,0.135,91.781,300683,5
2025-01-23 05:04,The Neighbourhood,W.D.Y.W.F.M?,259413,the neighbourhood - w.d.y.w.f.m?,56407,The Neighbourhood,W.D.Y.W.F.M?,3vooOYHU0Fi3ViCG7Ozh0Y,65,2013,alt-rock,0.557,0.845,8,-2.926,0,0.0346,0.0303,0.00851,0.354,0.508,123.997,259413,4
2025-01-23 05:08,Chase Atlantic,OHMAMI,226835,chase atlantic - ohmami,515742,Chase Atlantic,OHMAMI,2zVaxB54fNngkbWs5uZnla,66,2021,pop,0.625,0.717,10,-5.796,0,0.121,0.0476,8.73e-05,0.277,0.398,126.004,226835,4
2025-01-23 05:16,Arctic Monkeys,She's Thunderstorms,234920,arctic monkeys - she's thunderstorms,1428149,Arctic Monkeys,She's Thunderstorms,5qm8ISXOho1EvFj6e4f4bG,46,2011,garage,0.505,0.898,7,-4.906,1,0.0329,0.000518,0.00236,0.173,0.731,118.929,234920,4
2025-01-23 05:20,Cigarettes After Sex,Falling In Love,244873,cigarettes after sex - falling in love,368577,Cigarettes After Sex,Falling In Love,4m1jesCFX1gQtIRFirfwCW,65,2019,ambient,0.482,0.267,7,-11.638,1,0.0262,0.722,0.02,0.125,0.347,140.617,245840,4
2025-01-23 05:37,Cigarettes After Sex,Pure,254626,cigarettes after sex - pure,368590,Cigarettes After Sex,Pure,5EYkide3NzE6gDIHvd4Pvz,53,2019,ambient,0.521,0.211,6,-13.489,0,0.0324,0.544,0.836,0.101,0.0412,134.285,254627,3
2025-01-23 05:41,Chase Atlantic,Numb to the Feeling,227586,chase atlantic - numb to the feeling,350308,Chase Atlantic,Numb to the Feeling,102cCjW3CnC3sws3qOhie8,63,2018,pop,0.695,0.737,5,-5.75,0,0.122,0.232,0.0,0.136,0.248,129.999,227587,4
2025-01-23 05:45,The Neighbourhood,Baby Came Home,226880,the neighbourhood - baby came home,1880,The Neighbourhood,Baby Came Home,3ypXE4brttsQR3OLLZbLZB,50,2012,alt-rock,0.639,0.571,0,-5.766,1,0.0284,0.0127,0.00283,0.0963,0.273,113.037,226893,4
2025-01-23 05:58,Cigarettes After Sex,K.,320030,cigarettes after sex - k.,215605,Cigarettes After Sex,K.,36Zs84njjWZD3TGYE77WPC,47,2016,ambient,0.454,0.404,3,-10.26,1,0.027,0.146,0.819,0.141,0.313,94.113,319560,4
2025-01-23 06:01,Arctic Monkeys,R U Mine?,201726,arctic monkeys - r u mine?,23776,Arctic Monkeys,R U Mine?,6XnNiyYTxhxuC0zpP22M7C,34,2012,garage,0.52,0.785,6,-4.765,0,0.0329,0.0468,0.0,0.698,0.679,96.996,200188,4
2025-01-23 06:08,The Neighbourhood,Leaving Tonight,203866,the neighbourhood - leaving tonight,1840,The Neighbourhood,Leaving Tonight,6C0T7QMpmeDoDkke32Ctqb,54,2012,alt-rock,0.566,0.681,9,-5.443,0,0.0299,0.0149,0.0,0.104,0.187,119.916,203880,4
2025-01-23 06:11,The Neighbourhood,Silver Lining,179453,the neighbourhood - silver lining,423530,The Neighbourhood,Silver Lining,1iJsVkrrId99kTJSZBrwHJ,55,2020,alt-rock,0.562,0.53,2,-7.665,1,0.0286,0.0226,0.00419,0.106,0.391,122.92,179453,4
2025-01-23 06:56,Cigarettes After Sex,Starry Eyes,152122,cigarettes after sex - starry eyes,2728,Cigarettes After Sex,Starry Eyes,2xfRDWDKOisEXgRnYI58Tb,59,2012,ambient,0.425,0.363,2,-15.32,1,0.0322,0.448,0.321,0.0685,0.12,100.426,206000,4
2025-01-23 18:30,Cigarettes After Sex,Starry Eyes,54120,cigarettes after sex - starry eyes,2728,Cigarettes After Sex,Starry Eyes,2xfRDWDKOisEXgRnYI58Tb,59,2012,ambient,0.425,0.363,2,-15.32,1,0.0322,0.448,0.321,0.0685,0.12,100.426,206000,4
2025-01-23 18:33,The Neighbourhood,You Get Me So High,153000,the neighbourhood - you get me so high,311043,The Neighbourhood,You Get Me So High,7zwn1eykZtZ5LODrf7c0tS,81,2018,alt-rock,0.551,0.881,7,-6.099,0,0.0542,0.186,0.0791,0.152,0.387,88.036,153000,4
2025-01-23 18:35,Chase Atlantic,HER,169720,chase atlantic - her,406529,Chase Atlantic,HER,5i7g9wTIruXgWKvA83BXlk,64,2019,pop,0.706,0.586,5,-5.404,0,0.066,0.106,5.43e-06,0.169,0.689,139.984,169714,4
2025-01-23 19:01,ELIO,hurts 2 hate somebody (with Chase Atlantic & No Rome),186665,elio - hurts 2 hate somebody (with chase atlantic & no rome),488289,ELIO,hurts 2 hate somebody (with Chase Atlantic & No Rome),2EKo5WC2LX4fiplTWan5Rl,54,2021,dance,0.623,0.683,7,-3.512,1,0.0437,0.0995,0.0,0.372,0.747,90.021,186665,4
2025-01-23 19:19,Arctic Monkeys,Baby I'm Yours,152613,arctic monkeys - baby i'm yours,1076412,Arctic Monkeys,Baby I'm Yours,6FLqFu1ApSkUddZ9P4H6Io,58,2006,garage,0.462,0.595,2,-9.363,1,0.0347,0.215,0.0,0.184,0.64,113.719,152613,4
2025-01-23 19:24,Cigarettes After Sex,You're the Only Good Thing In My Life,275186,cigarettes after sex - you're the only good thing in my life,368583,Cigarettes After Sex,You're the Only Good Thing in My Life,69BeOEL0DFLwA3WplXJxX5,59,2019,ambient,0.462,0.288,5,-11.199,1,0.0288,0.781,0.756,0.131,0.0589,130.164,275187,4
2025-01-23 19:28,Chase Atlantic,HEAVEN AND BACK,248240,chase atlantic - heaven and back,406526,Chase Atlantic,HEAVEN AND BACK,5dewQ7ojISR32NAYNHFYWC,66,2019,pop,0.309,0.793,10,-6.195,0,0.0774,0.0902,0.092,0.0888,0.532,193.714,248240,4
2025-01-23 19:49,The Neighbourhood,Baby Came Home 2 / Valentines,264905,the neighbourhood - baby came home 2 / valentines,162929,The Neighbourhood,Baby Came Home 2 / Valentines,40gvh6jP5qxMJuMmF9lG9A,67,2015,alt-rock,0.21,0.499,2,-9.754,0,0.0485,0.0687,0.00315,0.773,0.108,74.094,390493,4
2025-01-23 19:55,Chase Atlantic,Tidal Wave,243670,chase atlantic - tidal wave,350373,Chase Atlantic,Tidal Wave,2b2lL6iY3x1CSOv7QQbp8R,60,2018,pop,0.599,0.609,4,-5.14,1,0.052,0.565,2.11e-05,0.137,0.383,123.967,243707,4
2025-01-23 19:56,Cigarettes After Sex,John Wayne,7740,cigarettes after sex - john wayne,255750,Cigarettes After Sex,John Wayne,5IonbH68pmDKBwcKlyswmR,65,2017,ambient,0.429,0.457,3,-8.375,1,0.0294,0.35,0.859,0.099,0.183,124.033,258013,4
2025-01-23 19:56,Cigarettes After Sex,Sunsetz,42739,cigarettes after sex - sunsetz,255747,Cigarettes After Sex,Sunsetz,69UqtTHfUKAJweQwEStRzC,77,2017,ambient,0.412,0.477,9,-9.381,0,0.029,0.0542,0.798,0.0975,0.141,75.302,214680,4
2025-01-23 19:59,Chase Atlantic,Meddle About,203886,chase atlantic - meddle about,197593,Chase Atlantic,Meddle About,1x5gfSHfhWpMFKKqbuDe9G,68,2015,pop,0.387,0.797,4,-6.41,0,0.052,0.00404,0.0108,0.314,0.369,159.897,203886,4
2025-01-23 20:03,The Neighbourhood,Void,203666,the neighbourhood - void,311061,The Neighbourhood,Void,2wXioTynVwrEWYRv6R6vEj,66,2018,alt-rock,0.534,0.582,5,-7.912,1,0.0401,0.047,0.0328,0.0883,0.346,84.183,203667,4
2025-01-23 20:07,Cigarettes After Sex,Truly,244110,cigarettes after sex - truly,255760,Cigarettes After Sex,Truly,6qwEx0TQJMEqvQdN8hRZDx,57,2017,ambient,0.44,0.387,4,-9.792,1,0.0279,0.148,0.559,0.0844,0.267,96.556,243640,4
2025-01-23 20:12,Cigarettes After Sex,Each Time You Fall in Love,290630,cigarettes after sex - each time you fall in love,255751,Cigarettes After Sex,Each Time You Fall In Love,6YbqjyoqQx9p13IndkOzeP,63,2017,ambient,0.383,0.534,10,-8.829,1,0.0277,0.468,0.676,0.14,0.276,76.046,290160,4
2025-01-23 20:15,The Neighbourhood,Softcore,206280,the neighbourhood - softcore,311042,The Neighbourhood,Softcore,2K7xn816oNHJZ0aVqdQsha,84,2018,alt-rock,0.575,0.568,9,-5.509,0,0.03,0.0484,0.000417,0.286,0.37,93.986,206280,4
2025-01-23 20:22,Chase Atlantic,LIKE A ROCKSTAR,208111,chase atlantic - like a rockstar,406638,Chase Atlantic,LIKE A ROCKSTAR,1e5Zf1EU0TAitK207VOUY7,59,2019,pop,0.58,0.611,8,-6.33,0,0.0646,0.331,0.0,0.0982,0.463,81.55,208112,4
2025-01-23 20:27,Arctic Monkeys,Do I Wanna Know?,272394,arctic monkeys - do i wanna know?,77593,Arctic Monkeys,Do I Wanna Know?,5FVd6KXrgO9B3JPmC8OPst,86,2013,garage,0.548,0.532,5,-7.596,1,0.0323,0.186,0.000263,0.217,0.405,85.03,272394,4
2025-01-23 22:31,The Neighbourhood,A Little Death,209706,the neighbourhood - a little death,1790,The Neighbourhood,A Little Death,0Ot6e3wYVQQ1Us9PM977jE,64,2012,alt-rock,0.53,0.763,6,-4.712,0,0.0332,0.0026,1.86e-06,0.105,0.338,88.013,209707,4
2025-01-23 22:36,The Neighbourhood,Silver Lining,204234,the neighbourhood - silver lining,423530,The Neighbourhood,Silver Lining,1iJsVkrrId99kTJSZBrwHJ,55,2020,alt-rock,0.562,0.53,2,-7.665,1,0.0286,0.0226,0.00419,0.106,0.391,122.92,179453,4
2025-01-23 22:40,Cigarettes After Sex,Apocalypse,196696,cigarettes after sex - apocalypse,255746,Cigarettes After Sex,Apocalypse,3AVrVz5rK8Hrqo9YGiVGN5,81,2017,ambient,0.369,0.467,5,-9.018,1,0.0274,0.0194,0.46,0.109,0.174,94.473,290147,4
2025-01-23 22:45,Arctic Monkeys,There’d Better Be A Mirrorball,265798,arctic monkeys - there’d better be a mirrorball,552581,Arctic Monkeys,There’d Better Be A Mirrorball,1zx6GSqLYI2ynzAHnPRKBR,65,2022,garage,0.521,0.365,3,-10.914,1,0.0317,0.626,0.012,0.185,0.324,143.789,265798,4
2025-01-23 22:55,Chase Atlantic,Okay,212306,chase atlantic - okay,293566,Chase Atlantic,Okay,492PZFHvGTm3RZZYeeUVWT,67,2017,pop,0.614,0.815,0,-6.784,1,0.131,0.112,0.0,0.121,0.431,130.049,212307,4
2025-01-23 22:56,The Neighbourhood,Scary Love,79645,the neighbourhood - scary love,311068,The Neighbourhood,Scary Love,6TA5aymvVrtiPVbuAwmPIc,65,2018,alt-rock,0.595,0.636,5,-5.981,0,0.0312,9.45e-05,0.0529,0.196,0.147,112.008,222667,4
2025-01-23 23:00,Olivia Rodrigo,deja vu,215506,olivia rodrigo - deja vu,515572,Olivia Rodrigo,deja vu,6HU7h9RYOaPRFeh0R3UeAr,83,2021,pop,0.442,0.612,2,-7.222,1,0.112,0.584,5.7e-06,0.37,0.178,180.917,215507,4
2025-01-23 23:13,Katy Perry,Wide Awake,387709,katy perry - wide awake,12154,Katy Perry,Wide Awake,5JLv62qFIS1DR3zGEcApRt,68,2012,dance,0.514,0.683,5,-5.099,1,0.0367,0.0749,2.64e-06,0.392,0.575,159.814,220947,4
2025-01-23 23:13,Lana Del Rey,Young And Beautiful,40413,lana del rey - young and beautiful,93567,Lana Del Rey,Young And Beautiful,2nMeu6UenVvwUktBCpLMK9,81,2013,pop,0.324,0.416,11,-8.92,0,0.0368,0.262,3.69e-05,0.11,0.151,113.986,236053,4
2025-01-23 23:20,Taylor Swift,Love Story,235266,taylor swift - love story,1238481,Taylor Swift,Love Story,1vrd6UOGamcKNGnSHJQlSt,67,2008,pop,0.618,0.741,2,-3.95,1,0.031,0.17,0.0,0.0822,0.296,118.984,235267,4
2025-01-23 23:27,Taylor Swift,Gorgeous,209680,taylor swift - gorgeous,293486,Taylor Swift,Gorgeous,1ZY1PqizIl78geGM4xWlEA,77,2017,pop,0.8,0.535,7,-6.684,1,0.135,0.0713,9.48e-06,0.213,0.451,92.027,209680,4
2025-01-23 23:30,Selena Gomez,Fetish (feat. Gucci Mane),186112,selena gomez - fetish (feat. gucci mane),264809,Selena Gomez,Fetish (feat. Gucci Mane),4lnAN2S1fcI0SjxEbksZVr,71,2017,dance,0.708,0.618,2,-4.424,1,0.0592,0.0204,6.81e-06,0.062,0.265,123.013,186113,4
2025-01-23 23:34,Keane,Somewhere Only We Know,236160,keane - somewhere only we know,93054,Keane,Somewhere Only We Know,7AQAlklmptrrkBSeujkXsD,54,2013,piano,0.442,0.606,9,-5.825,1,0.0259,0.0678,1.43e-05,0.0973,0.359,171.982,235880,4
2025-01-23 23:37,Lana Del Rey,Radio,214573,lana del rey - radio,40378,Lana Del Rey,Radio,4PMdq7Q7xOFrY424ZelZEb,59,2012,pop,0.423,0.857,2,-5.173,1,0.0687,0.188,2.63e-05,0.105,0.196,75.024,214574,4
2025-01-23 23:41,Taylor Swift,Lover,221306,taylor swift - lover,406372,Taylor Swift,Lover,1dGr1c8CrMLDpV6mPbImSI,83,2019,pop,0.359,0.543,7,-7.582,1,0.0919,0.492,1.58e-05,0.118,0.453,68.534,221307,4
2025-01-23 23:45,Taylor Swift,Style,231000,taylor swift - style,146766,Taylor Swift,Style,4lIxdJw6W3Fg4vUIYCB0S5,74,2014,pop,0.598,0.786,2,-5.572,1,0.0383,0.00253,0.0016,0.117,0.456,95.019,231000,4
2025-01-24 00:10,Sasha Alex Sloan,Dancing With Your Ghost,129025,sasha alex sloan - dancing with your ghost,384327,Sasha Alex Sloan,Dancing With Your Ghost,1TQXIltqoZ5XXyfCbAeSQQ,78,2019,electro,0.629,0.328,11,-8.284,1,0.029,0.768,2.5e-05,0.103,0.389,74.953,197732,4
2025-01-26 13:01,Bruno Mars,Locked out of Heaven,233478,bruno mars - locked out of heaven,12104,Bruno Mars,Locked out of Heaven,3w3y8KPTfNeOKPiqUTakBh,85,2012,dance,0.726,0.698,5,-4.165,1,0.0431,0.049,0.0,0.309,0.867,143.994,233478,4
2025-01-26 13:01,Bruno Mars,Locked out of Heaven,233478,bruno mars - locked out of heaven,591102,Bruno Mars,Locked Out of Heaven,45jddxG7hbCnuRFrdXVzlq,0,2023,dance,0.726,0.699,5,-4.165,1,0.0431,0.049,0.0,0.309,0.866,143.994,233478,4
2025-01-26 13:01,Bruno Mars,Locked out of Heaven,6320,bruno mars - locked out of heaven,12104,Bruno Mars,Locked out of Heaven,3w3y8KPTfNeOKPiqUTakBh,85,2012,dance,0.726,0.698,5,-4.165,1,0.0431,0.049,0.0,0.309,0.867,143.994,233478,4
2025-01-26 13:01,Bruno Mars,Locked out of Heaven,6320,bruno mars - locked out of heaven,591102,Bruno Mars,Locked Out of Heaven,45jddxG7hbCnuRFrdXVzlq,0,2023,dance,0.726,0.699,5,-4.165,1,0.0431,0.049,0.0,0.309,0.866,143.994,233478,4
2025-01-27 19:42,Bruno Mars,Locked out of Heaven,4117,bruno mars - locked out of heaven,12104,Bruno Mars,Locked out of Heaven,3w3y8KPTfNeOKPiqUTakBh,85,2012,dance,0.726,0.698,5,-4.165,1,0.0431,0.049,0.0,0.309,0.867,143.994,233478,4
2025-01-27 19:42,Bruno Mars,Locked out of Heaven,4117,bruno mars - locked out of heaven,591102,Bruno Mars,Locked Out of Heaven,45jddxG7hbCnuRFrdXVzlq,0,2023,dance,0.726,0.699,5,-4.165,1,0.0431,0.049,0.0,0.309,0.866,143.994,233478,4
2025-01-27 19:45,Lana Del Rey,"Once Upon a Dream - From ""Maleficent"" / Pop Version",203080,"lana del rey - once upon a dream - from ""maleficent"" / pop version",146828,Lana Del Rey,"Once Upon a Dream - From ""Maleficent"" / Pop Version",3liiZRlJxa8GeLUgWMoIeu,64,2014,pop,0.289,0.274,5,-16.574,1,0.0353,0.659,0.0166,0.109,0.167,119.997,203080,3
2025-01-27 20:16,Taylor Swift,Back To December,293026,taylor swift - back to december,1380399,Taylor Swift,Back To December,3DrjZArsPsoqbLzUZZV1Id,67,2010,pop,0.529,0.67,2,-4.663,1,0.0303,0.117,0.0,0.334,0.286,141.893,293027,4
2025-01-27 20:18,Justin Bieber,Ghost,153190,justin bieber - ghost,515568,Justin Bieber,Ghost,6I3mqTwhRpn34SLVafSH7G,85,2021,pop,0.601,0.741,2,-5.569,1,0.0478,0.185,2.91e-05,0.415,0.441,153.96,153190,4
2025-01-27 20:28,Taylor Swift,Speak Now,240760,taylor swift - speak now,1380435,Taylor Swift,Speak Now,24DefNCFiWTP8OjYWiXuYe,62,2010,pop,0.709,0.599,7,-3.734,1,0.0304,0.095,0.0,0.0973,0.735,118.975,240760,4
2025-01-27 20:32,Lana Del Rey,Summertime Sadness,265427,lana del rey - summertime sadness,40349,Lana Del Rey,Summertime Sadness,1Ist6PR2BZR3n2z2Y5R6S1,73,2012,pop,0.566,0.647,1,-6.815,0,0.0335,0.0477,0.0,0.121,0.22,111.96,264773,4
2025-01-27 20:43,Olivia Rodrigo,"All I Want - From ""High School Musical: The Musical: The Series""",177322,"olivia rodrigo - all i want - from ""high school musical: the musical: the series""",406403,Olivia Rodrigo,"All I Want - From ""High School Musical: The Musical: The Series""",4Yxc55NX3tAXC2mHRAhtcW,76,2019,pop,0.376,0.43,0,-6.585,0,0.0328,0.0902,0.0,0.0912,0.129,77.599,177323,3
2025-01-27 20:56,Taylor Swift,You Belong With Me,231133,taylor swift - you belong with me,1238475,Taylor Swift,You Belong With Me,3GCL1PydwsLodcpv0Ll1ch,68,2008,pop,0.687,0.783,6,-4.44,1,0.0386,0.162,1.35e-05,0.114,0.443,129.964,231133,4
2025-01-27 21:04,Tinashe,2 On (feat. ScHoolboy Q),227000,tinashe - 2 on (feat. schoolboy q),119693,Tinashe,2 On (feat. ScHoolboy Q),3jVtllWS5CFFWLQng8sKsr,71,2014,dance,0.742,0.595,9,-7.51,1,0.107,0.15,0.0,0.111,0.431,101.013,227000,4
2025-01-27 21:12,Charlie Puth,We Don't Talk Anymore (feat. Selena Gomez),217706,charlie puth - we don't talk anymore (feat. selena gomez),224459,Charlie Puth,We Don't Talk Anymore (feat. Selena Gomez),37FXw5QGFN7uwwsLy8uAc0,68,2016,dance,0.728,0.563,1,-8.053,0,0.134,0.621,0.0,0.179,0.352,100.017,217707,4
2025-01-27 21:16,Taylor Swift,Don’t Blame Me,236413,taylor swift - don’t blame me,293464,Taylor Swift,Don’t Blame Me,1R0a2iXumgCiFb7HEZ7gUE,85,2017,pop,0.615,0.534,9,-6.719,0,0.0386,0.106,1.76e-05,0.0607,0.193,135.917,236413,4
2025-01-27 21:19,Taylor Swift,The Man,7984,taylor swift - the man,406380,Taylor Swift,The Man,3RauEVgRgj1IuWdJ9fDs70,78,2019,pop,0.777,0.658,0,-5.191,1,0.054,0.0767,0.0,0.0901,0.633,110.048,190360,4
2025-01-27 21:23,Ellie Goulding,My Blood,234184,ellie goulding - my blood,12165,Ellie Goulding,My Blood,6knYNyQupBIbBxV8TMOMYM,58,2012,dance,0.476,0.592,9,-5.283,0,0.029,0.556,0.0,0.281,0.306,87.003,234185,4
2025-01-27 21:26,Taylor Swift,Cruel Summer,178426,taylor swift - cruel summer,406369,Taylor Swift,Cruel Summer,1BxfuPKGuaTgP7aM0Bbdwr,83,2019,pop,0.552,0.702,9,-5.707,1,0.157,0.117,2.06e-05,0.105,0.564,169.994,178427,4
2025-01-28 00:25,Taylor Swift,Gorgeous,26985,taylor swift - gorgeous,293486,Taylor Swift,Gorgeous,1ZY1PqizIl78geGM4xWlEA,77,2017,pop,0.8,0.535,7,-6.684,1,0.135,0.0713,9.48e-06,0.213,0.451,92.027,209680,4
2025-01-28 00:28,Chase Atlantic,LUST,204106,chase atlantic - lust,406673,Chase Atlantic,LUST,51t7nQOI35g07O0z4fflO1,57,2019,pop,0.641,0.755,4,-6.274,1,0.244,0.018,0.000443,0.159,0.477,131.954,204107,4
2025-01-28 00:32,The Neighbourhood,Female Robbery,209520,the neighbourhood - female robbery,2046,The Neighbourhood,Female Robbery,7e8bQb1csn5WvpOc4b5PJg,40,2012,alt-rock,0.403,0.888,7,-3.382,0,0.0413,0.056,0.00161,0.0682,0.391,176.483,206813,4
2025-01-28 00:38,Cults,Always Forever,223746,cults - always forever,87537,Cults,Always Forever,2enPRFda84VE2wtI8c86Uf,78,2013,indie-pop,0.174,0.742,8,-5.93,1,0.0485,0.00181,0.281,0.198,0.36,163.378,223747,4
2025-01-28 00:45,The Neighbourhood,Leaving Tonight,203866,the neighbourhood - leaving tonight,1840,The Neighbourhood,Leaving Tonight,6C0T7QMpmeDoDkke32Ctqb,54,2012,alt-rock,0.566,0.681,9,-5.443,0,0.0299,0.0149,0.0,0.104,0.187,119.916,203880,4
2025-01-28 00:49,Djo,End of Beginning,42481,djo - end of beginning,569335,Djo,End of Beginning,3qhlB30KknSejmIvZZLjOD,66,2022,pop,0.689,0.454,2,-7.643,1,0.0584,0.0351,0.00259,0.0707,0.912,159.982,159246,4
2025-01-28 00:55,The Neighbourhood,Cry Baby,235160,the neighbourhood - cry baby,162920,The Neighbourhood,Cry Baby,0EfsDEYaSjGYd66Pr881nq,73,2015,alt-rock,0.581,0.656,4,-4.891,0,0.0294,0.00269,2.78e-06,0.101,0.338,108.033,235160,4
2025-01-28 01:11,The Neighbourhood,Sweater Weather,240400,the neighbourhood - sweater weather,1800,The Neighbourhood,Sweater Weather,4pGqFOfzvfe6avb9kbZicC,60,2012,alt-rock,0.695,0.615,7,-5.325,0,0.042,0.15,0.000212,0.0879,0.414,124.015,240040,4
2025-01-28 01:15,The Neighbourhood,Flawless,246493,the neighbourhood - flawless,56405,The Neighbourhood,Flawless,2Kt1XplPBQBsDKQDa6TssB,68,2013,alt-rock,0.568,0.871,0,-3.453,1,0.0308,0.0553,0.51,0.303,0.374,119.99,246493,4
2025-01-28 01:26,Chase Atlantic,Numb to the Feeling,227586,chase atlantic - numb to the feeling,350308,Chase Atlantic,Numb to the Feeling,102cCjW3CnC3sws3qOhie8,63,2018,pop,0.695,0.737,5,-5.75,0,0.122,0.232,0.0,0.136,0.248,129.999,227587,4
2025-01-28 01:36,The Neighbourhood,Devil's Advocate,186306,the neighbourhood - devil's advocate,423462,The Neighbourhood,Devil's Advocate,4XfI7M5gLwEY84gYiH4RDD,68,2020,alt-rock,0.662,0.681,11,-8.152,0,0.0315,0.0321,0.139,0.508,0.864,98.004,186307,4
2025-01-28 01:57,Cigarettes After Sex,Opera House,155843,cigarettes after sex - opera house,255753,Cigarettes After Sex,Opera House,0syIc2ocYBIKASFqifvwRz,63,2017,ambient,0.319,0.293,5,-14.145,1,0.0378,0.734,0.85,0.0971,0.0689,115.481,364680,4
2025-01-28 20:08,Adele,Skyfall,286480,adele - skyfall,40359,Adele,Skyfall,6VObnIkLVruX4UVyxWhlqm,76,2012,pop,0.346,0.552,0,-6.864,0,0.0282,0.417,0.0,0.114,0.0789,75.881,286480,4
2025-01-28 20:16,Adele,Skyfall,286480,adele - skyfall,40359,Adele,Skyfall,6VObnIkLVruX4UVyxWhlqm,76,2012,pop,0.346,0.552,0,-6.864,0,0.0282,0.417,0.0,0.114,0.0789,75.881,286480,4
2025-01-28 20:33,Adele,Skyfall,286480,adele - skyfall,40359,Adele,Skyfall,6VObnIkLVruX4UVyxWhlqm,76,2012,pop,0.346,0.552,0,-6.864,0,0.0282,0.417,0.0,0.114,0.0789,75.881,286480,4
2025-01-28 20:49,Adele,Skyfall,286480,adele - skyfall,40359,Adele,Skyfall,6VObnIkLVruX4UVyxWhlqm,76,2012,pop,0.346,0.552,0,-6.864,0,0.0282,0.417,0.0,0.114,0.0789,75.881,286480,4
2025-01-28 21:07,Adele,Skyfall,286480,adele - skyfall,40359,Adele,Skyfall,6VObnIkLVruX4UVyxWhlqm,76,2012,pop,0.346,0.552,0,-6.864,0,0.0282,0.417,0.0,0.114,0.0789,75.881,286480,4
2025-01-28 21:23,Adele,Skyfall,286480,adele - skyfall,40359,Adele,Skyfall,6VObnIkLVruX4UVyxWhlqm,76,2012,pop,0.346,0.552,0,-6.864,0,0.0282,0.417,0.0,0.114,0.0789,75.881,286480,4
2025-01-28 22:24,Adele,Skyfall,286480,adele - skyfall,40359,Adele,Skyfall,6VObnIkLVruX4UVyxWhlqm,76,2012,pop,0.346,0.552,0,-6.864,0,0.0282,0.417,0.0,0.114,0.0789,75.881,286480,4
2025-01-28 22:45,Adele,Skyfall,286480,adele - skyfall,40359,Adele,Skyfall,6VObnIkLVruX4UVyxWhlqm,76,2012,pop,0.346,0.552,0,-6.864,0,0.0282,0.417,0.0,0.114,0.0789,75.881,286480,4
2025-01-28 22:57,Laufey,Valentine,168906,laufey - valentine,577935,Laufey,Valentine,6cx5CvFhqN19efStehJqoW,72,2022,singer-songwriter,0.472,0.204,3,-13.065,1,0.0452,0.917,0.0,0.107,0.224,82.51,168907,4
2025-01-28 23:01,Taylor Swift,All Of The Girls You Loved Before,221407,taylor swift - all of the girls you loved before,406371,Taylor Swift,All Of The Girls You Loved Before,4P9Q0GojKVXpRTJCaL3kyy,82,2019,pop,0.718,0.467,2,-9.66,1,0.0398,0.707,6.92e-05,0.126,0.396,95.96,221407,3
2025-01-28 23:04,Olivia Rodrigo,happier,175933,olivia rodrigo - happier,515580,Olivia Rodrigo,happier,2tGvwE8GcFKwNdAXMnlbfl,82,2021,pop,0.395,0.443,6,-9.72,1,0.133,0.765,9.67e-06,0.0839,0.338,168.924,175933,3
2025-01-28 23:16,beabadoobee,the perfect pair,177533,beabadoobee - the perfect pair,561972,beabadoobee,the perfect pair,41P6Tnd8KIHqON0QIydx6a,78,2022,indie-pop,0.634,0.663,11,-6.818,1,0.0331,0.433,0.124,0.102,0.6,146.053,177533,4
2025-01-28 23:21,Taylor Swift,Enchanted,352186,taylor swift - enchanted,1380362,Taylor Swift,Enchanted,10eBRyImhfqVvkiVEGf0N0,73,2010,pop,0.455,0.623,8,-3.878,1,0.0288,0.0739,0.000424,0.146,0.208,163.893,352187,4
2025-01-28 23:29,Taylor Swift,Karma,204852,taylor swift - karma,569212,Taylor Swift,Karma,7KokYm8cMIXCsGVmUvKtqf,80,2022,pop,0.642,0.62,8,-7.091,1,0.0666,0.0734,0.0,0.483,0.0969,90.02,204852,4
2025-01-29 00:28,Lana Del Rey,Art Deco,43062,lana del rey - art deco,197562,Lana Del Rey,Art Deco,5jqNQZBwbZWQXPWfo0ygZF,72,2015,pop,0.282,0.464,11,-11.112,0,0.0533,0.544,0.215,0.111,0.0596,148.345,295067,5
2025-01-29 00:29,Lana Del Rey,Art Deco,61005,lana del rey - art deco,197562,Lana Del Rey,Art Deco,5jqNQZBwbZWQXPWfo0ygZF,72,2015,pop,0.282,0.464,11,-11.112,0,0.0533,0.544,0.215,0.111,0.0596,148.345,295067,5
2025-01-29 00:35,The Neighbourhood,A Little Death,209706,the neighbourhood - a little death,1790,The Neighbourhood,A Little Death,0Ot6e3wYVQQ1Us9PM977jE,64,2012,alt-rock,0.53,0.763,6,-4.712,0,0.0332,0.0026,1.86e-06,0.105,0.338,88.013,209707,4
2025-01-29 00:42,Lana Del Rey,Young And Beautiful,76290,lana del rey - young and beautiful,93567,Lana Del Rey,Young And Beautiful,2nMeu6UenVvwUktBCpLMK9,81,2013,pop,0.324,0.416,11,-8.92,0,0.0368,0.262,3.69e-05,0.11,0.151,113.986,236053,4
2025-01-29 00:45,Lana Del Rey,Young And Beautiful,159770,lana del rey - young and beautiful,93567,Lana Del Rey,Young And Beautiful,2nMeu6UenVvwUktBCpLMK9,81,2013,pop,0.324,0.416,11,-8.92,0,0.0368,0.262,3.69e-05,0.11,0.151,113.986,236053,4
2025-01-29 00:48,Lorde,Buzzcut Season,186080,lorde - buzzcut season,93585,Lorde,Buzzcut Season,51QEyJI5M7uyd8DOh9tqQY,70,2013,pop,0.733,0.62,1,-10.525,1,0.075,0.606,0.305,0.117,0.247,111.039,246755,4
2025-01-29 00:52,Hozier,Take Me to Church,241693,hozier - take me to church,93786,Hozier,Take Me to Church,7J4gq1xNP3IsG6lDk0eSa7,42,2013,pop,0.572,0.661,4,-5.304,0,0.0472,0.59,0.0,0.121,0.386,129.093,241587,4
2025-01-29 00:53,Lorde,The Louvre,33696,lorde - the louvre,293575,Lorde,The Louvre,5q4BpnMrYEFzLO0dYODj6J,64,2017,pop,0.664,0.382,0,-9.977,1,0.047,0.239,0.00749,0.0943,0.126,123.214,271088,4
2025-01-29 01:00,Adele,Skyfall,3371,adele - skyfall,40359,Adele,Skyfall,6VObnIkLVruX4UVyxWhlqm,76,2012,pop,0.346,0.552,0,-6.864,0,0.0282,0.417,0.0,0.114,0.0789,75.881,286480,4
2025-01-29 01:07,The Smiths,This Charming Man - 2011 Remaster,162920,the smiths - this charming man - 2011 remaster,614105,The Smiths,This Charming Man - 2011 Remaster,1bw7JPG2pkNI7ej1I9u0mn,0,2023,punk,0.611,0.843,11,-5.9,1,0.044,0.00518,0.0,0.0784,0.755,103.909,162920,4
2025-01-29 01:08,Bon Iver,Flume,58163,bon iver - flume,1211978,Bon Iver,Flume,0bhBtXHQX3u6dSAPF59qGx,62,2008,folk,0.448,0.143,11,-17.012,1,0.0328,0.929,0.0356,0.109,0.0873,132.829,219000,4
2025-01-29 01:10,The Last Shadow Puppets,"Sweet Dreams, TN",137010,"the last shadow puppets - sweet dreams, tn",245738,The Last Shadow Puppets,"Sweet Dreams, TN",1W0OCrMsRP1SLTEdw3JwEz,64,2016,indie-pop,0.282,0.566,11,-6.924,0,0.0291,0.000878,0.0,0.38,0.477,112.362,236253,3
2025-01-29 01:12,Lizzy McAlpine,doomsday,66700,lizzy mcalpine - doomsday,549419,Lizzy McAlpine,doomsday,4WjxtORnwPavm5PDsAWJEc,69,2022,folk,0.404,0.268,1,-9.631,1,0.0341,0.583,0.0,0.102,0.124,134.587,268433,3
2025-01-29 01:20,Conan Gray,The Cut That Always Bleeds,231920,conan gray - the cut that always bleeds,462080,Conan Gray,The Cut That Always Bleeds,7wTqEW5nrMhvyEhEyTnOMd,65,2020,pop,0.489,0.413,0,-6.499,1,0.0314,0.59,0.0,0.0639,0.246,136.116,231920,4
2025-01-29 01:27,Ellie Goulding,My Blood,234184,ellie goulding - my blood,12165,Ellie Goulding,My Blood,6knYNyQupBIbBxV8TMOMYM,58,2012,dance,0.476,0.592,9,-5.283,0,0.029,0.556,0.0,0.281,0.306,87.003,234185,4
2025-01-29 01:32,Adele,Skyfall,286480,adele - skyfall,40359,Adele,Skyfall,6VObnIkLVruX4UVyxWhlqm,76,2012,pop,0.346,0.552,0,-6.864,0,0.0282,0.417,0.0,0.114,0.0789,75.881,286480,4
2025-01-29 19:23,Conan Gray,The Cut That Always Bleeds,231920,conan gray - the cut that always bleeds,462080,Conan Gray,The Cut That Always Bleeds,7wTqEW5nrMhvyEhEyTnOMd,65,2020,pop,0.489,0.413,0,-6.499,1,0.0314,0.59,0.0,0.0639,0.246,136.116,231920,4
2025-01-29 19:31,Ellie Goulding,My Blood,234184,ellie goulding - my blood,12165,Ellie Goulding,My Blood,6knYNyQupBIbBxV8TMOMYM,58,2012,dance,0.476,0.592,9,-5.283,0,0.029,0.556,0.0,0.281,0.306,87.003,234185,4
2025-01-29 19:36,Adele,Skyfall,286480,adele - skyfall,40359,Adele,Skyfall,6VObnIkLVruX4UVyxWhlqm,76,2012,pop,0.346,0.552,0,-6.864,0,0.0282,0.417,0.0,0.114,0.0789,75.881,286480,4
2025-01-29 20:15,Conan Gray,The Cut That Always Bleeds,231920,conan gray - the cut that always bleeds,462080,Conan Gray,The Cut That Always Bleeds,7wTqEW5nrMhvyEhEyTnOMd,65,2020,pop,0.489,0.413,0,-6.499,1,0.0314,0.59,0.0,0.0639,0.246,136.116,231920,4
2025-01-29 20:22,Conan Gray,The Cut That Always Bleeds,267150,conan gray - the cut that always bleeds,462080,Conan Gray,The Cut That Always Bleeds,7wTqEW5nrMhvyEhEyTnOMd,65,2020,pop,0.489,0.413,0,-6.499,1,0.0314,0.59,0.0,0.0639,0.246,136.116,231920,4
2025-01-29 20:30,Ellie Goulding,My Blood,234184,ellie goulding - my blood,12165,Ellie Goulding,My Blood,6knYNyQupBIbBxV8TMOMYM,58,2012,dance,0.476,0.592,9,-5.283,0,0.029,0.556,0.0,0.281,0.306,87.003,234185,4
2025-01-29 20:35,Adele,Skyfall,286480,adele - skyfall,40359,Adele,Skyfall,6VObnIkLVruX4UVyxWhlqm,76,2012,pop,0.346,0.552,0,-6.864,0,0.0282,0.417,0.0,0.114,0.0789,75.881,286480,4
2025-01-30 00:15,Conan Gray,The Cut That Always Bleeds,231920,conan gray - the cut that always bleeds,462080,Conan Gray,The Cut That Always Bleeds,7wTqEW5nrMhvyEhEyTnOMd,65,2020,pop,0.489,0.413,0,-6.499,1,0.0314,0.59,0.0,0.0639,0.246,136.116,231920,4
2025-01-30 00:19,Ellie Goulding,My Blood,27586,ellie goulding - my blood,12165,Ellie Goulding,My Blood,6knYNyQupBIbBxV8TMOMYM,58,2012,dance,0.476,0.592,9,-5.283,0,0.029,0.556,0.0,0.281,0.306,87.003,234185,4
2025-01-30 00:26,Conan Gray,The Cut That Always Bleeds,407410,conan gray - the cut that always bleeds,462080,Conan Gray,The Cut That Always Bleeds,7wTqEW5nrMhvyEhEyTnOMd,65,2020,pop,0.489,0.413,0,-6.499,1,0.0314,0.59,0.0,0.0639,0.246,136.116,231920,4
2025-01-30 00:31,Adele,Skyfall,286480,adele - skyfall,40359,Adele,Skyfall,6VObnIkLVruX4UVyxWhlqm,76,2012,pop,0.346,0.552,0,-6.864,0,0.0282,0.417,0.0,0.114,0.0789,75.881,286480,4
2025-01-30 00:37,Lana Del Rey,Pretty When You Cry,234146,lana del rey - pretty when you cry,146790,Lana Del Rey,Pretty When You Cry,6PnluwP0fjGnpIBsqTdUTq,74,2014,pop,0.509,0.547,10,-6.548,0,0.0417,0.399,0.0,0.215,0.197,109.436,234147,4
2025-01-30 00:41,Taylor Swift,Bejeweled,194165,taylor swift - bejeweled,569211,Taylor Swift,Bejeweled,3qoftcUZaUOncvIYjFSPdE,80,2022,pop,0.696,0.559,7,-9.19,1,0.0693,0.0618,5.58e-05,0.0887,0.433,163.999,194166,4
2025-01-30 00:44,Olivia Rodrigo,deja vu,215506,olivia rodrigo - deja vu,515572,Olivia Rodrigo,deja vu,6HU7h9RYOaPRFeh0R3UeAr,83,2021,pop,0.442,0.612,2,-7.222,1,0.112,0.584,5.7e-06,0.37,0.178,180.917,215507,4
2025-01-30 00:51,beabadoobee,Glue Song,135066,beabadoobee - glue song,606469,beabadoobee,Glue Song,3iBgrkexCzVuPy4O9vx7Mf,82,2023,indie-pop,0.62,0.409,1,-10.146,1,0.0282,0.77,0.0542,0.105,0.582,113.946,135067,3
2025-01-30 01:02,Doja Cat,Kiss Me More (feat. SZA),208666,doja cat - kiss me more (feat. sza),487896,Doja Cat,Kiss Me More (feat. SZA),3DarAbFujv6eYNliUTyqtz,80,2021,dance,0.764,0.705,8,-3.463,1,0.0284,0.259,8.92e-05,0.12,0.781,110.97,208667,4
2025-01-30 01:07,Taylor Swift,Back To December,293026,taylor swift - back to december,1380399,Taylor Swift,Back To December,3DrjZArsPsoqbLzUZZV1Id,67,2010,pop,0.529,0.67,2,-4.663,1,0.0303,0.117,0.0,0.334,0.286,141.893,293027,4
2025-01-30 01:11,Taylor Swift,The Archer,211240,taylor swift - the archer,406406,Taylor Swift,The Archer,3pHkh7d0lzM2AldUtz2x37,73,2019,pop,0.292,0.574,0,-9.375,1,0.0401,0.12,0.00569,0.0663,0.166,124.344,211240,4
2025-01-30 01:14,Taylor Swift,illicit affairs,190898,taylor swift - illicit affairs,462035,Taylor Swift,illicit affairs,2NmsngXHeC1GQ9wWrzhOMf,71,2020,pop,0.559,0.31,10,-10.445,1,0.0338,0.881,0.0,0.106,0.46,119.845,190898,4
2025-01-30 01:17,Justin Bieber,Ghost,153190,justin bieber - ghost,515568,Justin Bieber,Ghost,6I3mqTwhRpn34SLVafSH7G,85,2021,pop,0.601,0.741,2,-5.569,1,0.0478,0.185,2.91e-05,0.415,0.441,153.96,153190,4
2025-01-30 01:23,SZA,Snooze,201800,sza - snooze,569186,SZA,Snooze,4iZ4pt7kvcaH6Yo8UoZ4s2,90,2022,pop,0.559,0.551,5,-7.231,1,0.132,0.141,0.0,0.11,0.392,143.008,201800,4
2025-01-30 01:27,Taylor Swift,Wildest Dreams,220440,taylor swift - wildest dreams,146777,Taylor Swift,Wildest Dreams,59HjlYCeBsxdI0fcm3zglw,71,2014,pop,0.554,0.666,8,-7.414,1,0.0747,0.0702,0.00593,0.106,0.472,140.056,220440,4
2025-01-30 19:05,Lana Del Rey,Doin' Time,202192,lana del rey - doin' time,406379,Lana Del Rey,Doin' Time,0Oqc0kKFsQ6MhFOLBNZIGX,81,2019,pop,0.641,0.559,7,-11.132,0,0.0355,0.404,0.00402,0.0937,0.523,144.982,202193,4
2025-01-30 19:24,Taylor Swift,Love Story,235266,taylor swift - love story,1238481,Taylor Swift,Love Story,1vrd6UOGamcKNGnSHJQlSt,67,2008,pop,0.618,0.741,2,-3.95,1,0.031,0.17,0.0,0.0822,0.296,118.984,235267,4
2025-01-30 19:40,Taylor Swift,my tears ricochet,255893,taylor swift - my tears ricochet,462020,Taylor Swift,my tears ricochet,1MgV7FIyNxIG7WzMRJV5HC,74,2020,pop,0.456,0.263,0,-10.63,1,0.0332,0.806,0.0,0.0749,0.111,129.86,255894,4
2025-01-30 19:50,Laufey,Falling Behind,136090,laufey - falling behind,577944,Laufey,Falling Behind,4KGGeE7RJsgLNZmnxGFlOj,63,2022,singer-songwriter,0.449,0.353,7,-12.986,1,0.0915,0.942,0.0786,0.109,0.55,165.888,173640,4
2025-01-30 19:50,Taylor Swift,Daylight,17250,taylor swift - daylight,406418,Taylor Swift,Daylight,1fzAuUVbzlhZ1lJAx9PtY6,73,2019,pop,0.557,0.496,0,-9.602,1,0.0563,0.808,0.000173,0.0772,0.265,149.983,293453,4
2025-01-30 19:50,Taylor Swift,Anti-Hero,1230,taylor swift - anti-hero,569187,Taylor Swift,Anti-Hero,0V3wPSX9ygBnCm8psDIegu,92,2022,pop,0.637,0.643,4,-6.571,1,0.0519,0.13,1.8e-06,0.142,0.533,97.008,200690,4
2025-01-30 19:54,Conan Gray,Comfort Crowd,2200,conan gray - comfort crowd,462059,Conan Gray,Comfort Crowd,6uaBrivDHCaV0uBTiwHTUi,67,2020,pop,0.678,0.431,0,-6.749,1,0.0326,0.163,1.94e-06,0.147,0.404,90.941,174680,4
2025-01-30 19:54,Gang of Youths,Achilles Come Down,216790,gang of youths - achilles come down,286618,Gang of Youths,Achilles Come Down,22TntnVO3lQNDR5nsvxGRs,68,2017,indie-pop,0.223,0.523,0,-9.281,0,0.0466,0.435,0.283,0.225,0.15,179.83,422147,3
2025-01-30 19:54,Gang of Youths,Achilles Come Down,1490,gang of youths - achilles come down,286618,Gang of Youths,Achilles Come Down,22TntnVO3lQNDR5nsvxGRs,68,2017,indie-pop,0.223,0.523,0,-9.281,0,0.0466,0.435,0.283,0.225,0.15,179.83,422147,3
2025-01-30 19:57,Conan Gray,Comfort Crowd,174680,conan gray - comfort crowd,462059,Conan Gray,Comfort Crowd,6uaBrivDHCaV0uBTiwHTUi,67,2020,pop,0.678,0.431,0,-6.749,1,0.0326,0.163,1.94e-06,0.147,0.404,90.941,174680,4
2025-01-30 20:00,5 Seconds of Summer,Best Years,190382,5 seconds of summer - best years,433526,5 Seconds of Summer,Best Years,6LHDP5yKHUIQxeml0YKUQy,56,2020,dance,0.295,0.722,2,-4.375,1,0.0425,0.314,0.0,0.121,0.458,173.372,190382,4
2025-01-30 20:03,Hozier,Foreigner's God,225226,hozier - foreigner's god,146860,Hozier,Foreigner's God,094As2ygiOxXxzcyAna3Lk,55,2014,pop,0.502,0.445,8,-7.622,1,0.0294,0.161,0.000466,0.111,0.377,88.866,225227,4
2025-01-30 20:08,Hozier,Arsonist's Lullabye,266613,hozier - arsonist's lullabye,146821,Hozier,Arsonist's Lullabye,1UWhx0pFZccP4jdCIZsj7U,61,2014,pop,0.463,0.373,6,-10.666,0,0.0362,0.673,0.0745,0.118,0.184,64.831,266547,4
2025-01-30 20:13,Cavetown,Boys Will Be Bugs,329049,cavetown - boys will be bugs,399081,Cavetown,Boys Will Be Bugs,6suYoN4gFkanqOBn5yRnJC,71,2019,indie-pop,0.486,0.528,1,-11.722,1,0.0463,0.00387,1.4e-05,0.106,0.452,178.519,329050,4
2025-01-30 20:20,Mumford & Sons,Little Lion Man,246973,mumford & sons - little lion man,1283054,Mumford & Sons,Little Lion Man,4B4vB3oB8csotplfoQcAd6,69,2009,folk,0.52,0.496,5,-8.121,1,0.0271,0.0234,2.05e-05,0.0905,0.496,138.81,247002,4
2025-01-30 20:21,Sufjan Stevens,Futile Devices (Doveman Remix),54034,sufjan stevens - futile devices (doveman remix),293598,Sufjan Stevens,Futile Devices (Doveman Remix),5iR8v6fTc33LDo2t4w3342,55,2017,pop,0.462,0.187,4,-19.991,1,0.0304,0.954,0.847,0.0985,0.252,140.096,135444,4
2025-01-30 20:24,Billie Eilish,bitches broken hearts,176471,billie eilish - bitches broken hearts,327777,Billie Eilish,bitches broken hearts,5t3Vk8bRKylx4fjj7qlbib,72,2018,electro,0.778,0.422,0,-10.114,1,0.0482,0.921,0.00924,0.0958,0.187,120.033,176472,4
2025-01-30 20:28,Harry Styles,Falling,240133,harry styles - falling,406378,Harry Styles,Falling,1ZMiCix7XSAbfAJlEZWMCp,82,2019,pop,0.567,0.267,4,-6.502,1,0.0299,0.839,1.46e-06,0.089,0.0592,110.011,240133,4
2025-01-30 22:24,Nick Cave & The Bad Seeds,O Children,409546,nick cave & the bad seeds - o children,970778,Nick Cave & The Bad Seeds,O Children,29FQEJUtBAnxWEkux39d7I,67,2004,rock,0.484,0.554,4,-7.064,0,0.0324,0.513,0.00207,0.0533,0.235,121.619,411387,4
2025-01-30 22:28,Ruel,Painkiller,213506,ruel - painkiller,377725,Ruel,Painkiller,1YlulsUKDduOmC7WxvXYPW,68,2019,dance,0.683,0.42,5,-6.51,1,0.0542,0.0875,0.0,0.225,0.469,128.621,213507,4
2025-01-30 22:32,Hozier,Take Me to Church,222301,hozier - take me to church,93786,Hozier,Take Me to Church,7J4gq1xNP3IsG6lDk0eSa7,42,2013,pop,0.572,0.661,4,-5.304,0,0.0472,0.59,0.0,0.121,0.386,129.093,241587,4
2025-01-30 22:42,5 Seconds of Summer,Red Desert,86530,5 seconds of summer - red desert,433490,5 Seconds of Summer,Red Desert,288li8gcr0oOAHDwAERZHS,57,2020,dance,0.501,0.83,9,-4.474,1,0.118,0.0205,2.52e-06,0.0563,0.449,133.927,229557,4
2025-01-30 22:46,Arctic Monkeys,No. 1 Party Anthem,243131,arctic monkeys - no. 1 party anthem,77597,Arctic Monkeys,No. 1 Party Anthem,5TTGoX70AFrTvuEtqHK37S,69,2013,garage,0.505,0.698,0,-5.563,1,0.0297,0.33,0.0887,0.0966,0.599,115.013,243132,4
2025-01-30 22:50,The Neighbourhood,Alleyways,267853,the neighbourhood - alleyways,56435,The Neighbourhood,Alleyways,4V37tyDu9CtqYshvrgLke4,59,2013,alt-rock,0.622,0.831,5,-4.819,0,0.0273,0.00102,0.803,0.119,0.363,101.03,267853,4
2025-01-30 22:54,Arctic Monkeys,Stop The World I Wanna Get Off With You,191040,arctic monkeys - stop the world i wanna get off with you,77598,Arctic Monkeys,Stop The World I Wanna Get Off With You,2QUlMbvD9bL8wHqfsoqoet,69,2013,garage,0.661,0.73,6,-6.779,0,0.0574,0.0537,3.44e-05,0.14,0.53,95.027,191040,4
2025-01-30 22:58,The Neighbourhood,Sadderdaze,245826,the neighbourhood - sadderdaze,311120,The Neighbourhood,Sadderdaze,7sIYHDxjteT6RY29gAGzP2,57,2018,alt-rock,0.414,0.527,4,-4.749,0,0.0287,0.00971,5.05e-05,0.145,0.306,120.009,245827,4
2025-01-30 23:00,Chase Atlantic,HER,169720,chase atlantic - her,406529,Chase Atlantic,HER,5i7g9wTIruXgWKvA83BXlk,64,2019,pop,0.706,0.586,5,-5.404,0,0.066,0.106,5.43e-06,0.169,0.689,139.984,169714,4
2025-01-30 23:08,Cigarettes After Sex,Falling In Love,245840,cigarettes after sex - falling in love,368577,Cigarettes After Sex,Falling In Love,4m1jesCFX1gQtIRFirfwCW,65,2019,ambient,0.482,0.267,7,-11.638,1,0.0262,0.722,0.02,0.125,0.347,140.617,245840,4
2025-01-30 23:44,The Neighbourhood,W.D.Y.W.F.M?,259413,the neighbourhood - w.d.y.w.f.m?,56407,The Neighbourhood,W.D.Y.W.F.M?,3vooOYHU0Fi3ViCG7Ozh0Y,65,2013,alt-rock,0.557,0.845,8,-2.926,0,0.0346,0.0303,0.00851,0.354,0.508,123.997,259413,4
2025-01-30 23:45,Cigarettes After Sex,Sweet,88603,cigarettes after sex - sweet,255748,Cigarettes After Sex,Sweet,3VSYkAf6f46i5ZkXOHORq1,72,2017,ambient,0.448,0.511,6,-9.084,1,0.0274,0.362,0.823,0.129,0.112,96.321,291640,4
2025-01-30 23:49,Cigarettes After Sex,Sweet,203518,cigarettes after sex - sweet,255748,Cigarettes After Sex,Sweet,3VSYkAf6f46i5ZkXOHORq1,72,2017,ambient,0.448,0.511,6,-9.084,1,0.0274,0.362,0.823,0.129,0.112,96.321,291640,4
2025-01-30 23:50,Chase Atlantic,Friends,77032,chase atlantic - friends,197528,Chase Atlantic,Friends,2jQiSYrwJehQAcuaaQrXnS,79,2015,pop,0.422,0.609,11,-6.361,0,0.0335,0.0114,4.76e-06,0.108,0.0911,107.34,230011,3
2025-01-31 00:42,Claude Debussy,"Préludes / Book 1, L. 117: VIII. La Fille Aux Cheveux De Lin",146683,"claude debussy - préludes / book 1, l. 117: viii. la fille aux cheveux de lin",317502,Claude Debussy,"Préludes / Book 1, L. 117: VIII. La fille aux cheveux de lin",5NAIQcA3vCUOC9AxNteyfD,51,2018,classical,0.345,0.00421,6,-33.152,1,0.0511,0.995,0.896,0.0514,0.131,127.845,151440,4
2025-01-31 00:47,Elena Kats-Chernin,Roses in a Box,46880,elena kats-chernin - roses in a box,317525,Elena Kats-Chernin,Roses in a Box,20BUmbjIRXr7MnGjNaC2R2,42,2018,classical,0.19,0.02,11,-33.983,0,0.0489,0.994,0.897,0.118,0.114,214.261,221401,4
2025-02-01 08:58,Indila,Love Story,303658,indila - love story,129473,Indila,Love Story,6nGeLlakfzlBcFdZXteDq7,71,2014,french,0.375,0.255,10,-12.279,0,0.0376,0.815,0.0,0.0845,0.331,95.978,316280,3
2025-02-03 04:32,Indila,Love Story,316280,indila - love story,129473,Indila,Love Story,6nGeLlakfzlBcFdZXteDq7,71,2014,french,0.375,0.255,10,-12.279,0,0.0376,0.815,0.0,0.0845,0.331,95.978,316280,3
2025-02-03 04:36,Indila,Love Story,200297,indila - love story,129473,Indila,Love Story,6nGeLlakfzlBcFdZXteDq7,71,2014,french,0.375,0.255,10,-12.279,0,0.0376,0.815,0.0,0.0845,0.331,95.978,316280,3
2025-02-03 20:01,Chase Atlantic,The Walls,229840,chase atlantic - the walls,293625,Chase Atlantic,The Walls,5pXui9rkf5W90DgZobuDiK,62,2017,pop,0.357,0.704,0,-6.925,0,0.0828,0.326,1.54e-06,0.124,0.225,144.172,229840,4
2025-02-03 20:05,Arctic Monkeys,She's Thunderstorms,234920,arctic monkeys - she's thunderstorms,1428149,Arctic Monkeys,She's Thunderstorms,5qm8ISXOho1EvFj6e4f4bG,46,2011,garage,0.505,0.898,7,-4.906,1,0.0329,0.000518,0.00236,0.173,0.731,118.929,234920,4
2025-02-03 20:09,Arctic Monkeys,Arabella,207356,arctic monkeys - arabella,77595,Arctic Monkeys,Arabella,7nzsY8vlnKdvGOEE0rjAXZ,76,2013,garage,0.579,0.558,2,-6.986,1,0.0895,0.0202,1.26e-06,0.212,0.506,179.949,207357,4
2025-02-03 20:13,Chase Atlantic,Swim,228786,chase atlantic - swim,293479,Chase Atlantic,Swim,3M0lSi5WW79CXQamgSBIjx,80,2017,pop,0.666,0.542,8,-6.429,1,0.0392,0.27,0.0,0.0765,0.0771,120.134,228787,4
2025-02-03 20:17,Chase Atlantic,HEAVEN AND BACK,248240,chase atlantic - heaven and back,406526,Chase Atlantic,HEAVEN AND BACK,5dewQ7ojISR32NAYNHFYWC,66,2019,pop,0.309,0.793,10,-6.195,0,0.0774,0.0902,0.092,0.0888,0.532,193.714,248240,4
2025-02-03 20:20,The Neighbourhood,The Shining,214693,the neighbourhood - the shining,423522,The Neighbourhood,The Shining,3m3ylOXgB3v9xmDSIJyx9S,57,2020,alt-rock,0.627,0.685,10,-6.871,1,0.0272,0.0534,0.756,0.096,0.552,96.989,214693,4
2025-02-03 20:25,The Neighbourhood,Reflections,244013,the neighbourhood - reflections,311045,The Neighbourhood,Reflections,2xql0pid3EUwW38AsywxhV,77,2018,alt-rock,0.648,0.594,11,-7.027,0,0.0293,0.114,0.0462,0.116,0.544,113.983,244013,4
2025-02-03 20:29,Cigarettes After Sex,Cry,256800,cigarettes after sex - cry,368575,Cigarettes After Sex,Cry,0Qr61NXlyAeQaADO5xn3rI,76,2019,ambient,0.409,0.399,7,-10.456,1,0.0275,0.763,0.654,0.112,0.161,142.823,256800,4
2025-02-03 20:32,The Neighbourhood,Softcore,206280,the neighbourhood - softcore,311042,The Neighbourhood,Softcore,2K7xn816oNHJZ0aVqdQsha,84,2018,alt-rock,0.575,0.568,9,-5.509,0,0.03,0.0484,0.000417,0.286,0.37,93.986,206280,4
2025-02-03 20:37,Arctic Monkeys,Do I Wanna Know?,272394,arctic monkeys - do i wanna know?,77593,Arctic Monkeys,Do I Wanna Know?,5FVd6KXrgO9B3JPmC8OPst,86,2013,garage,0.548,0.532,5,-7.596,1,0.0323,0.186,0.000263,0.217,0.405,85.03,272394,4
2025-02-03 20:41,Chase Atlantic,Consume (feat. Goon Des Garcons),267920,chase atlantic - consume (feat. goon des garcons),293489,Chase Atlantic,Consume (feat. Goon Des Garcons),0X2bh8NVQ8svDQIn2AdCbW,77,2017,pop,0.556,0.714,9,-5.322,0,0.158,0.07,0.0,0.261,0.434,146.113,267920,4
2025-02-03 20:46,The Neighbourhood,Daddy Issues,260173,the neighbourhood - daddy issues,162916,The Neighbourhood,Daddy Issues,5E30LdtzQTGqRvNd7l6kG5,84,2015,alt-rock,0.588,0.521,10,-9.461,1,0.0329,0.0678,0.149,0.123,0.337,85.012,260173,4
2025-02-03 20:50,Chase Atlantic,Tidal Wave,243670,chase atlantic - tidal wave,350373,Chase Atlantic,Tidal Wave,2b2lL6iY3x1CSOv7QQbp8R,60,2018,pop,0.599,0.609,4,-5.14,1,0.052,0.565,2.11e-05,0.137,0.383,123.967,243707,4
2025-02-03 21:00,Chase Atlantic,Meddle About,203886,chase atlantic - meddle about,197593,Chase Atlantic,Meddle About,1x5gfSHfhWpMFKKqbuDe9G,68,2015,pop,0.387,0.797,4,-6.41,0,0.052,0.00404,0.0108,0.314,0.369,159.897,203886,4
2025-02-03 21:03,Chase Atlantic,Vibes,216217,chase atlantic - vibes,197787,Chase Atlantic,Vibes,0AIRuNLJPz613ByB1k2W5o,56,2015,pop,0.494,0.88,9,-5.064,1,0.0545,0.0192,0.0,0.187,0.344,100.023,216217,4
2025-02-03 21:07,Chase Atlantic,LIKE A ROCKSTAR,208111,chase atlantic - like a rockstar,406638,Chase Atlantic,LIKE A ROCKSTAR,1e5Zf1EU0TAitK207VOUY7,59,2019,pop,0.58,0.611,8,-6.33,0,0.0646,0.331,0.0,0.0982,0.463,81.55,208112,4
2025-02-03 21:10,ELIO,hurts 2 hate somebody (with Chase Atlantic & No Rome),186665,elio - hurts 2 hate somebody (with chase atlantic & no rome),488289,ELIO,hurts 2 hate somebody (with Chase Atlantic & No Rome),2EKo5WC2LX4fiplTWan5Rl,54,2021,dance,0.623,0.683,7,-3.512,1,0.0437,0.0995,0.0,0.372,0.747,90.021,186665,4
2025-02-03 21:15,Arctic Monkeys,There’d Better Be A Mirrorball,265798,arctic monkeys - there’d better be a mirrorball,552581,Arctic Monkeys,There’d Better Be A Mirrorball,1zx6GSqLYI2ynzAHnPRKBR,65,2022,garage,0.521,0.365,3,-10.914,1,0.0317,0.626,0.012,0.185,0.324,143.789,265798,4
2025-02-03 21:18,The Neighbourhood,Scary Love,222666,the neighbourhood - scary love,311068,The Neighbourhood,Scary Love,6TA5aymvVrtiPVbuAwmPIc,65,2018,alt-rock,0.595,0.636,5,-5.981,0,0.0312,9.45e-05,0.0529,0.196,0.147,112.008,222667,4
2025-02-03 21:22,Arctic Monkeys,Cornerstone,197973,arctic monkeys - cornerstone,1286929,Arctic Monkeys,Cornerstone,3MC4XRbQADJdW9IIIwbe2u,53,2009,garage,0.287,0.721,9,-5.81,1,0.0387,0.00764,0.0,0.328,0.763,169.252,197973,4
2025-02-03 21:24,Arctic Monkeys,Why'd You Only Call Me When You're High?,161123,arctic monkeys - why'd you only call me when you're high?,77592,Arctic Monkeys,Why'd You Only Call Me When You're High?,086myS9r57YsLbJpU0TgK9,85,2013,garage,0.691,0.631,2,-6.478,1,0.0368,0.0483,1.13e-05,0.104,0.8,92.004,161124,4
2025-02-03 21:28,The Neighbourhood,Sadderdaze,245826,the neighbourhood - sadderdaze,311120,The Neighbourhood,Sadderdaze,7sIYHDxjteT6RY29gAGzP2,57,2018,alt-rock,0.414,0.527,4,-4.749,0,0.0287,0.00971,5.05e-05,0.145,0.306,120.009,245827,4
2025-02-04 00:32,Cigarettes After Sex,Heavenly,48398,cigarettes after sex - heavenly,368576,Cigarettes After Sex,Heavenly,1Bh0UzthW8pKEnYg7v40Oa,69,2019,ambient,0.539,0.431,8,-9.298,1,0.0249,0.628,0.653,0.11,0.122,105.156,288595,4
2025-02-04 00:49,Taylor Swift,The Way I Loved You (Taylor’s Version),243136,taylor swift - the way i loved you (taylor’s version),515593,Taylor Swift,The Way I Loved You (Taylor’s Version),22bPsP2jCgbLUvh82U0Z3M,78,2021,pop,0.402,0.732,5,-4.665,1,0.0484,0.0033,0.0,0.108,0.472,161.032,243137,4
2025-02-04 00:55,Lana Del Rey,Cinnamon Girl,233987,lana del rey - cinnamon girl,406385,Lana Del Rey,Cinnamon Girl,2mdEsXPu8ZmkHRRtAdC09e,79,2019,pop,0.294,0.337,6,-10.614,0,0.036,0.814,0.414,0.14,0.135,91.781,300683,5
2025-02-04 01:03,Conan Gray,The Cut That Always Bleeds,231920,conan gray - the cut that always bleeds,462080,Conan Gray,The Cut That Always Bleeds,7wTqEW5nrMhvyEhEyTnOMd,65,2020,pop,0.489,0.413,0,-6.499,1,0.0314,0.59,0.0,0.0639,0.246,136.116,231920,4
2025-02-04 01:08,Indila,Love Story,316280,indila - love story,129473,Indila,Love Story,6nGeLlakfzlBcFdZXteDq7,71,2014,french,0.375,0.255,10,-12.279,0,0.0376,0.815,0.0,0.0845,0.331,95.978,316280,3
2025-02-04 01:17,Ellie Goulding,My Blood,234184,ellie goulding - my blood,12165,Ellie Goulding,My Blood,6knYNyQupBIbBxV8TMOMYM,58,2012,dance,0.476,0.592,9,-5.283,0,0.029,0.556,0.0,0.281,0.306,87.003,234185,4
2025-02-04 01:21,Adele,Skyfall,286480,adele - skyfall,40359,Adele,Skyfall,6VObnIkLVruX4UVyxWhlqm,76,2012,pop,0.346,0.552,0,-6.864,0,0.0282,0.417,0.0,0.114,0.0789,75.881,286480,4
2025-02-04 01:39,Conan Gray,The Cut That Always Bleeds,231920,conan gray - the cut that always bleeds,462080,Conan Gray,The Cut That Always Bleeds,7wTqEW5nrMhvyEhEyTnOMd,65,2020,pop,0.489,0.413,0,-6.499,1,0.0314,0.59,0.0,0.0639,0.246,136.116,231920,4
2025-02-04 01:45,Indila,Love Story,316280,indila - love story,129473,Indila,Love Story,6nGeLlakfzlBcFdZXteDq7,71,2014,french,0.375,0.255,10,-12.279,0,0.0376,0.815,0.0,0.0845,0.331,95.978,316280,3
2025-02-04 01:48,Ellie Goulding,My Blood,234184,ellie goulding - my blood,12165,Ellie Goulding,My Blood,6knYNyQupBIbBxV8TMOMYM,58,2012,dance,0.476,0.592,9,-5.283,0,0.029,0.556,0.0,0.281,0.306,87.003,234185,4
2025-02-04 01:53,Adele,Skyfall,286480,adele - skyfall,40359,Adele,Skyfall,6VObnIkLVruX4UVyxWhlqm,76,2012,pop,0.346,0.552,0,-6.864,0,0.0282,0.417,0.0,0.114,0.0789,75.881,286480,4
2025-02-04 02:11,Conan Gray,The Cut That Always Bleeds,231920,conan gray - the cut that always bleeds,462080,Conan Gray,The Cut That Always Bleeds,7wTqEW5nrMhvyEhEyTnOMd,65,2020,pop,0.489,0.413,0,-6.499,1,0.0314,0.59,0.0,0.0639,0.246,136.116,231920,4
2025-02-05 19:04,Indila,Love Story,82861,indila - love story,129473,Indila,Love Story,6nGeLlakfzlBcFdZXteDq7,71,2014,french,0.375,0.255,10,-12.279,0,0.0376,0.815,0.0,0.0845,0.331,95.978,316280,3
2025-02-05 19:08,Indila,Love Story,233427,indila - love story,129473,Indila,Love Story,6nGeLlakfzlBcFdZXteDq7,71,2014,french,0.375,0.255,10,-12.279,0,0.0376,0.815,0.0,0.0845,0.331,95.978,316280,3
2025-02-05 19:11,Ellie Goulding,My Blood,50673,ellie goulding - my blood,12165,Ellie Goulding,My Blood,6knYNyQupBIbBxV8TMOMYM,58,2012,dance,0.476,0.592,9,-5.283,0,0.029,0.556,0.0,0.281,0.306,87.003,234185,4
2025-02-05 19:14,Lana Del Rey,"Once Upon a Dream - From ""Maleficent"" / Pop Version",203080,"lana del rey - once upon a dream - from ""maleficent"" / pop version",146828,Lana Del Rey,"Once Upon a Dream - From ""Maleficent"" / Pop Version",3liiZRlJxa8GeLUgWMoIeu,64,2014,pop,0.289,0.274,5,-16.574,1,0.0353,0.659,0.0166,0.109,0.167,119.997,203080,3
2025-02-05 19:21,Lana Del Rey,Ultraviolence,251480,lana del rey - ultraviolence,146806,Lana Del Rey,Ultraviolence,1y3r6RXiJZNBV1EI0NggpS,73,2014,pop,0.144,0.541,0,-7.076,1,0.038,0.278,1.01e-05,0.101,0.0899,79.262,251480,3
2025-02-05 19:24,Sabrina Carpenter,Feather,185552,sabrina carpenter - feather,591140,Sabrina Carpenter,Feather,2Zo1PcszsT9WQ0ANntJbID,67,2023,dance,0.787,0.686,6,-4.37,0,0.0339,0.0893,0.0,0.0927,0.836,123.51,185553,4
2025-02-05 19:49,Taylor Swift,Lover,181997,taylor swift - lover,406372,Taylor Swift,Lover,1dGr1c8CrMLDpV6mPbImSI,83,2019,pop,0.359,0.543,7,-7.582,1,0.0919,0.492,1.58e-05,0.118,0.453,68.534,221307,4
2025-02-05 19:50,Gracie Abrams,"I miss you, I’m sorry",11160,"gracie abrams - i miss you, i’m sorry",462026,Gracie Abrams,"I miss you, I’m sorry",4nyF5lmSziBAt7ESAUjpbx,75,2020,pop,0.445,0.455,7,-6.405,1,0.0575,0.731,1.47e-06,0.124,0.151,109.885,167538,5
2025-02-05 20:02,Adele,Skyfall,286480,adele - skyfall,40359,Adele,Skyfall,6VObnIkLVruX4UVyxWhlqm,76,2012,pop,0.346,0.552,0,-6.864,0,0.0282,0.417,0.0,0.114,0.0789,75.881,286480,4
2025-02-05 20:16,Gracie Abrams,"I miss you, I’m sorry",167538,"gracie abrams - i miss you, i’m sorry",462026,Gracie Abrams,"I miss you, I’m sorry",4nyF5lmSziBAt7ESAUjpbx,75,2020,pop,0.445,0.455,7,-6.405,1,0.0575,0.731,1.47e-06,0.124,0.151,109.885,167538,5
2025-02-05 20:24,Indila,Love Story,316280,indila - love story,129473,Indila,Love Story,6nGeLlakfzlBcFdZXteDq7,71,2014,french,0.375,0.255,10,-12.279,0,0.0376,0.815,0.0,0.0845,0.331,95.978,316280,3
2025-02-05 23:34,Ellie Goulding,My Blood,17448,ellie goulding - my blood,12165,Ellie Goulding,My Blood,6knYNyQupBIbBxV8TMOMYM,58,2012,dance,0.476,0.592,9,-5.283,0,0.029,0.556,0.0,0.281,0.306,87.003,234185,4
2025-02-05 23:34,Conan Gray,The Cut That Always Bleeds,231920,conan gray - the cut that always bleeds,462080,Conan Gray,The Cut That Always Bleeds,7wTqEW5nrMhvyEhEyTnOMd,65,2020,pop,0.489,0.413,0,-6.499,1,0.0314,0.59,0.0,0.0639,0.246,136.116,231920,4
2025-02-05 23:59,Tinashe,2 On (feat. ScHoolboy Q),111800,tinashe - 2 on (feat. schoolboy q),119693,Tinashe,2 On (feat. ScHoolboy Q),3jVtllWS5CFFWLQng8sKsr,71,2014,dance,0.742,0.595,9,-7.51,1,0.107,0.15,0.0,0.111,0.431,101.013,227000,4
2025-02-06 00:03,Charlie Puth,We Don't Talk Anymore (feat. Selena Gomez),217706,charlie puth - we don't talk anymore (feat. selena gomez),224459,Charlie Puth,We Don't Talk Anymore (feat. Selena Gomez),37FXw5QGFN7uwwsLy8uAc0,68,2016,dance,0.728,0.563,1,-8.053,0,0.134,0.621,0.0,0.179,0.352,100.017,217707,4
2025-02-06 00:21,Gwen Stefani,Luxurious,19403,gwen stefani - luxurious,931096,Gwen Stefani,Luxurious,3UQmoVQJqBYauTZLVPs3uo,62,2004,dance,0.811,0.726,0,-3.995,1,0.0813,0.154,0.0,0.116,0.666,131.027,264920,4
2025-02-06 00:29,Gwen Stefani,Luxurious,8780,gwen stefani - luxurious,931096,Gwen Stefani,Luxurious,3UQmoVQJqBYauTZLVPs3uo,62,2004,dance,0.811,0.726,0,-3.995,1,0.0813,0.154,0.0,0.116,0.666,131.027,264920,4
2025-02-06 00:29,Cigarettes After Sex,Pure,18110,cigarettes after sex - pure,368590,Cigarettes After Sex,Pure,5EYkide3NzE6gDIHvd4Pvz,53,2019,ambient,0.521,0.211,6,-13.489,0,0.0324,0.544,0.836,0.101,0.0412,134.285,254627,3
2025-02-06 00:34,Cigarettes After Sex,John Wayne,258483,cigarettes after sex - john wayne,255750,Cigarettes After Sex,John Wayne,5IonbH68pmDKBwcKlyswmR,65,2017,ambient,0.429,0.457,3,-8.375,1,0.0294,0.35,0.859,0.099,0.183,124.033,258013,4
2025-02-06 00:36,Arctic Monkeys,Baby I'm Yours,152613,arctic monkeys - baby i'm yours,1076412,Arctic Monkeys,Baby I'm Yours,6FLqFu1ApSkUddZ9P4H6Io,58,2006,garage,0.462,0.595,2,-9.363,1,0.0347,0.215,0.0,0.184,0.64,113.719,152613,4
2025-02-06 00:42,The Neighbourhood,Sweater Weather,240400,the neighbourhood - sweater weather,1800,The Neighbourhood,Sweater Weather,4pGqFOfzvfe6avb9kbZicC,60,2012,alt-rock,0.695,0.615,7,-5.325,0,0.042,0.15,0.000212,0.0879,0.414,124.015,240040,4
2025-02-06 18:19,The Neighbourhood,Baby Came Home 2 / Valentines,192223,the neighbourhood - baby came home 2 / valentines,162929,The Neighbourhood,Baby Came Home 2 / Valentines,40gvh6jP5qxMJuMmF9lG9A,67,2015,alt-rock,0.21,0.499,2,-9.754,0,0.0485,0.0687,0.00315,0.773,0.108,74.094,390493,4
2025-02-06 18:23,The Neighbourhood,Baby Came Home 2 / Valentines,198273,the neighbourhood - baby came home 2 / valentines,162929,The Neighbourhood,Baby Came Home 2 / Valentines,40gvh6jP5qxMJuMmF9lG9A,67,2015,alt-rock,0.21,0.499,2,-9.754,0,0.0485,0.0687,0.00315,0.773,0.108,74.094,390493,4
2025-02-06 18:29,Arctic Monkeys,Stop The World I Wanna Get Off With You,191040,arctic monkeys - stop the world i wanna get off with you,77598,Arctic Monkeys,Stop The World I Wanna Get Off With You,2QUlMbvD9bL8wHqfsoqoet,69,2013,garage,0.661,0.73,6,-6.779,0,0.0574,0.0537,3.44e-05,0.14,0.53,95.027,191040,4
2025-02-06 18:31,Charlie Puth,One Call Away,41310,charlie puth - one call away,224474,Charlie Puth,One Call Away,7soJgKhQTO8hLP2JPRkL5O,64,2016,dance,0.667,0.613,1,-5.353,1,0.0344,0.403,0.0,0.115,0.47,91.024,194453,4
2025-02-06 18:31,Cigarettes After Sex,Cry,60714,cigarettes after sex - cry,368575,Cigarettes After Sex,Cry,0Qr61NXlyAeQaADO5xn3rI,76,2019,ambient,0.409,0.399,7,-10.456,1,0.0275,0.763,0.654,0.112,0.161,142.823,256800,4
2025-02-06 18:38,Scott Walker,The Old Man's Back Again (Dedicated To The Neo-Stalinist Regime),220573,scott walker - the old man's back again (dedicated to the neo-stalinist regime),640241,Scott Walker,The Old Man's Back Again (Dedicated To The Neo-Stalinist Regime),0Y8FOKVbELYeqtHB6zk2C0,22,2000,folk,0.489,0.602,8,-11.684,0,0.0439,0.484,5.35e-06,0.174,0.803,91.936,223267,4
2025-02-06 18:40,Billy Fury,Wondrous Place,145240,billy fury - wondrous place,354270,Billy Fury,Wondrous Place,5guEhDzhFUYmJFeDOEC2yS,35,2018,rock-n-roll,0.643,0.421,7,-10.285,1,0.0336,0.384,0.0,0.121,0.714,115.057,154387,4
2025-02-06 19:05,Parra for Cuva,Wicked Games (feat. Anna Naklab) - Radio Edit,195210,parra for cuva - wicked games (feat. anna naklab) - radio edit,72880,Parra for Cuva,Wicked Games (feat. Anna Naklab) - Radio Edit,6JrAEmBFd61eYIGVOSPnT4,62,2013,electro,0.801,0.641,11,-8.584,1,0.0455,0.0667,0.0244,0.172,0.701,124.979,195210,4
2025-02-06 19:10,Katy Perry,Wide Awake,220946,katy perry - wide awake,12154,Katy Perry,Wide Awake,5JLv62qFIS1DR3zGEcApRt,68,2012,dance,0.514,0.683,5,-5.099,1,0.0367,0.0749,2.64e-06,0.392,0.575,159.814,220947,4
2025-02-06 19:14,Taylor Swift,Speak Now,240760,taylor swift - speak now,1380435,Taylor Swift,Speak Now,24DefNCFiWTP8OjYWiXuYe,62,2010,pop,0.709,0.599,7,-3.734,1,0.0304,0.095,0.0,0.0973,0.735,118.975,240760,4
2025-02-06 19:23,The 1975,About You,326490,the 1975 - about you,531980,The 1975,About You,1fDFHXcykq4iw8Gg7s5hG9,81,2022,alt-rock,0.416,0.762,2,-7.385,1,0.0279,0.312,0.804,0.0559,0.461,95.967,326491,4
2025-02-06 19:28,Lana Del Rey,Sad Girl,317760,lana del rey - sad girl,146791,Lana Del Rey,Sad Girl,11MyiSGZSYSmhhqwGUTtAq,75,2014,pop,0.345,0.587,5,-8.346,1,0.0364,0.539,0.0731,0.119,0.258,119.479,317760,4
2025-02-06 19:39,Ruth B.,Dandelions,99487,ruth b. - dandelions,293465,Ruth B.,Dandelions,2eAvDnpXP5W0cVtiI0PUxV,87,2017,pop,0.609,0.692,1,-2.958,1,0.0259,0.0157,0.0,0.0864,0.454,116.959,233720,3
2025-02-06 19:39,Taylor Swift,Cruel Summer,1280,taylor swift - cruel summer,406369,Taylor Swift,Cruel Summer,1BxfuPKGuaTgP7aM0Bbdwr,83,2019,pop,0.552,0.702,9,-5.707,1,0.157,0.117,2.06e-05,0.105,0.564,169.994,178427,4
2025-02-06 19:39,Taylor Swift,Love Story,3380,taylor swift - love story,1238481,Taylor Swift,Love Story,1vrd6UOGamcKNGnSHJQlSt,67,2008,pop,0.618,0.741,2,-3.95,1,0.031,0.17,0.0,0.0822,0.296,118.984,235267,4
2025-02-06 19:57,Doja Cat,Kiss Me More (feat. SZA),208666,doja cat - kiss me more (feat. sza),487896,Doja Cat,Kiss Me More (feat. SZA),3DarAbFujv6eYNliUTyqtz,80,2021,dance,0.764,0.705,8,-3.463,1,0.0284,0.259,8.92e-05,0.12,0.781,110.97,208667,4
2025-02-06 20:01,Sasha Alex Sloan,Dancing With Your Ghost,197732,sasha alex sloan - dancing with your ghost,384327,Sasha Alex Sloan,Dancing With Your Ghost,1TQXIltqoZ5XXyfCbAeSQQ,78,2019,electro,0.629,0.328,11,-8.284,1,0.029,0.768,2.5e-05,0.103,0.389,74.953,197732,4
2025-02-06 20:06,Taylor Swift,Don’t Blame Me,236413,taylor swift - don’t blame me,293464,Taylor Swift,Don’t Blame Me,1R0a2iXumgCiFb7HEZ7gUE,85,2017,pop,0.615,0.534,9,-6.719,0,0.0386,0.106,1.76e-05,0.0607,0.193,135.917,236413,4
2025-02-06 20:10,Olivia Rodrigo,traitor,229226,olivia rodrigo - traitor,515570,Olivia Rodrigo,traitor,5CZ40GBx1sQ9agT82CLQCT,84,2021,pop,0.38,0.339,3,-7.885,1,0.0338,0.691,0.0,0.12,0.0849,100.607,229227,4
2025-02-06 20:17,Olivia Rodrigo,happier,175933,olivia rodrigo - happier,515580,Olivia Rodrigo,happier,2tGvwE8GcFKwNdAXMnlbfl,82,2021,pop,0.395,0.443,6,-9.72,1,0.133,0.765,9.67e-06,0.0839,0.338,168.924,175933,3
2025-02-06 20:18,Keane,Somewhere Only We Know,42098,keane - somewhere only we know,93054,Keane,Somewhere Only We Know,7AQAlklmptrrkBSeujkXsD,54,2013,piano,0.442,0.606,9,-5.825,1,0.0259,0.0678,1.43e-05,0.0973,0.359,171.982,235880,4
2025-02-07 03:03,Laufey,Fragile,238690,laufey - fragile,577950,Laufey,Fragile,608wYP5XWenLz8cOSYjX7X,59,2022,singer-songwriter,0.361,0.413,3,-12.43,1,0.065,0.931,0.000179,0.231,0.336,149.301,241080,4
2025-02-07 03:06,Chase Atlantic,Into It,196767,chase atlantic - into it,293490,Chase Atlantic,Into It,4HwDCXsMBC7SUdp2WT4MZP,77,2017,pop,0.518,0.572,10,-6.706,0,0.0416,0.0503,2.41e-05,0.129,0.291,130.053,196767,4
2025-02-07 03:11,Djo,End of Beginning,44436,djo - end of beginning,569335,Djo,End of Beginning,3qhlB30KknSejmIvZZLjOD,66,2022,pop,0.689,0.454,2,-7.643,1,0.0584,0.0351,0.00259,0.0707,0.912,159.982,159246,4
2025-02-07 03:11,Chase Atlantic,LUST,204106,chase atlantic - lust,406673,Chase Atlantic,LUST,51t7nQOI35g07O0z4fflO1,57,2019,pop,0.641,0.755,4,-6.274,1,0.244,0.018,0.000443,0.159,0.477,131.954,204107,4
2025-02-07 03:18,Chase Atlantic,Okay,147615,chase atlantic - okay,293566,Chase Atlantic,Okay,492PZFHvGTm3RZZYeeUVWT,67,2017,pop,0.614,0.815,0,-6.784,1,0.131,0.112,0.0,0.121,0.431,130.049,212307,4
2025-02-07 03:27,Chase Atlantic,The Walls,229840,chase atlantic - the walls,293625,Chase Atlantic,The Walls,5pXui9rkf5W90DgZobuDiK,62,2017,pop,0.357,0.704,0,-6.925,0,0.0828,0.326,1.54e-06,0.124,0.225,144.172,229840,4
2025-02-10 20:45,The Neighbourhood,Afraid,22568,the neighbourhood - afraid,56398,The Neighbourhood,Afraid,7brQHA2CgQpcMBiOlfiXYb,74,2013,alt-rock,0.464,0.701,6,-5.693,0,0.0411,0.00892,0.309,0.335,0.356,83.996,251187,4
2025-02-10 20:49,Taylor Swift,Style,231000,taylor swift - style,146766,Taylor Swift,Style,4lIxdJw6W3Fg4vUIYCB0S5,74,2014,pop,0.598,0.786,2,-5.572,1,0.0383,0.00253,0.0016,0.117,0.456,95.019,231000,4
2025-02-10 20:53,Lana Del Rey,Diet Mountain Dew,222920,lana del rey - diet mountain dew,40357,Lana Del Rey,Diet Mountain Dew,6BFnRhvKCclDQOajt8dBGi,67,2012,pop,0.442,0.68,10,-5.971,0,0.0858,0.284,0.0,0.421,0.601,176.09,222920,4
2025-02-10 20:59,7!!,オレンジ,350106,7!! - オレンジ,297466,7!!,オレンジ,1iOQmZULzzkDN1hQZNoDii,49,2017,rock,0.4,0.563,7,-4.023,1,0.0319,0.194,0.0,0.162,0.311,172.027,350107,4
2025-02-10 21:02,Lana Del Rey,Radio,214573,lana del rey - radio,40378,Lana Del Rey,Radio,4PMdq7Q7xOFrY424ZelZEb,59,2012,pop,0.423,0.857,2,-5.173,1,0.0687,0.188,2.63e-05,0.105,0.196,75.024,214574,4
2025-02-10 21:06,Taylor Swift,The Archer,211240,taylor swift - the archer,406406,Taylor Swift,The Archer,3pHkh7d0lzM2AldUtz2x37,73,2019,pop,0.292,0.574,0,-9.375,1,0.0401,0.12,0.00569,0.0663,0.166,124.344,211240,4
2025-02-10 21:10,Lana Del Rey,Million Dollar Man,230120,lana del rey - million dollar man,40394,Lana Del Rey,Million Dollar Man,4lXHVnmDO5u62tGJIpTafd,53,2012,pop,0.382,0.589,6,-5.991,1,0.0359,0.484,0.0,0.131,0.511,65.627,231574,4
2025-02-10 21:13,Taylor Swift,All Of The Girls You Loved Before,221407,taylor swift - all of the girls you loved before,406371,Taylor Swift,All Of The Girls You Loved Before,4P9Q0GojKVXpRTJCaL3kyy,82,2019,pop,0.718,0.467,2,-9.66,1,0.0398,0.707,6.92e-05,0.126,0.396,95.96,221407,3
2025-02-10 21:17,Taylor Swift,Gorgeous,4138,taylor swift - gorgeous,293486,Taylor Swift,Gorgeous,1ZY1PqizIl78geGM4xWlEA,77,2017,pop,0.8,0.535,7,-6.684,1,0.135,0.0713,9.48e-06,0.213,0.451,92.027,209680,4
2025-02-10 21:25,Lana Del Rey,Chemtrails Over The Country Club,271176,lana del rey - chemtrails over the country club,515662,Lana Del Rey,Chemtrails Over The Country Club,7bPWdJgx8vek7S5i5yAtvG,70,2021,pop,0.334,0.276,4,-13.125,0,0.0643,0.877,0.000249,0.113,0.429,201.025,271177,3
2025-02-10 21:25,Taylor Swift,The Man,4592,taylor swift - the man,406380,Taylor Swift,The Man,3RauEVgRgj1IuWdJ9fDs70,78,2019,pop,0.777,0.658,0,-5.191,1,0.054,0.0767,0.0,0.0901,0.633,110.048,190360,4
2025-02-10 21:29,Taylor Swift,illicit affairs,190898,taylor swift - illicit affairs,462035,Taylor Swift,illicit affairs,2NmsngXHeC1GQ9wWrzhOMf,71,2020,pop,0.559,0.31,10,-10.445,1,0.0338,0.881,0.0,0.106,0.46,119.845,190898,4
2025-02-10 21:51,Lana Del Rey,Cinnamon Girl,107243,lana del rey - cinnamon girl,406385,Lana Del Rey,Cinnamon Girl,2mdEsXPu8ZmkHRRtAdC09e,79,2019,pop,0.294,0.337,6,-10.614,0,0.036,0.814,0.414,0.14,0.135,91.781,300683,5
2025-02-11 00:30,Olivia Rodrigo,deja vu,16130,olivia rodrigo - deja vu,515572,Olivia Rodrigo,deja vu,6HU7h9RYOaPRFeh0R3UeAr,83,2021,pop,0.442,0.612,2,-7.222,1,0.112,0.584,5.7e-06,0.37,0.178,180.917,215507,4
2025-02-11 00:34,Chase Atlantic,Friends,230010,chase atlantic - friends,197528,Chase Atlantic,Friends,2jQiSYrwJehQAcuaaQrXnS,79,2015,pop,0.422,0.609,11,-6.361,0,0.0335,0.0114,4.76e-06,0.108,0.0911,107.34,230011,3
2025-02-11 00:36,d4vd,Romantic Homicide,132630,d4vd - romantic homicide,569185,d4vd,Romantic Homicide,1xK59OXxi2TAAAbmZK0kBL,90,2022,pop,0.571,0.544,6,-10.613,1,0.0299,0.453,0.00805,0.322,0.216,132.052,132631,4
2025-02-11 00:41,Chase Atlantic,Meddle About,203886,chase atlantic - meddle about,197593,Chase Atlantic,Meddle About,1x5gfSHfhWpMFKKqbuDe9G,68,2015,pop,0.387,0.797,4,-6.41,0,0.052,0.00404,0.0108,0.314,0.369,159.897,203886,4
2025-02-11 00:58,Cigarettes After Sex,Truly,244110,cigarettes after sex - truly,255760,Cigarettes After Sex,Truly,6qwEx0TQJMEqvQdN8hRZDx,57,2017,ambient,0.44,0.387,4,-9.792,1,0.0279,0.148,0.559,0.0844,0.267,96.556,243640,4
2025-02-11 01:01,Arctic Monkeys,Arabella,207356,arctic monkeys - arabella,77595,Arctic Monkeys,Arabella,7nzsY8vlnKdvGOEE0rjAXZ,76,2013,garage,0.579,0.558,2,-6.986,1,0.0895,0.0202,1.26e-06,0.212,0.506,179.949,207357,4
2025-02-11 01:05,The Neighbourhood,The Shining,214693,the neighbourhood - the shining,423522,The Neighbourhood,The Shining,3m3ylOXgB3v9xmDSIJyx9S,57,2020,alt-rock,0.627,0.685,10,-6.871,1,0.0272,0.0534,0.756,0.096,0.552,96.989,214693,4
2025-02-11 01:11,Arctic Monkeys,She's Thunderstorms,234920,arctic monkeys - she's thunderstorms,1428149,Arctic Monkeys,She's Thunderstorms,5qm8ISXOho1EvFj6e4f4bG,46,2011,garage,0.505,0.898,7,-4.906,1,0.0329,0.000518,0.00236,0.173,0.731,118.929,234920,4
2025-02-11 01:49,The Neighbourhood,Cherry Flavoured,208453,the neighbourhood - cherry flavoured,423465,The Neighbourhood,Cherry Flavoured,40iocOzytrqaRn5RbGPDNp,65,2020,alt-rock,0.617,0.574,6,-9.768,1,0.0276,0.23,0.0105,0.0983,0.396,91.769,208453,4
2025-02-12 18:47,The Neighbourhood,Daddy Issues,39567,the neighbourhood - daddy issues,162916,The Neighbourhood,Daddy Issues,5E30LdtzQTGqRvNd7l6kG5,84,2015,alt-rock,0.588,0.521,10,-9.461,1,0.0329,0.0678,0.149,0.123,0.337,85.012,260173,4
2025-02-12 18:47,The Neighbourhood,Daddy Issues,220608,the neighbourhood - daddy issues,162916,The Neighbourhood,Daddy Issues,5E30LdtzQTGqRvNd7l6kG5,84,2015,alt-rock,0.588,0.521,10,-9.461,1,0.0329,0.0678,0.149,0.123,0.337,85.012,260173,4
2025-02-12 19:00,Arctic Monkeys,Snap Out Of It,40680,arctic monkeys - snap out of it,77594,Arctic Monkeys,Snap Out Of It,0NdTUS4UiNYCNn5FgVqKQY,78,2013,garage,0.728,0.638,5,-6.455,0,0.0336,0.249,0.0,0.116,0.872,130.014,193030,4
2025-02-12 19:55,Adele,Skyfall,286480,adele - skyfall,40359,Adele,Skyfall,6VObnIkLVruX4UVyxWhlqm,76,2012,pop,0.346,0.552,0,-6.864,0,0.0282,0.417,0.0,0.114,0.0789,75.881,286480,4
2025-02-12 20:03,Indila,Love Story,316280,indila - love story,129473,Indila,Love Story,6nGeLlakfzlBcFdZXteDq7,71,2014,french,0.375,0.255,10,-12.279,0,0.0376,0.815,0.0,0.0845,0.331,95.978,316280,3
2025-02-12 20:07,Ellie Goulding,My Blood,233448,ellie goulding - my blood,12165,Ellie Goulding,My Blood,6knYNyQupBIbBxV8TMOMYM,58,2012,dance,0.476,0.592,9,-5.283,0,0.029,0.556,0.0,0.281,0.306,87.003,234185,4
2025-02-12 20:14,Conan Gray,The Cut That Always Bleeds,231920,conan gray - the cut that always bleeds,462080,Conan Gray,The Cut That Always Bleeds,7wTqEW5nrMhvyEhEyTnOMd,65,2020,pop,0.489,0.413,0,-6.499,1,0.0314,0.59,0.0,0.0639,0.246,136.116,231920,4
2025-02-12 20:17,Gracie Abrams,"I miss you, I’m sorry",167538,"gracie abrams - i miss you, i’m sorry",462026,Gracie Abrams,"I miss you, I’m sorry",4nyF5lmSziBAt7ESAUjpbx,75,2020,pop,0.445,0.455,7,-6.405,1,0.0575,0.731,1.47e-06,0.124,0.151,109.885,167538,5
2025-02-12 23:30,Adele,Skyfall,286480,adele - skyfall,40359,Adele,Skyfall,6VObnIkLVruX4UVyxWhlqm,76,2012,pop,0.346,0.552,0,-6.864,0,0.0282,0.417,0.0,0.114,0.0789,75.881,286480,4
2025-02-12 23:38,Indila,Love Story,316280,indila - love story,129473,Indila,Love Story,6nGeLlakfzlBcFdZXteDq7,71,2014,french,0.375,0.255,10,-12.279,0,0.0376,0.815,0.0,0.0845,0.331,95.978,316280,3
2025-02-12 23:42,Ellie Goulding,My Blood,234184,ellie goulding - my blood,12165,Ellie Goulding,My Blood,6knYNyQupBIbBxV8TMOMYM,58,2012,dance,0.476,0.592,9,-5.283,0,0.029,0.556,0.0,0.281,0.306,87.003,234185,4
2025-02-12 23:46,Conan Gray,The Cut That Always Bleeds,231920,conan gray - the cut that always bleeds,462080,Conan Gray,The Cut That Always Bleeds,7wTqEW5nrMhvyEhEyTnOMd,65,2020,pop,0.489,0.413,0,-6.499,1,0.0314,0.59,0.0,0.0639,0.246,136.116,231920,4
2025-02-12 23:49,Gracie Abrams,"I miss you, I’m sorry",167538,"gracie abrams - i miss you, i’m sorry",462026,Gracie Abrams,"I miss you, I’m sorry",4nyF5lmSziBAt7ESAUjpbx,75,2020,pop,0.445,0.455,7,-6.405,1,0.0575,0.731,1.47e-06,0.124,0.151,109.885,167538,5
2025-02-13 00:10,Cigarettes After Sex,John Wayne,258483,cigarettes after sex - john wayne,255750,Cigarettes After Sex,John Wayne,5IonbH68pmDKBwcKlyswmR,65,2017,ambient,0.429,0.457,3,-8.375,1,0.0294,0.35,0.859,0.099,0.183,124.033,258013,4
2025-02-13 00:14,Chase Atlantic,LIKE A ROCKSTAR,208111,chase atlantic - like a rockstar,406638,Chase Atlantic,LIKE A ROCKSTAR,1e5Zf1EU0TAitK207VOUY7,59,2019,pop,0.58,0.611,8,-6.33,0,0.0646,0.331,0.0,0.0982,0.463,81.55,208112,4
2025-02-13 00:25,Chase Atlantic,Tidal Wave,243670,chase atlantic - tidal wave,350373,Chase Atlantic,Tidal Wave,2b2lL6iY3x1CSOv7QQbp8R,60,2018,pop,0.599,0.609,4,-5.14,1,0.052,0.565,2.11e-05,0.137,0.383,123.967,243707,4
2025-02-13 00:27,Cigarettes After Sex,Each Time You Fall in Love,128844,cigarettes after sex - each time you fall in love,255751,Cigarettes After Sex,Each Time You Fall In Love,6YbqjyoqQx9p13IndkOzeP,63,2017,ambient,0.383,0.534,10,-8.829,1,0.0277,0.468,0.676,0.14,0.276,76.046,290160,4
2025-02-13 00:35,Ellie Goulding,My Blood,234184,ellie goulding - my blood,12165,Ellie Goulding,My Blood,6knYNyQupBIbBxV8TMOMYM,58,2012,dance,0.476,0.592,9,-5.283,0,0.029,0.556,0.0,0.281,0.306,87.003,234185,4
2025-02-13 00:42,Adele,Skyfall,286480,adele - skyfall,40359,Adele,Skyfall,6VObnIkLVruX4UVyxWhlqm,76,2012,pop,0.346,0.552,0,-6.864,0,0.0282,0.417,0.0,0.114,0.0789,75.881,286480,4
2025-02-13 00:48,Indila,Love Story,316280,indila - love story,129473,Indila,Love Story,6nGeLlakfzlBcFdZXteDq7,71,2014,french,0.375,0.255,10,-12.279,0,0.0376,0.815,0.0,0.0845,0.331,95.978,316280,3
2025-02-13 01:35,Conan Gray,The Cut That Always Bleeds,231920,conan gray - the cut that always bleeds,462080,Conan Gray,The Cut That Always Bleeds,7wTqEW5nrMhvyEhEyTnOMd,65,2020,pop,0.489,0.413,0,-6.499,1,0.0314,0.59,0.0,0.0639,0.246,136.116,231920,4
2025-02-13 03:32,Gracie Abrams,"I miss you, I’m sorry",112346,"gracie abrams - i miss you, i’m sorry",462026,Gracie Abrams,"I miss you, I’m sorry",4nyF5lmSziBAt7ESAUjpbx,75,2020,pop,0.445,0.455,7,-6.405,1,0.0575,0.731,1.47e-06,0.124,0.151,109.885,167538,5
2025-02-17 02:40,Conan Gray,The Cut That Always Bleeds,231920,conan gray - the cut that always bleeds,462080,Conan Gray,The Cut That Always Bleeds,7wTqEW5nrMhvyEhEyTnOMd,65,2020,pop,0.489,0.413,0,-6.499,1,0.0314,0.59,0.0,0.0639,0.246,136.116,231920,4
2025-02-24 18:46,Indila,Love Story,316280,indila - love story,129473,Indila,Love Story,6nGeLlakfzlBcFdZXteDq7,71,2014,french,0.375,0.255,10,-12.279,0,0.0376,0.815,0.0,0.0845,0.331,95.978,316280,3
2025-02-24 18:59,Ellie Goulding,My Blood,234184,ellie goulding - my blood,12165,Ellie Goulding,My Blood,6knYNyQupBIbBxV8TMOMYM,58,2012,dance,0.476,0.592,9,-5.283,0,0.029,0.556,0.0,0.281,0.306,87.003,234185,4
2025-02-24 19:06,Adele,Skyfall,286480,adele - skyfall,40359,Adele,Skyfall,6VObnIkLVruX4UVyxWhlqm,76,2012,pop,0.346,0.552,0,-6.864,0,0.0282,0.417,0.0,0.114,0.0789,75.881,286480,4
2025-02-24 19:10,Conan Gray,The Cut That Always Bleeds,231920,conan gray - the cut that always bleeds,462080,Conan Gray,The Cut That Always Bleeds,7wTqEW5nrMhvyEhEyTnOMd,65,2020,pop,0.489,0.413,0,-6.499,1,0.0314,0.59,0.0,0.0639,0.246,136.116,231920,4
2025-02-24 19:56,Gracie Abrams,"I miss you, I’m sorry",167538,"gracie abrams - i miss you, i’m sorry",462026,Gracie Abrams,"I miss you, I’m sorry",4nyF5lmSziBAt7ESAUjpbx,75,2020,pop,0.445,0.455,7,-6.405,1,0.0575,0.731,1.47e-06,0.124,0.151,109.885,167538,5
2025-02-24 20:02,Indila,Love Story,316280,indila - love story,129473,Indila,Love Story,6nGeLlakfzlBcFdZXteDq7,71,2014,french,0.375,0.255,10,-12.279,0,0.0376,0.815,0.0,0.0845,0.331,95.978,316280,3
2025-02-24 20:04,Ellie Goulding,My Blood,2028,ellie goulding - my blood,12165,Ellie Goulding,My Blood,6knYNyQupBIbBxV8TMOMYM,58,2012,dance,0.476,0.592,9,-5.283,0,0.029,0.556,0.0,0.281,0.306,87.003,234185,4
2025-02-24 20:12,Adele,Skyfall,286480,adele - skyfall,40359,Adele,Skyfall,6VObnIkLVruX4UVyxWhlqm,76,2012,pop,0.346,0.552,0,-6.864,0,0.0282,0.417,0.0,0.114,0.0789,75.881,286480,4
2025-02-24 20:16,Conan Gray,The Cut That Always Bleeds,231920,conan gray - the cut that always bleeds,462080,Conan Gray,The Cut That Always Bleeds,7wTqEW5nrMhvyEhEyTnOMd,65,2020,pop,0.489,0.413,0,-6.499,1,0.0314,0.59,0.0,0.0639,0.246,136.116,231920,4
2025-02-24 20:28,beabadoobee,Glue Song,135066,beabadoobee - glue song,606469,beabadoobee,Glue Song,3iBgrkexCzVuPy4O9vx7Mf,82,2023,indie-pop,0.62,0.409,1,-10.146,1,0.0282,0.77,0.0542,0.105,0.582,113.946,135067,3
2025-02-24 20:30,Sabrina Carpenter,Looking at Me,103723,sabrina carpenter - looking at me,377696,Sabrina Carpenter,Looking at Me,59tskctgqUmjCWAwhzYAFm,71,2019,dance,0.681,0.798,2,-4.367,1,0.0375,0.00398,5.11e-06,0.0542,0.516,105.99,181120,4
2025-02-24 20:46,Arctic Monkeys,There’d Better Be A Mirrorball,265798,arctic monkeys - there’d better be a mirrorball,552581,Arctic Monkeys,There’d Better Be A Mirrorball,1zx6GSqLYI2ynzAHnPRKBR,65,2022,garage,0.521,0.365,3,-10.914,1,0.0317,0.626,0.012,0.185,0.324,143.789,265798,4
2025-02-24 20:50,The Neighbourhood,Devil's Advocate,186306,the neighbourhood - devil's advocate,423462,The Neighbourhood,Devil's Advocate,4XfI7M5gLwEY84gYiH4RDD,68,2020,alt-rock,0.662,0.681,11,-8.152,0,0.0315,0.0321,0.139,0.508,0.864,98.004,186307,4
2025-02-24 21:06,The Neighbourhood,Void,203666,the neighbourhood - void,311061,The Neighbourhood,Void,2wXioTynVwrEWYRv6R6vEj,66,2018,alt-rock,0.534,0.582,5,-7.912,1,0.0401,0.047,0.0328,0.0883,0.346,84.183,203667,4
2025-02-24 21:10,The Neighbourhood,Nervous,245000,the neighbourhood - nervous,311055,The Neighbourhood,Nervous,113xf7t4qNM7038YJvauik,67,2018,alt-rock,0.589,0.614,0,-7.528,0,0.0426,0.0213,0.165,0.31,0.318,119.837,245000,4
2025-02-25 00:17,Arctic Monkeys,R U Mine?,116807,arctic monkeys - r u mine?,23776,Arctic Monkeys,R U Mine?,6XnNiyYTxhxuC0zpP22M7C,34,2012,garage,0.52,0.785,6,-4.765,0,0.0329,0.0468,0.0,0.698,0.679,96.996,200188,4
2025-02-25 00:18,Arctic Monkeys,R U Mine?,84919,arctic monkeys - r u mine?,23776,Arctic Monkeys,R U Mine?,6XnNiyYTxhxuC0zpP22M7C,34,2012,garage,0.52,0.785,6,-4.765,0,0.0329,0.0468,0.0,0.698,0.679,96.996,200188,4
2025-02-25 00:22,The Neighbourhood,Sadderdaze,245826,the neighbourhood - sadderdaze,311120,The Neighbourhood,Sadderdaze,7sIYHDxjteT6RY29gAGzP2,57,2018,alt-rock,0.414,0.527,4,-4.749,0,0.0287,0.00971,5.05e-05,0.145,0.306,120.009,245827,4
2025-02-25 00:26,The Neighbourhood,Leaving Tonight,203866,the neighbourhood - leaving tonight,1840,The Neighbourhood,Leaving Tonight,6C0T7QMpmeDoDkke32Ctqb,54,2012,alt-rock,0.566,0.681,9,-5.443,0,0.0299,0.0149,0.0,0.104,0.187,119.916,203880,4
2025-02-25 00:29,Cults,Always Forever,183278,cults - always forever,87537,Cults,Always Forever,2enPRFda84VE2wtI8c86Uf,78,2013,indie-pop,0.174,0.742,8,-5.93,1,0.0485,0.00181,0.281,0.198,0.36,163.378,223747,4
2025-02-25 00:33,Chase Atlantic,Church,220000,chase atlantic - church,293564,Chase Atlantic,Church,7bbYT48HWWIbL3YKmtMNzn,68,2017,pop,0.556,0.824,5,-4.539,0,0.0548,0.0109,0.0,0.112,0.292,112.99,220000,4
2025-02-25 00:37,Chase Atlantic,Vibes,216217,chase atlantic - vibes,197787,Chase Atlantic,Vibes,0AIRuNLJPz613ByB1k2W5o,56,2015,pop,0.494,0.88,9,-5.064,1,0.0545,0.0192,0.0,0.187,0.344,100.023,216217,4
2025-02-25 00:41,The Neighbourhood,W.D.Y.W.F.M?,259413,the neighbourhood - w.d.y.w.f.m?,56407,The Neighbourhood,W.D.Y.W.F.M?,3vooOYHU0Fi3ViCG7Ozh0Y,65,2013,alt-rock,0.557,0.845,8,-2.926,0,0.0346,0.0303,0.00851,0.354,0.508,123.997,259413,4
2025-02-25 01:08,Cigarettes After Sex,Cry,256800,cigarettes after sex - cry,368575,Cigarettes After Sex,Cry,0Qr61NXlyAeQaADO5xn3rI,76,2019,ambient,0.409,0.399,7,-10.456,1,0.0275,0.763,0.654,0.112,0.161,142.823,256800,4
2025-02-25 01:15,Chase Atlantic,LUST,204106,chase atlantic - lust,406673,Chase Atlantic,LUST,51t7nQOI35g07O0z4fflO1,57,2019,pop,0.641,0.755,4,-6.274,1,0.244,0.018,0.000443,0.159,0.477,131.954,204107,4
2025-02-25 01:20,Cigarettes After Sex,Apocalypse,290146,cigarettes after sex - apocalypse,255746,Cigarettes After Sex,Apocalypse,3AVrVz5rK8Hrqo9YGiVGN5,81,2017,ambient,0.369,0.467,5,-9.018,1,0.0274,0.0194,0.46,0.109,0.174,94.473,290147,4
2025-02-25 01:31,Arctic Monkeys,Knee Socks,257563,arctic monkeys - knee socks,77596,Arctic Monkeys,Knee Socks,2LGdO5MtFdyphi2EihANZG,74,2013,garage,0.665,0.542,11,-8.323,0,0.033,0.123,0.00291,0.342,0.587,97.975,257563,4
2025-02-25 01:35,The Neighbourhood,The Beach,255133,the neighbourhood - the beach,162917,The Neighbourhood,The Beach,2u0CelO5c81XS7z3dGpHbS,75,2015,alt-rock,0.245,0.64,2,-7.426,0,0.0608,0.131,8.11e-06,0.0766,0.105,135.739,255133,4
2025-02-25 01:39,The Neighbourhood,Afraid,251186,the neighbourhood - afraid,56398,The Neighbourhood,Afraid,7brQHA2CgQpcMBiOlfiXYb,74,2013,alt-rock,0.464,0.701,6,-5.693,0,0.0411,0.00892,0.309,0.335,0.356,83.996,251187,4
2025-02-25 01:41,d4vd,Romantic Homicide,132630,d4vd - romantic homicide,569185,d4vd,Romantic Homicide,1xK59OXxi2TAAAbmZK0kBL,90,2022,pop,0.571,0.544,6,-10.613,1,0.0299,0.453,0.00805,0.322,0.216,132.052,132631,4
2025-02-25 01:45,Arctic Monkeys,Snap Out Of It,193030,arctic monkeys - snap out of it,77594,Arctic Monkeys,Snap Out Of It,0NdTUS4UiNYCNn5FgVqKQY,78,2013,garage,0.728,0.638,5,-6.455,0,0.0336,0.249,0.0,0.116,0.872,130.014,193030,4
2025-02-25 06:12,The Neighbourhood,Female Robbery,193213,the neighbourhood - female robbery,2046,The Neighbourhood,Female Robbery,7e8bQb1csn5WvpOc4b5PJg,40,2012,alt-rock,0.403,0.888,7,-3.382,0,0.0413,0.056,0.00161,0.0682,0.391,176.483,206813,4
2025-02-25 20:02,The Neighbourhood,Female Robbery,16560,the neighbourhood - female robbery,2046,The Neighbourhood,Female Robbery,7e8bQb1csn5WvpOc4b5PJg,40,2012,alt-rock,0.403,0.888,7,-3.382,0,0.0413,0.056,0.00161,0.0682,0.391,176.483,206813,4
2025-02-25 20:09,Chase Atlantic,Swim,228786,chase atlantic - swim,293479,Chase Atlantic,Swim,3M0lSi5WW79CXQamgSBIjx,80,2017,pop,0.666,0.542,8,-6.429,1,0.0392,0.27,0.0,0.0765,0.0771,120.134,228787,4
2025-02-25 20:18,Chase Atlantic,HER,169720,chase atlantic - her,406529,Chase Atlantic,HER,5i7g9wTIruXgWKvA83BXlk,64,2019,pop,0.706,0.586,5,-5.404,0,0.066,0.106,5.43e-06,0.169,0.689,139.984,169714,4
2025-02-25 20:29,Djo,End of Beginning,57449,djo - end of beginning,569335,Djo,End of Beginning,3qhlB30KknSejmIvZZLjOD,66,2022,pop,0.689,0.454,2,-7.643,1,0.0584,0.0351,0.00259,0.0707,0.912,159.982,159246,4
2025-02-25 20:38,The Neighbourhood,Daddy Issues,260173,the neighbourhood - daddy issues,162916,The Neighbourhood,Daddy Issues,5E30LdtzQTGqRvNd7l6kG5,84,2015,alt-rock,0.588,0.521,10,-9.461,1,0.0329,0.0678,0.149,0.123,0.337,85.012,260173,4
2025-02-25 20:43,Margaux Beylier,Northern Italy,177976,margaux beylier - northern italy,470187,Margaux Beylier,Northern Italy,1Eg4CmLudi51fJHjY6kegZ,47,2020,singer-songwriter,0.502,0.0829,11,-21.037,0,0.041,0.922,0.0334,0.11,0.214,75.051,190215,4
2025-02-25 20:52,5 Seconds of Summer,Lover Of Mine,206973,5 seconds of summer - lover of mine,433386,5 Seconds of Summer,Lover Of Mine,1hUPOCqOukEl03lOs16DtN,61,2020,dance,0.545,0.858,11,-2.536,0,0.0406,0.194,0.0,0.151,0.323,94.041,206974,3
2025-02-25 20:56,Jaymes Young,I'll Be Good,247346,jaymes young - i'll be good,140662,Jaymes Young,I'll Be Good,5WLSak7DN3LY1K71oWYuoN,54,2014,indie-pop,0.455,0.284,7,-10.774,1,0.0322,0.715,1.47e-06,0.0897,0.133,133.936,248554,3
2025-02-25 21:04,Conan Gray,Greek God,236746,conan gray - greek god,350311,Conan Gray,Greek God,7KJXiuMXQu723ODChoxENp,60,2018,pop,0.572,0.82,6,-6.4,0,0.0764,0.157,7.21e-06,0.109,0.144,139.003,236747,4
2025-02-25 21:15,Hozier,Jackie and Wilson,223120,hozier - jackie and wilson,146802,Hozier,Jackie and Wilson,4JpazKcfOhbwqZrsYhzHee,65,2014,pop,0.555,0.727,6,-4.202,1,0.0388,0.0579,7.52e-06,0.0937,0.739,82.142,223120,4
2025-02-25 21:31,Simon & Garfunkel,Bridge Over Troubled Water,225778,simon & garfunkel - bridge over troubled water,876755,Simon & Garfunkel,Bridge Over Troubled Water,0E6oZoCCtSyjgWqukghNDT,23,2003,folk,0.305,0.194,3,-14.125,1,0.0274,0.849,0.000577,0.117,0.23,83.491,293160,4
2025-02-25 21:31,Simon & Garfunkel,Bridge Over Troubled Water,225778,simon & garfunkel - bridge over troubled water,1355287,Simon & Garfunkel,Bridge over Troubled Water,0Bi9EKQ7Fv8lX9SKpKUw7G,31,2010,folk,0.257,0.231,3,-13.377,1,0.0282,0.845,0.000754,0.108,0.254,83.122,295107,4
2025-02-25 21:36,Chase Atlantic,HEAVEN AND BACK,248240,chase atlantic - heaven and back,406526,Chase Atlantic,HEAVEN AND BACK,5dewQ7ojISR32NAYNHFYWC,66,2019,pop,0.309,0.793,10,-6.195,0,0.0774,0.0902,0.092,0.0888,0.532,193.714,248240,4
2025-02-25 21:39,ELIO,hurts 2 hate somebody (with Chase Atlantic & No Rome),186665,elio - hurts 2 hate somebody (with chase atlantic & no rome),488289,ELIO,hurts 2 hate somebody (with Chase Atlantic & No Rome),2EKo5WC2LX4fiplTWan5Rl,54,2021,dance,0.623,0.683,7,-3.512,1,0.0437,0.0995,0.0,0.372,0.747,90.021,186665,4
2025-02-25 21:43,Arctic Monkeys,No. 1 Party Anthem,243131,arctic monkeys - no. 1 party anthem,77597,Arctic Monkeys,No. 1 Party Anthem,5TTGoX70AFrTvuEtqHK37S,69,2013,garage,0.505,0.698,0,-5.563,1,0.0297,0.33,0.0887,0.0966,0.599,115.013,243132,4
2025-02-25 21:48,Arctic Monkeys,There’d Better Be A Mirrorball,265798,arctic monkeys - there’d better be a mirrorball,552581,Arctic Monkeys,There’d Better Be A Mirrorball,1zx6GSqLYI2ynzAHnPRKBR,65,2022,garage,0.521,0.365,3,-10.914,1,0.0317,0.626,0.012,0.185,0.324,143.789,265798,4
2025-02-25 22:39,Chase Atlantic,Into It,196767,chase atlantic - into it,293490,Chase Atlantic,Into It,4HwDCXsMBC7SUdp2WT4MZP,77,2017,pop,0.518,0.572,10,-6.706,0,0.0416,0.0503,2.41e-05,0.129,0.291,130.053,196767,4
2025-02-25 22:52,Chase Atlantic,Numb to the Feeling,227586,chase atlantic - numb to the feeling,350308,Chase Atlantic,Numb to the Feeling,102cCjW3CnC3sws3qOhie8,63,2018,pop,0.695,0.737,5,-5.75,0,0.122,0.232,0.0,0.136,0.248,129.999,227587,4
2025-02-25 22:54,Arctic Monkeys,Baby I'm Yours,152613,arctic monkeys - baby i'm yours,1076412,Arctic Monkeys,Baby I'm Yours,6FLqFu1ApSkUddZ9P4H6Io,58,2006,garage,0.462,0.595,2,-9.363,1,0.0347,0.215,0.0,0.184,0.64,113.719,152613,4
2025-02-25 23:20,The Neighbourhood,Cherry Flavoured,208453,the neighbourhood - cherry flavoured,423465,The Neighbourhood,Cherry Flavoured,40iocOzytrqaRn5RbGPDNp,65,2020,alt-rock,0.617,0.574,6,-9.768,1,0.0276,0.23,0.0105,0.0983,0.396,91.769,208453,4
2025-02-25 23:27,The Neighbourhood,Baby Came Home,226880,the neighbourhood - baby came home,1880,The Neighbourhood,Baby Came Home,3ypXE4brttsQR3OLLZbLZB,50,2012,alt-rock,0.639,0.571,0,-5.766,1,0.0284,0.0127,0.00283,0.0963,0.273,113.037,226893,4
2025-02-26 00:30,Cigarettes After Sex,Opera House,364680,cigarettes after sex - opera house,255753,Cigarettes After Sex,Opera House,0syIc2ocYBIKASFqifvwRz,63,2017,ambient,0.319,0.293,5,-14.145,1,0.0378,0.734,0.85,0.0971,0.0689,115.481,364680,4
2025-02-26 00:35,The Neighbourhood,Cry Baby,6110,the neighbourhood - cry baby,162920,The Neighbourhood,Cry Baby,0EfsDEYaSjGYd66Pr881nq,73,2015,alt-rock,0.581,0.656,4,-4.891,0,0.0294,0.00269,2.78e-06,0.101,0.338,108.033,235160,4
2025-02-26 00:38,Taylor Swift,Midnight Rain,174782,taylor swift - midnight rain,569203,Taylor Swift,Midnight Rain,3rWDp9tBPQR9z6U5YyRSK4,83,2022,pop,0.643,0.363,0,-11.738,1,0.0767,0.69,5.17e-05,0.115,0.23,139.865,174783,4
2025-02-26 01:13,Lana Del Rey,Sad Girl,94044,lana del rey - sad girl,146791,Lana Del Rey,Sad Girl,11MyiSGZSYSmhhqwGUTtAq,75,2014,pop,0.345,0.587,5,-8.346,1,0.0364,0.539,0.0731,0.119,0.258,119.479,317760,4
2025-02-26 01:18,Gracie Abrams,"I miss you, I’m sorry",92689,"gracie abrams - i miss you, i’m sorry",462026,Gracie Abrams,"I miss you, I’m sorry",4nyF5lmSziBAt7ESAUjpbx,75,2020,pop,0.445,0.455,7,-6.405,1,0.0575,0.731,1.47e-06,0.124,0.151,109.885,167538,5
2025-02-26 01:26,Adele,Skyfall,286480,adele - skyfall,40359,Adele,Skyfall,6VObnIkLVruX4UVyxWhlqm,76,2012,pop,0.346,0.552,0,-6.864,0,0.0282,0.417,0.0,0.114,0.0789,75.881,286480,4
2025-02-26 01:35,Conan Gray,The Cut That Always Bleeds,231920,conan gray - the cut that always bleeds,462080,Conan Gray,The Cut That Always Bleeds,7wTqEW5nrMhvyEhEyTnOMd,65,2020,pop,0.489,0.413,0,-6.499,1,0.0314,0.59,0.0,0.0639,0.246,136.116,231920,4
2025-02-26 01:42,Ellie Goulding,My Blood,234184,ellie goulding - my blood,12165,Ellie Goulding,My Blood,6knYNyQupBIbBxV8TMOMYM,58,2012,dance,0.476,0.592,9,-5.283,0,0.029,0.556,0.0,0.281,0.306,87.003,234185,4
2025-02-26 02:25,Indila,Love Story,316280,indila - love story,129473,Indila,Love Story,6nGeLlakfzlBcFdZXteDq7,71,2014,french,0.375,0.255,10,-12.279,0,0.0376,0.815,0.0,0.0845,0.331,95.978,316280,3
2025-02-26 08:11,Gracie Abrams,"I miss you, I’m sorry",151835,"gracie abrams - i miss you, i’m sorry",462026,Gracie Abrams,"I miss you, I’m sorry",4nyF5lmSziBAt7ESAUjpbx,75,2020,pop,0.445,0.455,7,-6.405,1,0.0575,0.731,1.47e-06,0.124,0.151,109.885,167538,5
2025-02-26 19:13,BØRNS,Electric Love,174600,børns - electric love,197517,BØRNS,Electric Love,2GiJYvgVaD2HtM8GqD9EgQ,79,2015,pop,0.611,0.797,6,-7.627,0,0.0533,0.00543,0.00137,0.26,0.518,120.041,218107,4
2025-02-26 19:13,Taylor Swift,Bejeweled,37000,taylor swift - bejeweled,569211,Taylor Swift,Bejeweled,3qoftcUZaUOncvIYjFSPdE,80,2022,pop,0.696,0.559,7,-9.19,1,0.0693,0.0618,5.58e-05,0.0887,0.433,163.999,194166,4
2025-02-26 19:21,Lana Del Rey,Ultraviolence,251480,lana del rey - ultraviolence,146806,Lana Del Rey,Ultraviolence,1y3r6RXiJZNBV1EI0NggpS,73,2014,pop,0.144,0.541,0,-7.076,1,0.038,0.278,1.01e-05,0.101,0.0899,79.262,251480,3
2025-02-26 19:25,Gwen Stefani,Luxurious,264920,gwen stefani - luxurious,931096,Gwen Stefani,Luxurious,3UQmoVQJqBYauTZLVPs3uo,62,2004,dance,0.811,0.726,0,-3.995,1,0.0813,0.154,0.0,0.116,0.666,131.027,264920,4
2025-02-26 19:59,Adele,Skyfall,286480,adele - skyfall,40359,Adele,Skyfall,6VObnIkLVruX4UVyxWhlqm,76,2012,pop,0.346,0.552,0,-6.864,0,0.0282,0.417,0.0,0.114,0.0789,75.881,286480,4
2025-02-26 20:09,Ellie Goulding,My Blood,234184,ellie goulding - my blood,12165,Ellie Goulding,My Blood,6knYNyQupBIbBxV8TMOMYM,58,2012,dance,0.476,0.592,9,-5.283,0,0.029,0.556,0.0,0.281,0.306,87.003,234185,4
2025-02-26 20:23,Indila,Love Story,316280,indila - love story,129473,Indila,Love Story,6nGeLlakfzlBcFdZXteDq7,71,2014,french,0.375,0.255,10,-12.279,0,0.0376,0.815,0.0,0.0845,0.331,95.978,316280,3
2025-02-26 20:30,Gracie Abrams,"I miss you, I’m sorry",167538,"gracie abrams - i miss you, i’m sorry",462026,Gracie Abrams,"I miss you, I’m sorry",4nyF5lmSziBAt7ESAUjpbx,75,2020,pop,0.445,0.455,7,-6.405,1,0.0575,0.731,1.47e-06,0.124,0.151,109.885,167538,5
2025-02-26 20:34,Conan Gray,The Cut That Always Bleeds,231920,conan gray - the cut that always bleeds,462080,Conan Gray,The Cut That Always Bleeds,7wTqEW5nrMhvyEhEyTnOMd,65,2020,pop,0.489,0.413,0,-6.499,1,0.0314,0.59,0.0,0.0639,0.246,136.116,231920,4
2025-02-26 23:39,Christina Aguilera,Genie In a Bottle,217573,christina aguilera - genie in a bottle,120308,Christina Aguilera,Genie In a Bottle,0VkcUkbiiHfIp6Lb5rlBfJ,30,2014,dance,0.635,0.793,1,-6.968,1,0.15,0.188,0.000174,0.152,0.92,175.803,217133,4
2025-02-26 23:44,Taylor Swift,Karma,5010,taylor swift - karma,569212,Taylor Swift,Karma,7KokYm8cMIXCsGVmUvKtqf,80,2022,pop,0.642,0.62,8,-7.091,1,0.0666,0.0734,0.0,0.483,0.0969,90.02,204852,4
2025-02-26 23:44,Lukas Graham,Love Someone,64692,lukas graham - love someone,350275,Lukas Graham,Love Someone,0OCRwXbQRdOZ1OtB4Imsp1,69,2018,pop,0.538,0.409,9,-6.581,0,0.0505,0.172,0.0,0.11,0.265,171.838,205440,4
2025-02-26 23:45,The Weeknd,Save Your Tears,15030,the weeknd - save your tears,461993,The Weeknd,Save Your Tears,5QO79kh1waicV47BqGRL3g,87,2020,pop,0.68,0.826,0,-5.487,1,0.0309,0.0212,1.24e-05,0.543,0.644,118.051,215627,4
2025-02-26 23:48,KANA-BOON,スターマーカー (Album Mix),213640,kana-boon - スターマーカー (album mix),573083,KANA-BOON,スターマーカー (Album Mix),6NAtVhZ5LrvoKy2Gijr5gj,56,2022,rock,0.502,0.872,4,-3.449,1,0.0421,0.0107,0.0,0.313,0.808,134.047,213640,4
2025-02-26 23:57,TK from Ling tosite sigure,unravel,238360,tk from ling tosite sigure - unravel,146819,TK from Ling tosite sigure,unravel,1rN9QoVxw5U7TJkyaUR8C1,70,2014,pop,0.508,0.889,7,-2.755,0,0.0862,0.0495,0.0,0.0984,0.332,135.014,238360,4
2025-02-27 00:01,Mrs. GREEN APPLE,インフェルノ,212546,mrs. green apple - インフェルノ,406541,Mrs. GREEN APPLE,インフェルノ,64yajM6CxtLghmgB53VeXT,66,2019,pop,0.529,0.931,4,-1.538,1,0.0581,0.00955,0.0,0.465,0.695,92.466,212547,4
2025-02-27 00:06,LiSA,crossing field,248946,lisa - crossing field,97071,LiSA,crossing field,4BvuZVf9KyBN3QiPfeI9hw,66,2013,rock,0.45,0.983,5,-2.246,1,0.282,0.0186,0.0,0.265,0.314,179.041,248947,4
2025-02-27 00:11,Yoshiki,Red Swan,263720,yoshiki - red swan,350328,Yoshiki,Red Swan,0zvN9oq95bIEQjvfcdeZlX,63,2018,pop,0.275,0.782,10,-4.689,1,0.0467,0.0521,2.25e-06,0.331,0.154,131.744,263720,4
2025-02-27 00:15,UVERworld,CORE PRIDE,258693,uverworld - core pride,1451128,UVERworld,CORE PRIDE,55n4sFy8tjysBcCjQFwX3A,57,2011,pop,0.482,0.97,2,-3.131,0,0.193,0.005,0.0,0.233,0.441,92.513,258693,4
2025-02-27 00:28,Nightmare,the WORLD,233200,nightmare - the world,1091288,Nightmare,the WORLD,1ShQlzjMz0XkaHt5CgMpBs,55,2006,metal,0.494,0.938,11,-2.359,0,0.0384,0.000474,0.0,0.314,0.822,95.049,234173,4
2025-02-27 18:29,amazarashi,空に歌えば,194516,amazarashi - 空に歌えば,293713,amazarashi,空に歌えば,3XKMO7tvyyUmxRvlJGhYQm,59,2017,pop,0.593,0.951,6,-1.335,0,0.0697,0.0142,1.13e-06,0.0961,0.64,102.04,217627,4
2025-02-27 18:30,amazarashi,空に歌えば,30636,amazarashi - 空に歌えば,293713,amazarashi,空に歌えば,3XKMO7tvyyUmxRvlJGhYQm,59,2017,pop,0.593,0.951,6,-1.335,0,0.0697,0.0142,1.13e-06,0.0961,0.64,102.04,217627,4
2025-02-27 19:18,Chase Atlantic,Right Here,235000,chase atlantic - right here,293542,Chase Atlantic,Right Here,2KtS31kaWNHs12Q5B43Ixh,70,2017,pop,0.351,0.587,6,-6.413,1,0.0413,0.00516,1.87e-05,0.121,0.221,159.881,235000,4
2025-02-27 19:28,The Neighbourhood,Softcore,206280,the neighbourhood - softcore,311042,The Neighbourhood,Softcore,2K7xn816oNHJZ0aVqdQsha,84,2018,alt-rock,0.575,0.568,9,-5.509,0,0.03,0.0484,0.000417,0.286,0.37,93.986,206280,4
2025-02-27 19:32,Chase Atlantic,Drugs & Money - New Mix,239921,chase atlantic - drugs & money - new mix,293587,Chase Atlantic,Drugs & Money - New Mix,4SRyrhBJ5mq8fEa3bsdZn6,65,2017,pop,0.629,0.735,11,-4.826,1,0.0599,0.2,0.0,0.243,0.477,123.996,239922,4
2025-02-27 19:46,The Neighbourhood,Scary Love,222666,the neighbourhood - scary love,311068,The Neighbourhood,Scary Love,6TA5aymvVrtiPVbuAwmPIc,65,2018,alt-rock,0.595,0.636,5,-5.981,0,0.0312,9.45e-05,0.0529,0.196,0.147,112.008,222667,4
2025-02-27 19:52,Cigarettes After Sex,Each Time You Fall in Love,290160,cigarettes after sex - each time you fall in love,255751,Cigarettes After Sex,Each Time You Fall In Love,6YbqjyoqQx9p13IndkOzeP,63,2017,ambient,0.383,0.534,10,-8.829,1,0.0277,0.468,0.676,0.14,0.276,76.046,290160,4
2025-02-27 19:56,Arctic Monkeys,Arabella,207356,arctic monkeys - arabella,77595,Arctic Monkeys,Arabella,7nzsY8vlnKdvGOEE0rjAXZ,76,2013,garage,0.579,0.558,2,-6.986,1,0.0895,0.0202,1.26e-06,0.212,0.506,179.949,207357,4
2025-02-27 19:58,Cigarettes After Sex,John Wayne,23801,cigarettes after sex - john wayne,255750,Cigarettes After Sex,John Wayne,5IonbH68pmDKBwcKlyswmR,65,2017,ambient,0.429,0.457,3,-8.375,1,0.0294,0.35,0.859,0.099,0.183,124.033,258013,4
2025-02-27 20:02,Arctic Monkeys,Do I Wanna Know?,272394,arctic monkeys - do i wanna know?,77593,Arctic Monkeys,Do I Wanna Know?,5FVd6KXrgO9B3JPmC8OPst,86,2013,garage,0.548,0.532,5,-7.596,1,0.0323,0.186,0.000263,0.217,0.405,85.03,272394,4
2025-02-27 20:06,Chase Atlantic,Friends,230010,chase atlantic - friends,197528,Chase Atlantic,Friends,2jQiSYrwJehQAcuaaQrXnS,79,2015,pop,0.422,0.609,11,-6.361,0,0.0335,0.0114,4.76e-06,0.108,0.0911,107.34,230011,3
2025-02-27 22:26,The Neighbourhood,Compass,167960,the neighbourhood - compass,311053,The Neighbourhood,Compass,0YNtAadZvKBBEFARtfoCV8,69,2018,alt-rock,0.7,0.82,5,-5.499,0,0.0329,0.238,0.318,0.658,0.667,109.998,167960,4
2025-02-27 22:28,Arctic Monkeys,505,129341,arctic monkeys - 505,1145378,Arctic Monkeys,505,58ge6dfP91o9oXMzq3XkIS,80,2007,garage,0.52,0.852,0,-5.866,1,0.0543,0.00237,5.79e-05,0.0733,0.234,140.267,253587,4
2025-02-27 22:31,Justin Bieber,Intentions,212868,justin bieber - intentions,462066,Justin Bieber,Intentions,364dI1bYnvamSnBJ8JcNzN,70,2020,pop,0.811,0.553,9,-6.644,1,0.0552,0.317,0.0,0.105,0.86,148.014,212869,4
2025-02-27 22:41,Ariana Grande,34+35,173710,ariana grande - 34+35,433213,Ariana Grande,34+35,6Im9k8u9iIzKMrmV7BWtlF,78,2020,dance,0.83,0.585,0,-6.476,1,0.094,0.237,0.0,0.248,0.485,109.978,173711,4
2025-02-27 22:44,Bruno Mars,Talking to the Moon,217866,bruno mars - talking to the moon,591100,Bruno Mars,Talking to the Moon,5PjJRQ0XKlAzBY9hLdv4dr,0,2023,dance,0.523,0.607,1,-4.754,0,0.03,0.512,0.0,0.106,0.0651,145.837,217867,4
2025-02-27 23:11,The Irrepressibles,In This Shirt,12868,the irrepressibles - in this shirt,1309931,The Irrepressibles,In This Shirt,76Rye68PXbQ4DgplovrMWN,54,2009,pop,0.303,0.484,9,-6.463,1,0.0295,0.709,0.243,0.125,0.0381,80.074,334987,4
2025-02-27 23:11,Bruno Mars,Marry You,8215,bruno mars - marry you,1343497,Bruno Mars,Marry You,22PMfvdz35fFKYnJyMn077,74,2010,dance,0.621,0.82,10,-4.865,1,0.0367,0.332,0.0,0.104,0.452,144.905,230192,4
2025-02-27 23:11,Shawn Mendes,In My Blood,211360,shawn mendes - in my blood,321056,Shawn Mendes,In My Blood,2QZ7WLBE8h2y1Y5Fb8RYbH,73,2018,dance,0.622,0.712,5,-7.321,1,0.066,0.0573,0.0,0.13,0.487,140.025,211360,4
2025-02-27 23:16,Ruelle,Game Of Survival,178566,ruelle - game of survival,231098,Ruelle,Game Of Survival,0csw1Os1wQgPH0b3jT8wrY,55,2016,electro,0.557,0.822,11,-4.973,0,0.0522,0.26,0.0812,0.31,0.153,115.98,178566,4
2025-02-27 23:17,Digital Daggers,The Devil Within,67673,digital daggers - the devil within,93726,Digital Daggers,The Devil Within,6iwkG1eYvx0y95sDebLlW3,51,2013,pop,0.36,0.577,8,-8.05,1,0.0322,0.00164,0.00446,0.334,0.148,154.894,230312,4
2025-02-27 23:17,Adele,Skyfall,6900,adele - skyfall,40359,Adele,Skyfall,6VObnIkLVruX4UVyxWhlqm,76,2012,pop,0.346,0.552,0,-6.864,0,0.0282,0.417,0.0,0.114,0.0789,75.881,286480,4
2025-02-27 23:22,James Bay,Let It Go,2750,james bay - let it go,146785,James Bay,Let It Go,13HVjjWUZFaWilh2QUJKsP,68,2014,pop,0.546,0.311,1,-10.396,1,0.0288,0.818,1.65e-05,0.107,0.246,147.464,260533,4
2025-02-27 23:22,Alec Benjamin,Let Me Down Slowly,1450,alec benjamin - let me down slowly,327774,Alec Benjamin,Let Me Down Slowly,2qxmye6gAegTMjLKEBoR3d,83,2018,electro,0.652,0.557,1,-5.714,0,0.0318,0.74,0.0,0.124,0.483,150.073,169354,4
2025-02-27 23:22,Jung Seung Hwan,Day & Night,3570,jung seung hwan - day & night,456949,Jung Seung Hwan,Day & Night,1j5oDtBWVtNoVHMi2n6Fkz,61,2020,k-pop,0.509,0.269,3,-8.765,1,0.0277,0.897,0.00212,0.174,0.29,131.954,260600,4
2025-02-27 23:25,Nicki Minaj,Good Form,199400,nicki minaj - good form,321104,Nicki Minaj,Good Form,19Fcrc0nJiwMKom00gS9SW,61,2018,dance,0.88,0.775,7,-5.133,1,0.0953,0.113,0.00264,0.0943,0.284,96.503,199400,4
2025-02-28 00:02,The Neighbourhood,Reflections,244013,the neighbourhood - reflections,311045,The Neighbourhood,Reflections,2xql0pid3EUwW38AsywxhV,77,2018,alt-rock,0.648,0.594,11,-7.027,0,0.0293,0.114,0.0462,0.116,0.544,113.983,244013,4
2025-02-28 00:36,Britney Spears,Criminal,49973,britney spears - criminal,1412836,Britney Spears,Criminal,6T689Jvh5KrSXyaPtUWZtQ,70,2011,dance,0.696,0.734,7,-5.294,1,0.0298,0.0485,0.0,0.183,0.711,107.987,225080,4
