timestamp,artist_history,track_history,duration_ms_history,join_key,Unnamed: 0,artist_kaggle,track_kaggle,track_id,popularity,year,genre,danceability,energy,key,loudness,mode,speechiness,acousticness,instrumentalness,liveness,valence,tempo,duration_ms_kaggle,time_signature
2024-02-07 20:50,Salim–Sulaiman,Tujh Mein Rab Dikhta Hai,170667,salim–sulaiman - tujh mein rab dikhta hai,406744,Salim–Sulaiman,Tujh Mein Rab Dikhta Hai,3GkYAqLwnqMek9Wv1k4qUV,38,2019,pop-film,0.393,0.641,5,-9.125,0,0.0556,0.403,0.969,0.124,0.652,76.3,288064,4
2024-02-09 21:21,Maggie Lindemann,Couple of Kids,1700,maggie lindemann - couple of kids,197881,Maggie Lindemann,Couple of Kids,0aLJRIFLFZ0Tjr8XZb2uMX,49,2015,pop,0.62,0.422,4,-4.525,1,0.0309,0.64,9.05e-06,0.213,0.234,128.154,222656,4
2024-03-14 17:09,Kendrick Lamar,All The Stars (with SZA),232186,kendrick lamar - all the stars (with sza),340887,Kendrick Lamar,All The Stars (with SZA),3GCdLUSnKSMJhs4Tj6CV3s,83,2018,hip-hop,0.698,0.633,8,-4.946,1,0.0597,0.0605,0.000194,0.0926,0.552,96.924,232187,4
2024-03-14 17:16,Travis Scott,HIGHEST IN THE ROOM,175720,travis scott - highest in the room,398060,Travis Scott,HIGHEST IN THE ROOM,3eekarcy7kvN4yt5ZFzltW,80,2019,house,0.598,0.427,7,-8.764,0,0.0317,0.0546,5.83e-06,0.21,0.0605,76.469,175721,4
2024-03-14 17:20,French Montana,Unforgettable,233901,french montana - unforgettable,284831,French Montana,Unforgettable,3B54sVLJ402zGa6Xm4YGNe,81,2017,hip-hop,0.726,0.769,6,-5.043,1,0.123,0.0293,0.0101,0.104,0.733,97.985,233902,4
2024-03-14 17:24,ZAYN,I Don’t Wanna Live Forever (Fifty Shades Darker),247160,zayn - i don’t wanna live forever (fifty shades darker),264785,ZAYN,I Don’t Wanna Live Forever (Fifty Shades Darker),55n9yjI6qqXh5F2mYvUc2y,77,2017,dance,0.731,0.445,0,-8.418,1,0.0533,0.0586,1.96e-05,0.14,0.106,117.97,247160,4
2024-03-14 17:26,Trevor Daniel,Falling,159381,trevor daniel - falling,350268,Trevor Daniel,Falling,26XaOsDMbl0e1cVKYfkz6w,70,2018,pop,0.785,0.431,10,-8.756,0,0.0364,0.123,0.0,0.0887,0.236,127.085,159382,4
2024-03-14 17:30,Travis Scott,goosebumps,243836,travis scott - goosebumps,244724,Travis Scott,goosebumps,6gBFPUFcJLzWGx4lenP6h2,82,2016,house,0.841,0.728,7,-3.37,1,0.0484,0.0847,0.0,0.149,0.43,130.049,243837,4
2024-03-14 17:30,Travis Scott,goosebumps,243836,travis scott - goosebumps,341768,Travis Scott,Goosebumps,6dWf1xaHOmJo7eL9WuSkdL,54,2018,house,0.849,0.629,7,-6.27,1,0.0475,0.0789,0.0,0.13,0.467,130.105,243840,4
2024-03-14 17:38,Powfu,death bed (coffee for your head),173333,powfu - death bed (coffee for your head),428907,Powfu,death bed (coffee for your head),7eJMfftS33KTjuF7lTsMCx,81,2020,chill,0.726,0.431,8,-8.765,0,0.135,0.731,0.0,0.696,0.348,144.026,173333,4
2024-03-14 17:41,XXXTENTACION,SAD!,166605,xxxtentacion - sad!,328649,XXXTENTACION,SAD!,3ee8Jmje8o58CHK66QrVC2,81,2018,emo,0.74,0.613,8,-4.88,1,0.145,0.258,0.00372,0.123,0.473,75.023,166606,4
2024-03-14 17:43,XXXTENTACION,Everybody Dies In Their Nightmares,95466,xxxtentacion - everybody dies in their nightmares,272513,XXXTENTACION,Everybody Dies In Their Nightmares,3GVkPk8mqxz0itaAriG1L7,82,2017,emo,0.734,0.57,7,-7.066,0,0.133,0.847,2.14e-05,0.112,0.689,129.953,95467,4
2024-03-14 17:49,Lil Nas X,INDUSTRY BABY (feat. Jack Harlow),212352,lil nas x - industry baby (feat. jack harlow),506693,Lil Nas X,INDUSTRY BABY (feat. Jack Harlow),27NovPIUIRrOZoCHxABJwK,81,2021,hip-hop,0.736,0.704,3,-7.409,0,0.0615,0.0203,0.0,0.0501,0.894,149.995,212000,4
2024-03-14 17:53,XXXTENTACION,Revenge,120026,xxxtentacion - revenge,272512,XXXTENTACION,Revenge,5TXDeTFVRVY7Cvt0Dw4vWW,85,2017,emo,0.746,0.251,11,-16.169,0,0.259,0.782,0.00203,0.106,0.18,139.999,120027,4
2024-03-14 17:59,Frank Ocean,Pink + White,184516,frank ocean - pink + white,243903,Frank Ocean,Pink + White,3xKsf9qdS1CyvXSMEid6g8,84,2016,hip-hop,0.545,0.545,9,-7.362,1,0.107,0.667,5.48e-05,0.417,0.549,159.94,184516,3
2024-03-14 18:02,The Weeknd,Heartless,198266,the weeknd - heartless,461992,The Weeknd,Heartless,6bnF93Rx87YqUBLSgjiMU8,84,2020,pop,0.537,0.746,10,-5.507,0,0.15,0.0236,1.01e-06,0.156,0.252,170.062,198267,4
2024-03-14 18:11,Jonas Brothers,Sucker,181026,jonas brothers - sucker,377667,Jonas Brothers,Sucker,22vgEDb5hykfaTwLuskFGD,79,2019,dance,0.842,0.734,1,-5.065,0,0.0588,0.0427,0.0,0.106,0.952,137.958,181027,4
2024-03-14 18:15,The Weeknd,Die For You (with Ariana Grande) - Remix,232857,the weeknd - die for you (with ariana grande) - remix,612514,The Weeknd,Die For You (with Ariana Grande) - Remix,4W4fNrZYkobj539TOWsLO2,72,2023,pop,0.575,0.5,1,-7.594,0,0.0707,0.227,0.0,0.335,0.506,67.033,232857,4
2024-03-14 18:18,Halsey,Bad At Love,181279,halsey - bad at love,264774,Halsey,Bad At Love,7y9iMe8SOB6z3NoHE2OfXl,72,2017,dance,0.675,0.751,0,-3.539,1,0.0296,0.0604,0.0,0.0893,0.612,118.384,181279,4
2024-03-14 18:21,"Tyler, The Creator",See You Again (feat. Kali Uchis),180386,"tyler, the creator - see you again (feat. kali uchis)",284812,"Tyler, The Creator",See You Again (feat. Kali Uchis),7KA4W4McWYRpgf0fWsJZWB,83,2017,hip-hop,0.558,0.559,6,-9.222,1,0.0959,0.371,7.49e-06,0.109,0.62,78.558,180387,4
2024-03-14 18:27,The Weeknd,Can't Feel My Face,213520,the weeknd - can't feel my face,197519,The Weeknd,Can't Feel My Face,22VdIZQfgXJea34mQxlt81,81,2015,pop,0.705,0.769,9,-5.526,0,0.0425,0.113,0.0,0.105,0.583,107.949,213520,4
2024-03-14 18:30,blackbear,hot girl bummer,188343,blackbear - hot girl bummer,439846,blackbear,hot girl bummer,6jRq8gaZhMUyy5RclRPcAf,77,2020,electro,0.782,0.559,6,-7.106,0,0.0767,0.125,0.0,0.385,0.685,129.992,188344,1
2024-03-14 18:30,blackbear,hot girl bummer,188343,blackbear - hot girl bummer,439958,blackbear,Hot Girl Bummer,7lu8ZYHhRpH4sgCMIibdKO,46,2020,electro,0.786,0.548,6,-7.068,0,0.078,0.129,0.0,0.34,0.687,129.99,188344,4
2024-03-14 18:34,Eminem,Godzilla (feat. Juice WRLD),210800,eminem - godzilla (feat. juice wrld),452810,Eminem,Godzilla (feat. Juice WRLD),7FIWs0pqAYbP91WWM0vlTQ,81,2020,hip-hop,0.808,0.745,10,-5.26,0,0.342,0.145,0.0,0.292,0.829,165.995,210800,4
2024-03-14 18:42,G-Eazy,Him & I (with Halsey),15567,g-eazy - him & i (with halsey),284859,G-Eazy,Him & I (with Halsey),5k38wzpLb15YgncyWdTZE4,76,2017,hip-hop,0.589,0.731,2,-6.343,1,0.0868,0.0534,0.0,0.308,0.191,87.908,268867,4
2024-03-14 18:42,Glass Animals,Heat Waves,238805,glass animals - heat waves,454749,Glass Animals,Heat Waves,02MWAaffLxlfxAUY7c5dvx,84,2020,indie-pop,0.761,0.525,11,-6.9,1,0.0944,0.44,6.7e-06,0.0921,0.531,80.87,238805,4
2024-03-14 18:46,Sabrina Carpenter,Nonsense,85281,sabrina carpenter - nonsense,541580,Sabrina Carpenter,Nonsense,6dgUya35uo964z7GZXM07g,88,2022,dance,0.74,0.697,8,-4.912,1,0.034,0.0268,0.0,0.224,0.732,138.992,163648,4
2024-03-14 18:52,Sabrina Carpenter,Nonsense,163648,sabrina carpenter - nonsense,541580,Sabrina Carpenter,Nonsense,6dgUya35uo964z7GZXM07g,88,2022,dance,0.74,0.697,8,-4.912,1,0.034,0.0268,0.0,0.224,0.732,138.992,163648,4
2024-03-14 19:01,BTS,Run BTS,204939,bts - run bts,564145,BTS,Run BTS,69xohKu8C1fsflYAiSNbwM,83,2022,k-pop,0.724,0.818,8,-3.747,1,0.168,0.0201,0.0,0.0358,0.696,77.004,204940,4
2024-03-14 19:04,BLACKPINK,How You Like That,182956,blackpink - how you like that,456850,BLACKPINK,How You Like That,4SFknyjLcyTLJFPKD2m96o,75,2020,k-pop,0.812,0.761,11,-5.222,1,0.0812,0.0465,0.000135,0.0601,0.344,130.032,182956,4
2024-03-14 19:11,Sabrina Carpenter,Feather,185552,sabrina carpenter - feather,591140,Sabrina Carpenter,Feather,2Zo1PcszsT9WQ0ANntJbID,67,2023,dance,0.787,0.686,6,-4.37,0,0.0339,0.0893,0.0,0.0927,0.836,123.51,185553,4
2024-03-14 19:17,SZA,Snooze,201800,sza - snooze,569186,SZA,Snooze,4iZ4pt7kvcaH6Yo8UoZ4s2,90,2022,pop,0.559,0.551,5,-7.231,1,0.132,0.141,0.0,0.11,0.392,143.008,201800,4
2024-03-14 19:21,H.E.R.,Could've Been (feat. Bryson Tiller),252746,h.e.r. - could've been (feat. bryson tiller),406377,H.E.R.,Could've Been (feat. Bryson Tiller),6oEVnWKgPqIEPc53OYDNqG,76,2019,pop,0.45,0.352,1,-11.733,0,0.267,0.649,3.8e-06,0.249,0.408,102.679,252747,4
2024-03-14 19:28,Vedo,You Got It,203144,vedo - you got it,462061,Vedo,You Got It,4lsHZ92XCFOQfzJFBTluk8,68,2020,pop,0.762,0.433,5,-8.937,1,0.187,0.143,0.0,0.118,0.394,122.074,203145,4
2024-03-14 19:31,KAYTRANADA,Intimidated (feat. H.E.R.),207840,kaytranada - intimidated (feat. h.e.r.),506791,KAYTRANADA,Intimidated (feat. H.E.R.),0dFdGPVLs3k0z9ezYWZzUa,68,2021,hip-hop,0.738,0.75,11,-3.654,0,0.219,0.0167,0.00976,0.174,0.342,112.009,207840,4
2024-03-14 19:42,Tems,Found (feat. Brent Faiyaz),56507,tems - found (feat. brent faiyaz),515641,Tems,Found (feat. Brent Faiyaz),0GGfGINoVYiSFXPOjg3RHj,67,2021,pop,0.821,0.412,7,-7.795,1,0.0341,0.625,1.64e-05,0.0985,0.333,109.977,209454,4
2024-03-15 22:22,Anuv Jain,Alag Aasmaan,799,anuv jain - alag aasmaan,453815,Anuv Jain,Alag Aasmaan,74kCarkFBzXYXNkkYJIsG0,68,2020,indian,0.699,0.299,6,-12.599,1,0.0403,0.869,0.0,0.0724,0.459,118.969,212773,4
2024-03-15 22:22,Anuv Jain,Alag Aasmaan,2458,anuv jain - alag aasmaan,453815,Anuv Jain,Alag Aasmaan,74kCarkFBzXYXNkkYJIsG0,68,2020,indian,0.699,0.299,6,-12.599,1,0.0403,0.869,0.0,0.0724,0.459,118.969,212773,4
2024-03-15 22:27,Anuv Jain,Riha,287312,anuv jain - riha,398195,Anuv Jain,Riha,6Ln89sczgIcAJXGAIdS94R,58,2019,indian,0.389,0.148,3,-11.011,1,0.03,0.897,0.0,0.114,0.4,142.611,287324,4
2024-03-15 22:35,Anuv Jain,Riha,287312,anuv jain - riha,398195,Anuv Jain,Riha,6Ln89sczgIcAJXGAIdS94R,58,2019,indian,0.389,0.148,3,-11.011,1,0.03,0.897,0.0,0.114,0.4,142.611,287324,4
2024-03-15 22:39,Anuv Jain,Alag Aasmaan,212750,anuv jain - alag aasmaan,453815,Anuv Jain,Alag Aasmaan,74kCarkFBzXYXNkkYJIsG0,68,2020,indian,0.699,0.299,6,-12.599,1,0.0403,0.869,0.0,0.0724,0.459,118.969,212773,4
2024-03-15 22:44,Anuv Jain,Riha,325662,anuv jain - riha,398195,Anuv Jain,Riha,6Ln89sczgIcAJXGAIdS94R,58,2019,indian,0.389,0.148,3,-11.011,1,0.03,0.897,0.0,0.114,0.4,142.611,287324,4
2024-03-15 22:53,Anuv Jain,Riha,287312,anuv jain - riha,398195,Anuv Jain,Riha,6Ln89sczgIcAJXGAIdS94R,58,2019,indian,0.389,0.148,3,-11.011,1,0.03,0.897,0.0,0.114,0.4,142.611,287324,4
2024-03-15 22:56,Anuv Jain,Alag Aasmaan,212750,anuv jain - alag aasmaan,453815,Anuv Jain,Alag Aasmaan,74kCarkFBzXYXNkkYJIsG0,68,2020,indian,0.699,0.299,6,-12.599,1,0.0403,0.869,0.0,0.0724,0.459,118.969,212773,4
2024-03-15 23:08,Anuv Jain,Riha,101558,anuv jain - riha,398195,Anuv Jain,Riha,6Ln89sczgIcAJXGAIdS94R,58,2019,indian,0.389,0.148,3,-11.011,1,0.03,0.897,0.0,0.114,0.4,142.611,287324,4
2024-03-23 17:23,New West,Those Eyes,220750,new west - those eyes,399063,New West,Those Eyes,50x1Ic8CaXkYNvjmxe3WXy,87,2019,indie-pop,0.593,0.352,4,-8.296,1,0.0284,0.695,2.22e-05,0.3,0.226,119.988,220750,3
2024-03-23 17:24,Anuv Jain,Riha,63090,anuv jain - riha,398195,Anuv Jain,Riha,6Ln89sczgIcAJXGAIdS94R,58,2019,indian,0.389,0.148,3,-11.011,1,0.03,0.897,0.0,0.114,0.4,142.611,287324,4
2024-03-23 17:33,Travis Scott,goosebumps,243836,travis scott - goosebumps,244724,Travis Scott,goosebumps,6gBFPUFcJLzWGx4lenP6h2,82,2016,house,0.841,0.728,7,-3.37,1,0.0484,0.0847,0.0,0.149,0.43,130.049,243837,4
2024-03-23 17:33,Travis Scott,goosebumps,243836,travis scott - goosebumps,341768,Travis Scott,Goosebumps,6dWf1xaHOmJo7eL9WuSkdL,54,2018,house,0.849,0.629,7,-6.27,1,0.0475,0.0789,0.0,0.13,0.467,130.105,243840,4
2024-03-23 17:37,Anuv Jain,Riha,1100,anuv jain - riha,398195,Anuv Jain,Riha,6Ln89sczgIcAJXGAIdS94R,58,2019,indian,0.389,0.148,3,-11.011,1,0.03,0.897,0.0,0.114,0.4,142.611,287324,4
2024-03-23 17:37,Anuv Jain,Riha,960,anuv jain - riha,398195,Anuv Jain,Riha,6Ln89sczgIcAJXGAIdS94R,58,2019,indian,0.389,0.148,3,-11.011,1,0.03,0.897,0.0,0.114,0.4,142.611,287324,4
2024-03-23 17:37,Anuv Jain,Alag Aasmaan,55569,anuv jain - alag aasmaan,453815,Anuv Jain,Alag Aasmaan,74kCarkFBzXYXNkkYJIsG0,68,2020,indian,0.699,0.299,6,-12.599,1,0.0403,0.869,0.0,0.0724,0.459,118.969,212773,4
2024-03-24 17:24,Idina Menzel,Show Yourself,580,idina menzel - show yourself,414438,Idina Menzel,Show Yourself,50WeOnXhM1H7AZEeIDoWfZ,70,2019,show-tunes,0.321,0.429,6,-7.073,1,0.0302,0.724,9.1e-05,0.0606,0.174,123.419,260907,4
2024-03-28 17:12,Ruth B.,Dandelions,233720,ruth b. - dandelions,293465,Ruth B.,Dandelions,2eAvDnpXP5W0cVtiI0PUxV,87,2017,pop,0.609,0.692,1,-2.958,1,0.0259,0.0157,0.0,0.0864,0.454,116.959,233720,3
2024-03-28 17:18,Olivia Rodrigo,deja vu,215506,olivia rodrigo - deja vu,515572,Olivia Rodrigo,deja vu,6HU7h9RYOaPRFeh0R3UeAr,83,2021,pop,0.442,0.612,2,-7.222,1,0.112,0.584,5.7e-06,0.37,0.178,180.917,215507,4
2024-03-28 17:20,OneRepublic,I Ain't Worried,148485,onerepublic - i ain't worried,568440,OneRepublic,I Ain't Worried,4h9wh7iOZ0GGn8QVp4RAOB,91,2022,piano,0.704,0.797,0,-5.927,1,0.0475,0.0826,0.000745,0.0546,0.825,139.994,148486,4
2024-03-28 17:31,Shawn Mendes,There's Nothing Holdin' Me Back,199440,shawn mendes - there's nothing holdin' me back,264770,Shawn Mendes,There's Nothing Holdin' Me Back,7JJmb5XwzOO8jgpou264Ml,85,2017,dance,0.866,0.813,11,-4.063,0,0.0554,0.38,0.0,0.0779,0.969,121.998,199440,4
2024-03-28 17:34,Billie Eilish,watch,177523,billie eilish - watch,271631,Billie Eilish,watch,7eB1V5LvAdxCc7brfGhRRo,77,2017,electro,0.441,0.599,0,-8.985,1,0.225,0.333,0.00198,0.103,0.35,165.212,177523,4
2024-03-28 17:45,Richy Mitch & The Coal Miners,Evergreen,87000,richy mitch & the coal miners - evergreen,273416,Richy Mitch & The Coal Miners,Evergreen,6me7F0aaZjwDo6RJ5MrfBD,78,2017,folk,0.555,0.216,3,-11.661,1,0.0721,0.557,0.00416,0.109,0.504,79.109,87000,3
2024-03-28 17:50,The Neighbourhood,Softcore,206280,the neighbourhood - softcore,311042,The Neighbourhood,Softcore,2K7xn816oNHJZ0aVqdQsha,84,2018,alt-rock,0.575,0.568,9,-5.509,0,0.03,0.0484,0.000417,0.286,0.37,93.986,206280,4
2024-03-28 18:04,Bee Gees,Stayin' Alive - Edited Version,92866,bee gees - stayin' alive - edited version,545312,Bee Gees,Stayin' Alive - Edited Version,612j6i4wCfhaVSuRs2yE2Q,31,2022,disco,0.709,0.53,10,-19.793,0,0.044,0.111,0.00621,0.0884,0.648,103.641,92867,4
2024-03-28 18:07,Elley Duhé,MIDDLE OF THE NIGHT,184453,elley duhé - middle of the night,462004,Elley Duhé,MIDDLE OF THE NIGHT,58HvfVOeJY7lUuCqF0m3ly,85,2020,pop,0.41,0.611,4,-8.271,0,0.0467,0.0228,0.0,0.116,0.0899,185.727,184448,3
2024-03-28 18:11,Eminem,Mockingbird,250760,eminem - mockingbird,952551,Eminem,Mockingbird,561jH07mF1jHuk7KlaeF0s,90,2004,hip-hop,0.637,0.678,0,-3.798,1,0.266,0.209,0.0,0.156,0.254,84.039,250760,4
2024-03-28 18:14,Icona Pop,I Love It (feat. Charli XCX),157152,icona pop - i love it (feat. charli xcx),12222,Icona Pop,I Love It (feat. Charli XCX),3VZQshi4COChhXaz7cLP02,62,2012,dance,0.714,0.905,8,-2.663,1,0.0289,0.00855,2.55e-05,0.146,0.838,125.927,155337,4
2024-03-28 18:19,SMiLE.dk,Butterfly,177453,smile.dk - butterfly,996074,SMiLE.dk,Butterfly,7DcFnnx39xo51joJJea2QB,38,2005,dance,0.703,0.985,11,-5.105,1,0.0352,0.214,0.918,0.139,0.776,134.909,177453,4
2024-03-28 18:24,Djo,End of Beginning,159245,djo - end of beginning,569335,Djo,End of Beginning,3qhlB30KknSejmIvZZLjOD,66,2022,pop,0.689,0.454,2,-7.643,1,0.0584,0.0351,0.00259,0.0707,0.912,159.982,159246,4
2024-03-28 18:31,Kali Uchis,Moonlight,187723,kali uchis - moonlight,612537,Kali Uchis,Moonlight,2i2gDpKKWjvnRTOZRhaPh2,78,2023,pop,0.639,0.723,7,-6.462,0,0.0532,0.511,0.0,0.167,0.878,136.872,187558,4
2024-03-28 18:43,Rihanna,Diamonds,120508,rihanna - diamonds,40343,Rihanna,Diamonds,1z9kQ14XBSN0r2v6fx4IdG,75,2012,pop,0.564,0.71,11,-4.92,0,0.0461,0.00125,0.0,0.109,0.393,91.972,225147,4
2024-03-30 20:55,LiSA,紅蓮華,237586,lisa - 紅蓮華,410271,LiSA,紅蓮華,0nUKU6e9COOCgO5tAUtlST,53,2019,rock,0.544,0.979,4,-2.8,0,0.153,0.00336,0.000116,0.0775,0.31,135.001,238587,4
2024-03-30 20:59,TK from Ling tosite sigure,unravel,238360,tk from ling tosite sigure - unravel,146819,TK from Ling tosite sigure,unravel,1rN9QoVxw5U7TJkyaUR8C1,70,2014,pop,0.508,0.889,7,-2.755,0,0.0862,0.0495,0.0,0.0984,0.332,135.014,238360,4
2024-03-30 21:20,yama,色彩,192175,yama - 色彩,569489,yama,色彩,1uveEvgKX4irLcp1BUTIFD,71,2022,pop,0.581,0.926,7,-3.268,0,0.0662,0.176,0.0,0.251,0.874,117.04,192176,4
2024-04-02 17:17,yama,色彩,192175,yama - 色彩,569489,yama,色彩,1uveEvgKX4irLcp1BUTIFD,71,2022,pop,0.581,0.926,7,-3.268,0,0.0662,0.176,0.0,0.251,0.874,117.04,192176,4
2024-04-02 17:21,RADWIMPS,Suzume,238560,radwimps - suzume,548586,RADWIMPS,Suzume,7LHAKF7pBqHch8o6Yo0ad5,69,2022,emo,0.571,0.415,2,-6.572,0,0.0305,0.615,0.0,0.187,0.342,78.025,236391,4
2024-04-02 20:55,New West,Those Eyes,1148,new west - those eyes,399063,New West,Those Eyes,50x1Ic8CaXkYNvjmxe3WXy,87,2019,indie-pop,0.593,0.352,4,-8.296,1,0.0284,0.695,2.22e-05,0.3,0.226,119.988,220750,3
2024-04-02 20:55,New West,Those Eyes,5331,new west - those eyes,399063,New West,Those Eyes,50x1Ic8CaXkYNvjmxe3WXy,87,2019,indie-pop,0.593,0.352,4,-8.296,1,0.0284,0.695,2.22e-05,0.3,0.226,119.988,220750,3
2024-04-02 20:55,The Weeknd,Reminder,53,the weeknd - reminder,612522,The Weeknd,Reminder,4zHa39io9pjsiAE6LwM2NH,51,2023,pop,0.708,0.47,8,-8.127,1,0.263,0.184,0.0,0.162,0.347,160.145,218879,4
2024-04-02 20:59,The Weeknd,Reminder,218880,the weeknd - reminder,612522,The Weeknd,Reminder,4zHa39io9pjsiAE6LwM2NH,51,2023,pop,0.708,0.47,8,-8.127,1,0.263,0.184,0.0,0.162,0.347,160.145,218879,4
2024-04-02 21:03,Grimes,Kill V. Maim,246013,grimes - kill v. maim,175427,Grimes,Kill V. Maim,3WXhshrs1fzwF3rQE399Gq,62,2015,electro,0.578,0.947,11,-2.431,0,0.0359,0.00744,0.0816,0.105,0.456,134.033,246007,4
2024-04-02 21:09,XXXTENTACION,Moonlight,135090,xxxtentacion - moonlight,328648,XXXTENTACION,Moonlight,0JP9xo3adEtGSdUEISiszL,81,2018,emo,0.921,0.537,9,-5.723,0,0.0804,0.556,0.00404,0.102,0.711,128.009,135090,4
2024-04-02 21:17,Anuv Jain,Riha,287312,anuv jain - riha,398195,Anuv Jain,Riha,6Ln89sczgIcAJXGAIdS94R,58,2019,indian,0.389,0.148,3,-11.011,1,0.03,0.897,0.0,0.114,0.4,142.611,287324,4
2024-04-02 21:30,Niall Horan,This Town,232852,niall horan - this town,224575,Niall Horan,This Town,5dTJMpqiELczVuHJP3OAEu,57,2016,dance,0.679,0.407,9,-7.778,1,0.0302,0.699,0.0,0.122,0.195,111.814,232600,4
2024-04-02 21:33,Caroline Polachek,Sunset,162909,caroline polachek - sunset,547848,Caroline Polachek,Sunset,2eQ9B2SsQFU2qCnHSas3eQ,55,2022,electro,0.462,0.745,11,-5.356,0,0.0652,0.589,0.00015,0.288,0.648,122.051,163116,4
2024-04-02 21:35,SZA,Kill Bill,153946,sza - kill bill,569184,SZA,Kill Bill,1Qrg8KqiBpW07V7PNxwwwL,94,2022,pop,0.644,0.735,8,-5.747,1,0.0391,0.0521,0.144,0.161,0.418,88.98,153947,4
2024-04-02 21:37,Madison Beer,Good In Goodbye,141949,madison beer - good in goodbye,433428,Madison Beer,Good In Goodbye,1GVF9369j7InydwGztCDIZ,57,2020,dance,0.658,0.698,11,-5.95,0,0.177,0.433,0.0,0.174,0.456,139.054,141949,4
2024-04-02 21:47,Kendrick Lamar,LOVE. FEAT. ZACARI.,213400,kendrick lamar - love. feat. zacari.,284814,Kendrick Lamar,LOVE. FEAT. ZACARI.,6PGoSes0D9eUDeeAafB2As,81,2017,hip-hop,0.8,0.585,10,-7.343,1,0.0924,0.264,0.0,0.153,0.779,126.058,213400,4
2024-04-02 21:50,Lizzy McAlpine,ceilings,182887,lizzy mcalpine - ceilings,549416,Lizzy McAlpine,ceilings,2L9N0zZnd37dwF0clgxMGI,89,2022,folk,0.516,0.322,9,-11.762,1,0.0292,0.473,0.00194,0.215,0.261,148.005,182888,3
2024-04-02 21:53,All Time Low,Monsters (feat. blackbear),174067,all time low - monsters (feat. blackbear),462037,All Time Low,Monsters (feat. blackbear),0tyR7Bu9P086aWBFZ4QJoo,69,2020,pop,0.369,0.845,0,-3.449,0,0.0611,0.0493,0.0,0.416,0.782,78.532,174068,4
2024-04-02 22:08,Kali Uchis,Melting,15773,kali uchis - melting,197515,Kali Uchis,Melting,2kSb3wYSOV996xA2NSmpck,81,2015,pop,0.574,0.479,8,-7.776,1,0.0355,0.179,0.0803,0.106,0.303,115.263,208854,4
2024-04-03 16:52,Arctic Monkeys,I Wanna Be Yours,183956,arctic monkeys - i wanna be yours,77591,Arctic Monkeys,I Wanna Be Yours,5XeFesFbtLpXzIVDNQP22n,91,2013,garage,0.464,0.417,0,-9.345,0,0.0256,0.136,0.022,0.0974,0.479,67.528,183956,4
2024-04-04 16:06,Mitski,First Love/Late Spring,278640,mitski - first love/late spring,140598,Mitski,First Love/Late Spring,3sslYZcFKtUvIEWN9lADgr,76,2014,indie-pop,0.445,0.543,0,-8.196,1,0.0272,0.000825,0.0137,0.202,0.102,99.963,278640,4
2024-04-04 16:10,Mitski,Washing Machine Heart,128198,mitski - washing machine heart,342776,Mitski,Washing Machine Heart,3jjsRKEsF42ccXf8kWR3nu,81,2018,indie-pop,0.613,0.822,9,-4.087,1,0.026,0.0092,0.506,0.429,0.567,105.997,128199,4
2024-04-04 16:20,Olivia Rodrigo,traitor,229226,olivia rodrigo - traitor,515570,Olivia Rodrigo,traitor,5CZ40GBx1sQ9agT82CLQCT,84,2021,pop,0.38,0.339,3,-7.885,1,0.0338,0.691,0.0,0.12,0.0849,100.607,229227,4
2024-04-04 16:30,Alec Benjamin,If We Have Each Other,181522,alec benjamin - if we have each other,327776,Alec Benjamin,If We Have Each Other,7pT6WSg4PCt4mr5ZFyUfsF,74,2018,electro,0.656,0.577,10,-5.566,0,0.0802,0.698,0.0,0.296,0.861,173.094,181522,4
2024-04-04 16:34,Seafret,Atlantis,229173,seafret - atlantis,232723,Seafret,Atlantis,1Fid2jjqsHViMX6xNH70hE,85,2016,folk,0.4,0.479,8,-7.989,0,0.0308,0.0529,2.14e-06,0.115,0.213,166.159,229173,4
2024-04-04 16:37,Olivia Rodrigo,"jealousy, jealousy",173160,"olivia rodrigo - jealousy, jealousy",515579,Olivia Rodrigo,"jealousy, jealousy",0MMyJUC3WNnFS1lit5pTjk,80,2021,pop,0.695,0.575,10,-6.334,0,0.116,0.198,0.0,0.0614,0.699,163.929,173160,4
2024-04-04 16:40,Harry Styles,As It Was,167303,harry styles - as it was,569192,Harry Styles,As It Was,4LRPiXqCikLlN15c3yImP7,90,2022,pop,0.52,0.731,6,-5.338,0,0.0557,0.342,0.00101,0.311,0.662,173.93,167303,4
2024-04-04 16:45,Imagine Dragons,Demons,175200,imagine dragons - demons,43789,Imagine Dragons,Demons,3LlAyCYU26dvFZBDUIMb7a,73,2012,rock,0.505,0.71,3,-3.015,1,0.0321,0.19,0.00025,0.329,0.428,89.938,175200,4
2024-04-04 16:49,d4vd,Here With Me,242484,d4vd - here with me,569188,d4vd,Here With Me,78Sw5GDo6AlGwTwanjXbGh,92,2022,pop,0.574,0.469,4,-8.209,1,0.0254,0.534,9.21e-05,0.128,0.288,132.023,242485,4
2024-04-04 16:52,Stephen Sanchez,Until I Found You (with Em Beihold) - Em Beihold Version,176440,stephen sanchez - until i found you (with em beihold) - em beihold version,569194,Stephen Sanchez,Until I Found You (with Em Beihold) - Em Beihold Version,1Y3LN4zO1Edc2EluIoSPJN,91,2022,pop,0.551,0.55,10,-5.339,1,0.0286,0.777,0.0,0.202,0.342,101.19,176440,3
2024-04-04 17:09,Olivia Rodrigo,deja vu,136603,olivia rodrigo - deja vu,515572,Olivia Rodrigo,deja vu,6HU7h9RYOaPRFeh0R3UeAr,83,2021,pop,0.442,0.612,2,-7.222,1,0.112,0.584,5.7e-06,0.37,0.178,180.917,215507,4
2024-04-04 17:20,Zeph,could you love me while i hate myself,60333,zeph - could you love me while i hate myself,508529,Zeph,could you love me while i hate myself,7uo2L5FAja3pWIBa3HJVeC,74,2021,indie-pop,0.68,0.406,9,-11.313,1,0.0414,0.782,0.00019,0.11,0.551,119.901,60333,4
2024-04-04 17:22,d4vd,Romantic Homicide,132630,d4vd - romantic homicide,569185,d4vd,Romantic Homicide,1xK59OXxi2TAAAbmZK0kBL,90,2022,pop,0.571,0.544,6,-10.613,1,0.0299,0.453,0.00805,0.322,0.216,132.052,132631,4
2024-04-04 17:28,Ashe,Till Forever Falls Apart,222926,ashe - till forever falls apart,494167,Ashe,Till Forever Falls Apart,4x5YzxjrF9wvIIXJV7TveC,70,2021,electro,0.346,0.501,2,-6.939,1,0.0364,0.421,0.0,0.0657,0.299,99.855,222927,4
2024-04-04 17:31,Alec Benjamin,If We Have Each Other,181522,alec benjamin - if we have each other,327776,Alec Benjamin,If We Have Each Other,7pT6WSg4PCt4mr5ZFyUfsF,74,2018,electro,0.656,0.577,10,-5.566,0,0.0802,0.698,0.0,0.296,0.861,173.094,181522,4
2024-04-04 17:37,Billie Eilish,when the party's over,196077,billie eilish - when the party's over,406376,Billie Eilish,when the party's over,43zdsphuZLzwA9k4DJhU0I,81,2019,pop,0.367,0.111,4,-14.084,1,0.0972,0.978,3.97e-05,0.0897,0.198,82.642,196077,4
2024-04-04 17:45,Djo,End of Beginning,159245,djo - end of beginning,569335,Djo,End of Beginning,3qhlB30KknSejmIvZZLjOD,66,2022,pop,0.689,0.454,2,-7.643,1,0.0584,0.0351,0.00259,0.0707,0.912,159.982,159246,4
2024-04-04 17:48,Alec Benjamin,Let Me Down Slowly,169353,alec benjamin - let me down slowly,327774,Alec Benjamin,Let Me Down Slowly,2qxmye6gAegTMjLKEBoR3d,83,2018,electro,0.652,0.557,1,-5.714,0,0.0318,0.74,0.0,0.124,0.483,150.073,169354,4
2024-04-04 17:53,Billie Eilish,idontwannabeyouanymore,203569,billie eilish - idontwannabeyouanymore,271630,Billie Eilish,idontwannabeyouanymore,41zXlQxzTi6cGAjpOXyLYH,79,2017,electro,0.483,0.412,7,-8.461,1,0.0402,0.737,0.0,0.116,0.247,170.163,203569,3
2024-04-04 17:56,Em Beihold,Numb Little Bug,169237,em beihold - numb little bug,577934,Em Beihold,Numb Little Bug,3o9kpgkIcffx0iSwxhuNI2,74,2022,singer-songwriter,0.742,0.527,8,-6.892,0,0.0769,0.327,0.0,0.25,0.638,84.974,169238,4
2024-04-04 17:59,Olivia Rodrigo,brutal,143746,olivia rodrigo - brutal,515588,Olivia Rodrigo,brutal,6SRsiMl7w1USE4mFqrOhHC,77,2021,pop,0.672,0.526,4,-6.446,1,0.0599,0.0311,1.37e-06,0.28,0.28,123.999,143747,4
2024-04-04 18:11,Billie Eilish,everything i wanted,245425,billie eilish - everything i wanted,384323,Billie Eilish,everything i wanted,3ZCTVFBt2Brf31RLEnCkWJ,83,2019,electro,0.704,0.225,6,-14.454,0,0.0994,0.902,0.657,0.106,0.243,120.006,245426,4
2024-04-04 18:14,Troye Sivan,Strawberries & Cigarettes,201538,troye sivan - strawberries & cigarettes,321050,Troye Sivan,Strawberries & Cigarettes,3afkJSKX0EAMsJXTZnDXXJ,78,2018,dance,0.578,0.537,9,-8.676,1,0.0832,0.162,0.0,0.076,0.25,83.909,201539,4
2024-04-04 18:23,Stephen Sanchez,Until I Found You (with Em Beihold) - Em Beihold Version,176440,stephen sanchez - until i found you (with em beihold) - em beihold version,569194,Stephen Sanchez,Until I Found You (with Em Beihold) - Em Beihold Version,1Y3LN4zO1Edc2EluIoSPJN,91,2022,pop,0.551,0.55,10,-5.339,1,0.0286,0.777,0.0,0.202,0.342,101.19,176440,3
2024-04-04 18:26,Sabrina Carpenter,Feather,185552,sabrina carpenter - feather,591140,Sabrina Carpenter,Feather,2Zo1PcszsT9WQ0ANntJbID,67,2023,dance,0.787,0.686,6,-4.37,0,0.0339,0.0893,0.0,0.0927,0.836,123.51,185553,4
2024-04-04 18:29,Gracie Abrams,"I miss you, I’m sorry",167538,"gracie abrams - i miss you, i’m sorry",462026,Gracie Abrams,"I miss you, I’m sorry",4nyF5lmSziBAt7ESAUjpbx,75,2020,pop,0.445,0.455,7,-6.405,1,0.0575,0.731,1.47e-06,0.124,0.151,109.885,167538,5
2024-04-04 18:32,Olivia Rodrigo,"jealousy, jealousy",173160,"olivia rodrigo - jealousy, jealousy",515579,Olivia Rodrigo,"jealousy, jealousy",0MMyJUC3WNnFS1lit5pTjk,80,2021,pop,0.695,0.575,10,-6.334,0,0.116,0.198,0.0,0.0614,0.699,163.929,173160,4
2024-04-04 18:35,Melanie Martinez,Cake,199681,melanie martinez - cake,175405,Melanie Martinez,Cake,5H3TCfiw0CQTX1XU7A9TXM,74,2015,electro,0.518,0.655,8,-6.255,1,0.0826,0.381,0.0,0.271,0.29,156.992,199682,4
2024-04-04 18:38,SZA,Kill Bill,153946,sza - kill bill,569184,SZA,Kill Bill,1Qrg8KqiBpW07V7PNxwwwL,94,2022,pop,0.644,0.735,8,-5.747,1,0.0391,0.0521,0.144,0.161,0.418,88.98,153947,4
2024-04-04 18:41,Tate McRae,you broke me first,170226,tate mcrae - you broke me first,462001,Tate McRae,you broke me first,45bE4HXI0AwGZXfZtMp8JR,81,2020,pop,0.667,0.373,4,-9.389,1,0.05,0.785,0.0,0.0906,0.0823,124.148,169266,4
2024-04-04 18:44,Ashe,Moral of the Story (feat. Niall Horan) - Bonus Track,198515,ashe - moral of the story (feat. niall horan) - bonus track,494170,Ashe,Moral of the Story (feat. Niall Horan) - Bonus Track,5v6qYImm5k36GHlFxdEZyv,72,2021,electro,0.579,0.37,10,-8.9,1,0.0383,0.496,0.0,0.221,0.216,119.799,198515,4
2024-04-04 18:58,Sabrina Carpenter,Nonsense,163648,sabrina carpenter - nonsense,541580,Sabrina Carpenter,Nonsense,6dgUya35uo964z7GZXM07g,88,2022,dance,0.74,0.697,8,-4.912,1,0.034,0.0268,0.0,0.224,0.732,138.992,163648,4
2024-04-04 19:10,Billie Eilish,Happier Than Ever,298899,billie eilish - happier than ever,515571,Billie Eilish,Happier Than Ever,4RVwu0g32PAqgUiJoXsdF8,84,2021,pop,0.332,0.225,0,-8.697,1,0.0348,0.767,0.00349,0.128,0.297,81.055,298899,3
2024-04-04 19:13,Lana Del Rey,Doin' Time,202192,lana del rey - doin' time,406379,Lana Del Rey,Doin' Time,0Oqc0kKFsQ6MhFOLBNZIGX,81,2019,pop,0.641,0.559,7,-11.132,0,0.0355,0.404,0.00402,0.0937,0.523,144.982,202193,4
2024-04-04 19:28,Tate McRae,that way,175026,tate mcrae - that way,462018,Tate McRae,that way,7l97ElWmIdVHWUaOeeU5ZC,76,2020,pop,0.453,0.383,0,-11.015,1,0.163,0.728,0.0,0.387,0.333,105.029,175027,4
2024-04-04 19:31,Lauren Spencer Smith,Fingers Crossed,175344,lauren spencer smith - fingers crossed,569243,Lauren Spencer Smith,Fingers Crossed,3yMC1KsTwh0ceXdIe4QQAQ,77,2022,pop,0.56,0.473,5,-7.23,1,0.0533,0.618,0.0,0.31,0.441,109.414,175345,4
2024-04-04 19:34,Arctic Monkeys,I Wanna Be Yours,183956,arctic monkeys - i wanna be yours,77591,Arctic Monkeys,I Wanna Be Yours,5XeFesFbtLpXzIVDNQP22n,91,2013,garage,0.464,0.417,0,-9.345,0,0.0256,0.136,0.022,0.0974,0.479,67.528,183956,4
2024-04-04 19:42,Taylor Swift,Don’t Blame Me,236413,taylor swift - don’t blame me,293464,Taylor Swift,Don’t Blame Me,1R0a2iXumgCiFb7HEZ7gUE,85,2017,pop,0.615,0.534,9,-6.719,0,0.0386,0.106,1.76e-05,0.0607,0.193,135.917,236413,4
2024-04-04 19:44,Olivia Rodrigo,brutal,143746,olivia rodrigo - brutal,515588,Olivia Rodrigo,brutal,6SRsiMl7w1USE4mFqrOhHC,77,2021,pop,0.672,0.526,4,-6.446,1,0.0599,0.0311,1.37e-06,0.28,0.28,123.999,143747,4
2024-04-04 19:54,Ashe,Till Forever Falls Apart,222926,ashe - till forever falls apart,494167,Ashe,Till Forever Falls Apart,4x5YzxjrF9wvIIXJV7TveC,70,2021,electro,0.346,0.501,2,-6.939,1,0.0364,0.421,0.0,0.0657,0.299,99.855,222927,4
2024-04-04 19:58,New West,Those Eyes,220750,new west - those eyes,399063,New West,Those Eyes,50x1Ic8CaXkYNvjmxe3WXy,87,2019,indie-pop,0.593,0.352,4,-8.296,1,0.0284,0.695,2.22e-05,0.3,0.226,119.988,220750,3
2024-04-04 20:04,Djo,End of Beginning,159245,djo - end of beginning,569335,Djo,End of Beginning,3qhlB30KknSejmIvZZLjOD,66,2022,pop,0.689,0.454,2,-7.643,1,0.0584,0.0351,0.00259,0.0707,0.912,159.982,159246,4
2024-04-04 20:06,d4vd,Romantic Homicide,132630,d4vd - romantic homicide,569185,d4vd,Romantic Homicide,1xK59OXxi2TAAAbmZK0kBL,90,2022,pop,0.571,0.544,6,-10.613,1,0.0299,0.453,0.00805,0.322,0.216,132.052,132631,4
2024-04-04 20:14,Ashe,Moral of the Story,201016,ashe - moral of the story,384333,Ashe,Moral of the Story,2nC3QhMI9reBIOWutbU3Tj,74,2019,electro,0.572,0.406,10,-8.624,1,0.0427,0.587,4.48e-06,0.102,0.265,119.812,201084,4
2024-04-04 20:20,Tate McRae,she's all i wanna be,207120,tate mcrae - she's all i wanna be,569304,Tate McRae,she's all i wanna be,7l9IqDtVWJurTvkQHq1BGh,72,2022,pop,0.602,0.626,2,-5.323,0,0.0396,0.0129,9.02e-06,0.144,0.619,160.118,207120,4
2024-04-04 20:23,Doja Cat,Kiss Me More (feat. SZA),208666,doja cat - kiss me more (feat. sza),487896,Doja Cat,Kiss Me More (feat. SZA),3DarAbFujv6eYNliUTyqtz,80,2021,dance,0.764,0.705,8,-3.463,1,0.0284,0.259,8.92e-05,0.12,0.781,110.97,208667,4
2024-04-04 20:27,Ruth B.,Dandelions,233720,ruth b. - dandelions,293465,Ruth B.,Dandelions,2eAvDnpXP5W0cVtiI0PUxV,87,2017,pop,0.609,0.692,1,-2.958,1,0.0259,0.0157,0.0,0.0864,0.454,116.959,233720,3
2024-04-04 20:30,The Weeknd,Save Your Tears (Remix) (with Ariana Grande) - Bonus Track,191013,the weeknd - save your tears (remix) (with ariana grande) - bonus track,462010,The Weeknd,Save Your Tears (Remix) (with Ariana Grande) - Bonus Track,1oFAF1hdPOickyHgbuRjyX,81,2020,pop,0.65,0.825,0,-4.645,1,0.0325,0.0215,2.44e-05,0.0936,0.593,118.091,191014,4
2024-04-04 20:37,d4vd,Here With Me,242484,d4vd - here with me,569188,d4vd,Here With Me,78Sw5GDo6AlGwTwanjXbGh,92,2022,pop,0.574,0.469,4,-8.209,1,0.0254,0.534,9.21e-05,0.128,0.288,132.023,242485,4
2024-04-04 20:46,Miley Cyrus,Angels Like You,196453,miley cyrus - angels like you,462033,Miley Cyrus,Angels Like You,1daDRI9ahBonbWD8YcxOIB,80,2020,pop,0.672,0.642,5,-4.035,1,0.0313,0.0981,0.0,0.1,0.494,121.981,196453,4
2024-04-04 20:49,Olivia Rodrigo,"All I Want - From ""High School Musical: The Musical: The Series""",177322,"olivia rodrigo - all i want - from ""high school musical: the musical: the series""",406403,Olivia Rodrigo,"All I Want - From ""High School Musical: The Musical: The Series""",4Yxc55NX3tAXC2mHRAhtcW,76,2019,pop,0.376,0.43,0,-6.585,0,0.0328,0.0902,0.0,0.0912,0.129,77.599,177323,3
2024-04-04 21:01,Madison Beer,Good In Goodbye,141949,madison beer - good in goodbye,433428,Madison Beer,Good In Goodbye,1GVF9369j7InydwGztCDIZ,57,2020,dance,0.658,0.698,11,-5.95,0,0.177,0.433,0.0,0.174,0.456,139.054,141949,4
2024-04-04 21:19,Olivia Rodrigo,deja vu,215506,olivia rodrigo - deja vu,515572,Olivia Rodrigo,deja vu,6HU7h9RYOaPRFeh0R3UeAr,83,2021,pop,0.442,0.612,2,-7.222,1,0.112,0.584,5.7e-06,0.37,0.178,180.917,215507,4
2024-04-04 21:22,Lizzy McAlpine,ceilings,182887,lizzy mcalpine - ceilings,549416,Lizzy McAlpine,ceilings,2L9N0zZnd37dwF0clgxMGI,89,2022,folk,0.516,0.322,9,-11.762,1,0.0292,0.473,0.00194,0.215,0.261,148.005,182888,3
2024-04-04 21:25,Conan Gray,Wish You Were Sober,168880,conan gray - wish you were sober,462038,Conan Gray,Wish You Were Sober,0kn2gu8Pd03DiYHzRvX2Xk,73,2020,pop,0.701,0.728,2,-5.226,1,0.0468,0.0178,0.0,0.17,0.696,91.071,168880,4
2024-04-04 21:28,Billie Eilish,when the party's over,196077,billie eilish - when the party's over,406376,Billie Eilish,when the party's over,43zdsphuZLzwA9k4DJhU0I,81,2019,pop,0.367,0.111,4,-14.084,1,0.0972,0.978,3.97e-05,0.0897,0.198,82.642,196077,4
2024-04-04 21:31,Benson Boone,Ghost Town,193733,benson boone - ghost town,515611,Benson Boone,GHOST TOWN,135Lf4Q0CzlMNfOxbEUsLH,76,2021,pop,0.391,0.335,0,-10.064,1,0.0763,0.389,0.0,0.102,0.116,174.185,193733,3
2024-04-04 21:43,Selena Gomez,Lose You To Love Me,206458,selena gomez - lose you to love me,462002,Selena Gomez,Lose You To Love Me,4l0Mvzj72xxOpRrp6h8nHi,81,2020,pop,0.488,0.343,4,-8.985,1,0.0436,0.556,0.0,0.21,0.0978,102.819,206459,4
2024-04-04 21:47,One Direction,Night Changes,226600,one direction - night changes,146771,One Direction,Night Changes,5O2P9iiztwhomNh8xkR9lJ,86,2014,pop,0.672,0.52,8,-7.747,1,0.0353,0.859,0.0,0.115,0.37,120.001,226600,4
2024-04-04 21:50,Sabrina Carpenter,Looking at Me,181120,sabrina carpenter - looking at me,377696,Sabrina Carpenter,Looking at Me,59tskctgqUmjCWAwhzYAFm,71,2019,dance,0.681,0.798,2,-4.367,1,0.0375,0.00398,5.11e-06,0.0542,0.516,105.99,181120,4
2024-04-04 21:53,Olivia Rodrigo,happier,175933,olivia rodrigo - happier,515580,Olivia Rodrigo,happier,2tGvwE8GcFKwNdAXMnlbfl,82,2021,pop,0.395,0.443,6,-9.72,1,0.133,0.765,9.67e-06,0.0839,0.338,168.924,175933,3
2024-04-04 21:55,Conan Gray,People Watching,158536,conan gray - people watching,515647,Conan Gray,People Watching,4JeOesjcWWlprTAvucDSJX,67,2021,pop,0.53,0.593,5,-7.286,1,0.0545,0.385,0.0,0.314,0.538,125.723,158537,4
2024-04-04 22:16,Selena Gomez,People You Know,16297,selena gomez - people you know,433234,Selena Gomez,People You Know,63mdJr3NMY3wReOkNE6c6W,78,2020,dance,0.695,0.62,8,-8.082,0,0.0521,0.0881,5.43e-05,0.111,0.62,150.032,194900,4
2024-04-05 22:57,Selena Gomez,People You Know,179614,selena gomez - people you know,433234,Selena Gomez,People You Know,63mdJr3NMY3wReOkNE6c6W,78,2020,dance,0.695,0.62,8,-8.082,0,0.0521,0.0881,5.43e-05,0.111,0.62,150.032,194900,4
2024-04-05 23:00,Sarah Cothran,As the World Caves In,161612,sarah cothran - as the world caves in,524060,Sarah Cothran,As the World Caves In,2xXNLutYAOELYVObYb1C1S,72,2021,singer-songwriter,0.422,0.25,0,-6.836,1,0.0351,0.441,0.0,0.35,0.246,124.026,161613,4
2024-04-05 23:07,Benson Boone,In The Stars,216410,benson boone - in the stars,569249,Benson Boone,In The Stars,1ei3hzQmrgealgRKFxIcWn,80,2022,pop,0.362,0.54,10,-6.031,1,0.0528,0.338,0.0,0.139,0.3,78.007,216410,3
2024-04-05 23:11,James Arthur,Car's Outside,248373,james arthur - car's outside,406437,James Arthur,Car's Outside,0otRX6Z89qKkHkQ9OqJpKt,81,2019,pop,0.338,0.562,9,-7.181,1,0.029,0.039,0.0,0.107,0.259,149.907,248373,4
2024-04-05 23:14,Billie Eilish,Bored,180933,billie eilish - bored,271629,Billie Eilish,Bored,04sN26COy28wTXYj3dMoiZ,82,2017,electro,0.614,0.318,7,-12.695,1,0.0478,0.896,0.00239,0.0795,0.112,119.959,180933,4
2024-04-05 23:30,Beach House,Space Song,320466,beach house - space song,190724,Beach House,Space Song,7H0ya83CMmgFcOhw0UB6ow,80,2015,indie-pop,0.508,0.792,0,-7.311,0,0.0297,0.229,0.124,0.145,0.601,147.067,320467,4
2024-04-05 23:34,Hozier,Would That I,268293,hozier - would that i,406383,Hozier,Would That I,37zuIvk4KBkAxxLJsxJaHq,72,2019,pop,0.521,0.526,5,-6.032,1,0.0281,0.243,0.00537,0.108,0.502,130.694,268293,4
2024-04-05 23:42,Lana Del Rey,Brooklyn Baby,351640,lana del rey - brooklyn baby,146776,Lana Del Rey,Brooklyn Baby,1NZs6n6hl8UuMaX0UC0YTz,80,2014,pop,0.404,0.664,1,-6.698,1,0.0407,0.542,0.00402,0.11,0.0949,107.747,351640,4
2024-04-05 23:48,Beach House,Space Song,263617,beach house - space song,190724,Beach House,Space Song,7H0ya83CMmgFcOhw0UB6ow,80,2015,indie-pop,0.508,0.792,0,-7.311,0,0.0297,0.229,0.124,0.145,0.601,147.067,320467,4
2024-04-05 23:48,Stephen Sanchez,Until I Found You (with Em Beihold) - Em Beihold Version,1206,stephen sanchez - until i found you (with em beihold) - em beihold version,569194,Stephen Sanchez,Until I Found You (with Em Beihold) - Em Beihold Version,1Y3LN4zO1Edc2EluIoSPJN,91,2022,pop,0.551,0.55,10,-5.339,1,0.0286,0.777,0.0,0.202,0.342,101.19,176440,3
2024-04-05 23:48,Sabrina Carpenter,Feather,1314,sabrina carpenter - feather,591140,Sabrina Carpenter,Feather,2Zo1PcszsT9WQ0ANntJbID,67,2023,dance,0.787,0.686,6,-4.37,0,0.0339,0.0893,0.0,0.0927,0.836,123.51,185553,4
2024-04-05 23:51,New West,Those Eyes - Sped Up,167658,new west - those eyes - sped up,561988,New West,Those Eyes - Sped Up,6XDBohkvajOwoqr8jHPjzQ,76,2022,indie-pop,0.495,0.406,9,-6.657,1,0.0264,0.687,0.000184,0.32,0.286,157.881,167658,3
2024-04-05 23:54,Olivia Rodrigo,"jealousy, jealousy",173160,"olivia rodrigo - jealousy, jealousy",515579,Olivia Rodrigo,"jealousy, jealousy",0MMyJUC3WNnFS1lit5pTjk,80,2021,pop,0.695,0.575,10,-6.334,0,0.116,0.198,0.0,0.0614,0.699,163.929,173160,4
2024-04-05 23:57,The Weeknd,Die For You (with Ariana Grande) - Remix,232857,the weeknd - die for you (with ariana grande) - remix,612514,The Weeknd,Die For You (with Ariana Grande) - Remix,4W4fNrZYkobj539TOWsLO2,72,2023,pop,0.575,0.5,1,-7.594,0,0.0707,0.227,0.0,0.335,0.506,67.033,232857,4
2024-04-06 00:00,Billie Eilish,watch,177523,billie eilish - watch,271631,Billie Eilish,watch,7eB1V5LvAdxCc7brfGhRRo,77,2017,electro,0.441,0.599,0,-8.985,1,0.225,0.333,0.00198,0.103,0.35,165.212,177523,4
2024-04-06 00:05,Tate McRae,Teenage Mind,155205,tate mcrae - teenage mind,350242,Tate McRae,Teenage Mind,1vdjJ55uw3WOuu7ZSyABFP,68,2018,pop,0.671,0.335,4,-9.719,0,0.0605,0.756,1.85e-06,0.109,0.115,119.369,155205,4
2024-04-06 00:08,Stephen Sanchez,Until I Found You,176666,stephen sanchez - until i found you,515573,Stephen Sanchez,Until I Found You,0T5iIrXA4p5GsubkhuBIKV,85,2021,pop,0.539,0.508,10,-6.05,1,0.0288,0.727,0.0,0.174,0.227,101.358,177720,3
2024-04-06 00:11,Olivia Rodrigo,good 4 u,178146,olivia rodrigo - good 4 u,515567,Olivia Rodrigo,good 4 u,4ZtFanR9U6ndgddUvNcjcG,84,2021,pop,0.563,0.664,9,-5.044,1,0.154,0.335,0.0,0.0849,0.688,166.928,178147,4
2024-04-06 00:14,David Kushner,Mr. Forgettable,187293,david kushner - mr. forgettable,577937,David Kushner,Mr. Forgettable,0c8K5IUrmVlieC0Fc0d8tV,70,2022,singer-songwriter,0.564,0.412,8,-9.23,0,0.0274,0.554,0.0,0.151,0.29,144.689,187293,4
2024-04-06 00:18,Billie Eilish,lovely (with Khalid),200185,billie eilish - lovely (with khalid),350203,Billie Eilish,lovely (with Khalid),0u2P5u6lvoDfwTYjAADbn4,87,2018,pop,0.351,0.296,4,-10.109,0,0.0333,0.934,0.0,0.095,0.12,115.284,200186,4
2024-04-06 00:22,Lana Del Rey,Young And Beautiful,236053,lana del rey - young and beautiful,93567,Lana Del Rey,Young And Beautiful,2nMeu6UenVvwUktBCpLMK9,81,2013,pop,0.324,0.416,11,-8.92,0,0.0368,0.262,3.69e-05,0.11,0.151,113.986,236053,4
2024-04-06 00:34,Ariana Grande,One Last Time,164093,ariana grande - one last time,119673,Ariana Grande,One Last Time,7xoUc6faLbCqZO6fQEYprd,81,2014,dance,0.628,0.593,8,-5.036,1,0.0323,0.093,1.65e-06,0.096,0.104,125.026,197267,4
2024-04-06 03:11,JVKE,this is what falling in love feels like,120308,jvke - this is what falling in love feels like,561973,JVKE,this is what falling in love feels like,2PWTZV5znjLtZC5T1EVJvL,79,2022,indie-pop,0.422,0.44,11,-5.53,1,0.0544,0.617,0.0,0.0837,0.332,128.934,120308,5
2024-04-06 03:14,Taylor Swift,Karma,204852,taylor swift - karma,569212,Taylor Swift,Karma,7KokYm8cMIXCsGVmUvKtqf,80,2022,pop,0.642,0.62,8,-7.091,1,0.0666,0.0734,0.0,0.483,0.0969,90.02,204852,4
2024-04-06 03:17,Billie Eilish,Happier Than Ever - Edit,151444,billie eilish - happier than ever - edit,494164,Billie Eilish,Happier Than Ever - Edit,32BeYxKPrig1LefHsC0Xuo,78,2021,electro,0.334,0.599,0,-5.742,1,0.0365,0.0468,0.000392,0.205,0.127,161.74,151444,3
2024-04-06 03:20,David Kushner,Burn,179173,david kushner - burn,577941,David Kushner,Burn,40dfo65kBJa1UgzkD652Gl,68,2022,singer-songwriter,0.574,0.408,0,-9.733,1,0.0359,0.799,0.00295,0.15,0.134,126.127,179173,4
2024-04-06 03:32,Olivia Rodrigo,enough for you,163994,olivia rodrigo - enough for you,515599,Olivia Rodrigo,enough for you,2TOzTqQXNmR2zDJXihjZ2e,75,2021,pop,0.638,0.259,7,-10.706,1,0.0898,0.753,0.0,0.219,0.269,88.485,202827,4
2024-04-08 14:48,Olivia Rodrigo,enough for you,40846,olivia rodrigo - enough for you,515599,Olivia Rodrigo,enough for you,2TOzTqQXNmR2zDJXihjZ2e,75,2021,pop,0.638,0.259,7,-10.706,1,0.0898,0.753,0.0,0.219,0.269,88.485,202827,4
2024-04-08 14:53,Chance Peña,In My Room,177609,chance peña - in my room,549417,Chance Peña,In My Room,7CiDwKE62N6ey3LyG6s7xc,76,2022,folk,0.408,0.338,4,-13.626,1,0.0431,0.521,0.000639,0.0732,0.1,133.943,177609,3
2024-04-08 14:57,Conan Gray,Heather,198040,conan gray - heather,461994,Conan Gray,Heather,4xqrdfXkTW4T0RauPLv3WA,85,2020,pop,0.357,0.425,5,-7.301,1,0.0333,0.584,0.0,0.322,0.27,102.078,198040,3
2024-04-08 15:01,Billie Eilish,everything i wanted,245425,billie eilish - everything i wanted,384323,Billie Eilish,everything i wanted,3ZCTVFBt2Brf31RLEnCkWJ,83,2019,electro,0.704,0.225,6,-14.454,0,0.0994,0.902,0.657,0.106,0.243,120.006,245426,4
2024-04-08 15:08,Olivia Rodrigo,traitor,229226,olivia rodrigo - traitor,515570,Olivia Rodrigo,traitor,5CZ40GBx1sQ9agT82CLQCT,84,2021,pop,0.38,0.339,3,-7.885,1,0.0338,0.691,0.0,0.12,0.0849,100.607,229227,4
2024-04-08 15:11,Alec Benjamin,If I Killed Someone For You,185122,alec benjamin - if i killed someone for you,327779,Alec Benjamin,If I Killed Someone For You,0WHi11uzahqpEtPGYCW6oQ,70,2018,electro,0.514,0.605,7,-5.363,1,0.0337,0.774,2.91e-06,0.121,0.409,120.894,185123,4
2024-04-09 01:41,Billie Eilish,idontwannabeyouanymore,203569,billie eilish - idontwannabeyouanymore,271630,Billie Eilish,idontwannabeyouanymore,41zXlQxzTi6cGAjpOXyLYH,79,2017,electro,0.483,0.412,7,-8.461,1,0.0402,0.737,0.0,0.116,0.247,170.163,203569,3
2024-04-09 01:45,Sara Kays,Remember That Night?,227186,sara kays - remember that night?,454756,Sara Kays,Remember That Night?,1nYzjrdVQ8RpF93M0jPFW7,72,2020,indie-pop,0.679,0.61,7,-10.936,0,0.0305,0.585,9.51e-05,0.156,0.554,123.978,227186,4
2024-04-09 01:48,Em Beihold,Numb Little Bug,169237,em beihold - numb little bug,577934,Em Beihold,Numb Little Bug,3o9kpgkIcffx0iSwxhuNI2,74,2022,singer-songwriter,0.742,0.527,8,-6.892,0,0.0769,0.327,0.0,0.25,0.638,84.974,169238,4
2024-04-09 02:00,The Neighbourhood,You Get Me So High,153000,the neighbourhood - you get me so high,311043,The Neighbourhood,You Get Me So High,7zwn1eykZtZ5LODrf7c0tS,81,2018,alt-rock,0.551,0.881,7,-6.099,0,0.0542,0.186,0.0791,0.152,0.387,88.036,153000,4
2024-04-09 02:02,MARINA,Bubblegum Bitch,154666,marina - bubblegum bitch,12117,MARINA,Bubblegum Bitch,6IbnUaczZBT34DhaD6S18F,76,2012,dance,0.495,0.856,0,-5.123,0,0.0311,0.000219,0.0,0.103,0.609,158.024,154667,4
2024-04-09 02:06,Billie Eilish,ocean eyes,200560,billie eilish - ocean eyes,231075,Billie Eilish,ocean eyes,2uIX8YMNjGMD7441kqyyNU,67,2016,electro,0.475,0.37,4,-7.725,0,0.0361,0.819,0.0577,0.0841,0.157,144.828,200560,4
2024-04-09 02:36,Conan Gray,Maniac,10751,conan gray - maniac,462007,Conan Gray,Maniac,6KfoDhO4XUWSbnyKjNp9c4,77,2020,pop,0.628,0.639,8,-5.46,1,0.0435,0.00162,0.0,0.354,0.493,108.045,185773,4
2024-04-10 19:32,Alec Benjamin,Devil Doesn’t Bargain,163613,alec benjamin - devil doesn’t bargain,547737,Alec Benjamin,Devil Doesn’t Bargain,1zu2GKHPJIsUu80SUJX4H4,75,2022,electro,0.448,0.606,3,-4.565,1,0.0609,0.577,0.0,0.217,0.483,121.15,163613,4
2024-04-10 19:36,Ariana Grande,bloodline,216893,ariana grande - bloodline,377718,Ariana Grande,bloodline,2hloaUoRonYssMuqLCBLTX,68,2019,dance,0.758,0.665,2,-5.188,0,0.0774,0.0815,0.000157,0.216,0.643,151.976,216893,4
2024-04-10 19:44,Harry Styles,Falling,240133,harry styles - falling,406378,Harry Styles,Falling,1ZMiCix7XSAbfAJlEZWMCp,82,2019,pop,0.567,0.267,4,-6.502,1,0.0299,0.839,1.46e-06,0.089,0.0592,110.011,240133,4
2024-04-10 19:49,The Neighbourhood,Daddy Issues,260173,the neighbourhood - daddy issues,162916,The Neighbourhood,Daddy Issues,5E30LdtzQTGqRvNd7l6kG5,84,2015,alt-rock,0.588,0.521,10,-9.461,1,0.0329,0.0678,0.149,0.123,0.337,85.012,260173,4
2024-04-10 19:52,Olivia Rodrigo,All I Want - Love That Lasts Mix,175388,olivia rodrigo - all i want - love that lasts mix,462180,Olivia Rodrigo,All I Want - Love That Lasts Mix,05ZA9WD25P4ynY41Bd15Km,65,2020,pop,0.362,0.448,3,-6.12,1,0.0872,0.488,0.0,0.154,0.166,76.692,175389,4
2024-04-10 19:55,Alec Benjamin,If We Have Each Other,181522,alec benjamin - if we have each other,327776,Alec Benjamin,If We Have Each Other,7pT6WSg4PCt4mr5ZFyUfsF,74,2018,electro,0.656,0.577,10,-5.566,0,0.0802,0.698,0.0,0.296,0.861,173.094,181522,4
2024-04-10 19:59,Olivia Rodrigo,drivers license,242013,olivia rodrigo - drivers license,515574,Olivia Rodrigo,drivers license,5wANPM4fQCJwkGd4rN57mH,84,2021,pop,0.561,0.431,10,-8.81,1,0.0578,0.768,1.42e-05,0.106,0.137,143.875,242013,4
2024-04-10 20:00,Zeph,could you love me while i hate myself,60333,zeph - could you love me while i hate myself,508529,Zeph,could you love me while i hate myself,7uo2L5FAja3pWIBa3HJVeC,74,2021,indie-pop,0.68,0.406,9,-11.313,1,0.0414,0.782,0.00019,0.11,0.551,119.901,60333,4
2024-04-10 20:03,Billie Eilish,bellyache,179172,billie eilish - bellyache,271632,Billie Eilish,bellyache,51NFxnQvaosfDDutk0tams,76,2017,electro,0.695,0.573,4,-8.597,0,0.106,0.46,0.0734,0.482,0.408,99.939,179172,4
2024-04-10 20:10,Camila Cabello,Shameless,219742,camila cabello - shameless,377675,Camila Cabello,Shameless,2ogKhhoMClkFXek7ZgxAhN,78,2019,dance,0.377,0.651,4,-5.437,0,0.0589,0.0197,5.31e-05,0.174,0.0851,129.607,219742,4
2024-04-10 20:25,Seafret,Atlantis,90302,seafret - atlantis,232723,Seafret,Atlantis,1Fid2jjqsHViMX6xNH70hE,85,2016,folk,0.4,0.479,8,-7.989,0,0.0308,0.0529,2.14e-06,0.115,0.213,166.159,229173,4
2024-04-11 02:11,Seafret,Atlantis,140468,seafret - atlantis,232723,Seafret,Atlantis,1Fid2jjqsHViMX6xNH70hE,85,2016,folk,0.4,0.479,8,-7.989,0,0.0308,0.0529,2.14e-06,0.115,0.213,166.159,229173,4
2024-04-11 02:18,Melanie Martinez,Cake,199681,melanie martinez - cake,175405,Melanie Martinez,Cake,5H3TCfiw0CQTX1XU7A9TXM,74,2015,electro,0.518,0.655,8,-6.255,1,0.0826,0.381,0.0,0.271,0.29,156.992,199682,4
2024-04-11 02:21,Melanie Martinez,Pacify Her,220013,melanie martinez - pacify her,175402,Melanie Martinez,Pacify Her,360Wr96ywrCQq4kTAJ8Pq6,77,2015,electro,0.576,0.593,9,-6.024,0,0.0306,0.0467,0.000767,0.237,0.373,157.993,220013,4
2024-04-11 02:24,Beach Bunny,Prom Queen,136562,beach bunny - prom queen,342780,Beach Bunny,Prom Queen,6MpCaSIOfqBqbMED4kXgNY,77,2018,indie-pop,0.528,0.797,4,-7.487,1,0.0485,0.000391,0.011,0.14,0.751,143.785,136562,4
2024-04-11 02:28,Conan Gray,Memories,248818,conan gray - memories,569229,Conan Gray,Memories,5UXJzLFdBn6u9FJTCnoHrH,81,2022,pop,0.34,0.684,11,-6.306,1,0.044,0.00979,0.0,0.348,0.556,112.969,248819,4
2024-04-11 02:32,Tom Odell,Another Love,244360,tom odell - another love,7578,Tom Odell,Another Love,5FKnuwsKf7YFpmhA5Wnl0q,65,2012,chill,0.443,0.54,4,-8.536,0,0.04,0.697,1.04e-05,0.102,0.133,119.161,250973,4
2024-04-11 02:35,Gracie Abrams,"I miss you, I’m sorry",167538,"gracie abrams - i miss you, i’m sorry",462026,Gracie Abrams,"I miss you, I’m sorry",4nyF5lmSziBAt7ESAUjpbx,75,2020,pop,0.445,0.455,7,-6.405,1,0.0575,0.731,1.47e-06,0.124,0.151,109.885,167538,5
2024-04-11 02:38,Sabrina Carpenter,Skin,177500,sabrina carpenter - skin,487956,Sabrina Carpenter,Skin,03B2SfXuvDh1m9F4tqrX07,66,2021,dance,0.557,0.457,7,-5.372,1,0.0335,0.428,0.0,0.0567,0.328,105.918,177500,4
2024-04-11 02:42,Beach Bunny,Cloud 9,53417,beach bunny - cloud 9,454750,Beach Bunny,Cloud 9,6vFsBXYczYsP0H3lgunZOm,74,2020,indie-pop,0.637,0.929,4,-3.593,1,0.0491,0.00167,2.62e-05,0.344,0.902,80.974,147351,4
2024-04-11 02:43,Beach Bunny,Cloud 9,93934,beach bunny - cloud 9,454750,Beach Bunny,Cloud 9,6vFsBXYczYsP0H3lgunZOm,74,2020,indie-pop,0.637,0.929,4,-3.593,1,0.0491,0.00167,2.62e-05,0.344,0.902,80.974,147351,4
2024-04-11 02:47,Lyn Lapid,In My Mind,162794,lyn lapid - in my mind,508531,Lyn Lapid,In My Mind,2W779g2UrRZtVdf3FcEOO1,69,2021,indie-pop,0.668,0.392,2,-12.178,0,0.0585,0.789,0.00275,0.345,0.323,135.936,162794,3
2024-04-11 02:49,Alec Benjamin,Let Me Down Slowly,121234,alec benjamin - let me down slowly,327774,Alec Benjamin,Let Me Down Slowly,2qxmye6gAegTMjLKEBoR3d,83,2018,electro,0.652,0.557,1,-5.714,0,0.0318,0.74,0.0,0.124,0.483,150.073,169354,4
2024-04-11 02:57,Fitz and The Tantrums,Out of My League,209386,fitz and the tantrums - out of my league,56397,Fitz and The Tantrums,Out of My League,2AYEOC02WLhUiOoaig2SEH,71,2013,alt-rock,0.545,0.968,9,-3.553,0,0.0853,0.0387,0.00325,0.331,0.527,169.965,209386,4
2024-04-11 03:00,Troye Sivan,Strawberries & Cigarettes,201538,troye sivan - strawberries & cigarettes,321050,Troye Sivan,Strawberries & Cigarettes,3afkJSKX0EAMsJXTZnDXXJ,78,2018,dance,0.578,0.537,9,-8.676,1,0.0832,0.162,0.0,0.076,0.25,83.909,201539,4
2024-04-11 03:09,Olivia Rodrigo,hope ur ok,209560,olivia rodrigo - hope ur ok,515617,Olivia Rodrigo,hope ur ok,1zejeOnykpCoyVSit6Bwp3,72,2021,pop,0.443,0.298,0,-12.181,1,0.0644,0.388,1e-05,0.103,0.172,77.253,209560,4
2024-04-11 03:12,Stephen Sanchez,Evangeline,177677,stephen sanchez - evangeline,612612,Stephen Sanchez,Evangeline,3lGPy4laQ3s4lT1pRXKmFC,72,2023,pop,0.469,0.568,3,-7.084,1,0.0305,0.0817,0.0,0.146,0.193,109.172,177880,4
2024-04-11 03:22,Nessa Barrett,dying on the inside,204847,nessa barrett - dying on the inside,547759,Nessa Barrett,dying on the inside,6h1s7cKnUtsbRpE5bwnUTf,63,2022,electro,0.539,0.587,0,-4.603,0,0.0371,0.000527,0.0,0.171,0.429,124.849,204848,1
2024-04-11 03:27,Lana Del Rey,Summertime Sadness,264773,lana del rey - summertime sadness,40349,Lana Del Rey,Summertime Sadness,1Ist6PR2BZR3n2z2Y5R6S1,73,2012,pop,0.566,0.647,1,-6.815,0,0.0335,0.0477,0.0,0.121,0.22,111.96,264773,4
2024-04-11 04:48,beabadoobee,Glue Song,119698,beabadoobee - glue song,606469,beabadoobee,Glue Song,3iBgrkexCzVuPy4O9vx7Mf,82,2023,indie-pop,0.62,0.409,1,-10.146,1,0.0282,0.77,0.0542,0.105,0.582,113.946,135067,3
2024-04-12 20:45,Suki Waterhouse,Good Looking,214800,suki waterhouse - good looking,561974,Suki Waterhouse,Good Looking,0j3mqDTK4Z6lvrLzFCUUz6,78,2022,indie-pop,0.364,0.554,4,-9.076,1,0.0301,0.077,0.000297,0.125,0.257,150.079,214800,3
2024-04-12 20:47,Mitski,Washing Machine Heart,128198,mitski - washing machine heart,342776,Mitski,Washing Machine Heart,3jjsRKEsF42ccXf8kWR3nu,81,2018,indie-pop,0.613,0.822,9,-4.087,1,0.026,0.0092,0.506,0.429,0.567,105.997,128199,4
2024-04-12 20:50,Lana Del Rey,Radio,214586,lana del rey - radio,40378,Lana Del Rey,Radio,4PMdq7Q7xOFrY424ZelZEb,59,2012,pop,0.423,0.857,2,-5.173,1,0.0687,0.188,2.63e-05,0.105,0.196,75.024,214574,4
2024-04-12 20:54,Omar Apollo,Evergreen (You Didn’t Deserve Me At All),216680,omar apollo - evergreen (you didn’t deserve me at all),569200,Omar Apollo,Evergreen (You Didn’t Deserve Me At All),2TktkzfozZifbQhXjT6I33,80,2022,pop,0.697,0.336,9,-10.395,1,0.0424,0.598,0.00528,0.107,0.31,82.029,216680,3
2024-04-12 21:03,Billie Eilish,The 30th,216448,billie eilish - the 30th,569272,Billie Eilish,The 30th,5SHpuW2qjkQtFRpE6P9Nks,74,2022,pop,0.387,0.135,7,-14.398,1,0.051,0.929,0.0,0.0948,0.21,82.987,216448,4
2024-04-12 21:07,Sabrina Carpenter,because i liked a boy,196458,sabrina carpenter - because i liked a boy,541617,Sabrina Carpenter,because i liked a boy,32FhTAAjKZaBein150o3Px,71,2022,dance,0.386,0.592,11,-7.299,1,0.374,0.363,0.0,0.117,0.161,146.879,196458,4
2024-04-12 21:18,ZAYN,I Don’t Wanna Live Forever (Fifty Shades Darker),247160,zayn - i don’t wanna live forever (fifty shades darker),264785,ZAYN,I Don’t Wanna Live Forever (Fifty Shades Darker),55n9yjI6qqXh5F2mYvUc2y,77,2017,dance,0.731,0.445,0,-8.418,1,0.0533,0.0586,1.96e-05,0.14,0.106,117.97,247160,4
2024-04-13 16:18,Billie Eilish,i love you,291796,billie eilish - i love you,406386,Billie Eilish,i love you,6CcJMwBtXByIz4zQLzFkKc,78,2019,pop,0.421,0.131,0,-18.435,1,0.0382,0.952,0.00453,0.109,0.12,137.446,291796,4
2024-04-13 16:30,Lana Del Rey,West Coast,103216,lana del rey - west coast,146772,Lana Del Rey,West Coast,5Y6nVaayzitvsD5F7nr3DV,81,2014,pop,0.527,0.591,6,-7.664,0,0.0396,0.194,0.0194,0.0907,0.461,123.167,256760,4
2024-04-14 22:33,Lana Del Rey,West Coast,258891,lana del rey - west coast,146772,Lana Del Rey,West Coast,5Y6nVaayzitvsD5F7nr3DV,81,2014,pop,0.527,0.591,6,-7.664,0,0.0396,0.194,0.0194,0.0907,0.461,123.167,256760,4
2024-04-14 22:36,Harry Styles,As It Was,167303,harry styles - as it was,569192,Harry Styles,As It Was,4LRPiXqCikLlN15c3yImP7,90,2022,pop,0.52,0.731,6,-5.338,0,0.0557,0.342,0.00101,0.311,0.662,173.93,167303,4
2024-04-14 22:40,Taylor Swift,Lover,221306,taylor swift - lover,406372,Taylor Swift,Lover,1dGr1c8CrMLDpV6mPbImSI,83,2019,pop,0.359,0.543,7,-7.582,1,0.0919,0.492,1.58e-05,0.118,0.453,68.534,221307,4
2024-04-14 22:45,Clairo,Sofia,188386,clairo - sofia,399069,Clairo,Sofia,7B3z0ySL9Rr0XvZEAjWZzM,78,2019,indie-pop,0.744,0.619,0,-9.805,1,0.039,0.598,0.00372,0.231,0.641,112.997,188387,4
2024-04-14 22:57,Alec Benjamin,Water Fountain,218893,alec benjamin - water fountain,327775,Alec Benjamin,Water Fountain,4IhKLu7Vk3j2TLmnFPl6To,75,2018,electro,0.723,0.504,8,-5.572,1,0.0392,0.388,7.4e-05,0.087,0.551,133.975,218893,4
2024-04-14 23:00,Bea Miller,feel something,180161,bea miller - feel something,377738,Bea Miller,feel something,7JDWhC422Gtk1Bq0mL3OTC,66,2019,dance,0.74,0.415,0,-8.914,1,0.0707,0.242,0.000156,0.319,0.156,136.029,180161,4
2024-04-14 23:02,EMELINE,cinderella's dead,120666,emeline - cinderella's dead,569287,EMELINE,cinderella's dead,5MWXOo8DJwgODtPGaietNz,73,2022,pop,0.596,0.607,6,-6.179,0,0.168,0.33,0.0,0.103,0.531,119.882,120666,4
2024-04-14 23:05,Wallows,Are You Bored Yet? (feat. Clairo),178000,wallows - are you bored yet? (feat. clairo),399066,Wallows,Are You Bored Yet? (feat. Clairo),57RA3JGafJm5zRtKJiKPIm,77,2019,indie-pop,0.682,0.683,8,-6.444,0,0.0287,0.156,2.32e-05,0.273,0.64,120.023,178000,4
2024-04-14 23:20,The Neighbourhood,Reflections,241992,the neighbourhood - reflections,311045,The Neighbourhood,Reflections,2xql0pid3EUwW38AsywxhV,77,2018,alt-rock,0.648,0.594,11,-7.027,0,0.0293,0.114,0.0462,0.116,0.544,113.983,244013,4
2024-04-15 20:22,The Neighbourhood,Reflections,686,the neighbourhood - reflections,311045,The Neighbourhood,Reflections,2xql0pid3EUwW38AsywxhV,77,2018,alt-rock,0.648,0.594,11,-7.027,0,0.0293,0.114,0.0462,0.116,0.544,113.983,244013,4
2024-04-15 20:24,Arctic Monkeys,Why'd You Only Call Me When You're High?,161123,arctic monkeys - why'd you only call me when you're high?,77592,Arctic Monkeys,Why'd You Only Call Me When You're High?,086myS9r57YsLbJpU0TgK9,85,2013,garage,0.691,0.631,2,-6.478,1,0.0368,0.0483,1.13e-05,0.104,0.8,92.004,161124,4
2024-04-15 20:29,Noah Kahan,Stick Season,182346,noah kahan - stick season,569217,Noah Kahan,Stick Season,0mflMxspEfB0VbI1kyLiAv,75,2022,pop,0.662,0.488,9,-6.894,1,0.0682,0.782,0.0,0.102,0.817,117.913,182347,4
2024-04-15 20:33,Billie Eilish,Halley's Comet,234761,billie eilish - halley's comet,515613,Billie Eilish,Halley's Comet,5XsAal7ZcWg1I5T4NcRjkv,73,2021,pop,0.403,0.159,1,-16.728,0,0.104,0.961,0.0121,0.34,0.0381,72.38,234761,4
2024-04-15 20:39,Taylor Swift,Cruel Summer,178426,taylor swift - cruel summer,406369,Taylor Swift,Cruel Summer,1BxfuPKGuaTgP7aM0Bbdwr,83,2019,pop,0.552,0.702,9,-5.707,1,0.157,0.117,2.06e-05,0.105,0.564,169.994,178427,4
2024-04-15 20:45,The Neighbourhood,Sweater Weather,240400,the neighbourhood - sweater weather,1800,The Neighbourhood,Sweater Weather,4pGqFOfzvfe6avb9kbZicC,60,2012,alt-rock,0.695,0.615,7,-5.325,0,0.042,0.15,0.000212,0.0879,0.414,124.015,240040,4
2024-04-15 20:49,Olivia Rodrigo,"Wondering - From ""High School Musical: The Musical: The Series""",225381,"olivia rodrigo - wondering - from ""high school musical: the musical: the series""",406582,Olivia Rodrigo,"Wondering - From ""High School Musical: The Musical: The Series""",6GfTYfb5eBLN1p1ByOsPmi,61,2019,pop,0.469,0.444,6,-7.064,1,0.0396,0.808,0.0,0.0932,0.221,129.385,225382,4
2024-04-15 20:54,Billie Eilish,TV,281380,billie eilish - tv,569199,Billie Eilish,TV,3GYlZ7tbxLOxe6ewMNVTkw,84,2022,pop,0.412,0.236,4,-15.159,0,0.0379,0.83,0.00653,0.147,0.119,140.214,281381,4
2024-04-15 22:51,Hozier,Work Song,229720,hozier - work song,146789,Hozier,Work Song,5TgEJ62DOzBpGxZ7WRsrqb,68,2014,pop,0.531,0.363,10,-7.672,1,0.0608,0.749,0.0,0.112,0.259,121.412,229720,4
2024-04-15 23:01,Conan Gray,Family Line,32301,conan gray - family line,569244,Conan Gray,Family Line,0iNZGC211wst3VjtobNnC5,76,2022,pop,0.326,0.397,6,-8.145,1,0.0461,0.619,0.0,0.0979,0.276,153.713,216095,3
2024-04-16 00:35,Conan Gray,Family Line,183803,conan gray - family line,569244,Conan Gray,Family Line,0iNZGC211wst3VjtobNnC5,76,2022,pop,0.326,0.397,6,-8.145,1,0.0461,0.619,0.0,0.0979,0.276,153.713,216095,3
2024-04-16 00:40,Olivia Rodrigo,"The Rose Song - From ""High School Musical: The Musical: The Series (Season 2)""",24867,"olivia rodrigo - the rose song - from ""high school musical: the musical: the series (season 2)""",515902,Olivia Rodrigo,"The Rose Song - From ""High School Musical: The Musical: The Series (Season 2)""",3qxzozdGFaBxQ0X4HkrMr0,61,2021,pop,0.437,0.372,5,-9.0,1,0.0373,0.784,0.0,0.107,0.439,141.786,174380,4
2024-04-16 00:41,Olivia Rodrigo,"The Rose Song - From ""High School Musical: The Musical: The Series (Season 2)""",59174,"olivia rodrigo - the rose song - from ""high school musical: the musical: the series (season 2)""",515902,Olivia Rodrigo,"The Rose Song - From ""High School Musical: The Musical: The Series (Season 2)""",3qxzozdGFaBxQ0X4HkrMr0,61,2021,pop,0.437,0.372,5,-9.0,1,0.0373,0.784,0.0,0.107,0.439,141.786,174380,4
2024-04-16 00:45,Billie Eilish,listen before i go,242652,billie eilish - listen before i go,406393,Billie Eilish,listen before i go,0tMSssfxAL2oV8Vri0mFHE,75,2019,pop,0.319,0.0561,0,-23.023,1,0.045,0.935,0.00384,0.388,0.082,79.764,242652,3
2024-04-16 00:51,The Neighbourhood,Softcore,206280,the neighbourhood - softcore,311042,The Neighbourhood,Softcore,2K7xn816oNHJZ0aVqdQsha,84,2018,alt-rock,0.575,0.568,9,-5.509,0,0.03,0.0484,0.000417,0.286,0.37,93.986,206280,4
2024-04-16 00:54,The Lumineers,Ophelia,160097,the lumineers - ophelia,232722,The Lumineers,Ophelia,3d8y0t70g7hw2FOWl9Z4Fm,74,2016,folk,0.664,0.573,5,-6.519,1,0.0277,0.613,0.000363,0.0857,0.566,76.023,160097,4
2024-04-16 00:58,Miley Cyrus,Party In The U.S.A.,202066,miley cyrus - party in the u.s.a.,1309411,Miley Cyrus,Party In The U.S.A.,5Q0Nhxo0l2bP3pNjpGJwV1,75,2009,pop,0.652,0.698,10,-4.667,0,0.042,0.00112,0.000115,0.0886,0.47,96.021,202067,4
2024-04-16 01:00,Shawn Mendes,Wonder,172692,shawn mendes - wonder,433265,Shawn Mendes,Wonder,5KCbr5ndeby4y4ggthdiAb,68,2020,dance,0.333,0.637,1,-4.904,0,0.0581,0.131,1.8e-05,0.149,0.132,139.898,172693,4
2024-04-16 01:03,Gracie Abrams,Mess It Up,171280,gracie abrams - mess it up,515689,Gracie Abrams,Mess It Up,0PLhwCmQ7cC3ThRGPn3HxF,68,2021,pop,0.765,0.582,0,-4.528,1,0.12,0.245,8.21e-05,0.154,0.36,132.992,171280,4
2024-04-16 01:16,Dove Cameron,Boyfriend,153000,dove cameron - boyfriend,569224,Dove Cameron,Boyfriend,59CfNbkERJ3NoTXDvoURjj,81,2022,pop,0.345,0.612,7,-6.543,0,0.0608,0.232,0.0,0.194,0.232,179.773,153000,3
2024-04-16 01:20,Conan Gray,The Exit,221054,conan gray - the exit,569274,Conan Gray,The Exit,6PDWMQJ55ZYrGrSx3EZzl4,72,2022,pop,0.58,0.416,0,-9.591,1,0.0291,0.608,0.0,0.0883,0.453,82.015,221054,4
2024-04-16 01:24,Benson Boone,In The Stars,216410,benson boone - in the stars,569249,Benson Boone,In The Stars,1ei3hzQmrgealgRKFxIcWn,80,2022,pop,0.362,0.54,10,-6.031,1,0.0528,0.338,0.0,0.139,0.3,78.007,216410,3
2024-04-16 01:27,Lewis Capaldi,Before You Go,215106,lewis capaldi - before you go,406375,Lewis Capaldi,Before You Go,2gMXnyrvIjhVBUZwvLZDMP,83,2019,pop,0.459,0.575,3,-4.858,1,0.0573,0.604,0.0,0.0885,0.183,111.881,215107,4
2024-04-16 01:31,Ariana Grande,Dangerous Woman,235946,ariana grande - dangerous woman,224462,Ariana Grande,Dangerous Woman,6RUhbFEhrvGISaQ8u2j2JN,67,2016,dance,0.664,0.602,4,-5.369,0,0.0412,0.0529,0.0,0.356,0.289,134.049,235947,3
2024-04-16 01:38,Melanie Martinez,Teacher's Pet,241893,melanie martinez - teacher's pet,384326,Melanie Martinez,Teacher's Pet,5o5akY9xnEk6lpMkD8RwD9,74,2019,electro,0.686,0.794,7,-6.136,0,0.0385,0.27,2.25e-05,0.125,0.532,140.952,241893,3
2024-04-16 01:41,JVKE,golden hour,209259,jvke - golden hour,561970,JVKE,golden hour,5odlY52u43F5BjByhxg7wg,89,2022,indie-pop,0.515,0.593,4,-4.801,1,0.0322,0.653,0.162,0.25,0.153,94.467,209260,3
2024-04-16 01:45,5 Seconds of Summer,Ghost Of You,197411,5 seconds of summer - ghost of you,321046,5 Seconds of Summer,Ghost Of You,1MhXdlCQPnO56T57MfmaRm,73,2018,dance,0.458,0.561,10,-4.819,1,0.0269,0.0965,0.0,0.156,0.206,149.875,197411,3
2024-04-16 01:47,Dove Cameron,Breakfast,148470,dove cameron - breakfast,569268,Dove Cameron,Breakfast,6GUiIbJ834FcHewby3PwV0,73,2022,pop,0.64,0.553,2,-6.42,0,0.0411,0.0579,0.0,0.0914,0.486,81.992,148471,4
2024-04-16 01:50,THE ANXIETY,Meet Me At Our Spot,162680,the anxiety - meet me at our spot,462009,THE ANXIETY,Meet Me At Our Spot,07MDkzWARZaLEdKxo6yArG,76,2020,pop,0.773,0.47,2,-7.93,1,0.0299,0.0153,0.000193,0.0851,0.399,94.995,162680,4
2024-04-16 01:52,Dean Lewis,How Do I Say Goodbye,163603,dean lewis - how do i say goodbye,569250,Dean Lewis,How Do I Say Goodbye,5hnGrTBaEsdukpDF6aZg8a,81,2022,pop,0.4,0.641,8,-6.303,1,0.0674,0.214,0.0,0.0656,0.393,81.552,163603,4
2024-04-16 01:56,Tom Rosenthal,Lights Are On,193749,tom rosenthal - lights are on,359229,Tom Rosenthal,Lights Are On,4IhTXiZLKATmwhMZIb1GQN,78,2018,singer-songwriter,0.44,0.04,3,-16.887,1,0.0322,0.981,0.465,0.111,0.249,135.965,193749,4
2024-04-16 02:06,Hozier,Take Me to Church,474898,hozier - take me to church,93786,Hozier,Take Me to Church,7J4gq1xNP3IsG6lDk0eSa7,42,2013,pop,0.572,0.661,4,-5.304,0,0.0472,0.59,0.0,0.121,0.386,129.093,241587,4
2024-04-16 02:09,MARINA,Oh No!,182586,marina - oh no!,1343525,MARINA,Oh No!,4sNwdacKyi2S26WrRtNama,70,2010,dance,0.77,0.896,0,-3.971,1,0.039,0.0539,0.0,0.243,0.964,126.999,182587,4
2024-04-16 02:12,Melanie Martinez,Play Date,179867,melanie martinez - play date,175403,Melanie Martinez,Play Date,4DpNNXFMMxQEKl7r0ykkWA,76,2015,electro,0.68,0.729,5,-5.077,1,0.0475,0.612,0.0,0.224,0.446,123.97,179867,4
2024-04-16 02:16,One Direction,Story of My Life,245493,one direction - story of my life,93572,One Direction,Story of My Life,4nVBt6MZDDP6tRVdQTgxJg,81,2013,pop,0.6,0.663,3,-5.802,1,0.0477,0.225,0.0,0.119,0.286,121.07,245493,4
2024-04-16 02:29,Katy Perry,The One That Got Away,145379,katy perry - the one that got away,12132,Katy Perry,The One That Got Away,3oL3XRtkP1WVbMxf7dtTdu,72,2012,dance,0.687,0.792,1,-4.023,0,0.0353,0.000802,0.0,0.2,0.864,133.962,227333,4
2024-04-16 17:07,Katy Perry,The One That Got Away,2237,katy perry - the one that got away,12132,Katy Perry,The One That Got Away,3oL3XRtkP1WVbMxf7dtTdu,72,2012,dance,0.687,0.792,1,-4.023,0,0.0353,0.000802,0.0,0.2,0.864,133.962,227333,4
2024-04-16 17:07,Gracie Abrams,Stay,1216,gracie abrams - stay,406508,Gracie Abrams,Stay,0Uon5NsSAkBDx69XYOaQ5P,68,2019,pop,0.618,0.37,10,-10.5,1,0.0543,0.883,0.0,0.123,0.433,114.26,177153,4
2024-04-16 17:24,THE ANXIETY,Meet Me At Our Spot,162680,the anxiety - meet me at our spot,462009,THE ANXIETY,Meet Me At Our Spot,07MDkzWARZaLEdKxo6yArG,76,2020,pop,0.773,0.47,2,-7.93,1,0.0299,0.0153,0.000193,0.0851,0.399,94.995,162680,4
2024-04-16 17:44,Zeph,could you love me while i hate myself,60333,zeph - could you love me while i hate myself,508529,Zeph,could you love me while i hate myself,7uo2L5FAja3pWIBa3HJVeC,74,2021,indie-pop,0.68,0.406,9,-11.313,1,0.0414,0.782,0.00019,0.11,0.551,119.901,60333,4
2024-04-16 17:59,Ariana Grande,Dangerous Woman,235946,ariana grande - dangerous woman,224462,Ariana Grande,Dangerous Woman,6RUhbFEhrvGISaQ8u2j2JN,67,2016,dance,0.664,0.602,4,-5.369,0,0.0412,0.0529,0.0,0.356,0.289,134.049,235947,3
2024-04-16 18:04,Alec Benjamin,If We Have Each Other,181522,alec benjamin - if we have each other,327776,Alec Benjamin,If We Have Each Other,7pT6WSg4PCt4mr5ZFyUfsF,74,2018,electro,0.656,0.577,10,-5.566,0,0.0802,0.698,0.0,0.296,0.861,173.094,181522,4
2024-04-16 18:07,Billie Eilish,watch,177523,billie eilish - watch,271631,Billie Eilish,watch,7eB1V5LvAdxCc7brfGhRRo,77,2017,electro,0.441,0.599,0,-8.985,1,0.225,0.333,0.00198,0.103,0.35,165.212,177523,4
2024-04-16 18:13,Tate McRae,you broke me first,170226,tate mcrae - you broke me first,462001,Tate McRae,you broke me first,45bE4HXI0AwGZXfZtMp8JR,81,2020,pop,0.667,0.373,4,-9.389,1,0.05,0.785,0.0,0.0906,0.0823,124.148,169266,4
2024-04-16 18:28,Billie Eilish,when the party's over,196077,billie eilish - when the party's over,406376,Billie Eilish,when the party's over,43zdsphuZLzwA9k4DJhU0I,81,2019,pop,0.367,0.111,4,-14.084,1,0.0972,0.978,3.97e-05,0.0897,0.198,82.642,196077,4
2024-04-16 18:31,Dean Lewis,How Do I Say Goodbye,163603,dean lewis - how do i say goodbye,569250,Dean Lewis,How Do I Say Goodbye,5hnGrTBaEsdukpDF6aZg8a,81,2022,pop,0.4,0.641,8,-6.303,1,0.0674,0.214,0.0,0.0656,0.393,81.552,163603,4
2024-04-16 18:36,Djo,End of Beginning,159245,djo - end of beginning,569335,Djo,End of Beginning,3qhlB30KknSejmIvZZLjOD,66,2022,pop,0.689,0.454,2,-7.643,1,0.0584,0.0351,0.00259,0.0707,0.912,159.982,159246,4
2024-04-16 18:40,d4vd,Romantic Homicide,132630,d4vd - romantic homicide,569185,d4vd,Romantic Homicide,1xK59OXxi2TAAAbmZK0kBL,90,2022,pop,0.571,0.544,6,-10.613,1,0.0299,0.453,0.00805,0.322,0.216,132.052,132631,4
2024-04-16 18:43,Billie Eilish,bellyache,179172,billie eilish - bellyache,271632,Billie Eilish,bellyache,51NFxnQvaosfDDutk0tams,76,2017,electro,0.695,0.573,4,-8.597,0,0.106,0.46,0.0734,0.482,0.408,99.939,179172,4
2024-04-16 18:46,Sasha Alex Sloan,Dancing With Your Ghost,197732,sasha alex sloan - dancing with your ghost,384327,Sasha Alex Sloan,Dancing With Your Ghost,1TQXIltqoZ5XXyfCbAeSQQ,78,2019,electro,0.629,0.328,11,-8.284,1,0.029,0.768,2.5e-05,0.103,0.389,74.953,197732,4
2024-04-16 18:53,Olivia Rodrigo,"jealousy, jealousy",173160,"olivia rodrigo - jealousy, jealousy",515579,Olivia Rodrigo,"jealousy, jealousy",0MMyJUC3WNnFS1lit5pTjk,80,2021,pop,0.695,0.575,10,-6.334,0,0.116,0.198,0.0,0.0614,0.699,163.929,173160,4
2024-04-16 19:03,Billie Eilish,lovely (with Khalid),200185,billie eilish - lovely (with khalid),350203,Billie Eilish,lovely (with Khalid),0u2P5u6lvoDfwTYjAADbn4,87,2018,pop,0.351,0.296,4,-10.109,0,0.0333,0.934,0.0,0.095,0.12,115.284,200186,4
2024-04-16 19:06,Lewis Capaldi,Forever,210863,lewis capaldi - forever,406429,Lewis Capaldi,Forever,12OLyHDxt6dqlAybSPFBK3,74,2019,pop,0.646,0.355,1,-7.119,1,0.0263,0.873,0.0,0.115,0.364,84.988,210863,4
2024-04-16 19:13,Beach Bunny,Cloud 9,147350,beach bunny - cloud 9,454750,Beach Bunny,Cloud 9,6vFsBXYczYsP0H3lgunZOm,74,2020,indie-pop,0.637,0.929,4,-3.593,1,0.0491,0.00167,2.62e-05,0.344,0.902,80.974,147351,4
2024-04-16 19:16,Tate McRae,she's all i wanna be,207120,tate mcrae - she's all i wanna be,569304,Tate McRae,she's all i wanna be,7l9IqDtVWJurTvkQHq1BGh,72,2022,pop,0.602,0.626,2,-5.323,0,0.0396,0.0129,9.02e-06,0.144,0.619,160.118,207120,4
2024-04-16 19:19,Melanie Martinez,Cake,199681,melanie martinez - cake,175405,Melanie Martinez,Cake,5H3TCfiw0CQTX1XU7A9TXM,74,2015,electro,0.518,0.655,8,-6.255,1,0.0826,0.381,0.0,0.271,0.29,156.992,199682,4
2024-04-16 19:23,Billie Eilish,idontwannabeyouanymore,203569,billie eilish - idontwannabeyouanymore,271630,Billie Eilish,idontwannabeyouanymore,41zXlQxzTi6cGAjpOXyLYH,79,2017,electro,0.483,0.412,7,-8.461,1,0.0402,0.737,0.0,0.116,0.247,170.163,203569,3
2024-04-16 19:25,Olivia Rodrigo,brutal,143746,olivia rodrigo - brutal,515588,Olivia Rodrigo,brutal,6SRsiMl7w1USE4mFqrOhHC,77,2021,pop,0.672,0.526,4,-6.446,1,0.0599,0.0311,1.37e-06,0.28,0.28,123.999,143747,4
2024-04-16 19:29,Adele,Set Fire to the Rain,242973,adele - set fire to the rain,1450773,Adele,Set Fire to the Rain,73CMRj62VK8nUS4ezD2wvi,79,2011,pop,0.603,0.67,2,-3.882,0,0.0249,0.00408,1.68e-06,0.112,0.446,107.993,242974,4
2024-04-16 19:33,Ruth B.,Dandelions,233720,ruth b. - dandelions,293465,Ruth B.,Dandelions,2eAvDnpXP5W0cVtiI0PUxV,87,2017,pop,0.609,0.692,1,-2.958,1,0.0259,0.0157,0.0,0.0864,0.454,116.959,233720,3
2024-04-16 19:38,Tate McRae,Teenage Mind,155205,tate mcrae - teenage mind,350242,Tate McRae,Teenage Mind,1vdjJ55uw3WOuu7ZSyABFP,68,2018,pop,0.671,0.335,4,-9.719,0,0.0605,0.756,1.85e-06,0.109,0.115,119.369,155205,4
2024-04-16 19:42,The Weeknd,Die For You (with Ariana Grande) - Remix,232857,the weeknd - die for you (with ariana grande) - remix,612514,The Weeknd,Die For You (with Ariana Grande) - Remix,4W4fNrZYkobj539TOWsLO2,72,2023,pop,0.575,0.5,1,-7.594,0,0.0707,0.227,0.0,0.335,0.506,67.033,232857,4
2024-04-16 19:45,Billie Eilish,watch,177523,billie eilish - watch,271631,Billie Eilish,watch,7eB1V5LvAdxCc7brfGhRRo,77,2017,electro,0.441,0.599,0,-8.985,1,0.225,0.333,0.00198,0.103,0.35,165.212,177523,4
2024-04-16 19:50,Tate McRae,Teenage Mind,155205,tate mcrae - teenage mind,350242,Tate McRae,Teenage Mind,1vdjJ55uw3WOuu7ZSyABFP,68,2018,pop,0.671,0.335,4,-9.719,0,0.0605,0.756,1.85e-06,0.109,0.115,119.369,155205,4
2024-04-16 19:53,Stephen Sanchez,Until I Found You,176666,stephen sanchez - until i found you,515573,Stephen Sanchez,Until I Found You,0T5iIrXA4p5GsubkhuBIKV,85,2021,pop,0.539,0.508,10,-6.05,1,0.0288,0.727,0.0,0.174,0.227,101.358,177720,3
2024-04-16 19:56,Olivia Rodrigo,good 4 u,178146,olivia rodrigo - good 4 u,515567,Olivia Rodrigo,good 4 u,4ZtFanR9U6ndgddUvNcjcG,84,2021,pop,0.563,0.664,9,-5.044,1,0.154,0.335,0.0,0.0849,0.688,166.928,178147,4
2024-04-16 19:59,David Kushner,Mr. Forgettable,187293,david kushner - mr. forgettable,577937,David Kushner,Mr. Forgettable,0c8K5IUrmVlieC0Fc0d8tV,70,2022,singer-songwriter,0.564,0.412,8,-9.23,0,0.0274,0.554,0.0,0.151,0.29,144.689,187293,4
2024-04-16 20:03,Billie Eilish,lovely (with Khalid),200185,billie eilish - lovely (with khalid),350203,Billie Eilish,lovely (with Khalid),0u2P5u6lvoDfwTYjAADbn4,87,2018,pop,0.351,0.296,4,-10.109,0,0.0333,0.934,0.0,0.095,0.12,115.284,200186,4
2024-04-16 20:06,Lana Del Rey,Young And Beautiful,236053,lana del rey - young and beautiful,93567,Lana Del Rey,Young And Beautiful,2nMeu6UenVvwUktBCpLMK9,81,2013,pop,0.324,0.416,11,-8.92,0,0.0368,0.262,3.69e-05,0.11,0.151,113.986,236053,4
2024-04-16 20:10,Ariana Grande,One Last Time,197266,ariana grande - one last time,119673,Ariana Grande,One Last Time,7xoUc6faLbCqZO6fQEYprd,81,2014,dance,0.628,0.593,8,-5.036,1,0.0323,0.093,1.65e-06,0.096,0.104,125.026,197267,4
2024-04-16 20:16,JVKE,this is what falling in love feels like,120308,jvke - this is what falling in love feels like,561973,JVKE,this is what falling in love feels like,2PWTZV5znjLtZC5T1EVJvL,79,2022,indie-pop,0.422,0.44,11,-5.53,1,0.0544,0.617,0.0,0.0837,0.332,128.934,120308,5
2024-04-16 20:19,Taylor Swift,Karma,204852,taylor swift - karma,569212,Taylor Swift,Karma,7KokYm8cMIXCsGVmUvKtqf,80,2022,pop,0.642,0.62,8,-7.091,1,0.0666,0.0734,0.0,0.483,0.0969,90.02,204852,4
2024-04-16 20:22,Billie Eilish,Happier Than Ever - Edit,151444,billie eilish - happier than ever - edit,494164,Billie Eilish,Happier Than Ever - Edit,32BeYxKPrig1LefHsC0Xuo,78,2021,electro,0.334,0.599,0,-5.742,1,0.0365,0.0468,0.000392,0.205,0.127,161.74,151444,3
2024-04-16 20:25,David Kushner,Burn,179173,david kushner - burn,577941,David Kushner,Burn,40dfo65kBJa1UgzkD652Gl,68,2022,singer-songwriter,0.574,0.408,0,-9.733,1,0.0359,0.799,0.00295,0.15,0.134,126.127,179173,4
2024-04-16 20:28,Olivia Rodrigo,enough for you,202826,olivia rodrigo - enough for you,515599,Olivia Rodrigo,enough for you,2TOzTqQXNmR2zDJXihjZ2e,75,2021,pop,0.638,0.259,7,-10.706,1,0.0898,0.753,0.0,0.219,0.269,88.485,202827,4
2024-04-16 20:34,Chance Peña,In My Room,177609,chance peña - in my room,549417,Chance Peña,In My Room,7CiDwKE62N6ey3LyG6s7xc,76,2022,folk,0.408,0.338,4,-13.626,1,0.0431,0.521,0.000639,0.0732,0.1,133.943,177609,3
2024-04-16 20:37,Conan Gray,Heather,198040,conan gray - heather,461994,Conan Gray,Heather,4xqrdfXkTW4T0RauPLv3WA,85,2020,pop,0.357,0.425,5,-7.301,1,0.0333,0.584,0.0,0.322,0.27,102.078,198040,3
2024-04-16 20:41,Billie Eilish,everything i wanted,245425,billie eilish - everything i wanted,384323,Billie Eilish,everything i wanted,3ZCTVFBt2Brf31RLEnCkWJ,83,2019,electro,0.704,0.225,6,-14.454,0,0.0994,0.902,0.657,0.106,0.243,120.006,245426,4
2024-04-16 20:47,Olivia Rodrigo,traitor,229226,olivia rodrigo - traitor,515570,Olivia Rodrigo,traitor,5CZ40GBx1sQ9agT82CLQCT,84,2021,pop,0.38,0.339,3,-7.885,1,0.0338,0.691,0.0,0.12,0.0849,100.607,229227,4
2024-04-16 20:52,Alec Benjamin,If I Killed Someone For You,291437,alec benjamin - if i killed someone for you,327779,Alec Benjamin,If I Killed Someone For You,0WHi11uzahqpEtPGYCW6oQ,70,2018,electro,0.514,0.605,7,-5.363,1,0.0337,0.774,2.91e-06,0.121,0.409,120.894,185123,4
2024-04-16 21:02,Billie Eilish,idontwannabeyouanymore,203569,billie eilish - idontwannabeyouanymore,271630,Billie Eilish,idontwannabeyouanymore,41zXlQxzTi6cGAjpOXyLYH,79,2017,electro,0.483,0.412,7,-8.461,1,0.0402,0.737,0.0,0.116,0.247,170.163,203569,3
2024-04-16 21:06,Sara Kays,Remember That Night?,227186,sara kays - remember that night?,454756,Sara Kays,Remember That Night?,1nYzjrdVQ8RpF93M0jPFW7,72,2020,indie-pop,0.679,0.61,7,-10.936,0,0.0305,0.585,9.51e-05,0.156,0.554,123.978,227186,4
2024-04-16 21:09,Em Beihold,Numb Little Bug,169237,em beihold - numb little bug,577934,Em Beihold,Numb Little Bug,3o9kpgkIcffx0iSwxhuNI2,74,2022,singer-songwriter,0.742,0.527,8,-6.892,0,0.0769,0.327,0.0,0.25,0.638,84.974,169238,4
2024-04-16 21:21,The Neighbourhood,You Get Me So High,153000,the neighbourhood - you get me so high,311043,The Neighbourhood,You Get Me So High,7zwn1eykZtZ5LODrf7c0tS,81,2018,alt-rock,0.551,0.881,7,-6.099,0,0.0542,0.186,0.0791,0.152,0.387,88.036,153000,4
2024-04-16 21:23,MARINA,Bubblegum Bitch,154666,marina - bubblegum bitch,12117,MARINA,Bubblegum Bitch,6IbnUaczZBT34DhaD6S18F,76,2012,dance,0.495,0.856,0,-5.123,0,0.0311,0.000219,0.0,0.103,0.609,158.024,154667,4
2024-04-16 21:27,Billie Eilish,ocean eyes,200560,billie eilish - ocean eyes,231075,Billie Eilish,ocean eyes,2uIX8YMNjGMD7441kqyyNU,67,2016,electro,0.475,0.37,4,-7.725,0,0.0361,0.819,0.0577,0.0841,0.157,144.828,200560,4
2024-04-16 21:30,Conan Gray,Maniac,185773,conan gray - maniac,462007,Conan Gray,Maniac,6KfoDhO4XUWSbnyKjNp9c4,77,2020,pop,0.628,0.639,8,-5.46,1,0.0435,0.00162,0.0,0.354,0.493,108.045,185773,4
2024-04-16 21:35,Alec Benjamin,Devil Doesn’t Bargain,163613,alec benjamin - devil doesn’t bargain,547737,Alec Benjamin,Devil Doesn’t Bargain,1zu2GKHPJIsUu80SUJX4H4,75,2022,electro,0.448,0.606,3,-4.565,1,0.0609,0.577,0.0,0.217,0.483,121.15,163613,4
2024-04-16 21:39,Ariana Grande,bloodline,216893,ariana grande - bloodline,377718,Ariana Grande,bloodline,2hloaUoRonYssMuqLCBLTX,68,2019,dance,0.758,0.665,2,-5.188,0,0.0774,0.0815,0.000157,0.216,0.643,151.976,216893,4
2024-04-16 21:48,Harry Styles,Falling,240133,harry styles - falling,406378,Harry Styles,Falling,1ZMiCix7XSAbfAJlEZWMCp,82,2019,pop,0.567,0.267,4,-6.502,1,0.0299,0.839,1.46e-06,0.089,0.0592,110.011,240133,4
2024-04-16 21:52,The Neighbourhood,Daddy Issues,260173,the neighbourhood - daddy issues,162916,The Neighbourhood,Daddy Issues,5E30LdtzQTGqRvNd7l6kG5,84,2015,alt-rock,0.588,0.521,10,-9.461,1,0.0329,0.0678,0.149,0.123,0.337,85.012,260173,4
2024-04-16 21:55,Olivia Rodrigo,All I Want - Love That Lasts Mix,175388,olivia rodrigo - all i want - love that lasts mix,462180,Olivia Rodrigo,All I Want - Love That Lasts Mix,05ZA9WD25P4ynY41Bd15Km,65,2020,pop,0.362,0.448,3,-6.12,1,0.0872,0.488,0.0,0.154,0.166,76.692,175389,4
2024-04-16 21:58,Alec Benjamin,If We Have Each Other,181522,alec benjamin - if we have each other,327776,Alec Benjamin,If We Have Each Other,7pT6WSg4PCt4mr5ZFyUfsF,74,2018,electro,0.656,0.577,10,-5.566,0,0.0802,0.698,0.0,0.296,0.861,173.094,181522,4
2024-04-16 22:16,Olivia Rodrigo,drivers license,153443,olivia rodrigo - drivers license,515574,Olivia Rodrigo,drivers license,5wANPM4fQCJwkGd4rN57mH,84,2021,pop,0.561,0.431,10,-8.81,1,0.0578,0.768,1.42e-05,0.106,0.137,143.875,242013,4
2024-04-18 16:08,Zeph,could you love me while i hate myself,60333,zeph - could you love me while i hate myself,508529,Zeph,could you love me while i hate myself,7uo2L5FAja3pWIBa3HJVeC,74,2021,indie-pop,0.68,0.406,9,-11.313,1,0.0414,0.782,0.00019,0.11,0.551,119.901,60333,4
2024-04-18 16:11,Billie Eilish,bellyache,179172,billie eilish - bellyache,271632,Billie Eilish,bellyache,51NFxnQvaosfDDutk0tams,76,2017,electro,0.695,0.573,4,-8.597,0,0.106,0.46,0.0734,0.482,0.408,99.939,179172,4
2024-04-18 16:18,Camila Cabello,Shameless,219742,camila cabello - shameless,377675,Camila Cabello,Shameless,2ogKhhoMClkFXek7ZgxAhN,78,2019,dance,0.377,0.651,4,-5.437,0,0.0589,0.0197,5.31e-05,0.174,0.0851,129.607,219742,4
2024-04-18 16:21,Seafret,Atlantis,229173,seafret - atlantis,232723,Seafret,Atlantis,1Fid2jjqsHViMX6xNH70hE,85,2016,folk,0.4,0.479,8,-7.989,0,0.0308,0.0529,2.14e-06,0.115,0.213,166.159,229173,4
2024-04-18 16:28,Melanie Martinez,Cake,199681,melanie martinez - cake,175405,Melanie Martinez,Cake,5H3TCfiw0CQTX1XU7A9TXM,74,2015,electro,0.518,0.655,8,-6.255,1,0.0826,0.381,0.0,0.271,0.29,156.992,199682,4
2024-04-18 16:30,Beach Bunny,Prom Queen,136562,beach bunny - prom queen,342780,Beach Bunny,Prom Queen,6MpCaSIOfqBqbMED4kXgNY,77,2018,indie-pop,0.528,0.797,4,-7.487,1,0.0485,0.000391,0.011,0.14,0.751,143.785,136562,4
2024-04-18 16:34,Conan Gray,Memories,248818,conan gray - memories,569229,Conan Gray,Memories,5UXJzLFdBn6u9FJTCnoHrH,81,2022,pop,0.34,0.684,11,-6.306,1,0.044,0.00979,0.0,0.348,0.556,112.969,248819,4
2024-04-18 16:39,Tom Odell,Another Love,244360,tom odell - another love,7578,Tom Odell,Another Love,5FKnuwsKf7YFpmhA5Wnl0q,65,2012,chill,0.443,0.54,4,-8.536,0,0.04,0.697,1.04e-05,0.102,0.133,119.161,250973,4
2024-04-18 16:41,Gracie Abrams,"I miss you, I’m sorry",167538,"gracie abrams - i miss you, i’m sorry",462026,Gracie Abrams,"I miss you, I’m sorry",4nyF5lmSziBAt7ESAUjpbx,75,2020,pop,0.445,0.455,7,-6.405,1,0.0575,0.731,1.47e-06,0.124,0.151,109.885,167538,5
2024-04-18 16:44,Sabrina Carpenter,Skin,177500,sabrina carpenter - skin,487956,Sabrina Carpenter,Skin,03B2SfXuvDh1m9F4tqrX07,66,2021,dance,0.557,0.457,7,-5.372,1,0.0335,0.428,0.0,0.0567,0.328,105.918,177500,4
2024-04-18 16:50,Beach Bunny,Cloud 9,147350,beach bunny - cloud 9,454750,Beach Bunny,Cloud 9,6vFsBXYczYsP0H3lgunZOm,74,2020,indie-pop,0.637,0.929,4,-3.593,1,0.0491,0.00167,2.62e-05,0.344,0.902,80.974,147351,4
2024-04-18 16:53,Lyn Lapid,In My Mind,162794,lyn lapid - in my mind,508531,Lyn Lapid,In My Mind,2W779g2UrRZtVdf3FcEOO1,69,2021,indie-pop,0.668,0.392,2,-12.178,0,0.0585,0.789,0.00275,0.345,0.323,135.936,162794,3
2024-04-18 16:56,Alec Benjamin,Let Me Down Slowly,169353,alec benjamin - let me down slowly,327774,Alec Benjamin,Let Me Down Slowly,2qxmye6gAegTMjLKEBoR3d,83,2018,electro,0.652,0.557,1,-5.714,0,0.0318,0.74,0.0,0.124,0.483,150.073,169354,4
2024-04-18 16:59,Fitz and The Tantrums,Out of My League,209386,fitz and the tantrums - out of my league,56397,Fitz and The Tantrums,Out of My League,2AYEOC02WLhUiOoaig2SEH,71,2013,alt-rock,0.545,0.968,9,-3.553,0,0.0853,0.0387,0.00325,0.331,0.527,169.965,209386,4
2024-04-18 17:02,Troye Sivan,Strawberries & Cigarettes,201538,troye sivan - strawberries & cigarettes,321050,Troye Sivan,Strawberries & Cigarettes,3afkJSKX0EAMsJXTZnDXXJ,78,2018,dance,0.578,0.537,9,-8.676,1,0.0832,0.162,0.0,0.076,0.25,83.909,201539,4
2024-04-18 17:26,Stephen Sanchez,Evangeline,2386,stephen sanchez - evangeline,612612,Stephen Sanchez,Evangeline,3lGPy4laQ3s4lT1pRXKmFC,72,2023,pop,0.469,0.568,3,-7.084,1,0.0305,0.0817,0.0,0.146,0.193,109.172,177880,4
2024-04-18 17:26,Olivia Rodrigo,hope ur ok,101830,olivia rodrigo - hope ur ok,515617,Olivia Rodrigo,hope ur ok,1zejeOnykpCoyVSit6Bwp3,72,2021,pop,0.443,0.298,0,-12.181,1,0.0644,0.388,1e-05,0.103,0.172,77.253,209560,4
2024-04-18 17:29,Stephen Sanchez,Evangeline,177677,stephen sanchez - evangeline,612612,Stephen Sanchez,Evangeline,3lGPy4laQ3s4lT1pRXKmFC,72,2023,pop,0.469,0.568,3,-7.084,1,0.0305,0.0817,0.0,0.146,0.193,109.172,177880,4
2024-04-18 17:38,Nessa Barrett,dying on the inside,204847,nessa barrett - dying on the inside,547759,Nessa Barrett,dying on the inside,6h1s7cKnUtsbRpE5bwnUTf,63,2022,electro,0.539,0.587,0,-4.603,0,0.0371,0.000527,0.0,0.171,0.429,124.849,204848,1
2024-04-18 17:42,Lana Del Rey,Summertime Sadness,264773,lana del rey - summertime sadness,40349,Lana Del Rey,Summertime Sadness,1Ist6PR2BZR3n2z2Y5R6S1,73,2012,pop,0.566,0.647,1,-6.815,0,0.0335,0.0477,0.0,0.121,0.22,111.96,264773,4
2024-04-18 17:54,beabadoobee,Glue Song,135066,beabadoobee - glue song,606469,beabadoobee,Glue Song,3iBgrkexCzVuPy4O9vx7Mf,82,2023,indie-pop,0.62,0.409,1,-10.146,1,0.0282,0.77,0.0542,0.105,0.582,113.946,135067,3
2024-04-18 17:57,Suki Waterhouse,Good Looking,214800,suki waterhouse - good looking,561974,Suki Waterhouse,Good Looking,0j3mqDTK4Z6lvrLzFCUUz6,78,2022,indie-pop,0.364,0.554,4,-9.076,1,0.0301,0.077,0.000297,0.125,0.257,150.079,214800,3
2024-04-18 18:00,Mitski,Washing Machine Heart,128198,mitski - washing machine heart,342776,Mitski,Washing Machine Heart,3jjsRKEsF42ccXf8kWR3nu,81,2018,indie-pop,0.613,0.822,9,-4.087,1,0.026,0.0092,0.506,0.429,0.567,105.997,128199,4
2024-04-18 18:03,Lana Del Rey,Radio,214586,lana del rey - radio,40378,Lana Del Rey,Radio,4PMdq7Q7xOFrY424ZelZEb,59,2012,pop,0.423,0.857,2,-5.173,1,0.0687,0.188,2.63e-05,0.105,0.196,75.024,214574,4
2024-04-18 18:07,Omar Apollo,Evergreen (You Didn’t Deserve Me At All),216680,omar apollo - evergreen (you didn’t deserve me at all),569200,Omar Apollo,Evergreen (You Didn’t Deserve Me At All),2TktkzfozZifbQhXjT6I33,80,2022,pop,0.697,0.336,9,-10.395,1,0.0424,0.598,0.00528,0.107,0.31,82.029,216680,3
2024-04-18 18:16,Billie Eilish,The 30th,216448,billie eilish - the 30th,569272,Billie Eilish,The 30th,5SHpuW2qjkQtFRpE6P9Nks,74,2022,pop,0.387,0.135,7,-14.398,1,0.051,0.929,0.0,0.0948,0.21,82.987,216448,4
2024-04-18 18:19,Sabrina Carpenter,because i liked a boy,196458,sabrina carpenter - because i liked a boy,541617,Sabrina Carpenter,because i liked a boy,32FhTAAjKZaBein150o3Px,71,2022,dance,0.386,0.592,11,-7.299,1,0.374,0.363,0.0,0.117,0.161,146.879,196458,4
2024-04-18 18:31,ZAYN,I Don’t Wanna Live Forever (Fifty Shades Darker),247160,zayn - i don’t wanna live forever (fifty shades darker),264785,ZAYN,I Don’t Wanna Live Forever (Fifty Shades Darker),55n9yjI6qqXh5F2mYvUc2y,77,2017,dance,0.731,0.445,0,-8.418,1,0.0533,0.0586,1.96e-05,0.14,0.106,117.97,247160,4
2024-04-18 18:41,Billie Eilish,i love you,291796,billie eilish - i love you,406386,Billie Eilish,i love you,6CcJMwBtXByIz4zQLzFkKc,78,2019,pop,0.421,0.131,0,-18.435,1,0.0382,0.952,0.00453,0.109,0.12,137.446,291796,4
2024-04-18 18:46,Lana Del Rey,West Coast,256760,lana del rey - west coast,146772,Lana Del Rey,West Coast,5Y6nVaayzitvsD5F7nr3DV,81,2014,pop,0.527,0.591,6,-7.664,0,0.0396,0.194,0.0194,0.0907,0.461,123.167,256760,4
2024-04-18 18:48,Harry Styles,As It Was,167303,harry styles - as it was,569192,Harry Styles,As It Was,4LRPiXqCikLlN15c3yImP7,90,2022,pop,0.52,0.731,6,-5.338,0,0.0557,0.342,0.00101,0.311,0.662,173.93,167303,4
2024-04-18 18:52,Taylor Swift,Lover,221306,taylor swift - lover,406372,Taylor Swift,Lover,1dGr1c8CrMLDpV6mPbImSI,83,2019,pop,0.359,0.543,7,-7.582,1,0.0919,0.492,1.58e-05,0.118,0.453,68.534,221307,4
2024-04-18 18:55,Clairo,Sofia,188386,clairo - sofia,399069,Clairo,Sofia,7B3z0ySL9Rr0XvZEAjWZzM,78,2019,indie-pop,0.744,0.619,0,-9.805,1,0.039,0.598,0.00372,0.231,0.641,112.997,188387,4
2024-04-18 19:12,Alec Benjamin,Water Fountain,218893,alec benjamin - water fountain,327775,Alec Benjamin,Water Fountain,4IhKLu7Vk3j2TLmnFPl6To,75,2018,electro,0.723,0.504,8,-5.572,1,0.0392,0.388,7.4e-05,0.087,0.551,133.975,218893,4
2024-04-18 19:15,Bea Miller,feel something,180161,bea miller - feel something,377738,Bea Miller,feel something,7JDWhC422Gtk1Bq0mL3OTC,66,2019,dance,0.74,0.415,0,-8.914,1,0.0707,0.242,0.000156,0.319,0.156,136.029,180161,4
2024-04-18 19:17,EMELINE,cinderella's dead,120666,emeline - cinderella's dead,569287,EMELINE,cinderella's dead,5MWXOo8DJwgODtPGaietNz,73,2022,pop,0.596,0.607,6,-6.179,0,0.168,0.33,0.0,0.103,0.531,119.882,120666,4
2024-04-18 19:20,Wallows,Are You Bored Yet? (feat. Clairo),178000,wallows - are you bored yet? (feat. clairo),399066,Wallows,Are You Bored Yet? (feat. Clairo),57RA3JGafJm5zRtKJiKPIm,77,2019,indie-pop,0.682,0.683,8,-6.444,0,0.0287,0.156,2.32e-05,0.273,0.64,120.023,178000,4
2024-04-18 19:24,The Neighbourhood,Reflections,244013,the neighbourhood - reflections,311045,The Neighbourhood,Reflections,2xql0pid3EUwW38AsywxhV,77,2018,alt-rock,0.648,0.594,11,-7.027,0,0.0293,0.114,0.0462,0.116,0.544,113.983,244013,4
2024-04-18 19:26,Arctic Monkeys,Why'd You Only Call Me When You're High?,161123,arctic monkeys - why'd you only call me when you're high?,77592,Arctic Monkeys,Why'd You Only Call Me When You're High?,086myS9r57YsLbJpU0TgK9,85,2013,garage,0.691,0.631,2,-6.478,1,0.0368,0.0483,1.13e-05,0.104,0.8,92.004,161124,4
2024-04-18 19:29,Noah Kahan,Stick Season,182346,noah kahan - stick season,569217,Noah Kahan,Stick Season,0mflMxspEfB0VbI1kyLiAv,75,2022,pop,0.662,0.488,9,-6.894,1,0.0682,0.782,0.0,0.102,0.817,117.913,182347,4
2024-04-18 19:33,Billie Eilish,Halley's Comet,234761,billie eilish - halley's comet,515613,Billie Eilish,Halley's Comet,5XsAal7ZcWg1I5T4NcRjkv,73,2021,pop,0.403,0.159,1,-16.728,0,0.104,0.961,0.0121,0.34,0.0381,72.38,234761,4
2024-04-18 19:40,Taylor Swift,Cruel Summer,178426,taylor swift - cruel summer,406369,Taylor Swift,Cruel Summer,1BxfuPKGuaTgP7aM0Bbdwr,83,2019,pop,0.552,0.702,9,-5.707,1,0.157,0.117,2.06e-05,0.105,0.564,169.994,178427,4
2024-04-18 19:46,The Neighbourhood,Sweater Weather,240400,the neighbourhood - sweater weather,1800,The Neighbourhood,Sweater Weather,4pGqFOfzvfe6avb9kbZicC,60,2012,alt-rock,0.695,0.615,7,-5.325,0,0.042,0.15,0.000212,0.0879,0.414,124.015,240040,4
2024-04-18 19:50,Olivia Rodrigo,"Wondering - From ""High School Musical: The Musical: The Series""",225381,"olivia rodrigo - wondering - from ""high school musical: the musical: the series""",406582,Olivia Rodrigo,"Wondering - From ""High School Musical: The Musical: The Series""",6GfTYfb5eBLN1p1ByOsPmi,61,2019,pop,0.469,0.444,6,-7.064,1,0.0396,0.808,0.0,0.0932,0.221,129.385,225382,4
2024-04-18 19:54,Billie Eilish,TV,281380,billie eilish - tv,569199,Billie Eilish,TV,3GYlZ7tbxLOxe6ewMNVTkw,84,2022,pop,0.412,0.236,4,-15.159,0,0.0379,0.83,0.00653,0.147,0.119,140.214,281381,4
2024-04-18 20:01,Hozier,Work Song,229720,hozier - work song,146789,Hozier,Work Song,5TgEJ62DOzBpGxZ7WRsrqb,68,2014,pop,0.531,0.363,10,-7.672,1,0.0608,0.749,0.0,0.112,0.259,121.412,229720,4
2024-04-18 20:05,Conan Gray,Family Line,216094,conan gray - family line,569244,Conan Gray,Family Line,0iNZGC211wst3VjtobNnC5,76,2022,pop,0.326,0.397,6,-8.145,1,0.0461,0.619,0.0,0.0979,0.276,153.713,216095,3
2024-04-18 20:10,Olivia Rodrigo,"The Rose Song - From ""High School Musical: The Musical: The Series (Season 2)""",174380,"olivia rodrigo - the rose song - from ""high school musical: the musical: the series (season 2)""",515902,Olivia Rodrigo,"The Rose Song - From ""High School Musical: The Musical: The Series (Season 2)""",3qxzozdGFaBxQ0X4HkrMr0,61,2021,pop,0.437,0.372,5,-9.0,1,0.0373,0.784,0.0,0.107,0.439,141.786,174380,4
2024-04-18 20:14,Billie Eilish,listen before i go,242652,billie eilish - listen before i go,406393,Billie Eilish,listen before i go,0tMSssfxAL2oV8Vri0mFHE,75,2019,pop,0.319,0.0561,0,-23.023,1,0.045,0.935,0.00384,0.388,0.082,79.764,242652,3
2024-04-18 20:21,The Neighbourhood,Softcore,206280,the neighbourhood - softcore,311042,The Neighbourhood,Softcore,2K7xn816oNHJZ0aVqdQsha,84,2018,alt-rock,0.575,0.568,9,-5.509,0,0.03,0.0484,0.000417,0.286,0.37,93.986,206280,4
2024-04-18 20:23,The Lumineers,Ophelia,160097,the lumineers - ophelia,232722,The Lumineers,Ophelia,3d8y0t70g7hw2FOWl9Z4Fm,74,2016,folk,0.664,0.573,5,-6.519,1,0.0277,0.613,0.000363,0.0857,0.566,76.023,160097,4
2024-04-18 20:27,Miley Cyrus,Party In The U.S.A.,202066,miley cyrus - party in the u.s.a.,1309411,Miley Cyrus,Party In The U.S.A.,5Q0Nhxo0l2bP3pNjpGJwV1,75,2009,pop,0.652,0.698,10,-4.667,0,0.042,0.00112,0.000115,0.0886,0.47,96.021,202067,4
2024-04-18 20:30,Shawn Mendes,Wonder,172692,shawn mendes - wonder,433265,Shawn Mendes,Wonder,5KCbr5ndeby4y4ggthdiAb,68,2020,dance,0.333,0.637,1,-4.904,0,0.0581,0.131,1.8e-05,0.149,0.132,139.898,172693,4
2024-04-18 20:32,Gracie Abrams,Mess It Up,171280,gracie abrams - mess it up,515689,Gracie Abrams,Mess It Up,0PLhwCmQ7cC3ThRGPn3HxF,68,2021,pop,0.765,0.582,0,-4.528,1,0.12,0.245,8.21e-05,0.154,0.36,132.992,171280,4
2024-04-18 20:39,Dove Cameron,Boyfriend,153000,dove cameron - boyfriend,569224,Dove Cameron,Boyfriend,59CfNbkERJ3NoTXDvoURjj,81,2022,pop,0.345,0.612,7,-6.543,0,0.0608,0.232,0.0,0.194,0.232,179.773,153000,3
2024-04-18 20:42,Conan Gray,The Exit,221054,conan gray - the exit,569274,Conan Gray,The Exit,6PDWMQJ55ZYrGrSx3EZzl4,72,2022,pop,0.58,0.416,0,-9.591,1,0.0291,0.608,0.0,0.0883,0.453,82.015,221054,4
2024-04-18 20:46,Benson Boone,In The Stars,216410,benson boone - in the stars,569249,Benson Boone,In The Stars,1ei3hzQmrgealgRKFxIcWn,80,2022,pop,0.362,0.54,10,-6.031,1,0.0528,0.338,0.0,0.139,0.3,78.007,216410,3
2024-04-18 20:49,Lewis Capaldi,Before You Go,215106,lewis capaldi - before you go,406375,Lewis Capaldi,Before You Go,2gMXnyrvIjhVBUZwvLZDMP,83,2019,pop,0.459,0.575,3,-4.858,1,0.0573,0.604,0.0,0.0885,0.183,111.881,215107,4
2024-04-18 20:53,Ariana Grande,Dangerous Woman,235946,ariana grande - dangerous woman,224462,Ariana Grande,Dangerous Woman,6RUhbFEhrvGISaQ8u2j2JN,67,2016,dance,0.664,0.602,4,-5.369,0,0.0412,0.0529,0.0,0.356,0.289,134.049,235947,3
2024-04-18 21:00,Melanie Martinez,Teacher's Pet,241893,melanie martinez - teacher's pet,384326,Melanie Martinez,Teacher's Pet,5o5akY9xnEk6lpMkD8RwD9,74,2019,electro,0.686,0.794,7,-6.136,0,0.0385,0.27,2.25e-05,0.125,0.532,140.952,241893,3
2024-04-18 21:03,JVKE,golden hour,209259,jvke - golden hour,561970,JVKE,golden hour,5odlY52u43F5BjByhxg7wg,89,2022,indie-pop,0.515,0.593,4,-4.801,1,0.0322,0.653,0.162,0.25,0.153,94.467,209260,3
2024-04-18 21:07,5 Seconds of Summer,Ghost Of You,197411,5 seconds of summer - ghost of you,321046,5 Seconds of Summer,Ghost Of You,1MhXdlCQPnO56T57MfmaRm,73,2018,dance,0.458,0.561,10,-4.819,1,0.0269,0.0965,0.0,0.156,0.206,149.875,197411,3
2024-04-18 21:09,Dove Cameron,Breakfast,146976,dove cameron - breakfast,569268,Dove Cameron,Breakfast,6GUiIbJ834FcHewby3PwV0,73,2022,pop,0.64,0.553,2,-6.42,0,0.0411,0.0579,0.0,0.0914,0.486,81.992,148471,4
2024-04-18 21:09,Ashe,Moral of the Story,81,ashe - moral of the story,384333,Ashe,Moral of the Story,2nC3QhMI9reBIOWutbU3Tj,74,2019,electro,0.572,0.406,10,-8.624,1,0.0427,0.587,4.48e-06,0.102,0.265,119.812,201084,4
2024-04-19 01:17,Alec Benjamin,Boy In The Bubble,3869,alec benjamin - boy in the bubble,327781,Alec Benjamin,Boy In The Bubble,60cYr5uuMoxvyuIx45rGEW,67,2018,electro,0.817,0.578,11,-7.579,0,0.0824,0.224,0.00103,0.251,0.851,143.982,181705,4
2024-04-19 01:17,Ashe,Moral of the Story,812,ashe - moral of the story,384333,Ashe,Moral of the Story,2nC3QhMI9reBIOWutbU3Tj,74,2019,electro,0.572,0.406,10,-8.624,1,0.0427,0.587,4.48e-06,0.102,0.265,119.812,201084,4
2024-04-19 01:23,Alec Benjamin,Boy In The Bubble,181705,alec benjamin - boy in the bubble,327781,Alec Benjamin,Boy In The Bubble,60cYr5uuMoxvyuIx45rGEW,67,2018,electro,0.817,0.578,11,-7.579,0,0.0824,0.224,0.00103,0.251,0.851,143.982,181705,4
2024-04-19 01:25,Halsey,Walls Could Talk,101789,halsey - walls could talk,264782,Halsey,Walls Could Talk,5ln5yQdUywVbf8HhFsOcd6,74,2017,dance,0.626,0.423,1,-6.035,1,0.0513,0.128,0.0,0.18,0.571,95.162,101790,4
2024-04-19 01:28,Melanie Martinez,Mad Hatter,201520,melanie martinez - mad hatter,175410,Melanie Martinez,Mad Hatter,5gWtkdgdyt5bZt9i6n3Kqd,71,2015,electro,0.568,0.692,8,-4.513,1,0.0589,0.0161,0.0,0.148,0.577,92.023,201520,4
2024-04-19 01:33,Conan Gray,People Watching,158536,conan gray - people watching,515647,Conan Gray,People Watching,4JeOesjcWWlprTAvucDSJX,67,2021,pop,0.53,0.593,5,-7.286,1,0.0545,0.385,0.0,0.314,0.538,125.723,158537,4
2024-04-19 01:35,Olivia Rodrigo,brutal,143746,olivia rodrigo - brutal,515588,Olivia Rodrigo,brutal,6SRsiMl7w1USE4mFqrOhHC,77,2021,pop,0.672,0.526,4,-6.446,1,0.0599,0.0311,1.37e-06,0.28,0.28,123.999,143747,4
2024-04-19 01:39,Tate McRae,she's all i wanna be,207120,tate mcrae - she's all i wanna be,569304,Tate McRae,she's all i wanna be,7l9IqDtVWJurTvkQHq1BGh,72,2022,pop,0.602,0.626,2,-5.323,0,0.0396,0.0129,9.02e-06,0.144,0.619,160.118,207120,4
2024-04-19 01:45,Sabrina Carpenter,Nonsense,163648,sabrina carpenter - nonsense,541580,Sabrina Carpenter,Nonsense,6dgUya35uo964z7GZXM07g,88,2022,dance,0.74,0.697,8,-4.912,1,0.034,0.0268,0.0,0.224,0.732,138.992,163648,4
2024-04-19 01:48,Halsey,Gasoline,199593,halsey - gasoline,175413,Halsey,Gasoline,2IO7yf562c1zLzpanal1DT,70,2015,electro,0.731,0.58,10,-7.328,0,0.0399,0.223,0.0,0.129,0.319,119.997,199593,4
2024-04-19 01:52,Taylor Swift,Look What You Made Me Do,211853,taylor swift - look what you made me do,293482,Taylor Swift,Look What You Made Me Do,1P17dC1amhFzptugyAO7Il,78,2017,pop,0.766,0.709,9,-6.471,0,0.123,0.204,1.41e-05,0.126,0.506,128.07,211853,4
2024-04-19 01:55,Alec Benjamin,If We Have Each Other,181522,alec benjamin - if we have each other,327776,Alec Benjamin,If We Have Each Other,7pT6WSg4PCt4mr5ZFyUfsF,74,2018,electro,0.656,0.577,10,-5.566,0,0.0802,0.698,0.0,0.296,0.861,173.094,181522,4
2024-04-19 01:58,Billie Eilish,Bored,180933,billie eilish - bored,271629,Billie Eilish,Bored,04sN26COy28wTXYj3dMoiZ,82,2017,electro,0.614,0.318,7,-12.695,1,0.0478,0.896,0.00239,0.0795,0.112,119.959,180933,4
2024-04-19 02:01,Camila Cabello,Shameless,219742,camila cabello - shameless,377675,Camila Cabello,Shameless,2ogKhhoMClkFXek7ZgxAhN,78,2019,dance,0.377,0.651,4,-5.437,0,0.0589,0.0197,5.31e-05,0.174,0.0851,129.607,219742,4
2024-04-19 02:04,Isabel LaRosa,i'm yours,145667,isabel larosa - i'm yours,569236,Isabel LaRosa,i'm yours,37vVp2sWHuuIBOSl1NswP6,80,2022,pop,0.398,0.705,5,-7.07,0,0.0756,0.204,5.13e-05,0.443,0.635,111.487,145668,4
2024-04-19 02:13,Dove Cameron,Breakfast,148470,dove cameron - breakfast,569268,Dove Cameron,Breakfast,6GUiIbJ834FcHewby3PwV0,73,2022,pop,0.64,0.553,2,-6.42,0,0.0411,0.0579,0.0,0.0914,0.486,81.992,148471,4
2024-04-19 02:16,Melanie Martinez,Pity Party,204085,melanie martinez - pity party,175409,Melanie Martinez,Pity Party,3fo6DYGktjENCiagUeU9yH,71,2015,electro,0.716,0.73,6,-4.126,0,0.0364,0.058,7.32e-06,0.151,0.339,136.05,204086,4
2024-04-19 02:19,Taylor Swift,...Ready For It?,208186,taylor swift - ...ready for it?,293484,Taylor Swift,...Ready For It?,2yLa0QULdQr0qAIvVwN6B5,75,2017,pop,0.613,0.764,2,-6.509,1,0.136,0.0527,0.0,0.197,0.417,160.015,208187,4
2024-04-19 02:22,Måneskin,I WANNA BE YOUR SLAVE,173346,måneskin - i wanna be your slave,508524,Måneskin,I WANNA BE YOUR SLAVE,4pt5fDVTg5GhEvEtlz9dKk,81,2021,indie-pop,0.75,0.608,1,-4.008,1,0.0387,0.00165,0.0,0.178,0.958,132.507,173347,4
2024-04-19 02:25,Dove Cameron,Girl Like Me,149456,dove cameron - girl like me,569372,Dove Cameron,Girl Like Me,7bal8JfR3tSB9Qgf7wAGPL,67,2022,pop,0.729,0.646,5,-7.953,0,0.0686,0.0248,0.0,0.168,0.54,125.007,148800,4
2024-04-19 02:31,Olivia Rodrigo,good 4 u,178146,olivia rodrigo - good 4 u,515567,Olivia Rodrigo,good 4 u,4ZtFanR9U6ndgddUvNcjcG,84,2021,pop,0.563,0.664,9,-5.044,1,0.154,0.335,0.0,0.0849,0.688,166.928,178147,4
2024-04-19 02:34,Sabrina Carpenter,Looking at Me,181120,sabrina carpenter - looking at me,377696,Sabrina Carpenter,Looking at Me,59tskctgqUmjCWAwhzYAFm,71,2019,dance,0.681,0.798,2,-4.367,1,0.0375,0.00398,5.11e-06,0.0542,0.516,105.99,181120,4
2024-04-19 02:36,Chloe Adams,Dirty Thoughts,129698,chloe adams - dirty thoughts,515638,Chloe Adams,Dirty Thoughts,2g1QPpTd4o8gTAapxEUPnz,70,2021,pop,0.66,0.462,7,-7.203,1,0.103,0.168,1.37e-06,0.486,0.384,167.098,129699,4
2024-04-19 02:39,Madison Beer,Good In Goodbye,141949,madison beer - good in goodbye,433428,Madison Beer,Good In Goodbye,1GVF9369j7InydwGztCDIZ,57,2020,dance,0.658,0.698,11,-5.95,0,0.177,0.433,0.0,0.174,0.456,139.054,141949,4
2024-04-19 02:45,Billie Eilish,you should see me in a crown,180952,billie eilish - you should see me in a crown,384325,Billie Eilish,you should see me in a crown,3XF5xLJHOQQRbWya6hBp7d,75,2019,electro,0.678,0.533,4,-10.485,1,0.186,0.462,0.219,0.139,0.323,150.455,180953,4
2024-04-19 02:50,Billie Eilish,Happier Than Ever - Edit,151444,billie eilish - happier than ever - edit,494164,Billie Eilish,Happier Than Ever - Edit,32BeYxKPrig1LefHsC0Xuo,78,2021,electro,0.334,0.599,0,-5.742,1,0.0365,0.0468,0.000392,0.205,0.127,161.74,151444,3
2024-04-19 02:53,Olivia Rodrigo,"jealousy, jealousy",173160,"olivia rodrigo - jealousy, jealousy",515579,Olivia Rodrigo,"jealousy, jealousy",0MMyJUC3WNnFS1lit5pTjk,80,2021,pop,0.695,0.575,10,-6.334,0,0.116,0.198,0.0,0.0614,0.699,163.929,173160,4
2024-04-19 02:58,Dove Cameron,Boyfriend,153000,dove cameron - boyfriend,569224,Dove Cameron,Boyfriend,59CfNbkERJ3NoTXDvoURjj,81,2022,pop,0.345,0.612,7,-6.543,0,0.0608,0.232,0.0,0.194,0.232,179.773,153000,3
2024-04-19 03:02,Melanie Martinez,Teacher's Pet,241893,melanie martinez - teacher's pet,384326,Melanie Martinez,Teacher's Pet,5o5akY9xnEk6lpMkD8RwD9,74,2019,electro,0.686,0.794,7,-6.136,0,0.0385,0.27,2.25e-05,0.125,0.532,140.952,241893,3
2024-04-19 03:06,Olivia Rodrigo,traitor,229226,olivia rodrigo - traitor,515570,Olivia Rodrigo,traitor,5CZ40GBx1sQ9agT82CLQCT,84,2021,pop,0.38,0.339,3,-7.885,1,0.0338,0.691,0.0,0.12,0.0849,100.607,229227,4
2024-04-19 03:08,EMELINE,cinderella's dead,120666,emeline - cinderella's dead,569287,EMELINE,cinderella's dead,5MWXOo8DJwgODtPGaietNz,73,2022,pop,0.596,0.607,6,-6.179,0,0.168,0.33,0.0,0.103,0.531,119.882,120666,4
2024-04-20 15:50,Em Beihold,Numb Little Bug,169237,em beihold - numb little bug,577934,Em Beihold,Numb Little Bug,3o9kpgkIcffx0iSwxhuNI2,74,2022,singer-songwriter,0.742,0.527,8,-6.892,0,0.0769,0.327,0.0,0.25,0.638,84.974,169238,4
2024-04-20 16:00,Sabrina Carpenter,Skin,177500,sabrina carpenter - skin,487956,Sabrina Carpenter,Skin,03B2SfXuvDh1m9F4tqrX07,66,2021,dance,0.557,0.457,7,-5.372,1,0.0335,0.428,0.0,0.0567,0.328,105.918,177500,4
2024-04-20 16:10,Alec Benjamin,If We Have Each Other,181522,alec benjamin - if we have each other,327776,Alec Benjamin,If We Have Each Other,7pT6WSg4PCt4mr5ZFyUfsF,74,2018,electro,0.656,0.577,10,-5.566,0,0.0802,0.698,0.0,0.296,0.861,173.094,181522,4
2024-04-20 16:13,Olivia Rodrigo,brutal,143746,olivia rodrigo - brutal,515588,Olivia Rodrigo,brutal,6SRsiMl7w1USE4mFqrOhHC,77,2021,pop,0.672,0.526,4,-6.446,1,0.0599,0.0311,1.37e-06,0.28,0.28,123.999,143747,4
2024-04-20 16:16,Conan Gray,People Watching,158536,conan gray - people watching,515647,Conan Gray,People Watching,4JeOesjcWWlprTAvucDSJX,67,2021,pop,0.53,0.593,5,-7.286,1,0.0545,0.385,0.0,0.314,0.538,125.723,158537,4
2024-04-20 16:19,Nessa Barrett,dying on the inside,204847,nessa barrett - dying on the inside,547759,Nessa Barrett,dying on the inside,6h1s7cKnUtsbRpE5bwnUTf,63,2022,electro,0.539,0.587,0,-4.603,0,0.0371,0.000527,0.0,0.171,0.429,124.849,204848,1
2024-04-20 16:20,Sabrina Carpenter,Nonsense,76113,sabrina carpenter - nonsense,541580,Sabrina Carpenter,Nonsense,6dgUya35uo964z7GZXM07g,88,2022,dance,0.74,0.697,8,-4.912,1,0.034,0.0268,0.0,0.224,0.732,138.992,163648,4
2024-04-20 16:25,Gracie Abrams,Mess It Up,171280,gracie abrams - mess it up,515689,Gracie Abrams,Mess It Up,0PLhwCmQ7cC3ThRGPn3HxF,68,2021,pop,0.765,0.582,0,-4.528,1,0.12,0.245,8.21e-05,0.154,0.36,132.992,171280,4
2024-04-20 16:32,Alec Benjamin,If I Killed Someone For You,185122,alec benjamin - if i killed someone for you,327779,Alec Benjamin,If I Killed Someone For You,0WHi11uzahqpEtPGYCW6oQ,70,2018,electro,0.514,0.605,7,-5.363,1,0.0337,0.774,2.91e-06,0.121,0.409,120.894,185123,4
2024-04-20 16:33,Labrinth,Formula,91869,labrinth - formula,399070,Labrinth,Formula,6EtKlIQmGPB9SX8UjDJG5s,82,2019,indie-pop,0.574,0.664,11,-6.068,1,0.0409,0.0448,0.0553,0.146,0.226,144.654,91870,4
2024-04-20 16:36,Billie Eilish,Bored,180933,billie eilish - bored,271629,Billie Eilish,Bored,04sN26COy28wTXYj3dMoiZ,82,2017,electro,0.614,0.318,7,-12.695,1,0.0478,0.896,0.00239,0.0795,0.112,119.959,180933,4
2024-04-20 16:40,Tate McRae,she's all i wanna be,207120,tate mcrae - she's all i wanna be,569304,Tate McRae,she's all i wanna be,7l9IqDtVWJurTvkQHq1BGh,72,2022,pop,0.602,0.626,2,-5.323,0,0.0396,0.0129,9.02e-06,0.144,0.619,160.118,207120,4
2024-04-20 16:43,Sabrina Carpenter,because i liked a boy,196458,sabrina carpenter - because i liked a boy,541617,Sabrina Carpenter,because i liked a boy,32FhTAAjKZaBein150o3Px,71,2022,dance,0.386,0.592,11,-7.299,1,0.374,0.363,0.0,0.117,0.161,146.879,196458,4
2024-04-20 21:09,Isabel LaRosa,i'm yours sped up,127780,isabel larosa - i'm yours sped up,569259,Isabel LaRosa,i'm yours sped up,4sFGNz4MYpGoz53ZGCwsiE,80,2022,pop,0.39,0.752,7,-7.581,0,0.19,0.108,0.00308,0.555,0.637,128.926,127781,1
2024-04-20 21:13,Melanie Martinez,Cake,199681,melanie martinez - cake,175405,Melanie Martinez,Cake,5H3TCfiw0CQTX1XU7A9TXM,74,2015,electro,0.518,0.655,8,-6.255,1,0.0826,0.381,0.0,0.271,0.29,156.992,199682,4
2024-04-20 21:16,Billie Eilish,NDA,195776,billie eilish - nda,494168,Billie Eilish,NDA,38GBNKZUhfBkk3oNlWzRYd,73,2021,electro,0.765,0.373,8,-9.921,1,0.0713,0.341,0.525,0.112,0.554,85.016,195777,4
2024-04-20 21:18,SZA,Kill Bill,153946,sza - kill bill,569184,SZA,Kill Bill,1Qrg8KqiBpW07V7PNxwwwL,94,2022,pop,0.644,0.735,8,-5.747,1,0.0391,0.0521,0.144,0.161,0.418,88.98,153947,4
2024-04-20 21:22,Hozier,Eat Your Young,243946,hozier - eat your young,612566,Hozier,Eat Your Young,2Jw3VjB1xy5KHBqEeAC6VK,73,2023,pop,0.553,0.587,5,-6.829,1,0.0277,0.345,0.1,0.256,0.346,90.018,242293,4
2024-04-20 21:26,Conan Gray,The Exit,221054,conan gray - the exit,569274,Conan Gray,The Exit,6PDWMQJ55ZYrGrSx3EZzl4,72,2022,pop,0.58,0.416,0,-9.591,1,0.0291,0.608,0.0,0.0883,0.453,82.015,221054,4
2024-04-20 21:32,Lizzy McAlpine,ceilings,182887,lizzy mcalpine - ceilings,549416,Lizzy McAlpine,ceilings,2L9N0zZnd37dwF0clgxMGI,89,2022,folk,0.516,0.322,9,-11.762,1,0.0292,0.473,0.00194,0.215,0.261,148.005,182888,3
2024-04-20 21:35,MARINA,Bubblegum Bitch,154666,marina - bubblegum bitch,12117,MARINA,Bubblegum Bitch,6IbnUaczZBT34DhaD6S18F,76,2012,dance,0.495,0.856,0,-5.123,0,0.0311,0.000219,0.0,0.103,0.609,158.024,154667,4
2024-04-20 21:38,Camila Cabello,Shameless,219742,camila cabello - shameless,377675,Camila Cabello,Shameless,2ogKhhoMClkFXek7ZgxAhN,78,2019,dance,0.377,0.651,4,-5.437,0,0.0589,0.0197,5.31e-05,0.174,0.0851,129.607,219742,4
2024-04-20 21:42,Billie Eilish,The 30th,216448,billie eilish - the 30th,569272,Billie Eilish,The 30th,5SHpuW2qjkQtFRpE6P9Nks,74,2022,pop,0.387,0.135,7,-14.398,1,0.051,0.929,0.0,0.0948,0.21,82.987,216448,4
2024-04-20 21:45,Conan Gray,Wish You Were Sober,168880,conan gray - wish you were sober,462038,Conan Gray,Wish You Were Sober,0kn2gu8Pd03DiYHzRvX2Xk,73,2020,pop,0.701,0.728,2,-5.226,1,0.0468,0.0178,0.0,0.17,0.696,91.071,168880,4
2024-04-20 21:48,Olivia Rodrigo,deja vu,215506,olivia rodrigo - deja vu,515572,Olivia Rodrigo,deja vu,6HU7h9RYOaPRFeh0R3UeAr,83,2021,pop,0.442,0.612,2,-7.222,1,0.112,0.584,5.7e-06,0.37,0.178,180.917,215507,4
2024-04-20 21:52,Selena Gomez,People You Know,194900,selena gomez - people you know,433234,Selena Gomez,People You Know,63mdJr3NMY3wReOkNE6c6W,78,2020,dance,0.695,0.62,8,-8.082,0,0.0521,0.0881,5.43e-05,0.111,0.62,150.032,194900,4
2024-04-20 21:55,Melanie Martinez,Pacify Her,220013,melanie martinez - pacify her,175402,Melanie Martinez,Pacify Her,360Wr96ywrCQq4kTAJ8Pq6,77,2015,electro,0.576,0.593,9,-6.024,0,0.0306,0.0467,0.000767,0.237,0.373,157.993,220013,4
2024-04-20 21:59,Ariana Grande,Dangerous Woman,235946,ariana grande - dangerous woman,224462,Ariana Grande,Dangerous Woman,6RUhbFEhrvGISaQ8u2j2JN,67,2016,dance,0.664,0.602,4,-5.369,0,0.0412,0.0529,0.0,0.356,0.289,134.049,235947,3
2024-04-20 22:03,Alec Benjamin,Water Fountain,218893,alec benjamin - water fountain,327775,Alec Benjamin,Water Fountain,4IhKLu7Vk3j2TLmnFPl6To,75,2018,electro,0.723,0.504,8,-5.572,1,0.0392,0.388,7.4e-05,0.087,0.551,133.975,218893,4
2024-04-20 22:14,Isabel LaRosa,HEARTBEAT,79342,isabel larosa - heartbeat,569483,Isabel LaRosa,HEARTBEAT,6nStBZGqGgTR87MrBpNza0,65,2022,pop,0.542,0.729,2,-7.453,1,0.0881,0.0977,8.97e-06,0.488,0.337,120.879,124959,4
2024-04-21 03:25,Isabel LaRosa,HEARTBEAT,569,isabel larosa - heartbeat,569483,Isabel LaRosa,HEARTBEAT,6nStBZGqGgTR87MrBpNza0,65,2022,pop,0.542,0.729,2,-7.453,1,0.0881,0.0977,8.97e-06,0.488,0.337,120.879,124959,4
2024-04-21 03:27,Tate McRae,what would you do?,151473,tate mcrae - what would you do?,569426,Tate McRae,what would you do?,4ewmHD3aRBmLyTsbGreNLw,64,2022,pop,0.79,0.613,9,-5.911,1,0.0698,0.288,0.0,0.0912,0.729,105.02,166947,4
2024-04-21 03:42,Halsey,Walls Could Talk,179391,halsey - walls could talk,264782,Halsey,Walls Could Talk,5ln5yQdUywVbf8HhFsOcd6,74,2017,dance,0.626,0.423,1,-6.035,1,0.0513,0.128,0.0,0.18,0.571,95.162,101790,4
2024-04-21 03:46,Conan Gray,Memories,248818,conan gray - memories,569229,Conan Gray,Memories,5UXJzLFdBn6u9FJTCnoHrH,81,2022,pop,0.34,0.684,11,-6.306,1,0.044,0.00979,0.0,0.348,0.556,112.969,248819,4
2024-04-21 03:51,Melanie Martinez,"Tag, You're It",189026,"melanie martinez - tag, you're it",175408,Melanie Martinez,"Tag, You're It",3u1FiuSpfsgVnekEMXgMwJ,72,2015,electro,0.559,0.835,5,-5.555,0,0.0424,0.24,0.019,0.185,0.382,114.908,189027,4
2024-04-21 04:13,EMELINE,STRUT,1,emeline - strut,569357,EMELINE,STRUT,749rod7GCmj0OVdumGfzVq,67,2022,pop,0.842,0.715,11,-5.906,0,0.0696,0.0419,2.58e-05,0.112,0.326,107.952,117727,3
2024-04-21 04:13,Ashnikko,Daisy,21448,ashnikko - daisy,433258,Ashnikko,Daisy,0AUvWawuP0ibk4SQ3sIZjk,67,2020,dance,0.834,0.663,8,-6.143,1,0.133,0.235,0.0,0.372,0.774,121.876,146523,4
2024-04-21 04:13,MARINA,Oh No!,166935,marina - oh no!,1343525,MARINA,Oh No!,4sNwdacKyi2S26WrRtNama,70,2010,dance,0.77,0.896,0,-3.971,1,0.039,0.0539,0.0,0.243,0.964,126.999,182587,4
2024-04-21 04:16,Ashnikko,Daisy,146523,ashnikko - daisy,433258,Ashnikko,Daisy,0AUvWawuP0ibk4SQ3sIZjk,67,2020,dance,0.834,0.663,8,-6.143,1,0.133,0.235,0.0,0.372,0.774,121.876,146523,4
2024-04-21 04:18,Labrinth,Mount Everest,157497,labrinth - mount everest,399067,Labrinth,Mount Everest,1ZdhOMWyFR8Iv9eylMGYg2,80,2019,indie-pop,0.494,0.428,0,-7.239,0,0.205,0.236,0.0698,0.0816,0.44,87.724,157497,4
2024-04-21 04:21,Olivia Rodrigo,brutal,143746,olivia rodrigo - brutal,515588,Olivia Rodrigo,brutal,6SRsiMl7w1USE4mFqrOhHC,77,2021,pop,0.672,0.526,4,-6.446,1,0.0599,0.0311,1.37e-06,0.28,0.28,123.999,143747,4
2024-04-21 04:24,Billie Eilish,Therefore I Am,173539,billie eilish - therefore i am,439847,Billie Eilish,Therefore I Am,54bFM56PmE4YLRnqpW6Tha,72,2020,electro,0.889,0.34,11,-7.773,0,0.0697,0.218,0.13,0.055,0.716,94.009,174321,4
2024-04-21 04:35,Tate McRae,you broke me first,96972,tate mcrae - you broke me first,462001,Tate McRae,you broke me first,45bE4HXI0AwGZXfZtMp8JR,81,2020,pop,0.667,0.373,4,-9.389,1,0.05,0.785,0.0,0.0906,0.0823,124.148,169266,4
2024-04-25 16:01,Ariana Grande,bloodline,216893,ariana grande - bloodline,377718,Ariana Grande,bloodline,2hloaUoRonYssMuqLCBLTX,68,2019,dance,0.758,0.665,2,-5.188,0,0.0774,0.0815,0.000157,0.216,0.643,151.976,216893,4
2024-04-25 16:04,Nessa Barrett,i hope ur miserable until ur dead,177582,nessa barrett - i hope ur miserable until ur dead,494171,Nessa Barrett,i hope ur miserable until ur dead,4ka1FkKAMde6dQAFFMXKac,67,2021,electro,0.706,0.544,2,-7.275,1,0.0306,0.0273,0.0,0.087,0.477,115.935,177583,4
2024-04-25 16:07,Olivia Rodrigo,"jealousy, jealousy",173160,"olivia rodrigo - jealousy, jealousy",515579,Olivia Rodrigo,"jealousy, jealousy",0MMyJUC3WNnFS1lit5pTjk,80,2021,pop,0.695,0.575,10,-6.334,0,0.116,0.198,0.0,0.0614,0.699,163.929,173160,4
2024-04-25 16:11,Melanie Martinez,Teacher's Pet,241893,melanie martinez - teacher's pet,384326,Melanie Martinez,Teacher's Pet,5o5akY9xnEk6lpMkD8RwD9,74,2019,electro,0.686,0.794,7,-6.136,0,0.0385,0.27,2.25e-05,0.125,0.532,140.952,241893,3
2024-04-25 16:14,Melanie Martinez,"Tag, You're It",189026,"melanie martinez - tag, you're it",175408,Melanie Martinez,"Tag, You're It",3u1FiuSpfsgVnekEMXgMwJ,72,2015,electro,0.559,0.835,5,-5.555,0,0.0424,0.24,0.019,0.185,0.382,114.908,189027,4
2024-04-25 16:18,Melanie Martinez,Pacify Her,220013,melanie martinez - pacify her,175402,Melanie Martinez,Pacify Her,360Wr96ywrCQq4kTAJ8Pq6,77,2015,electro,0.576,0.593,9,-6.024,0,0.0306,0.0467,0.000767,0.237,0.373,157.993,220013,4
2024-04-25 16:33,Melanie Martinez,DEATH,438077,melanie martinez - death,595387,Melanie Martinez,DEATH,3PzeZR8CqtwXmSn5AVao7J,75,2023,electro,0.392,0.541,1,-8.68,1,0.0641,0.102,1.02e-05,0.288,0.447,181.866,306656,4
2024-04-25 16:36,Sabrina Carpenter,Looking at Me,181120,sabrina carpenter - looking at me,377696,Sabrina Carpenter,Looking at Me,59tskctgqUmjCWAwhzYAFm,71,2019,dance,0.681,0.798,2,-4.367,1,0.0375,0.00398,5.11e-06,0.0542,0.516,105.99,181120,4
2024-04-25 16:40,Ariana Grande,Dangerous Woman,235946,ariana grande - dangerous woman,224462,Ariana Grande,Dangerous Woman,6RUhbFEhrvGISaQ8u2j2JN,67,2016,dance,0.664,0.602,4,-5.369,0,0.0412,0.0529,0.0,0.356,0.289,134.049,235947,3
2024-04-25 16:43,MARINA,Bubblegum Bitch,154666,marina - bubblegum bitch,12117,MARINA,Bubblegum Bitch,6IbnUaczZBT34DhaD6S18F,76,2012,dance,0.495,0.856,0,-5.123,0,0.0311,0.000219,0.0,0.103,0.609,158.024,154667,4
2024-04-25 16:45,Ashnikko,Worms,148690,ashnikko - worms,591144,Ashnikko,Worms,5PlGxNgE62io6OBc1BsIaq,68,2023,dance,0.825,0.716,7,-3.236,0,0.0598,0.26,0.0,0.284,0.834,140.038,148691,4
2024-04-25 16:48,Billie Eilish,all the good girls go to hell,168839,billie eilish - all the good girls go to hell,384331,Billie Eilish,all the good girls go to hell,6IRdLKIyS4p7XNiP8r6rsx,73,2019,electro,0.726,0.444,8,-8.922,0,0.372,0.283,0.143,0.177,0.569,185.044,168840,4
2024-04-25 16:49,Camila Cabello,Shameless,42050,camila cabello - shameless,377675,Camila Cabello,Shameless,2ogKhhoMClkFXek7ZgxAhN,78,2019,dance,0.377,0.651,4,-5.437,0,0.0589,0.0197,5.31e-05,0.174,0.0851,129.607,219742,4
2024-04-25 16:52,Ariana Grande,7 rings,178626,ariana grande - 7 rings,321235,Ariana Grande,7 rings,0nox76VxGYPIIIP7yr5I6o,51,2018,dance,0.78,0.321,1,-10.747,0,0.371,0.559,0.0,0.0881,0.316,139.961,178627,4
2024-04-25 17:06,YUNGBLUD,parents,98182,yungblud - parents,410175,YUNGBLUD,parents,68rVGSTnCiFOET9k5Vd8Se,64,2019,rock,0.618,0.823,7,-4.76,1,0.0447,0.0132,0.0,0.288,0.58,82.004,171880,4
2024-04-25 21:55,YUNGBLUD,parents,73722,yungblud - parents,410175,YUNGBLUD,parents,68rVGSTnCiFOET9k5Vd8Se,64,2019,rock,0.618,0.823,7,-4.76,1,0.0447,0.0132,0.0,0.288,0.58,82.004,171880,4
2024-04-25 21:59,blackbear,idfc,207026,blackbear - idfc,175406,blackbear,idfc,3SErMoIKdRELto2OspGs5L,77,2015,electro,0.718,0.422,4,-9.115,0,0.0621,0.0764,0.0,0.17,0.455,144.678,207027,4
2024-04-25 22:02,Bea Miller,THAT BITCH,201101,bea miller - that bitch,377743,Bea Miller,THAT BITCH,77o1HdXHm1hLd7Ebe9ygd0,65,2019,dance,0.778,0.738,2,-2.164,1,0.218,0.0103,0.0,0.55,0.626,162.132,201102,4
2024-04-25 22:04,Lil Nas X,MONTERO (Call Me By Your Name),137704,lil nas x - montero (call me by your name),506706,Lil Nas X,MONTERO (Call Me By Your Name),1SC5rEoYDGUK4NfG82494W,79,2021,hip-hop,0.593,0.503,8,-6.725,0,0.22,0.293,0.0,0.405,0.71,178.781,137704,4
2024-04-25 22:08,Conan Gray,Maniac,185773,conan gray - maniac,462007,Conan Gray,Maniac,6KfoDhO4XUWSbnyKjNp9c4,77,2020,pop,0.628,0.639,8,-5.46,1,0.0435,0.00162,0.0,0.354,0.493,108.045,185773,4
2024-04-25 22:14,Billie Eilish,NDA,195776,billie eilish - nda,494168,Billie Eilish,NDA,38GBNKZUhfBkk3oNlWzRYd,73,2021,electro,0.765,0.373,8,-9.921,1,0.0713,0.341,0.525,0.112,0.554,85.016,195777,4
2024-04-25 22:17,Billie Eilish,bellyache,179172,billie eilish - bellyache,271632,Billie Eilish,bellyache,51NFxnQvaosfDDutk0tams,76,2017,electro,0.695,0.573,4,-8.597,0,0.106,0.46,0.0734,0.482,0.408,99.939,179172,4
2024-04-25 22:19,Leah Kate,10 Things I Hate About You,157138,leah kate - 10 things i hate about you,569265,Leah Kate,10 Things I Hate About You,6Jkm5kUldvIqxzI1Pa7nXH,74,2022,pop,0.544,0.786,8,-2.97,1,0.0501,0.00991,0.0,0.169,0.446,153.967,157138,4
2024-04-25 22:23,The Neighbourhood,Sweater Weather,240400,the neighbourhood - sweater weather,1800,The Neighbourhood,Sweater Weather,4pGqFOfzvfe6avb9kbZicC,60,2012,alt-rock,0.695,0.615,7,-5.325,0,0.042,0.15,0.000212,0.0879,0.414,124.015,240040,4
2024-04-25 22:31,Dove Cameron,Breakfast,148470,dove cameron - breakfast,569268,Dove Cameron,Breakfast,6GUiIbJ834FcHewby3PwV0,73,2022,pop,0.64,0.553,2,-6.42,0,0.0411,0.0579,0.0,0.0914,0.486,81.992,148471,4
2024-04-25 22:34,Alec Benjamin,If I Killed Someone For You,185122,alec benjamin - if i killed someone for you,327779,Alec Benjamin,If I Killed Someone For You,0WHi11uzahqpEtPGYCW6oQ,70,2018,electro,0.514,0.605,7,-5.363,1,0.0337,0.774,2.91e-06,0.121,0.409,120.894,185123,4
2024-04-25 22:37,Alec Benjamin,Boy In The Bubble,181705,alec benjamin - boy in the bubble,327781,Alec Benjamin,Boy In The Bubble,60cYr5uuMoxvyuIx45rGEW,67,2018,electro,0.817,0.578,11,-7.579,0,0.0824,0.224,0.00103,0.251,0.851,143.982,181705,4
2024-04-25 22:39,EMELINE,cinderella's dead,120666,emeline - cinderella's dead,569287,EMELINE,cinderella's dead,5MWXOo8DJwgODtPGaietNz,73,2022,pop,0.596,0.607,6,-6.179,0,0.168,0.33,0.0,0.103,0.531,119.882,120666,4
2024-04-25 22:47,Madison Beer,Good In Goodbye,141949,madison beer - good in goodbye,433428,Madison Beer,Good In Goodbye,1GVF9369j7InydwGztCDIZ,57,2020,dance,0.658,0.698,11,-5.95,0,0.177,0.433,0.0,0.174,0.456,139.054,141949,4
2024-04-25 22:53,CARYS,Princesses Don't Cry,212106,carys - princesses don't cry,547768,CARYS,Princesses Don't Cry,0P3QZGxM5VhBY1CT8gJOa9,53,2022,electro,0.626,0.595,0,-4.975,0,0.0288,0.285,0.0,0.0858,0.65,74.985,212107,4
2024-04-25 22:55,Halsey,Walls Could Talk,101789,halsey - walls could talk,264782,Halsey,Walls Could Talk,5ln5yQdUywVbf8HhFsOcd6,74,2017,dance,0.626,0.423,1,-6.035,1,0.0513,0.128,0.0,0.18,0.571,95.162,101790,4
2024-04-25 22:59,Olivia Rodrigo,good 4 u,178146,olivia rodrigo - good 4 u,515567,Olivia Rodrigo,good 4 u,4ZtFanR9U6ndgddUvNcjcG,84,2021,pop,0.563,0.664,9,-5.044,1,0.154,0.335,0.0,0.0849,0.688,166.928,178147,4
2024-04-25 23:02,Elley Duhé,MIDDLE OF THE NIGHT,184453,elley duhé - middle of the night,462004,Elley Duhé,MIDDLE OF THE NIGHT,58HvfVOeJY7lUuCqF0m3ly,85,2020,pop,0.41,0.611,4,-8.271,0,0.0467,0.0228,0.0,0.116,0.0899,185.727,184448,3
2024-04-25 23:05,Dove Cameron,Boyfriend,153000,dove cameron - boyfriend,569224,Dove Cameron,Boyfriend,59CfNbkERJ3NoTXDvoURjj,81,2022,pop,0.345,0.612,7,-6.543,0,0.0608,0.232,0.0,0.194,0.232,179.773,153000,3
2024-04-25 23:08,Ariana Grande,"break up with your girlfriend, i'm bored",190440,"ariana grande - break up with your girlfriend, i'm bored",321503,Ariana Grande,"break up with your girlfriend, i'm bored",5BHQG3Ibf7qZUlhWFaXqDa,43,2018,dance,0.723,0.563,5,-5.26,0,0.0795,0.0361,0.0,0.0873,0.329,170.004,190440,4
2024-04-25 23:13,Billie Eilish,Happier Than Ever,298899,billie eilish - happier than ever,515571,Billie Eilish,Happier Than Ever,4RVwu0g32PAqgUiJoXsdF8,84,2021,pop,0.332,0.225,0,-8.697,1,0.0348,0.767,0.00349,0.128,0.297,81.055,298899,3
2024-04-25 23:15,Bella Poarch,Dolls,132793,bella poarch - dolls,569407,Bella Poarch,Dolls,0tFUl3tPqBzUM2aV0gitdq,68,2022,pop,0.841,0.698,4,-6.588,0,0.261,0.211,0.0,0.203,0.372,118.018,132793,4
2024-04-25 23:19,Olivia Rodrigo,drivers license,242013,olivia rodrigo - drivers license,515574,Olivia Rodrigo,drivers license,5wANPM4fQCJwkGd4rN57mH,84,2021,pop,0.561,0.431,10,-8.81,1,0.0578,0.768,1.42e-05,0.106,0.137,143.875,242013,4
2024-04-25 23:22,MARINA,Oh No!,182586,marina - oh no!,1343525,MARINA,Oh No!,4sNwdacKyi2S26WrRtNama,70,2010,dance,0.77,0.896,0,-3.971,1,0.039,0.0539,0.0,0.243,0.964,126.999,182587,4
2024-04-25 23:25,Ariana Grande,positions,172324,ariana grande - positions,433211,Ariana Grande,positions,35mvY5S1H3J2QZyna3TFe0,82,2020,dance,0.737,0.802,0,-4.771,1,0.0878,0.468,0.0,0.0931,0.682,144.015,172325,4
2024-04-25 23:28,Billie Eilish,Bored,180933,billie eilish - bored,271629,Billie Eilish,Bored,04sN26COy28wTXYj3dMoiZ,82,2017,electro,0.614,0.318,7,-12.695,1,0.0478,0.896,0.00239,0.0795,0.112,119.959,180933,4
2024-04-25 23:32,Olivia Rodrigo,deja vu,215506,olivia rodrigo - deja vu,515572,Olivia Rodrigo,deja vu,6HU7h9RYOaPRFeh0R3UeAr,83,2021,pop,0.442,0.612,2,-7.222,1,0.112,0.584,5.7e-06,0.37,0.178,180.917,215507,4
2024-04-25 23:35,Måneskin,I WANNA BE YOUR SLAVE,173346,måneskin - i wanna be your slave,508524,Måneskin,I WANNA BE YOUR SLAVE,4pt5fDVTg5GhEvEtlz9dKk,81,2021,indie-pop,0.75,0.608,1,-4.008,1,0.0387,0.00165,0.0,0.178,0.958,132.507,173347,4
2024-04-25 23:38,Billie Eilish,you should see me in a crown,180952,billie eilish - you should see me in a crown,384325,Billie Eilish,you should see me in a crown,3XF5xLJHOQQRbWya6hBp7d,75,2019,electro,0.678,0.533,4,-10.485,1,0.186,0.462,0.219,0.139,0.323,150.455,180953,4
2024-04-25 23:39,Labrinth,Formula,91869,labrinth - formula,399070,Labrinth,Formula,6EtKlIQmGPB9SX8UjDJG5s,82,2019,indie-pop,0.574,0.664,11,-6.068,1,0.0409,0.0448,0.0553,0.146,0.226,144.654,91870,4
2024-04-25 23:42,Sohodolls,Bang Bang Bang Bang,181640,sohodolls - bang bang bang bang,1138651,Sohodolls,Bang Bang Bang Bang,2qLSXZuIHMsKydCEFDchc3,65,2007,electro,0.729,0.581,10,-7.091,0,0.0304,0.531,1.09e-06,0.102,0.352,93.997,181640,4
2024-04-25 23:45,Olivia Rodrigo,brutal,143746,olivia rodrigo - brutal,515588,Olivia Rodrigo,brutal,6SRsiMl7w1USE4mFqrOhHC,77,2021,pop,0.672,0.526,4,-6.446,1,0.0599,0.0311,1.37e-06,0.28,0.28,123.999,143747,4
2024-04-25 23:48,Billie Eilish,Therefore I Am,173539,billie eilish - therefore i am,439847,Billie Eilish,Therefore I Am,54bFM56PmE4YLRnqpW6Tha,72,2020,electro,0.889,0.34,11,-7.773,0,0.0697,0.218,0.13,0.055,0.716,94.009,174321,4
2024-04-25 23:50,MARINA,Bubblegum Bitch,154666,marina - bubblegum bitch,12117,MARINA,Bubblegum Bitch,6IbnUaczZBT34DhaD6S18F,76,2012,dance,0.495,0.856,0,-5.123,0,0.0311,0.000219,0.0,0.103,0.609,158.024,154667,4
2024-04-25 23:53,Tate McRae,you broke me first,170226,tate mcrae - you broke me first,462001,Tate McRae,you broke me first,45bE4HXI0AwGZXfZtMp8JR,81,2020,pop,0.667,0.373,4,-9.389,1,0.05,0.785,0.0,0.0906,0.0823,124.148,169266,4
2024-04-25 23:57,Lana Del Rey,Doin' Time,202192,lana del rey - doin' time,406379,Lana Del Rey,Doin' Time,0Oqc0kKFsQ6MhFOLBNZIGX,81,2019,pop,0.641,0.559,7,-11.132,0,0.0355,0.404,0.00402,0.0937,0.523,144.982,202193,4
2024-04-25 23:59,Chloe Adams,Dirty Thoughts,129698,chloe adams - dirty thoughts,515638,Chloe Adams,Dirty Thoughts,2g1QPpTd4o8gTAapxEUPnz,70,2021,pop,0.66,0.462,7,-7.203,1,0.103,0.168,1.37e-06,0.486,0.384,167.098,129699,4
2024-04-26 00:02,Olivia Rodrigo,"jealousy, jealousy",173160,"olivia rodrigo - jealousy, jealousy",515579,Olivia Rodrigo,"jealousy, jealousy",0MMyJUC3WNnFS1lit5pTjk,80,2021,pop,0.695,0.575,10,-6.334,0,0.116,0.198,0.0,0.0614,0.699,163.929,173160,4
2024-04-26 00:04,Billie Eilish,all the good girls go to hell,168839,billie eilish - all the good girls go to hell,384331,Billie Eilish,all the good girls go to hell,6IRdLKIyS4p7XNiP8r6rsx,73,2019,electro,0.726,0.444,8,-8.922,0,0.372,0.283,0.143,0.177,0.569,185.044,168840,4
2024-04-26 00:10,Labrinth,Mount Everest,157497,labrinth - mount everest,399067,Labrinth,Mount Everest,1ZdhOMWyFR8Iv9eylMGYg2,80,2019,indie-pop,0.494,0.428,0,-7.239,0,0.205,0.236,0.0698,0.0816,0.44,87.724,157497,4
2024-04-26 00:14,Alec Benjamin,Water Fountain,218893,alec benjamin - water fountain,327775,Alec Benjamin,Water Fountain,4IhKLu7Vk3j2TLmnFPl6To,75,2018,electro,0.723,0.504,8,-5.572,1,0.0392,0.388,7.4e-05,0.087,0.551,133.975,218893,4
2024-04-26 00:17,Bea Miller,feel something,180161,bea miller - feel something,377738,Bea Miller,feel something,7JDWhC422Gtk1Bq0mL3OTC,66,2019,dance,0.74,0.415,0,-8.914,1,0.0707,0.242,0.000156,0.319,0.156,136.029,180161,4
2024-04-26 00:20,Ariana Grande,bloodline,216893,ariana grande - bloodline,377718,Ariana Grande,bloodline,2hloaUoRonYssMuqLCBLTX,68,2019,dance,0.758,0.665,2,-5.188,0,0.0774,0.0815,0.000157,0.216,0.643,151.976,216893,4
2024-04-26 00:24,Billie Eilish,COPYCAT,194711,billie eilish - copycat,271636,Billie Eilish,COPYCAT,5w7wuzMzsDer96KqxafeRK,71,2017,electro,0.679,0.388,4,-10.977,0,0.0932,0.353,9.25e-05,0.341,0.234,124.909,194711,4
2024-04-26 00:29,Camila Cabello,My Oh My (feat. DaBaby),170746,camila cabello - my oh my (feat. dababy),377687,Camila Cabello,My Oh My (feat. DaBaby),3yOlyBJuViE2YSGn3nVE1K,73,2019,dance,0.724,0.491,8,-6.024,1,0.0296,0.018,1.29e-05,0.0887,0.383,105.046,170746,4
2024-04-26 00:34,The Neighbourhood,Daddy Issues,260173,the neighbourhood - daddy issues,162916,The Neighbourhood,Daddy Issues,5E30LdtzQTGqRvNd7l6kG5,84,2015,alt-rock,0.588,0.521,10,-9.461,1,0.0329,0.0678,0.149,0.123,0.337,85.012,260173,4
2024-04-26 00:37,Halsey,Gasoline,199593,halsey - gasoline,175413,Halsey,Gasoline,2IO7yf562c1zLzpanal1DT,70,2015,electro,0.731,0.58,10,-7.328,0,0.0399,0.223,0.0,0.129,0.319,119.997,199593,4
2024-04-26 00:41,Ariana Grande,Dangerous Woman,235946,ariana grande - dangerous woman,224462,Ariana Grande,Dangerous Woman,6RUhbFEhrvGISaQ8u2j2JN,67,2016,dance,0.664,0.602,4,-5.369,0,0.0412,0.0529,0.0,0.356,0.289,134.049,235947,3
2024-04-26 00:45,Billie Eilish,everything i wanted,245425,billie eilish - everything i wanted,384323,Billie Eilish,everything i wanted,3ZCTVFBt2Brf31RLEnCkWJ,83,2019,electro,0.704,0.225,6,-14.454,0,0.0994,0.902,0.657,0.106,0.243,120.006,245426,4
2024-04-26 00:48,Labrinth,Still Don't Know My Name,153294,labrinth - still don't know my name,399078,Labrinth,Still Don't Know My Name,6N22FZs2ZhPBYi3b9XPajV,76,2019,indie-pop,0.316,0.63,5,-5.963,1,0.117,0.471,0.262,0.205,0.313,89.643,153294,1
2024-04-26 00:50,Royal & the Serpent,overwhelmed,159293,royal & the serpent - overwhelmed,439849,Royal & the Serpent,overwhelmed,5jjZikDrEd0by1o7V3fO4y,66,2020,electro,0.804,0.323,0,-11.127,0,0.305,0.308,0.0,0.15,0.456,87.019,159293,4
2024-04-26 00:50,Royal & the Serpent,overwhelmed,159293,royal & the serpent - overwhelmed,606687,Royal & the Serpent,Overwhelmed,7etb4sDQPEE44sNlcZocqM,0,2023,indie-pop,0.804,0.323,0,-11.127,0,0.305,0.308,0.0,0.15,0.456,87.019,159293,4
2024-04-26 00:54,blackbear,hot girl bummer,188343,blackbear - hot girl bummer,439846,blackbear,hot girl bummer,6jRq8gaZhMUyy5RclRPcAf,77,2020,electro,0.782,0.559,6,-7.106,0,0.0767,0.125,0.0,0.385,0.685,129.992,188344,1
2024-04-26 00:54,blackbear,hot girl bummer,188343,blackbear - hot girl bummer,439958,blackbear,Hot Girl Bummer,7lu8ZYHhRpH4sgCMIibdKO,46,2020,electro,0.786,0.548,6,-7.068,0,0.078,0.129,0.0,0.34,0.687,129.99,188344,4
2024-04-26 00:56,Ashnikko,Tantrum,140010,ashnikko - tantrum,433274,Ashnikko,Tantrum,3htJKHlAjUoRmNLheJ8uTV,61,2020,dance,0.777,0.787,9,-4.71,1,0.0732,0.138,0.0,0.0685,0.698,138.043,140011,4
2024-04-26 00:59,Ariana Grande,7 rings,178626,ariana grande - 7 rings,321235,Ariana Grande,7 rings,0nox76VxGYPIIIP7yr5I6o,51,2018,dance,0.78,0.321,1,-10.747,0,0.371,0.559,0.0,0.0881,0.316,139.961,178627,4
2024-04-26 01:02,Billie Eilish,my boy,170852,billie eilish - my boy,271635,Billie Eilish,my boy,1RGasjWLZ4qMN7wbtkLa3u,72,2017,electro,0.692,0.394,11,-8.745,0,0.207,0.472,0.000191,0.117,0.324,89.936,170852,4
2024-04-26 01:05,Labrinth,All For Us,191710,labrinth - all for us,399103,Labrinth,All For Us,76YSWx6L6FNsuaP6GWBb8P,69,2019,indie-pop,0.46,0.66,3,-6.642,1,0.0652,0.0108,0.000139,0.34,0.18,141.722,191710,4
2024-04-26 01:08,Ariana Grande,God is a woman,1287,ariana grande - god is a woman,321023,Ariana Grande,God is a woman,5OCJzvD7sykQEKHH7qAC3C,77,2018,dance,0.602,0.658,1,-5.934,1,0.0558,0.0233,6e-05,0.237,0.268,145.031,197547,4
2024-04-26 01:08,Ashnikko,STUPID (feat. Yung Baby Tate),53567,ashnikko - stupid (feat. yung baby tate),377695,Ashnikko,STUPID (feat. Yung Baby Tate),6qNB2ChCVPepl5ZjVJJTUW,68,2019,dance,0.772,0.637,2,-6.881,1,0.114,0.00459,0.0,0.0778,0.54,149.906,167317,4
2024-04-26 01:08,Bea Miller,like that,1870,bea miller - like that,265223,Bea Miller,like that,1BSAmxkrz2H8v5kpTfAT6v,51,2017,dance,0.426,0.445,6,-5.776,0,0.169,0.183,0.0,0.661,0.347,56.966,185440,4
2024-04-26 01:11,Billie Eilish,bury a friend,193143,billie eilish - bury a friend,384330,Billie Eilish,bury a friend,4SSnFejRGlZikf02HLewEF,73,2019,electro,0.905,0.389,8,-14.505,1,0.332,0.74,0.162,0.106,0.196,120.046,193143,4
2024-04-26 01:17,Ashnikko,Toxic,162758,ashnikko - toxic,487968,Ashnikko,Toxic,37KAHk68qniQvtacrldNmM,60,2021,dance,0.843,0.546,2,-6.376,1,0.0678,0.0535,0.0,0.203,0.718,126.098,162759,4
2024-04-26 01:19,EMELINE,STRUT,117727,emeline - strut,569357,EMELINE,STRUT,749rod7GCmj0OVdumGfzVq,67,2022,pop,0.842,0.715,11,-5.906,0,0.0696,0.0419,2.58e-05,0.112,0.326,107.952,117727,3
2024-04-26 01:33,Claire Rosinkranz,Backyard Boy,84459,claire rosinkranz - backyard boy,454763,Claire Rosinkranz,Backyard Boy,04F42oEuKrRComYJfJuyVR,68,2020,indie-pop,0.817,0.635,5,-7.246,1,0.163,0.323,0.0,0.0738,0.454,138.015,129241,4
2024-04-29 18:15,Olivia Rodrigo,All I Want,177322,olivia rodrigo - all i want,462056,Olivia Rodrigo,All I Want,1v6svH1Fyx9C1nIt1mA2DT,72,2020,pop,0.376,0.43,0,-6.585,0,0.0328,0.0902,0.0,0.0912,0.129,77.599,177323,3
2024-04-29 18:18,Ariana Grande,34+35,173710,ariana grande - 34+35,433213,Ariana Grande,34+35,6Im9k8u9iIzKMrmV7BWtlF,78,2020,dance,0.83,0.585,0,-6.476,1,0.094,0.237,0.0,0.248,0.485,109.978,173711,4
2024-04-29 18:21,Billie Eilish,Oxytocin,210232,billie eilish - oxytocin,494178,Billie Eilish,Oxytocin,4t2OeILB07eMGTXSUbMPEu,68,2021,electro,0.757,0.598,11,-7.777,1,0.058,0.0904,0.551,0.15,0.18,124.951,210233,4
2024-04-29 18:24,Billie Eilish,Everybody Dies,206622,billie eilish - everybody dies,515727,Billie Eilish,Everybody Dies,5jhBwnqzNNrENXnYrAdoCe,67,2021,pop,0.275,0.155,7,-17.285,0,0.0674,0.928,0.176,0.0888,0.0588,65.136,206623,3
2024-04-29 18:35,Ashnikko,Daisy 2.0 (feat. Hatsune Miku),34411,ashnikko - daisy 2.0 (feat. hatsune miku),433273,Ashnikko,Daisy 2.0 (feat. Hatsune Miku),0s8RXkQW9lwGEV6WlG8KDq,62,2020,dance,0.773,0.627,11,-4.891,1,0.0452,0.0698,0.0,0.234,0.523,131.021,167157,4
2024-04-30 01:58,Djo,End of Beginning,159245,djo - end of beginning,569335,Djo,End of Beginning,3qhlB30KknSejmIvZZLjOD,66,2022,pop,0.689,0.454,2,-7.643,1,0.0584,0.0351,0.00259,0.0707,0.912,159.982,159246,4
2024-04-30 02:04,Wallows,Are You Bored Yet? (feat. Clairo),178000,wallows - are you bored yet? (feat. clairo),399066,Wallows,Are You Bored Yet? (feat. Clairo),57RA3JGafJm5zRtKJiKPIm,77,2019,indie-pop,0.682,0.683,8,-6.444,0,0.0287,0.156,2.32e-05,0.273,0.64,120.023,178000,4
2024-04-30 02:13,Nessa Barrett,i hope ur miserable until ur dead,177582,nessa barrett - i hope ur miserable until ur dead,494171,Nessa Barrett,i hope ur miserable until ur dead,4ka1FkKAMde6dQAFFMXKac,67,2021,electro,0.706,0.544,2,-7.275,1,0.0306,0.0273,0.0,0.087,0.477,115.935,177583,4
2024-04-30 02:16,Two Feet,I Feel Like I'm Drowning,185520,two feet - i feel like i'm drowning,342790,Two Feet,I Feel Like I'm Drowning,3aauaXWRgwCMoykMbI0Jq1,75,2018,indie-pop,0.717,0.577,8,-5.436,1,0.0491,0.708,0.00428,0.0899,0.235,104.927,185520,3
2024-04-30 02:18,Bella Poarch,Build a Bitch,122772,bella poarch - build a bitch,515654,Bella Poarch,Build a Bitch,7BoobGhD4x5K96Me0hqC8Q,73,2021,pop,0.855,0.463,3,-7.454,1,0.0367,0.217,1.77e-05,0.347,0.866,102.931,122773,4
2024-04-30 02:20,Sub Urban,INFERNO,133133,sub urban - inferno,508590,Sub Urban,INFERNO,7aonAWn0J0AJ47ZU9WHCXC,65,2021,indie-pop,0.82,0.611,9,-5.02,0,0.122,0.0766,2.5e-05,0.0684,0.637,127.883,133134,4
2024-04-30 02:22,Ashnikko,Cry (feat. Grimes),126663,ashnikko - cry (feat. grimes),433678,Ashnikko,Cry (feat. Grimes),0w1Wd17IygSVDMOZtKm4hi,49,2020,dance,0.667,0.828,5,-4.589,0,0.265,0.0229,0.0,0.0756,0.843,173.893,126274,4
2024-04-30 02:26,Bishop Briggs,River,216133,bishop briggs - river,254952,Bishop Briggs,River,0TGTE9TEh9qzuFwmtRNICn,53,2017,alt-rock,0.726,0.484,2,-6.707,0,0.0477,0.274,2.44e-06,0.0874,0.561,62.493,214280,4
2024-04-30 02:27,UPSAHL,People I Don't Like,42770,upsahl - people i don't like,439851,UPSAHL,People I Don't Like,5srKMwXoeyrRnyTnNbpgIW,66,2020,electro,0.747,0.573,11,-6.562,0,0.295,0.268,0.0,0.302,0.551,90.036,142766,4
2024-04-30 02:30,Fitz and The Tantrums,Out of My League,209386,fitz and the tantrums - out of my league,56397,Fitz and The Tantrums,Out of My League,2AYEOC02WLhUiOoaig2SEH,71,2013,alt-rock,0.545,0.968,9,-3.553,0,0.0853,0.0387,0.00325,0.331,0.527,169.965,209386,4
2024-04-30 02:37,Ellie Goulding,Hate Me,188066,ellie goulding - hate me,433246,Ellie Goulding,Hate Me,15og0pCEcTFWEXOFKdcJlU,69,2020,dance,0.64,0.789,8,-4.891,1,0.0644,0.0875,0.0,0.147,0.762,75.018,188067,4
2024-04-30 02:48,MARINA,Are You Satisfied?,48431,marina - are you satisfied?,1343526,MARINA,Are You Satisfied?,6lKRMylSZMtA7EqPl0pcdI,68,2010,dance,0.669,0.712,0,-4.992,1,0.0412,0.303,0.0,0.0755,0.843,124.009,198960,4
2024-04-30 17:16,Cigarettes After Sex,Apocalypse,290616,cigarettes after sex - apocalypse,255746,Cigarettes After Sex,Apocalypse,3AVrVz5rK8Hrqo9YGiVGN5,81,2017,ambient,0.369,0.467,5,-9.018,1,0.0274,0.0194,0.46,0.109,0.174,94.473,290147,4
2024-04-30 17:25,girl in red,we fell in love in october,184153,girl in red - we fell in love in october,342777,girl in red,we fell in love in october,6IPwKM3fUUzlElbvKw2sKl,82,2018,indie-pop,0.566,0.366,7,-12.808,1,0.028,0.113,0.181,0.155,0.237,129.96,184154,4
2024-04-30 17:29,Grimes,Kill V. Maim,246013,grimes - kill v. maim,175427,Grimes,Kill V. Maim,3WXhshrs1fzwF3rQE399Gq,62,2015,electro,0.578,0.947,11,-2.431,0,0.0359,0.00744,0.0816,0.105,0.456,134.033,246007,4
2024-04-30 17:32,Anne-Marie,PSYCHO,162666,anne-marie - psycho,541643,Anne-Marie,PSYCHO,1eprzC29mwUQqcVj0eILdx,75,2022,dance,0.62,0.681,9,-4.915,1,0.356,0.0138,0.0,0.0248,0.741,160.743,162493,4
2024-04-30 17:36,Olivia Rodrigo,traitor,229226,olivia rodrigo - traitor,515570,Olivia Rodrigo,traitor,5CZ40GBx1sQ9agT82CLQCT,84,2021,pop,0.38,0.339,3,-7.885,1,0.0338,0.691,0.0,0.12,0.0849,100.607,229227,4
2024-04-30 17:39,BLACKPINK,Kill This Love,191050,blackpink - kill this love,401157,BLACKPINK,Kill This Love,6hvczQ05jc1yGlp9zhb95V,73,2019,k-pop,0.763,0.835,2,-5.234,0,0.191,0.323,0.00221,0.225,0.645,131.875,191050,4
2024-04-30 17:47,Ruth B.,Dandelions,233720,ruth b. - dandelions,293465,Ruth B.,Dandelions,2eAvDnpXP5W0cVtiI0PUxV,87,2017,pop,0.609,0.692,1,-2.958,1,0.0259,0.0157,0.0,0.0864,0.454,116.959,233720,3
2024-04-30 17:50,BoyWithUke,Sick of U (with Oliver Tree),168676,boywithuke - sick of u (with oliver tree),574201,BoyWithUke,Sick of U (with Oliver Tree),5IXdkgrT4lb9sKIb8tbOQ3,73,2022,sad,0.676,0.814,0,-3.213,1,0.0585,0.277,0.0,0.0953,0.601,92.554,168676,4
2024-04-30 17:55,Arctic Monkeys,Why'd You Only Call Me When You're High?,161123,arctic monkeys - why'd you only call me when you're high?,77592,Arctic Monkeys,Why'd You Only Call Me When You're High?,086myS9r57YsLbJpU0TgK9,85,2013,garage,0.691,0.631,2,-6.478,1,0.0368,0.0483,1.13e-05,0.104,0.8,92.004,161124,4
2024-04-30 17:56,Sachin-Jigar,Saibo,21974,sachin-jigar - saibo,516629,Sachin-Jigar,Saibo,4qCcvSPIEDs1mCPAsaHFyC,12,2021,pop-film,0.619,0.429,2,-7.867,1,0.028,0.738,1.35e-05,0.136,0.545,90.058,195253,4
2024-04-30 18:00,Halsey,Colors,249499,halsey - colors,175423,Halsey,Colors,1TnUURhehaoMWKAqQtirm6,65,2015,electro,0.512,0.812,1,-4.809,1,0.0617,0.0534,0.0,0.092,0.521,100.02,249500,4
2024-04-30 18:03,Billie Eilish,ocean eyes,200560,billie eilish - ocean eyes,231075,Billie Eilish,ocean eyes,2uIX8YMNjGMD7441kqyyNU,67,2016,electro,0.475,0.37,4,-7.725,0,0.0361,0.819,0.0577,0.0841,0.157,144.828,200560,4
2024-04-30 18:06,The Kid LAROI,WITHOUT YOU,161384,the kid laroi - without you,506701,The Kid LAROI,WITHOUT YOU,1KMkcUvF7m3SDChDOa7i5L,77,2021,hip-hop,0.662,0.413,0,-7.357,1,0.0299,0.213,0.0,0.134,0.467,93.005,161385,4
2024-04-30 18:09,lovelytheband,broken,204878,lovelytheband - broken,311050,lovelytheband,broken,6XcfKZvJio9Z0fQy11GnNX,67,2018,alt-rock,0.666,0.728,7,-5.808,1,0.0419,0.00175,4.26e-06,0.0429,0.51,122.996,204878,4
2024-04-30 18:13,ZAYN,I Don’t Wanna Live Forever (Fifty Shades Darker),247160,zayn - i don’t wanna live forever (fifty shades darker),264785,ZAYN,I Don’t Wanna Live Forever (Fifty Shades Darker),55n9yjI6qqXh5F2mYvUc2y,77,2017,dance,0.731,0.445,0,-8.418,1,0.0533,0.0586,1.96e-05,0.14,0.106,117.97,247160,4
2024-04-30 18:16,All Time Low,Monsters (feat. blackbear),174067,all time low - monsters (feat. blackbear),462037,All Time Low,Monsters (feat. blackbear),0tyR7Bu9P086aWBFZ4QJoo,69,2020,pop,0.369,0.845,0,-3.449,0,0.0611,0.0493,0.0,0.416,0.782,78.532,174068,4
2024-04-30 18:19,Harry Styles,Watermelon Sugar,174000,harry styles - watermelon sugar,406370,Harry Styles,Watermelon Sugar,6UelLqGlWMcVH1E5c4H7lY,87,2019,pop,0.548,0.816,0,-4.209,1,0.0465,0.122,0.0,0.335,0.557,95.39,174000,4
2024-04-30 18:26,Imagine Dragons,Believer,204346,imagine dragons - believer,297308,Imagine Dragons,Believer,0pqnGHJpmpxLKifKRmU6WP,86,2017,rock,0.776,0.78,10,-4.374,0,0.128,0.0622,0.0,0.081,0.666,124.949,204347,4
2024-04-30 18:30,Taylor Swift,cardigan,239560,taylor swift - cardigan,461996,Taylor Swift,cardigan,4R2kfaDFhslZEMJqAFNpdd,84,2020,pop,0.613,0.581,0,-8.588,0,0.0424,0.537,0.000345,0.25,0.551,130.033,239560,4
2024-04-30 18:34,Kendrick Lamar,All The Stars (with SZA),232186,kendrick lamar - all the stars (with sza),340887,Kendrick Lamar,All The Stars (with SZA),3GCdLUSnKSMJhs4Tj6CV3s,83,2018,hip-hop,0.698,0.633,8,-4.946,1,0.0597,0.0605,0.000194,0.0926,0.552,96.924,232187,4
2024-04-30 18:38,GROUPLOVE,Tongue Tied,218013,grouplove - tongue tied,1403307,GROUPLOVE,Tongue Tied,0GO8y8jQk1PkHzS31d699N,77,2011,alt-rock,0.56,0.936,3,-5.835,1,0.0439,0.00847,0.0,0.161,0.371,112.96,218013,4
2024-04-30 18:42,John Legend,All of Me,269560,john legend - all of me,93570,John Legend,All of Me,3U4isOIWM3VvDubwSI3y7a,83,2013,pop,0.422,0.264,8,-7.064,1,0.0322,0.922,0.0,0.132,0.331,119.93,269560,4
2024-04-30 18:43,Justin Bieber,Beauty And A Beat,51354,justin bieber - beauty and a beat,40356,Justin Bieber,Beauty And A Beat,190jyVPHYjAqEaOGmMzdyk,75,2012,pop,0.602,0.843,0,-4.831,1,0.0593,0.000688,5.27e-05,0.0682,0.526,128.003,227987,4
2024-04-30 18:47,Calvin Harris,One Kiss (with Dua Lipa),214846,calvin harris - one kiss (with dua lipa),321015,Calvin Harris,One Kiss (with Dua Lipa),7ef4DlsgrMEH11cDZd32M6,85,2018,dance,0.791,0.862,9,-3.24,0,0.11,0.037,2.19e-05,0.0814,0.592,123.994,214847,4
2024-04-30 18:51,Mark Ronson,Uptown Funk (feat. Bruno Mars),269666,mark ronson - uptown funk (feat. bruno mars),197524,Mark Ronson,Uptown Funk (feat. Bruno Mars),32OlwWuMpZ6b0aN2RZOeMS,81,2015,pop,0.856,0.609,0,-7.223,1,0.0824,0.00801,8.15e-05,0.0344,0.928,114.988,269667,4
2024-04-30 18:54,OneRepublic,I Ain't Worried,148485,onerepublic - i ain't worried,568440,OneRepublic,I Ain't Worried,4h9wh7iOZ0GGn8QVp4RAOB,91,2022,piano,0.704,0.797,0,-5.927,1,0.0475,0.0826,0.000745,0.0546,0.825,139.994,148486,4
2024-04-30 18:57,Taylor Swift,this is me trying,195097,taylor swift - this is me trying,462023,Taylor Swift,this is me trying,7kt9e9LFSpN1zQtYEl19o1,73,2020,pop,0.515,0.476,9,-9.843,1,0.0328,0.314,4.74e-05,0.171,0.412,135.886,195097,4
2024-04-30 19:04,Doja Cat,Need to Know,210560,doja cat - need to know,487892,Doja Cat,Need to Know,3Vi5XqYrmQgOYBajMWSvCi,80,2021,dance,0.664,0.609,1,-6.509,1,0.0707,0.304,0.0,0.0926,0.194,130.041,210560,4
2024-04-30 19:08,Passenger,Let Her Go,252733,passenger - let her go,20741,Passenger,Let Her Go,1KxwZYyzWNyZSRyErj2ojT,74,2012,folk,0.479,0.545,7,-7.346,1,0.0688,0.365,0.0,0.0963,0.243,74.897,252733,4
2024-04-30 19:16,The Weeknd,Die For You,260253,the weeknd - die for you,612505,The Weeknd,Die For You,2D43Jia9ZFY5AtCjbRczKd,0,2023,pop,0.434,0.528,1,-7.152,0,0.0798,0.111,0.0,0.157,0.445,65.687,260256,4
2024-04-30 19:20,Taylor Swift,Blank Space,231826,taylor swift - blank space,146765,Taylor Swift,Blank Space,1p80LdxRV74UKvL8gnD7ky,76,2014,pop,0.753,0.678,5,-5.421,1,0.0644,0.085,1.64e-06,0.13,0.583,96.006,231827,4
2024-04-30 19:24,Rihanna,Diamonds,225146,rihanna - diamonds,40343,Rihanna,Diamonds,1z9kQ14XBSN0r2v6fx4IdG,75,2012,pop,0.564,0.71,11,-4.92,0,0.0461,0.00125,0.0,0.109,0.393,91.972,225147,4
2024-04-30 19:27,Marshmello,Silence,180822,marshmello - silence,264769,Marshmello,Silence,7vGuf3Y35N4wmASOKLUVVU,79,2017,dance,0.52,0.761,4,-3.093,1,0.0853,0.256,4.96e-06,0.17,0.286,141.971,180823,4
2024-04-30 19:31,Avicii,Waiting For Love,230613,avicii - waiting for love,174628,Avicii,Waiting For Love,2P4OICZRVAQcYAV2JReRfj,81,2015,edm,0.579,0.736,6,-3.863,0,0.0527,0.31,0.0,0.198,0.613,127.999,230613,4
2024-04-30 19:35,Maroon 5,Sugar,235493,maroon 5 - sugar,146779,Maroon 5,Sugar,2iuZJX9X9P0GKaE93xcPjk,80,2014,pop,0.748,0.788,1,-7.055,1,0.0334,0.0591,0.0,0.0863,0.884,120.076,235493,4
2024-04-30 19:41,Ed Sheeran,Supermarket Flowers,221106,ed sheeran - supermarket flowers,293528,Ed Sheeran,Supermarket Flowers,4VuS959DSpr82t3qBqCrWG,74,2017,pop,0.589,0.242,6,-10.517,1,0.0442,0.914,0.0,0.0887,0.257,89.749,221107,4
2024-04-30 19:48,Camila Cabello,Never Be the Same,226973,camila cabello - never be the same,264911,Camila Cabello,Never Be the Same,6VpQdig9pdpTSIFItgkJV5,59,2017,dance,0.643,0.709,0,-4.343,1,0.0733,0.145,0.000449,0.115,0.264,129.961,227088,4
2024-04-30 19:52,The Weeknd,Can't Feel My Face,213520,the weeknd - can't feel my face,197519,The Weeknd,Can't Feel My Face,22VdIZQfgXJea34mQxlt81,81,2015,pop,0.705,0.769,9,-5.526,0,0.0425,0.113,0.0,0.105,0.583,107.949,213520,4
2024-04-30 19:55,Gym Class Heroes,Stereo Hearts (feat. Adam Levine),210960,gym class heroes - stereo hearts (feat. adam levine),1412784,Gym Class Heroes,Stereo Hearts (feat. Adam Levine),0qOnSQQF0yzuPWsXrQ9paz,80,2011,dance,0.646,0.795,9,-3.293,1,0.0976,0.0319,0.0,0.267,0.796,89.99,210960,4
2024-04-30 19:59,Bruno Mars,Locked out of Heaven,233478,bruno mars - locked out of heaven,12104,Bruno Mars,Locked out of Heaven,3w3y8KPTfNeOKPiqUTakBh,85,2012,dance,0.726,0.698,5,-4.165,1,0.0431,0.049,0.0,0.309,0.867,143.994,233478,4
2024-04-30 19:59,Bruno Mars,Locked out of Heaven,233478,bruno mars - locked out of heaven,591102,Bruno Mars,Locked Out of Heaven,45jddxG7hbCnuRFrdXVzlq,0,2023,dance,0.726,0.699,5,-4.165,1,0.0431,0.049,0.0,0.309,0.866,143.994,233478,4
2024-04-30 20:03,Maroon 5,One More Night,219466,maroon 5 - one more night,40351,Maroon 5,One More Night,4XNrMwGx1SqP01sqkGTDmo,69,2012,pop,0.718,0.82,5,-3.453,0,0.0323,0.0444,0.0,0.0846,0.613,92.998,219467,4
2024-04-30 20:05,Lil Nas X,THATS WHAT I WANT,143901,lil nas x - thats what i want,506691,Lil Nas X,THATS WHAT I WANT,0e8nrvls4Qqv5Rfa2UhqmO,82,2021,hip-hop,0.737,0.846,1,-4.51,0,0.22,0.00614,0.0,0.0486,0.546,87.981,143901,4
2024-04-30 20:08,Arctic Monkeys,I Wanna Be Yours,183956,arctic monkeys - i wanna be yours,77591,Arctic Monkeys,I Wanna Be Yours,5XeFesFbtLpXzIVDNQP22n,91,2013,garage,0.464,0.417,0,-9.345,0,0.0256,0.136,0.022,0.0974,0.479,67.528,183956,4
2024-04-30 20:12,Katy Perry,Roar,223546,katy perry - roar,66276,Katy Perry,Roar,27tNWlhdAryQY04Gb2ZhUI,77,2013,dance,0.671,0.771,7,-4.821,0,0.0316,0.00492,7.28e-06,0.354,0.436,90.003,223546,4
2024-04-30 20:15,Måneskin,Beggin',211560,måneskin - beggin',286610,Måneskin,Beggin',3Wrjm47oTz2sjIgck11l5e,83,2017,indie-pop,0.714,0.8,11,-4.808,0,0.0504,0.127,0.0,0.359,0.589,134.002,211560,4
2024-04-30 20:20,The Weeknd,I Was Never There,241066,the weeknd - i was never there,350200,The Weeknd,I Was Never There,1cKHdTo9u0ZymJdPGSh6nq,88,2018,pop,0.323,0.737,10,-4.008,1,0.0338,0.142,0.000162,0.163,0.155,113.26,241067,4
2024-04-30 20:22,XXXTENTACION,SAD!,166605,xxxtentacion - sad!,328649,XXXTENTACION,SAD!,3ee8Jmje8o58CHK66QrVC2,81,2018,emo,0.74,0.613,8,-4.88,1,0.145,0.258,0.00372,0.123,0.473,75.023,166606,4
2024-04-30 20:30,The Neighbourhood,Softcore,206280,the neighbourhood - softcore,311042,The Neighbourhood,Softcore,2K7xn816oNHJZ0aVqdQsha,84,2018,alt-rock,0.575,0.568,9,-5.509,0,0.03,0.0484,0.000417,0.286,0.37,93.986,206280,4
2024-04-30 20:33,Imagine Dragons,Thunder,187146,imagine dragons - thunder,297309,Imagine Dragons,Thunder,1zB4vmk8tFRmM9UULNzbLB,83,2017,rock,0.605,0.822,0,-4.833,1,0.0438,0.00671,0.134,0.147,0.288,167.997,187147,4
2024-04-30 20:36,Charlie Puth,Attention,208786,charlie puth - attention,321026,Charlie Puth,Attention,5cF0dROlMOK5uNZtivgu50,81,2018,dance,0.775,0.613,3,-4.586,0,0.0542,0.109,2.33e-05,0.134,0.797,100.066,208787,4
2024-04-30 20:40,Shawn Mendes,There's Nothing Holdin' Me Back,199440,shawn mendes - there's nothing holdin' me back,264770,Shawn Mendes,There's Nothing Holdin' Me Back,7JJmb5XwzOO8jgpou264Ml,85,2017,dance,0.866,0.813,11,-4.063,0,0.0554,0.38,0.0,0.0779,0.969,121.998,199440,4
2024-04-30 20:43,Taylor Swift,Wildest Dreams (Taylor's Version),220433,taylor swift - wildest dreams (taylor's version),515577,Taylor Swift,Wildest Dreams (Taylor's Version),1Ov37jtRQ2YNAe8HzfczkL,80,2021,pop,0.583,0.67,8,-7.289,1,0.0646,0.0374,0.0001,0.126,0.498,140.061,220433,4
2024-04-30 20:47,Camila Cabello,Bam Bam (feat. Ed Sheeran),206070,camila cabello - bam bam (feat. ed sheeran),541611,Camila Cabello,Bam Bam (feat. Ed Sheeran),0QBzMgT7NIeoCYy3sJCof1,80,2022,dance,0.756,0.697,8,-6.377,1,0.0401,0.182,0.0,0.333,0.956,94.996,206071,4
2024-04-30 20:51,Ed Sheeran,Shape of You,233712,ed sheeran - shape of you,293477,Ed Sheeran,Shape of You,7qiZfU4dY1lWllzX7mPBI3,85,2017,pop,0.825,0.652,1,-3.183,0,0.0802,0.581,0.0,0.0931,0.931,95.977,233713,4
2024-04-30 20:54,Ed Sheeran,Happier,207520,ed sheeran - happier,293501,Ed Sheeran,Happier,2RttW7RAu5nOAfq6YFvApB,78,2017,pop,0.522,0.385,0,-7.355,1,0.0288,0.536,0.0,0.135,0.236,89.792,207520,4
2024-04-30 20:58,Stromae,Papaoutai,232146,stromae - papaoutai,86484,Stromae,Papaoutai,1QFw2xxyQtgKjlrMCEqsNj,54,2013,house,0.734,0.809,10,-7.264,0,0.0839,0.0266,0.0,0.0642,0.254,116.022,232147,4
2024-04-30 21:01,Harry Styles,As It Was,167303,harry styles - as it was,569192,Harry Styles,As It Was,4LRPiXqCikLlN15c3yImP7,90,2022,pop,0.52,0.731,6,-5.338,0,0.0557,0.342,0.00101,0.311,0.662,173.93,167303,4
2024-04-30 21:05,Naughty Boy,No One’s Here To Sleep,272547,naughty boy - no one’s here to sleep,120104,Naughty Boy,No One’s Here To Sleep,2oyiRrtSRCSdSSLWPS3E8j,36,2014,dance,0.636,0.497,0,-6.876,0,0.0313,0.0312,0.00148,0.108,0.148,122.026,272547,4
2024-04-30 21:15,Maroon 5,Daylight,4382,maroon 5 - daylight,40371,Maroon 5,Daylight,6TwfdLbaxTKzQi3AgsZNzx,61,2012,pop,0.657,0.679,2,-5.511,1,0.0269,0.00246,0.0,0.211,0.331,120.007,225307,4
2024-05-02 16:13,Alec Benjamin,If We Have Each Other,181522,alec benjamin - if we have each other,327776,Alec Benjamin,If We Have Each Other,7pT6WSg4PCt4mr5ZFyUfsF,74,2018,electro,0.656,0.577,10,-5.566,0,0.0802,0.698,0.0,0.296,0.861,173.094,181522,4
2024-05-02 16:22,New West,Those Eyes,220750,new west - those eyes,399063,New West,Those Eyes,50x1Ic8CaXkYNvjmxe3WXy,87,2019,indie-pop,0.593,0.352,4,-8.296,1,0.0284,0.695,2.22e-05,0.3,0.226,119.988,220750,3
2024-05-02 16:31,Clairo,Sofia,188386,clairo - sofia,399069,Clairo,Sofia,7B3z0ySL9Rr0XvZEAjWZzM,78,2019,indie-pop,0.744,0.619,0,-9.805,1,0.039,0.598,0.00372,0.231,0.641,112.997,188387,4
2024-05-02 16:40,MARINA,Oh No!,182586,marina - oh no!,1343525,MARINA,Oh No!,4sNwdacKyi2S26WrRtNama,70,2010,dance,0.77,0.896,0,-3.971,1,0.039,0.0539,0.0,0.243,0.964,126.999,182587,4
2024-05-02 16:43,Caroline Polachek,Sunset,162909,caroline polachek - sunset,547848,Caroline Polachek,Sunset,2eQ9B2SsQFU2qCnHSas3eQ,55,2022,electro,0.462,0.745,11,-5.356,0,0.0652,0.589,0.00015,0.288,0.648,122.051,163116,4
2024-05-02 16:50,Selena Gomez,Lose You To Love Me,206458,selena gomez - lose you to love me,462002,Selena Gomez,Lose You To Love Me,4l0Mvzj72xxOpRrp6h8nHi,81,2020,pop,0.488,0.343,4,-8.985,1,0.0436,0.556,0.0,0.21,0.0978,102.819,206459,4
2024-05-02 16:53,Fitz and The Tantrums,Out of My League,209386,fitz and the tantrums - out of my league,56397,Fitz and The Tantrums,Out of My League,2AYEOC02WLhUiOoaig2SEH,71,2013,alt-rock,0.545,0.968,9,-3.553,0,0.0853,0.0387,0.00325,0.331,0.527,169.965,209386,4
2024-05-02 16:57,Kali Uchis,Melting,208853,kali uchis - melting,197515,Kali Uchis,Melting,2kSb3wYSOV996xA2NSmpck,81,2015,pop,0.574,0.479,8,-7.776,1,0.0355,0.179,0.0803,0.106,0.303,115.263,208854,4
2024-05-02 17:14,Christina Perri,a thousand years,139999,christina perri - a thousand years,614919,Christina Perri,A Thousand Years,6T4bnHAW0GHAXK8xFwSalW,0,2023,rock,0.423,0.407,10,-7.45,1,0.0267,0.312,0.000961,0.11,0.161,139.048,285120,3
2024-05-02 17:14,Billie Eilish,watch,307,billie eilish - watch,271631,Billie Eilish,watch,7eB1V5LvAdxCc7brfGhRRo,77,2017,electro,0.441,0.599,0,-8.985,1,0.225,0.333,0.00198,0.103,0.35,165.212,177523,4
2024-05-02 17:24,Christina Perri,a thousand years,2860,christina perri - a thousand years,614919,Christina Perri,A Thousand Years,6T4bnHAW0GHAXK8xFwSalW,0,2023,rock,0.423,0.407,10,-7.45,1,0.0267,0.312,0.000961,0.11,0.161,139.048,285120,3
2024-05-05 01:57,Christina Perri,a thousand years,1318,christina perri - a thousand years,614919,Christina Perri,A Thousand Years,6T4bnHAW0GHAXK8xFwSalW,0,2023,rock,0.423,0.407,10,-7.45,1,0.0267,0.312,0.000961,0.11,0.161,139.048,285120,3
2024-05-05 02:05,Anuv Jain,Riha,287312,anuv jain - riha,398195,Anuv Jain,Riha,6Ln89sczgIcAJXGAIdS94R,58,2019,indian,0.389,0.148,3,-11.011,1,0.03,0.897,0.0,0.114,0.4,142.611,287324,4
2024-05-05 02:09,Taylor Swift,Don’t Blame Me,236413,taylor swift - don’t blame me,293464,Taylor Swift,Don’t Blame Me,1R0a2iXumgCiFb7HEZ7gUE,85,2017,pop,0.615,0.534,9,-6.719,0,0.0386,0.106,1.76e-05,0.0607,0.193,135.917,236413,4
2024-05-05 02:11,Ashnikko,Daisy,146523,ashnikko - daisy,433258,Ashnikko,Daisy,0AUvWawuP0ibk4SQ3sIZjk,67,2020,dance,0.834,0.663,8,-6.143,1,0.133,0.235,0.0,0.372,0.774,121.876,146523,4
2024-05-05 02:14,Lewis Capaldi,Hold Me While You Wait,205686,lewis capaldi - hold me while you wait,406397,Lewis Capaldi,Hold Me While You Wait,60iSKGrGazRzICtMjADNSM,77,2019,pop,0.688,0.53,11,-5.507,1,0.0333,0.443,0.0,0.0995,0.162,106.958,205687,4
2024-05-05 02:18,Billie Eilish,Oxytocin,210232,billie eilish - oxytocin,494178,Billie Eilish,Oxytocin,4t2OeILB07eMGTXSUbMPEu,68,2021,electro,0.757,0.598,11,-7.777,1,0.058,0.0904,0.551,0.15,0.18,124.951,210233,4
2024-05-05 02:24,Shawn Mendes,Mercy,208733,shawn mendes - mercy,264773,Shawn Mendes,Mercy,0AS63m1wHv9n4VVRizK6Hc,80,2017,dance,0.555,0.662,11,-4.952,0,0.0827,0.125,0.0,0.111,0.356,148.128,208733,4
2024-05-05 02:28,Fitz and The Tantrums,Out of My League,209386,fitz and the tantrums - out of my league,56397,Fitz and The Tantrums,Out of My League,2AYEOC02WLhUiOoaig2SEH,71,2013,alt-rock,0.545,0.968,9,-3.553,0,0.0853,0.0387,0.00325,0.331,0.527,169.965,209386,4
2024-05-05 02:59,WALK THE MOON,Shut Up and Dance,169041,walk the moon - shut up and dance,109697,WALK THE MOON,Shut Up and Dance,4kbj5MwxO1bq9wjT5g9HaA,81,2014,alt-rock,0.578,0.866,1,-3.804,1,0.0619,0.00701,0.0,0.257,0.619,128.038,199080,4
2024-05-06 17:01,Alec Benjamin,If We Have Each Other,181522,alec benjamin - if we have each other,327776,Alec Benjamin,If We Have Each Other,7pT6WSg4PCt4mr5ZFyUfsF,74,2018,electro,0.656,0.577,10,-5.566,0,0.0802,0.698,0.0,0.296,0.861,173.094,181522,4
2024-05-06 17:05,Nessa Barrett,dying on the inside,204847,nessa barrett - dying on the inside,547759,Nessa Barrett,dying on the inside,6h1s7cKnUtsbRpE5bwnUTf,63,2022,electro,0.539,0.587,0,-4.603,0,0.0371,0.000527,0.0,0.171,0.429,124.849,204848,1
2024-05-06 17:08,Conan Gray,The Exit,221054,conan gray - the exit,569274,Conan Gray,The Exit,6PDWMQJ55ZYrGrSx3EZzl4,72,2022,pop,0.58,0.416,0,-9.591,1,0.0291,0.608,0.0,0.0883,0.453,82.015,221054,4
2024-05-06 17:11,Em Beihold,Numb Little Bug,169237,em beihold - numb little bug,577934,Em Beihold,Numb Little Bug,3o9kpgkIcffx0iSwxhuNI2,74,2022,singer-songwriter,0.742,0.527,8,-6.892,0,0.0769,0.327,0.0,0.25,0.638,84.974,169238,4
2024-05-06 17:21,Alec Benjamin,If I Killed Someone For You,185122,alec benjamin - if i killed someone for you,327779,Alec Benjamin,If I Killed Someone For You,0WHi11uzahqpEtPGYCW6oQ,70,2018,electro,0.514,0.605,7,-5.363,1,0.0337,0.774,2.91e-06,0.121,0.409,120.894,185123,4
2024-05-06 17:34,Conan Gray,People Watching,43829,conan gray - people watching,515647,Conan Gray,People Watching,4JeOesjcWWlprTAvucDSJX,67,2021,pop,0.53,0.593,5,-7.286,1,0.0545,0.385,0.0,0.314,0.538,125.723,158537,4
2024-05-06 17:50,YUNGBLUD,parents,171880,yungblud - parents,410175,YUNGBLUD,parents,68rVGSTnCiFOET9k5Vd8Se,64,2019,rock,0.618,0.823,7,-4.76,1,0.0447,0.0132,0.0,0.288,0.58,82.004,171880,4
2024-05-06 17:53,5 Seconds of Summer,Valentine,196628,5 seconds of summer - valentine,321222,5 Seconds of Summer,Valentine,19hh7DkfRBrpRGYfKlw7jb,59,2018,dance,0.746,0.767,1,-2.907,0,0.0374,0.0601,1.07e-05,0.0859,0.773,94.007,196628,4
2024-05-06 17:57,Alec Benjamin,Water Fountain,218893,alec benjamin - water fountain,327775,Alec Benjamin,Water Fountain,4IhKLu7Vk3j2TLmnFPl6To,75,2018,electro,0.723,0.504,8,-5.572,1,0.0392,0.388,7.4e-05,0.087,0.551,133.975,218893,4
2024-05-06 18:10,Conan Gray,Family Line,7568,conan gray - family line,569244,Conan Gray,Family Line,0iNZGC211wst3VjtobNnC5,76,2022,pop,0.326,0.397,6,-8.145,1,0.0461,0.619,0.0,0.0979,0.276,153.713,216095,3
2024-05-06 18:52,Billie Eilish,Oxytocin,13419,billie eilish - oxytocin,494178,Billie Eilish,Oxytocin,4t2OeILB07eMGTXSUbMPEu,68,2021,electro,0.757,0.598,11,-7.777,1,0.058,0.0904,0.551,0.15,0.18,124.951,210233,4
2024-05-06 18:55,Billie Eilish,Oxytocin,196813,billie eilish - oxytocin,494178,Billie Eilish,Oxytocin,4t2OeILB07eMGTXSUbMPEu,68,2021,electro,0.757,0.598,11,-7.777,1,0.058,0.0904,0.551,0.15,0.18,124.951,210233,4
2024-05-06 19:14,Melanie Martinez,Training Wheels,190760,melanie martinez - training wheels,175404,Melanie Martinez,Training Wheels,3EGW6TGGbdk6Ys1Y3HU3lj,72,2015,electro,0.571,0.481,9,-7.179,1,0.0444,0.697,0.0,0.089,0.0807,113.753,205680,4
2024-05-07 17:02,The Neighbourhood,Sweater Weather,2273,the neighbourhood - sweater weather,1800,The Neighbourhood,Sweater Weather,4pGqFOfzvfe6avb9kbZicC,60,2012,alt-rock,0.695,0.615,7,-5.325,0,0.042,0.15,0.000212,0.0879,0.414,124.015,240040,4
2024-05-07 17:02,The Neighbourhood,Sweater Weather,27960,the neighbourhood - sweater weather,1800,The Neighbourhood,Sweater Weather,4pGqFOfzvfe6avb9kbZicC,60,2012,alt-rock,0.695,0.615,7,-5.325,0,0.042,0.15,0.000212,0.0879,0.414,124.015,240040,4
2024-05-07 17:19,Travis Scott,goosebumps,243836,travis scott - goosebumps,244724,Travis Scott,goosebumps,6gBFPUFcJLzWGx4lenP6h2,82,2016,house,0.841,0.728,7,-3.37,1,0.0484,0.0847,0.0,0.149,0.43,130.049,243837,4
2024-05-07 17:19,Travis Scott,goosebumps,243836,travis scott - goosebumps,341768,Travis Scott,Goosebumps,6dWf1xaHOmJo7eL9WuSkdL,54,2018,house,0.849,0.629,7,-6.27,1,0.0475,0.0789,0.0,0.13,0.467,130.105,243840,4
2024-05-07 17:22,Kendrick Lamar,All The Stars (with SZA),232186,kendrick lamar - all the stars (with sza),340887,Kendrick Lamar,All The Stars (with SZA),3GCdLUSnKSMJhs4Tj6CV3s,83,2018,hip-hop,0.698,0.633,8,-4.946,1,0.0597,0.0605,0.000194,0.0926,0.552,96.924,232187,4
2024-05-07 17:33,Fitz and The Tantrums,Out of My League,209386,fitz and the tantrums - out of my league,56397,Fitz and The Tantrums,Out of My League,2AYEOC02WLhUiOoaig2SEH,71,2013,alt-rock,0.545,0.968,9,-3.553,0,0.0853,0.0387,0.00325,0.331,0.527,169.965,209386,4
2024-05-07 17:37,Olivia Rodrigo,deja vu,215506,olivia rodrigo - deja vu,515572,Olivia Rodrigo,deja vu,6HU7h9RYOaPRFeh0R3UeAr,83,2021,pop,0.442,0.612,2,-7.222,1,0.112,0.584,5.7e-06,0.37,0.178,180.917,215507,4
2024-05-07 17:40,Billie Eilish,when the party's over,196077,billie eilish - when the party's over,406376,Billie Eilish,when the party's over,43zdsphuZLzwA9k4DJhU0I,81,2019,pop,0.367,0.111,4,-14.084,1,0.0972,0.978,3.97e-05,0.0897,0.198,82.642,196077,4
2024-05-07 17:49,Arctic Monkeys,Why'd You Only Call Me When You're High?,161123,arctic monkeys - why'd you only call me when you're high?,77592,Arctic Monkeys,Why'd You Only Call Me When You're High?,086myS9r57YsLbJpU0TgK9,85,2013,garage,0.691,0.631,2,-6.478,1,0.0368,0.0483,1.13e-05,0.104,0.8,92.004,161124,4
2024-05-07 17:55,New West,Those Eyes,220750,new west - those eyes,399063,New West,Those Eyes,50x1Ic8CaXkYNvjmxe3WXy,87,2019,indie-pop,0.593,0.352,4,-8.296,1,0.0284,0.695,2.22e-05,0.3,0.226,119.988,220750,3
2024-05-07 18:07,Anuv Jain,Alag Aasmaan,212750,anuv jain - alag aasmaan,453815,Anuv Jain,Alag Aasmaan,74kCarkFBzXYXNkkYJIsG0,68,2020,indian,0.699,0.299,6,-12.599,1,0.0403,0.869,0.0,0.0724,0.459,118.969,212773,4
2024-05-07 18:10,Imagine Dragons,Demons,175200,imagine dragons - demons,43789,Imagine Dragons,Demons,3LlAyCYU26dvFZBDUIMb7a,73,2012,rock,0.505,0.71,3,-3.015,1,0.0321,0.19,0.00025,0.329,0.428,89.938,175200,4
2024-05-07 18:12,Dove Cameron,Breakfast,148470,dove cameron - breakfast,569268,Dove Cameron,Breakfast,6GUiIbJ834FcHewby3PwV0,73,2022,pop,0.64,0.553,2,-6.42,0,0.0411,0.0579,0.0,0.0914,0.486,81.992,148471,4
2024-05-07 18:16,Taylor Swift,Lavender Haze,202395,taylor swift - lavender haze,569193,Taylor Swift,Lavender Haze,5jQI2r1RdgtuT8S3iG8zFC,86,2022,pop,0.733,0.436,10,-10.489,1,0.08,0.258,0.000573,0.157,0.0976,96.985,202396,4
2024-05-07 18:20,French Montana,Unforgettable,233901,french montana - unforgettable,284831,French Montana,Unforgettable,3B54sVLJ402zGa6Xm4YGNe,81,2017,hip-hop,0.726,0.769,6,-5.043,1,0.123,0.0293,0.0101,0.104,0.733,97.985,233902,4
2024-05-07 18:23,One Direction,Night Changes,226600,one direction - night changes,146771,One Direction,Night Changes,5O2P9iiztwhomNh8xkR9lJ,86,2014,pop,0.672,0.52,8,-7.747,1,0.0353,0.859,0.0,0.115,0.37,120.001,226600,4
2024-05-07 18:26,Daisy the Great,Record Player (with AJR),149538,daisy the great - record player (with ajr),508549,Daisy the Great,Record Player (with AJR),4jYt1pQqg2mIZmY4FWCZEM,62,2021,indie-pop,0.665,0.684,11,-7.049,0,0.106,0.247,0.0,0.0636,0.927,73.986,149538,4
2024-05-07 18:30,Lady Gaga,Shallow,215733,lady gaga - shallow,321016,Lady Gaga,Shallow,2VxeLyX666F8uXCJ0dZF8B,83,2018,dance,0.572,0.385,7,-6.362,1,0.0308,0.371,0.0,0.231,0.323,95.799,215733,4
2024-05-07 18:33,Arctic Monkeys,I Wanna Be Yours,183956,arctic monkeys - i wanna be yours,77591,Arctic Monkeys,I Wanna Be Yours,5XeFesFbtLpXzIVDNQP22n,91,2013,garage,0.464,0.417,0,-9.345,0,0.0256,0.136,0.022,0.0974,0.479,67.528,183956,4
2024-05-07 18:36,Billie Eilish,Six Feet Under,189613,billie eilish - six feet under,231076,Billie Eilish,Six Feet Under,2VlLbhGLVJgdOW7kKdWWFc,72,2016,electro,0.576,0.307,11,-12.732,0,0.0428,0.807,0.000355,0.0792,0.157,67.513,189613,4
2024-05-07 18:43,Coldplay,Paradise,278719,coldplay - paradise,1450791,Coldplay,Paradise,6nek1Nin9q48AVZcWs9e9D,82,2011,pop,0.449,0.585,5,-6.761,1,0.0268,0.0509,8.75e-05,0.0833,0.212,139.631,278719,4
2024-05-07 18:48,Ed Sheeran,Thinking out Loud,281560,ed sheeran - thinking out loud,93582,Ed Sheeran,Thinking out Loud,1Slwb6dOYkBlWal1PGtnNg,64,2013,pop,0.781,0.445,2,-6.061,1,0.0295,0.474,0.0,0.184,0.591,78.998,281560,4
2024-05-07 18:51,Lizzy McAlpine,ceilings,182887,lizzy mcalpine - ceilings,549416,Lizzy McAlpine,ceilings,2L9N0zZnd37dwF0clgxMGI,89,2022,folk,0.516,0.322,9,-11.762,1,0.0292,0.473,0.00194,0.215,0.261,148.005,182888,3
2024-05-07 18:55,Niall Horan,This Town,232852,niall horan - this town,224575,Niall Horan,This Town,5dTJMpqiELczVuHJP3OAEu,57,2016,dance,0.679,0.407,9,-7.778,1,0.0302,0.699,0.0,0.122,0.195,111.814,232600,4
2024-05-07 18:58,Half an Orange,Blink 182,184000,half an orange - blink 182,383901,Half an Orange,Blink 182,0GUCG3rXFQXFBwl3hExO2p,47,2019,edm,0.59,0.469,10,-7.387,0,0.0525,0.206,0.0,0.109,0.37,149.86,184000,4
2024-05-07 19:05,Benson Boone,In The Stars,216410,benson boone - in the stars,569249,Benson Boone,In The Stars,1ei3hzQmrgealgRKFxIcWn,80,2022,pop,0.362,0.54,10,-6.031,1,0.0528,0.338,0.0,0.139,0.3,78.007,216410,3
2024-05-07 19:08,Imagine Dragons,Enemy (with JID) - from the series Arcane League of Legends,173381,imagine dragons - enemy (with jid) - from the series arcane league of legends,519370,Imagine Dragons,Enemy (with JID) - from the series Arcane League of Legends,1r9xUipOqoNwggBpENDsvJ,81,2021,rock,0.728,0.783,11,-4.424,0,0.266,0.237,0.0,0.434,0.555,77.011,173381,4
2024-05-07 19:12,The Weeknd,Blinding Lights,200040,the weeknd - blinding lights,461991,The Weeknd,Blinding Lights,0VjIjW4GlUZAMYd2vXMi3b,90,2020,pop,0.514,0.73,1,-5.934,1,0.0598,0.00146,9.54e-05,0.0897,0.334,171.005,200040,4
2024-05-07 19:15,Shawn Mendes,There's Nothing Holdin' Me Back,199440,shawn mendes - there's nothing holdin' me back,264770,Shawn Mendes,There's Nothing Holdin' Me Back,7JJmb5XwzOO8jgpou264Ml,85,2017,dance,0.866,0.813,11,-4.063,0,0.0554,0.38,0.0,0.0779,0.969,121.998,199440,4
2024-05-07 19:19,Maroon 5,Daylight,225306,maroon 5 - daylight,40371,Maroon 5,Daylight,6TwfdLbaxTKzQi3AgsZNzx,61,2012,pop,0.657,0.679,2,-5.511,1,0.0269,0.00246,0.0,0.211,0.331,120.007,225307,4
2024-05-07 19:26,The Chainsmokers,Closer,244960,the chainsmokers - closer,224450,The Chainsmokers,Closer,7BKLCZ1jbUBVqRi2FVlTVw,83,2016,dance,0.748,0.524,8,-5.599,1,0.0338,0.414,0.0,0.111,0.661,95.01,244960,4
2024-05-07 19:33,One Direction,Perfect,230333,one direction - perfect,197553,One Direction,Perfect,3NLnwwAQbbFKcEcV8hDItk,77,2015,pop,0.647,0.823,2,-5.231,1,0.0762,0.0598,0.0,0.119,0.396,99.933,230333,4
2024-05-07 19:36,Ariana Grande,One Last Time,197266,ariana grande - one last time,119673,Ariana Grande,One Last Time,7xoUc6faLbCqZO6fQEYprd,81,2014,dance,0.628,0.593,8,-5.036,1,0.0323,0.093,1.65e-06,0.096,0.104,125.026,197267,4
2024-05-07 19:40,Doja Cat,Kiss Me More (feat. SZA),208666,doja cat - kiss me more (feat. sza),487896,Doja Cat,Kiss Me More (feat. SZA),3DarAbFujv6eYNliUTyqtz,80,2021,dance,0.764,0.705,8,-3.463,1,0.0284,0.259,8.92e-05,0.12,0.781,110.97,208667,4
2024-05-07 19:42,SAINt JHN,Roses - Imanbek Remix,176840,saint jhn - roses - imanbek remix,398063,SAINt JHN,Roses - Imanbek Remix,2Wo6QQD1KMDWeFkkjLqwx5,57,2019,house,0.785,0.721,8,-5.457,1,0.0506,0.0149,0.00432,0.285,0.894,121.962,176219,4
2024-05-07 19:46,SYML,Where's My Love,202000,syml - where's my love,406399,SYML,Where's My Love,1B62o4CbdL9ckGvwsz2cgn,79,2019,pop,0.604,0.36,0,-10.109,0,0.0253,0.868,0.0343,0.112,0.37,103.985,202000,4
2024-05-07 19:50,Imagine Dragons,Smoke And Mirrors,260866,imagine dragons - smoke and mirrors,150234,Imagine Dragons,Smoke And Mirrors,0joO6IeobvKP3cDz8xZfWe,40,2014,rock,0.601,0.636,7,-7.283,1,0.0283,0.0657,0.0218,0.447,0.0812,109.987,260867,4
2024-05-07 19:54,Taylor Swift,Delicate,232253,taylor swift - delicate,293475,Taylor Swift,Delicate,6NFyWDv5CjfwuzoCkw47Xf,78,2017,pop,0.75,0.404,9,-10.178,0,0.0682,0.216,0.000357,0.0911,0.0499,95.045,232253,4
2024-05-07 19:57,Gracie Abrams,"I miss you, I’m sorry",167538,"gracie abrams - i miss you, i’m sorry",462026,Gracie Abrams,"I miss you, I’m sorry",4nyF5lmSziBAt7ESAUjpbx,75,2020,pop,0.445,0.455,7,-6.405,1,0.0575,0.731,1.47e-06,0.124,0.151,109.885,167538,5
2024-05-07 20:01,Taylor Swift,I Did Something Bad,238253,taylor swift - i did something bad,293488,Taylor Swift,I Did Something Bad,4svZDCRz4cJoneBpjpx8DJ,74,2017,pop,0.696,0.602,0,-6.156,0,0.159,0.0679,2.11e-05,0.0696,0.305,82.989,238253,4
2024-05-07 20:05,BTS,ON,246380,bts - on,456863,BTS,ON,0fZRNhPJ4AGmwY7rkpdbqK,71,2020,k-pop,0.583,0.817,9,-5.146,0,0.099,0.118,0.0,0.338,0.437,105.935,246381,4
2024-05-07 20:10,Adele,Someone Like You,285240,adele - someone like you,1450774,Adele,Someone Like You,1zwMYTA5nlNjZxYrvBB2pV,78,2011,pop,0.556,0.319,9,-8.251,1,0.0281,0.893,0.0,0.0996,0.294,135.187,285240,4
2024-05-07 20:13,Alan Walker,Faded,212626,alan walker - faded,175419,Alan Walker,Faded,7gHs73wELdeycvS48JfIos,70,2015,electro,0.589,0.651,6,-5.097,1,0.0306,0.0291,3.2e-06,0.111,0.166,90.011,212627,4
2024-05-07 20:22,Ed Sheeran,Give Me Love,526386,ed sheeran - give me love,1450904,Ed Sheeran,Give Me Love,0SuG9kyzGRpDqrCWtgD6Lq,69,2011,pop,0.526,0.328,1,-9.864,1,0.0461,0.694,0.0,0.112,0.11,116.068,526387,4
2024-05-07 20:26,Harry Styles,Adore You,207133,harry styles - adore you,406373,Harry Styles,Adore You,3jjujdWJ72nww5eGnfs2E7,84,2019,pop,0.676,0.771,8,-3.675,1,0.0483,0.0237,7e-06,0.102,0.569,99.048,207133,4
2024-05-07 20:29,Tove Lo,Habits (Stay High),209160,tove lo - habits (stay high),119678,Tove Lo,Habits (Stay High),14OxJlLdcHNpgsm4DRwDOB,71,2014,dance,0.729,0.65,5,-3.539,1,0.0313,0.0702,6.69e-05,0.0829,0.347,110.02,209160,4
2024-05-07 20:32,Trevor Daniel,Falling,159381,trevor daniel - falling,350268,Trevor Daniel,Falling,26XaOsDMbl0e1cVKYfkz6w,70,2018,pop,0.785,0.431,10,-8.756,0,0.0364,0.123,0.0,0.0887,0.236,127.085,159382,4
2024-05-07 20:35,Lorde,Team,193058,lorde - team,93576,Lorde,Team,3G6hD9B2ZHOsgf4WfNu7X1,75,2013,pop,0.69,0.578,6,-7.436,1,0.0929,0.167,0.0,0.305,0.416,99.961,193059,4
2024-05-07 20:38,Panic! At The Disco,This Is Gospel,187186,panic! at the disco - this is gospel,97065,Panic! At The Disco,This Is Gospel,3yZQk5PC52CCmT4ZaTIKvv,65,2013,rock,0.572,0.912,7,-4.875,1,0.0707,0.00155,1.2e-06,0.102,0.606,156.073,187187,4
2024-05-07 20:42,Ellie Goulding,Burn,231213,ellie goulding - burn,12153,Ellie Goulding,Burn,5lF0pHbsJ0QqyIrLweHJPW,70,2012,dance,0.555,0.772,1,-5.007,1,0.0523,0.315,0.0,0.105,0.346,86.921,231213,4
2024-05-07 20:50,Halsey,Castle,277623,halsey - castle,175424,Halsey,Castle,16w8ZGVSjI4TlTLV8VimBY,64,2015,electro,0.626,0.571,7,-7.461,0,0.0327,0.25,0.0,0.0946,0.164,129.959,277623,4
2024-05-07 20:53,The Chainsmokers,Sick Boy,193200,the chainsmokers - sick boy,321114,The Chainsmokers,Sick Boy,58kZ9spgxmlEznXGu6FPdQ,66,2018,dance,0.663,0.577,11,-7.518,0,0.0531,0.109,0.0,0.12,0.454,89.996,193200,4
2024-05-07 20:57,Olivia Rodrigo,traitor,229226,olivia rodrigo - traitor,515570,Olivia Rodrigo,traitor,5CZ40GBx1sQ9agT82CLQCT,84,2021,pop,0.38,0.339,3,-7.885,1,0.0338,0.691,0.0,0.12,0.0849,100.607,229227,4
2024-05-07 21:01,Jaymes Young,Infinity,237720,jaymes young - infinity,286612,Jaymes Young,Infinity,1SOClUWhOi8vHZYMz3GluK,81,2017,indie-pop,0.671,0.673,11,-6.941,0,0.0444,0.148,5.29e-05,0.304,0.494,121.963,237720,4
2024-05-07 21:04,One Direction,Rock Me,200266,one direction - rock me,40400,One Direction,Rock Me,4GF00uRxC4ECrxNEbnapqf,62,2012,pop,0.506,0.909,8,-3.629,1,0.0528,0.0261,0.0,0.155,0.814,168.021,200267,4
2024-05-07 21:08,Calvin Harris,This Is What You Came For,222160,calvin harris - this is what you came for,224451,Calvin Harris,This Is What You Came For,0azC730Exh71aQlOt9Zj3y,82,2016,dance,0.631,0.927,9,-2.787,0,0.0332,0.199,0.119,0.148,0.465,123.962,222160,4
2024-05-07 21:10,Trevor Daniel,Falling,159381,trevor daniel - falling,350268,Trevor Daniel,Falling,26XaOsDMbl0e1cVKYfkz6w,70,2018,pop,0.785,0.431,10,-8.756,0,0.0364,0.123,0.0,0.0887,0.236,127.085,159382,4
2024-05-07 21:15,Taylor Swift,Back To December,293026,taylor swift - back to december,1380399,Taylor Swift,Back To December,3DrjZArsPsoqbLzUZZV1Id,67,2010,pop,0.529,0.67,2,-4.663,1,0.0303,0.117,0.0,0.334,0.286,141.893,293027,4
2024-05-07 21:19,Ruth B.,Dandelions,233720,ruth b. - dandelions,293465,Ruth B.,Dandelions,2eAvDnpXP5W0cVtiI0PUxV,87,2017,pop,0.609,0.692,1,-2.958,1,0.0259,0.0157,0.0,0.0864,0.454,116.959,233720,3
2024-05-07 21:22,Dua Lipa,Boys Will Be Boys,166266,dua lipa - boys will be boys,433504,Dua Lipa,Boys Will Be Boys,0vQcyuMEfRBd21ojZ62N2L,59,2020,dance,0.768,0.486,3,-5.954,1,0.0353,0.408,0.0,0.098,0.519,125.021,166266,4
2024-05-07 21:25,Shawn Mendes,Treat You Better,187973,shawn mendes - treat you better,264771,Shawn Mendes,Treat You Better,3QGsuHI8jO1Rx4JWLUh9jd,83,2017,dance,0.444,0.819,10,-4.078,0,0.341,0.106,0.0,0.107,0.747,82.695,187973,4
2024-05-07 21:29,Selena Gomez,Back To You - From 13 Reasons Why – Season 2 Soundtrack,207904,selena gomez - back to you - from 13 reasons why – season 2 soundtrack,321047,Selena Gomez,Back To You - From 13 Reasons Why – Season 2 Soundtrack,4hQ6UGyWQIGJmHSo0J88JW,74,2018,dance,0.601,0.724,6,-4.856,1,0.0486,0.0945,1.68e-06,0.12,0.508,102.061,207905,4
2024-05-07 21:38,Billie Eilish,ocean eyes,200560,billie eilish - ocean eyes,231075,Billie Eilish,ocean eyes,2uIX8YMNjGMD7441kqyyNU,67,2016,electro,0.475,0.37,4,-7.725,0,0.0361,0.819,0.0577,0.0841,0.157,144.828,200560,4
2024-05-07 21:41,Imagine Dragons,Warriors,171333,imagine dragons - warriors,201249,Imagine Dragons,Warriors,1lgN0A2Vki2FTON5PYq42m,67,2015,rock,0.365,0.851,4,-6.238,0,0.065,0.0964,0.003,0.238,0.309,78.068,170067,4
2024-05-07 21:45,OneRepublic,If I Lose Myself,241640,onerepublic - if i lose myself,146279,OneRepublic,If I Lose Myself,7hIRQZhDjab4YgqkkkehV9,57,2014,piano,0.482,0.713,2,-6.017,1,0.0487,0.0969,0.0,0.111,0.263,140.069,241640,4
2024-05-07 21:49,Train,"Hey, Soul Sister",216773,"train - hey, soul sister",321327,Train,"Hey, Soul Sister",5SFJRXA0zX2xFIZHBXcnI5,48,2018,dance,0.67,0.868,1,-5.566,0,0.0417,0.17,0.0,0.0826,0.772,97.053,216907,4
2024-05-07 21:52,Justin Bieber,Sorry,200786,justin bieber - sorry,197532,Justin Bieber,Sorry,09CtPGIpYB4BrO8qb1RGsF,80,2015,pop,0.654,0.76,0,-3.669,0,0.045,0.0797,0.0,0.299,0.41,99.945,200787,4
2024-05-07 21:57,Imagine Dragons,Battle Cry,273640,imagine dragons - battle cry,201286,Imagine Dragons,Battle Cry,3KgIZWuC7JJOgkcGeAWbZg,55,2015,rock,0.358,0.909,0,-6.856,0,0.0949,0.0429,0.00468,0.138,0.0419,129.945,273640,4
2024-05-07 22:01,ZAYN,I Don’t Wanna Live Forever (Fifty Shades Darker),247160,zayn - i don’t wanna live forever (fifty shades darker),264785,ZAYN,I Don’t Wanna Live Forever (Fifty Shades Darker),55n9yjI6qqXh5F2mYvUc2y,77,2017,dance,0.731,0.445,0,-8.418,1,0.0533,0.0586,1.96e-05,0.14,0.106,117.97,247160,4
2024-05-07 22:05,Ruth B.,Lost Boy,276066,ruth b. - lost boy,197564,Ruth B.,Lost Boy,4h0zU3O9R5xzuTmNO7dNDU,70,2015,pop,0.71,0.0565,7,-15.099,1,0.0534,0.965,0.0,0.0889,0.348,123.994,275280,4
2024-05-07 22:09,MARINA,Purge The Poison,196573,marina - purge the poison,488200,MARINA,Purge The Poison,52qzyjT2pC3eh5xKN6zxIk,55,2021,dance,0.581,0.822,0,-5.082,1,0.0591,0.0519,0.0,0.08,0.544,139.98,196573,4
2024-05-07 22:12,Miley Cyrus,Party In The U.S.A.,202066,miley cyrus - party in the u.s.a.,1309411,Miley Cyrus,Party In The U.S.A.,5Q0Nhxo0l2bP3pNjpGJwV1,75,2009,pop,0.652,0.698,10,-4.667,0,0.042,0.00112,0.000115,0.0886,0.47,96.021,202067,4
2024-05-07 22:16,grandson,Blood // Water,216720,grandson - blood // water,311046,grandson,Blood // Water,7clyJIrLkEbXUDwj1tC9zz,67,2018,alt-rock,0.504,0.891,6,-5.632,0,0.137,0.00163,0.00199,0.148,0.628,153.988,214520,4
2024-05-07 22:23,P!nk,Just Give Me a Reason (feat. Nate Ruess),242733,p!nk - just give me a reason (feat. nate ruess),12111,P!nk,Just Give Me a Reason (feat. Nate Ruess),1mKXFLRA179hdOWQBwUk9e,80,2012,dance,0.778,0.547,2,-7.273,1,0.0489,0.346,0.000302,0.132,0.441,95.002,242733,4
2024-05-07 22:35,Rachel Platten,Fight Song,122856,rachel platten - fight song,224464,Rachel Platten,Fight Song,37f4ITSlgPX81ad2EvmVQr,75,2016,dance,0.564,0.714,7,-4.987,1,0.129,0.0549,0.0,0.155,0.33,175.924,204013,4
2024-05-07 22:58,Marshmello,Silence,23,marshmello - silence,264769,Marshmello,Silence,7vGuf3Y35N4wmASOKLUVVU,79,2017,dance,0.52,0.761,4,-3.093,1,0.0853,0.256,4.96e-06,0.17,0.286,141.971,180823,4
2024-05-07 22:58,Rachel Platten,Fight Song,1000,rachel platten - fight song,224464,Rachel Platten,Fight Song,37f4ITSlgPX81ad2EvmVQr,75,2016,dance,0.564,0.714,7,-4.987,1,0.129,0.0549,0.0,0.155,0.33,175.924,204013,4
2024-05-07 22:58,Owl City,Good Time,1000,owl city - good time,33751,Owl City,Good Time,1kPpge9JDLpcj15qgrPbYX,76,2012,indie-pop,0.56,0.872,3,-4.269,1,0.14,0.0239,6.98e-06,0.371,0.682,126.05,205933,4
2024-05-07 23:07,Ruelle,Carry You,268906,ruelle - carry you,327830,Ruelle,Carry You,3qeTDINIdJjblabgluS5rK,56,2018,electro,0.441,0.341,7,-7.369,1,0.0247,0.835,3.56e-06,0.107,0.138,78.09,268906,4
2024-05-07 23:09,Harry Styles,As It Was,167303,harry styles - as it was,569192,Harry Styles,As It Was,4LRPiXqCikLlN15c3yImP7,90,2022,pop,0.52,0.731,6,-5.338,0,0.0557,0.342,0.00101,0.311,0.662,173.93,167303,4
2024-05-07 23:14,Ed Sheeran,The A Team,258373,ed sheeran - the a team,1450835,Ed Sheeran,The A Team,1VdZ0vKfR5jneCmWIUAMxK,73,2011,pop,0.642,0.289,9,-9.918,1,0.0367,0.669,0.0,0.18,0.407,84.996,258373,4
2024-05-07 23:21,Sam Smith,I'm Not The Only One,239316,sam smith - i'm not the only one,146770,Sam Smith,I'm Not The Only One,7795WJLVKJoAyVoOtCWqXN,84,2014,pop,0.677,0.485,5,-5.795,1,0.0361,0.529,2.04e-05,0.0766,0.493,82.001,239317,4
2024-05-07 23:25,Zara Larsson,Never Forget You,213427,zara larsson - never forget you,264802,Zara Larsson,Never Forget You,6hmhG1b4LEyNuashVvuIAo,71,2017,dance,0.583,0.732,11,-5.728,0,0.0457,0.00312,9.86e-06,0.269,0.276,145.992,213428,4
2024-05-07 23:28,Avicii,The Nights,176658,avicii - the nights,119670,Avicii,The Nights,0ct6r3EGTcMLPtrXHDvVjc,84,2014,dance,0.527,0.835,6,-5.298,1,0.0433,0.0166,0.0,0.249,0.654,125.983,176658,4
2024-05-07 23:31,Bruno Mars,Just the Way You Are,220734,bruno mars - just the way you are,591101,Bruno Mars,Just the Way You Are,2uTzJos5w3howwTbXmoxTD,1,2023,dance,0.635,0.843,5,-5.413,1,0.0432,0.0151,0.0,0.0876,0.434,109.014,220733,4
2024-05-07 23:47,Thirty Seconds To Mars,This Is War,80013,thirty seconds to mars - this is war,1315921,Thirty Seconds To Mars,This Is War,2D52zjCyqEIQa221lhw6uk,64,2009,rock,0.402,0.723,6,-5.26,1,0.0579,0.0663,2e-06,0.233,0.224,160.047,326983,4
2024-05-08 01:54,Stephen Sanchez,Until I Found You (with Em Beihold) - Em Beihold Version,176440,stephen sanchez - until i found you (with em beihold) - em beihold version,569194,Stephen Sanchez,Until I Found You (with Em Beihold) - Em Beihold Version,1Y3LN4zO1Edc2EluIoSPJN,91,2022,pop,0.551,0.55,10,-5.339,1,0.0286,0.777,0.0,0.202,0.342,101.19,176440,3
2024-05-08 01:58,Billie Eilish,Oxytocin,210232,billie eilish - oxytocin,494178,Billie Eilish,Oxytocin,4t2OeILB07eMGTXSUbMPEu,68,2021,electro,0.757,0.598,11,-7.777,1,0.058,0.0904,0.551,0.15,0.18,124.951,210233,4
2024-05-08 02:02,Lana Del Rey,Young And Beautiful,236053,lana del rey - young and beautiful,93567,Lana Del Rey,Young And Beautiful,2nMeu6UenVvwUktBCpLMK9,81,2013,pop,0.324,0.416,11,-8.92,0,0.0368,0.262,3.69e-05,0.11,0.151,113.986,236053,4
2024-05-08 02:06,RAYE,Escapism.,272373,raye - escapism.,541578,RAYE,Escapism.,5Z2MiIZ5I3jJvvmeWMLbOQ,90,2022,dance,0.538,0.742,2,-5.355,1,0.114,0.138,4.67e-05,0.0934,0.25,96.107,272373,4
2024-05-08 02:09,Bryce Fox,Golden Boy,168555,bryce fox - golden boy,479236,Bryce Fox,Golden Boy,6PQkriCkh2BjZGeK7qTC0q,33,2021,alt-rock,0.694,0.78,9,-6.844,1,0.0728,0.00184,0.0,0.222,0.621,130.058,168555,4
2024-05-08 02:14,Lana Del Rey,Summertime Sadness,264773,lana del rey - summertime sadness,40349,Lana Del Rey,Summertime Sadness,1Ist6PR2BZR3n2z2Y5R6S1,73,2012,pop,0.566,0.647,1,-6.815,0,0.0335,0.0477,0.0,0.121,0.22,111.96,264773,4
2024-05-08 02:21,Vance Joy,Riptide,204280,vance joy - riptide,74623,Vance Joy,Riptide,423RKXolCbgBbkF8WanOwA,44,2013,folk,0.484,0.731,1,-6.694,1,0.0379,0.431,0.0,0.151,0.51,101.654,204280,4
2024-05-08 02:24,Ariana Grande,7 rings,178626,ariana grande - 7 rings,321235,Ariana Grande,7 rings,0nox76VxGYPIIIP7yr5I6o,51,2018,dance,0.78,0.321,1,-10.747,0,0.371,0.559,0.0,0.0881,0.316,139.961,178627,4
2024-05-08 02:27,Twenty One Pilots,Ride,214506,twenty one pilots - ride,201247,Twenty One Pilots,Ride,2Z8WuEywRWYTKe1NybPQEW,80,2015,rock,0.645,0.713,6,-5.355,1,0.0393,0.00835,0.0,0.113,0.566,74.989,214507,4
2024-05-08 02:30,Maroon 5,Memories,189486,maroon 5 - memories,515583,Maroon 5,Memories,4cktbXiXOapiLBMprHFErI,84,2021,pop,0.775,0.327,11,-7.241,1,0.0557,0.841,0.0,0.0821,0.595,91.05,189486,4
2024-05-08 02:44,Sean Paul,No Lie,176963,sean paul - no lie,224694,Sean Paul,No Lie,1Vb4HQnN2kZ5Y2KgYF5TDV,57,2016,dance,0.742,0.882,7,-2.862,1,0.117,0.0466,0.0,0.206,0.463,102.04,221176,4
2024-05-08 21:59,BLACKPINK,How You Like That,775,blackpink - how you like that,456850,BLACKPINK,How You Like That,4SFknyjLcyTLJFPKD2m96o,75,2020,k-pop,0.812,0.761,11,-5.222,1,0.0812,0.0465,0.000135,0.0601,0.344,130.032,182956,4
2024-05-08 21:59,The Weeknd,Save Your Tears (with Ariana Grande) (Remix),780,the weeknd - save your tears (with ariana grande) (remix),515589,The Weeknd,Save Your Tears (with Ariana Grande) (Remix),37BZB0z9T8Xu7U3e65qxFy,81,2021,pop,0.65,0.825,0,-4.645,1,0.0325,0.0215,2.44e-05,0.0936,0.593,118.091,191014,4
2024-05-08 21:59,Troye Sivan,Strawberries & Cigarettes,1032,troye sivan - strawberries & cigarettes,321050,Troye Sivan,Strawberries & Cigarettes,3afkJSKX0EAMsJXTZnDXXJ,78,2018,dance,0.578,0.537,9,-8.676,1,0.0832,0.162,0.0,0.076,0.25,83.909,201539,4
2024-05-08 21:59,Ed Sheeran,Photograph,1486,ed sheeran - photograph,93580,Ed Sheeran,Photograph,6fxVffaTuwjgEk5h9QyRjy,64,2013,pop,0.614,0.379,4,-10.48,1,0.0476,0.607,0.000464,0.0986,0.201,107.989,258987,4
2024-05-08 21:59,Anuv Jain,Riha,1020,anuv jain - riha,398195,Anuv Jain,Riha,6Ln89sczgIcAJXGAIdS94R,58,2019,indian,0.389,0.148,3,-11.011,1,0.03,0.897,0.0,0.114,0.4,142.611,287324,4
2024-05-08 21:59,Stephen Sanchez,Until I Found You,950,stephen sanchez - until i found you,515573,Stephen Sanchez,Until I Found You,0T5iIrXA4p5GsubkhuBIKV,85,2021,pop,0.539,0.508,10,-6.05,1,0.0288,0.727,0.0,0.174,0.227,101.358,177720,3
2024-05-08 22:04,Anuv Jain,Riha,287312,anuv jain - riha,398195,Anuv Jain,Riha,6Ln89sczgIcAJXGAIdS94R,58,2019,indian,0.389,0.148,3,-11.011,1,0.03,0.897,0.0,0.114,0.4,142.611,287324,4
2024-05-08 22:08,Troye Sivan,TALK ME DOWN,237464,troye sivan - talk me down,197776,Troye Sivan,TALK ME DOWN,0nRuVPZx2iA3KWR4xSzryl,48,2015,pop,0.362,0.781,6,-6.803,1,0.0741,0.151,0.000197,0.125,0.354,173.688,237464,4
2024-05-08 22:15,Beach Bunny,Cloud 9,147350,beach bunny - cloud 9,454750,Beach Bunny,Cloud 9,6vFsBXYczYsP0H3lgunZOm,74,2020,indie-pop,0.637,0.929,4,-3.593,1,0.0491,0.00167,2.62e-05,0.344,0.902,80.974,147351,4
2024-05-08 22:18,Imagine Dragons,Warriors,171333,imagine dragons - warriors,201249,Imagine Dragons,Warriors,1lgN0A2Vki2FTON5PYq42m,67,2015,rock,0.365,0.851,4,-6.238,0,0.065,0.0964,0.003,0.238,0.309,78.068,170067,4
2024-05-08 22:22,Olivia Rodrigo,deja vu,215506,olivia rodrigo - deja vu,515572,Olivia Rodrigo,deja vu,6HU7h9RYOaPRFeh0R3UeAr,83,2021,pop,0.442,0.612,2,-7.222,1,0.112,0.584,5.7e-06,0.37,0.178,180.917,215507,4
2024-05-08 22:33,Taylor Swift,Delicate,43628,taylor swift - delicate,293475,Taylor Swift,Delicate,6NFyWDv5CjfwuzoCkw47Xf,78,2017,pop,0.75,0.404,9,-10.178,0,0.0682,0.216,0.000357,0.0911,0.0499,95.045,232253,4
2024-05-08 22:46,SPYAIR,イマジネーション,1728,spyair - イマジネーション,150221,SPYAIR,イマジネーション,1xc9r9pgQ3CG7iViKPf0cQ,55,2014,rock,0.481,0.938,1,-2.967,1,0.0593,0.00239,2.53e-05,0.118,0.589,101.922,179133,4
2024-05-08 22:46,Taylor Swift,Delicate,3520,taylor swift - delicate,293475,Taylor Swift,Delicate,6NFyWDv5CjfwuzoCkw47Xf,78,2017,pop,0.75,0.404,9,-10.178,0,0.0682,0.216,0.000357,0.0911,0.0499,95.045,232253,4
2024-05-08 22:46,The Weeknd,Can't Feel My Face,1660,the weeknd - can't feel my face,197519,The Weeknd,Can't Feel My Face,22VdIZQfgXJea34mQxlt81,81,2015,pop,0.705,0.769,9,-5.526,0,0.0425,0.113,0.0,0.105,0.583,107.949,213520,4
2024-05-08 22:49,The Weeknd,Can't Feel My Face,213520,the weeknd - can't feel my face,197519,The Weeknd,Can't Feel My Face,22VdIZQfgXJea34mQxlt81,81,2015,pop,0.705,0.769,9,-5.526,0,0.0425,0.113,0.0,0.105,0.583,107.949,213520,4
2024-05-08 22:53,Lauv,I Like Me Better,197436,lauv - i like me better,321018,Lauv,I Like Me Better,0EcQcdcbQeVJn9fknj44Be,80,2018,dance,0.753,0.505,9,-7.621,1,0.255,0.534,2.58e-06,0.104,0.419,91.972,197437,4
2024-05-09 03:23,Laufey,Falling Behind,173640,laufey - falling behind,577944,Laufey,Falling Behind,4KGGeE7RJsgLNZmnxGFlOj,63,2022,singer-songwriter,0.449,0.353,7,-12.986,1,0.0915,0.942,0.0786,0.109,0.55,165.888,173640,4
2024-05-09 03:30,Lana Del Rey,Young And Beautiful,236053,lana del rey - young and beautiful,93567,Lana Del Rey,Young And Beautiful,2nMeu6UenVvwUktBCpLMK9,81,2013,pop,0.324,0.416,11,-8.92,0,0.0368,0.262,3.69e-05,0.11,0.151,113.986,236053,4
2024-05-09 03:35,Lana Del Rey,Art Deco,295066,lana del rey - art deco,197562,Lana Del Rey,Art Deco,5jqNQZBwbZWQXPWfo0ygZF,72,2015,pop,0.282,0.464,11,-11.112,0,0.0533,0.544,0.215,0.111,0.0596,148.345,295067,5
2024-05-09 03:38,Troye Sivan,YOUTH,185194,troye sivan - youth,197565,Troye Sivan,YOUTH,1cOyWWUr3oXJIxY0AjJEx9,62,2015,pop,0.628,0.737,7,-4.437,1,0.041,0.0625,0.0,0.0777,0.592,91.507,185194,4
2024-05-09 03:46,Troye Sivan,WILD,227871,troye sivan - wild,197742,Troye Sivan,WILD,2HWWsTZxnLSUdFZ4gjsP5N,49,2015,pop,0.581,0.725,0,-5.349,0,0.0592,0.0235,0.0,0.304,0.394,89.989,227872,4
2024-05-09 03:59,Troye Sivan,Lucky Strike,145820,troye sivan - lucky strike,321352,Troye Sivan,Lucky Strike,4RoArPM0AsuW3h8hW8xtnr,55,2018,dance,0.612,0.694,2,-7.363,1,0.0514,0.579,0.0,0.0914,0.564,103.031,208967,4
2024-05-13 04:01,Pritam,Tujhe Sochta Hoon,6157,pritam - tujhe sochta hoon,32882,Pritam,Tujhe Sochta Hoon,47l2Dd3XPBLio3kjbEMyDJ,59,2012,indian,0.579,0.712,0,-6.119,0,0.0308,0.259,0.000253,0.18,0.486,80.998,313933,4
2024-05-13 04:02,Vishal-Shekhar,Bahara,13256,vishal-shekhar - bahara,1380984,Vishal-Shekhar,Bahara,1gwO79MdYdumgIjxq8eCxB,62,2010,pop,0.595,0.739,5,-6.733,1,0.0359,0.0716,6.98e-06,0.134,0.722,87.834,325707,4
2024-05-13 04:02,Atif Aslam,O Saathi,13317,atif aslam - o saathi,350430,Atif Aslam,O Saathi,6fScgF2Y63ScU73nYju0ny,69,2018,pop-film,0.481,0.496,8,-7.421,1,0.0262,0.588,0.0,0.132,0.453,89.839,251819,4
2024-05-13 04:03,Atif Aslam,"Darasal (From ""Raabta"")",34589,"atif aslam - darasal (from ""raabta"")",293781,Atif Aslam,"Darasal (From ""Raabta"")",3phw912iJRhtMfsdJ1k3Sr,63,2017,pop-film,0.705,0.422,0,-7.375,1,0.0299,0.793,0.0,0.0895,0.482,117.948,274354,4
2024-05-13 04:03,Shreya Ghoshal,Saathiyaa,8056,shreya ghoshal - saathiyaa,1451741,Shreya Ghoshal,Saathiyaa,1sNCUR5bUvFSQVDYEvsHCU,58,2011,pop-film,0.548,0.733,2,-6.634,1,0.0654,0.574,5.29e-06,0.182,0.574,86.96,310925,4
2024-05-13 04:04,Ankit Tiwari,Tu Hai Ki Nahi,7729,ankit tiwari - tu hai ki nahi,197901,Ankit Tiwari,Tu Hai Ki Nahi,4brSaQIT3bnnE41D042fgL,63,2015,pop-film,0.535,0.754,10,-4.77,0,0.0562,0.458,1.6e-06,0.302,0.435,143.862,333922,4
2024-05-13 04:05,Sachin-Jigar,Gulabi,8562,sachin-jigar - gulabi,93815,Sachin-Jigar,Gulabi,22kRCQPyNXWZSQEcDvCmGD,61,2013,pop-film,0.673,0.663,4,-10.026,1,0.0446,0.0648,1.79e-05,0.117,0.678,124.002,230661,4
2024-05-13 04:05,Sona Mohapatra,Naina,16216,sona mohapatra - naina,147006,Sona Mohapatra,Naina,3SHopOL3KEJ8PFl3vJdfmF,64,2014,pop-film,0.495,0.556,3,-7.49,1,0.041,0.638,0.0,0.123,0.366,159.996,225569,4
2024-05-13 04:05,Amaal Mallik,Main Rahoon Ya Na Rahoon,12930,amaal mallik - main rahoon ya na rahoon,197894,Amaal Mallik,Main Rahoon Ya Na Rahoon,6f3ANRNQ8nCiPZ6VqXqq93,68,2015,pop-film,0.55,0.488,6,-8.059,1,0.0284,0.718,0.000118,0.126,0.301,136.025,309458,3
2024-05-13 04:07,Atif Aslam,Dekhte Dekhte,31154,atif aslam - dekhte dekhte,351176,Atif Aslam,Dekhte Dekhte,1e8IyDhUjs6jB0nV5V0llU,10,2018,pop-film,0.799,0.828,9,-4.846,0,0.0782,0.424,0.0,0.145,0.627,105.04,256271,4
2024-05-13 04:07,Shafqat Amanat Ali,Darmiyaan,8919,shafqat amanat ali - darmiyaan,40644,Shafqat Amanat Ali,Darmiyaan,163jamCc6vC1HQKpbu2jxC,64,2012,pop-film,0.569,0.45,7,-9.732,1,0.03,0.671,0.000334,0.0907,0.423,143.847,353501,4
2024-05-13 04:08,Mithoon,"Humnava (From ""Hamari Adhuri Kahani"")",10166,"mithoon - humnava (from ""hamari adhuri kahani"")",197935,Mithoon,"Humnava (From ""Hamari Adhuri Kahani"")",4wqyrrwu6HCZWqdbOx53JX,49,2015,pop-film,0.341,0.478,4,-7.201,0,0.041,0.781,2.07e-05,0.147,0.276,199.435,328854,4
2024-05-13 04:08,Atif Aslam,Be Intehaan,7058,atif aslam - be intehaan,40638,Atif Aslam,Be Intehaan,6g0HHWLJwfe2PlbgHi8pBj,62,2012,pop-film,0.56,0.696,7,-5.583,1,0.0473,0.535,0.0,0.325,0.39,128.849,290867,4
2024-05-13 04:08,Pritam,Teri Jhuki Nazar,14528,pritam - teri jhuki nazar,86657,Pritam,Teri Jhuki Nazar,3beYHVCFKzbdNjJqjKeYpM,64,2013,indian,0.386,0.815,11,-3.395,1,0.0417,0.707,0.0,0.159,0.349,124.293,279187,4
2024-05-14 18:09,Melanie Martinez,Teacher's Pet,241893,melanie martinez - teacher's pet,384326,Melanie Martinez,Teacher's Pet,5o5akY9xnEk6lpMkD8RwD9,74,2019,electro,0.686,0.794,7,-6.136,0,0.0385,0.27,2.25e-05,0.125,0.532,140.952,241893,3
2024-05-14 18:12,Nessa Barrett,dying on the inside,204847,nessa barrett - dying on the inside,547759,Nessa Barrett,dying on the inside,6h1s7cKnUtsbRpE5bwnUTf,63,2022,electro,0.539,0.587,0,-4.603,0,0.0371,0.000527,0.0,0.171,0.429,124.849,204848,1
2024-05-14 18:20,Olivia Rodrigo,brutal,143746,olivia rodrigo - brutal,515588,Olivia Rodrigo,brutal,6SRsiMl7w1USE4mFqrOhHC,77,2021,pop,0.672,0.526,4,-6.446,1,0.0599,0.0311,1.37e-06,0.28,0.28,123.999,143747,4
2024-05-14 18:27,Billie Eilish,watch,177523,billie eilish - watch,271631,Billie Eilish,watch,7eB1V5LvAdxCc7brfGhRRo,77,2017,electro,0.441,0.599,0,-8.985,1,0.225,0.333,0.00198,0.103,0.35,165.212,177523,4
2024-05-14 18:29,Beach Bunny,Cloud 9,147350,beach bunny - cloud 9,454750,Beach Bunny,Cloud 9,6vFsBXYczYsP0H3lgunZOm,74,2020,indie-pop,0.637,0.929,4,-3.593,1,0.0491,0.00167,2.62e-05,0.344,0.902,80.974,147351,4
2024-05-14 18:37,Olivia Rodrigo,good 4 u,178146,olivia rodrigo - good 4 u,515567,Olivia Rodrigo,good 4 u,4ZtFanR9U6ndgddUvNcjcG,84,2021,pop,0.563,0.664,9,-5.044,1,0.154,0.335,0.0,0.0849,0.688,166.928,178147,4
2024-05-14 18:44,Billie Eilish,Bored,180933,billie eilish - bored,271629,Billie Eilish,Bored,04sN26COy28wTXYj3dMoiZ,82,2017,electro,0.614,0.318,7,-12.695,1,0.0478,0.896,0.00239,0.0795,0.112,119.959,180933,4
2024-05-14 19:00,Billie Eilish,ocean eyes,200560,billie eilish - ocean eyes,231075,Billie Eilish,ocean eyes,2uIX8YMNjGMD7441kqyyNU,67,2016,electro,0.475,0.37,4,-7.725,0,0.0361,0.819,0.0577,0.0841,0.157,144.828,200560,4
2024-05-14 19:03,Conan Gray,Maniac,185773,conan gray - maniac,462007,Conan Gray,Maniac,6KfoDhO4XUWSbnyKjNp9c4,77,2020,pop,0.628,0.639,8,-5.46,1,0.0435,0.00162,0.0,0.354,0.493,108.045,185773,4
2024-05-14 19:07,Beach Bunny,Prom Queen,136562,beach bunny - prom queen,342780,Beach Bunny,Prom Queen,6MpCaSIOfqBqbMED4kXgNY,77,2018,indie-pop,0.528,0.797,4,-7.487,1,0.0485,0.000391,0.011,0.14,0.751,143.785,136562,4
2024-05-14 19:11,Olivia Rodrigo,deja vu,215506,olivia rodrigo - deja vu,515572,Olivia Rodrigo,deja vu,6HU7h9RYOaPRFeh0R3UeAr,83,2021,pop,0.442,0.612,2,-7.222,1,0.112,0.584,5.7e-06,0.37,0.178,180.917,215507,4
2024-05-14 19:17,MARINA,Oh No!,182586,marina - oh no!,1343525,MARINA,Oh No!,4sNwdacKyi2S26WrRtNama,70,2010,dance,0.77,0.896,0,-3.971,1,0.039,0.0539,0.0,0.243,0.964,126.999,182587,4
2024-05-14 19:20,Conan Gray,The Exit,221054,conan gray - the exit,569274,Conan Gray,The Exit,6PDWMQJ55ZYrGrSx3EZzl4,72,2022,pop,0.58,0.416,0,-9.591,1,0.0291,0.608,0.0,0.0883,0.453,82.015,221054,4
2024-05-14 19:23,Djo,End of Beginning,159245,djo - end of beginning,569335,Djo,End of Beginning,3qhlB30KknSejmIvZZLjOD,66,2022,pop,0.689,0.454,2,-7.643,1,0.0584,0.0351,0.00259,0.0707,0.912,159.982,159246,4
2024-05-14 19:33,MARINA,Bubblegum Bitch,154666,marina - bubblegum bitch,12117,MARINA,Bubblegum Bitch,6IbnUaczZBT34DhaD6S18F,76,2012,dance,0.495,0.856,0,-5.123,0,0.0311,0.000219,0.0,0.103,0.609,158.024,154667,4
2024-05-14 19:36,Conan Gray,Wish You Were Sober,168880,conan gray - wish you were sober,462038,Conan Gray,Wish You Were Sober,0kn2gu8Pd03DiYHzRvX2Xk,73,2020,pop,0.701,0.728,2,-5.226,1,0.0468,0.0178,0.0,0.17,0.696,91.071,168880,4
2024-05-14 19:39,Wallows,Are You Bored Yet? (feat. Clairo),178000,wallows - are you bored yet? (feat. clairo),399066,Wallows,Are You Bored Yet? (feat. Clairo),57RA3JGafJm5zRtKJiKPIm,77,2019,indie-pop,0.682,0.683,8,-6.444,0,0.0287,0.156,2.32e-05,0.273,0.64,120.023,178000,4
2024-05-14 19:43,Lana Del Rey,Young And Beautiful,236053,lana del rey - young and beautiful,93567,Lana Del Rey,Young And Beautiful,2nMeu6UenVvwUktBCpLMK9,81,2013,pop,0.324,0.416,11,-8.92,0,0.0368,0.262,3.69e-05,0.11,0.151,113.986,236053,4
2024-05-14 19:51,Sabrina Carpenter,Feather,185552,sabrina carpenter - feather,591140,Sabrina Carpenter,Feather,2Zo1PcszsT9WQ0ANntJbID,67,2023,dance,0.787,0.686,6,-4.37,0,0.0339,0.0893,0.0,0.0927,0.836,123.51,185553,4
2024-05-14 19:54,Conan Gray,People Watching,158536,conan gray - people watching,515647,Conan Gray,People Watching,4JeOesjcWWlprTAvucDSJX,67,2021,pop,0.53,0.593,5,-7.286,1,0.0545,0.385,0.0,0.314,0.538,125.723,158537,4
2024-05-14 19:58,New West,Those Eyes,220750,new west - those eyes,399063,New West,Those Eyes,50x1Ic8CaXkYNvjmxe3WXy,87,2019,indie-pop,0.593,0.352,4,-8.296,1,0.0284,0.695,2.22e-05,0.3,0.226,119.988,220750,3
2024-05-14 20:02,Lana Del Rey,West Coast,256760,lana del rey - west coast,146772,Lana Del Rey,West Coast,5Y6nVaayzitvsD5F7nr3DV,81,2014,pop,0.527,0.591,6,-7.664,0,0.0396,0.194,0.0194,0.0907,0.461,123.167,256760,4
2024-05-14 20:05,Olivia Rodrigo,"jealousy, jealousy",173160,"olivia rodrigo - jealousy, jealousy",515579,Olivia Rodrigo,"jealousy, jealousy",0MMyJUC3WNnFS1lit5pTjk,80,2021,pop,0.695,0.575,10,-6.334,0,0.116,0.198,0.0,0.0614,0.699,163.929,173160,4
2024-05-14 20:10,Billie Eilish,TV,281380,billie eilish - tv,569199,Billie Eilish,TV,3GYlZ7tbxLOxe6ewMNVTkw,84,2022,pop,0.412,0.236,4,-15.159,0,0.0379,0.83,0.00653,0.147,0.119,140.214,281381,4
2024-05-14 20:13,Sabrina Carpenter,Looking at Me,181120,sabrina carpenter - looking at me,377696,Sabrina Carpenter,Looking at Me,59tskctgqUmjCWAwhzYAFm,71,2019,dance,0.681,0.798,2,-4.367,1,0.0375,0.00398,5.11e-06,0.0542,0.516,105.99,181120,4
2024-05-14 20:16,Conan Gray,Heather,198040,conan gray - heather,461994,Conan Gray,Heather,4xqrdfXkTW4T0RauPLv3WA,85,2020,pop,0.357,0.425,5,-7.301,1,0.0333,0.584,0.0,0.322,0.27,102.078,198040,3
2024-05-14 20:18,Dove Cameron,Breakfast,148470,dove cameron - breakfast,569268,Dove Cameron,Breakfast,6GUiIbJ834FcHewby3PwV0,73,2022,pop,0.64,0.553,2,-6.42,0,0.0411,0.0579,0.0,0.0914,0.486,81.992,148471,4
2024-05-14 20:30,Billie Eilish,listen before i go,242652,billie eilish - listen before i go,406393,Billie Eilish,listen before i go,0tMSssfxAL2oV8Vri0mFHE,75,2019,pop,0.319,0.0561,0,-23.023,1,0.045,0.935,0.00384,0.388,0.082,79.764,242652,3
2024-05-14 20:38,Clairo,Sofia,188386,clairo - sofia,399069,Clairo,Sofia,7B3z0ySL9Rr0XvZEAjWZzM,78,2019,indie-pop,0.744,0.619,0,-9.805,1,0.039,0.598,0.00372,0.231,0.641,112.997,188387,4
2024-05-14 20:41,Olivia Rodrigo,enough for you,202826,olivia rodrigo - enough for you,515599,Olivia Rodrigo,enough for you,2TOzTqQXNmR2zDJXihjZ2e,75,2021,pop,0.638,0.259,7,-10.706,1,0.0898,0.753,0.0,0.219,0.269,88.485,202827,4
2024-05-14 20:44,Dove Cameron,Boyfriend,153000,dove cameron - boyfriend,569224,Dove Cameron,Boyfriend,59CfNbkERJ3NoTXDvoURjj,81,2022,pop,0.345,0.612,7,-6.543,0,0.0608,0.232,0.0,0.194,0.232,179.773,153000,3
2024-05-14 20:49,Billie Eilish,Happier Than Ever,298899,billie eilish - happier than ever,515571,Billie Eilish,Happier Than Ever,4RVwu0g32PAqgUiJoXsdF8,84,2021,pop,0.332,0.225,0,-8.697,1,0.0348,0.767,0.00349,0.128,0.297,81.055,298899,3
2024-05-14 20:52,Tate McRae,she's all i wanna be,207120,tate mcrae - she's all i wanna be,569304,Tate McRae,she's all i wanna be,7l9IqDtVWJurTvkQHq1BGh,72,2022,pop,0.602,0.626,2,-5.323,0,0.0396,0.0129,9.02e-06,0.144,0.619,160.118,207120,4
2024-05-14 20:57,Dominic Fike,Babydoll,97960,dominic fike - babydoll,350210,Dominic Fike,Babydoll,7yNf9YjeO5JXUE3JEBgnYc,74,2018,pop,0.762,0.604,7,-5.296,0,0.11,0.114,0.0,0.0271,0.847,168.007,97960,4
2024-05-14 21:01,Olivia Rodrigo,drivers license,242013,olivia rodrigo - drivers license,515574,Olivia Rodrigo,drivers license,5wANPM4fQCJwkGd4rN57mH,84,2021,pop,0.561,0.431,10,-8.81,1,0.0578,0.768,1.42e-05,0.106,0.137,143.875,242013,4
2024-05-14 21:07,Billie Eilish,Halley's Comet,234761,billie eilish - halley's comet,515613,Billie Eilish,Halley's Comet,5XsAal7ZcWg1I5T4NcRjkv,73,2021,pop,0.403,0.159,1,-16.728,0,0.104,0.961,0.0121,0.34,0.0381,72.38,234761,4
2024-05-14 21:10,Gracie Abrams,Mess It Up,171280,gracie abrams - mess it up,515689,Gracie Abrams,Mess It Up,0PLhwCmQ7cC3ThRGPn3HxF,68,2021,pop,0.765,0.582,0,-4.528,1,0.12,0.245,8.21e-05,0.154,0.36,132.992,171280,4
2024-05-14 21:26,Conan Gray,Family Line,216094,conan gray - family line,569244,Conan Gray,Family Line,0iNZGC211wst3VjtobNnC5,76,2022,pop,0.326,0.397,6,-8.145,1,0.0461,0.619,0.0,0.0979,0.276,153.713,216095,3
2024-05-14 21:27,Zeph,could you love me while i hate myself,60333,zeph - could you love me while i hate myself,508529,Zeph,could you love me while i hate myself,7uo2L5FAja3pWIBa3HJVeC,74,2021,indie-pop,0.68,0.406,9,-11.313,1,0.0414,0.782,0.00019,0.11,0.551,119.901,60333,4
2024-05-14 21:30,Gracie Abrams,"I miss you, I’m sorry",167538,"gracie abrams - i miss you, i’m sorry",462026,Gracie Abrams,"I miss you, I’m sorry",4nyF5lmSziBAt7ESAUjpbx,75,2020,pop,0.445,0.455,7,-6.405,1,0.0575,0.731,1.47e-06,0.124,0.151,109.885,167538,5
2024-05-14 21:42,beabadoobee,Glue Song,135066,beabadoobee - glue song,606469,beabadoobee,Glue Song,3iBgrkexCzVuPy4O9vx7Mf,82,2023,indie-pop,0.62,0.409,1,-10.146,1,0.0282,0.77,0.0542,0.105,0.582,113.946,135067,3
2024-05-14 21:44,Mitski,Washing Machine Heart,128198,mitski - washing machine heart,342776,Mitski,Washing Machine Heart,3jjsRKEsF42ccXf8kWR3nu,81,2018,indie-pop,0.613,0.822,9,-4.087,1,0.026,0.0092,0.506,0.429,0.567,105.997,128199,4
2024-05-14 21:48,Sabrina Carpenter,because i liked a boy,196458,sabrina carpenter - because i liked a boy,541617,Sabrina Carpenter,because i liked a boy,32FhTAAjKZaBein150o3Px,71,2022,dance,0.386,0.592,11,-7.299,1,0.374,0.363,0.0,0.117,0.161,146.879,196458,4
2024-05-14 21:52,Hozier,Work Song,229720,hozier - work song,146789,Hozier,Work Song,5TgEJ62DOzBpGxZ7WRsrqb,68,2014,pop,0.531,0.363,10,-7.672,1,0.0608,0.749,0.0,0.112,0.259,121.412,229720,4
2024-05-14 21:58,Lizzy McAlpine,ceilings,182887,lizzy mcalpine - ceilings,549416,Lizzy McAlpine,ceilings,2L9N0zZnd37dwF0clgxMGI,89,2022,folk,0.516,0.322,9,-11.762,1,0.0292,0.473,0.00194,0.215,0.261,148.005,182888,3
2024-05-14 22:16,Conan Gray,Memories,17307,conan gray - memories,569229,Conan Gray,Memories,5UXJzLFdBn6u9FJTCnoHrH,81,2022,pop,0.34,0.684,11,-6.306,1,0.044,0.00979,0.0,0.348,0.556,112.969,248819,4
2024-05-15 19:12,Conan Gray,Memories,231527,conan gray - memories,569229,Conan Gray,Memories,5UXJzLFdBn6u9FJTCnoHrH,81,2022,pop,0.34,0.684,11,-6.306,1,0.044,0.00979,0.0,0.348,0.556,112.969,248819,4
2024-05-16 02:53,Olivia Rodrigo,traitor,229226,olivia rodrigo - traitor,515570,Olivia Rodrigo,traitor,5CZ40GBx1sQ9agT82CLQCT,84,2021,pop,0.38,0.339,3,-7.885,1,0.0338,0.691,0.0,0.12,0.0849,100.607,229227,4
2024-05-16 02:55,SZA,Kill Bill,153946,sza - kill bill,569184,SZA,Kill Bill,1Qrg8KqiBpW07V7PNxwwwL,94,2022,pop,0.644,0.735,8,-5.747,1,0.0391,0.0521,0.144,0.161,0.418,88.98,153947,4
2024-05-16 02:58,Noah Kahan,Stick Season,182346,noah kahan - stick season,569217,Noah Kahan,Stick Season,0mflMxspEfB0VbI1kyLiAv,75,2022,pop,0.662,0.488,9,-6.894,1,0.0682,0.782,0.0,0.102,0.817,117.913,182347,4
2024-05-16 03:06,beabadoobee,the perfect pair,298054,beabadoobee - the perfect pair,561972,beabadoobee,the perfect pair,41P6Tnd8KIHqON0QIydx6a,78,2022,indie-pop,0.634,0.663,11,-6.818,1,0.0331,0.433,0.124,0.102,0.6,146.053,177533,4
2024-05-17 16:38,Lana Del Rey,Thunder,24640,lana del rey - thunder,515787,Lana Del Rey,Thunder,4y9vLiQ9mQb6XNEtc4K6ou,62,2021,pop,0.483,0.475,3,-8.442,1,0.0291,0.674,0.00167,0.115,0.237,73.862,259467,4
2024-05-17 18:48,Olivia Rodrigo,"All I Want - From ""High School Musical: The Musical: The Series""",1301,"olivia rodrigo - all i want - from ""high school musical: the musical: the series""",406403,Olivia Rodrigo,"All I Want - From ""High School Musical: The Musical: The Series""",4Yxc55NX3tAXC2mHRAhtcW,76,2019,pop,0.376,0.43,0,-6.585,0,0.0328,0.0902,0.0,0.0912,0.129,77.599,177323,3
2024-05-17 19:08,Lana Del Rey,Young And Beautiful,236053,lana del rey - young and beautiful,93567,Lana Del Rey,Young And Beautiful,2nMeu6UenVvwUktBCpLMK9,81,2013,pop,0.324,0.416,11,-8.92,0,0.0368,0.262,3.69e-05,0.11,0.151,113.986,236053,4
2024-05-19 20:53,Ajay-Atul,Abhi Mujh Mein Kahin,364786,ajay-atul - abhi mujh mein kahin,1451677,Ajay-Atul,Abhi Mujh Mein Kahin,73y649QhnXdcm6fRdvfraO,64,2011,pop,0.334,0.387,2,-9.483,1,0.0332,0.755,3.94e-05,0.113,0.42,129.959,364787,1
2024-05-19 21:02,Vishal Dadlani,Ik Junoon (Paint It Red),299119,vishal dadlani - ik junoon (paint it red),1451643,Vishal Dadlani,Ik Junoon (Paint It Red),7e6qTHVfRdaYsio90s1fHC,58,2011,pop,0.79,0.848,2,-7.798,1,0.0508,0.364,0.00147,0.148,0.641,127.034,299119,4
2024-05-19 21:08,Ajay-Atul,"Sapna Jahan (From ""Brothers"")",341780,"ajay-atul - sapna jahan (from ""brothers"")",197902,Ajay-Atul,"Sapna Jahan (From ""Brothers"")",6uQkoo1UGWThtEpNEYc6Ga,62,2015,pop-film,0.471,0.329,0,-11.958,0,0.0312,0.78,0.0021,0.117,0.144,126.107,341780,4
2024-05-19 21:33,Pritam,Teri Jhuki Nazar,279186,pritam - teri jhuki nazar,86657,Pritam,Teri Jhuki Nazar,3beYHVCFKzbdNjJqjKeYpM,64,2013,indian,0.386,0.815,11,-3.395,1,0.0417,0.707,0.0,0.159,0.349,124.293,279187,4
2024-05-19 21:40,Joi Barua,Dil Dhadakne Do,230318,joi barua - dil dhadakne do,1439779,Joi Barua,Dil Dhadakne Do,46elU7IBKWf55D5sjHGqO7,59,2011,indian,0.778,0.599,2,-4.758,1,0.032,0.0705,0.0,0.59,0.949,116.951,230319,4
2024-05-19 21:52,Ankit Tiwari,Tu Hai Ki Nahi,88917,ankit tiwari - tu hai ki nahi,197901,Ankit Tiwari,Tu Hai Ki Nahi,4brSaQIT3bnnE41D042fgL,63,2015,pop-film,0.535,0.754,10,-4.77,0,0.0562,0.458,1.6e-06,0.302,0.435,143.862,333922,4
2024-05-20 02:36,Arctic Monkeys,505,63471,arctic monkeys - 505,1145378,Arctic Monkeys,505,58ge6dfP91o9oXMzq3XkIS,80,2007,garage,0.52,0.852,0,-5.866,1,0.0543,0.00237,5.79e-05,0.0733,0.234,140.267,253587,4
2024-05-20 02:36,Arctic Monkeys,Why'd You Only Call Me When You're High?,10797,arctic monkeys - why'd you only call me when you're high?,77592,Arctic Monkeys,Why'd You Only Call Me When You're High?,086myS9r57YsLbJpU0TgK9,85,2013,garage,0.691,0.631,2,-6.478,1,0.0368,0.0483,1.13e-05,0.104,0.8,92.004,161124,4
2024-05-20 02:37,Arctic Monkeys,R U Mine?,23990,arctic monkeys - r u mine?,23776,Arctic Monkeys,R U Mine?,6XnNiyYTxhxuC0zpP22M7C,34,2012,garage,0.52,0.785,6,-4.765,0,0.0329,0.0468,0.0,0.698,0.679,96.996,200188,4
2024-05-20 02:39,Arctic Monkeys,I Wanna Be Yours,4315,arctic monkeys - i wanna be yours,77591,Arctic Monkeys,I Wanna Be Yours,5XeFesFbtLpXzIVDNQP22n,91,2013,garage,0.464,0.417,0,-9.345,0,0.0256,0.136,0.022,0.0974,0.479,67.528,183956,4
2024-05-20 02:57,Declan McKenna,Brazil,1280,declan mckenna - brazil,162937,Declan McKenna,Brazil,5ftdTvmQjjsL23t7jxADfI,61,2015,alt-rock,0.689,0.617,4,-5.196,1,0.029,0.0918,2.08e-05,0.0816,0.682,121.062,252307,4
2024-05-20 03:02,Arctic Monkeys,505,253586,arctic monkeys - 505,1145378,Arctic Monkeys,505,58ge6dfP91o9oXMzq3XkIS,80,2007,garage,0.52,0.852,0,-5.866,1,0.0543,0.00237,5.79e-05,0.0733,0.234,140.267,253587,4
2024-05-20 03:04,Arctic Monkeys,Why'd You Only Call Me When You're High?,161123,arctic monkeys - why'd you only call me when you're high?,77592,Arctic Monkeys,Why'd You Only Call Me When You're High?,086myS9r57YsLbJpU0TgK9,85,2013,garage,0.691,0.631,2,-6.478,1,0.0368,0.0483,1.13e-05,0.104,0.8,92.004,161124,4
2024-05-20 03:10,Melanie Martinez,Teacher's Pet,241893,melanie martinez - teacher's pet,384326,Melanie Martinez,Teacher's Pet,5o5akY9xnEk6lpMkD8RwD9,74,2019,electro,0.686,0.794,7,-6.136,0,0.0385,0.27,2.25e-05,0.125,0.532,140.952,241893,3
2024-05-20 03:21,Måneskin,I WANNA BE YOUR SLAVE,61235,måneskin - i wanna be your slave,508524,Måneskin,I WANNA BE YOUR SLAVE,4pt5fDVTg5GhEvEtlz9dKk,81,2021,indie-pop,0.75,0.608,1,-4.008,1,0.0387,0.00165,0.0,0.178,0.958,132.507,173347,4
2024-05-20 06:48,Måneskin,I WANNA BE YOUR SLAVE,958,måneskin - i wanna be your slave,508524,Måneskin,I WANNA BE YOUR SLAVE,4pt5fDVTg5GhEvEtlz9dKk,81,2021,indie-pop,0.75,0.608,1,-4.008,1,0.0387,0.00165,0.0,0.178,0.958,132.507,173347,4
2024-05-20 06:50,Melanie Martinez,Pacify Her,10367,melanie martinez - pacify her,175402,Melanie Martinez,Pacify Her,360Wr96ywrCQq4kTAJ8Pq6,77,2015,electro,0.576,0.593,9,-6.024,0,0.0306,0.0467,0.000767,0.237,0.373,157.993,220013,4
2024-05-20 06:50,Pritam,Kabira,2304,pritam - kabira,86645,Pritam,Kabira,4bD9z9qa4qg9BhryvYWB7c,74,2013,indian,0.59,0.555,2,-6.861,1,0.0271,0.481,0.0,0.192,0.191,84.027,223460,4
2024-05-20 06:50,Beach Bunny,Cloud 9,147350,beach bunny - cloud 9,454750,Beach Bunny,Cloud 9,6vFsBXYczYsP0H3lgunZOm,74,2020,indie-pop,0.637,0.929,4,-3.593,1,0.0491,0.00167,2.62e-05,0.344,0.902,80.974,147351,4
2024-05-20 06:56,Ankit Tiwari,Tu Hai Ki Nahi,333922,ankit tiwari - tu hai ki nahi,197901,Ankit Tiwari,Tu Hai Ki Nahi,4brSaQIT3bnnE41D042fgL,63,2015,pop-film,0.535,0.754,10,-4.77,0,0.0562,0.458,1.6e-06,0.302,0.435,143.862,333922,4
2024-05-20 07:00,Pritam,Kabira,223459,pritam - kabira,86645,Pritam,Kabira,4bD9z9qa4qg9BhryvYWB7c,74,2013,indian,0.59,0.555,2,-6.861,1,0.0271,0.481,0.0,0.192,0.191,84.027,223460,4
2024-05-20 07:03,Sachin-Jigar,Gulabi,230661,sachin-jigar - gulabi,93815,Sachin-Jigar,Gulabi,22kRCQPyNXWZSQEcDvCmGD,61,2013,pop-film,0.673,0.663,4,-10.026,1,0.0446,0.0648,1.79e-05,0.117,0.678,124.002,230661,4
2024-05-20 07:17,Vishal-Shekhar,Bahara,325706,vishal-shekhar - bahara,1380984,Vishal-Shekhar,Bahara,1gwO79MdYdumgIjxq8eCxB,62,2010,pop,0.595,0.739,5,-6.733,1,0.0359,0.0716,6.98e-06,0.134,0.722,87.834,325707,4
2024-05-20 07:38,Atif Aslam,Be Intehaan,290867,atif aslam - be intehaan,40638,Atif Aslam,Be Intehaan,6g0HHWLJwfe2PlbgHi8pBj,62,2012,pop-film,0.56,0.696,7,-5.583,1,0.0473,0.535,0.0,0.325,0.39,128.849,290867,4
2024-05-20 07:48,Anu Malik,Moh Moh Ke Dhaage (Female),322899,anu malik - moh moh ke dhaage (female),197898,Anu Malik,Moh Moh Ke Dhaage (Female),7uubRr0u9Zxc1Y84hEn7Xf,62,2015,pop-film,0.585,0.399,2,-8.133,1,0.0286,0.849,3.47e-06,0.123,0.349,128.03,322900,4
2024-05-20 08:01,Mithoon,"Darkhaast (feat. Arijit Singh, Sunidhi Chauhan)",374205,"mithoon - darkhaast (feat. arijit singh, sunidhi chauhan)",294468,Mithoon,"Darkhaast (feat. Arijit Singh, Sunidhi Chauhan)",5yJmQkLzqqgfVg9sYt3KVZ,16,2017,pop-film,0.523,0.557,7,-7.799,1,0.0293,0.813,0.000581,0.0958,0.196,111.766,374205,4
2024-05-20 08:09,Jatin-Lalit,Chand Sifarish,275931,jatin-lalit - chand sifarish,1097627,Jatin-Lalit,Chand Sifarish,5EYZZvmNAH5VZCwuzYJqoA,70,2006,pop,0.829,0.665,2,-8.128,1,0.0868,0.242,1.75e-05,0.123,0.861,122.043,275931,4
2024-05-20 08:19,Pritam,Tum Se Hi,321225,pritam - tum se hi,1156502,Pritam,Tum Se Hi,7eQl3Yqv35ioqUfveKHitE,75,2007,indian,0.609,0.538,6,-7.842,1,0.0273,0.328,0.0,0.125,0.608,130.015,321225,4
2024-05-20 22:35,Ritviz,Baaraat,222096,ritviz - baaraat,494038,Ritviz,Baaraat,0YLSjVxSb5FT1Bo8Tnxr8j,61,2021,edm,0.678,0.449,4,-9.379,0,0.0869,0.477,0.0,0.536,0.606,100.033,222096,4
2024-05-20 22:39,Pritam,Subhanallah,249707,pritam - subhanallah,86648,Pritam,Subhanallah,0GQngE2rOYvlKwEQjTAsP8,71,2013,indian,0.302,0.493,9,-5.038,1,0.0451,0.455,0.0,0.134,0.457,88.904,249707,4
2024-05-20 22:53,Pritam,Tum Mile,343786,pritam - tum mile,245097,Pritam,Tum Mile,67JjRNMOsAxl7jR2oKEk7z,14,2016,indian,0.738,0.798,0,-6.663,1,0.0334,0.32,5.15e-06,0.31,0.793,123.01,343787,4
2024-05-20 22:58,Shankar-Ehsaan-Loy,Tere Naina,278546,shankar-ehsaan-loy - tere naina,94523,Shankar-Ehsaan-Loy,Tere Naina,7GVSKFOw4k0ZGHL6L7t1vj,26,2013,pop-film,0.516,0.804,0,-5.059,1,0.0516,0.588,0.0,0.146,0.734,92.709,278587,4
2024-05-20 23:02,Pritam,Ilahi,228982,pritam - ilahi,86650,Pritam,Ilahi,5cgKosPPj5Cs9a2JQufUc1,66,2013,indian,0.593,0.967,9,-5.767,1,0.0907,0.166,2.54e-05,0.105,0.452,131.988,228982,4
2024-05-20 23:09,Shafqat Amanat Ali,Dildaara (Stand By Me),249660,shafqat amanat ali - dildaara (stand by me),1451438,Shafqat Amanat Ali,Dildaara (Stand By Me),6ZoCBDOB308GqUdt2AJrV2,66,2011,pop,0.622,0.779,9,-5.799,1,0.037,0.102,0.000934,0.145,0.761,100.013,249661,4
2024-05-20 23:24,Pritam,Mere Bina,289560,pritam - mere bina,245257,Pritam,Mere Bina,1pH522RcVb6LPI5KoaBwGB,8,2016,indian,0.511,0.767,2,-5.699,1,0.0524,0.651,0.0,0.153,0.463,79.923,289560,4
2024-05-20 23:28,Farhan Akhtar,Senorita,229575,farhan akhtar - senorita,1439777,Farhan Akhtar,Senorita,3TAhWtQnpoL5Vl9VQPl9fU,62,2011,indian,0.701,0.681,9,-6.442,1,0.0466,0.134,0.0,0.064,0.81,122.539,229576,4
2024-05-20 23:38,Sona Mohapatra,Ambarsariya,248182,sona mohapatra - ambarsariya,93732,Sona Mohapatra,Ambarsariya,4qRcjFkFqSpLBzcbLDt7HL,63,2013,pop,0.649,0.458,4,-7.632,0,0.0446,0.574,0.0,0.113,0.748,180.071,248182,4
2024-05-20 23:48,KK,Dil Kyun Yeh Mera,615386,kk - dil kyun yeh mera,1381275,KK,Dil Kyun Yeh Mera,5nHwX7e5XHnie22nuTFgda,60,2010,pop-film,0.486,0.382,6,-6.183,1,0.0286,0.613,8.56e-05,0.149,0.164,125.918,333200,3
2024-05-20 23:49,Gajendra Verma,Ik Kahani,60007,gajendra verma - ik kahani,293803,Gajendra Verma,Ik Kahani,4dd9gI8s5V4D3VjMK6L8a3,60,2017,pop-film,0.712,0.621,2,-6.374,1,0.0278,0.116,5.43e-06,0.142,0.779,101.981,205908,4
2024-05-21 17:04,Arctic Monkeys,505,253586,arctic monkeys - 505,1145378,Arctic Monkeys,505,58ge6dfP91o9oXMzq3XkIS,80,2007,garage,0.52,0.852,0,-5.866,1,0.0543,0.00237,5.79e-05,0.0733,0.234,140.267,253587,4
2024-05-21 17:10,Billie Eilish,Oxytocin,210232,billie eilish - oxytocin,494178,Billie Eilish,Oxytocin,4t2OeILB07eMGTXSUbMPEu,68,2021,electro,0.757,0.598,11,-7.777,1,0.058,0.0904,0.551,0.15,0.18,124.951,210233,4
2024-05-21 17:14,Ashe,Till Forever Falls Apart,222926,ashe - till forever falls apart,494167,Ashe,Till Forever Falls Apart,4x5YzxjrF9wvIIXJV7TveC,70,2021,electro,0.346,0.501,2,-6.939,1,0.0364,0.421,0.0,0.0657,0.299,99.855,222927,4
2024-05-21 17:32,Seafret,Atlantis,229173,seafret - atlantis,232723,Seafret,Atlantis,1Fid2jjqsHViMX6xNH70hE,85,2016,folk,0.4,0.479,8,-7.989,0,0.0308,0.0529,2.14e-06,0.115,0.213,166.159,229173,4
2024-05-21 17:35,Alec Benjamin,If We Have Each Other,181522,alec benjamin - if we have each other,327776,Alec Benjamin,If We Have Each Other,7pT6WSg4PCt4mr5ZFyUfsF,74,2018,electro,0.656,0.577,10,-5.566,0,0.0802,0.698,0.0,0.296,0.861,173.094,181522,4
2024-05-21 17:38,Sia,Unstoppable,217746,sia - unstoppable,224449,Sia,Unstoppable,1yvMUkIOTeUNtNWlWRgANS,81,2016,dance,0.468,0.779,9,-4.839,1,0.0779,0.112,0.000373,0.101,0.26,173.799,217747,4
2024-05-21 17:42,Billie Eilish,lovely (with Khalid),200185,billie eilish - lovely (with khalid),350203,Billie Eilish,lovely (with Khalid),0u2P5u6lvoDfwTYjAADbn4,87,2018,pop,0.351,0.296,4,-10.109,0,0.0333,0.934,0.0,0.095,0.12,115.284,200186,4
2024-05-21 17:45,Ariana Grande,7 rings,178626,ariana grande - 7 rings,321235,Ariana Grande,7 rings,0nox76VxGYPIIIP7yr5I6o,51,2018,dance,0.78,0.321,1,-10.747,0,0.371,0.559,0.0,0.0881,0.316,139.961,178627,4
2024-05-21 17:49,Tom Odell,Another Love,244360,tom odell - another love,7578,Tom Odell,Another Love,5FKnuwsKf7YFpmhA5Wnl0q,65,2012,chill,0.443,0.54,4,-8.536,0,0.04,0.697,1.04e-05,0.102,0.133,119.161,250973,4
2024-05-21 17:52,One Direction,What Makes You Beautiful,199986,one direction - what makes you beautiful,40346,One Direction,What Makes You Beautiful,4cluDES4hQEUhmXj6TXkSo,82,2012,pop,0.726,0.787,4,-2.494,1,0.0737,0.009,0.0,0.0596,0.888,124.99,199987,4
2024-05-21 17:58,Caroline Polachek,Sunset,162909,caroline polachek - sunset,547848,Caroline Polachek,Sunset,2eQ9B2SsQFU2qCnHSas3eQ,55,2022,electro,0.462,0.745,11,-5.356,0,0.0652,0.589,0.00015,0.288,0.648,122.051,163116,4
2024-05-21 18:01,Suki Waterhouse,Good Looking,214800,suki waterhouse - good looking,561974,Suki Waterhouse,Good Looking,0j3mqDTK4Z6lvrLzFCUUz6,78,2022,indie-pop,0.364,0.554,4,-9.076,1,0.0301,0.077,0.000297,0.125,0.257,150.079,214800,3
2024-05-21 18:04,Harry Styles,As It Was,167303,harry styles - as it was,569192,Harry Styles,As It Was,4LRPiXqCikLlN15c3yImP7,90,2022,pop,0.52,0.731,6,-5.338,0,0.0557,0.342,0.00101,0.311,0.662,173.93,167303,4
2024-05-21 18:10,Harry Styles,Sign of the Times,340706,harry styles - sign of the times,293474,Harry Styles,Sign of the Times,5Ohxk2dO5COHF1krpoPigN,83,2017,pop,0.516,0.595,5,-4.63,1,0.0313,0.0275,0.0,0.109,0.222,119.972,340707,4
2024-05-21 18:14,Foster The People,Pumped Up Kicks,239600,foster the people - pumped up kicks,1457398,Foster The People,Pumped Up Kicks,7w87IxuO7BDcJ3YUqCyMTT,81,2011,rock,0.733,0.71,5,-5.849,0,0.0292,0.145,0.115,0.0956,0.965,127.975,239600,4
2024-05-21 18:18,The Weeknd,Die For You,260253,the weeknd - die for you,612505,The Weeknd,Die For You,2D43Jia9ZFY5AtCjbRczKd,0,2023,pop,0.434,0.528,1,-7.152,0,0.0798,0.111,0.0,0.157,0.445,65.687,260256,4
2024-05-21 18:22,Eminem,Lucky You (feat. Joyner Lucas),244679,eminem - lucky you (feat. joyner lucas),340927,Eminem,Lucky You (feat. Joyner Lucas),60SdxE8apGAxMiRrpbmLY0,73,2018,hip-hop,0.876,0.786,10,-4.884,0,0.306,0.0627,0.0,0.127,0.575,153.068,244679,4
2024-05-21 18:26,One Direction,Drag Me Down,192120,one direction - drag me down,197544,One Direction,Drag Me Down,2K87XMYnUMqLcX3zvtAF4G,78,2015,pop,0.73,0.703,0,-5.672,0,0.0369,0.109,0.0,0.0657,0.595,138.113,192120,4
2024-05-21 18:29,Ruth B.,Dandelions,233720,ruth b. - dandelions,293465,Ruth B.,Dandelions,2eAvDnpXP5W0cVtiI0PUxV,87,2017,pop,0.609,0.692,1,-2.958,1,0.0259,0.0157,0.0,0.0864,0.454,116.959,233720,3
2024-05-21 18:33,ILLENIUM,Story Of My Life (feat. Trippie Redd),191124,illenium - story of my life (feat. trippie redd),487951,ILLENIUM,Story Of My Life (feat. Trippie Redd),1g7j5AxiNKTGjryhFIlAsA,63,2021,dance,0.521,0.892,3,-4.029,1,0.0433,0.0539,0.0,0.117,0.369,96.991,191124,4
2024-05-21 18:34,BTS,Life Goes On,100349,bts - life goes on,456852,BTS,Life Goes On,5FVbvttjEvQ8r2BgUcJgNg,76,2020,k-pop,0.566,0.716,1,-5.733,1,0.0424,0.00691,0.0,0.37,0.45,81.068,207481,4
2024-05-21 18:40,Shawn Mendes,There's Nothing Holdin' Me Back,199440,shawn mendes - there's nothing holdin' me back,264770,Shawn Mendes,There's Nothing Holdin' Me Back,7JJmb5XwzOO8jgpou264Ml,85,2017,dance,0.866,0.813,11,-4.063,0,0.0554,0.38,0.0,0.0779,0.969,121.998,199440,4
2024-05-21 18:43,Surf Curse,Freaks,147062,surf curse - freaks,508522,Surf Curse,Freaks,7EkWXAI1wn8Ii883ecd9xr,83,2021,indie-pop,0.345,0.941,9,-9.918,1,0.0466,3.84e-05,0.633,0.0511,0.407,179.626,147062,4
2024-05-21 18:50,Conan Gray,Family Line,216094,conan gray - family line,569244,Conan Gray,Family Line,0iNZGC211wst3VjtobNnC5,76,2022,pop,0.326,0.397,6,-8.145,1,0.0461,0.619,0.0,0.0979,0.276,153.713,216095,3
2024-05-21 18:54,The Weeknd,Call Out My Name,228373,the weeknd - call out my name,350201,The Weeknd,Call Out My Name,09mEdoA6zrmBPgTEN5qXmN,87,2018,pop,0.461,0.593,1,-4.954,1,0.0356,0.17,0.0,0.307,0.175,134.17,228373,3
2024-05-21 18:58,Katy Perry,The One That Got Away,227333,katy perry - the one that got away,12132,Katy Perry,The One That Got Away,3oL3XRtkP1WVbMxf7dtTdu,72,2012,dance,0.687,0.792,1,-4.023,0,0.0353,0.000802,0.0,0.2,0.864,133.962,227333,4
2024-05-21 19:01,girl in red,we fell in love in october,184153,girl in red - we fell in love in october,342777,girl in red,we fell in love in october,6IPwKM3fUUzlElbvKw2sKl,82,2018,indie-pop,0.566,0.366,7,-12.808,1,0.028,0.113,0.181,0.155,0.237,129.96,184154,4
2024-05-21 19:06,BTS,We are Bulletproof : the Eternal,261542,bts - we are bulletproof : the eternal,456885,BTS,We are Bulletproof : the Eternal,133ocfbXXG4HTk76qgSeUb,68,2020,k-pop,0.522,0.574,9,-5.225,0,0.0317,0.224,0.0,0.108,0.176,84.044,261543,4
2024-05-21 19:11,Em Beihold,Numb Little Bug,169237,em beihold - numb little bug,577934,Em Beihold,Numb Little Bug,3o9kpgkIcffx0iSwxhuNI2,74,2022,singer-songwriter,0.742,0.527,8,-6.892,0,0.0769,0.327,0.0,0.25,0.638,84.974,169238,4
2024-05-21 19:15,Kygo,Stargazing,236853,kygo - stargazing,264881,Kygo,Stargazing,0Zbbxnx4SGGHoIow4PpISP,65,2017,dance,0.677,0.497,5,-5.763,1,0.0809,0.152,0.0,0.0911,0.419,99.137,236853,4
2024-05-21 19:18,Taylor Swift,Style,231000,taylor swift - style,146766,Taylor Swift,Style,4lIxdJw6W3Fg4vUIYCB0S5,74,2014,pop,0.598,0.786,2,-5.572,1,0.0383,0.00253,0.0016,0.117,0.456,95.019,231000,4
2024-05-21 19:26,Rihanna,Umbrella,275986,rihanna - umbrella,1167483,Rihanna,Umbrella,2yPoXCs7BSIUrucMdK5PzV,72,2007,pop,0.583,0.829,1,-4.603,1,0.134,0.00864,0.0,0.0426,0.575,174.028,275987,4
2024-05-21 19:30,The Weeknd,The Hills,242253,the weeknd - the hills,197514,The Weeknd,The Hills,7fBv7CLKzipRk6EC6TWHOB,86,2015,pop,0.585,0.564,0,-7.063,0,0.0515,0.0671,0.0,0.135,0.137,113.003,242253,4
2024-05-21 19:32,Beach Bunny,Prom Queen,136562,beach bunny - prom queen,342780,Beach Bunny,Prom Queen,6MpCaSIOfqBqbMED4kXgNY,77,2018,indie-pop,0.528,0.797,4,-7.487,1,0.0485,0.000391,0.011,0.14,0.751,143.785,136562,4
2024-05-21 19:35,JNR CHOI,TO THE MOON,152137,jnr choi - to the moon,506801,Jnr Choi,TO THE MOON,5vUnjhBzRJJIAOJPde6zDx,72,2021,hip-hop,0.745,0.65,2,-11.814,1,0.346,0.0451,0.00758,0.111,0.386,144.047,152137,4
2024-05-21 19:39,Ruelle,War Of Hearts,226216,ruelle - war of hearts,175420,Ruelle,War Of Hearts,4R8BdwRidxAWaYyFNU00P1,69,2015,electro,0.479,0.781,9,-6.344,0,0.124,0.221,0.55,0.0964,0.258,147.961,226216,3
2024-05-21 19:42,Clairo,Sofia,188386,clairo - sofia,399069,Clairo,Sofia,7B3z0ySL9Rr0XvZEAjWZzM,78,2019,indie-pop,0.744,0.619,0,-9.805,1,0.039,0.598,0.00372,0.231,0.641,112.997,188387,4
2024-05-21 19:49,Maroon 5,This Love,206200,maroon 5 - this love,612607,Maroon 5,This Love,6e5E9huOS5acz5HJ53mgiW,1,2023,pop,0.712,0.868,5,-4.098,0,0.038,0.0606,0.0,0.0897,0.758,95.041,205747,4
2024-05-21 19:52,Ariana Grande,One Last Time,197266,ariana grande - one last time,119673,Ariana Grande,One Last Time,7xoUc6faLbCqZO6fQEYprd,81,2014,dance,0.628,0.593,8,-5.036,1,0.0323,0.093,1.65e-06,0.096,0.104,125.026,197267,4
2024-05-21 19:56,Sean Paul,Temperature,218573,sean paul - temperature,13070,Sean Paul,Temperature,2BDTYAe51lKG7w5XMCVeyg,20,2012,dancehall,0.951,0.6,0,-4.675,0,0.0686,0.106,0.0,0.0712,0.822,125.04,218573,4
2024-05-21 19:56,Sean Paul,Temperature,218573,sean paul - temperature,996291,Sean Paul,TEMPERATURE,6zSThntwhPtWU3my2y9I1F,39,2005,dance,0.86,0.625,0,-6.129,0,0.0528,0.105,5.01e-06,0.0844,0.841,125.015,219520,4
2024-05-21 19:59,Major Lazer,Lean On,176561,major lazer - lean on,174630,Major Lazer,Lean On,1Lim1Py7xBgbAkAys3AGAG,71,2015,edm,0.723,0.809,7,-3.081,0,0.0625,0.00346,0.00123,0.565,0.274,98.007,176561,4
2024-05-21 20:03,Taylor Swift,Don’t Blame Me,236413,taylor swift - don’t blame me,293464,Taylor Swift,Don’t Blame Me,1R0a2iXumgCiFb7HEZ7gUE,85,2017,pop,0.615,0.534,9,-6.719,0,0.0386,0.106,1.76e-05,0.0607,0.193,135.917,236413,4
2024-05-21 20:06,OneRepublic,Rich Love (with Seeb),201256,onerepublic - rich love (with seeb),292688,OneRepublic,Rich Love (with Seeb),7dOeiXeTSfA1ixaYmQcWu7,63,2017,piano,0.401,0.872,1,-3.641,0,0.314,0.167,0.0,0.362,0.472,104.592,201257,4
2024-05-21 20:10,Justin Bieber,Love Yourself,233720,justin bieber - love yourself,197526,Justin Bieber,Love Yourself,50kpGaPAhYJ3sGmk6vplg0,82,2015,pop,0.609,0.378,4,-9.828,1,0.438,0.835,0.0,0.28,0.515,100.418,233720,4
2024-05-21 20:14,ZAYN,I Don’t Wanna Live Forever (Fifty Shades Darker),247160,zayn - i don’t wanna live forever (fifty shades darker),264785,ZAYN,I Don’t Wanna Live Forever (Fifty Shades Darker),55n9yjI6qqXh5F2mYvUc2y,77,2017,dance,0.731,0.445,0,-8.418,1,0.0533,0.0586,1.96e-05,0.14,0.106,117.97,247160,4
2024-05-21 20:17,Drake,One Dance,173986,drake - one dance,243906,Drake,One Dance,1zi7xx7UVEFkmKfv06H8x0,84,2016,hip-hop,0.792,0.625,1,-5.609,1,0.0536,0.00776,0.0018,0.329,0.37,103.967,173987,4
2024-05-21 20:21,Twenty One Pilots,Jumpsuit,238560,twenty one pilots - jumpsuit,354051,Twenty One Pilots,Jumpsuit,1E1uGhNdBe6Dddbgs2KqtZ,65,2018,rock,0.62,0.61,11,-8.329,0,0.0373,0.00849,0.162,0.205,0.235,127.052,238560,4
2024-05-21 20:25,Sam Smith,I'm Not The Only One,239316,sam smith - i'm not the only one,146770,Sam Smith,I'm Not The Only One,7795WJLVKJoAyVoOtCWqXN,84,2014,pop,0.677,0.485,5,-5.795,1,0.0361,0.529,2.04e-05,0.0766,0.493,82.001,239317,4
2024-05-21 20:28,Lewis Capaldi,Someone You Loved,182160,lewis capaldi - someone you loved,350270,Lewis Capaldi,Someone You Loved,2TIlqbIneP0ZY1O0EzYLlc,71,2018,pop,0.501,0.405,1,-5.679,1,0.0319,0.751,0.0,0.105,0.446,109.891,182161,4
2024-05-21 20:31,Stephen Sanchez,Until I Found You (with Em Beihold) - Em Beihold Version,176440,stephen sanchez - until i found you (with em beihold) - em beihold version,569194,Stephen Sanchez,Until I Found You (with Em Beihold) - Em Beihold Version,1Y3LN4zO1Edc2EluIoSPJN,91,2022,pop,0.551,0.55,10,-5.339,1,0.0286,0.777,0.0,0.202,0.342,101.19,176440,3
2024-05-21 20:35,Olivia Rodrigo,traitor,229226,olivia rodrigo - traitor,515570,Olivia Rodrigo,traitor,5CZ40GBx1sQ9agT82CLQCT,84,2021,pop,0.38,0.339,3,-7.885,1,0.0338,0.691,0.0,0.12,0.0849,100.607,229227,4
2024-05-21 20:38,Dua Lipa,Don't Start Now,183290,dua lipa - don't start now,377682,Dua Lipa,Don't Start Now,6WrI0LAC5M1Rw2MnX2ZvEg,77,2019,dance,0.794,0.793,11,-4.521,0,0.0842,0.0125,0.0,0.0952,0.677,123.941,183290,4
2024-05-21 20:45,Sara Kays,Remember That Night?,227186,sara kays - remember that night?,454756,Sara Kays,Remember That Night?,1nYzjrdVQ8RpF93M0jPFW7,72,2020,indie-pop,0.679,0.61,7,-10.936,0,0.0305,0.585,9.51e-05,0.156,0.554,123.978,227186,4
2024-05-21 20:49,Halsey,Nightmare,231998,halsey - nightmare,377723,Halsey,Nightmare,340UVheS8z3ncW9TTUhAbc,65,2019,dance,0.611,0.622,9,-5.075,0,0.0734,0.0188,0.0,0.359,0.538,146.11,231999,4
2024-05-21 20:52,Måneskin,ZITTI E BUONI,194786,måneskin - zitti e buoni,508597,Måneskin,ZITTI E BUONI,776AftMmFFAWUIEAb3lHhw,73,2021,indie-pop,0.625,0.939,4,-3.115,0,0.0669,0.00138,0.0,0.424,0.644,102.999,194787,4
2024-05-21 20:55,Billie Eilish,when the party's over,196077,billie eilish - when the party's over,406376,Billie Eilish,when the party's over,43zdsphuZLzwA9k4DJhU0I,81,2019,pop,0.367,0.111,4,-14.084,1,0.0972,0.978,3.97e-05,0.0897,0.198,82.642,196077,4
2024-05-21 21:00,Doja Cat,Boss Bitch,134239,doja cat - boss bitch,433214,Doja Cat,Boss Bitch,78qd8dvwea0Gosb6Fe6j3k,77,2020,dance,0.707,0.955,10,-4.593,0,0.222,0.127,0.0,0.202,0.575,125.989,134240,4
2024-05-21 21:05,Lana Del Rey,Summertime Sadness,264773,lana del rey - summertime sadness,40349,Lana Del Rey,Summertime Sadness,1Ist6PR2BZR3n2z2Y5R6S1,73,2012,pop,0.566,0.647,1,-6.815,0,0.0335,0.0477,0.0,0.121,0.22,111.96,264773,4
2024-05-21 21:11,Anne-Marie,PSYCHO,162666,anne-marie - psycho,541643,Anne-Marie,PSYCHO,1eprzC29mwUQqcVj0eILdx,75,2022,dance,0.62,0.681,9,-4.915,1,0.356,0.0138,0.0,0.0248,0.741,160.743,162493,4
2024-05-21 21:15,Niall Horan,This Town,232852,niall horan - this town,224575,Niall Horan,This Town,5dTJMpqiELczVuHJP3OAEu,57,2016,dance,0.679,0.407,9,-7.778,1,0.0302,0.699,0.0,0.122,0.195,111.814,232600,4
2024-05-21 21:19,Dua Lipa,Levitating (feat. DaBaby),203064,dua lipa - levitating (feat. dababy),433210,Dua Lipa,Levitating (feat. DaBaby),5nujrmhLynf4yMoMtj8AQF,82,2020,dance,0.702,0.825,6,-3.787,0,0.0601,0.00883,0.0,0.0674,0.915,102.977,203064,4
2024-05-21 21:23,Ellie Goulding,"Love Me Like You Do - From ""Fifty Shades Of Grey""",252534,"ellie goulding - love me like you do - from ""fifty shades of grey""",174670,Ellie Goulding,"Love Me Like You Do - From ""Fifty Shades Of Grey""",1ip2IGDWMrUmlaepEbWlL8,61,2015,edm,0.258,0.659,5,-5.903,0,0.0596,0.253,0.0,0.111,0.272,189.558,250267,4
2024-05-21 21:27,Adele,Someone Like You,285240,adele - someone like you,1450774,Adele,Someone Like You,1zwMYTA5nlNjZxYrvBB2pV,78,2011,pop,0.556,0.319,9,-8.251,1,0.0281,0.893,0.0,0.0996,0.294,135.187,285240,4
2024-05-21 21:39,ZAYN,PILLOWTALK,202746,zayn - pillowtalk,224467,ZAYN,PILLOWTALK,0PDUDa38GO8lMxLCRc4lL1,76,2016,dance,0.584,0.7,11,-4.275,1,0.0456,0.117,0.0,0.0939,0.438,124.944,202747,4
2024-05-21 21:43,OneRepublic,Counting Stars,257266,onerepublic - counting stars,146275,OneRepublic,Counting Stars,6sy3LkhNFjJWlaeSMNwQ62,76,2014,piano,0.664,0.705,1,-4.972,0,0.0382,0.0654,0.0,0.115,0.477,122.017,257840,4
2024-05-21 21:49,Shawn Mendes,Mercy,208733,shawn mendes - mercy,264773,Shawn Mendes,Mercy,0AS63m1wHv9n4VVRizK6Hc,80,2017,dance,0.555,0.662,11,-4.952,0,0.0827,0.125,0.0,0.111,0.356,148.128,208733,4
2024-05-21 21:54,AURORA,Runaway,248826,aurora - runaway,146778,AURORA,Runaway,23rdcrD0Eky4vYn2TZidxJ,73,2014,pop,0.459,0.276,11,-10.339,1,0.036,0.63,9.5e-05,0.104,0.128,114.169,248827,4
2024-05-21 21:56,Harry Styles,Watermelon Sugar,174000,harry styles - watermelon sugar,406370,Harry Styles,Watermelon Sugar,6UelLqGlWMcVH1E5c4H7lY,87,2019,pop,0.548,0.816,0,-4.209,1,0.0465,0.122,0.0,0.335,0.557,95.39,174000,4
2024-05-21 22:01,The Chainsmokers,Closer,244960,the chainsmokers - closer,224450,The Chainsmokers,Closer,7BKLCZ1jbUBVqRi2FVlTVw,83,2016,dance,0.748,0.524,8,-5.599,1,0.0338,0.414,0.0,0.111,0.661,95.01,244960,4
2024-05-21 22:04,Ellise,911,188386,ellise - 911,327841,Ellise,911,3bHZeMMosfnAS633rWpf09,52,2018,electro,0.698,0.611,10,-6.754,0,0.0686,0.571,5.3e-06,0.0587,0.507,130.098,190000,4
2024-05-21 22:49,Joel Corry,Head & Heart (feat. MNEK),995,joel corry - head & heart (feat. mnek),433223,Joel Corry,Head & Heart (feat. MNEK),6cx06DFPPHchuUAcTxznu9,77,2020,dance,0.734,0.874,8,-3.158,1,0.0662,0.168,1.14e-05,0.0489,0.905,122.953,166028,4
2024-05-21 22:49,One Direction,Night Changes,1187,one direction - night changes,146771,One Direction,Night Changes,5O2P9iiztwhomNh8xkR9lJ,86,2014,pop,0.672,0.52,8,-7.747,1,0.0353,0.859,0.0,0.115,0.37,120.001,226600,4
2024-05-21 22:53,Hozier,Take Me to Church,241693,hozier - take me to church,93786,Hozier,Take Me to Church,7J4gq1xNP3IsG6lDk0eSa7,42,2013,pop,0.572,0.661,4,-5.304,0,0.0472,0.59,0.0,0.121,0.386,129.093,241587,4
2024-05-21 22:56,YUNGBLUD,parents,171880,yungblud - parents,410175,YUNGBLUD,parents,68rVGSTnCiFOET9k5Vd8Se,64,2019,rock,0.618,0.823,7,-4.76,1,0.0447,0.0132,0.0,0.288,0.58,82.004,171880,4
2024-05-21 23:00,AViVA,GRRRLS,228904,aviva - grrrls,462296,AViVA,GRRRLS,5f6JnxY2aqNdF3qFIPozUd,59,2020,pop,0.548,0.656,3,-6.515,1,0.0438,0.0351,1.19e-06,0.129,0.593,180.048,228904,4
2024-05-21 23:02,Jason Derulo,Lifestyle (feat. Adam Levine),153865,jason derulo - lifestyle (feat. adam levine),488038,Jason Derulo,Lifestyle (feat. Adam Levine),0osvOdeD3YXZiWkT8MKolJ,66,2021,dance,0.749,0.674,10,-5.128,0,0.0366,0.0209,0.0,0.169,0.711,123.055,153865,4
2024-05-21 23:06,Selena Gomez,Lose You To Love Me,206458,selena gomez - lose you to love me,462002,Selena Gomez,Lose You To Love Me,4l0Mvzj72xxOpRrp6h8nHi,81,2020,pop,0.488,0.343,4,-8.985,1,0.0436,0.556,0.0,0.21,0.0978,102.819,206459,4
2024-05-21 23:09,Theory of a Deadman,Angel,202205,theory of a deadman - angel,109708,Theory of a Deadman,Angel,2qJkesdHu9sMMVFgkRkqhQ,63,2014,alt-rock,0.443,0.844,11,-5.414,0,0.0425,0.00251,0.0,0.085,0.452,76.001,202213,4
2024-05-21 23:13,Ed Sheeran,Bad Habits,230746,ed sheeran - bad habits,515575,Ed Sheeran,Bad Habits,3rmo8F54jFF8OgYsqTxm5d,84,2021,pop,0.807,0.893,11,-3.745,0,0.0347,0.0451,2.79e-05,0.366,0.537,126.011,230747,4
2024-05-21 23:17,Calvin Harris,This Is What You Came For,222160,calvin harris - this is what you came for,224451,Calvin Harris,This Is What You Came For,0azC730Exh71aQlOt9Zj3y,82,2016,dance,0.631,0.927,9,-2.787,0,0.0332,0.199,0.119,0.148,0.465,123.962,222160,4
2024-05-21 23:22,Charlotte Lawrence,Why Do You Love Me,171908,charlotte lawrence - why do you love me,378135,Charlotte Lawrence,Why Do You Love Me,2y8iBf0QRqCKFtePi9Rl2H,52,2019,dance,0.81,0.305,8,-6.165,0,0.0902,0.28,0.000116,0.203,0.732,120.013,171908,4
2024-05-21 23:26,Bruno Mars,Just the Way You Are,220734,bruno mars - just the way you are,591101,Bruno Mars,Just the Way You Are,2uTzJos5w3howwTbXmoxTD,1,2023,dance,0.635,0.843,5,-5.413,1,0.0432,0.0151,0.0,0.0876,0.434,109.014,220733,4
2024-05-21 23:30,Au/Ra,Panic Room,237772,au/ra - panic room,327322,Au/Ra,Panic Room,7uUahoeqGNRMbpdeiLj1rS,69,2018,edm,0.495,0.426,8,-9.434,1,0.0736,0.152,5.65e-06,0.099,0.0636,97.91,237773,4
2024-05-21 23:39,Powfu,death bed (coffee for your head),173333,powfu - death bed (coffee for your head),428907,Powfu,death bed (coffee for your head),7eJMfftS33KTjuF7lTsMCx,81,2020,chill,0.726,0.431,8,-8.765,0,0.135,0.731,0.0,0.696,0.348,144.026,173333,4
2024-05-21 23:42,Ashe,Moral of the Story,201083,ashe - moral of the story,384333,Ashe,Moral of the Story,2nC3QhMI9reBIOWutbU3Tj,74,2019,electro,0.572,0.406,10,-8.624,1,0.0427,0.587,4.48e-06,0.102,0.265,119.812,201084,4
2024-05-21 23:45,Bryce Fox,Golden Boy,168555,bryce fox - golden boy,479236,Bryce Fox,Golden Boy,6PQkriCkh2BjZGeK7qTC0q,33,2021,alt-rock,0.694,0.78,9,-6.844,1,0.0728,0.00184,0.0,0.222,0.621,130.058,168555,4
2024-05-21 23:50,Christina Perri,a thousand years,285120,christina perri - a thousand years,614919,Christina Perri,A Thousand Years,6T4bnHAW0GHAXK8xFwSalW,0,2023,rock,0.423,0.407,10,-7.45,1,0.0267,0.312,0.000961,0.11,0.161,139.048,285120,3
2024-05-21 23:53,ZAYN,Entertainer,202600,zayn - entertainer,321253,ZAYN,Entertainer,4By48hpAtUx7F7F1yxvwvm,64,2018,dance,0.697,0.568,5,-8.017,1,0.0369,0.475,2.51e-05,0.0922,0.502,153.931,202600,4
2024-05-22 00:01,The Script,Hall of Fame (feat. will.i.am),202533,the script - hall of fame (feat. will.i.am),12118,The Script,Hall of Fame (feat. will.i.am),1X1DWw2pcNZ8zSub3uhlNz,67,2012,dance,0.421,0.873,10,-4.343,1,0.0564,0.0654,0.0,0.123,0.629,84.786,202533,4
2024-05-22 00:04,Jaymes Young,Feel Something,217400,jaymes young - feel something,286659,Jaymes Young,Feel Something,0vMI3AJPQMjytAu8XMWr65,62,2017,indie-pop,0.61,0.59,11,-7.325,0,0.0362,0.694,2.32e-06,0.15,0.352,137.838,217400,4
2024-05-22 00:07,Cheat Codes,Only You,189401,cheat codes - only you,321349,Cheat Codes,Only You,7IZ7S595rr4Q3E1Zga1Jev,45,2018,dance,0.607,0.74,4,-4.793,0,0.172,0.0829,0.0,0.105,0.219,108.05,189401,4
2024-05-22 00:12,Coldplay,Hymn for the Weekend,258266,coldplay - hymn for the weekend,197543,Coldplay,Hymn for the Weekend,3RiPr603aXAoi4GHyXx0uy,82,2015,pop,0.491,0.693,0,-6.487,0,0.0377,0.211,6.92e-06,0.325,0.412,90.027,258267,4
2024-05-22 00:20,John Legend,All of Me,269560,john legend - all of me,93570,John Legend,All of Me,3U4isOIWM3VvDubwSI3y7a,83,2013,pop,0.422,0.264,8,-7.064,1,0.0322,0.922,0.0,0.132,0.331,119.93,269560,4
2024-05-22 00:22,The Kid LAROI,STAY (with Justin Bieber),141805,the kid laroi - stay (with justin bieber),506685,The Kid LAROI,STAY (with Justin Bieber),5HCyWlXZPP0y6Gqq8TgA20,85,2021,hip-hop,0.591,0.764,1,-5.484,1,0.0483,0.0383,0.0,0.103,0.478,169.928,141806,4
2024-05-22 00:30,RAYE,Escapism.,272373,raye - escapism.,541578,RAYE,Escapism.,5Z2MiIZ5I3jJvvmeWMLbOQ,90,2022,dance,0.538,0.742,2,-5.355,1,0.114,0.138,4.67e-05,0.0934,0.25,96.107,272373,4
2024-05-22 00:33,WALK THE MOON,Shut Up and Dance,199080,walk the moon - shut up and dance,109697,WALK THE MOON,Shut Up and Dance,4kbj5MwxO1bq9wjT5g9HaA,81,2014,alt-rock,0.578,0.866,1,-3.804,1,0.0619,0.00701,0.0,0.257,0.619,128.038,199080,4
2024-05-22 00:37,Kurt Hugo Schneider,Sweater Weather,228387,kurt hugo schneider - sweater weather,293664,Kurt Hugo Schneider,Sweater Weather,0kn9QwZW8Ow9eTuZgxVEz8,63,2017,pop,0.606,0.328,10,-7.824,1,0.0305,0.876,0.0,0.138,0.393,124.041,228387,4
2024-05-22 00:44,Wiz Khalifa,See You Again (feat. Charlie Puth),229525,wiz khalifa - see you again (feat. charlie puth),188804,Wiz Khalifa,See You Again (feat. Charlie Puth),2JzZzZUQj3Qff7wapcbKjc,80,2015,hip-hop,0.689,0.481,10,-7.503,1,0.0815,0.369,1.03e-06,0.0649,0.283,80.025,229526,4
2024-05-22 00:48,MARINA,About Love - From The Netflix Film “To All The Boys: P.S. I Still Love You”,214040,marina - about love - from the netflix film “to all the boys: p.s. i still love you”,433604,MARINA,About Love - From The Netflix Film “To All The Boys: P.S. I Still Love You”,4XII12nbsvJblXfG1I2QR4,55,2020,dance,0.636,0.758,0,-5.567,1,0.0427,0.331,1.01e-05,0.16,0.281,97.025,214107,4
2024-05-22 00:51,Calvin Harris,How Deep Is Your Love,212640,calvin harris - how deep is your love,174636,Calvin Harris,How Deep Is Your Love,22mek4IiqubGD9ctzxc69s,76,2015,edm,0.738,0.868,11,-4.373,0,0.0731,0.0392,0.00169,0.388,0.336,122.003,212640,4
2024-05-22 00:55,Ed Sheeran,Shape of You,233712,ed sheeran - shape of you,293477,Ed Sheeran,Shape of You,7qiZfU4dY1lWllzX7mPBI3,85,2017,pop,0.825,0.652,1,-3.183,0,0.0802,0.581,0.0,0.0931,0.931,95.977,233713,4
2024-05-22 00:56,Sachin-Jigar,Saibo,26676,sachin-jigar - saibo,516629,Sachin-Jigar,Saibo,4qCcvSPIEDs1mCPAsaHFyC,12,2021,pop-film,0.619,0.429,2,-7.867,1,0.028,0.738,1.35e-05,0.136,0.545,90.058,195253,4
2024-05-22 01:02,Train,"Hey, Soul Sister",216773,"train - hey, soul sister",321327,Train,"Hey, Soul Sister",5SFJRXA0zX2xFIZHBXcnI5,48,2018,dance,0.67,0.868,1,-5.566,0,0.0417,0.17,0.0,0.0826,0.772,97.053,216907,4
2024-05-22 01:06,Selena Gomez,Back To You - From 13 Reasons Why – Season 2 Soundtrack,1687,selena gomez - back to you - from 13 reasons why – season 2 soundtrack,321047,Selena Gomez,Back To You - From 13 Reasons Why – Season 2 Soundtrack,4hQ6UGyWQIGJmHSo0J88JW,74,2018,dance,0.601,0.724,6,-4.856,1,0.0486,0.0945,1.68e-06,0.12,0.508,102.061,207905,4
2024-05-22 01:06,Ed Sheeran,Beautiful People (feat. Khalid),197866,ed sheeran - beautiful people (feat. khalid),406457,Ed Sheeran,Beautiful People (feat. Khalid),70eFcWOvlMObDhURTqT4Fv,72,2019,pop,0.64,0.647,5,-8.114,0,0.186,0.124,0.0,0.0801,0.546,92.979,197867,4
2024-05-22 01:06,Karthik,Aahatein,27589,karthik - aahatein,1451792,Karthik,Aahatein,3dQjCswDedsHNxdaOhcfiz,46,2011,pop-film,0.609,0.288,1,-13.371,1,0.0251,0.311,0.000145,0.109,0.301,81.999,267145,4
2024-05-22 01:11,Twenty One Pilots,Chlorine,324466,twenty one pilots - chlorine,354039,Twenty One Pilots,Chlorine,23OXdR7YuUBVWh5hSnYJau,73,2018,rock,0.609,0.674,10,-7.388,0,0.0548,0.0735,0.06,0.345,0.315,90.009,324467,4
2024-05-22 01:18,James Arthur,Rewrite The Stars (with James Arthur & Anne-Marie),218293,james arthur - rewrite the stars (with james arthur & anne-marie),350253,James Arthur,Rewrite The Stars (with James Arthur & Anne-Marie),6mQLN3zRtAp6ovjusyYKrV,74,2018,pop,0.67,0.743,10,-4.993,1,0.0393,0.237,0.0,0.465,0.571,125.944,218293,4
2024-05-22 01:22,Travis Scott,goosebumps,243836,travis scott - goosebumps,244724,Travis Scott,goosebumps,6gBFPUFcJLzWGx4lenP6h2,82,2016,house,0.841,0.728,7,-3.37,1,0.0484,0.0847,0.0,0.149,0.43,130.049,243837,4
2024-05-22 01:22,Travis Scott,goosebumps,243836,travis scott - goosebumps,341768,Travis Scott,Goosebumps,6dWf1xaHOmJo7eL9WuSkdL,54,2018,house,0.849,0.629,7,-6.27,1,0.0475,0.0789,0.0,0.13,0.467,130.105,243840,4
2024-05-22 01:27,The Weeknd,Prisoner,274960,the weeknd - prisoner,197584,The Weeknd,Prisoner,1gZADNt16Oh23jWyMYRk4p,66,2015,pop,0.551,0.405,0,-12.756,0,0.0398,0.443,0.000217,0.11,0.341,135.017,274960,4
2024-05-22 01:30,Stephen Sanchez,Until I Found You,176666,stephen sanchez - until i found you,515573,Stephen Sanchez,Until I Found You,0T5iIrXA4p5GsubkhuBIKV,85,2021,pop,0.539,0.508,10,-6.05,1,0.0288,0.727,0.0,0.174,0.227,101.358,177720,3
2024-05-22 01:33,The Kid LAROI,WITHOUT YOU,161384,the kid laroi - without you,506701,The Kid LAROI,WITHOUT YOU,1KMkcUvF7m3SDChDOa7i5L,77,2021,hip-hop,0.662,0.413,0,-7.357,1,0.0299,0.213,0.0,0.134,0.467,93.005,161385,4
2024-05-22 01:36,Marshmello,Be Kind (with Halsey),172761,marshmello - be kind (with halsey),433225,Marshmello,Be Kind (with Halsey),3Z8FwOEN59mRMxDCtb8N0A,74,2020,dance,0.63,0.633,4,-7.088,1,0.0457,0.00776,0.0,0.0541,0.452,93.995,172762,4
2024-05-22 01:40,Chase Atlantic,Friends,230010,chase atlantic - friends,197528,Chase Atlantic,Friends,2jQiSYrwJehQAcuaaQrXnS,79,2015,pop,0.422,0.609,11,-6.361,0,0.0335,0.0114,4.76e-06,0.108,0.0911,107.34,230011,3
2024-05-22 01:44,Shawn Mendes,I Know What You Did Last Summer,223853,shawn mendes - i know what you did last summer,197568,Shawn Mendes,I Know What You Did Last Summer,2GyA33q5rti5IxkMQemRDH,70,2015,pop,0.687,0.761,9,-4.582,0,0.0876,0.102,0.0,0.147,0.743,113.939,223853,4
2024-05-22 01:47,ZAYN,There You Are,199600,zayn - there you are,321199,ZAYN,There You Are,5y4XJ9UFS5eOdoYPF5pSAE,63,2018,dance,0.452,0.688,0,-4.84,0,0.0385,0.0263,0.0,0.11,0.313,76.99,199600,4
2024-05-22 01:50,Conan Gray,Wish You Were Sober,168880,conan gray - wish you were sober,462038,Conan Gray,Wish You Were Sober,0kn2gu8Pd03DiYHzRvX2Xk,73,2020,pop,0.701,0.728,2,-5.226,1,0.0468,0.0178,0.0,0.17,0.696,91.071,168880,4
2024-05-22 01:54,Zac Efron,Rewrite The Stars,217440,zac efron - rewrite the stars,264801,Zac Efron,Rewrite The Stars,65fpYBrI8o2cfrwf2US4gq,71,2017,dance,0.684,0.619,10,-7.005,1,0.0386,0.0716,0.0,0.122,0.284,125.046,217440,4
2024-05-22 01:54,Zac Efron,Rewrite The Stars,217440,zac efron - rewrite the stars,523861,Zac Efron,Rewrite the Stars,36WulNibylWVb07PazOJQN,5,2021,show-tunes,0.685,0.619,10,-7.005,1,0.0386,0.0716,0.0,0.122,0.284,125.044,217440,4
2024-05-22 01:57,Astrid S,Hurts So Good,208728,astrid s - hurts so good,224549,Astrid S,Hurts So Good,46ydq5g3k17iLJs3qMDvO6,69,2016,dance,0.675,0.609,7,-5.027,0,0.0586,0.084,0.0,0.0957,0.378,120.039,208729,4
2024-05-22 02:01,Harry Styles,Adore You,207133,harry styles - adore you,406373,Harry Styles,Adore You,3jjujdWJ72nww5eGnfs2E7,84,2019,pop,0.676,0.771,8,-3.675,1,0.0483,0.0237,7e-06,0.102,0.569,99.048,207133,4
2024-05-22 02:04,Camila Cabello,Easy,194686,camila cabello - easy,377937,Camila Cabello,Easy,46D0hYb1B7qiU33VtXt21W,58,2019,dance,0.574,0.593,4,-5.731,0,0.0463,0.411,1.55e-06,0.0966,0.355,128.073,194686,4
2024-05-22 02:06,Halsey,Walls Could Talk,101789,halsey - walls could talk,264782,Halsey,Walls Could Talk,5ln5yQdUywVbf8HhFsOcd6,74,2017,dance,0.626,0.423,1,-6.035,1,0.0513,0.128,0.0,0.18,0.571,95.162,101790,4
2024-05-22 02:09,Ava Max,Sweet but Psycho,187436,ava max - sweet but psycho,433216,Ava Max,Sweet but Psycho,7DnAm9FOTWE3cUvso43HhI,79,2020,dance,0.72,0.706,1,-4.719,1,0.0473,0.0684,0.0,0.166,0.62,133.002,187436,4
2024-05-22 02:12,5 Seconds of Summer,Youngblood,203417,5 seconds of summer - youngblood,321020,5 Seconds of Summer,Youngblood,2iUXsYOEPhVqEBwsqP70rE,79,2018,dance,0.596,0.854,7,-5.114,0,0.463,0.0169,0.0,0.124,0.152,120.274,203418,4
2024-05-22 02:16,Sabrina Carpenter,Paris,218080,sabrina carpenter - paris,321279,Sabrina Carpenter,Paris,359HNzfOXhCMHB1pNKhyfH,55,2018,dance,0.576,0.671,2,-6.408,0,0.0474,0.0482,0.0,0.114,0.226,114.839,218080,4
2024-05-22 02:19,Katy Perry,Dark Horse,215672,katy perry - dark horse,66273,Katy Perry,Dark Horse,4jbmgIyjGoXjY01XxatOx6,78,2013,dance,0.647,0.585,6,-6.123,1,0.0512,0.00314,0.0,0.165,0.353,131.934,215672,4
2024-05-22 02:23,Billie Eilish,my future,208155,billie eilish - my future,439848,Billie Eilish,my future,2ygvZOXrIeVL4xZmAWJT2C,69,2020,electro,0.444,0.309,8,-10.956,1,0.062,0.795,0.132,0.352,0.0875,104.745,208155,4
2024-05-22 02:26,The Chainsmokers,Don't Let Me Down,208373,the chainsmokers - don't let me down,224456,The Chainsmokers,Don't Let Me Down,1i1fxkWeaMmKEB4T7zqbzK,78,2016,dance,0.532,0.869,11,-5.094,1,0.172,0.157,0.00508,0.136,0.422,159.803,208373,4
2024-05-22 02:29,Olivia Rodrigo,"All I Want - From ""High School Musical: The Musical: The Series""",177322,"olivia rodrigo - all i want - from ""high school musical: the musical: the series""",406403,Olivia Rodrigo,"All I Want - From ""High School Musical: The Musical: The Series""",4Yxc55NX3tAXC2mHRAhtcW,76,2019,pop,0.376,0.43,0,-6.585,0,0.0328,0.0902,0.0,0.0912,0.129,77.599,177323,3
2024-05-22 02:36,Doja Cat,Say So (feat. Nicki Minaj),206220,doja cat - say so (feat. nicki minaj),433307,Doja Cat,Say So (feat. Nicki Minaj),11VApNQCWLJdzxWrlmwzUa,61,2020,dance,0.856,0.641,11,-4.64,0,0.204,0.119,4.97e-06,0.427,0.745,111.004,206221,4
2024-05-22 02:40,Charlie Puth,How Long,200853,charlie puth - how long,321072,Charlie Puth,How Long,6wmAHw1szh5RCKSRjiXhPe,71,2018,dance,0.845,0.561,1,-5.253,0,0.0778,0.211,3.49e-06,0.0383,0.811,109.974,200853,4
2024-05-22 02:43,Bruno Mars,Count on Me,197469,bruno mars - count on me,1380396,Bruno Mars,Count on Me,7l1qvxWjxcKpB9PCtBuTbU,73,2010,pop,0.589,0.389,0,-5.972,1,0.028,0.851,0.0,0.0772,0.501,89.1,197470,4
2024-05-22 02:46,Imagine Dragons,Demons,175200,imagine dragons - demons,43789,Imagine Dragons,Demons,3LlAyCYU26dvFZBDUIMb7a,73,2012,rock,0.505,0.71,3,-3.015,1,0.0321,0.19,0.00025,0.329,0.428,89.938,175200,4
2024-05-22 02:49,Demi Lovato,Heart Attack,210840,demi lovato - heart attack,66275,Demi Lovato,Heart Attack,1V6gIisPpYqgFeWbMLI0bA,76,2013,dance,0.504,0.785,8,-4.802,1,0.104,0.0738,0.0,0.239,0.502,173.968,210840,4
2024-05-22 02:53,Astrid S,It's Ok If You Forget Me,204989,astrid s - it's ok if you forget me,433538,Astrid S,It's Ok If You Forget Me,312zSwwbPU7C3sTmro4Wx9,65,2020,dance,0.562,0.379,6,-7.625,1,0.231,0.526,0.0,0.151,0.258,171.848,204989,4
2024-05-22 02:57,Why Don't We,Fallin’ (Adrenaline),216504,why don't we - fallin’ (adrenaline),433369,Why Don't We,Fallin’ (Adrenaline),5GhJIMWAw0uMLgkdbt6uMz,60,2020,dance,0.606,0.9,0,-4.504,1,0.119,0.0101,0.0,0.075,0.233,133.963,216504,4
2024-05-22 03:00,Lewis Capaldi,Hold Me While You Wait,205686,lewis capaldi - hold me while you wait,406397,Lewis Capaldi,Hold Me While You Wait,60iSKGrGazRzICtMjADNSM,77,2019,pop,0.688,0.53,11,-5.507,1,0.0333,0.443,0.0,0.0995,0.162,106.958,205687,4
2024-05-22 03:04,Dua Lipa,New Rules,209320,dua lipa - new rules,264781,Dua Lipa,New Rules,2ekn2ttSfGqwhhate0LSR0,79,2017,dance,0.762,0.7,9,-6.021,0,0.0694,0.00261,1.56e-05,0.153,0.608,116.073,209320,4
2024-05-22 03:07,Fall Out Boy,Centuries,228360,fall out boy - centuries,176367,Fall Out Boy,Centuries,04aAxqtGp5pv12UXAg4pkq,78,2015,emo,0.393,0.858,4,-2.868,0,0.0729,0.00359,0.0,0.102,0.56,176.042,228360,4
2024-05-22 03:18,Shawn Mendes,Señorita,24219,shawn mendes - señorita,377681,Shawn Mendes,Señorita,6v3KW9xbzN5yKLt9YKDYA2,80,2019,dance,0.759,0.548,9,-6.049,0,0.029,0.0392,0.0,0.0828,0.749,116.967,190800,4
2024-05-22 18:57,Shawn Mendes,Señorita,716,shawn mendes - señorita,377681,Shawn Mendes,Señorita,6v3KW9xbzN5yKLt9YKDYA2,80,2019,dance,0.759,0.548,9,-6.049,0,0.029,0.0392,0.0,0.0828,0.749,116.967,190800,4
2024-05-22 18:57,Maroon 5,Maps,725,maroon 5 - maps,146767,Maroon 5,Maps,4gbVRS8gloEluzf0GzDOFc,82,2014,pop,0.742,0.713,1,-5.522,0,0.0303,0.0205,0.0,0.059,0.879,120.032,189960,4
2024-05-22 18:57,Ed Sheeran,South of the Border (feat. Camila Cabello & Cardi B),784,ed sheeran - south of the border (feat. camila cabello & cardi b),406438,Ed Sheeran,South of the Border (feat. Camila Cabello & Cardi B),4vUmTMuQqjdnvlZmAH61Qk,74,2019,pop,0.857,0.621,9,-6.376,0,0.0825,0.148,0.0,0.0865,0.668,97.989,204467,4
2024-05-22 19:00,EXO,Love Shot,200306,exo - love shot,344859,EXO,Love Shot,0yB4jrSwN0bFtFRDR5vyMj,74,2018,k-pop,0.689,0.678,5,-4.287,0,0.119,0.0702,0.0,0.0889,0.335,145.883,200306,4
2024-05-22 19:04,Shawn Mendes,Stitches,206880,shawn mendes - stitches,197525,Shawn Mendes,Stitches,5jsw9uXEGuKyJzs0boZ1bT,74,2015,pop,0.752,0.754,1,-6.684,1,0.0615,0.0151,0.0,0.0486,0.755,149.789,206880,4
2024-05-22 19:07,American Authors,Best Day Of My Life,194240,american authors - best day of my life,140599,American Authors,Best Day Of My Life,5Hroj5K7vLpIG4FNCRIjbP,77,2014,indie-pop,0.673,0.902,2,-2.392,1,0.0346,0.0591,0.000262,0.0558,0.538,100.012,194240,4
2024-05-22 19:11,Taylor Swift,You Belong With Me (Taylor’s Version),231124,taylor swift - you belong with me (taylor’s version),515595,Taylor Swift,You Belong With Me (Taylor’s Version),1qrpoAMXodY6895hGKoUpA,79,2021,pop,0.632,0.773,6,-4.856,1,0.0346,0.0623,0.0,0.0885,0.474,130.033,231124,4
2024-05-22 19:14,Ed Sheeran,Lego House,185093,ed sheeran - lego house,1450873,Ed Sheeran,Lego House,5ubHAQtKuFfiG4FXfLP804,72,2011,pop,0.592,0.637,11,-8.48,1,0.0992,0.562,0.0,0.13,0.565,159.701,185093,4
2024-05-22 19:18,NF,Let You Down,212120,nf - let you down,284825,NF,Let You Down,52okn5MNA47tk87PeZJLEL,79,2017,hip-hop,0.662,0.714,5,-5.68,0,0.121,0.312,0.0,0.179,0.464,147.997,212120,4
2024-05-22 19:21,LISA,MONEY,168227,lisa - money,510745,LISA,MONEY,7hU3IHwjX150XLoTVmjD0q,76,2021,k-pop,0.831,0.554,1,-9.998,0,0.218,0.161,6.12e-05,0.152,0.396,140.026,168228,4
2024-05-22 19:23,GAYLE,abcdefu,168601,gayle - abcdefu,515596,GAYLE,abcdefu,4fouWK6XVHhzl78KzQ1UjL,82,2021,pop,0.695,0.54,4,-5.692,1,0.0493,0.299,0.0,0.367,0.415,121.932,168602,4
2024-05-22 19:25,Bruno Mars,Talking to the Moon,90364,bruno mars - talking to the moon,591100,Bruno Mars,Talking to the Moon,5PjJRQ0XKlAzBY9hLdv4dr,0,2023,dance,0.523,0.607,1,-4.754,0,0.03,0.512,0.0,0.106,0.0651,145.837,217867,4
2024-05-23 00:12,Zedd,365,0,zedd - 365,377816,Zedd,365,2XWjPtKdi5sucFYtVav07d,64,2019,dance,0.745,0.693,2,-5.479,0,0.034,0.339,0.0,0.123,0.248,98.039,181900,4
2024-05-23 00:12,Maroon 5,Payphone,6693,maroon 5 - payphone,40350,Maroon 5,Payphone,4P0osvTXoSYZZC2n8IFH3c,70,2012,pop,0.739,0.756,4,-4.828,1,0.0394,0.0136,0.0,0.37,0.523,110.028,231387,4
2024-05-23 00:14,Macklemore,Glorious (feat. Skylar Grey),41297,macklemore - glorious (feat. skylar grey),284860,Macklemore,Glorious (feat. Skylar Grey),0CokSRCu5hZgPxcZBaEzVE,74,2017,hip-hop,0.731,0.794,0,-5.126,0,0.0522,0.0323,2.59e-05,0.112,0.356,139.994,220454,4
2024-05-23 00:16,Farruko,Pepas,81883,farruko - pepas,506697,Farruko,Pepas,5fwSHlTEWpluwOM0Sxnh5k,82,2021,hip-hop,0.762,0.766,7,-3.955,1,0.0343,0.00776,6.98e-05,0.128,0.442,130.001,287120,4
2024-05-23 00:20,Conan Gray,Family Line,216094,conan gray - family line,569244,Conan Gray,Family Line,0iNZGC211wst3VjtobNnC5,76,2022,pop,0.326,0.397,6,-8.145,1,0.0461,0.619,0.0,0.0979,0.276,153.713,216095,3
2024-05-23 00:25,Ed Sheeran,Cross Me (feat. Chance the Rapper & PnB Rock),206186,ed sheeran - cross me (feat. chance the rapper & pnb rock),406658,Ed Sheeran,Cross Me (feat. Chance the Rapper & PnB Rock),543bCW2ruMPmxUBWirQ3MR,61,2019,pop,0.746,0.787,4,-6.373,1,0.12,0.214,0.0,0.0669,0.607,95.005,206187,4
2024-05-23 00:29,Rag'n'Bone Man,Human,200186,rag'n'bone man - human,305222,Rag'n'Bone Man,Human,58zsLZPvfflaiIbNWoA22O,79,2017,soul,0.602,0.707,9,-4.097,1,0.302,0.393,0.0,0.165,0.554,75.087,200187,4
2024-05-23 00:32,Lewis Capaldi,Before You Go,215106,lewis capaldi - before you go,406375,Lewis Capaldi,Before You Go,2gMXnyrvIjhVBUZwvLZDMP,83,2019,pop,0.459,0.575,3,-4.858,1,0.0573,0.604,0.0,0.0885,0.183,111.881,215107,4
2024-05-23 00:36,Imagine Dragons,Who We Are,249346,imagine dragons - who we are,201310,Imagine Dragons,Who We Are,2x2SotEkKozaFh6H1aVnOZ,51,2015,rock,0.407,0.656,6,-7.088,0,0.0413,0.00746,0.255,0.343,0.39,173.954,249347,4
2024-05-23 00:40,Avicii,Without You (feat. Sandro Cavazza),181672,avicii - without you (feat. sandro cavazza),264803,Avicii,Without You (feat. Sandro Cavazza),6Pgkp4qUoTmJIPn7ReaGxL,77,2017,dance,0.662,0.858,2,-4.844,1,0.0428,0.00163,0.0,0.0456,0.295,133.993,181673,4
2024-05-23 00:52,Imagine Dragons,Gold,155561,imagine dragons - gold,150140,Imagine Dragons,Gold,1WQFOwtI6EfsvRz7wcDbQm,51,2014,rock,0.416,0.459,9,-6.814,0,0.0317,0.0801,0.00653,0.0551,0.286,164.929,216813,3
2024-05-23 02:43,Conan Gray,Family Line,34525,conan gray - family line,569244,Conan Gray,Family Line,0iNZGC211wst3VjtobNnC5,76,2022,pop,0.326,0.397,6,-8.145,1,0.0461,0.619,0.0,0.0979,0.276,153.713,216095,3
2024-05-23 02:47,Conan Gray,Family Line,216094,conan gray - family line,569244,Conan Gray,Family Line,0iNZGC211wst3VjtobNnC5,76,2022,pop,0.326,0.397,6,-8.145,1,0.0461,0.619,0.0,0.0979,0.276,153.713,216095,3
2024-05-23 03:03,Conan Gray,Footnote,176544,conan gray - footnote,569504,Conan Gray,Footnote,7jrYMBC1bS1SCwxE2bt3AP,61,2022,pop,0.336,0.31,7,-10.545,1,0.0336,0.754,0.0,0.343,0.252,101.571,224295,4
2024-05-24 18:57,Conan Gray,Footnote,678,conan gray - footnote,569504,Conan Gray,Footnote,7jrYMBC1bS1SCwxE2bt3AP,61,2022,pop,0.336,0.31,7,-10.545,1,0.0336,0.754,0.0,0.343,0.252,101.571,224295,4
2024-05-24 18:57,Conan Gray,Memories,4098,conan gray - memories,569229,Conan Gray,Memories,5UXJzLFdBn6u9FJTCnoHrH,81,2022,pop,0.34,0.684,11,-6.306,1,0.044,0.00979,0.0,0.348,0.556,112.969,248819,4
2024-05-24 18:57,Conan Gray,Family Line,13551,conan gray - family line,569244,Conan Gray,Family Line,0iNZGC211wst3VjtobNnC5,76,2022,pop,0.326,0.397,6,-8.145,1,0.0461,0.619,0.0,0.0979,0.276,153.713,216095,3
2024-05-24 18:57,Conan Gray,The Exit,690,conan gray - the exit,569274,Conan Gray,The Exit,6PDWMQJ55ZYrGrSx3EZzl4,72,2022,pop,0.58,0.416,0,-9.591,1,0.0291,0.608,0.0,0.0883,0.453,82.015,221054,4
2024-05-24 19:01,Conan Gray,Family Line,216094,conan gray - family line,569244,Conan Gray,Family Line,0iNZGC211wst3VjtobNnC5,76,2022,pop,0.326,0.397,6,-8.145,1,0.0461,0.619,0.0,0.0979,0.276,153.713,216095,3
2024-05-24 19:05,Arctic Monkeys,505,253586,arctic monkeys - 505,1145378,Arctic Monkeys,505,58ge6dfP91o9oXMzq3XkIS,80,2007,garage,0.52,0.852,0,-5.866,1,0.0543,0.00237,5.79e-05,0.0733,0.234,140.267,253587,4
2024-05-24 19:13,Lana Del Rey,Young And Beautiful,236053,lana del rey - young and beautiful,93567,Lana Del Rey,Young And Beautiful,2nMeu6UenVvwUktBCpLMK9,81,2013,pop,0.324,0.416,11,-8.92,0,0.0368,0.262,3.69e-05,0.11,0.151,113.986,236053,4
2024-05-24 19:27,Billie Eilish,Oxytocin,210232,billie eilish - oxytocin,494178,Billie Eilish,Oxytocin,4t2OeILB07eMGTXSUbMPEu,68,2021,electro,0.757,0.598,11,-7.777,1,0.058,0.0904,0.551,0.15,0.18,124.951,210233,4
2024-05-24 19:29,Ashnikko,Daisy,146523,ashnikko - daisy,433258,Ashnikko,Daisy,0AUvWawuP0ibk4SQ3sIZjk,67,2020,dance,0.834,0.663,8,-6.143,1,0.133,0.235,0.0,0.372,0.774,121.876,146523,4
2024-05-24 19:32,Fitz and The Tantrums,Out of My League,209386,fitz and the tantrums - out of my league,56397,Fitz and The Tantrums,Out of My League,2AYEOC02WLhUiOoaig2SEH,71,2013,alt-rock,0.545,0.968,9,-3.553,0,0.0853,0.0387,0.00325,0.331,0.527,169.965,209386,4
2024-05-24 19:40,New West,Those Eyes,220750,new west - those eyes,399063,New West,Those Eyes,50x1Ic8CaXkYNvjmxe3WXy,87,2019,indie-pop,0.593,0.352,4,-8.296,1,0.0284,0.695,2.22e-05,0.3,0.226,119.988,220750,3
2024-05-24 19:45,Anuv Jain,Riha,287312,anuv jain - riha,398195,Anuv Jain,Riha,6Ln89sczgIcAJXGAIdS94R,58,2019,indian,0.389,0.148,3,-11.011,1,0.03,0.897,0.0,0.114,0.4,142.611,287324,4
2024-05-24 19:58,Olivia Rodrigo,deja vu,215506,olivia rodrigo - deja vu,515572,Olivia Rodrigo,deja vu,6HU7h9RYOaPRFeh0R3UeAr,83,2021,pop,0.442,0.612,2,-7.222,1,0.112,0.584,5.7e-06,0.37,0.178,180.917,215507,4
2024-05-24 20:24,Grimes,Kill V. Maim,246013,grimes - kill v. maim,175427,Grimes,Kill V. Maim,3WXhshrs1fzwF3rQE399Gq,62,2015,electro,0.578,0.947,11,-2.431,0,0.0359,0.00744,0.0816,0.105,0.456,134.033,246007,4
2024-05-24 20:27,Caroline Polachek,Sunset,162909,caroline polachek - sunset,547848,Caroline Polachek,Sunset,2eQ9B2SsQFU2qCnHSas3eQ,55,2022,electro,0.462,0.745,11,-5.356,0,0.0652,0.589,0.00015,0.288,0.648,122.051,163116,4
2024-05-24 20:33,Billie Eilish,watch,177523,billie eilish - watch,271631,Billie Eilish,watch,7eB1V5LvAdxCc7brfGhRRo,77,2017,electro,0.441,0.599,0,-8.985,1,0.225,0.333,0.00198,0.103,0.35,165.212,177523,4
2024-05-24 20:43,All Time Low,Monsters (feat. blackbear),174067,all time low - monsters (feat. blackbear),462037,All Time Low,Monsters (feat. blackbear),0tyR7Bu9P086aWBFZ4QJoo,69,2020,pop,0.369,0.845,0,-3.449,0,0.0611,0.0493,0.0,0.416,0.782,78.532,174068,4
2024-05-24 20:50,Bryce Fox,Golden Boy,168555,bryce fox - golden boy,479236,Bryce Fox,Golden Boy,6PQkriCkh2BjZGeK7qTC0q,33,2021,alt-rock,0.694,0.78,9,-6.844,1,0.0728,0.00184,0.0,0.222,0.621,130.058,168555,4
2024-05-24 20:58,Kali Uchis,Melting,208853,kali uchis - melting,197515,Kali Uchis,Melting,2kSb3wYSOV996xA2NSmpck,81,2015,pop,0.574,0.479,8,-7.776,1,0.0355,0.179,0.0803,0.106,0.303,115.263,208854,4
2024-05-24 21:01,Lizzy McAlpine,ceilings,182887,lizzy mcalpine - ceilings,549416,Lizzy McAlpine,ceilings,2L9N0zZnd37dwF0clgxMGI,89,2022,folk,0.516,0.322,9,-11.762,1,0.0292,0.473,0.00194,0.215,0.261,148.005,182888,3
2024-05-24 21:04,BLACKPINK,Kill This Love,191050,blackpink - kill this love,401157,BLACKPINK,Kill This Love,6hvczQ05jc1yGlp9zhb95V,73,2019,k-pop,0.763,0.835,2,-5.234,0,0.191,0.323,0.00221,0.225,0.645,131.875,191050,4
2024-05-24 21:13,RAYE,Escapism.,272373,raye - escapism.,541578,RAYE,Escapism.,5Z2MiIZ5I3jJvvmeWMLbOQ,90,2022,dance,0.538,0.742,2,-5.355,1,0.114,0.138,4.67e-05,0.0934,0.25,96.107,272373,4
2024-05-24 21:15,SZA,Kill Bill,153946,sza - kill bill,569184,SZA,Kill Bill,1Qrg8KqiBpW07V7PNxwwwL,94,2022,pop,0.644,0.735,8,-5.747,1,0.0391,0.0521,0.144,0.161,0.418,88.98,153947,4
2024-05-24 21:18,Anne-Marie,PSYCHO,162666,anne-marie - psycho,541643,Anne-Marie,PSYCHO,1eprzC29mwUQqcVj0eILdx,75,2022,dance,0.62,0.681,9,-4.915,1,0.356,0.0138,0.0,0.0248,0.741,160.743,162493,4
2024-05-24 21:21,Stephen Sanchez,Until I Found You (with Em Beihold) - Em Beihold Version,176440,stephen sanchez - until i found you (with em beihold) - em beihold version,569194,Stephen Sanchez,Until I Found You (with Em Beihold) - Em Beihold Version,1Y3LN4zO1Edc2EluIoSPJN,91,2022,pop,0.551,0.55,10,-5.339,1,0.0286,0.777,0.0,0.202,0.342,101.19,176440,3
2024-05-24 21:27,BoyWithUke,Sick of U (with Oliver Tree),168676,boywithuke - sick of u (with oliver tree),574201,BoyWithUke,Sick of U (with Oliver Tree),5IXdkgrT4lb9sKIb8tbOQ3,73,2022,sad,0.676,0.814,0,-3.213,1,0.0585,0.277,0.0,0.0953,0.601,92.554,168676,4
2024-05-24 21:30,Sachin-Jigar,Saibo,195253,sachin-jigar - saibo,516629,Sachin-Jigar,Saibo,4qCcvSPIEDs1mCPAsaHFyC,12,2021,pop-film,0.619,0.429,2,-7.867,1,0.028,0.738,1.35e-05,0.136,0.545,90.058,195253,4
2024-05-24 21:34,Taylor Swift,Lavender Haze,202395,taylor swift - lavender haze,569193,Taylor Swift,Lavender Haze,5jQI2r1RdgtuT8S3iG8zFC,86,2022,pop,0.733,0.436,10,-10.489,1,0.08,0.258,0.000573,0.157,0.0976,96.985,202396,4
2024-05-24 21:37,WILLOW,Wait a Minute!,196520,willow - wait a minute!,197518,WILLOW,Wait a Minute!,0y60itmpH0aPKsFiGxmtnh,79,2015,pop,0.764,0.705,3,-5.279,0,0.0278,0.0371,1.94e-05,0.0943,0.672,101.003,196520,4
2024-05-24 21:40,Daisy the Great,Record Player (with AJR),149538,daisy the great - record player (with ajr),508549,Daisy the Great,Record Player (with AJR),4jYt1pQqg2mIZmY4FWCZEM,62,2021,indie-pop,0.665,0.684,11,-7.049,0,0.106,0.247,0.0,0.0636,0.927,73.986,149538,4
2024-05-24 21:43,Sia,Unstoppable,217746,sia - unstoppable,224449,Sia,Unstoppable,1yvMUkIOTeUNtNWlWRgANS,81,2016,dance,0.468,0.779,9,-4.839,1,0.0779,0.112,0.000373,0.101,0.26,173.799,217747,4
2024-05-24 21:46,ILLENIUM,Story Of My Life (feat. Trippie Redd),191124,illenium - story of my life (feat. trippie redd),487951,ILLENIUM,Story Of My Life (feat. Trippie Redd),1g7j5AxiNKTGjryhFIlAsA,63,2021,dance,0.521,0.892,3,-4.029,1,0.0433,0.0539,0.0,0.117,0.369,96.991,191124,4
2024-05-24 21:50,Half an Orange,Blink 182,184000,half an orange - blink 182,383901,Half an Orange,Blink 182,0GUCG3rXFQXFBwl3hExO2p,47,2019,edm,0.59,0.469,10,-7.387,0,0.0525,0.206,0.0,0.109,0.37,149.86,184000,4
2024-05-24 21:52,The Kid LAROI,WITHOUT YOU,161384,the kid laroi - without you,506701,The Kid LAROI,WITHOUT YOU,1KMkcUvF7m3SDChDOa7i5L,77,2021,hip-hop,0.662,0.413,0,-7.357,1,0.0299,0.213,0.0,0.134,0.467,93.005,161385,4
2024-05-24 21:56,Lana Del Rey,Summertime Sadness (Lana Del Rey Vs. Cedric Gervais) - Cedric Gervais Remix,214912,lana del rey - summertime sadness (lana del rey vs. cedric gervais) - cedric gervais remix,93586,Lana Del Rey,Summertime Sadness (Lana Del Rey Vs. Cedric Gervais) - Cedric Gervais Remix,6PUIzlqotEmPuBfjbwYWOB,71,2013,pop,0.572,0.81,1,-5.791,0,0.0558,0.0157,6.53e-06,0.13,0.11,126.052,214912,4
2024-05-24 22:00,Halsey,Colors,249499,halsey - colors,175423,Halsey,Colors,1TnUURhehaoMWKAqQtirm6,65,2015,electro,0.512,0.812,1,-4.809,1,0.0617,0.0534,0.0,0.092,0.521,100.02,249500,4
2024-05-24 22:03,Conan Gray,People Watching,158536,conan gray - people watching,515647,Conan Gray,People Watching,4JeOesjcWWlprTAvucDSJX,67,2021,pop,0.53,0.593,5,-7.286,1,0.0545,0.385,0.0,0.314,0.538,125.723,158537,4
2024-05-24 22:06,Olivia Rodrigo,happier,175933,olivia rodrigo - happier,515580,Olivia Rodrigo,happier,2tGvwE8GcFKwNdAXMnlbfl,82,2021,pop,0.395,0.443,6,-9.72,1,0.133,0.765,9.67e-06,0.0839,0.338,168.924,175933,3
2024-05-24 22:10,Conan Gray,Memories,248818,conan gray - memories,569229,Conan Gray,Memories,5UXJzLFdBn6u9FJTCnoHrH,81,2022,pop,0.34,0.684,11,-6.306,1,0.044,0.00979,0.0,0.348,0.556,112.969,248819,4
2024-05-24 22:13,Panic! At The Disco,House of Memories,208706,panic! at the disco - house of memories,614809,Panic! At The Disco,House of Memories,45o7a1TpJadHENVHLnR78t,0,2023,rock,0.506,0.817,11,-5.052,0,0.0336,0.00283,0.0,0.0486,0.49,109.955,208707,4
2024-05-24 22:17,Eminem,Lucky You (feat. Joyner Lucas),244679,eminem - lucky you (feat. joyner lucas),340927,Eminem,Lucky You (feat. Joyner Lucas),60SdxE8apGAxMiRrpbmLY0,73,2018,hip-hop,0.876,0.786,10,-4.884,0,0.306,0.0627,0.0,0.127,0.575,153.068,244679,4
2024-05-24 22:20,Dove Cameron,Boyfriend,153000,dove cameron - boyfriend,569224,Dove Cameron,Boyfriend,59CfNbkERJ3NoTXDvoURjj,81,2022,pop,0.345,0.612,7,-6.543,0,0.0608,0.232,0.0,0.194,0.232,179.773,153000,3
2024-05-24 22:23,Suki Waterhouse,Good Looking,214800,suki waterhouse - good looking,561974,Suki Waterhouse,Good Looking,0j3mqDTK4Z6lvrLzFCUUz6,78,2022,indie-pop,0.364,0.554,4,-9.076,1,0.0301,0.077,0.000297,0.125,0.257,150.079,214800,3
2024-05-24 22:27,lovelytheband,broken,204878,lovelytheband - broken,311050,lovelytheband,broken,6XcfKZvJio9Z0fQy11GnNX,67,2018,alt-rock,0.666,0.728,7,-5.808,1,0.0419,0.00175,4.26e-06,0.0429,0.51,122.996,204878,4
2024-05-24 22:30,Billie Eilish,Six Feet Under,189613,billie eilish - six feet under,231076,Billie Eilish,Six Feet Under,2VlLbhGLVJgdOW7kKdWWFc,72,2016,electro,0.576,0.307,11,-12.732,0,0.0428,0.807,0.000355,0.0792,0.157,67.513,189613,4
2024-05-24 22:34,Anuv Jain,Alag Aasmaan,212750,anuv jain - alag aasmaan,453815,Anuv Jain,Alag Aasmaan,74kCarkFBzXYXNkkYJIsG0,68,2020,indian,0.699,0.299,6,-12.599,1,0.0403,0.869,0.0,0.0724,0.459,118.969,212773,4
2024-05-24 22:37,BTS,Life Goes On,207481,bts - life goes on,456852,BTS,Life Goes On,5FVbvttjEvQ8r2BgUcJgNg,76,2020,k-pop,0.566,0.716,1,-5.733,1,0.0424,0.00691,0.0,0.37,0.45,81.068,207481,4
2024-05-24 22:51,BTS,We are Bulletproof : the Eternal,219814,bts - we are bulletproof : the eternal,456885,BTS,We are Bulletproof : the Eternal,133ocfbXXG4HTk76qgSeUb,68,2020,k-pop,0.522,0.574,9,-5.225,0,0.0317,0.224,0.0,0.108,0.176,84.044,261543,4
2024-05-27 14:27,BTS,We are Bulletproof : the Eternal,42997,bts - we are bulletproof : the eternal,456885,BTS,We are Bulletproof : the Eternal,133ocfbXXG4HTk76qgSeUb,68,2020,k-pop,0.522,0.574,9,-5.225,0,0.0317,0.224,0.0,0.108,0.176,84.044,261543,4
2024-05-27 14:28,BTS,Dope,63530,bts - dope,192414,BTS,Dope,7jPCPDYoiaKeK7cgNGpIzq,66,2015,k-pop,0.595,0.89,10,-3.109,0,0.245,0.0486,0.0,0.32,0.62,154.071,240021,4
2024-05-27 14:28,Conan Gray,Family Line,1097,conan gray - family line,569244,Conan Gray,Family Line,0iNZGC211wst3VjtobNnC5,76,2022,pop,0.326,0.397,6,-8.145,1,0.0461,0.619,0.0,0.0979,0.276,153.713,216095,3
2024-05-27 14:31,Conan Gray,Family Line,216094,conan gray - family line,569244,Conan Gray,Family Line,0iNZGC211wst3VjtobNnC5,76,2022,pop,0.326,0.397,6,-8.145,1,0.0461,0.619,0.0,0.0979,0.276,153.713,216095,3
2024-05-27 14:35,Lana Del Rey,Young And Beautiful,236053,lana del rey - young and beautiful,93567,Lana Del Rey,Young And Beautiful,2nMeu6UenVvwUktBCpLMK9,81,2013,pop,0.324,0.416,11,-8.92,0,0.0368,0.262,3.69e-05,0.11,0.151,113.986,236053,4
2024-05-27 14:39,Kendrick Lamar,All The Stars (with SZA),232186,kendrick lamar - all the stars (with sza),340887,Kendrick Lamar,All The Stars (with SZA),3GCdLUSnKSMJhs4Tj6CV3s,83,2018,hip-hop,0.698,0.633,8,-4.946,1,0.0597,0.0605,0.000194,0.0926,0.552,96.924,232187,4
2024-05-27 14:43,Arctic Monkeys,505,253586,arctic monkeys - 505,1145378,Arctic Monkeys,505,58ge6dfP91o9oXMzq3XkIS,80,2007,garage,0.52,0.852,0,-5.866,1,0.0543,0.00237,5.79e-05,0.0733,0.234,140.267,253587,4
2024-05-27 14:50,Harry Styles,As It Was,167303,harry styles - as it was,569192,Harry Styles,As It Was,4LRPiXqCikLlN15c3yImP7,90,2022,pop,0.52,0.731,6,-5.338,0,0.0557,0.342,0.00101,0.311,0.662,173.93,167303,4
2024-05-27 14:59,Troye Sivan,Strawberries & Cigarettes,201538,troye sivan - strawberries & cigarettes,321050,Troye Sivan,Strawberries & Cigarettes,3afkJSKX0EAMsJXTZnDXXJ,78,2018,dance,0.578,0.537,9,-8.676,1,0.0832,0.162,0.0,0.076,0.25,83.909,201539,4
2024-05-27 15:02,Fitz and The Tantrums,Out of My League,209386,fitz and the tantrums - out of my league,56397,Fitz and The Tantrums,Out of My League,2AYEOC02WLhUiOoaig2SEH,71,2013,alt-rock,0.545,0.968,9,-3.553,0,0.0853,0.0387,0.00325,0.331,0.527,169.965,209386,4
2024-05-27 15:06,Billie Eilish,Oxytocin,210232,billie eilish - oxytocin,494178,Billie Eilish,Oxytocin,4t2OeILB07eMGTXSUbMPEu,68,2021,electro,0.757,0.598,11,-7.777,1,0.058,0.0904,0.551,0.15,0.18,124.951,210233,4
2024-05-27 15:09,JP Saxe,If the World Was Ending (feat. Julia Michaels),209493,jp saxe - if the world was ending (feat. julia michaels),406415,JP Saxe,If the World Was Ending (feat. Julia Michaels),2kJwzbxV2ppxnQoYw4GLBZ,76,2019,pop,0.464,0.473,1,-10.086,1,0.129,0.866,0.0,0.109,0.604,75.801,208687,4
2024-05-27 15:12,Ashnikko,Daisy,146523,ashnikko - daisy,433258,Ashnikko,Daisy,0AUvWawuP0ibk4SQ3sIZjk,67,2020,dance,0.834,0.663,8,-6.143,1,0.133,0.235,0.0,0.372,0.774,121.876,146523,4
2024-05-27 15:35,J. Cole,No Role Modelz,272943,j. cole - no role modelz,138937,J. Cole,No Role Modelz,68Dni7IE4VyPkTOH9mRWHr,87,2014,hip-hop,0.69,0.521,10,-8.492,0,0.339,0.324,0.0,0.0534,0.494,100.028,292799,4
2024-05-27 18:40,J. Cole,No Role Modelz,2340,j. cole - no role modelz,138937,J. Cole,No Role Modelz,68Dni7IE4VyPkTOH9mRWHr,87,2014,hip-hop,0.69,0.521,10,-8.492,0,0.339,0.324,0.0,0.0534,0.494,100.028,292799,4
2024-05-27 18:47,New West,Those Eyes,220750,new west - those eyes,399063,New West,Those Eyes,50x1Ic8CaXkYNvjmxe3WXy,87,2019,indie-pop,0.593,0.352,4,-8.296,1,0.0284,0.695,2.22e-05,0.3,0.226,119.988,220750,3
2024-05-27 18:50,YUNGBLUD,parents,171880,yungblud - parents,410175,YUNGBLUD,parents,68rVGSTnCiFOET9k5Vd8Se,64,2019,rock,0.618,0.823,7,-4.76,1,0.0447,0.0132,0.0,0.288,0.58,82.004,171880,4
2024-05-27 18:54,Taylor Swift,Lover,221306,taylor swift - lover,406372,Taylor Swift,Lover,1dGr1c8CrMLDpV6mPbImSI,83,2019,pop,0.359,0.543,7,-7.582,1,0.0919,0.492,1.58e-05,0.118,0.453,68.534,221307,4
2024-05-27 18:58,One Direction,Story of My Life,245493,one direction - story of my life,93572,One Direction,Story of My Life,4nVBt6MZDDP6tRVdQTgxJg,81,2013,pop,0.6,0.663,3,-5.802,1,0.0477,0.225,0.0,0.119,0.286,121.07,245493,4
2024-05-27 19:10,The Neighbourhood,Daddy Issues,260173,the neighbourhood - daddy issues,162916,The Neighbourhood,Daddy Issues,5E30LdtzQTGqRvNd7l6kG5,84,2015,alt-rock,0.588,0.521,10,-9.461,1,0.0329,0.0678,0.149,0.123,0.337,85.012,260173,4
2024-05-27 19:14,Coldplay,Viva La Vida,242373,coldplay - viva la vida,612579,Coldplay,Viva La Vida,1uEgwhOGCHr4dHZEcT9K0R,0,2023,pop,0.486,0.617,5,-7.115,0,0.0287,0.0954,3.23e-06,0.109,0.417,138.015,242373,4
2024-05-27 19:17,Elley Duhé,MIDDLE OF THE NIGHT,184447,elley duhé - middle of the night,462004,Elley Duhé,MIDDLE OF THE NIGHT,58HvfVOeJY7lUuCqF0m3ly,85,2020,pop,0.41,0.611,4,-8.271,0,0.0467,0.0228,0.0,0.116,0.0899,185.727,184448,3
2024-05-27 21:44,Arctic Monkeys,Why'd You Only Call Me When You're High?,161123,arctic monkeys - why'd you only call me when you're high?,77592,Arctic Monkeys,Why'd You Only Call Me When You're High?,086myS9r57YsLbJpU0TgK9,85,2013,garage,0.691,0.631,2,-6.478,1,0.0368,0.0483,1.13e-05,0.104,0.8,92.004,161124,4
2024-05-27 21:48,Sam Smith,Too Good At Goodbyes,201000,sam smith - too good at goodbyes,293588,Sam Smith,Too Good At Goodbyes,1mXVgsBdtIVeCLJnSnmtdV,81,2017,pop,0.681,0.372,5,-8.237,1,0.0432,0.64,0.0,0.169,0.476,91.873,201000,4
2024-05-27 21:54,Queen,Bohemian Rhapsody - Remastered 2011,354320,queen - bohemian rhapsody - remastered 2011,150190,Queen,Bohemian Rhapsody - Remastered 2011,6ljkRMigoNtu0x1mlTEsKc,42,2014,rock,0.393,0.398,0,-9.973,0,0.0514,0.256,0.0,0.195,0.236,143.353,355467,4
2024-05-27 21:58,Olivia Rodrigo,traitor,229226,olivia rodrigo - traitor,515570,Olivia Rodrigo,traitor,5CZ40GBx1sQ9agT82CLQCT,84,2021,pop,0.38,0.339,3,-7.885,1,0.0338,0.691,0.0,0.12,0.0849,100.607,229227,4
2024-05-27 22:02,Anuv Jain,Riha,287312,anuv jain - riha,398195,Anuv Jain,Riha,6Ln89sczgIcAJXGAIdS94R,58,2019,indian,0.389,0.148,3,-11.011,1,0.03,0.897,0.0,0.114,0.4,142.611,287324,4
2024-05-27 23:50,Lady Gaga,Poker Face,20462,lady gaga - poker face,591113,Lady Gaga,Poker Face,563ESy4kWZpnv6UH58mell,8,2023,dance,0.851,0.818,4,-4.637,1,0.0789,0.112,2.94e-06,0.0945,0.808,119.006,238907,4
2024-05-27 23:50,Conan Gray,Family Line,216094,conan gray - family line,569244,Conan Gray,Family Line,0iNZGC211wst3VjtobNnC5,76,2022,pop,0.326,0.397,6,-8.145,1,0.0461,0.619,0.0,0.0979,0.276,153.713,216095,3
2024-05-27 23:53,Billie Eilish,Oxytocin,210232,billie eilish - oxytocin,494178,Billie Eilish,Oxytocin,4t2OeILB07eMGTXSUbMPEu,68,2021,electro,0.757,0.598,11,-7.777,1,0.058,0.0904,0.551,0.15,0.18,124.951,210233,4
2024-05-27 23:57,Panic! At The Disco,High Hopes,190946,panic! at the disco - high hopes,354035,Panic! At The Disco,High Hopes,1rqqCSm0Qe4I9rUvWncaom,80,2018,rock,0.579,0.904,5,-2.729,1,0.0618,0.193,0.0,0.064,0.681,82.014,190947,4
2024-05-28 00:11,Drake,Jimmy Cooks (feat. 21 Savage),102860,drake - jimmy cooks (feat. 21 savage),560182,Drake,Jimmy Cooks (feat. 21 Savage),3F5CgOj3wFlRv51JsHbxhe,86,2022,hip-hop,0.529,0.673,0,-4.711,1,0.175,0.000307,2.41e-06,0.093,0.366,165.921,218365,4
2024-05-29 19:05,Conan Gray,Family Line,216094,conan gray - family line,569244,Conan Gray,Family Line,0iNZGC211wst3VjtobNnC5,76,2022,pop,0.326,0.397,6,-8.145,1,0.0461,0.619,0.0,0.0979,0.276,153.713,216095,3
2024-05-30 01:57,Dove Cameron,Breakfast,148470,dove cameron - breakfast,569268,Dove Cameron,Breakfast,6GUiIbJ834FcHewby3PwV0,73,2022,pop,0.64,0.553,2,-6.42,0,0.0411,0.0579,0.0,0.0914,0.486,81.992,148471,4
2024-05-30 02:04,Olivia Rodrigo,deja vu,215506,olivia rodrigo - deja vu,515572,Olivia Rodrigo,deja vu,6HU7h9RYOaPRFeh0R3UeAr,83,2021,pop,0.442,0.612,2,-7.222,1,0.112,0.584,5.7e-06,0.37,0.178,180.917,215507,4
2024-05-30 02:07,Gracie Abrams,"I miss you, I’m sorry",167538,"gracie abrams - i miss you, i’m sorry",462026,Gracie Abrams,"I miss you, I’m sorry",4nyF5lmSziBAt7ESAUjpbx,75,2020,pop,0.445,0.455,7,-6.405,1,0.0575,0.731,1.47e-06,0.124,0.151,109.885,167538,5
2024-05-30 02:09,Ashnikko,Daisy,146523,ashnikko - daisy,433258,Ashnikko,Daisy,0AUvWawuP0ibk4SQ3sIZjk,67,2020,dance,0.834,0.663,8,-6.143,1,0.133,0.235,0.0,0.372,0.774,121.876,146523,4
2024-05-30 02:16,Lana Del Rey,Summertime Sadness,264773,lana del rey - summertime sadness,40349,Lana Del Rey,Summertime Sadness,1Ist6PR2BZR3n2z2Y5R6S1,73,2012,pop,0.566,0.647,1,-6.815,0,0.0335,0.0477,0.0,0.121,0.22,111.96,264773,4
2024-05-30 22:52,Imagine Dragons,Believer,204346,imagine dragons - believer,297308,Imagine Dragons,Believer,0pqnGHJpmpxLKifKRmU6WP,86,2017,rock,0.776,0.78,10,-4.374,0,0.128,0.0622,0.0,0.081,0.666,124.949,204347,4
2024-05-30 22:56,P!nk,Just Give Me a Reason (feat. Nate Ruess),242733,p!nk - just give me a reason (feat. nate ruess),12111,P!nk,Just Give Me a Reason (feat. Nate Ruess),1mKXFLRA179hdOWQBwUk9e,80,2012,dance,0.778,0.547,2,-7.273,1,0.0489,0.346,0.000302,0.132,0.441,95.002,242733,4
2024-05-30 23:02,Conan Gray,Astronomy,243907,conan gray - astronomy,515671,Conan Gray,Astronomy,0KmgJyW4GDgonqsoyx0CZ3,68,2021,pop,0.471,0.335,4,-8.767,0,0.0273,0.593,2.11e-05,0.297,0.111,145.252,243907,3
2024-05-30 23:09,Calvin Harris,One Kiss (with Dua Lipa),214846,calvin harris - one kiss (with dua lipa),321015,Calvin Harris,One Kiss (with Dua Lipa),7ef4DlsgrMEH11cDZd32M6,85,2018,dance,0.791,0.862,9,-3.24,0,0.11,0.037,2.19e-05,0.0814,0.592,123.994,214847,4
2024-05-30 23:13,Arctic Monkeys,I Wanna Be Yours,183956,arctic monkeys - i wanna be yours,77591,Arctic Monkeys,I Wanna Be Yours,5XeFesFbtLpXzIVDNQP22n,91,2013,garage,0.464,0.417,0,-9.345,0,0.0256,0.136,0.022,0.0974,0.479,67.528,183956,4
2024-05-30 23:18,New West,Those Eyes,220750,new west - those eyes,399063,New West,Those Eyes,50x1Ic8CaXkYNvjmxe3WXy,87,2019,indie-pop,0.593,0.352,4,-8.296,1,0.0284,0.695,2.22e-05,0.3,0.226,119.988,220750,3
2024-05-30 23:31,Mark Ronson,Uptown Funk (feat. Bruno Mars),134745,mark ronson - uptown funk (feat. bruno mars),197524,Mark Ronson,Uptown Funk (feat. Bruno Mars),32OlwWuMpZ6b0aN2RZOeMS,81,2015,pop,0.856,0.609,0,-7.223,1,0.0824,0.00801,8.15e-05,0.0344,0.928,114.988,269667,4
2024-05-31 00:24,Conan Gray,Movies,214100,conan gray - movies,569369,Conan Gray,Movies,6FH6fmlh9DbvssuEQyQEVd,66,2022,pop,0.349,0.545,11,-6.073,1,0.0352,0.105,0.0,0.153,0.209,104.477,214100,4
2024-05-31 00:27,Conan Gray,Generation Why,219680,conan gray - generation why,350303,Conan Gray,Generation Why,79e2GU4RLPjAqnijfvsXYr,61,2018,pop,0.561,0.684,9,-8.235,1,0.0669,0.347,2.93e-06,0.122,0.528,81.977,219680,4
2024-05-31 00:33,Conan Gray,Maniac,185773,conan gray - maniac,462007,Conan Gray,Maniac,6KfoDhO4XUWSbnyKjNp9c4,77,2020,pop,0.628,0.639,8,-5.46,1,0.0435,0.00162,0.0,0.354,0.493,108.045,185773,4
2024-05-31 00:36,Conan Gray,Comfort Crowd,174680,conan gray - comfort crowd,462059,Conan Gray,Comfort Crowd,6uaBrivDHCaV0uBTiwHTUi,67,2020,pop,0.678,0.431,0,-6.749,1,0.0326,0.163,1.94e-06,0.147,0.404,90.941,174680,4
2024-05-31 00:44,Conan Gray,People Watching,158536,conan gray - people watching,515647,Conan Gray,People Watching,4JeOesjcWWlprTAvucDSJX,67,2021,pop,0.53,0.593,5,-7.286,1,0.0545,0.385,0.0,0.314,0.538,125.723,158537,4
2024-05-31 00:50,Conan Gray,Overdrive,183070,conan gray - overdrive,515716,Conan Gray,Overdrive,3QyoC6OvQUmpQwQZ18iaTs,66,2021,pop,0.568,0.788,5,-6.28,1,0.0377,0.0101,0.0,0.141,0.46,104.959,183070,4
2024-05-31 00:54,Conan Gray,Footnote,224295,conan gray - footnote,569504,Conan Gray,Footnote,7jrYMBC1bS1SCwxE2bt3AP,61,2022,pop,0.336,0.31,7,-10.545,1,0.0336,0.754,0.0,0.343,0.252,101.571,224295,4
2024-05-31 00:58,Conan Gray,Lookalike,220866,conan gray - lookalike,350237,Conan Gray,Lookalike,4K3gM7kzX4POAfrs71HomN,69,2018,pop,0.434,0.302,10,-10.117,1,0.0378,0.766,7.63e-06,0.149,0.173,121.645,220867,4
2024-05-31 01:04,Conan Gray,Heather,198040,conan gray - heather,461994,Conan Gray,Heather,4xqrdfXkTW4T0RauPLv3WA,85,2020,pop,0.357,0.425,5,-7.301,1,0.0333,0.584,0.0,0.322,0.27,102.078,198040,3
2024-05-31 01:11,Conan Gray,Family Line,216094,conan gray - family line,569244,Conan Gray,Family Line,0iNZGC211wst3VjtobNnC5,76,2022,pop,0.326,0.397,6,-8.145,1,0.0461,0.619,0.0,0.0979,0.276,153.713,216095,3
2024-05-31 01:15,Conan Gray,The Story,245266,conan gray - the story,462118,Conan Gray,The Story,5GVPVxgdgTKJFxSxLVIw1A,64,2020,pop,0.542,0.299,0,-10.379,1,0.0305,0.817,0.0,0.109,0.274,141.917,245267,4
2024-05-31 01:24,Conan Gray,Idle Town,237920,conan gray - idle town,350346,Conan Gray,Idle Town,0cXRafInOlc1QH519RXltN,58,2018,pop,0.606,0.478,7,-6.035,1,0.0276,0.872,2.02e-05,0.106,0.266,77.086,237920,4
2024-05-31 01:27,Conan Gray,Checkmate,148280,conan gray - checkmate,462156,Conan Gray,Checkmate,3SnpCALgmzVy7k07aAXbuA,61,2020,pop,0.512,0.716,1,-4.13,1,0.304,0.0669,9.04e-06,0.147,0.703,151.484,148280,4
2024-05-31 01:30,Conan Gray,The Exit,221054,conan gray - the exit,569274,Conan Gray,The Exit,6PDWMQJ55ZYrGrSx3EZzl4,72,2022,pop,0.58,0.416,0,-9.591,1,0.0291,0.608,0.0,0.0883,0.453,82.015,221054,4
2024-05-31 01:33,Conan Gray,The Other Side,172933,conan gray - the other side,406614,Conan Gray,The Other Side,2mAy8zQhZJICLFUEVGQzbE,59,2019,pop,0.602,0.471,5,-10.045,1,0.0406,0.515,3.29e-05,0.222,0.256,107.904,172933,4
2024-05-31 01:37,Conan Gray,The Cut That Always Bleeds,231920,conan gray - the cut that always bleeds,462080,Conan Gray,The Cut That Always Bleeds,7wTqEW5nrMhvyEhEyTnOMd,65,2020,pop,0.489,0.413,0,-6.499,1,0.0314,0.59,0.0,0.0639,0.246,136.116,231920,4
2024-05-31 01:45,Conan Gray,Greek God,236746,conan gray - greek god,350311,Conan Gray,Greek God,7KJXiuMXQu723ODChoxENp,60,2018,pop,0.572,0.82,6,-6.4,0,0.0764,0.157,7.21e-06,0.109,0.144,139.003,236747,4
2024-05-31 01:48,Conan Gray,Crush Culture,204120,conan gray - crush culture,350250,Conan Gray,Crush Culture,2sHwSBNDZN2yjCtgwStYt1,65,2018,pop,0.522,0.765,0,-5.395,1,0.193,0.146,0.0,0.0866,0.455,180.065,204120,4
2024-05-31 02:03,Conan Gray,People Watching,158536,conan gray - people watching,515647,Conan Gray,People Watching,4JeOesjcWWlprTAvucDSJX,67,2021,pop,0.53,0.593,5,-7.286,1,0.0545,0.385,0.0,0.314,0.538,125.723,158537,4
2024-05-31 02:15,Beach Bunny,Cloud 9,147350,beach bunny - cloud 9,454750,Beach Bunny,Cloud 9,6vFsBXYczYsP0H3lgunZOm,74,2020,indie-pop,0.637,0.929,4,-3.593,1,0.0491,0.00167,2.62e-05,0.344,0.902,80.974,147351,4
2024-05-31 02:18,Lana Del Rey,Young And Beautiful,236053,lana del rey - young and beautiful,93567,Lana Del Rey,Young And Beautiful,2nMeu6UenVvwUktBCpLMK9,81,2013,pop,0.324,0.416,11,-8.92,0,0.0368,0.262,3.69e-05,0.11,0.151,113.986,236053,4
2024-05-31 02:21,Conan Gray,Wish You Were Sober,168880,conan gray - wish you were sober,462038,Conan Gray,Wish You Were Sober,0kn2gu8Pd03DiYHzRvX2Xk,73,2020,pop,0.701,0.728,2,-5.226,1,0.0468,0.0178,0.0,0.17,0.696,91.071,168880,4
2024-05-31 02:24,Harry Styles,As It Was,167303,harry styles - as it was,569192,Harry Styles,As It Was,4LRPiXqCikLlN15c3yImP7,90,2022,pop,0.52,0.731,6,-5.338,0,0.0557,0.342,0.00101,0.311,0.662,173.93,167303,4
2024-05-31 02:30,Alec Benjamin,If We Have Each Other,181522,alec benjamin - if we have each other,327776,Alec Benjamin,If We Have Each Other,7pT6WSg4PCt4mr5ZFyUfsF,74,2018,electro,0.656,0.577,10,-5.566,0,0.0802,0.698,0.0,0.296,0.861,173.094,181522,4
2024-05-31 02:32,Beach Bunny,Prom Queen,136562,beach bunny - prom queen,342780,Beach Bunny,Prom Queen,6MpCaSIOfqBqbMED4kXgNY,77,2018,indie-pop,0.528,0.797,4,-7.487,1,0.0485,0.000391,0.011,0.14,0.751,143.785,136562,4
2024-05-31 02:35,Billie Eilish,Bored,180933,billie eilish - bored,271629,Billie Eilish,Bored,04sN26COy28wTXYj3dMoiZ,82,2017,electro,0.614,0.318,7,-12.695,1,0.0478,0.896,0.00239,0.0795,0.112,119.959,180933,4
2024-05-31 02:39,Conan Gray,Heather,198040,conan gray - heather,461994,Conan Gray,Heather,4xqrdfXkTW4T0RauPLv3WA,85,2020,pop,0.357,0.425,5,-7.301,1,0.0333,0.584,0.0,0.322,0.27,102.078,198040,3
2024-05-31 02:42,SYML,Where's My Love,202000,syml - where's my love,406399,SYML,Where's My Love,1B62o4CbdL9ckGvwsz2cgn,79,2019,pop,0.604,0.36,0,-10.109,0,0.0253,0.868,0.0343,0.112,0.37,103.985,202000,4
2024-05-31 02:46,Zeph,could you love me while i hate myself,60333,zeph - could you love me while i hate myself,508529,Zeph,could you love me while i hate myself,7uo2L5FAja3pWIBa3HJVeC,74,2021,indie-pop,0.68,0.406,9,-11.313,1,0.0414,0.782,0.00019,0.11,0.551,119.901,60333,4
2024-05-31 02:49,Harry Styles,Adore You,207133,harry styles - adore you,406373,Harry Styles,Adore You,3jjujdWJ72nww5eGnfs2E7,84,2019,pop,0.676,0.771,8,-3.675,1,0.0483,0.0237,7e-06,0.102,0.569,99.048,207133,4
2024-05-31 02:58,Conan Gray,Family Line,216094,conan gray - family line,569244,Conan Gray,Family Line,0iNZGC211wst3VjtobNnC5,76,2022,pop,0.326,0.397,6,-8.145,1,0.0461,0.619,0.0,0.0979,0.276,153.713,216095,3
2024-05-31 03:03,Sabrina Carpenter,Feather,185552,sabrina carpenter - feather,591140,Sabrina Carpenter,Feather,2Zo1PcszsT9WQ0ANntJbID,67,2023,dance,0.787,0.686,6,-4.37,0,0.0339,0.0893,0.0,0.0927,0.836,123.51,185553,4
2024-05-31 03:10,Melanie Martinez,Teacher's Pet,241893,melanie martinez - teacher's pet,384326,Melanie Martinez,Teacher's Pet,5o5akY9xnEk6lpMkD8RwD9,74,2019,electro,0.686,0.794,7,-6.136,0,0.0385,0.27,2.25e-05,0.125,0.532,140.952,241893,3
2024-05-31 03:13,Sara Kays,Remember That Night?,227186,sara kays - remember that night?,454756,Sara Kays,Remember That Night?,1nYzjrdVQ8RpF93M0jPFW7,72,2020,indie-pop,0.679,0.61,7,-10.936,0,0.0305,0.585,9.51e-05,0.156,0.554,123.978,227186,4
2024-05-31 03:16,Em Beihold,Numb Little Bug,169237,em beihold - numb little bug,577934,Em Beihold,Numb Little Bug,3o9kpgkIcffx0iSwxhuNI2,74,2022,singer-songwriter,0.742,0.527,8,-6.892,0,0.0769,0.327,0.0,0.25,0.638,84.974,169238,4
2024-05-31 03:19,Conan Gray,Maniac,185773,conan gray - maniac,462007,Conan Gray,Maniac,6KfoDhO4XUWSbnyKjNp9c4,77,2020,pop,0.628,0.639,8,-5.46,1,0.0435,0.00162,0.0,0.354,0.493,108.045,185773,4
2024-05-31 03:23,Sabrina Carpenter,because i liked a boy,196458,sabrina carpenter - because i liked a boy,541617,Sabrina Carpenter,because i liked a boy,32FhTAAjKZaBein150o3Px,71,2022,dance,0.386,0.592,11,-7.299,1,0.374,0.363,0.0,0.117,0.161,146.879,196458,4
2024-05-31 03:25,Olivia Rodrigo,brutal,143746,olivia rodrigo - brutal,515588,Olivia Rodrigo,brutal,6SRsiMl7w1USE4mFqrOhHC,77,2021,pop,0.672,0.526,4,-6.446,1,0.0599,0.0311,1.37e-06,0.28,0.28,123.999,143747,4
2024-05-31 03:29,Alec Benjamin,Water Fountain,218893,alec benjamin - water fountain,327775,Alec Benjamin,Water Fountain,4IhKLu7Vk3j2TLmnFPl6To,75,2018,electro,0.723,0.504,8,-5.572,1,0.0392,0.388,7.4e-05,0.087,0.551,133.975,218893,4
2024-05-31 03:32,Ashe,Till Forever Falls Apart,222926,ashe - till forever falls apart,494167,Ashe,Till Forever Falls Apart,4x5YzxjrF9wvIIXJV7TveC,70,2021,electro,0.346,0.501,2,-6.939,1,0.0364,0.421,0.0,0.0657,0.299,99.855,222927,4
2024-05-31 03:41,Conan Gray,Memories,248818,conan gray - memories,569229,Conan Gray,Memories,5UXJzLFdBn6u9FJTCnoHrH,81,2022,pop,0.34,0.684,11,-6.306,1,0.044,0.00979,0.0,0.348,0.556,112.969,248819,4
2024-05-31 03:44,Billie Eilish,ocean eyes,200560,billie eilish - ocean eyes,231075,Billie Eilish,ocean eyes,2uIX8YMNjGMD7441kqyyNU,67,2016,electro,0.475,0.37,4,-7.725,0,0.0361,0.819,0.0577,0.0841,0.157,144.828,200560,4
2024-05-31 03:47,Olivia Rodrigo,"jealousy, jealousy",173160,"olivia rodrigo - jealousy, jealousy",515579,Olivia Rodrigo,"jealousy, jealousy",0MMyJUC3WNnFS1lit5pTjk,80,2021,pop,0.695,0.575,10,-6.334,0,0.116,0.198,0.0,0.0614,0.699,163.929,173160,4
2024-05-31 03:50,Clairo,Sofia,188386,clairo - sofia,399069,Clairo,Sofia,7B3z0ySL9Rr0XvZEAjWZzM,78,2019,indie-pop,0.744,0.619,0,-9.805,1,0.039,0.598,0.00372,0.231,0.641,112.997,188387,4
2024-05-31 03:53,Arctic Monkeys,I Wanna Be Yours,183956,arctic monkeys - i wanna be yours,77591,Arctic Monkeys,I Wanna Be Yours,5XeFesFbtLpXzIVDNQP22n,91,2013,garage,0.464,0.417,0,-9.345,0,0.0256,0.136,0.022,0.0974,0.479,67.528,183956,4
2024-05-31 04:01,Ruth B.,Dandelions,233720,ruth b. - dandelions,293465,Ruth B.,Dandelions,2eAvDnpXP5W0cVtiI0PUxV,87,2017,pop,0.609,0.692,1,-2.958,1,0.0259,0.0157,0.0,0.0864,0.454,116.959,233720,3
2024-05-31 04:06,Billie Eilish,Happier Than Ever,298899,billie eilish - happier than ever,515571,Billie Eilish,Happier Than Ever,4RVwu0g32PAqgUiJoXsdF8,84,2021,pop,0.332,0.225,0,-8.697,1,0.0348,0.767,0.00349,0.128,0.297,81.055,298899,3
2024-05-31 04:10,Olivia Rodrigo,traitor,229226,olivia rodrigo - traitor,515570,Olivia Rodrigo,traitor,5CZ40GBx1sQ9agT82CLQCT,84,2021,pop,0.38,0.339,3,-7.885,1,0.0338,0.691,0.0,0.12,0.0849,100.607,229227,4
2024-05-31 04:14,New West,Those Eyes,220750,new west - those eyes,399063,New West,Those Eyes,50x1Ic8CaXkYNvjmxe3WXy,87,2019,indie-pop,0.593,0.352,4,-8.296,1,0.0284,0.695,2.22e-05,0.3,0.226,119.988,220750,3
2024-05-31 04:17,Dove Cameron,Boyfriend,153000,dove cameron - boyfriend,569224,Dove Cameron,Boyfriend,59CfNbkERJ3NoTXDvoURjj,81,2022,pop,0.345,0.612,7,-6.543,0,0.0608,0.232,0.0,0.194,0.232,179.773,153000,3
2024-05-31 04:20,Melanie Martinez,Pacify Her,220013,melanie martinez - pacify her,175402,Melanie Martinez,Pacify Her,360Wr96ywrCQq4kTAJ8Pq6,77,2015,electro,0.576,0.593,9,-6.024,0,0.0306,0.0467,0.000767,0.237,0.373,157.993,220013,4
2024-05-31 04:24,Ruelle,War Of Hearts,226216,ruelle - war of hearts,175420,Ruelle,War Of Hearts,4R8BdwRidxAWaYyFNU00P1,69,2015,electro,0.479,0.781,9,-6.344,0,0.124,0.221,0.55,0.0964,0.258,147.961,226216,3
2024-05-31 04:33,Suki Waterhouse,Good Looking,214800,suki waterhouse - good looking,561974,Suki Waterhouse,Good Looking,0j3mqDTK4Z6lvrLzFCUUz6,78,2022,indie-pop,0.364,0.554,4,-9.076,1,0.0301,0.077,0.000297,0.125,0.257,150.079,214800,3
2024-05-31 04:43,Lizzy McAlpine,ceilings,182887,lizzy mcalpine - ceilings,549416,Lizzy McAlpine,ceilings,2L9N0zZnd37dwF0clgxMGI,89,2022,folk,0.516,0.322,9,-11.762,1,0.0292,0.473,0.00194,0.215,0.261,148.005,182888,3
2024-05-31 04:46,One Direction,Night Changes,226600,one direction - night changes,146771,One Direction,Night Changes,5O2P9iiztwhomNh8xkR9lJ,86,2014,pop,0.672,0.52,8,-7.747,1,0.0353,0.859,0.0,0.115,0.37,120.001,226600,4
2024-05-31 04:50,Seafret,Atlantis,229173,seafret - atlantis,232723,Seafret,Atlantis,1Fid2jjqsHViMX6xNH70hE,85,2016,folk,0.4,0.479,8,-7.989,0,0.0308,0.0529,2.14e-06,0.115,0.213,166.159,229173,4
2024-05-31 04:53,Wallows,Are You Bored Yet? (feat. Clairo),178000,wallows - are you bored yet? (feat. clairo),399066,Wallows,Are You Bored Yet? (feat. Clairo),57RA3JGafJm5zRtKJiKPIm,77,2019,indie-pop,0.682,0.683,8,-6.444,0,0.0287,0.156,2.32e-05,0.273,0.64,120.023,178000,4
2024-05-31 05:02,Djo,End of Beginning,159245,djo - end of beginning,569335,Djo,End of Beginning,3qhlB30KknSejmIvZZLjOD,66,2022,pop,0.689,0.454,2,-7.643,1,0.0584,0.0351,0.00259,0.0707,0.912,159.982,159246,4
2024-05-31 05:06,Lana Del Rey,Summertime Sadness,264773,lana del rey - summertime sadness,40349,Lana Del Rey,Summertime Sadness,1Ist6PR2BZR3n2z2Y5R6S1,73,2012,pop,0.566,0.647,1,-6.815,0,0.0335,0.0477,0.0,0.121,0.22,111.96,264773,4
2024-05-31 05:09,Gracie Abrams,"I miss you, I’m sorry",167538,"gracie abrams - i miss you, i’m sorry",462026,Gracie Abrams,"I miss you, I’m sorry",4nyF5lmSziBAt7ESAUjpbx,75,2020,pop,0.445,0.455,7,-6.405,1,0.0575,0.731,1.47e-06,0.124,0.151,109.885,167538,5
2024-05-31 05:12,Stephen Sanchez,Until I Found You,176666,stephen sanchez - until i found you,515573,Stephen Sanchez,Until I Found You,0T5iIrXA4p5GsubkhuBIKV,85,2021,pop,0.539,0.508,10,-6.05,1,0.0288,0.727,0.0,0.174,0.227,101.358,177720,3
2024-05-31 05:15,Billie Eilish,idontwannabeyouanymore,203569,billie eilish - idontwannabeyouanymore,271630,Billie Eilish,idontwannabeyouanymore,41zXlQxzTi6cGAjpOXyLYH,79,2017,electro,0.483,0.412,7,-8.461,1,0.0402,0.737,0.0,0.116,0.247,170.163,203569,3
2024-05-31 05:18,Olivia Rodrigo,happier,175933,olivia rodrigo - happier,515580,Olivia Rodrigo,happier,2tGvwE8GcFKwNdAXMnlbfl,82,2021,pop,0.395,0.443,6,-9.72,1,0.133,0.765,9.67e-06,0.0839,0.338,168.924,175933,3
2024-05-31 05:22,The Neighbourhood,Sweater Weather,240400,the neighbourhood - sweater weather,1800,The Neighbourhood,Sweater Weather,4pGqFOfzvfe6avb9kbZicC,60,2012,alt-rock,0.695,0.615,7,-5.325,0,0.042,0.15,0.000212,0.0879,0.414,124.015,240040,4
2024-05-31 05:27,Alec Benjamin,If I Killed Someone For You,185122,alec benjamin - if i killed someone for you,327779,Alec Benjamin,If I Killed Someone For You,0WHi11uzahqpEtPGYCW6oQ,70,2018,electro,0.514,0.605,7,-5.363,1,0.0337,0.774,2.91e-06,0.121,0.409,120.894,185123,4
2024-05-31 05:29,Mitski,Washing Machine Heart,128198,mitski - washing machine heart,342776,Mitski,Washing Machine Heart,3jjsRKEsF42ccXf8kWR3nu,81,2018,indie-pop,0.613,0.822,9,-4.087,1,0.026,0.0092,0.506,0.429,0.567,105.997,128199,4
2024-05-31 05:32,Melanie Martinez,Training Wheels,205680,melanie martinez - training wheels,175404,Melanie Martinez,Training Wheels,3EGW6TGGbdk6Ys1Y3HU3lj,72,2015,electro,0.571,0.481,9,-7.179,1,0.0444,0.697,0.0,0.089,0.0807,113.753,205680,4
2024-05-31 05:40,Olivia Rodrigo,deja vu,215506,olivia rodrigo - deja vu,515572,Olivia Rodrigo,deja vu,6HU7h9RYOaPRFeh0R3UeAr,83,2021,pop,0.442,0.612,2,-7.222,1,0.112,0.584,5.7e-06,0.37,0.178,180.917,215507,4
2024-05-31 05:48,Troye Sivan,Strawberries & Cigarettes,201538,troye sivan - strawberries & cigarettes,321050,Troye Sivan,Strawberries & Cigarettes,3afkJSKX0EAMsJXTZnDXXJ,78,2018,dance,0.578,0.537,9,-8.676,1,0.0832,0.162,0.0,0.076,0.25,83.909,201539,4
2024-05-31 05:53,d4vd,Romantic Homicide,132630,d4vd - romantic homicide,569185,d4vd,Romantic Homicide,1xK59OXxi2TAAAbmZK0kBL,90,2022,pop,0.571,0.544,6,-10.613,1,0.0299,0.453,0.00805,0.322,0.216,132.052,132631,4
2024-05-31 05:56,girl in red,we fell in love in october,184153,girl in red - we fell in love in october,342777,girl in red,we fell in love in october,6IPwKM3fUUzlElbvKw2sKl,82,2018,indie-pop,0.566,0.366,7,-12.808,1,0.028,0.113,0.181,0.155,0.237,129.96,184154,4
2024-05-31 06:03,Billie Eilish,TV,281380,billie eilish - tv,569199,Billie Eilish,TV,3GYlZ7tbxLOxe6ewMNVTkw,84,2022,pop,0.412,0.236,4,-15.159,0,0.0379,0.83,0.00653,0.147,0.119,140.214,281381,4
2024-05-31 06:14,Melanie Martinez,Mrs. Potato Head,51804,melanie martinez - mrs. potato head,175418,Melanie Martinez,Mrs. Potato Head,3K1tdhoeE6koNnWgAxEK9Y,68,2015,electro,0.517,0.622,1,-3.536,0,0.0577,0.174,0.0,0.105,0.463,170.154,217507,4
2024-05-31 18:53,Melanie Martinez,Mrs. Potato Head,208635,melanie martinez - mrs. potato head,175418,Melanie Martinez,Mrs. Potato Head,3K1tdhoeE6koNnWgAxEK9Y,68,2015,electro,0.517,0.622,1,-3.536,0,0.0577,0.174,0.0,0.105,0.463,170.154,217507,4
2024-05-31 18:56,Nessa Barrett,die first,177108,nessa barrett - die first,547744,Nessa Barrett,die first,3TfDUStpnEVIlsNlgcKQgJ,69,2022,electro,0.444,0.669,8,-6.727,0,0.125,0.0669,0.0,0.124,0.44,183.441,177109,4
2024-05-31 21:44,Jaymes Young,Feel Something,776,jaymes young - feel something,286659,Jaymes Young,Feel Something,0vMI3AJPQMjytAu8XMWr65,62,2017,indie-pop,0.61,0.59,11,-7.325,0,0.0362,0.694,2.32e-06,0.15,0.352,137.838,217400,4
2024-05-31 21:44,Jaymes Young,Feel Something,481,jaymes young - feel something,286659,Jaymes Young,Feel Something,0vMI3AJPQMjytAu8XMWr65,62,2017,indie-pop,0.61,0.59,11,-7.325,0,0.0362,0.694,2.32e-06,0.15,0.352,137.838,217400,4
2024-05-31 21:44,Ashe,Moral of the Story (feat. Niall Horan) - Bonus Track,482,ashe - moral of the story (feat. niall horan) - bonus track,494170,Ashe,Moral of the Story (feat. Niall Horan) - Bonus Track,5v6qYImm5k36GHlFxdEZyv,72,2021,electro,0.579,0.37,10,-8.9,1,0.0383,0.496,0.0,0.221,0.216,119.799,198515,4
2024-05-31 21:44,Ashe,Moral of the Story (feat. Niall Horan) - Bonus Track,575,ashe - moral of the story (feat. niall horan) - bonus track,494170,Ashe,Moral of the Story (feat. Niall Horan) - Bonus Track,5v6qYImm5k36GHlFxdEZyv,72,2021,electro,0.579,0.37,10,-8.9,1,0.0383,0.496,0.0,0.221,0.216,119.799,198515,4
2024-05-31 21:44,Olivia Rodrigo,good 4 u,668,olivia rodrigo - good 4 u,515567,Olivia Rodrigo,good 4 u,4ZtFanR9U6ndgddUvNcjcG,84,2021,pop,0.563,0.664,9,-5.044,1,0.154,0.335,0.0,0.0849,0.688,166.928,178147,4
2024-05-31 21:44,Conan Gray,Astronomy,760,conan gray - astronomy,515671,Conan Gray,Astronomy,0KmgJyW4GDgonqsoyx0CZ3,68,2021,pop,0.471,0.335,4,-8.767,0,0.0273,0.593,2.11e-05,0.297,0.111,145.252,243907,3
2024-05-31 21:44,Conan Gray,Astronomy,0,conan gray - astronomy,515671,Conan Gray,Astronomy,0KmgJyW4GDgonqsoyx0CZ3,68,2021,pop,0.471,0.335,4,-8.767,0,0.0273,0.593,2.11e-05,0.297,0.111,145.252,243907,3
2024-05-31 21:44,Conan Gray,Astronomy,621,conan gray - astronomy,515671,Conan Gray,Astronomy,0KmgJyW4GDgonqsoyx0CZ3,68,2021,pop,0.471,0.335,4,-8.767,0,0.0273,0.593,2.11e-05,0.297,0.111,145.252,243907,3
2024-05-31 21:44,Taylor Swift,cardigan,838,taylor swift - cardigan,461996,Taylor Swift,cardigan,4R2kfaDFhslZEMJqAFNpdd,84,2020,pop,0.613,0.581,0,-8.588,0,0.0424,0.537,0.000345,0.25,0.551,130.033,239560,4
2024-05-31 21:44,Gracie Abrams,Mess It Up,777,gracie abrams - mess it up,515689,Gracie Abrams,Mess It Up,0PLhwCmQ7cC3ThRGPn3HxF,68,2021,pop,0.765,0.582,0,-4.528,1,0.12,0.245,8.21e-05,0.154,0.36,132.992,171280,4
2024-05-31 21:44,Billie Eilish,listen before i go,580,billie eilish - listen before i go,406393,Billie Eilish,listen before i go,0tMSssfxAL2oV8Vri0mFHE,75,2019,pop,0.319,0.0561,0,-23.023,1,0.045,0.935,0.00384,0.388,0.082,79.764,242652,3
2024-05-31 21:48,Ashe,Moral of the Story (feat. Niall Horan) - Bonus Track,198515,ashe - moral of the story (feat. niall horan) - bonus track,494170,Ashe,Moral of the Story (feat. Niall Horan) - Bonus Track,5v6qYImm5k36GHlFxdEZyv,72,2021,electro,0.579,0.37,10,-8.9,1,0.0383,0.496,0.0,0.221,0.216,119.799,198515,4
2024-05-31 21:52,Conan Gray,Astronomy,243907,conan gray - astronomy,515671,Conan Gray,Astronomy,0KmgJyW4GDgonqsoyx0CZ3,68,2021,pop,0.471,0.335,4,-8.767,0,0.0273,0.593,2.11e-05,0.297,0.111,145.252,243907,3
2024-05-31 22:32,Jaymes Young,Feel Something,108112,jaymes young - feel something,286659,Jaymes Young,Feel Something,0vMI3AJPQMjytAu8XMWr65,62,2017,indie-pop,0.61,0.59,11,-7.325,0,0.0362,0.694,2.32e-06,0.15,0.352,137.838,217400,4
2024-06-02 16:32,Ankit Tiwari,Tu Hai Ki Nahi,333922,ankit tiwari - tu hai ki nahi,197901,Ankit Tiwari,Tu Hai Ki Nahi,4brSaQIT3bnnE41D042fgL,63,2015,pop-film,0.535,0.754,10,-4.77,0,0.0562,0.458,1.6e-06,0.302,0.435,143.862,333922,4
2024-06-02 16:37,Arijit Singh,"Mere Yaaraa (From ""Sooryavanshi"")",285163,"arijit singh - mere yaaraa (from ""sooryavanshi"")",515908,Arijit Singh,"Mere Yaaraa (From ""Sooryavanshi"")",0tpwqQhdfJXRcUDSNRjb9O,71,2021,pop-film,0.324,0.539,2,-8.076,1,0.038,0.713,3.15e-05,0.118,0.486,120.526,285164,4
2024-06-02 16:49,Ajay-Atul,Abhi Mujh Mein Kahin,364786,ajay-atul - abhi mujh mein kahin,1451677,Ajay-Atul,Abhi Mujh Mein Kahin,73y649QhnXdcm6fRdvfraO,64,2011,pop,0.334,0.387,2,-9.483,1,0.0332,0.755,3.94e-05,0.113,0.42,129.959,364787,1
2024-06-02 16:53,Sona Mohapatra,Ambarsariya,248182,sona mohapatra - ambarsariya,93732,Sona Mohapatra,Ambarsariya,4qRcjFkFqSpLBzcbLDt7HL,63,2013,pop,0.649,0.458,4,-7.632,0,0.0446,0.574,0.0,0.113,0.748,180.071,248182,4
2024-06-02 16:58,Vishal Dadlani,Ik Junoon (Paint It Red),299119,vishal dadlani - ik junoon (paint it red),1451643,Vishal Dadlani,Ik Junoon (Paint It Red),7e6qTHVfRdaYsio90s1fHC,58,2011,pop,0.79,0.848,2,-7.798,1,0.0508,0.364,0.00147,0.148,0.641,127.034,299119,4
2024-06-02 17:24,Pritam,Teri Jhuki Nazar,216340,pritam - teri jhuki nazar,86657,Pritam,Teri Jhuki Nazar,3beYHVCFKzbdNjJqjKeYpM,64,2013,indian,0.386,0.815,11,-3.395,1,0.0417,0.707,0.0,0.159,0.349,124.293,279187,4
2024-06-04 20:40,Pritam,Teri Jhuki Nazar,4036,pritam - teri jhuki nazar,86657,Pritam,Teri Jhuki Nazar,3beYHVCFKzbdNjJqjKeYpM,64,2013,indian,0.386,0.815,11,-3.395,1,0.0417,0.707,0.0,0.159,0.349,124.293,279187,4
2024-06-04 20:47,Vishal Dadlani,Ik Junoon (Paint It Red),299119,vishal dadlani - ik junoon (paint it red),1451643,Vishal Dadlani,Ik Junoon (Paint It Red),7e6qTHVfRdaYsio90s1fHC,58,2011,pop,0.79,0.848,2,-7.798,1,0.0508,0.364,0.00147,0.148,0.641,127.034,299119,4
2024-06-04 20:53,Ajay-Atul,Abhi Mujh Mein Kahin,364786,ajay-atul - abhi mujh mein kahin,1451677,Ajay-Atul,Abhi Mujh Mein Kahin,73y649QhnXdcm6fRdvfraO,64,2011,pop,0.334,0.387,2,-9.483,1,0.0332,0.755,3.94e-05,0.113,0.42,129.959,364787,1
2024-06-04 21:03,Anu Malik,Moh Moh Ke Dhaage (Female),2461,anu malik - moh moh ke dhaage (female),197898,Anu Malik,Moh Moh Ke Dhaage (Female),7uubRr0u9Zxc1Y84hEn7Xf,62,2015,pop-film,0.585,0.399,2,-8.133,1,0.0286,0.849,3.47e-06,0.123,0.349,128.03,322900,4
2024-06-04 21:03,Joi Barua,Dil Dhadakne Do,1267,joi barua - dil dhadakne do,1439779,Joi Barua,Dil Dhadakne Do,46elU7IBKWf55D5sjHGqO7,59,2011,indian,0.778,0.599,2,-4.758,1,0.032,0.0705,0.0,0.59,0.949,116.951,230319,4
2024-06-04 21:03,Joi Barua,Dil Dhadakne Do,230318,joi barua - dil dhadakne do,1439779,Joi Barua,Dil Dhadakne Do,46elU7IBKWf55D5sjHGqO7,59,2011,indian,0.778,0.599,2,-4.758,1,0.032,0.0705,0.0,0.59,0.949,116.951,230319,4
2024-06-04 21:14,Joi Barua,Dil Dhadakne Do,64492,joi barua - dil dhadakne do,1439779,Joi Barua,Dil Dhadakne Do,46elU7IBKWf55D5sjHGqO7,59,2011,indian,0.778,0.599,2,-4.758,1,0.032,0.0705,0.0,0.59,0.949,116.951,230319,4
2024-06-06 21:30,Joi Barua,Dil Dhadakne Do,232444,joi barua - dil dhadakne do,1439779,Joi Barua,Dil Dhadakne Do,46elU7IBKWf55D5sjHGqO7,59,2011,indian,0.778,0.599,2,-4.758,1,0.032,0.0705,0.0,0.59,0.949,116.951,230319,4
2024-06-06 21:42,Pritam,Tum Mile,343786,pritam - tum mile,245097,Pritam,Tum Mile,67JjRNMOsAxl7jR2oKEk7z,14,2016,indian,0.738,0.798,0,-6.663,1,0.0334,0.32,5.15e-06,0.31,0.793,123.01,343787,4
2024-06-06 21:47,Shankar-Ehsaan-Loy,Tere Naina,176565,shankar-ehsaan-loy - tere naina,94523,Shankar-Ehsaan-Loy,Tere Naina,7GVSKFOw4k0ZGHL6L7t1vj,26,2013,pop-film,0.516,0.804,0,-5.059,1,0.0516,0.588,0.0,0.146,0.734,92.709,278587,4
2024-06-07 15:55,Arijit Singh,"Itni Si Baat Hain (From ""Azhar"")",1011,"arijit singh - itni si baat hain (from ""azhar"")",293965,Arijit Singh,"Itni Si Baat Hain (From ""Azhar"")",55TlMMnPJTk9Qq6CrqB6dx,35,2017,pop-film,0.559,0.768,2,-4.77,1,0.0656,0.494,0.0,0.0844,0.289,155.777,294847,4
2024-06-07 15:55,Ritviz,Baaraat,1568,ritviz - baaraat,494038,Ritviz,Baaraat,0YLSjVxSb5FT1Bo8Tnxr8j,61,2021,edm,0.678,0.449,4,-9.379,0,0.0869,0.477,0.0,0.536,0.606,100.033,222096,4
2024-06-07 15:55,Anu Malik,Moh Moh Ke Dhaage (Female),967,anu malik - moh moh ke dhaage (female),197898,Anu Malik,Moh Moh Ke Dhaage (Female),7uubRr0u9Zxc1Y84hEn7Xf,62,2015,pop-film,0.585,0.399,2,-8.133,1,0.0286,0.849,3.47e-06,0.123,0.349,128.03,322900,4
2024-06-07 15:55,Shankar-Ehsaan-Loy,Tere Naina,203,shankar-ehsaan-loy - tere naina,94523,Shankar-Ehsaan-Loy,Tere Naina,7GVSKFOw4k0ZGHL6L7t1vj,26,2013,pop-film,0.516,0.804,0,-5.059,1,0.0516,0.588,0.0,0.146,0.734,92.709,278587,4
2024-06-07 16:00,Farhan Akhtar,Senorita,229575,farhan akhtar - senorita,1439777,Farhan Akhtar,Senorita,3TAhWtQnpoL5Vl9VQPl9fU,62,2011,indian,0.701,0.681,9,-6.442,1,0.0466,0.134,0.0,0.064,0.81,122.539,229576,4
2024-06-07 16:09,Sona Mohapatra,Ambarsariya,248182,sona mohapatra - ambarsariya,93732,Sona Mohapatra,Ambarsariya,4qRcjFkFqSpLBzcbLDt7HL,63,2013,pop,0.649,0.458,4,-7.632,0,0.0446,0.574,0.0,0.113,0.748,180.071,248182,4
2024-06-07 23:54,Pritam,Ilahi,228982,pritam - ilahi,86650,Pritam,Ilahi,5cgKosPPj5Cs9a2JQufUc1,66,2013,indian,0.593,0.967,9,-5.767,1,0.0907,0.166,2.54e-05,0.105,0.452,131.988,228982,4
2024-06-08 00:04,Shafqat Amanat Ali,Dildaara (Stand By Me),249660,shafqat amanat ali - dildaara (stand by me),1451438,Shafqat Amanat Ali,Dildaara (Stand By Me),6ZoCBDOB308GqUdt2AJrV2,66,2011,pop,0.622,0.779,9,-5.799,1,0.037,0.102,0.000934,0.145,0.761,100.013,249661,4
2024-06-08 00:08,Joi Barua,Dil Dhadakne Do,230318,joi barua - dil dhadakne do,1439779,Joi Barua,Dil Dhadakne Do,46elU7IBKWf55D5sjHGqO7,59,2011,indian,0.778,0.599,2,-4.758,1,0.032,0.0705,0.0,0.59,0.949,116.951,230319,4
2024-06-08 00:24,Mithoon,"Darkhaast (feat. Arijit Singh, Sunidhi Chauhan)",347789,"mithoon - darkhaast (feat. arijit singh, sunidhi chauhan)",294468,Mithoon,"Darkhaast (feat. Arijit Singh, Sunidhi Chauhan)",5yJmQkLzqqgfVg9sYt3KVZ,16,2017,pop-film,0.523,0.557,7,-7.799,1,0.0293,0.813,0.000581,0.0958,0.196,111.766,374205,4
2024-06-08 05:01,fun.,Carry On,278373,fun. - carry on,40379,fun.,Carry On,7gpy7sfWPNuOKmUNs3XQYE,58,2012,pop,0.388,0.694,5,-5.769,1,0.0735,0.118,0.000293,0.082,0.365,145.434,278373,5
2024-06-08 05:13,Panic! At The Disco,C'mon - Single Version,88446,panic! at the disco - c'mon - single version,1457507,Panic! At The Disco,C'mon - Single Version,53c9tTEHXWL5GkYNalbXZ3,52,2011,rock,0.38,0.489,0,-7.027,1,0.0362,0.0351,0.00243,0.081,0.337,127.097,214431,4
2024-06-09 16:02,fun.,Carry On,278373,fun. - carry on,40379,fun.,Carry On,7gpy7sfWPNuOKmUNs3XQYE,58,2012,pop,0.388,0.694,5,-5.769,1,0.0735,0.118,0.000293,0.082,0.365,145.434,278373,5
2024-06-09 16:19,Conan Gray,Astronomy,243907,conan gray - astronomy,515671,Conan Gray,Astronomy,0KmgJyW4GDgonqsoyx0CZ3,68,2021,pop,0.471,0.335,4,-8.767,0,0.0273,0.593,2.11e-05,0.297,0.111,145.252,243907,3
2024-06-09 16:33,Billie Eilish,Oxytocin,210232,billie eilish - oxytocin,494178,Billie Eilish,Oxytocin,4t2OeILB07eMGTXSUbMPEu,68,2021,electro,0.757,0.598,11,-7.777,1,0.058,0.0904,0.551,0.15,0.18,124.951,210233,4
2024-06-09 16:37,Fitz and The Tantrums,Out of My League,209386,fitz and the tantrums - out of my league,56397,Fitz and The Tantrums,Out of My League,2AYEOC02WLhUiOoaig2SEH,71,2013,alt-rock,0.545,0.968,9,-3.553,0,0.0853,0.0387,0.00325,0.331,0.527,169.965,209386,4
2024-06-09 17:06,Arctic Monkeys,Why'd You Only Call Me When You're High?,161123,arctic monkeys - why'd you only call me when you're high?,77592,Arctic Monkeys,Why'd You Only Call Me When You're High?,086myS9r57YsLbJpU0TgK9,85,2013,garage,0.691,0.631,2,-6.478,1,0.0368,0.0483,1.13e-05,0.104,0.8,92.004,161124,4
2024-06-09 17:10,Anuv Jain,Riha,287312,anuv jain - riha,398195,Anuv Jain,Riha,6Ln89sczgIcAJXGAIdS94R,58,2019,indian,0.389,0.148,3,-11.011,1,0.03,0.897,0.0,0.114,0.4,142.611,287324,4
2024-06-09 20:06,Olivia Rodrigo,deja vu,109807,olivia rodrigo - deja vu,515572,Olivia Rodrigo,deja vu,6HU7h9RYOaPRFeh0R3UeAr,83,2021,pop,0.442,0.612,2,-7.222,1,0.112,0.584,5.7e-06,0.37,0.178,180.917,215507,4
2024-06-09 23:41,Arctic Monkeys,I Wanna Be Yours,183956,arctic monkeys - i wanna be yours,77591,Arctic Monkeys,I Wanna Be Yours,5XeFesFbtLpXzIVDNQP22n,91,2013,garage,0.464,0.417,0,-9.345,0,0.0256,0.136,0.022,0.0974,0.479,67.528,183956,4
2024-06-09 23:45,Arctic Monkeys,505,253586,arctic monkeys - 505,1145378,Arctic Monkeys,505,58ge6dfP91o9oXMzq3XkIS,80,2007,garage,0.52,0.852,0,-5.866,1,0.0543,0.00237,5.79e-05,0.0733,0.234,140.267,253587,4
2024-06-09 23:49,Grimes,Kill V. Maim,246013,grimes - kill v. maim,175427,Grimes,Kill V. Maim,3WXhshrs1fzwF3rQE399Gq,62,2015,electro,0.578,0.947,11,-2.431,0,0.0359,0.00744,0.0816,0.105,0.456,134.033,246007,4
2024-06-09 23:52,Maroon 5,Memories,189486,maroon 5 - memories,515583,Maroon 5,Memories,4cktbXiXOapiLBMprHFErI,84,2021,pop,0.775,0.327,11,-7.241,1,0.0557,0.841,0.0,0.0821,0.595,91.05,189486,4
2024-06-09 23:56,Taylor Swift,Cruel Summer,178426,taylor swift - cruel summer,406369,Taylor Swift,Cruel Summer,1BxfuPKGuaTgP7aM0Bbdwr,83,2019,pop,0.552,0.702,9,-5.707,1,0.157,0.117,2.06e-05,0.105,0.564,169.994,178427,4
2024-06-10 00:06,Taylor Swift,Blank Space,27285,taylor swift - blank space,146765,Taylor Swift,Blank Space,1p80LdxRV74UKvL8gnD7ky,76,2014,pop,0.753,0.678,5,-5.421,1,0.0644,0.085,1.64e-06,0.13,0.583,96.006,231827,4
2024-06-10 18:15,Arctic Monkeys,I Wanna Be Yours,183956,arctic monkeys - i wanna be yours,77591,Arctic Monkeys,I Wanna Be Yours,5XeFesFbtLpXzIVDNQP22n,91,2013,garage,0.464,0.417,0,-9.345,0,0.0256,0.136,0.022,0.0974,0.479,67.528,183956,4
2024-06-10 18:19,Arctic Monkeys,505,253586,arctic monkeys - 505,1145378,Arctic Monkeys,505,58ge6dfP91o9oXMzq3XkIS,80,2007,garage,0.52,0.852,0,-5.866,1,0.0543,0.00237,5.79e-05,0.0733,0.234,140.267,253587,4
2024-06-10 18:39,Arctic Monkeys,505,253586,arctic monkeys - 505,1145378,Arctic Monkeys,505,58ge6dfP91o9oXMzq3XkIS,80,2007,garage,0.52,0.852,0,-5.866,1,0.0543,0.00237,5.79e-05,0.0733,0.234,140.267,253587,4
2024-06-10 18:46,Ed Sheeran,Thinking out Loud,281560,ed sheeran - thinking out loud,93582,Ed Sheeran,Thinking out Loud,1Slwb6dOYkBlWal1PGtnNg,64,2013,pop,0.781,0.445,2,-6.061,1,0.0295,0.474,0.0,0.184,0.591,78.998,281560,4
2024-06-10 18:49,SZA,Kill Bill,153946,sza - kill bill,569184,SZA,Kill Bill,1Qrg8KqiBpW07V7PNxwwwL,94,2022,pop,0.644,0.735,8,-5.747,1,0.0391,0.0521,0.144,0.161,0.418,88.98,153947,4
2024-06-10 18:52,Imagine Dragons,Whatever It Takes,201240,imagine dragons - whatever it takes,297310,Imagine Dragons,Whatever It Takes,6Qn5zhYkTa37e91HC1D7lb,80,2017,rock,0.672,0.655,10,-5.021,0,0.0311,0.0362,0.0,0.117,0.556,134.945,201240,4
2024-06-10 19:05,Rihanna,Diamonds,62945,rihanna - diamonds,40343,Rihanna,Diamonds,1z9kQ14XBSN0r2v6fx4IdG,75,2012,pop,0.564,0.71,11,-4.92,0,0.0461,0.00125,0.0,0.109,0.393,91.972,225147,4
2024-06-10 22:30,Rihanna,Diamonds,2726,rihanna - diamonds,40343,Rihanna,Diamonds,1z9kQ14XBSN0r2v6fx4IdG,75,2012,pop,0.564,0.71,11,-4.92,0,0.0461,0.00125,0.0,0.109,0.393,91.972,225147,4
2024-06-10 22:33,Doja Cat,Kiss Me More (feat. SZA),208666,doja cat - kiss me more (feat. sza),487896,Doja Cat,Kiss Me More (feat. SZA),3DarAbFujv6eYNliUTyqtz,80,2021,dance,0.764,0.705,8,-3.463,1,0.0284,0.259,8.92e-05,0.12,0.781,110.97,208667,4
2024-06-10 22:42,Alec Benjamin,If We Have Each Other,181522,alec benjamin - if we have each other,327776,Alec Benjamin,If We Have Each Other,7pT6WSg4PCt4mr5ZFyUfsF,74,2018,electro,0.656,0.577,10,-5.566,0,0.0802,0.698,0.0,0.296,0.861,173.094,181522,4
2024-06-10 22:49,Avicii,Waiting For Love,230613,avicii - waiting for love,174628,Avicii,Waiting For Love,2P4OICZRVAQcYAV2JReRfj,81,2015,edm,0.579,0.736,6,-3.863,0,0.0527,0.31,0.0,0.198,0.613,127.999,230613,4
2024-06-10 22:52,Imagine Dragons,Enemy (with JID) - from the series Arcane League of Legends,173381,imagine dragons - enemy (with jid) - from the series arcane league of legends,519370,Imagine Dragons,Enemy (with JID) - from the series Arcane League of Legends,1r9xUipOqoNwggBpENDsvJ,81,2021,rock,0.728,0.783,11,-4.424,0,0.266,0.237,0.0,0.434,0.555,77.011,173381,4
2024-06-10 22:56,Lana Del Rey,Summertime Sadness,264773,lana del rey - summertime sadness,40349,Lana Del Rey,Summertime Sadness,1Ist6PR2BZR3n2z2Y5R6S1,73,2012,pop,0.566,0.647,1,-6.815,0,0.0335,0.0477,0.0,0.121,0.22,111.96,264773,4
2024-06-10 23:00,Lady Gaga,Shallow,215733,lady gaga - shallow,321016,Lady Gaga,Shallow,2VxeLyX666F8uXCJ0dZF8B,83,2018,dance,0.572,0.385,7,-6.362,1,0.0308,0.371,0.0,0.231,0.323,95.799,215733,4
2024-06-10 23:04,Maroon 5,Sugar,235493,maroon 5 - sugar,146779,Maroon 5,Sugar,2iuZJX9X9P0GKaE93xcPjk,80,2014,pop,0.748,0.788,1,-7.055,1,0.0334,0.0591,0.0,0.0863,0.884,120.076,235493,4
2024-06-10 23:07,Zara Larsson,Lush Life,201122,zara larsson - lush life,264793,Zara Larsson,Lush Life,1rIKgCH4H52lrvDcz50hS8,76,2017,dance,0.694,0.712,7,-3.923,0,0.046,0.132,0.0,0.211,0.799,98.023,201122,4
2024-06-10 23:11,Maroon 5,One More Night,219466,maroon 5 - one more night,40351,Maroon 5,One More Night,4XNrMwGx1SqP01sqkGTDmo,69,2012,pop,0.718,0.82,5,-3.453,0,0.0323,0.0444,0.0,0.0846,0.613,92.998,219467,4
2024-06-10 23:15,One Direction,Perfect,230333,one direction - perfect,197553,One Direction,Perfect,3NLnwwAQbbFKcEcV8hDItk,77,2015,pop,0.647,0.823,2,-5.231,1,0.0762,0.0598,0.0,0.119,0.396,99.933,230333,4
2024-06-14 02:33,Trevor Daniel,Falling,6862,trevor daniel - falling,350268,Trevor Daniel,Falling,26XaOsDMbl0e1cVKYfkz6w,70,2018,pop,0.785,0.431,10,-8.756,0,0.0364,0.123,0.0,0.0887,0.236,127.085,159382,4
2024-06-14 02:33,Trevor Daniel,Falling,1650,trevor daniel - falling,350268,Trevor Daniel,Falling,26XaOsDMbl0e1cVKYfkz6w,70,2018,pop,0.785,0.431,10,-8.756,0,0.0364,0.123,0.0,0.0887,0.236,127.085,159382,4
2024-06-14 02:44,Lorde,Supercut,277506,lorde - supercut,293521,Lorde,Supercut,6K8VQ84MqhsoakN5MjrnVR,69,2017,pop,0.562,0.437,0,-10.229,1,0.052,0.219,2.18e-05,0.0806,0.15,124.852,277506,4
2024-06-14 02:48,Lorde,Perfect Places,221874,lorde - perfect places,293527,Lorde,Perfect Places,7ARveOiD31w2Nq0n5FsSf8,68,2017,pop,0.622,0.58,1,-5.273,0,0.0504,0.00241,2.95e-05,0.112,0.512,104.41,221874,4
2024-06-14 03:00,Chappell Roan,My Kink Is Karma,137587,chappell roan - my kink is karma,562106,Chappell Roan,My Kink is Karma,5nutMjOPSSB9I9CUGOg8lm,53,2022,indie-pop,0.582,0.526,2,-6.201,1,0.0624,0.0621,0.0,0.0847,0.273,86.256,222578,4
2024-06-14 03:05,Chappell Roan,My Kink Is Karma,84995,chappell roan - my kink is karma,562106,Chappell Roan,My Kink is Karma,5nutMjOPSSB9I9CUGOg8lm,53,2022,indie-pop,0.582,0.526,2,-6.201,1,0.0624,0.0621,0.0,0.0847,0.273,86.256,222578,4
2024-06-14 03:33,Chappell Roan,Naked In Manhattan,185772,chappell roan - naked in manhattan,562087,Chappell Roan,Naked in Manhattan,74oXlQPr6x05HDrGVaiYXZ,54,2022,indie-pop,0.771,0.704,1,-5.098,1,0.0315,0.0835,0.0,0.0935,0.55,118.01,211058,4
2024-06-15 16:43,Indosoul by Karthick Iyer,Two Sides of Karma,35717,indosoul by karthick iyer - two sides of karma,399000,Indosoul by Karthick Iyer,Two Sides of Karma,3Y22GHl8J6FvazyubHSL6k,8,2019,indian,0.511,0.703,3,-9.319,1,0.037,0.0137,0.0419,0.0935,0.502,151.95,390037,4
2024-06-15 18:08,fun.,Carry On,278373,fun. - carry on,40379,fun.,Carry On,7gpy7sfWPNuOKmUNs3XQYE,58,2012,pop,0.388,0.694,5,-5.769,1,0.0735,0.118,0.000293,0.082,0.365,145.434,278373,5
2024-06-15 18:55,Conan Gray,Family Line,216094,conan gray - family line,569244,Conan Gray,Family Line,0iNZGC211wst3VjtobNnC5,76,2022,pop,0.326,0.397,6,-8.145,1,0.0461,0.619,0.0,0.0979,0.276,153.713,216095,3
2024-06-15 18:59,Arctic Monkeys,505,253586,arctic monkeys - 505,1145378,Arctic Monkeys,505,58ge6dfP91o9oXMzq3XkIS,80,2007,garage,0.52,0.852,0,-5.866,1,0.0543,0.00237,5.79e-05,0.0733,0.234,140.267,253587,4
2024-06-15 19:00,Arctic Monkeys,505,747,arctic monkeys - 505,1145378,Arctic Monkeys,505,58ge6dfP91o9oXMzq3XkIS,80,2007,garage,0.52,0.852,0,-5.866,1,0.0543,0.00237,5.79e-05,0.0733,0.234,140.267,253587,4
2024-06-15 19:04,Conan Gray,Family Line,216094,conan gray - family line,569244,Conan Gray,Family Line,0iNZGC211wst3VjtobNnC5,76,2022,pop,0.326,0.397,6,-8.145,1,0.0461,0.619,0.0,0.0979,0.276,153.713,216095,3
2024-06-15 19:08,Arctic Monkeys,505,253586,arctic monkeys - 505,1145378,Arctic Monkeys,505,58ge6dfP91o9oXMzq3XkIS,80,2007,garage,0.52,0.852,0,-5.866,1,0.0543,0.00237,5.79e-05,0.0733,0.234,140.267,253587,4
2024-06-15 19:15,Lana Del Rey,Young And Beautiful,236053,lana del rey - young and beautiful,93567,Lana Del Rey,Young And Beautiful,2nMeu6UenVvwUktBCpLMK9,81,2013,pop,0.324,0.416,11,-8.92,0,0.0368,0.262,3.69e-05,0.11,0.151,113.986,236053,4
2024-06-15 19:29,Chappell Roan,My Kink Is Karma,222578,chappell roan - my kink is karma,562106,Chappell Roan,My Kink is Karma,5nutMjOPSSB9I9CUGOg8lm,53,2022,indie-pop,0.582,0.526,2,-6.201,1,0.0624,0.0621,0.0,0.0847,0.273,86.256,222578,4
2024-06-15 19:32,Billie Eilish,Oxytocin,210232,billie eilish - oxytocin,494178,Billie Eilish,Oxytocin,4t2OeILB07eMGTXSUbMPEu,68,2021,electro,0.757,0.598,11,-7.777,1,0.058,0.0904,0.551,0.15,0.18,124.951,210233,4
2024-06-15 19:32,Ashnikko,Daisy,16591,ashnikko - daisy,433258,Ashnikko,Daisy,0AUvWawuP0ibk4SQ3sIZjk,67,2020,dance,0.834,0.663,8,-6.143,1,0.133,0.235,0.0,0.372,0.774,121.876,146523,4
2024-06-15 19:39,Fitz and The Tantrums,Out of My League,209386,fitz and the tantrums - out of my league,56397,Fitz and The Tantrums,Out of My League,2AYEOC02WLhUiOoaig2SEH,71,2013,alt-rock,0.545,0.968,9,-3.553,0,0.0853,0.0387,0.00325,0.331,0.527,169.965,209386,4
2024-06-15 19:52,New West,Those Eyes,42587,new west - those eyes,399063,New West,Those Eyes,50x1Ic8CaXkYNvjmxe3WXy,87,2019,indie-pop,0.593,0.352,4,-8.296,1,0.0284,0.695,2.22e-05,0.3,0.226,119.988,220750,3
2024-06-17 18:50,Chappell Roan,My Kink Is Karma,222578,chappell roan - my kink is karma,562106,Chappell Roan,My Kink is Karma,5nutMjOPSSB9I9CUGOg8lm,53,2022,indie-pop,0.582,0.526,2,-6.201,1,0.0624,0.0621,0.0,0.0847,0.273,86.256,222578,4
2024-06-18 01:04,fun.,Carry On,278373,fun. - carry on,40379,fun.,Carry On,7gpy7sfWPNuOKmUNs3XQYE,58,2012,pop,0.388,0.694,5,-5.769,1,0.0735,0.118,0.000293,0.082,0.365,145.434,278373,5
2024-06-18 01:37,Conan Gray,Family Line,71638,conan gray - family line,569244,Conan Gray,Family Line,0iNZGC211wst3VjtobNnC5,76,2022,pop,0.326,0.397,6,-8.145,1,0.0461,0.619,0.0,0.0979,0.276,153.713,216095,3
2024-06-19 19:01,Glass Animals,Youth,230693,glass animals - youth,245695,Glass Animals,Youth,1LPGwuFgIzbJoShfDdw7MY,66,2016,indie-pop,0.648,0.718,9,-7.765,0,0.0298,0.129,0.00156,0.112,0.785,96.017,230693,4
2024-06-19 19:05,Glass Animals,Youth,230693,glass animals - youth,245695,Glass Animals,Youth,1LPGwuFgIzbJoShfDdw7MY,66,2016,indie-pop,0.648,0.718,9,-7.765,0,0.0298,0.129,0.00156,0.112,0.785,96.017,230693,4
2024-06-19 21:42,Glass Animals,Youth,2940,glass animals - youth,245695,Glass Animals,Youth,1LPGwuFgIzbJoShfDdw7MY,66,2016,indie-pop,0.648,0.718,9,-7.765,0,0.0298,0.129,0.00156,0.112,0.785,96.017,230693,4
2024-06-19 22:03,Glass Animals,Youth,228775,glass animals - youth,245695,Glass Animals,Youth,1LPGwuFgIzbJoShfDdw7MY,66,2016,indie-pop,0.648,0.718,9,-7.765,0,0.0298,0.129,0.00156,0.112,0.785,96.017,230693,4
2024-06-19 22:30,Chappell Roan,My Kink Is Karma,215167,chappell roan - my kink is karma,562106,Chappell Roan,My Kink is Karma,5nutMjOPSSB9I9CUGOg8lm,53,2022,indie-pop,0.582,0.526,2,-6.201,1,0.0624,0.0621,0.0,0.0847,0.273,86.256,222578,4
2024-06-19 23:46,fun.,Carry On,278373,fun. - carry on,40379,fun.,Carry On,7gpy7sfWPNuOKmUNs3XQYE,58,2012,pop,0.388,0.694,5,-5.769,1,0.0735,0.118,0.000293,0.082,0.365,145.434,278373,5
2024-06-21 09:31,Conan Gray,Family Line,16580,conan gray - family line,569244,Conan Gray,Family Line,0iNZGC211wst3VjtobNnC5,76,2022,pop,0.326,0.397,6,-8.145,1,0.0461,0.619,0.0,0.0979,0.276,153.713,216095,3
2024-06-21 18:24,Chappell Roan,Pink Pony Club,258034,chappell roan - pink pony club,562220,Chappell Roan,Pink Pony Club,6rcuy6XqlB9bqvtIRDl25u,49,2022,indie-pop,0.613,0.646,6,-6.393,1,0.0451,0.406,0.0,0.112,0.47,106.958,258035,4
2024-06-21 18:39,Chappell Roan,My Kink Is Karma,222578,chappell roan - my kink is karma,562106,Chappell Roan,My Kink is Karma,5nutMjOPSSB9I9CUGOg8lm,53,2022,indie-pop,0.582,0.526,2,-6.201,1,0.0624,0.0621,0.0,0.0847,0.273,86.256,222578,4
2024-06-22 22:30,Chappell Roan,My Kink Is Karma,222578,chappell roan - my kink is karma,562106,Chappell Roan,My Kink is Karma,5nutMjOPSSB9I9CUGOg8lm,53,2022,indie-pop,0.582,0.526,2,-6.201,1,0.0624,0.0621,0.0,0.0847,0.273,86.256,222578,4
2024-06-22 22:47,Travis Scott,goosebumps,243836,travis scott - goosebumps,244724,Travis Scott,goosebumps,6gBFPUFcJLzWGx4lenP6h2,82,2016,house,0.841,0.728,7,-3.37,1,0.0484,0.0847,0.0,0.149,0.43,130.049,243837,4
2024-06-22 22:47,Travis Scott,goosebumps,243836,travis scott - goosebumps,341768,Travis Scott,Goosebumps,6dWf1xaHOmJo7eL9WuSkdL,54,2018,house,0.849,0.629,7,-6.27,1,0.0475,0.0789,0.0,0.13,0.467,130.105,243840,4
2024-06-22 22:50,Arctic Monkeys,I Wanna Be Yours,183956,arctic monkeys - i wanna be yours,77591,Arctic Monkeys,I Wanna Be Yours,5XeFesFbtLpXzIVDNQP22n,91,2013,garage,0.464,0.417,0,-9.345,0,0.0256,0.136,0.022,0.0974,0.479,67.528,183956,4
2024-06-22 23:27,alt-J,Breezeblocks,138312,alt-j - breezeblocks,43791,alt-J,Breezeblocks,3n69hLUdIsSa1WlRmjMZlW,71,2012,rock,0.615,0.658,5,-7.299,1,0.0343,0.096,0.000911,0.205,0.293,150.093,227080,4
2024-06-23 02:10,alt-J,Breezeblocks,36410,alt-j - breezeblocks,43791,alt-J,Breezeblocks,3n69hLUdIsSa1WlRmjMZlW,71,2012,rock,0.615,0.658,5,-7.299,1,0.0343,0.096,0.000911,0.205,0.293,150.093,227080,4
2024-06-23 02:11,Djo,End of Beginning,63278,djo - end of beginning,569335,Djo,End of Beginning,3qhlB30KknSejmIvZZLjOD,66,2022,pop,0.689,0.454,2,-7.643,1,0.0584,0.0351,0.00259,0.0707,0.912,159.982,159246,4
2024-06-23 02:16,Glass Animals,Take A Slice,55699,glass animals - take a slice,245692,Glass Animals,Take A Slice,37adYGaYaAWTGhBaOzX4Fh,66,2016,indie-pop,0.623,0.661,9,-7.0,1,0.1,0.0212,0.000229,0.267,0.63,151.97,229718,4
2024-06-23 02:20,The Neighbourhood,Softcore,206280,the neighbourhood - softcore,311042,The Neighbourhood,Softcore,2K7xn816oNHJZ0aVqdQsha,84,2018,alt-rock,0.575,0.568,9,-5.509,0,0.03,0.0484,0.000417,0.286,0.37,93.986,206280,4
2024-06-23 02:26,Dr. Dog,Where'd All the Time Go?,364194,dr. dog - where'd all the time go?,1354804,Dr. Dog,Where'd All the Time Go?,0UV5zxRMz6AO4ZwUOZNIKI,75,2010,folk,0.454,0.82,2,-4.193,1,0.0567,0.132,0.000969,0.115,0.575,166.303,234800,4
2024-06-23 02:36,Mac DeMarco,For the First Time,30305,mac demarco - for the first time,271174,Mac DeMarco,For the First Time,2R4AlwtrrkMaRKojcTIzmL,81,2017,edm,0.551,0.529,5,-10.469,0,0.0517,0.296,0.0093,0.178,0.521,75.515,182307,4
2024-06-23 02:53,TV Girl,Cigarettes out the Window,1986,tv girl - cigarettes out the window,245683,TV Girl,Cigarettes out the Window,6QeYSvYqYUsfBzsApbjDHO,81,2016,indie-pop,0.625,0.659,0,-5.669,1,0.0337,0.12,0.0,0.17,0.594,113.551,198961,4
2024-06-23 15:23,TV Girl,Cigarettes out the Window,731,tv girl - cigarettes out the window,245683,TV Girl,Cigarettes out the Window,6QeYSvYqYUsfBzsApbjDHO,81,2016,indie-pop,0.625,0.659,0,-5.669,1,0.0337,0.12,0.0,0.17,0.594,113.551,198961,4
2024-06-23 15:29,Phoebe Bridgers,Motion Sickness,229760,phoebe bridgers - motion sickness,286609,Phoebe Bridgers,Motion Sickness,5xo8RrjJ9CVNrtRg2S3B1R,74,2017,indie-pop,0.651,0.546,1,-9.021,1,0.0357,0.774,0.0437,0.0842,0.623,107.021,229760,4
2024-06-23 15:32,d4vd,Romantic Homicide,132630,d4vd - romantic homicide,569185,d4vd,Romantic Homicide,1xK59OXxi2TAAAbmZK0kBL,90,2022,pop,0.571,0.544,6,-10.613,1,0.0299,0.453,0.00805,0.322,0.216,132.052,132631,4
2024-06-23 15:40,The Strokes,The Adults Are Talking,309053,the strokes - the adults are talking,423458,The Strokes,The Adults Are Talking,5ruzrDWcT0vuJIOMW7gMnW,77,2020,alt-rock,0.593,0.749,5,-5.67,1,0.0475,0.0113,0.106,0.314,0.649,164.959,309053,4
2024-06-23 15:47,Bakar,Hell N Back,213573,bakar - hell n back,397238,Bakar,Hell N Back,3NRql0A1Ef4RCvT473iqgD,79,2019,hip-hop,0.584,0.684,10,-4.314,0,0.567,0.312,9.05e-05,0.112,0.72,210.164,213573,4
2024-06-23 15:58,TV Girl,Lovers Rock,213920,tv girl - lovers rock,140597,TV Girl,Lovers Rock,6dBUzqjtbnIa1TwYbyw5CM,85,2014,indie-pop,0.559,0.871,5,-5.338,0,0.0397,7.53e-06,0.00545,0.096,0.572,104.97,213920,4
2024-06-23 16:06,Cigarettes After Sex,Apocalypse,290616,cigarettes after sex - apocalypse,255746,Cigarettes After Sex,Apocalypse,3AVrVz5rK8Hrqo9YGiVGN5,81,2017,ambient,0.369,0.467,5,-9.018,1,0.0274,0.0194,0.46,0.109,0.174,94.473,290147,4
2024-06-23 16:10,Her's,What Once Was,255067,her's - what once was,235693,Her's,What Once Was,6aNwbCxOHhSSfD42CbZlQA,45,2016,garage,0.522,0.875,3,-4.375,0,0.0323,0.177,0.0101,0.212,0.472,145.58,255067,3
2024-06-23 16:13,Current Joys,Blondie,194733,current joys - blondie,87538,Current Joys,Blondie,7sIx70dGj3VBiHWr0KZXfD,72,2013,indie-pop,0.776,0.626,6,-12.561,1,0.0396,0.622,0.899,0.086,0.866,122.072,194733,4
2024-06-23 16:16,Noah Kahan,Stick Season,182346,noah kahan - stick season,569217,Noah Kahan,Stick Season,0mflMxspEfB0VbI1kyLiAv,75,2022,pop,0.662,0.488,9,-6.894,1,0.0682,0.782,0.0,0.102,0.817,117.913,182347,4
2024-06-23 17:44,Wallows,Are You Bored Yet? (feat. Clairo),4713,wallows - are you bored yet? (feat. clairo),399066,Wallows,Are You Bored Yet? (feat. Clairo),57RA3JGafJm5zRtKJiKPIm,77,2019,indie-pop,0.682,0.683,8,-6.444,0,0.0287,0.156,2.32e-05,0.273,0.64,120.023,178000,4
2024-06-23 18:05,Wallows,Are You Bored Yet? (feat. Clairo),175190,wallows - are you bored yet? (feat. clairo),399066,Wallows,Are You Bored Yet? (feat. Clairo),57RA3JGafJm5zRtKJiKPIm,77,2019,indie-pop,0.682,0.683,8,-6.444,0,0.0287,0.156,2.32e-05,0.273,0.64,120.023,178000,4
2024-06-23 18:11,Vampire Weekend,A-Punk,137760,vampire weekend - a-punk,1228259,Vampire Weekend,A-Punk,3AydAydLzyyZutA0375XIz,67,2008,indie-pop,0.551,0.819,2,-4.489,1,0.0525,0.0103,0.0437,0.153,0.846,174.917,137760,4
2024-06-23 18:17,MGMT,Kids,302840,mgmt - kids,987271,MGMT,Kids,2h76N7K6ZLOeTRUmeag4Ff,36,2005,alt-rock,0.53,0.8,10,-6.926,1,0.0298,0.00023,0.0123,0.378,0.408,122.014,331307,4
2024-06-23 18:19,Dominic Fike,Babydoll,97960,dominic fike - babydoll,350210,Dominic Fike,Babydoll,7yNf9YjeO5JXUE3JEBgnYc,74,2018,pop,0.762,0.604,7,-5.296,0,0.11,0.114,0.0,0.0271,0.847,168.007,97960,4
2024-06-23 18:27,Beach House,Space Song,320466,beach house - space song,190724,Beach House,Space Song,7H0ya83CMmgFcOhw0UB6ow,80,2015,indie-pop,0.508,0.792,0,-7.311,0,0.0297,0.229,0.124,0.145,0.601,147.067,320467,4
2024-06-23 18:34,Pinegrove,Need 2,105557,pinegrove - need 2,162985,Pinegrove,Need 2,3kQfBtkQqgN1fAMfhks8TU,51,2015,alt-rock,0.552,0.634,1,-8.302,0,0.0261,0.00994,0.202,0.0798,0.213,76.557,191797,4
2024-06-23 18:45,NAALAYAK,Sawan,262036,naalayak - sawan,342168,NAALAYAK,Sawan,2EYExMxUzn2FapSlnxDjTn,27,2018,indian,0.397,0.703,4,-5.084,1,0.0377,0.077,0.00605,0.134,0.115,150.213,262036,4
2024-06-23 18:48,NAALAYAK,Umeedein,218159,naalayak - umeedein,342258,NAALAYAK,Umeedein,2dXDzbailkZ5VF6C7bFdbS,21,2018,indian,0.477,0.426,1,-9.867,1,0.0285,0.0433,0.0,0.0755,0.0693,140.066,218159,3
2024-06-23 19:06,Nikhil D'Souza,Sitaare,122962,nikhil d'souza - sitaare,398314,Nikhil D'Souza,Sitaare,35v9un9C2QUR1kq1MtqGMq,34,2019,indian,0.651,0.274,4,-9.683,1,0.0314,0.699,3.12e-05,0.12,0.221,121.91,236394,4
2024-06-24 02:33,Nikhil D'Souza,Sitaare,10299,nikhil d'souza - sitaare,398314,Nikhil D'Souza,Sitaare,35v9un9C2QUR1kq1MtqGMq,34,2019,indian,0.651,0.274,4,-9.683,1,0.0314,0.699,3.12e-05,0.12,0.221,121.91,236394,4
2024-06-24 02:38,Foster The People,Pumped Up Kicks,239600,foster the people - pumped up kicks,1457398,Foster The People,Pumped Up Kicks,7w87IxuO7BDcJ3YUqCyMTT,81,2011,rock,0.733,0.71,5,-5.849,0,0.0292,0.145,0.115,0.0956,0.965,127.975,239600,4
2024-06-24 02:41,Imagine Dragons,Demons,175200,imagine dragons - demons,43789,Imagine Dragons,Demons,3LlAyCYU26dvFZBDUIMb7a,73,2012,rock,0.505,0.71,3,-3.015,1,0.0321,0.19,0.00025,0.329,0.428,89.938,175200,4
2024-06-24 02:45,Train,"Hey, Soul Sister",216773,"train - hey, soul sister",321327,Train,"Hey, Soul Sister",5SFJRXA0zX2xFIZHBXcnI5,48,2018,dance,0.67,0.868,1,-5.566,0,0.0417,0.17,0.0,0.0826,0.772,97.053,216907,4
2024-06-24 02:48,BTS,Life Goes On,207481,bts - life goes on,456852,BTS,Life Goes On,5FVbvttjEvQ8r2BgUcJgNg,76,2020,k-pop,0.566,0.716,1,-5.733,1,0.0424,0.00691,0.0,0.37,0.45,81.068,207481,4
2024-06-24 02:55,SZA,Kill Bill,153946,sza - kill bill,569184,SZA,Kill Bill,1Qrg8KqiBpW07V7PNxwwwL,94,2022,pop,0.644,0.735,8,-5.747,1,0.0391,0.0521,0.144,0.161,0.418,88.98,153947,4
2024-06-24 02:59,Calvin Harris,This Is What You Came For,222160,calvin harris - this is what you came for,224451,Calvin Harris,This Is What You Came For,0azC730Exh71aQlOt9Zj3y,82,2016,dance,0.631,0.927,9,-2.787,0,0.0332,0.199,0.119,0.148,0.465,123.962,222160,4
2024-06-24 03:04,lovelytheband,broken,204878,lovelytheband - broken,311050,lovelytheband,broken,6XcfKZvJio9Z0fQy11GnNX,67,2018,alt-rock,0.666,0.728,7,-5.808,1,0.0419,0.00175,4.26e-06,0.0429,0.51,122.996,204878,4
2024-06-24 03:06,Måneskin,I WANNA BE YOUR SLAVE,173346,måneskin - i wanna be your slave,508524,Måneskin,I WANNA BE YOUR SLAVE,4pt5fDVTg5GhEvEtlz9dKk,81,2021,indie-pop,0.75,0.608,1,-4.008,1,0.0387,0.00165,0.0,0.178,0.958,132.507,173347,4
2024-06-24 03:08,The Chainsmokers,Closer,112740,the chainsmokers - closer,224450,The Chainsmokers,Closer,7BKLCZ1jbUBVqRi2FVlTVw,83,2016,dance,0.748,0.524,8,-5.599,1,0.0338,0.414,0.0,0.111,0.661,95.01,244960,4
2024-06-24 03:12,The Weeknd,Blinding Lights,200040,the weeknd - blinding lights,461991,The Weeknd,Blinding Lights,0VjIjW4GlUZAMYd2vXMi3b,90,2020,pop,0.514,0.73,1,-5.934,1,0.0598,0.00146,9.54e-05,0.0897,0.334,171.005,200040,4
2024-06-24 03:24,Surf Curse,Freaks,114405,surf curse - freaks,508522,Surf Curse,Freaks,7EkWXAI1wn8Ii883ecd9xr,83,2021,indie-pop,0.345,0.941,9,-9.918,1,0.0466,3.84e-05,0.633,0.0511,0.407,179.626,147062,4
2024-06-24 17:55,Surf Curse,Freaks,546,surf curse - freaks,508522,Surf Curse,Freaks,7EkWXAI1wn8Ii883ecd9xr,83,2021,indie-pop,0.345,0.941,9,-9.918,1,0.0466,3.84e-05,0.633,0.0511,0.407,179.626,147062,4
2024-06-24 17:56,Miley Cyrus,Party In The U.S.A.,717,miley cyrus - party in the u.s.a.,1309411,Miley Cyrus,Party In The U.S.A.,5Q0Nhxo0l2bP3pNjpGJwV1,75,2009,pop,0.652,0.698,10,-4.667,0,0.042,0.00112,0.000115,0.0886,0.47,96.021,202067,4
2024-06-24 17:56,Lorde,Team,4670,lorde - team,93576,Lorde,Team,3G6hD9B2ZHOsgf4WfNu7X1,75,2013,pop,0.69,0.578,6,-7.436,1,0.0929,0.167,0.0,0.305,0.416,99.961,193059,4
2024-06-24 17:56,Taylor Swift,Blank Space,1307,taylor swift - blank space,146765,Taylor Swift,Blank Space,1p80LdxRV74UKvL8gnD7ky,76,2014,pop,0.753,0.678,5,-5.421,1,0.0644,0.085,1.64e-06,0.13,0.583,96.006,231827,4
2024-06-24 17:56,The Weeknd,Can't Feel My Face,1260,the weeknd - can't feel my face,197519,The Weeknd,Can't Feel My Face,22VdIZQfgXJea34mQxlt81,81,2015,pop,0.705,0.769,9,-5.526,0,0.0425,0.113,0.0,0.105,0.583,107.949,213520,4
2024-06-24 17:56,Billie Eilish,lovely (with Khalid),823,billie eilish - lovely (with khalid),350203,Billie Eilish,lovely (with Khalid),0u2P5u6lvoDfwTYjAADbn4,87,2018,pop,0.351,0.296,4,-10.109,0,0.0333,0.934,0.0,0.095,0.12,115.284,200186,4
2024-06-24 18:00,Tom Odell,Another Love,244360,tom odell - another love,7578,Tom Odell,Another Love,5FKnuwsKf7YFpmhA5Wnl0q,65,2012,chill,0.443,0.54,4,-8.536,0,0.04,0.697,1.04e-05,0.102,0.133,119.161,250973,4
2024-06-24 18:03,Stephen Sanchez,Until I Found You,176666,stephen sanchez - until i found you,515573,Stephen Sanchez,Until I Found You,0T5iIrXA4p5GsubkhuBIKV,85,2021,pop,0.539,0.508,10,-6.05,1,0.0288,0.727,0.0,0.174,0.227,101.358,177720,3
2024-06-24 18:06,One Direction,Drag Me Down,192120,one direction - drag me down,197544,One Direction,Drag Me Down,2K87XMYnUMqLcX3zvtAF4G,78,2015,pop,0.73,0.703,0,-5.672,0,0.0369,0.109,0.0,0.0657,0.595,138.113,192120,4
2024-06-24 18:10,GROUPLOVE,Tongue Tied,218013,grouplove - tongue tied,1403307,GROUPLOVE,Tongue Tied,0GO8y8jQk1PkHzS31d699N,77,2011,alt-rock,0.56,0.936,3,-5.835,1,0.0439,0.00847,0.0,0.161,0.371,112.96,218013,4
2024-06-24 18:14,Sara Kays,Remember That Night?,227186,sara kays - remember that night?,454756,Sara Kays,Remember That Night?,1nYzjrdVQ8RpF93M0jPFW7,72,2020,indie-pop,0.679,0.61,7,-10.936,0,0.0305,0.585,9.51e-05,0.156,0.554,123.978,227186,4
2024-06-24 18:17,One Direction,What Makes You Beautiful,199986,one direction - what makes you beautiful,40346,One Direction,What Makes You Beautiful,4cluDES4hQEUhmXj6TXkSo,82,2012,pop,0.726,0.787,4,-2.494,1,0.0737,0.009,0.0,0.0596,0.888,124.99,199987,4
2024-06-24 18:39,Halsey,Colors,192787,halsey - colors,175423,Halsey,Colors,1TnUURhehaoMWKAqQtirm6,65,2015,electro,0.512,0.812,1,-4.809,1,0.0617,0.0534,0.0,0.092,0.521,100.02,249500,4
2024-06-24 19:21,Harry Styles,Adore You,25662,harry styles - adore you,406373,Harry Styles,Adore You,3jjujdWJ72nww5eGnfs2E7,84,2019,pop,0.676,0.771,8,-3.675,1,0.0483,0.0237,7e-06,0.102,0.569,99.048,207133,4
2024-06-24 19:21,Halsey,Colors,418,halsey - colors,175423,Halsey,Colors,1TnUURhehaoMWKAqQtirm6,65,2015,electro,0.512,0.812,1,-4.809,1,0.0617,0.0534,0.0,0.092,0.521,100.02,249500,4
2024-06-24 19:22,Half an Orange,Blink 182,1255,half an orange - blink 182,383901,Half an Orange,Blink 182,0GUCG3rXFQXFBwl3hExO2p,47,2019,edm,0.59,0.469,10,-7.387,0,0.0525,0.206,0.0,0.109,0.37,149.86,184000,4
2024-06-24 19:25,Taylor Swift,this is me trying,195097,taylor swift - this is me trying,462023,Taylor Swift,this is me trying,7kt9e9LFSpN1zQtYEl19o1,73,2020,pop,0.515,0.476,9,-9.843,1,0.0328,0.314,4.74e-05,0.171,0.412,135.886,195097,4
2024-06-24 23:36,Halsey,Walls Could Talk,101789,halsey - walls could talk,264782,Halsey,Walls Could Talk,5ln5yQdUywVbf8HhFsOcd6,74,2017,dance,0.626,0.423,1,-6.035,1,0.0513,0.128,0.0,0.18,0.571,95.162,101790,4
2024-06-24 23:40,Måneskin,Beggin',211560,måneskin - beggin',286610,Måneskin,Beggin',3Wrjm47oTz2sjIgck11l5e,83,2017,indie-pop,0.714,0.8,11,-4.808,0,0.0504,0.127,0.0,0.359,0.589,134.002,211560,4
2024-06-24 23:43,girl in red,we fell in love in october,184153,girl in red - we fell in love in october,342777,girl in red,we fell in love in october,6IPwKM3fUUzlElbvKw2sKl,82,2018,indie-pop,0.566,0.366,7,-12.808,1,0.028,0.113,0.181,0.155,0.237,129.96,184154,4
2024-06-24 23:51,Ed Sheeran,Photograph,495006,ed sheeran - photograph,93580,Ed Sheeran,Photograph,6fxVffaTuwjgEk5h9QyRjy,64,2013,pop,0.614,0.379,4,-10.48,1,0.0476,0.607,0.000464,0.0986,0.201,107.989,258987,4
2024-06-24 23:55,Conan Gray,Memories,248818,conan gray - memories,569229,Conan Gray,Memories,5UXJzLFdBn6u9FJTCnoHrH,81,2022,pop,0.34,0.684,11,-6.306,1,0.044,0.00979,0.0,0.348,0.556,112.969,248819,4
2024-06-24 23:59,Troye Sivan,Strawberries & Cigarettes,201538,troye sivan - strawberries & cigarettes,321050,Troye Sivan,Strawberries & Cigarettes,3afkJSKX0EAMsJXTZnDXXJ,78,2018,dance,0.578,0.537,9,-8.676,1,0.0832,0.162,0.0,0.076,0.25,83.909,201539,4
2024-06-25 00:02,Tove Lo,Habits (Stay High),209160,tove lo - habits (stay high),119678,Tove Lo,Habits (Stay High),14OxJlLdcHNpgsm4DRwDOB,71,2014,dance,0.729,0.65,5,-3.539,1,0.0313,0.0702,6.69e-05,0.0829,0.347,110.02,209160,4
2024-06-25 00:05,SAINt JHN,Roses - Imanbek Remix,176840,saint jhn - roses - imanbek remix,398063,SAINt JHN,Roses - Imanbek Remix,2Wo6QQD1KMDWeFkkjLqwx5,57,2019,house,0.785,0.721,8,-5.457,1,0.0506,0.0149,0.00432,0.285,0.894,121.962,176219,4
2024-06-25 00:10,Coldplay,Yellow,266773,coldplay - yellow,612578,Coldplay,Yellow,2SMr5VizKY9Bv0vIPIcm5R,1,2023,pop,0.429,0.661,11,-7.227,1,0.0281,0.00239,0.000121,0.234,0.285,173.372,266773,4
2024-06-25 00:12,Lil Nas X,THATS WHAT I WANT,143901,lil nas x - thats what i want,506691,Lil Nas X,THATS WHAT I WANT,0e8nrvls4Qqv5Rfa2UhqmO,82,2021,hip-hop,0.737,0.846,1,-4.51,0,0.22,0.00614,0.0,0.0486,0.546,87.981,143901,4
2024-06-25 00:16,Passenger,Let Her Go,252733,passenger - let her go,20741,Passenger,Let Her Go,1KxwZYyzWNyZSRyErj2ojT,74,2012,folk,0.479,0.545,7,-7.346,1,0.0688,0.365,0.0,0.0963,0.243,74.897,252733,4
2024-06-25 18:34,Marshmello,Silence,2721,marshmello - silence,264769,Marshmello,Silence,7vGuf3Y35N4wmASOKLUVVU,79,2017,dance,0.52,0.761,4,-3.093,1,0.0853,0.256,4.96e-06,0.17,0.286,141.971,180823,4
2024-06-25 18:34,Panic! At The Disco,High Hopes,617,panic! at the disco - high hopes,354035,Panic! At The Disco,High Hopes,1rqqCSm0Qe4I9rUvWncaom,80,2018,rock,0.579,0.904,5,-2.729,1,0.0618,0.193,0.0,0.064,0.681,82.014,190947,4
2024-06-25 18:34,Miley Cyrus,Angels Like You,1038,miley cyrus - angels like you,462033,Miley Cyrus,Angels Like You,1daDRI9ahBonbWD8YcxOIB,80,2020,pop,0.672,0.642,5,-4.035,1,0.0313,0.0981,0.0,0.1,0.494,121.981,196453,4
2024-06-25 18:34,One Direction,Story of My Life,802,one direction - story of my life,93572,One Direction,Story of My Life,4nVBt6MZDDP6tRVdQTgxJg,81,2013,pop,0.6,0.663,3,-5.802,1,0.0477,0.225,0.0,0.119,0.286,121.07,245493,4
2024-06-25 18:38,Twenty One Pilots,Ride,214506,twenty one pilots - ride,201247,Twenty One Pilots,Ride,2Z8WuEywRWYTKe1NybPQEW,80,2015,rock,0.645,0.713,6,-5.355,1,0.0393,0.00835,0.0,0.113,0.566,74.989,214507,4
2024-06-25 18:45,Sia,Chandelier,216120,sia - chandelier,197535,Sia,Chandelier,2s1sdSqGcKxpPr5lCl7jAV,69,2015,pop,0.399,0.787,1,-2.88,1,0.0499,0.0197,6.07e-05,0.0685,0.572,117.089,216120,5
2024-06-25 18:49,The Neighbourhood,Daddy Issues,260173,the neighbourhood - daddy issues,162916,The Neighbourhood,Daddy Issues,5E30LdtzQTGqRvNd7l6kG5,84,2015,alt-rock,0.588,0.521,10,-9.461,1,0.0329,0.0678,0.149,0.123,0.337,85.012,260173,4
2024-06-25 19:04,Queen,Bohemian Rhapsody - Remastered 2011,283376,queen - bohemian rhapsody - remastered 2011,150190,Queen,Bohemian Rhapsody - Remastered 2011,6ljkRMigoNtu0x1mlTEsKc,42,2014,rock,0.393,0.398,0,-9.973,0,0.0514,0.256,0.0,0.195,0.236,143.353,355467,4
2024-06-25 19:25,Queen,Bohemian Rhapsody - Remastered 2011,71934,queen - bohemian rhapsody - remastered 2011,150190,Queen,Bohemian Rhapsody - Remastered 2011,6ljkRMigoNtu0x1mlTEsKc,42,2014,rock,0.393,0.398,0,-9.973,0,0.0514,0.256,0.0,0.195,0.236,143.353,355467,4
2024-06-25 19:28,DNCE,Cake By The Ocean,219146,dnce - cake by the ocean,224455,DNCE,Cake By The Ocean,76hfruVvmfQbw0eYn1nmeC,79,2016,dance,0.774,0.753,4,-5.446,0,0.0517,0.152,0.0,0.0371,0.896,119.002,219147,4
2024-06-25 19:34,Harry Styles,Sign of the Times,340706,harry styles - sign of the times,293474,Harry Styles,Sign of the Times,5Ohxk2dO5COHF1krpoPigN,83,2017,pop,0.516,0.595,5,-4.63,1,0.0313,0.0275,0.0,0.109,0.222,119.972,340707,4
2024-06-25 19:38,Lady Gaga,Poker Face,237200,lady gaga - poker face,591113,Lady Gaga,Poker Face,563ESy4kWZpnv6UH58mell,8,2023,dance,0.851,0.818,4,-4.637,1,0.0789,0.112,2.94e-06,0.0945,0.808,119.006,238907,4
2024-06-25 19:44,24kGoldn,Mood (feat. iann dior),140533,24kgoldn - mood (feat. iann dior),515587,24kGoldn,Mood (feat. iann dior),4jPy3l0RUwlUI9T5XHBW2m,80,2021,pop,0.701,0.716,7,-3.671,0,0.0361,0.174,0.0,0.324,0.732,91.007,140533,4
2024-06-25 19:51,Kygo,Stargazing,236853,kygo - stargazing,264881,Kygo,Stargazing,0Zbbxnx4SGGHoIow4PpISP,65,2017,dance,0.677,0.497,5,-5.763,1,0.0809,0.152,0.0,0.0911,0.419,99.137,236853,4
2024-06-25 19:55,Maroon 5,Daylight,225306,maroon 5 - daylight,40371,Maroon 5,Daylight,6TwfdLbaxTKzQi3AgsZNzx,61,2012,pop,0.657,0.679,2,-5.511,1,0.0269,0.00246,0.0,0.211,0.331,120.007,225307,4
2024-06-25 19:57,The Kid LAROI,STAY (with Justin Bieber),141805,the kid laroi - stay (with justin bieber),506685,The Kid LAROI,STAY (with Justin Bieber),5HCyWlXZPP0y6Gqq8TgA20,85,2021,hip-hop,0.591,0.764,1,-5.484,1,0.0483,0.0383,0.0,0.103,0.478,169.928,141806,4
2024-06-25 20:01,Sam Smith,Too Good At Goodbyes,201000,sam smith - too good at goodbyes,293588,Sam Smith,Too Good At Goodbyes,1mXVgsBdtIVeCLJnSnmtdV,81,2017,pop,0.681,0.372,5,-8.237,1,0.0432,0.64,0.0,0.169,0.476,91.873,201000,4
2024-06-25 20:05,Maroon 5,Animals,231013,maroon 5 - animals,146781,Maroon 5,Animals,2bL2gyO6kBdLkNSkxXNh6x,79,2014,pop,0.279,0.742,4,-6.46,0,0.0898,0.000185,0.0,0.593,0.328,189.868,231013,4
2024-06-25 20:08,Axwell /\ Ingrosso,More Than You Know,203000,axwell /\ ingrosso - more than you know,264796,Axwell /\ Ingrosso,More Than You Know,6h5PAsRni4IRlxWr6uDPTP,77,2017,dance,0.646,0.741,5,-4.973,0,0.034,0.0275,0.0,0.312,0.571,123.077,203000,4
2024-06-25 20:19,XXXTENTACION,SAD!,85625,xxxtentacion - sad!,328649,XXXTENTACION,SAD!,3ee8Jmje8o58CHK66QrVC2,81,2018,emo,0.74,0.613,8,-4.88,1,0.145,0.258,0.00372,0.123,0.473,75.023,166606,4
2024-06-26 00:03,XXXTENTACION,SAD!,80999,xxxtentacion - sad!,328649,XXXTENTACION,SAD!,3ee8Jmje8o58CHK66QrVC2,81,2018,emo,0.74,0.613,8,-4.88,1,0.145,0.258,0.00372,0.123,0.473,75.023,166606,4
2024-06-26 00:06,Ed Sheeran,Supermarket Flowers,221106,ed sheeran - supermarket flowers,293528,Ed Sheeran,Supermarket Flowers,4VuS959DSpr82t3qBqCrWG,74,2017,pop,0.589,0.242,6,-10.517,1,0.0442,0.914,0.0,0.0887,0.257,89.749,221107,4
2024-06-26 00:10,Ava Max,Sweet but Psycho,187436,ava max - sweet but psycho,433216,Ava Max,Sweet but Psycho,7DnAm9FOTWE3cUvso43HhI,79,2020,dance,0.72,0.706,1,-4.719,1,0.0473,0.0684,0.0,0.166,0.62,133.002,187436,4
2024-06-26 00:13,Lewis Capaldi,Bruises,220492,lewis capaldi - bruises,406387,Lewis Capaldi,Bruises,4Of7rzpRpV1mWRbhp5rAqG,79,2019,pop,0.736,0.308,4,-7.83,1,0.0677,0.946,0.0,0.186,0.361,111.202,220492,4
2024-06-26 00:17,Katy Perry,The One That Got Away,227333,katy perry - the one that got away,12132,Katy Perry,The One That Got Away,3oL3XRtkP1WVbMxf7dtTdu,72,2012,dance,0.687,0.792,1,-4.023,0,0.0353,0.000802,0.0,0.2,0.864,133.962,227333,4
2024-06-26 00:42,Wiz Khalifa,See You Again (feat. Charlie Puth),186910,wiz khalifa - see you again (feat. charlie puth),188804,Wiz Khalifa,See You Again (feat. Charlie Puth),2JzZzZUQj3Qff7wapcbKjc,80,2015,hip-hop,0.689,0.481,10,-7.503,1,0.0815,0.369,1.03e-06,0.0649,0.283,80.025,229526,4
2024-06-26 19:12,Wiz Khalifa,See You Again (feat. Charlie Puth),3541,wiz khalifa - see you again (feat. charlie puth),188804,Wiz Khalifa,See You Again (feat. Charlie Puth),2JzZzZUQj3Qff7wapcbKjc,80,2015,hip-hop,0.689,0.481,10,-7.503,1,0.0815,0.369,1.03e-06,0.0649,0.283,80.025,229526,4
2024-06-26 19:12,Chappell Roan,Casual,3747,chappell roan - casual,562026,Chappell Roan,Casual,1UTGAopFU1g7qoxTE8sE3D,57,2022,indie-pop,0.508,0.411,1,-6.95,1,0.0269,0.226,0.0,0.0571,0.34,131.008,232796,4
2024-06-26 19:16,Chappell Roan,Casual,232796,chappell roan - casual,562026,Chappell Roan,Casual,1UTGAopFU1g7qoxTE8sE3D,57,2022,indie-pop,0.508,0.411,1,-6.95,1,0.0269,0.226,0.0,0.0571,0.34,131.008,232796,4
2024-06-26 19:23,Chappell Roan,Pink Pony Club,427673,chappell roan - pink pony club,562220,Chappell Roan,Pink Pony Club,6rcuy6XqlB9bqvtIRDl25u,49,2022,indie-pop,0.613,0.646,6,-6.393,1,0.0451,0.406,0.0,0.112,0.47,106.958,258035,4
2024-06-26 19:27,Chappell Roan,My Kink Is Karma,222578,chappell roan - my kink is karma,562106,Chappell Roan,My Kink is Karma,5nutMjOPSSB9I9CUGOg8lm,53,2022,indie-pop,0.582,0.526,2,-6.201,1,0.0624,0.0621,0.0,0.0847,0.273,86.256,222578,4
2024-06-26 19:38,Wallows,Are You Bored Yet? (feat. Clairo),178000,wallows - are you bored yet? (feat. clairo),399066,Wallows,Are You Bored Yet? (feat. Clairo),57RA3JGafJm5zRtKJiKPIm,77,2019,indie-pop,0.682,0.683,8,-6.444,0,0.0287,0.156,2.32e-05,0.273,0.64,120.023,178000,4
2024-06-27 22:02,fun.,Carry On,278373,fun. - carry on,40379,fun.,Carry On,7gpy7sfWPNuOKmUNs3XQYE,58,2012,pop,0.388,0.694,5,-5.769,1,0.0735,0.118,0.000293,0.082,0.365,145.434,278373,5
2024-06-28 18:45,Conan Gray,Family Line,216094,conan gray - family line,569244,Conan Gray,Family Line,0iNZGC211wst3VjtobNnC5,76,2022,pop,0.326,0.397,6,-8.145,1,0.0461,0.619,0.0,0.0979,0.276,153.713,216095,3
2024-06-28 18:49,Arctic Monkeys,505,253586,arctic monkeys - 505,1145378,Arctic Monkeys,505,58ge6dfP91o9oXMzq3XkIS,80,2007,garage,0.52,0.852,0,-5.866,1,0.0543,0.00237,5.79e-05,0.0733,0.234,140.267,253587,4
2024-06-28 18:56,Lana Del Rey,Young And Beautiful,236053,lana del rey - young and beautiful,93567,Lana Del Rey,Young And Beautiful,2nMeu6UenVvwUktBCpLMK9,81,2013,pop,0.324,0.416,11,-8.92,0,0.0368,0.262,3.69e-05,0.11,0.151,113.986,236053,4
2024-06-28 19:09,Billie Eilish,Oxytocin,210232,billie eilish - oxytocin,494178,Billie Eilish,Oxytocin,4t2OeILB07eMGTXSUbMPEu,68,2021,electro,0.757,0.598,11,-7.777,1,0.058,0.0904,0.551,0.15,0.18,124.951,210233,4
2024-06-28 19:12,Fitz and The Tantrums,Out of My League,3304,fitz and the tantrums - out of my league,56397,Fitz and The Tantrums,Out of My League,2AYEOC02WLhUiOoaig2SEH,71,2013,alt-rock,0.545,0.968,9,-3.553,0,0.0853,0.0387,0.00325,0.331,0.527,169.965,209386,4
2024-06-28 19:12,New West,Those Eyes,1462,new west - those eyes,399063,New West,Those Eyes,50x1Ic8CaXkYNvjmxe3WXy,87,2019,indie-pop,0.593,0.352,4,-8.296,1,0.0284,0.695,2.22e-05,0.3,0.226,119.988,220750,3
2024-06-28 19:12,Ashnikko,Daisy,146523,ashnikko - daisy,433258,Ashnikko,Daisy,0AUvWawuP0ibk4SQ3sIZjk,67,2020,dance,0.834,0.663,8,-6.143,1,0.133,0.235,0.0,0.372,0.774,121.876,146523,4
2024-06-28 19:27,Anuv Jain,Riha,232005,anuv jain - riha,398195,Anuv Jain,Riha,6Ln89sczgIcAJXGAIdS94R,58,2019,indian,0.389,0.148,3,-11.011,1,0.03,0.897,0.0,0.114,0.4,142.611,287324,4
2024-06-29 00:27,Olivia Rodrigo,deja vu,215506,olivia rodrigo - deja vu,515572,Olivia Rodrigo,deja vu,6HU7h9RYOaPRFeh0R3UeAr,83,2021,pop,0.442,0.612,2,-7.222,1,0.112,0.584,5.7e-06,0.37,0.178,180.917,215507,4
2024-06-29 20:50,Caroline Polachek,Sunset,1296,caroline polachek - sunset,547848,Caroline Polachek,Sunset,2eQ9B2SsQFU2qCnHSas3eQ,55,2022,electro,0.462,0.745,11,-5.356,0,0.0652,0.589,0.00015,0.288,0.648,122.051,163116,4
2024-06-29 20:50,Grimes,Kill V. Maim,701,grimes - kill v. maim,175427,Grimes,Kill V. Maim,3WXhshrs1fzwF3rQE399Gq,62,2015,electro,0.578,0.947,11,-2.431,0,0.0359,0.00744,0.0816,0.105,0.456,134.033,246007,4
2024-06-29 20:50,Billie Eilish,watch,1540,billie eilish - watch,271631,Billie Eilish,watch,7eB1V5LvAdxCc7brfGhRRo,77,2017,electro,0.441,0.599,0,-8.985,1,0.225,0.333,0.00198,0.103,0.35,165.212,177523,4
2024-06-29 20:51,Billie Eilish,watch,4825,billie eilish - watch,271631,Billie Eilish,watch,7eB1V5LvAdxCc7brfGhRRo,77,2017,electro,0.441,0.599,0,-8.985,1,0.225,0.333,0.00198,0.103,0.35,165.212,177523,4
2024-06-29 20:58,All Time Low,Monsters (feat. blackbear),174067,all time low - monsters (feat. blackbear),462037,All Time Low,Monsters (feat. blackbear),0tyR7Bu9P086aWBFZ4QJoo,69,2020,pop,0.369,0.845,0,-3.449,0,0.0611,0.0493,0.0,0.416,0.782,78.532,174068,4
2024-06-29 21:05,Bryce Fox,Golden Boy,168555,bryce fox - golden boy,479236,Bryce Fox,Golden Boy,6PQkriCkh2BjZGeK7qTC0q,33,2021,alt-rock,0.694,0.78,9,-6.844,1,0.0728,0.00184,0.0,0.222,0.621,130.058,168555,4
2024-06-29 21:12,Kali Uchis,Melting,208853,kali uchis - melting,197515,Kali Uchis,Melting,2kSb3wYSOV996xA2NSmpck,81,2015,pop,0.574,0.479,8,-7.776,1,0.0355,0.179,0.0803,0.106,0.303,115.263,208854,4
2024-06-29 21:15,Lizzy McAlpine,ceilings,182887,lizzy mcalpine - ceilings,549416,Lizzy McAlpine,ceilings,2L9N0zZnd37dwF0clgxMGI,89,2022,folk,0.516,0.322,9,-11.762,1,0.0292,0.473,0.00194,0.215,0.261,148.005,182888,3
2024-06-29 21:18,BLACKPINK,Kill This Love,191050,blackpink - kill this love,401157,BLACKPINK,Kill This Love,6hvczQ05jc1yGlp9zhb95V,73,2019,k-pop,0.763,0.835,2,-5.234,0,0.191,0.323,0.00221,0.225,0.645,131.875,191050,4
2024-06-29 21:27,RAYE,Escapism.,272373,raye - escapism.,541578,RAYE,Escapism.,5Z2MiIZ5I3jJvvmeWMLbOQ,90,2022,dance,0.538,0.742,2,-5.355,1,0.114,0.138,4.67e-05,0.0934,0.25,96.107,272373,4
2024-06-29 21:30,SZA,Kill Bill,153946,sza - kill bill,569184,SZA,Kill Bill,1Qrg8KqiBpW07V7PNxwwwL,94,2022,pop,0.644,0.735,8,-5.747,1,0.0391,0.0521,0.144,0.161,0.418,88.98,153947,4
2024-06-29 21:32,Anne-Marie,PSYCHO,162666,anne-marie - psycho,541643,Anne-Marie,PSYCHO,1eprzC29mwUQqcVj0eILdx,75,2022,dance,0.62,0.681,9,-4.915,1,0.356,0.0138,0.0,0.0248,0.741,160.743,162493,4
2024-06-29 21:35,Stephen Sanchez,Until I Found You (with Em Beihold) - Em Beihold Version,176440,stephen sanchez - until i found you (with em beihold) - em beihold version,569194,Stephen Sanchez,Until I Found You (with Em Beihold) - Em Beihold Version,1Y3LN4zO1Edc2EluIoSPJN,91,2022,pop,0.551,0.55,10,-5.339,1,0.0286,0.777,0.0,0.202,0.342,101.19,176440,3
2024-06-29 21:42,BoyWithUke,Sick of U (with Oliver Tree),168676,boywithuke - sick of u (with oliver tree),574201,BoyWithUke,Sick of U (with Oliver Tree),5IXdkgrT4lb9sKIb8tbOQ3,73,2022,sad,0.676,0.814,0,-3.213,1,0.0585,0.277,0.0,0.0953,0.601,92.554,168676,4
2024-06-29 21:45,Sachin-Jigar,Saibo,195253,sachin-jigar - saibo,516629,Sachin-Jigar,Saibo,4qCcvSPIEDs1mCPAsaHFyC,12,2021,pop-film,0.619,0.429,2,-7.867,1,0.028,0.738,1.35e-05,0.136,0.545,90.058,195253,4
2024-06-29 21:48,Taylor Swift,Lavender Haze,202395,taylor swift - lavender haze,569193,Taylor Swift,Lavender Haze,5jQI2r1RdgtuT8S3iG8zFC,86,2022,pop,0.733,0.436,10,-10.489,1,0.08,0.258,0.000573,0.157,0.0976,96.985,202396,4
2024-06-29 21:52,WILLOW,Wait a Minute!,196520,willow - wait a minute!,197518,WILLOW,Wait a Minute!,0y60itmpH0aPKsFiGxmtnh,79,2015,pop,0.764,0.705,3,-5.279,0,0.0278,0.0371,1.94e-05,0.0943,0.672,101.003,196520,4
2024-06-29 21:54,Daisy the Great,Record Player (with AJR),149538,daisy the great - record player (with ajr),508549,Daisy the Great,Record Player (with AJR),4jYt1pQqg2mIZmY4FWCZEM,62,2021,indie-pop,0.665,0.684,11,-7.049,0,0.106,0.247,0.0,0.0636,0.927,73.986,149538,4
2024-06-29 21:58,Sia,Unstoppable,217746,sia - unstoppable,224449,Sia,Unstoppable,1yvMUkIOTeUNtNWlWRgANS,81,2016,dance,0.468,0.779,9,-4.839,1,0.0779,0.112,0.000373,0.101,0.26,173.799,217747,4
2024-06-29 22:01,ILLENIUM,Story Of My Life (feat. Trippie Redd),191124,illenium - story of my life (feat. trippie redd),487951,ILLENIUM,Story Of My Life (feat. Trippie Redd),1g7j5AxiNKTGjryhFIlAsA,63,2021,dance,0.521,0.892,3,-4.029,1,0.0433,0.0539,0.0,0.117,0.369,96.991,191124,4
2024-06-29 22:04,Half an Orange,Blink 182,184000,half an orange - blink 182,383901,Half an Orange,Blink 182,0GUCG3rXFQXFBwl3hExO2p,47,2019,edm,0.59,0.469,10,-7.387,0,0.0525,0.206,0.0,0.109,0.37,149.86,184000,4
2024-06-29 22:07,The Kid LAROI,WITHOUT YOU,161384,the kid laroi - without you,506701,The Kid LAROI,WITHOUT YOU,1KMkcUvF7m3SDChDOa7i5L,77,2021,hip-hop,0.662,0.413,0,-7.357,1,0.0299,0.213,0.0,0.134,0.467,93.005,161385,4
2024-06-29 22:10,Lana Del Rey,Summertime Sadness (Lana Del Rey Vs. Cedric Gervais) - Cedric Gervais Remix,214912,lana del rey - summertime sadness (lana del rey vs. cedric gervais) - cedric gervais remix,93586,Lana Del Rey,Summertime Sadness (Lana Del Rey Vs. Cedric Gervais) - Cedric Gervais Remix,6PUIzlqotEmPuBfjbwYWOB,71,2013,pop,0.572,0.81,1,-5.791,0,0.0558,0.0157,6.53e-06,0.13,0.11,126.052,214912,4
2024-06-29 22:14,Halsey,Colors,249499,halsey - colors,175423,Halsey,Colors,1TnUURhehaoMWKAqQtirm6,65,2015,electro,0.512,0.812,1,-4.809,1,0.0617,0.0534,0.0,0.092,0.521,100.02,249500,4
2024-06-29 22:17,Conan Gray,People Watching,158536,conan gray - people watching,515647,Conan Gray,People Watching,4JeOesjcWWlprTAvucDSJX,67,2021,pop,0.53,0.593,5,-7.286,1,0.0545,0.385,0.0,0.314,0.538,125.723,158537,4
2024-06-29 22:20,Olivia Rodrigo,happier,175933,olivia rodrigo - happier,515580,Olivia Rodrigo,happier,2tGvwE8GcFKwNdAXMnlbfl,82,2021,pop,0.395,0.443,6,-9.72,1,0.133,0.765,9.67e-06,0.0839,0.338,168.924,175933,3
2024-06-29 22:24,Conan Gray,Memories,248818,conan gray - memories,569229,Conan Gray,Memories,5UXJzLFdBn6u9FJTCnoHrH,81,2022,pop,0.34,0.684,11,-6.306,1,0.044,0.00979,0.0,0.348,0.556,112.969,248819,4
2024-06-29 22:28,Panic! At The Disco,House of Memories,208706,panic! at the disco - house of memories,614809,Panic! At The Disco,House of Memories,45o7a1TpJadHENVHLnR78t,0,2023,rock,0.506,0.817,11,-5.052,0,0.0336,0.00283,0.0,0.0486,0.49,109.955,208707,4
2024-06-29 22:32,Eminem,Lucky You (feat. Joyner Lucas),244679,eminem - lucky you (feat. joyner lucas),340927,Eminem,Lucky You (feat. Joyner Lucas),60SdxE8apGAxMiRrpbmLY0,73,2018,hip-hop,0.876,0.786,10,-4.884,0,0.306,0.0627,0.0,0.127,0.575,153.068,244679,4
2024-06-29 22:34,Dove Cameron,Boyfriend,153000,dove cameron - boyfriend,569224,Dove Cameron,Boyfriend,59CfNbkERJ3NoTXDvoURjj,81,2022,pop,0.345,0.612,7,-6.543,0,0.0608,0.232,0.0,0.194,0.232,179.773,153000,3
2024-06-29 22:38,Suki Waterhouse,Good Looking,214800,suki waterhouse - good looking,561974,Suki Waterhouse,Good Looking,0j3mqDTK4Z6lvrLzFCUUz6,78,2022,indie-pop,0.364,0.554,4,-9.076,1,0.0301,0.077,0.000297,0.125,0.257,150.079,214800,3
2024-06-29 22:41,lovelytheband,broken,204878,lovelytheband - broken,311050,lovelytheband,broken,6XcfKZvJio9Z0fQy11GnNX,67,2018,alt-rock,0.666,0.728,7,-5.808,1,0.0419,0.00175,4.26e-06,0.0429,0.51,122.996,204878,4
2024-06-29 22:45,Billie Eilish,Six Feet Under,189613,billie eilish - six feet under,231076,Billie Eilish,Six Feet Under,2VlLbhGLVJgdOW7kKdWWFc,72,2016,electro,0.576,0.307,11,-12.732,0,0.0428,0.807,0.000355,0.0792,0.157,67.513,189613,4
2024-06-29 22:48,Anuv Jain,Alag Aasmaan,212750,anuv jain - alag aasmaan,453815,Anuv Jain,Alag Aasmaan,74kCarkFBzXYXNkkYJIsG0,68,2020,indian,0.699,0.299,6,-12.599,1,0.0403,0.869,0.0,0.0724,0.459,118.969,212773,4
2024-06-29 22:52,BTS,Life Goes On,207481,bts - life goes on,456852,BTS,Life Goes On,5FVbvttjEvQ8r2BgUcJgNg,76,2020,k-pop,0.566,0.716,1,-5.733,1,0.0424,0.00691,0.0,0.37,0.45,81.068,207481,4
2024-06-29 22:56,BTS,We are Bulletproof : the Eternal,261542,bts - we are bulletproof : the eternal,456885,BTS,We are Bulletproof : the Eternal,133ocfbXXG4HTk76qgSeUb,68,2020,k-pop,0.522,0.574,9,-5.225,0,0.0317,0.224,0.0,0.108,0.176,84.044,261543,4
2024-06-29 23:07,BTS,Dope,55296,bts - dope,192414,BTS,Dope,7jPCPDYoiaKeK7cgNGpIzq,66,2015,k-pop,0.595,0.89,10,-3.109,0,0.245,0.0486,0.0,0.32,0.62,154.071,240021,4
2024-06-29 23:56,BTS,Dope,762,bts - dope,192414,BTS,Dope,7jPCPDYoiaKeK7cgNGpIzq,66,2015,k-pop,0.595,0.89,10,-3.109,0,0.245,0.0486,0.0,0.32,0.62,154.071,240021,4
2024-06-29 23:56,BTS,ON,1662,bts - on,456863,BTS,ON,0fZRNhPJ4AGmwY7rkpdbqK,71,2020,k-pop,0.583,0.817,9,-5.146,0,0.099,0.118,0.0,0.338,0.437,105.935,246381,4
2024-06-29 23:56,BTS,Burning Up (Fire),1752,bts - burning up (fire),247536,BTS,Burning Up (Fire),0aE3V0zgSD2YwkEHW42gxG,70,2016,k-pop,0.626,0.706,10,-3.201,0,0.0596,0.00225,0.0,0.122,0.534,99.939,203352,4
2024-06-29 23:56,BTS,Burning Up (Fire),1752,bts - burning up (fire),564348,BTS,Burning Up (FIRE),5cQPIQAF2T1elxWs7EqB9W,60,2022,k-pop,0.63,0.668,3,-4.266,0,0.0714,0.00287,0.0,0.125,0.529,99.949,203958,4
2024-06-30 00:00,Vance Joy,Riptide,204280,vance joy - riptide,74623,Vance Joy,Riptide,423RKXolCbgBbkF8WanOwA,44,2013,folk,0.484,0.731,1,-6.694,1,0.0379,0.431,0.0,0.151,0.51,101.654,204280,4
2024-06-30 00:02,Imagine Dragons,Demons,175200,imagine dragons - demons,43789,Imagine Dragons,Demons,3LlAyCYU26dvFZBDUIMb7a,73,2012,rock,0.505,0.71,3,-3.015,1,0.0321,0.19,0.00025,0.329,0.428,89.938,175200,4
2024-06-30 00:06,Kygo,Stargazing,236853,kygo - stargazing,264881,Kygo,Stargazing,0Zbbxnx4SGGHoIow4PpISP,65,2017,dance,0.677,0.497,5,-5.763,1,0.0809,0.152,0.0,0.0911,0.419,99.137,236853,4
2024-06-30 00:20,Naughty Boy,No One’s Here To Sleep,272547,naughty boy - no one’s here to sleep,120104,Naughty Boy,No One’s Here To Sleep,2oyiRrtSRCSdSSLWPS3E8j,36,2014,dance,0.636,0.497,0,-6.876,0,0.0313,0.0312,0.00148,0.108,0.148,122.026,272547,4
2024-06-30 00:24,Seafret,Atlantis,229173,seafret - atlantis,232723,Seafret,Atlantis,1Fid2jjqsHViMX6xNH70hE,85,2016,folk,0.4,0.479,8,-7.989,0,0.0308,0.0529,2.14e-06,0.115,0.213,166.159,229173,4
2024-06-30 00:28,GROUPLOVE,Tongue Tied,218013,grouplove - tongue tied,1403307,GROUPLOVE,Tongue Tied,0GO8y8jQk1PkHzS31d699N,77,2011,alt-rock,0.56,0.936,3,-5.835,1,0.0439,0.00847,0.0,0.161,0.371,112.96,218013,4
2024-06-30 00:37,Conan Gray,People Watching,158536,conan gray - people watching,515647,Conan Gray,People Watching,4JeOesjcWWlprTAvucDSJX,67,2021,pop,0.53,0.593,5,-7.286,1,0.0545,0.385,0.0,0.314,0.538,125.723,158537,4
2024-06-30 00:41,Ruelle,War Of Hearts,226216,ruelle - war of hearts,175420,Ruelle,War Of Hearts,4R8BdwRidxAWaYyFNU00P1,69,2015,electro,0.479,0.781,9,-6.344,0,0.124,0.221,0.55,0.0964,0.258,147.961,226216,3
2024-06-30 01:01,Camila Cabello,Bam Bam (feat. Ed Sheeran),206070,camila cabello - bam bam (feat. ed sheeran),541611,Camila Cabello,Bam Bam (feat. Ed Sheeran),0QBzMgT7NIeoCYy3sJCof1,80,2022,dance,0.756,0.697,8,-6.377,1,0.0401,0.182,0.0,0.333,0.956,94.996,206071,4
2024-06-30 01:04,Elley Duhé,MIDDLE OF THE NIGHT,184447,elley duhé - middle of the night,462004,Elley Duhé,MIDDLE OF THE NIGHT,58HvfVOeJY7lUuCqF0m3ly,85,2020,pop,0.41,0.611,4,-8.271,0,0.0467,0.0228,0.0,0.116,0.0899,185.727,184448,3
2024-06-30 01:14,Eminem,Venom - Music From The Motion Picture,269573,eminem - venom - music from the motion picture,340956,Eminem,Venom - Music From The Motion Picture,2SL6oP2YAEQbqsrkOzRGO4,73,2018,hip-hop,0.749,0.794,0,-5.063,1,0.064,0.0193,0.0,0.543,0.46,135.959,269554,4
2024-06-30 01:16,Olivia Rodrigo,brutal,143746,olivia rodrigo - brutal,515588,Olivia Rodrigo,brutal,6SRsiMl7w1USE4mFqrOhHC,77,2021,pop,0.672,0.526,4,-6.446,1,0.0599,0.0311,1.37e-06,0.28,0.28,123.999,143747,4
2024-06-30 01:20,One Direction,Rock Me,200266,one direction - rock me,40400,One Direction,Rock Me,4GF00uRxC4ECrxNEbnapqf,62,2012,pop,0.506,0.909,8,-3.629,1,0.0528,0.0261,0.0,0.155,0.814,168.021,200267,4
2024-06-30 01:26,Taylor Swift,this is me trying,195097,taylor swift - this is me trying,462023,Taylor Swift,this is me trying,7kt9e9LFSpN1zQtYEl19o1,73,2020,pop,0.515,0.476,9,-9.843,1,0.0328,0.314,4.74e-05,0.171,0.412,135.886,195097,4
2024-06-30 01:29,Dua Lipa,Boys Will Be Boys,166266,dua lipa - boys will be boys,433504,Dua Lipa,Boys Will Be Boys,0vQcyuMEfRBd21ojZ62N2L,59,2020,dance,0.768,0.486,3,-5.954,1,0.0353,0.408,0.0,0.098,0.519,125.021,166266,4
2024-06-30 01:33,EXO,Love Shot,200306,exo - love shot,344859,EXO,Love Shot,0yB4jrSwN0bFtFRDR5vyMj,74,2018,k-pop,0.689,0.678,5,-4.287,0,0.119,0.0702,0.0,0.0889,0.335,145.883,200306,4
2024-06-30 01:45,BTS,Spring Day,137260,bts - spring day,288435,BTS,Spring Day,2j1fFjWHCI9KJSwcuYAOyF,73,2017,k-pop,0.539,0.846,8,-3.192,1,0.0354,0.00631,1.71e-06,0.13,0.462,106.994,274097,4
2024-06-30 19:50,BTS,Spring Day,3718,bts - spring day,288435,BTS,Spring Day,2j1fFjWHCI9KJSwcuYAOyF,73,2017,k-pop,0.539,0.846,8,-3.192,1,0.0354,0.00631,1.71e-06,0.13,0.462,106.994,274097,4
2024-06-30 19:52,Bishop Briggs,River,127507,bishop briggs - river,254952,Bishop Briggs,River,0TGTE9TEh9qzuFwmtRNICn,53,2017,alt-rock,0.726,0.484,2,-6.707,0,0.0477,0.274,2.44e-06,0.0874,0.561,62.493,214280,4
2024-06-30 19:56,Stromae,Papaoutai,232146,stromae - papaoutai,86484,Stromae,Papaoutai,1QFw2xxyQtgKjlrMCEqsNj,54,2013,house,0.734,0.809,10,-7.264,0,0.0839,0.0266,0.0,0.0642,0.254,116.022,232147,4
2024-06-30 19:58,Ariana Grande,God is a woman,106126,ariana grande - god is a woman,321023,Ariana Grande,God is a woman,5OCJzvD7sykQEKHH7qAC3C,77,2018,dance,0.602,0.658,1,-5.934,1,0.0558,0.0233,6e-05,0.237,0.268,145.031,197547,4
2024-06-30 20:04,One Direction,Perfect,230333,one direction - perfect,197553,One Direction,Perfect,3NLnwwAQbbFKcEcV8hDItk,77,2015,pop,0.647,0.823,2,-5.231,1,0.0762,0.0598,0.0,0.119,0.396,99.933,230333,4
2024-06-30 20:16,One Direction,Drag Me Down,106493,one direction - drag me down,197544,One Direction,Drag Me Down,2K87XMYnUMqLcX3zvtAF4G,78,2015,pop,0.73,0.703,0,-5.672,0,0.0369,0.109,0.0,0.0657,0.595,138.113,192120,4
2024-06-30 20:48,OneRepublic,If I Lose Myself,600,onerepublic - if i lose myself,146279,OneRepublic,If I Lose Myself,7hIRQZhDjab4YgqkkkehV9,57,2014,piano,0.482,0.713,2,-6.017,1,0.0487,0.0969,0.0,0.111,0.263,140.069,241640,4
2024-06-30 20:48,One Direction,Drag Me Down,711,one direction - drag me down,197544,One Direction,Drag Me Down,2K87XMYnUMqLcX3zvtAF4G,78,2015,pop,0.73,0.703,0,-5.672,0,0.0369,0.109,0.0,0.0657,0.595,138.113,192120,4
2024-06-30 20:48,One Direction,What Makes You Beautiful,536,one direction - what makes you beautiful,40346,One Direction,What Makes You Beautiful,4cluDES4hQEUhmXj6TXkSo,82,2012,pop,0.726,0.787,4,-2.494,1,0.0737,0.009,0.0,0.0596,0.888,124.99,199987,4
2024-06-30 20:48,One Direction,Story of My Life,734,one direction - story of my life,93572,One Direction,Story of My Life,4nVBt6MZDDP6tRVdQTgxJg,81,2013,pop,0.6,0.663,3,-5.802,1,0.0477,0.225,0.0,0.119,0.286,121.07,245493,4
2024-06-30 20:52,OneRepublic,Rich Love (with Seeb),201256,onerepublic - rich love (with seeb),292688,OneRepublic,Rich Love (with Seeb),7dOeiXeTSfA1ixaYmQcWu7,63,2017,piano,0.401,0.872,1,-3.641,0,0.314,0.167,0.0,0.362,0.472,104.592,201257,4
2024-06-30 20:58,Harry Styles,Sign of the Times,340706,harry styles - sign of the times,293474,Harry Styles,Sign of the Times,5Ohxk2dO5COHF1krpoPigN,83,2017,pop,0.516,0.595,5,-4.63,1,0.0313,0.0275,0.0,0.109,0.222,119.972,340707,4
2024-06-30 21:02,Harry Styles,Watermelon Sugar,174000,harry styles - watermelon sugar,406370,Harry Styles,Watermelon Sugar,6UelLqGlWMcVH1E5c4H7lY,87,2019,pop,0.548,0.816,0,-4.209,1,0.0465,0.122,0.0,0.335,0.557,95.39,174000,4
2024-06-30 21:07,Lady Gaga,Poker Face,237200,lady gaga - poker face,591113,Lady Gaga,Poker Face,563ESy4kWZpnv6UH58mell,8,2023,dance,0.851,0.818,4,-4.637,1,0.0789,0.112,2.94e-06,0.0945,0.808,119.006,238907,4
2024-06-30 21:10,Lady Gaga,Shallow,215733,lady gaga - shallow,321016,Lady Gaga,Shallow,2VxeLyX666F8uXCJ0dZF8B,83,2018,dance,0.572,0.385,7,-6.362,1,0.0308,0.371,0.0,0.231,0.323,95.799,215733,4
2024-06-30 21:14,Rihanna,Unfaithful,226973,rihanna - unfaithful,1097385,Rihanna,Unfaithful,13xxBnXOuiBxVxJI458B0i,72,2006,pop,0.588,0.391,0,-8.607,0,0.0334,0.839,0.0,0.227,0.349,144.069,226973,4
2024-06-30 21:18,Rihanna,Diamonds,225146,rihanna - diamonds,40343,Rihanna,Diamonds,1z9kQ14XBSN0r2v6fx4IdG,75,2012,pop,0.564,0.71,11,-4.92,0,0.0461,0.00125,0.0,0.109,0.393,91.972,225147,4
2024-06-30 21:25,Taylor Swift,I Did Something Bad,238253,taylor swift - i did something bad,293488,Taylor Swift,I Did Something Bad,4svZDCRz4cJoneBpjpx8DJ,74,2017,pop,0.696,0.602,0,-6.156,0,0.159,0.0679,2.11e-05,0.0696,0.305,82.989,238253,4
2024-06-30 21:50,Avicii,Waiting For Love,66919,avicii - waiting for love,174628,Avicii,Waiting For Love,2P4OICZRVAQcYAV2JReRfj,81,2015,edm,0.579,0.736,6,-3.863,0,0.0527,0.31,0.0,0.198,0.613,127.999,230613,4
2024-07-01 01:53,Avicii,Waiting For Love,174,avicii - waiting for love,174628,Avicii,Waiting For Love,2P4OICZRVAQcYAV2JReRfj,81,2015,edm,0.579,0.736,6,-3.863,0,0.0527,0.31,0.0,0.198,0.613,127.999,230613,4
2024-07-01 01:53,Maroon 5,Daylight,776,maroon 5 - daylight,40371,Maroon 5,Daylight,6TwfdLbaxTKzQi3AgsZNzx,61,2012,pop,0.657,0.679,2,-5.511,1,0.0269,0.00246,0.0,0.211,0.331,120.007,225307,4
2024-07-01 01:53,Gym Class Heroes,Stereo Hearts (feat. Adam Levine),4012,gym class heroes - stereo hearts (feat. adam levine),1412784,Gym Class Heroes,Stereo Hearts (feat. Adam Levine),0qOnSQQF0yzuPWsXrQ9paz,80,2011,dance,0.646,0.795,9,-3.293,1,0.0976,0.0319,0.0,0.267,0.796,89.99,210960,4
2024-07-01 01:53,Maroon 5,Cold (feat. Future),1965,maroon 5 - cold (feat. future),350257,Maroon 5,Cold (feat. Future),7gwLQ4tZ5UdZ7qNcDyJ8wr,62,2018,pop,0.693,0.717,9,-6.346,0,0.107,0.14,0.0,0.0464,0.412,99.836,234308,4
2024-07-01 01:53,Maroon 5,Payphone,943,maroon 5 - payphone,40350,Maroon 5,Payphone,4P0osvTXoSYZZC2n8IFH3c,70,2012,pop,0.739,0.756,4,-4.828,1,0.0394,0.0136,0.0,0.37,0.523,110.028,231387,4
2024-07-01 01:53,Maroon 5,Animals,550,maroon 5 - animals,146781,Maroon 5,Animals,2bL2gyO6kBdLkNSkxXNh6x,79,2014,pop,0.279,0.742,4,-6.46,0,0.0898,0.000185,0.0,0.593,0.328,189.868,231013,4
2024-07-01 01:53,Maroon 5,One More Night,467,maroon 5 - one more night,40351,Maroon 5,One More Night,4XNrMwGx1SqP01sqkGTDmo,69,2012,pop,0.718,0.82,5,-3.453,0,0.0323,0.0444,0.0,0.0846,0.613,92.998,219467,4
2024-07-01 01:57,Maroon 5,Animals,231013,maroon 5 - animals,146781,Maroon 5,Animals,2bL2gyO6kBdLkNSkxXNh6x,79,2014,pop,0.279,0.742,4,-6.46,0,0.0898,0.000185,0.0,0.593,0.328,189.868,231013,4
2024-07-01 02:01,Maroon 5,Payphone,231386,maroon 5 - payphone,40350,Maroon 5,Payphone,4P0osvTXoSYZZC2n8IFH3c,70,2012,pop,0.739,0.756,4,-4.828,1,0.0394,0.0136,0.0,0.37,0.523,110.028,231387,4
2024-07-01 02:04,Maroon 5,This Love,206200,maroon 5 - this love,612607,Maroon 5,This Love,6e5E9huOS5acz5HJ53mgiW,1,2023,pop,0.712,0.868,5,-4.098,0,0.038,0.0606,0.0,0.0897,0.758,95.041,205747,4
2024-07-01 02:08,Maroon 5,Sugar,235493,maroon 5 - sugar,146779,Maroon 5,Sugar,2iuZJX9X9P0GKaE93xcPjk,80,2014,pop,0.748,0.788,1,-7.055,1,0.0334,0.0591,0.0,0.0863,0.884,120.076,235493,4
2024-07-01 02:11,Maroon 5,Maps,189960,maroon 5 - maps,146767,Maroon 5,Maps,4gbVRS8gloEluzf0GzDOFc,82,2014,pop,0.742,0.713,1,-5.522,0,0.0303,0.0205,0.0,0.059,0.879,120.032,189960,4
2024-07-01 02:15,Maroon 5,Memories,189486,maroon 5 - memories,515583,Maroon 5,Memories,4cktbXiXOapiLBMprHFErI,84,2021,pop,0.775,0.327,11,-7.241,1,0.0557,0.841,0.0,0.0821,0.595,91.05,189486,4
2024-07-01 02:17,Zedd,Beautiful Now,4121,zedd - beautiful now,174643,Zedd,Beautiful Now,2ISSQPb9LHHiV6ng2NXosL,67,2015,edm,0.628,0.833,11,-4.126,0,0.0282,0.0079,1.48e-05,0.074,0.56,128.003,218293,4
2024-07-01 02:17,Zedd,Beautiful Now,110686,zedd - beautiful now,174643,Zedd,Beautiful Now,2ISSQPb9LHHiV6ng2NXosL,67,2015,edm,0.628,0.833,11,-4.126,0,0.0282,0.0079,1.48e-05,0.074,0.56,128.003,218293,4
2024-07-01 02:17,Zedd,365,1704,zedd - 365,377816,Zedd,365,2XWjPtKdi5sucFYtVav07d,64,2019,dance,0.745,0.693,2,-5.479,0,0.034,0.339,0.0,0.123,0.248,98.039,181900,4
2024-07-01 02:20,Zedd,365,181899,zedd - 365,377816,Zedd,365,2XWjPtKdi5sucFYtVav07d,64,2019,dance,0.745,0.693,2,-5.479,0,0.034,0.339,0.0,0.123,0.248,98.039,181900,4
2024-07-01 02:23,Katy Perry,Hot N Cold,220226,katy perry - hot n cold,591125,Katy Perry,Hot N Cold,7EwtjRuTb94kUL90BgeChM,3,2023,dance,0.706,0.842,7,-3.956,1,0.0417,7.73e-05,0.0,0.0688,0.861,132.032,220227,4
2024-07-01 02:27,Katy Perry,The One That Got Away,227333,katy perry - the one that got away,12132,Katy Perry,The One That Got Away,3oL3XRtkP1WVbMxf7dtTdu,72,2012,dance,0.687,0.792,1,-4.023,0,0.0353,0.000802,0.0,0.2,0.864,133.962,227333,4
2024-07-01 02:31,Katy Perry,Roar,223546,katy perry - roar,66276,Katy Perry,Roar,27tNWlhdAryQY04Gb2ZhUI,77,2013,dance,0.671,0.771,7,-4.821,0,0.0316,0.00492,7.28e-06,0.354,0.436,90.003,223546,4
2024-07-01 23:58,Ellie Goulding,Hate Me (with Juice WRLD),1532,ellie goulding - hate me (with juice wrld),377683,Ellie Goulding,Hate Me (with Juice WRLD),6kls8cSlUyHW2BUOkDJIZE,72,2019,dance,0.657,0.768,8,-4.628,1,0.0507,0.108,0.0,0.144,0.759,75.025,186223,4
2024-07-01 23:58,Ellie Goulding,Burn,2437,ellie goulding - burn,12153,Ellie Goulding,Burn,5lF0pHbsJ0QqyIrLweHJPW,70,2012,dance,0.555,0.772,1,-5.007,1,0.0523,0.315,0.0,0.105,0.346,86.921,231213,4
2024-07-01 23:58,Taylor Swift,Delicate,564,taylor swift - delicate,293475,Taylor Swift,Delicate,6NFyWDv5CjfwuzoCkw47Xf,78,2017,pop,0.75,0.404,9,-10.178,0,0.0682,0.216,0.000357,0.0911,0.0499,95.045,232253,4
2024-07-01 23:58,Taylor Swift,Wildest Dreams (Taylor's Version),448,taylor swift - wildest dreams (taylor's version),515577,Taylor Swift,Wildest Dreams (Taylor's Version),1Ov37jtRQ2YNAe8HzfczkL,80,2021,pop,0.583,0.67,8,-7.289,1,0.0646,0.0374,0.0001,0.126,0.498,140.061,220433,4
2024-07-01 23:58,Taylor Swift,You Belong With Me (Taylor’s Version),759,taylor swift - you belong with me (taylor’s version),515595,Taylor Swift,You Belong With Me (Taylor’s Version),1qrpoAMXodY6895hGKoUpA,79,2021,pop,0.632,0.773,6,-4.856,1,0.0346,0.0623,0.0,0.0885,0.474,130.033,231124,4
2024-07-01 23:58,Taylor Swift,Style,691,taylor swift - style,146766,Taylor Swift,Style,4lIxdJw6W3Fg4vUIYCB0S5,74,2014,pop,0.598,0.786,2,-5.572,1,0.0383,0.00253,0.0016,0.117,0.456,95.019,231000,4
2024-07-01 23:58,Taylor Swift,cardigan,690,taylor swift - cardigan,461996,Taylor Swift,cardigan,4R2kfaDFhslZEMJqAFNpdd,84,2020,pop,0.613,0.581,0,-8.588,0,0.0424,0.537,0.000345,0.25,0.551,130.033,239560,4
2024-07-02 00:01,Taylor Swift,Lover,221306,taylor swift - lover,406372,Taylor Swift,Lover,1dGr1c8CrMLDpV6mPbImSI,83,2019,pop,0.359,0.543,7,-7.582,1,0.0919,0.492,1.58e-05,0.118,0.453,68.534,221307,4
2024-07-02 00:18,Olivia Rodrigo,traitor,199634,olivia rodrigo - traitor,515570,Olivia Rodrigo,traitor,5CZ40GBx1sQ9agT82CLQCT,84,2021,pop,0.38,0.339,3,-7.885,1,0.0338,0.691,0.0,0.12,0.0849,100.607,229227,4
2024-07-05 00:08,Wallows,Are You Bored Yet? (feat. Clairo),947,wallows - are you bored yet? (feat. clairo),399066,Wallows,Are You Bored Yet? (feat. Clairo),57RA3JGafJm5zRtKJiKPIm,77,2019,indie-pop,0.682,0.683,8,-6.444,0,0.0287,0.156,2.32e-05,0.273,0.64,120.023,178000,4
2024-07-05 00:08,Wallows,Are You Bored Yet? (feat. Clairo),990,wallows - are you bored yet? (feat. clairo),399066,Wallows,Are You Bored Yet? (feat. Clairo),57RA3JGafJm5zRtKJiKPIm,77,2019,indie-pop,0.682,0.683,8,-6.444,0,0.0287,0.156,2.32e-05,0.273,0.64,120.023,178000,4
2024-07-05 00:16,YUNGBLUD,parents,171880,yungblud - parents,410175,YUNGBLUD,parents,68rVGSTnCiFOET9k5Vd8Se,64,2019,rock,0.618,0.823,7,-4.76,1,0.0447,0.0132,0.0,0.288,0.58,82.004,171880,4
2024-07-05 19:05,Chappell Roan,Pink Pony Club,258034,chappell roan - pink pony club,562220,Chappell Roan,Pink Pony Club,6rcuy6XqlB9bqvtIRDl25u,49,2022,indie-pop,0.613,0.646,6,-6.393,1,0.0451,0.406,0.0,0.112,0.47,106.958,258035,4
2024-07-05 19:08,Chappell Roan,My Kink Is Karma,222578,chappell roan - my kink is karma,562106,Chappell Roan,My Kink is Karma,5nutMjOPSSB9I9CUGOg8lm,53,2022,indie-pop,0.582,0.526,2,-6.201,1,0.0624,0.0621,0.0,0.0847,0.273,86.256,222578,4
2024-07-05 19:25,Conan Gray,People Watching,158536,conan gray - people watching,515647,Conan Gray,People Watching,4JeOesjcWWlprTAvucDSJX,67,2021,pop,0.53,0.593,5,-7.286,1,0.0545,0.385,0.0,0.314,0.538,125.723,158537,4
2024-07-05 19:35,Wallows,Are You Bored Yet? (feat. Clairo),178000,wallows - are you bored yet? (feat. clairo),399066,Wallows,Are You Bored Yet? (feat. Clairo),57RA3JGafJm5zRtKJiKPIm,77,2019,indie-pop,0.682,0.683,8,-6.444,0,0.0287,0.156,2.32e-05,0.273,0.64,120.023,178000,4
2024-07-05 19:37,Olivia Rodrigo,brutal,143746,olivia rodrigo - brutal,515588,Olivia Rodrigo,brutal,6SRsiMl7w1USE4mFqrOhHC,77,2021,pop,0.672,0.526,4,-6.446,1,0.0599,0.0311,1.37e-06,0.28,0.28,123.999,143747,4
2024-07-05 19:41,Chappell Roan,Casual,232796,chappell roan - casual,562026,Chappell Roan,Casual,1UTGAopFU1g7qoxTE8sE3D,57,2022,indie-pop,0.508,0.411,1,-6.95,1,0.0269,0.226,0.0,0.0571,0.34,131.008,232796,4
2024-07-05 19:50,Suki Waterhouse,Good Looking,214800,suki waterhouse - good looking,561974,Suki Waterhouse,Good Looking,0j3mqDTK4Z6lvrLzFCUUz6,78,2022,indie-pop,0.364,0.554,4,-9.076,1,0.0301,0.077,0.000297,0.125,0.257,150.079,214800,3
2024-07-05 19:58,Noah Kahan,Stick Season,299417,noah kahan - stick season,569217,Noah Kahan,Stick Season,0mflMxspEfB0VbI1kyLiAv,75,2022,pop,0.662,0.488,9,-6.894,1,0.0682,0.782,0.0,0.102,0.817,117.913,182347,4
2024-07-05 20:09,Mitski,Strawberry Blond,114277,mitski - strawberry blond,87542,Mitski,Strawberry Blond,1EO9dn7V0ufwPHJngZThO5,66,2013,indie-pop,0.51,0.545,0,-8.299,1,0.0928,0.839,0.0,0.061,0.941,77.92,114277,4
2024-07-05 20:15,Lizzy McAlpine,ceilings,182887,lizzy mcalpine - ceilings,549416,Lizzy McAlpine,ceilings,2L9N0zZnd37dwF0clgxMGI,89,2022,folk,0.516,0.322,9,-11.762,1,0.0292,0.473,0.00194,0.215,0.261,148.005,182888,3
2024-07-05 20:22,Chappell Roan,Naked In Manhattan,211057,chappell roan - naked in manhattan,562087,Chappell Roan,Naked in Manhattan,74oXlQPr6x05HDrGVaiYXZ,54,2022,indie-pop,0.771,0.704,1,-5.098,1,0.0315,0.0835,0.0,0.0935,0.55,118.01,211058,4
2024-07-05 20:31,Sabrina Carpenter,Nonsense,163648,sabrina carpenter - nonsense,541580,Sabrina Carpenter,Nonsense,6dgUya35uo964z7GZXM07g,88,2022,dance,0.74,0.697,8,-4.912,1,0.034,0.0268,0.0,0.224,0.732,138.992,163648,4
2024-07-05 20:48,Mitski,Liquid Smooth,169773,mitski - liquid smooth,33750,Mitski,Liquid Smooth,3XCveEutwTaDiekRkkfdp9,72,2012,indie-pop,0.424,0.342,7,-9.469,0,0.0339,0.838,0.0,0.136,0.124,76.235,169773,4
2024-07-05 20:55,Sabrina Carpenter,Feather,185552,sabrina carpenter - feather,591140,Sabrina Carpenter,Feather,2Zo1PcszsT9WQ0ANntJbID,67,2023,dance,0.787,0.686,6,-4.37,0,0.0339,0.0893,0.0,0.0927,0.836,123.51,185553,4
2024-07-05 21:14,Mitski,Washing Machine Heart,128198,mitski - washing machine heart,342776,Mitski,Washing Machine Heart,3jjsRKEsF42ccXf8kWR3nu,81,2018,indie-pop,0.613,0.822,9,-4.087,1,0.026,0.0092,0.506,0.429,0.567,105.997,128199,4
2024-07-07 04:28,Chappell Roan,Femininomenon,219710,chappell roan - femininomenon,562187,Chappell Roan,Femininomenon,1YlOZY3puELE0PgxD1enZo,50,2022,indie-pop,0.645,0.789,3,-5.324,1,0.0545,0.339,6.32e-05,0.0821,0.31,124.951,219711,4
2024-07-07 04:36,Phoebe Bridgers,Motion Sickness,41896,phoebe bridgers - motion sickness,286609,Phoebe Bridgers,Motion Sickness,5xo8RrjJ9CVNrtRg2S3B1R,74,2017,indie-pop,0.651,0.546,1,-9.021,1,0.0357,0.774,0.0437,0.0842,0.623,107.021,229760,4
2024-07-08 17:50,Sabrina Carpenter,because i liked a boy,1646,sabrina carpenter - because i liked a boy,541617,Sabrina Carpenter,because i liked a boy,32FhTAAjKZaBein150o3Px,71,2022,dance,0.386,0.592,11,-7.299,1,0.374,0.363,0.0,0.117,0.161,146.879,196458,4
2024-07-08 17:50,Lorde,Supercut,389,lorde - supercut,293521,Lorde,Supercut,6K8VQ84MqhsoakN5MjrnVR,69,2017,pop,0.562,0.437,0,-10.229,1,0.052,0.219,2.18e-05,0.0806,0.15,124.852,277506,4
2024-07-08 17:50,Phoebe Bridgers,Motion Sickness,452,phoebe bridgers - motion sickness,286609,Phoebe Bridgers,Motion Sickness,5xo8RrjJ9CVNrtRg2S3B1R,74,2017,indie-pop,0.651,0.546,1,-9.021,1,0.0357,0.774,0.0437,0.0842,0.623,107.021,229760,4
2024-07-08 18:03,Djo,End of Beginning,159245,djo - end of beginning,569335,Djo,End of Beginning,3qhlB30KknSejmIvZZLjOD,66,2022,pop,0.689,0.454,2,-7.643,1,0.0584,0.0351,0.00259,0.0707,0.912,159.982,159246,4
2024-07-08 18:20,Sabrina Carpenter,emails i can’t send,104408,sabrina carpenter - emails i can’t send,569314,Sabrina Carpenter,emails i can’t send,2qLyo5FeWquE7HBUbcVnEy,69,2022,pop,0.515,0.387,7,-10.614,1,0.192,0.757,0.0,0.622,0.408,86.313,104408,3
2024-07-08 18:47,Maggie Rogers,Alaska,188000,maggie rogers - alaska,286720,Maggie Rogers,Alaska,4DyfJFTQb27adTDdhFeSgD,48,2017,indie-pop,0.837,0.312,0,-13.797,1,0.0702,0.313,0.0175,0.0923,0.145,104.008,189400,4
2024-07-08 18:55,girl in red,girls,55200,girl in red - girls,342794,girl in red,girls,04OSnqlwlBJMvidYccraVz,70,2018,indie-pop,0.518,0.447,5,-14.461,1,0.0338,0.23,0.0426,0.171,0.792,150.059,198400,4
2024-07-08 19:02,Billie Eilish,you should see me in a crown,180952,billie eilish - you should see me in a crown,384325,Billie Eilish,you should see me in a crown,3XF5xLJHOQQRbWya6hBp7d,75,2019,electro,0.678,0.533,4,-10.485,1,0.186,0.462,0.219,0.139,0.323,150.455,180953,4
2024-07-08 19:13,Billie Eilish,bury a friend,60386,billie eilish - bury a friend,384330,Billie Eilish,bury a friend,4SSnFejRGlZikf02HLewEF,73,2019,electro,0.905,0.389,8,-14.505,1,0.332,0.74,0.162,0.106,0.196,120.046,193143,4
2024-07-08 21:37,Billie Eilish,bury a friend,132758,billie eilish - bury a friend,384330,Billie Eilish,bury a friend,4SSnFejRGlZikf02HLewEF,73,2019,electro,0.905,0.389,8,-14.505,1,0.332,0.74,0.162,0.106,0.196,120.046,193143,4
2024-07-08 21:44,Chappell Roan,School Nights,249236,chappell roan - school nights,343266,Chappell Roan,School Nights,1EQ3XbVzPZfKxMjvx9UjBH,38,2018,indie-pop,0.595,0.277,6,-10.393,0,0.043,0.895,0.000269,0.114,0.266,129.913,249237,4
2024-07-08 21:46,Sabrina Carpenter,Vicious,149890,sabrina carpenter - vicious,541656,Sabrina Carpenter,Vicious,6Alp15t6urC4opjJiyOqZu,66,2022,dance,0.721,0.457,0,-6.916,1,0.159,0.308,0.0,0.258,0.63,129.98,149891,4
2024-07-08 21:55,Clairo,Sofia,188386,clairo - sofia,399069,Clairo,Sofia,7B3z0ySL9Rr0XvZEAjWZzM,78,2019,indie-pop,0.744,0.619,0,-9.805,1,0.039,0.598,0.00372,0.231,0.641,112.997,188387,4
2024-07-08 22:02,Suki Waterhouse,Moves,667,suki waterhouse - moves,562001,Suki Waterhouse,Moves,6TT7B4MigCJCc0tqKYEpZC,63,2022,indie-pop,0.574,0.44,0,-8.274,1,0.024,0.579,0.0,0.348,0.365,84.992,193032,4
2024-07-08 22:12,Suki Waterhouse,Moves,193031,suki waterhouse - moves,562001,Suki Waterhouse,Moves,6TT7B4MigCJCc0tqKYEpZC,63,2022,indie-pop,0.574,0.44,0,-8.274,1,0.024,0.579,0.0,0.348,0.365,84.992,193032,4
2024-07-09 00:31,Hozier,Work Song,229720,hozier - work song,146789,Hozier,Work Song,5TgEJ62DOzBpGxZ7WRsrqb,68,2014,pop,0.531,0.363,10,-7.672,1,0.0608,0.749,0.0,0.112,0.259,121.412,229720,4
2024-07-09 00:35,Chappell Roan,California,198089,chappell roan - california,455271,Chappell Roan,California,3n1pmUGThzVOiLy59x5oDU,39,2020,indie-pop,0.479,0.359,1,-10.206,1,0.0541,0.551,0.0,0.0884,0.392,112.392,198089,1
2024-07-09 00:38,Mitski,Nobody,193429,mitski - nobody,342781,Mitski,Nobody,2P5yIMu2DNeMXTyOANKS6k,75,2018,indie-pop,0.398,0.717,0,-5.253,1,0.0398,0.07,0.0,0.085,0.487,117.296,193429,4
2024-07-09 00:42,Chappell Roan,Pink Pony Club,258034,chappell roan - pink pony club,562220,Chappell Roan,Pink Pony Club,6rcuy6XqlB9bqvtIRDl25u,49,2022,indie-pop,0.613,0.646,6,-6.393,1,0.0451,0.406,0.0,0.112,0.47,106.958,258035,4
2024-07-09 01:01,girl in red,Serotonin,182426,girl in red - serotonin,508541,girl in red,Serotonin,7tLTxOJY6cjQz4aJYMs8Nu,65,2021,indie-pop,0.58,0.788,2,-4.714,1,0.259,0.0123,1.84e-05,0.368,0.72,148.992,182426,4
2024-07-09 01:17,Lorde,Ribs,979,lorde - ribs,93568,Lorde,Ribs,2MvvoeRt8NcOXWESkxWn3g,77,2013,pop,0.511,0.472,4,-9.277,1,0.091,0.534,0.614,0.11,0.0399,127.978,258969,4
2024-07-09 01:17,Reneé Rapp,Too Well,109778,reneé rapp - too well,561975,Reneé Rapp,Too Well,6Szgu8v7CAapag3XuuJX0b,73,2022,indie-pop,0.668,0.618,10,-4.639,1,0.0607,0.125,0.0,0.112,0.389,120.951,156632,4
2024-07-09 01:17,Mitski,I Bet on Losing Dogs,926,mitski - i bet on losing dogs,245686,Mitski,I Bet on Losing Dogs,2Co0IjcLTSHMtodwD4gzfg,73,2016,indie-pop,0.398,0.493,9,-9.561,1,0.0303,0.00347,0.000157,0.106,0.412,82.048,170240,4
2024-07-09 19:42,Arctic Monkeys,505,253586,arctic monkeys - 505,1145378,Arctic Monkeys,505,58ge6dfP91o9oXMzq3XkIS,80,2007,garage,0.52,0.852,0,-5.866,1,0.0543,0.00237,5.79e-05,0.0733,0.234,140.267,253587,4
2024-07-09 19:47,Conan Gray,Family Line,216094,conan gray - family line,569244,Conan Gray,Family Line,0iNZGC211wst3VjtobNnC5,76,2022,pop,0.326,0.397,6,-8.145,1,0.0461,0.619,0.0,0.0979,0.276,153.713,216095,3
2024-07-09 19:53,Billie Eilish,Oxytocin,210232,billie eilish - oxytocin,494178,Billie Eilish,Oxytocin,4t2OeILB07eMGTXSUbMPEu,68,2021,electro,0.757,0.598,11,-7.777,1,0.058,0.0904,0.551,0.15,0.18,124.951,210233,4
2024-07-09 20:08,Lana Del Rey,Young And Beautiful,23034,lana del rey - young and beautiful,93567,Lana Del Rey,Young And Beautiful,2nMeu6UenVvwUktBCpLMK9,81,2013,pop,0.324,0.416,11,-8.92,0,0.0368,0.262,3.69e-05,0.11,0.151,113.986,236053,4
2024-07-09 20:29,Lana Del Rey,Young And Beautiful,214187,lana del rey - young and beautiful,93567,Lana Del Rey,Young And Beautiful,2nMeu6UenVvwUktBCpLMK9,81,2013,pop,0.324,0.416,11,-8.92,0,0.0368,0.262,3.69e-05,0.11,0.151,113.986,236053,4
2024-07-09 20:47,fun.,Carry On,234226,fun. - carry on,40379,fun.,Carry On,7gpy7sfWPNuOKmUNs3XQYE,58,2012,pop,0.388,0.694,5,-5.769,1,0.0735,0.118,0.000293,0.082,0.365,145.434,278373,5
2024-07-10 17:33,Lana Del Rey,Summertime Sadness,713,lana del rey - summertime sadness,40349,Lana Del Rey,Summertime Sadness,1Ist6PR2BZR3n2z2Y5R6S1,73,2012,pop,0.566,0.647,1,-6.815,0,0.0335,0.0477,0.0,0.121,0.22,111.96,264773,4
2024-07-10 17:33,Lana Del Rey,Summertime Sadness,602,lana del rey - summertime sadness,40349,Lana Del Rey,Summertime Sadness,1Ist6PR2BZR3n2z2Y5R6S1,73,2012,pop,0.566,0.647,1,-6.815,0,0.0335,0.0477,0.0,0.121,0.22,111.96,264773,4
2024-07-10 17:33,Harry Styles,As It Was,537,harry styles - as it was,569192,Harry Styles,As It Was,4LRPiXqCikLlN15c3yImP7,90,2022,pop,0.52,0.731,6,-5.338,0,0.0557,0.342,0.00101,0.311,0.662,173.93,167303,4
2024-07-10 17:33,Olivia Rodrigo,deja vu,398,olivia rodrigo - deja vu,515572,Olivia Rodrigo,deja vu,6HU7h9RYOaPRFeh0R3UeAr,83,2021,pop,0.442,0.612,2,-7.222,1,0.112,0.584,5.7e-06,0.37,0.178,180.917,215507,4
2024-07-10 17:33,Alec Benjamin,If We Have Each Other,594,alec benjamin - if we have each other,327776,Alec Benjamin,If We Have Each Other,7pT6WSg4PCt4mr5ZFyUfsF,74,2018,electro,0.656,0.577,10,-5.566,0,0.0802,0.698,0.0,0.296,0.861,173.094,181522,4
2024-07-10 17:33,Fitz and The Tantrums,Out of My League,1713,fitz and the tantrums - out of my league,56397,Fitz and The Tantrums,Out of My League,2AYEOC02WLhUiOoaig2SEH,71,2013,alt-rock,0.545,0.968,9,-3.553,0,0.0853,0.0387,0.00325,0.331,0.527,169.965,209386,4
2024-07-10 17:33,Arctic Monkeys,Why'd You Only Call Me When You're High?,872,arctic monkeys - why'd you only call me when you're high?,77592,Arctic Monkeys,Why'd You Only Call Me When You're High?,086myS9r57YsLbJpU0TgK9,85,2013,garage,0.691,0.631,2,-6.478,1,0.0368,0.0483,1.13e-05,0.104,0.8,92.004,161124,4
2024-07-10 17:33,New West,Those Eyes,740,new west - those eyes,399063,New West,Those Eyes,50x1Ic8CaXkYNvjmxe3WXy,87,2019,indie-pop,0.593,0.352,4,-8.296,1,0.0284,0.695,2.22e-05,0.3,0.226,119.988,220750,3
2024-07-10 17:33,Anuv Jain,Riha,580,anuv jain - riha,398195,Anuv Jain,Riha,6Ln89sczgIcAJXGAIdS94R,58,2019,indian,0.389,0.148,3,-11.011,1,0.03,0.897,0.0,0.114,0.4,142.611,287324,4
2024-07-10 17:33,Anuv Jain,Riha,895,anuv jain - riha,398195,Anuv Jain,Riha,6Ln89sczgIcAJXGAIdS94R,58,2019,indian,0.389,0.148,3,-11.011,1,0.03,0.897,0.0,0.114,0.4,142.611,287324,4
2024-07-10 17:33,Ashnikko,Daisy,724,ashnikko - daisy,433258,Ashnikko,Daisy,0AUvWawuP0ibk4SQ3sIZjk,67,2020,dance,0.834,0.663,8,-6.143,1,0.133,0.235,0.0,0.372,0.774,121.876,146523,4
2024-07-10 17:33,Sabrina Carpenter,Looking at Me,1149,sabrina carpenter - looking at me,377696,Sabrina Carpenter,Looking at Me,59tskctgqUmjCWAwhzYAFm,71,2019,dance,0.681,0.798,2,-4.367,1,0.0375,0.00398,5.11e-06,0.0542,0.516,105.99,181120,4
2024-07-10 17:38,Anuv Jain,Riha,287312,anuv jain - riha,398195,Anuv Jain,Riha,6Ln89sczgIcAJXGAIdS94R,58,2019,indian,0.389,0.148,3,-11.011,1,0.03,0.897,0.0,0.114,0.4,142.611,287324,4
2024-07-10 17:45,Ruth B.,Dandelions,233720,ruth b. - dandelions,293465,Ruth B.,Dandelions,2eAvDnpXP5W0cVtiI0PUxV,87,2017,pop,0.609,0.692,1,-2.958,1,0.0259,0.0157,0.0,0.0864,0.454,116.959,233720,3
2024-07-10 17:49,Anuv Jain,Alag Aasmaan,212750,anuv jain - alag aasmaan,453815,Anuv Jain,Alag Aasmaan,74kCarkFBzXYXNkkYJIsG0,68,2020,indian,0.699,0.299,6,-12.599,1,0.0403,0.869,0.0,0.0724,0.459,118.969,212773,4
2024-07-10 17:52,Olivia Rodrigo,"jealousy, jealousy",173160,"olivia rodrigo - jealousy, jealousy",515579,Olivia Rodrigo,"jealousy, jealousy",0MMyJUC3WNnFS1lit5pTjk,80,2021,pop,0.695,0.575,10,-6.334,0,0.116,0.198,0.0,0.0614,0.699,163.929,173160,4
2024-07-10 19:00,Billie Eilish,when the party's over,196077,billie eilish - when the party's over,406376,Billie Eilish,when the party's over,43zdsphuZLzwA9k4DJhU0I,81,2019,pop,0.367,0.111,4,-14.084,1,0.0972,0.978,3.97e-05,0.0897,0.198,82.642,196077,4
2024-07-10 19:03,Imagine Dragons,Believer,204346,imagine dragons - believer,297308,Imagine Dragons,Believer,0pqnGHJpmpxLKifKRmU6WP,86,2017,rock,0.776,0.78,10,-4.374,0,0.128,0.0622,0.0,0.081,0.666,124.949,204347,4
2024-07-10 19:07,Olivia Rodrigo,good 4 u,178146,olivia rodrigo - good 4 u,515567,Olivia Rodrigo,good 4 u,4ZtFanR9U6ndgddUvNcjcG,84,2021,pop,0.563,0.664,9,-5.044,1,0.154,0.335,0.0,0.0849,0.688,166.928,178147,4
2024-07-10 19:12,Ariana Grande,One Last Time,197266,ariana grande - one last time,119673,Ariana Grande,One Last Time,7xoUc6faLbCqZO6fQEYprd,81,2014,dance,0.628,0.593,8,-5.036,1,0.0323,0.093,1.65e-06,0.096,0.104,125.026,197267,4
2024-07-10 19:18,Calvin Harris,One Kiss (with Dua Lipa),183948,calvin harris - one kiss (with dua lipa),321015,Calvin Harris,One Kiss (with Dua Lipa),7ef4DlsgrMEH11cDZd32M6,85,2018,dance,0.791,0.862,9,-3.24,0,0.11,0.037,2.19e-05,0.0814,0.592,123.994,214847,4
2024-07-10 19:18,Mark Ronson,Uptown Funk (feat. Bruno Mars),2771,mark ronson - uptown funk (feat. bruno mars),197524,Mark Ronson,Uptown Funk (feat. Bruno Mars),32OlwWuMpZ6b0aN2RZOeMS,81,2015,pop,0.856,0.609,0,-7.223,1,0.0824,0.00801,8.15e-05,0.0344,0.928,114.988,269667,4
2024-07-10 19:29,Benson Boone,In The Stars,174246,benson boone - in the stars,569249,Benson Boone,In The Stars,1ei3hzQmrgealgRKFxIcWn,80,2022,pop,0.362,0.54,10,-6.031,1,0.0528,0.338,0.0,0.139,0.3,78.007,216410,3
2024-07-11 08:45,John Legend,All of Me,269560,john legend - all of me,93570,John Legend,All of Me,3U4isOIWM3VvDubwSI3y7a,83,2013,pop,0.422,0.264,8,-7.064,1,0.0322,0.922,0.0,0.132,0.331,119.93,269560,4
2024-07-11 08:49,The Neighbourhood,Sweater Weather,240400,the neighbourhood - sweater weather,1800,The Neighbourhood,Sweater Weather,4pGqFOfzvfe6avb9kbZicC,60,2012,alt-rock,0.695,0.615,7,-5.325,0,0.042,0.15,0.000212,0.0879,0.414,124.015,240040,4
2024-07-11 08:54,P!nk,Just Give Me a Reason (feat. Nate Ruess),242733,p!nk - just give me a reason (feat. nate ruess),12111,P!nk,Just Give Me a Reason (feat. Nate Ruess),1mKXFLRA179hdOWQBwUk9e,80,2012,dance,0.778,0.547,2,-7.273,1,0.0489,0.346,0.000302,0.132,0.441,95.002,242733,4
2024-07-11 08:56,Billie Eilish,Bored,66691,billie eilish - bored,271629,Billie Eilish,Bored,04sN26COy28wTXYj3dMoiZ,82,2017,electro,0.614,0.318,7,-12.695,1,0.0478,0.896,0.00239,0.0795,0.112,119.959,180933,4
2024-07-11 18:43,Chappell Roan,Femininomenon,219710,chappell roan - femininomenon,562187,Chappell Roan,Femininomenon,1YlOZY3puELE0PgxD1enZo,50,2022,indie-pop,0.645,0.789,3,-5.324,1,0.0545,0.339,6.32e-05,0.0821,0.31,124.951,219711,4
2024-07-11 18:53,Chappell Roan,Casual,232796,chappell roan - casual,562026,Chappell Roan,Casual,1UTGAopFU1g7qoxTE8sE3D,57,2022,indie-pop,0.508,0.411,1,-6.95,1,0.0269,0.226,0.0,0.0571,0.34,131.008,232796,4
2024-07-11 18:59,Wallows,Are You Bored Yet? (feat. Clairo),178000,wallows - are you bored yet? (feat. clairo),399066,Wallows,Are You Bored Yet? (feat. Clairo),57RA3JGafJm5zRtKJiKPIm,77,2019,indie-pop,0.682,0.683,8,-6.444,0,0.0287,0.156,2.32e-05,0.273,0.64,120.023,178000,4
2024-07-11 19:09,Chappell Roan,Pink Pony Club,258034,chappell roan - pink pony club,562220,Chappell Roan,Pink Pony Club,6rcuy6XqlB9bqvtIRDl25u,49,2022,indie-pop,0.613,0.646,6,-6.393,1,0.0451,0.406,0.0,0.112,0.47,106.958,258035,4
2024-07-11 19:24,Chappell Roan,My Kink Is Karma,222578,chappell roan - my kink is karma,562106,Chappell Roan,My Kink is Karma,5nutMjOPSSB9I9CUGOg8lm,53,2022,indie-pop,0.582,0.526,2,-6.201,1,0.0624,0.0621,0.0,0.0847,0.273,86.256,222578,4
2024-07-11 19:44,fun.,Carry On,278373,fun. - carry on,40379,fun.,Carry On,7gpy7sfWPNuOKmUNs3XQYE,58,2012,pop,0.388,0.694,5,-5.769,1,0.0735,0.118,0.000293,0.082,0.365,145.434,278373,5
2024-07-11 20:08,Conan Gray,Family Line,216094,conan gray - family line,569244,Conan Gray,Family Line,0iNZGC211wst3VjtobNnC5,76,2022,pop,0.326,0.397,6,-8.145,1,0.0461,0.619,0.0,0.0979,0.276,153.713,216095,3
2024-07-11 20:12,Arctic Monkeys,505,253586,arctic monkeys - 505,1145378,Arctic Monkeys,505,58ge6dfP91o9oXMzq3XkIS,80,2007,garage,0.52,0.852,0,-5.866,1,0.0543,0.00237,5.79e-05,0.0733,0.234,140.267,253587,4
2024-07-11 20:19,Lana Del Rey,Young And Beautiful,236053,lana del rey - young and beautiful,93567,Lana Del Rey,Young And Beautiful,2nMeu6UenVvwUktBCpLMK9,81,2013,pop,0.324,0.416,11,-8.92,0,0.0368,0.262,3.69e-05,0.11,0.151,113.986,236053,4
2024-07-12 16:03,Maroon 5,Maps,1817,maroon 5 - maps,146767,Maroon 5,Maps,4gbVRS8gloEluzf0GzDOFc,82,2014,pop,0.742,0.713,1,-5.522,0,0.0303,0.0205,0.0,0.059,0.879,120.032,189960,4
2024-07-12 16:03,Billie Eilish,Bored,871,billie eilish - bored,271629,Billie Eilish,Bored,04sN26COy28wTXYj3dMoiZ,82,2017,electro,0.614,0.318,7,-12.695,1,0.0478,0.896,0.00239,0.0795,0.112,119.959,180933,4
2024-07-12 16:09,Conan Gray,Memories,248818,conan gray - memories,569229,Conan Gray,Memories,5UXJzLFdBn6u9FJTCnoHrH,81,2022,pop,0.34,0.684,11,-6.306,1,0.044,0.00979,0.0,0.348,0.556,112.969,248819,4
2024-07-12 16:13,BTS,Spring Day,274097,bts - spring day,288435,BTS,Spring Day,2j1fFjWHCI9KJSwcuYAOyF,73,2017,k-pop,0.539,0.846,8,-3.192,1,0.0354,0.00631,1.71e-06,0.13,0.462,106.994,274097,4
2024-07-12 16:16,Olivia Rodrigo,happier,175933,olivia rodrigo - happier,515580,Olivia Rodrigo,happier,2tGvwE8GcFKwNdAXMnlbfl,82,2021,pop,0.395,0.443,6,-9.72,1,0.133,0.765,9.67e-06,0.0839,0.338,168.924,175933,3
2024-07-12 16:19,Tom Walker,Leave a Light On,185863,tom walker - leave a light on,273428,Tom Walker,Leave a Light On,6lOWoTqVnAWXchddtTH31W,69,2017,folk,0.586,0.624,5,-5.946,1,0.113,0.0153,1.78e-06,0.133,0.267,68.976,185863,4
2024-07-12 16:29,Lady Gaga,Shallow,215733,lady gaga - shallow,321016,Lady Gaga,Shallow,2VxeLyX666F8uXCJ0dZF8B,83,2018,dance,0.572,0.385,7,-6.362,1,0.0308,0.371,0.0,0.231,0.323,95.799,215733,4
2024-07-12 16:32,Dua Lipa,New Rules,209320,dua lipa - new rules,264781,Dua Lipa,New Rules,2ekn2ttSfGqwhhate0LSR0,79,2017,dance,0.762,0.7,9,-6.021,0,0.0694,0.00261,1.56e-05,0.153,0.608,116.073,209320,4
2024-07-12 16:33,Troye Sivan,YOUTH,507,troye sivan - youth,197565,Troye Sivan,YOUTH,1cOyWWUr3oXJIxY0AjJEx9,62,2015,pop,0.628,0.737,7,-4.437,1,0.041,0.0625,0.0,0.0777,0.592,91.507,185194,4
2024-07-12 16:33,Lauv,I Like Me Better,958,lauv - i like me better,321018,Lauv,I Like Me Better,0EcQcdcbQeVJn9fknj44Be,80,2018,dance,0.753,0.505,9,-7.621,1,0.255,0.534,2.58e-06,0.104,0.419,91.972,197437,4
2024-07-12 16:37,Naughty Boy,No One’s Here To Sleep,272547,naughty boy - no one’s here to sleep,120104,Naughty Boy,No One’s Here To Sleep,2oyiRrtSRCSdSSLWPS3E8j,36,2014,dance,0.636,0.497,0,-6.876,0,0.0313,0.0312,0.00148,0.108,0.148,122.026,272547,4
2024-07-12 16:44,The Weeknd,Blinding Lights,200040,the weeknd - blinding lights,461991,The Weeknd,Blinding Lights,0VjIjW4GlUZAMYd2vXMi3b,90,2020,pop,0.514,0.73,1,-5.934,1,0.0598,0.00146,9.54e-05,0.0897,0.334,171.005,200040,4
2024-07-12 16:55,The Weeknd,Can't Feel My Face,92174,the weeknd - can't feel my face,197519,The Weeknd,Can't Feel My Face,22VdIZQfgXJea34mQxlt81,81,2015,pop,0.705,0.769,9,-5.526,0,0.0425,0.113,0.0,0.105,0.583,107.949,213520,4
2024-07-13 01:33,Måneskin,Beggin',4205,måneskin - beggin',286610,Måneskin,Beggin',3Wrjm47oTz2sjIgck11l5e,83,2017,indie-pop,0.714,0.8,11,-4.808,0,0.0504,0.127,0.0,0.359,0.589,134.002,211560,4
2024-07-13 01:33,Alec Benjamin,Must Have Been The Wind,27737,alec benjamin - must have been the wind,439866,Alec Benjamin,Must Have Been The Wind,6lERHAmBCZmgODv3OYENXi,61,2020,electro,0.653,0.644,7,-6.204,1,0.0572,0.784,0.000202,0.161,0.363,88.968,177806,4
2024-07-13 01:33,Alessia Cara,How Far I'll Go - Alessia Cara Version,1657,alessia cara - how far i'll go - alessia cara version,224492,Alessia Cara,How Far I'll Go - Alessia Cara Version,1ehPJRt49h6N0LoryqKZXq,63,2016,dance,0.31,0.54,9,-9.629,1,0.346,0.163,0.000129,0.0713,0.148,180.994,175507,4
2024-07-13 01:33,Joel Adams,Please Don't Go,2293,joel adams - please don't go,197597,Joel Adams,Please Don't Go,3cNjgVBKTJ1SvKhunrCdVy,67,2015,pop,0.513,0.768,4,-4.868,0,0.0587,0.0118,1.94e-05,0.294,0.235,84.264,210580,4
2024-07-13 01:33,The Chainsmokers,All We Know,822,the chainsmokers - all we know,224516,The Chainsmokers,All We Know,2rizacJSyD9S1IQUxUxnsK,70,2016,dance,0.662,0.586,0,-8.821,1,0.0307,0.097,0.00272,0.115,0.296,90.0,194080,4
2024-07-13 01:38,Måneskin,Beggin',678,måneskin - beggin',286610,Måneskin,Beggin',3Wrjm47oTz2sjIgck11l5e,83,2017,indie-pop,0.714,0.8,11,-4.808,0,0.0504,0.127,0.0,0.359,0.589,134.002,211560,4
2024-07-13 01:42,Billie Eilish,Six Feet Under,189613,billie eilish - six feet under,231076,Billie Eilish,Six Feet Under,2VlLbhGLVJgdOW7kKdWWFc,72,2016,electro,0.576,0.307,11,-12.732,0,0.0428,0.807,0.000355,0.0792,0.157,67.513,189613,4
2024-07-13 01:48,BTS,Life Goes On,207481,bts - life goes on,456852,BTS,Life Goes On,5FVbvttjEvQ8r2BgUcJgNg,76,2020,k-pop,0.566,0.716,1,-5.733,1,0.0424,0.00691,0.0,0.37,0.45,81.068,207481,4
2024-07-13 01:55,Alessia Cara,Scars To Your Beautiful,230226,alessia cara - scars to your beautiful,175407,Alessia Cara,Scars To Your Beautiful,0wI7QkCcs8FUQE1OkXUIqd,77,2015,electro,0.573,0.739,0,-5.74,1,0.129,0.0285,0.0,0.111,0.451,97.085,230240,4
2024-07-13 02:02,Cartoon,On & On,207068,cartoon - on & on,174640,Cartoon,On & On,2uZWffKoemZDI0gHcBEcDc,72,2015,edm,0.451,0.692,11,-4.741,1,0.0398,0.287,0.0,0.115,0.423,174.122,207069,4
2024-07-13 02:06,Taylor Swift,I Did Something Bad,238253,taylor swift - i did something bad,293488,Taylor Swift,I Did Something Bad,4svZDCRz4cJoneBpjpx8DJ,74,2017,pop,0.696,0.602,0,-6.156,0,0.159,0.0679,2.11e-05,0.0696,0.305,82.989,238253,4
2024-07-13 02:13,Katy Perry,Roar,223546,katy perry - roar,66276,Katy Perry,Roar,27tNWlhdAryQY04Gb2ZhUI,77,2013,dance,0.671,0.771,7,-4.821,0,0.0316,0.00492,7.28e-06,0.354,0.436,90.003,223546,4
2024-07-13 02:17,Zac Efron,Rewrite The Stars,217440,zac efron - rewrite the stars,264801,Zac Efron,Rewrite The Stars,65fpYBrI8o2cfrwf2US4gq,71,2017,dance,0.684,0.619,10,-7.005,1,0.0386,0.0716,0.0,0.122,0.284,125.046,217440,4
2024-07-13 02:17,Zac Efron,Rewrite The Stars,217440,zac efron - rewrite the stars,523861,Zac Efron,Rewrite the Stars,36WulNibylWVb07PazOJQN,5,2021,show-tunes,0.685,0.619,10,-7.005,1,0.0386,0.0716,0.0,0.122,0.284,125.044,217440,4
2024-07-13 02:21,Katy Perry,Hot N Cold,267479,katy perry - hot n cold,591125,Katy Perry,Hot N Cold,7EwtjRuTb94kUL90BgeChM,3,2023,dance,0.706,0.842,7,-3.956,1,0.0417,7.73e-05,0.0,0.0688,0.861,132.032,220227,4
2024-07-13 02:25,Halsey,Without Me,201660,halsey - without me,321041,Halsey,Without Me,5p7ujcrUXASCNwRaWNHR1C,75,2018,dance,0.752,0.488,6,-7.05,1,0.0705,0.297,9.11e-06,0.0936,0.533,136.041,201661,4
2024-07-13 02:29,Kygo,Stargazing,236853,kygo - stargazing,264881,Kygo,Stargazing,0Zbbxnx4SGGHoIow4PpISP,65,2017,dance,0.677,0.497,5,-5.763,1,0.0809,0.152,0.0,0.0911,0.419,99.137,236853,4
2024-07-13 02:32,Imagine Dragons,Believer,204346,imagine dragons - believer,297308,Imagine Dragons,Believer,0pqnGHJpmpxLKifKRmU6WP,86,2017,rock,0.776,0.78,10,-4.374,0,0.128,0.0622,0.0,0.081,0.666,124.949,204347,4
2024-07-13 02:37,Stromae,Papaoutai,245159,stromae - papaoutai,86484,Stromae,Papaoutai,1QFw2xxyQtgKjlrMCEqsNj,54,2013,house,0.734,0.809,10,-7.264,0,0.0839,0.0266,0.0,0.0642,0.254,116.022,232147,4
2024-07-13 02:40,Ruelle,War Of Hearts,226216,ruelle - war of hearts,175420,Ruelle,War Of Hearts,4R8BdwRidxAWaYyFNU00P1,69,2015,electro,0.479,0.781,9,-6.344,0,0.124,0.221,0.55,0.0964,0.258,147.961,226216,3
2024-07-13 02:47,BTS,Dope,240020,bts - dope,192414,BTS,Dope,7jPCPDYoiaKeK7cgNGpIzq,66,2015,k-pop,0.595,0.89,10,-3.109,0,0.245,0.0486,0.0,0.32,0.62,154.071,240021,4
2024-07-13 02:52,Little Mix,"Secret Love Song, Pt. II",266925,"little mix - secret love song, pt. ii",197685,Little Mix,"Secret Love Song, Pt. II",0NyRSfiU6ri61vku1xiLoD,64,2015,pop,0.558,0.361,9,-8.346,1,0.0328,0.754,0.0,0.0926,0.165,95.161,266926,4
2024-07-13 02:56,One Direction,Story of My Life,245493,one direction - story of my life,93572,One Direction,Story of My Life,4nVBt6MZDDP6tRVdQTgxJg,81,2013,pop,0.6,0.663,3,-5.802,1,0.0477,0.225,0.0,0.119,0.286,121.07,245493,4
2024-07-13 02:59,Sub Urban,Cradles,209829,sub urban - cradles,399077,Sub Urban,Cradles,5sSYvDVyP0CP9TUiqy3fuF,70,2019,indie-pop,0.537,0.586,6,-1.864,1,0.314,0.265,7.04e-05,0.175,0.624,79.056,209829,4
2024-07-13 03:03,The Chainsmokers,Something Just Like This,247626,the chainsmokers - something just like this,264768,The Chainsmokers,Something Just Like This,6RUKPb4LETWmmr3iAEQktW,83,2017,dance,0.617,0.635,11,-6.769,0,0.0317,0.0498,1.44e-05,0.164,0.446,103.019,247160,4
2024-07-13 03:06,Conan Gray,People Watching,158536,conan gray - people watching,515647,Conan Gray,People Watching,4JeOesjcWWlprTAvucDSJX,67,2021,pop,0.53,0.593,5,-7.286,1,0.0545,0.385,0.0,0.314,0.538,125.723,158537,4
2024-07-13 03:10,Dream Note,Waqt Ki Baatein,243310,dream note - waqt ki baatein,341886,Dream Note,Waqt Ki Baatein,0cJTjTH3XVTTJh8F4Uq1db,68,2018,indian,0.556,0.202,4,-16.397,1,0.0324,0.915,0.0381,0.112,0.2,145.017,243310,3
2024-07-13 03:17,Astrid S,Hurts So Good,208728,astrid s - hurts so good,224549,Astrid S,Hurts So Good,46ydq5g3k17iLJs3qMDvO6,69,2016,dance,0.675,0.609,7,-5.027,0,0.0586,0.084,0.0,0.0957,0.378,120.039,208729,4
2024-07-13 03:21,Mark Ronson,Uptown Funk (feat. Bruno Mars),269666,mark ronson - uptown funk (feat. bruno mars),197524,Mark Ronson,Uptown Funk (feat. Bruno Mars),32OlwWuMpZ6b0aN2RZOeMS,81,2015,pop,0.856,0.609,0,-7.223,1,0.0824,0.00801,8.15e-05,0.0344,0.928,114.988,269667,4
2024-07-13 03:26,Eminem,Venom - Music From The Motion Picture,269573,eminem - venom - music from the motion picture,340956,Eminem,Venom - Music From The Motion Picture,2SL6oP2YAEQbqsrkOzRGO4,73,2018,hip-hop,0.749,0.794,0,-5.063,1,0.064,0.0193,0.0,0.543,0.46,135.959,269554,4
2024-07-13 03:38,Fall Out Boy,Centuries,228360,fall out boy - centuries,176367,Fall Out Boy,Centuries,04aAxqtGp5pv12UXAg4pkq,78,2015,emo,0.393,0.858,4,-2.868,0,0.0729,0.00359,0.0,0.102,0.56,176.042,228360,4
2024-07-13 03:43,Shawn Mendes,In My Blood,147653,shawn mendes - in my blood,321056,Shawn Mendes,In My Blood,2QZ7WLBE8h2y1Y5Fb8RYbH,73,2018,dance,0.622,0.712,5,-7.321,1,0.066,0.0573,0.0,0.13,0.487,140.025,211360,4
2024-07-15 16:45,Conan Gray,Family Line,94,conan gray - family line,569244,Conan Gray,Family Line,0iNZGC211wst3VjtobNnC5,76,2022,pop,0.326,0.397,6,-8.145,1,0.0461,0.619,0.0,0.0979,0.276,153.713,216095,3
2024-07-15 17:07,New West,Those Eyes,7272,new west - those eyes,399063,New West,Those Eyes,50x1Ic8CaXkYNvjmxe3WXy,87,2019,indie-pop,0.593,0.352,4,-8.296,1,0.0284,0.695,2.22e-05,0.3,0.226,119.988,220750,3
2024-07-15 17:11,Halsey,Colors,231282,halsey - colors,175423,Halsey,Colors,1TnUURhehaoMWKAqQtirm6,65,2015,electro,0.512,0.812,1,-4.809,1,0.0617,0.0534,0.0,0.092,0.521,100.02,249500,4
2024-07-15 17:19,Chappell Roan,Femininomenon,219710,chappell roan - femininomenon,562187,Chappell Roan,Femininomenon,1YlOZY3puELE0PgxD1enZo,50,2022,indie-pop,0.645,0.789,3,-5.324,1,0.0545,0.339,6.32e-05,0.0821,0.31,124.951,219711,4
2024-07-15 17:26,Chappell Roan,Casual,232796,chappell roan - casual,562026,Chappell Roan,Casual,1UTGAopFU1g7qoxTE8sE3D,57,2022,indie-pop,0.508,0.411,1,-6.95,1,0.0269,0.226,0.0,0.0571,0.34,131.008,232796,4
2024-07-15 17:30,Chappell Roan,My Kink Is Karma,222578,chappell roan - my kink is karma,562106,Chappell Roan,My Kink is Karma,5nutMjOPSSB9I9CUGOg8lm,53,2022,indie-pop,0.582,0.526,2,-6.201,1,0.0624,0.0621,0.0,0.0847,0.273,86.256,222578,4
2024-07-15 17:34,Chappell Roan,Pink Pony Club,258034,chappell roan - pink pony club,562220,Chappell Roan,Pink Pony Club,6rcuy6XqlB9bqvtIRDl25u,49,2022,indie-pop,0.613,0.646,6,-6.393,1,0.0451,0.406,0.0,0.112,0.47,106.958,258035,4
2024-07-15 17:49,Wallows,Are You Bored Yet? (feat. Clairo),178000,wallows - are you bored yet? (feat. clairo),399066,Wallows,Are You Bored Yet? (feat. Clairo),57RA3JGafJm5zRtKJiKPIm,77,2019,indie-pop,0.682,0.683,8,-6.444,0,0.0287,0.156,2.32e-05,0.273,0.64,120.023,178000,4
2024-07-15 18:01,Conan Gray,People Watching,158536,conan gray - people watching,515647,Conan Gray,People Watching,4JeOesjcWWlprTAvucDSJX,67,2021,pop,0.53,0.593,5,-7.286,1,0.0545,0.385,0.0,0.314,0.538,125.723,158537,4
2024-07-15 18:08,GROUPLOVE,Tongue Tied,218013,grouplove - tongue tied,1403307,GROUPLOVE,Tongue Tied,0GO8y8jQk1PkHzS31d699N,77,2011,alt-rock,0.56,0.936,3,-5.835,1,0.0439,0.00847,0.0,0.161,0.371,112.96,218013,4
2024-07-15 18:13,Suki Waterhouse,Good Looking,106847,suki waterhouse - good looking,561974,Suki Waterhouse,Good Looking,0j3mqDTK4Z6lvrLzFCUUz6,78,2022,indie-pop,0.364,0.554,4,-9.076,1,0.0301,0.077,0.000297,0.125,0.257,150.079,214800,3
2024-07-15 18:16,Chappell Roan,My Kink Is Karma,210008,chappell roan - my kink is karma,562106,Chappell Roan,My Kink is Karma,5nutMjOPSSB9I9CUGOg8lm,53,2022,indie-pop,0.582,0.526,2,-6.201,1,0.0624,0.0621,0.0,0.0847,0.273,86.256,222578,4
2024-07-15 18:59,Chappell Roan,My Kink Is Karma,12326,chappell roan - my kink is karma,562106,Chappell Roan,My Kink is Karma,5nutMjOPSSB9I9CUGOg8lm,53,2022,indie-pop,0.582,0.526,2,-6.201,1,0.0624,0.0621,0.0,0.0847,0.273,86.256,222578,4
2024-07-15 19:04,Chappell Roan,Pink Pony Club,258034,chappell roan - pink pony club,562220,Chappell Roan,Pink Pony Club,6rcuy6XqlB9bqvtIRDl25u,49,2022,indie-pop,0.613,0.646,6,-6.393,1,0.0451,0.406,0.0,0.112,0.47,106.958,258035,4
2024-07-15 19:07,Chappell Roan,Naked In Manhattan,211057,chappell roan - naked in manhattan,562087,Chappell Roan,Naked in Manhattan,74oXlQPr6x05HDrGVaiYXZ,54,2022,indie-pop,0.771,0.704,1,-5.098,1,0.0315,0.0835,0.0,0.0935,0.55,118.01,211058,4
2024-07-15 19:34,Chappell Roan,School Nights,249236,chappell roan - school nights,343266,Chappell Roan,School Nights,1EQ3XbVzPZfKxMjvx9UjBH,38,2018,indie-pop,0.595,0.277,6,-10.393,0,0.043,0.895,0.000269,0.114,0.266,129.913,249237,4
2024-07-18 22:25,Sabrina Carpenter,Nonsense,163648,sabrina carpenter - nonsense,541580,Sabrina Carpenter,Nonsense,6dgUya35uo964z7GZXM07g,88,2022,dance,0.74,0.697,8,-4.912,1,0.034,0.0268,0.0,0.224,0.732,138.992,163648,4
2024-07-23 23:25,Mitski,Washing Machine Heart,128198,mitski - washing machine heart,342776,Mitski,Washing Machine Heart,3jjsRKEsF42ccXf8kWR3nu,81,2018,indie-pop,0.613,0.822,9,-4.087,1,0.026,0.0092,0.506,0.429,0.567,105.997,128199,4
2024-07-23 23:30,Suki Waterhouse,Moves,193031,suki waterhouse - moves,562001,Suki Waterhouse,Moves,6TT7B4MigCJCc0tqKYEpZC,63,2022,indie-pop,0.574,0.44,0,-8.274,1,0.024,0.579,0.0,0.348,0.365,84.992,193032,4
2024-07-23 23:49,Chappell Roan,Pink Pony Club,258034,chappell roan - pink pony club,562220,Chappell Roan,Pink Pony Club,6rcuy6XqlB9bqvtIRDl25u,49,2022,indie-pop,0.613,0.646,6,-6.393,1,0.0451,0.406,0.0,0.112,0.47,106.958,258035,4
2024-07-23 23:52,Lizzy McAlpine,ceilings,182887,lizzy mcalpine - ceilings,549416,Lizzy McAlpine,ceilings,2L9N0zZnd37dwF0clgxMGI,89,2022,folk,0.516,0.322,9,-11.762,1,0.0292,0.473,0.00194,0.215,0.261,148.005,182888,3
2024-07-24 19:58,Noah Kahan,Stick Season,182346,noah kahan - stick season,569217,Noah Kahan,Stick Season,0mflMxspEfB0VbI1kyLiAv,75,2022,pop,0.662,0.488,9,-6.894,1,0.0682,0.782,0.0,0.102,0.817,117.913,182347,4
2024-07-24 20:01,Conan Gray,Family Line,216094,conan gray - family line,569244,Conan Gray,Family Line,0iNZGC211wst3VjtobNnC5,76,2022,pop,0.326,0.397,6,-8.145,1,0.0461,0.619,0.0,0.0979,0.276,153.713,216095,3
2024-07-24 20:12,Clairo,Sofia,188386,clairo - sofia,399069,Clairo,Sofia,7B3z0ySL9Rr0XvZEAjWZzM,78,2019,indie-pop,0.744,0.619,0,-9.805,1,0.039,0.598,0.00372,0.231,0.641,112.997,188387,4
2024-07-24 20:23,Sabrina Carpenter,because i liked a boy,176337,sabrina carpenter - because i liked a boy,541617,Sabrina Carpenter,because i liked a boy,32FhTAAjKZaBein150o3Px,71,2022,dance,0.386,0.592,11,-7.299,1,0.374,0.363,0.0,0.117,0.161,146.879,196458,4
2024-07-25 18:18,Djo,End of Beginning,159245,djo - end of beginning,569335,Djo,End of Beginning,3qhlB30KknSejmIvZZLjOD,66,2022,pop,0.689,0.454,2,-7.643,1,0.0584,0.0351,0.00259,0.0707,0.912,159.982,159246,4
2024-07-25 18:27,Chappell Roan,California,198089,chappell roan - california,455271,Chappell Roan,California,3n1pmUGThzVOiLy59x5oDU,39,2020,indie-pop,0.479,0.359,1,-10.206,1,0.0541,0.551,0.0,0.0884,0.392,112.392,198089,1
2024-07-25 18:31,Mitski,Nobody,193429,mitski - nobody,342781,Mitski,Nobody,2P5yIMu2DNeMXTyOANKS6k,75,2018,indie-pop,0.398,0.717,0,-5.253,1,0.0398,0.07,0.0,0.085,0.487,117.296,193429,4
2024-07-25 18:34,Phoebe Bridgers,Motion Sickness,229760,phoebe bridgers - motion sickness,286609,Phoebe Bridgers,Motion Sickness,5xo8RrjJ9CVNrtRg2S3B1R,74,2017,indie-pop,0.651,0.546,1,-9.021,1,0.0357,0.774,0.0437,0.0842,0.623,107.021,229760,4
2024-07-25 18:36,Sabrina Carpenter,emails i can’t send,104408,sabrina carpenter - emails i can’t send,569314,Sabrina Carpenter,emails i can’t send,2qLyo5FeWquE7HBUbcVnEy,69,2022,pop,0.515,0.387,7,-10.614,1,0.192,0.757,0.0,0.622,0.408,86.313,104408,3
2024-07-25 18:47,Lana Del Rey,Diet Mountain Dew,222920,lana del rey - diet mountain dew,40357,Lana Del Rey,Diet Mountain Dew,6BFnRhvKCclDQOajt8dBGi,67,2012,pop,0.442,0.68,10,-5.971,0,0.0858,0.284,0.0,0.421,0.601,176.09,222920,4
2024-07-25 18:56,Conan Gray,People Watching,158536,conan gray - people watching,515647,Conan Gray,People Watching,4JeOesjcWWlprTAvucDSJX,67,2021,pop,0.53,0.593,5,-7.286,1,0.0545,0.385,0.0,0.314,0.538,125.723,158537,4
2024-07-25 19:06,Wallows,Are You Bored Yet? (feat. Clairo),178000,wallows - are you bored yet? (feat. clairo),399066,Wallows,Are You Bored Yet? (feat. Clairo),57RA3JGafJm5zRtKJiKPIm,77,2019,indie-pop,0.682,0.683,8,-6.444,0,0.0287,0.156,2.32e-05,0.273,0.64,120.023,178000,4
2024-07-25 19:11,Olivia Rodrigo,brutal,143746,olivia rodrigo - brutal,515588,Olivia Rodrigo,brutal,6SRsiMl7w1USE4mFqrOhHC,77,2021,pop,0.672,0.526,4,-6.446,1,0.0599,0.0311,1.37e-06,0.28,0.28,123.999,143747,4
2024-07-25 19:17,Suki Waterhouse,Good Looking,214800,suki waterhouse - good looking,561974,Suki Waterhouse,Good Looking,0j3mqDTK4Z6lvrLzFCUUz6,78,2022,indie-pop,0.364,0.554,4,-9.076,1,0.0301,0.077,0.000297,0.125,0.257,150.079,214800,3
2024-07-25 19:24,GROUPLOVE,Tongue Tied,218013,grouplove - tongue tied,1403307,GROUPLOVE,Tongue Tied,0GO8y8jQk1PkHzS31d699N,77,2011,alt-rock,0.56,0.936,3,-5.835,1,0.0439,0.00847,0.0,0.161,0.371,112.96,218013,4
2024-07-25 19:26,Mitski,Strawberry Blond,114277,mitski - strawberry blond,87542,Mitski,Strawberry Blond,1EO9dn7V0ufwPHJngZThO5,66,2013,indie-pop,0.51,0.545,0,-8.299,1,0.0928,0.839,0.0,0.061,0.941,77.92,114277,4
2024-07-25 19:41,Sabrina Carpenter,Vicious,149890,sabrina carpenter - vicious,541656,Sabrina Carpenter,Vicious,6Alp15t6urC4opjJiyOqZu,66,2022,dance,0.721,0.457,0,-6.916,1,0.159,0.308,0.0,0.258,0.63,129.98,149891,4
2024-07-25 19:45,Lana Del Rey,National Anthem,230533,lana del rey - national anthem,40366,Lana Del Rey,National Anthem,1M0g1beKC4H9gbrOiSayHW,63,2012,pop,0.532,0.899,0,-5.935,0,0.244,0.531,0.000146,0.0957,0.436,85.0,230520,4
2024-07-25 20:01,Mitski,Liquid Smooth,169773,mitski - liquid smooth,33750,Mitski,Liquid Smooth,3XCveEutwTaDiekRkkfdp9,72,2012,indie-pop,0.424,0.342,7,-9.469,0,0.0339,0.838,0.0,0.136,0.124,76.235,169773,4
2024-07-25 20:23,Sabrina Carpenter,Read your Mind,207849,sabrina carpenter - read your mind,541673,Sabrina Carpenter,Read your Mind,4Wos0h9ECU2Z3oJMTQxpbc,65,2022,dance,0.672,0.803,3,-5.061,0,0.049,0.0111,0.0,0.0782,0.578,120.058,207850,4
2024-07-25 20:31,Lana Del Rey,Cinnamon Girl,300683,lana del rey - cinnamon girl,406385,Lana Del Rey,Cinnamon Girl,2mdEsXPu8ZmkHRRtAdC09e,79,2019,pop,0.294,0.337,6,-10.614,0,0.036,0.814,0.414,0.14,0.135,91.781,300683,5
2024-07-25 20:40,beabadoobee,Glue Song,135066,beabadoobee - glue song,606469,beabadoobee,Glue Song,3iBgrkexCzVuPy4O9vx7Mf,82,2023,indie-pop,0.62,0.409,1,-10.146,1,0.0282,0.77,0.0542,0.105,0.582,113.946,135067,3
2024-07-25 21:03,Lana Del Rey,Brooklyn Baby,351640,lana del rey - brooklyn baby,146776,Lana Del Rey,Brooklyn Baby,1NZs6n6hl8UuMaX0UC0YTz,80,2014,pop,0.404,0.664,1,-6.698,1,0.0407,0.542,0.00402,0.11,0.0949,107.747,351640,4
2024-07-25 21:28,Taylor Swift,"You're On Your Own, Kid",194206,"taylor swift - you're on your own, kid",569213,Taylor Swift,"You're On Your Own, Kid",4D7BCuvgdJlYvlX5WlN54t,81,2022,pop,0.696,0.396,2,-10.289,1,0.0656,0.401,5.2e-06,0.125,0.38,120.041,194207,4
2024-07-25 21:31,Gracie Abrams,"I miss you, I’m sorry",167538,"gracie abrams - i miss you, i’m sorry",462026,Gracie Abrams,"I miss you, I’m sorry",4nyF5lmSziBAt7ESAUjpbx,75,2020,pop,0.445,0.455,7,-6.405,1,0.0575,0.731,1.47e-06,0.124,0.151,109.885,167538,5
2024-07-25 21:39,Sabrina Carpenter,Fast Times,174539,sabrina carpenter - fast times,541735,Sabrina Carpenter,Fast Times,6n05BgVkxxz2k5ICZYa2PH,62,2022,dance,0.721,0.666,1,-4.699,0,0.0408,0.0687,0.0,0.045,0.739,132.465,174540,4
2024-07-25 21:42,Mitski,I Want You,183792,mitski - i want you,87540,Mitski,I Want You,7FHj19QQigvMH1onMYRNLn,71,2013,indie-pop,0.339,0.292,3,-11.294,1,0.0348,0.514,0.0,0.0713,0.0655,131.702,183792,3
2024-07-25 21:48,Taylor Swift,Bejeweled,194165,taylor swift - bejeweled,569211,Taylor Swift,Bejeweled,3qoftcUZaUOncvIYjFSPdE,80,2022,pop,0.696,0.559,7,-9.19,1,0.0693,0.0618,5.58e-05,0.0887,0.433,163.999,194166,4
2024-07-25 21:52,Lana Del Rey,Norman fucking Rockwell,248934,lana del rey - norman fucking rockwell,406396,Lana Del Rey,Norman fucking Rockwell,3RIgHHpnFKj5Rni1shokDj,75,2019,pop,0.215,0.203,5,-12.65,1,0.0346,0.968,0.0585,0.0923,0.143,78.287,248934,1
2024-07-25 21:55,Reneé Rapp,Too Well,156631,reneé rapp - too well,561975,Reneé Rapp,Too Well,6Szgu8v7CAapag3XuuJX0b,73,2022,indie-pop,0.668,0.618,10,-4.639,1,0.0607,0.125,0.0,0.112,0.389,120.951,156632,4
2024-07-25 22:08,Taylor Swift,my tears ricochet,255893,taylor swift - my tears ricochet,462020,Taylor Swift,my tears ricochet,1MgV7FIyNxIG7WzMRJV5HC,74,2020,pop,0.456,0.263,0,-10.63,1,0.0332,0.806,0.0,0.0749,0.111,129.86,255894,4
2024-07-25 23:31,Sabrina Carpenter,Already Over,112234,sabrina carpenter - already over,541708,Sabrina Carpenter,Already Over,5QhJorJmjqYfETfqgBtGg3,63,2022,dance,0.546,0.788,4,-7.109,1,0.543,0.434,0.0,0.121,0.468,113.582,170827,4
2024-07-26 03:31,Chappell Roan,Pink Pony Club,57296,chappell roan - pink pony club,562220,Chappell Roan,Pink Pony Club,6rcuy6XqlB9bqvtIRDl25u,49,2022,indie-pop,0.613,0.646,6,-6.393,1,0.0451,0.406,0.0,0.112,0.47,106.958,258035,4
2024-07-27 18:51,Shawn Mendes,There's Nothing Holdin' Me Back,199440,shawn mendes - there's nothing holdin' me back,264770,Shawn Mendes,There's Nothing Holdin' Me Back,7JJmb5XwzOO8jgpou264Ml,85,2017,dance,0.866,0.813,11,-4.063,0,0.0554,0.38,0.0,0.0779,0.969,121.998,199440,4
2024-07-27 19:00,Em Beihold,Numb Little Bug,169237,em beihold - numb little bug,577934,Em Beihold,Numb Little Bug,3o9kpgkIcffx0iSwxhuNI2,74,2022,singer-songwriter,0.742,0.527,8,-6.892,0,0.0769,0.327,0.0,0.25,0.638,84.974,169238,4
2024-07-27 19:11,Lewis Capaldi,Hold Me While You Wait,205686,lewis capaldi - hold me while you wait,406397,Lewis Capaldi,Hold Me While You Wait,60iSKGrGazRzICtMjADNSM,77,2019,pop,0.688,0.53,11,-5.507,1,0.0333,0.443,0.0,0.0995,0.162,106.958,205687,4
2024-07-27 19:15,Lana Del Rey,Young And Beautiful,236053,lana del rey - young and beautiful,93567,Lana Del Rey,Young And Beautiful,2nMeu6UenVvwUktBCpLMK9,81,2013,pop,0.324,0.416,11,-8.92,0,0.0368,0.262,3.69e-05,0.11,0.151,113.986,236053,4
2024-07-27 19:19,Arctic Monkeys,505,253586,arctic monkeys - 505,1145378,Arctic Monkeys,505,58ge6dfP91o9oXMzq3XkIS,80,2007,garage,0.52,0.852,0,-5.866,1,0.0543,0.00237,5.79e-05,0.0733,0.234,140.267,253587,4
2024-07-27 19:22,George Ezra,Budapest,200733,george ezra - budapest,74677,George Ezra,Budapest,48gsLPdOUEDjr7P8Wvykne,47,2013,folk,0.706,0.247,5,-17.961,1,0.0311,0.261,0.0,0.103,0.424,127.812,202120,4
2024-07-27 19:27,fun.,Carry On,278373,fun. - carry on,40379,fun.,Carry On,7gpy7sfWPNuOKmUNs3XQYE,58,2012,pop,0.388,0.694,5,-5.769,1,0.0735,0.118,0.000293,0.082,0.365,145.434,278373,5
2024-07-28 01:32,Shawn Mendes,There's Nothing Holdin' Me Back,199440,shawn mendes - there's nothing holdin' me back,264770,Shawn Mendes,There's Nothing Holdin' Me Back,7JJmb5XwzOO8jgpou264Ml,85,2017,dance,0.866,0.813,11,-4.063,0,0.0554,0.38,0.0,0.0779,0.969,121.998,199440,4
2024-07-28 01:37,Em Beihold,Numb Little Bug,270,em beihold - numb little bug,577934,Em Beihold,Numb Little Bug,3o9kpgkIcffx0iSwxhuNI2,74,2022,singer-songwriter,0.742,0.527,8,-6.892,0,0.0769,0.327,0.0,0.25,0.638,84.974,169238,4
2024-07-28 01:43,Arctic Monkeys,505,9571,arctic monkeys - 505,1145378,Arctic Monkeys,505,58ge6dfP91o9oXMzq3XkIS,80,2007,garage,0.52,0.852,0,-5.866,1,0.0543,0.00237,5.79e-05,0.0733,0.234,140.267,253587,4
2024-07-28 01:43,fun.,Carry On,2,fun. - carry on,40379,fun.,Carry On,7gpy7sfWPNuOKmUNs3XQYE,58,2012,pop,0.388,0.694,5,-5.769,1,0.0735,0.118,0.000293,0.082,0.365,145.434,278373,5
2024-07-28 01:43,Lewis Capaldi,Hold Me While You Wait,138765,lewis capaldi - hold me while you wait,406397,Lewis Capaldi,Hold Me While You Wait,60iSKGrGazRzICtMjADNSM,77,2019,pop,0.688,0.53,11,-5.507,1,0.0333,0.443,0.0,0.0995,0.162,106.958,205687,4
2024-07-28 01:43,George Ezra,Budapest,2,george ezra - budapest,74677,George Ezra,Budapest,48gsLPdOUEDjr7P8Wvykne,47,2013,folk,0.706,0.247,5,-17.961,1,0.0311,0.261,0.0,0.103,0.424,127.812,202120,4
2024-07-28 01:43,Lana Del Rey,Young And Beautiful,38732,lana del rey - young and beautiful,93567,Lana Del Rey,Young And Beautiful,2nMeu6UenVvwUktBCpLMK9,81,2013,pop,0.324,0.416,11,-8.92,0,0.0368,0.262,3.69e-05,0.11,0.151,113.986,236053,4
2024-07-28 01:44,The Lumineers,Ho Hey,133,the lumineers - ho hey,20740,The Lumineers,Ho Hey,0W4Kpfp1w2xkY3PrV714B7,73,2012,folk,0.685,0.466,0,-9.074,1,0.0304,0.794,2.06e-06,0.0915,0.353,79.936,163133,4
2024-07-28 01:44,Fitz and The Tantrums,Out of My League,2,fitz and the tantrums - out of my league,56397,Fitz and The Tantrums,Out of My League,2AYEOC02WLhUiOoaig2SEH,71,2013,alt-rock,0.545,0.968,9,-3.553,0,0.0853,0.0387,0.00325,0.331,0.527,169.965,209386,4
2024-07-28 01:44,Billie Eilish,Oxytocin,2,billie eilish - oxytocin,494178,Billie Eilish,Oxytocin,4t2OeILB07eMGTXSUbMPEu,68,2021,electro,0.757,0.598,11,-7.777,1,0.058,0.0904,0.551,0.15,0.18,124.951,210233,4
2024-07-28 01:44,Zara Larsson,Lush Life,95,zara larsson - lush life,264793,Zara Larsson,Lush Life,1rIKgCH4H52lrvDcz50hS8,76,2017,dance,0.694,0.712,7,-3.923,0,0.046,0.132,0.0,0.211,0.799,98.023,201122,4
2024-07-28 01:49,Ashnikko,Daisy,146523,ashnikko - daisy,433258,Ashnikko,Daisy,0AUvWawuP0ibk4SQ3sIZjk,67,2020,dance,0.834,0.663,8,-6.143,1,0.133,0.235,0.0,0.372,0.774,121.876,146523,4
2024-07-28 01:53,Arctic Monkeys,I Wanna Be Yours,183956,arctic monkeys - i wanna be yours,77591,Arctic Monkeys,I Wanna Be Yours,5XeFesFbtLpXzIVDNQP22n,91,2013,garage,0.464,0.417,0,-9.345,0,0.0256,0.136,0.022,0.0974,0.479,67.528,183956,4
2024-07-28 02:00,New West,Those Eyes,220750,new west - those eyes,399063,New West,Those Eyes,50x1Ic8CaXkYNvjmxe3WXy,87,2019,indie-pop,0.593,0.352,4,-8.296,1,0.0284,0.695,2.22e-05,0.3,0.226,119.988,220750,3
2024-07-28 02:23,The Lumineers,Ophelia,108898,the lumineers - ophelia,232722,The Lumineers,Ophelia,3d8y0t70g7hw2FOWl9Z4Fm,74,2016,folk,0.664,0.573,5,-6.519,1,0.0277,0.613,0.000363,0.0857,0.566,76.023,160097,4
2024-07-28 05:59,The Lumineers,Ophelia,408,the lumineers - ophelia,232722,The Lumineers,Ophelia,3d8y0t70g7hw2FOWl9Z4Fm,74,2016,folk,0.664,0.573,5,-6.519,1,0.0277,0.613,0.000363,0.0857,0.566,76.023,160097,4
2024-07-28 06:00,Olivia Rodrigo,deja vu,25281,olivia rodrigo - deja vu,515572,Olivia Rodrigo,deja vu,6HU7h9RYOaPRFeh0R3UeAr,83,2021,pop,0.442,0.612,2,-7.222,1,0.112,0.584,5.7e-06,0.37,0.178,180.917,215507,4
2024-07-28 06:08,Ed Sheeran,Shape of You,68106,ed sheeran - shape of you,293477,Ed Sheeran,Shape of You,7qiZfU4dY1lWllzX7mPBI3,85,2017,pop,0.825,0.652,1,-3.183,0,0.0802,0.581,0.0,0.0931,0.931,95.977,233713,4
2024-07-28 06:16,Anuv Jain,Riha,287312,anuv jain - riha,398195,Anuv Jain,Riha,6Ln89sczgIcAJXGAIdS94R,58,2019,indian,0.389,0.148,3,-11.011,1,0.03,0.897,0.0,0.114,0.4,142.611,287324,4
2024-07-28 06:19,Niall Horan,Slow Hands,188174,niall horan - slow hands,264783,Niall Horan,Slow Hands,2cOUlop2ZakjOKe4WinesN,74,2017,dance,0.735,0.425,0,-6.648,1,0.0464,0.011,0.0,0.055,0.848,85.896,188174,4
2024-07-28 06:29,Niall Horan,This Town,232852,niall horan - this town,224575,Niall Horan,This Town,5dTJMpqiELczVuHJP3OAEu,57,2016,dance,0.679,0.407,9,-7.778,1,0.0302,0.699,0.0,0.122,0.195,111.814,232600,4
2024-07-28 06:32,SZA,Kill Bill,153946,sza - kill bill,569184,SZA,Kill Bill,1Qrg8KqiBpW07V7PNxwwwL,94,2022,pop,0.644,0.735,8,-5.747,1,0.0391,0.0521,0.144,0.161,0.418,88.98,153947,4
2024-07-28 06:33,Tate McRae,that way,4890,tate mcrae - that way,462018,Tate McRae,that way,7l97ElWmIdVHWUaOeeU5ZC,76,2020,pop,0.453,0.383,0,-11.015,1,0.163,0.728,0.0,0.387,0.333,105.029,175027,4
2024-07-28 06:36,Billie Eilish,watch,177523,billie eilish - watch,271631,Billie Eilish,watch,7eB1V5LvAdxCc7brfGhRRo,77,2017,electro,0.441,0.599,0,-8.985,1,0.225,0.333,0.00198,0.103,0.35,165.212,177523,4
2024-07-28 06:37,Axwell /\ Ingrosso,More Than You Know,4554,axwell /\ ingrosso - more than you know,264796,Axwell /\ Ingrosso,More Than You Know,6h5PAsRni4IRlxWr6uDPTP,77,2017,dance,0.646,0.741,5,-4.973,0,0.034,0.0275,0.0,0.312,0.571,123.077,203000,4
2024-07-28 06:40,Caroline Polachek,Sunset,162909,caroline polachek - sunset,547848,Caroline Polachek,Sunset,2eQ9B2SsQFU2qCnHSas3eQ,55,2022,electro,0.462,0.745,11,-5.356,0,0.0652,0.589,0.00015,0.288,0.648,122.051,163116,4
2024-07-28 06:44,Travis Scott,goosebumps,53926,travis scott - goosebumps,244724,Travis Scott,goosebumps,6gBFPUFcJLzWGx4lenP6h2,82,2016,house,0.841,0.728,7,-3.37,1,0.0484,0.0847,0.0,0.149,0.43,130.049,243837,4
2024-07-28 06:44,Travis Scott,goosebumps,53926,travis scott - goosebumps,341768,Travis Scott,Goosebumps,6dWf1xaHOmJo7eL9WuSkdL,54,2018,house,0.849,0.629,7,-6.27,1,0.0475,0.0789,0.0,0.13,0.467,130.105,243840,4
2024-07-28 06:44,Alec Benjamin,Devil Doesn’t Bargain,0,alec benjamin - devil doesn’t bargain,547737,Alec Benjamin,Devil Doesn’t Bargain,1zu2GKHPJIsUu80SUJX4H4,75,2022,electro,0.448,0.606,3,-4.565,1,0.0609,0.577,0.0,0.217,0.483,121.15,163613,4
2024-07-28 06:48,Grimes,Kill V. Maim,246013,grimes - kill v. maim,175427,Grimes,Kill V. Maim,3WXhshrs1fzwF3rQE399Gq,62,2015,electro,0.578,0.947,11,-2.431,0,0.0359,0.00744,0.0816,0.105,0.456,134.033,246007,4
2024-07-28 06:52,Calvin Harris,This Is What You Came For,222160,calvin harris - this is what you came for,224451,Calvin Harris,This Is What You Came For,0azC730Exh71aQlOt9Zj3y,82,2016,dance,0.631,0.927,9,-2.787,0,0.0332,0.199,0.119,0.148,0.465,123.962,222160,4
2024-07-28 06:56,Billie Eilish,lovely (with Khalid),200185,billie eilish - lovely (with khalid),350203,Billie Eilish,lovely (with Khalid),0u2P5u6lvoDfwTYjAADbn4,87,2018,pop,0.351,0.296,4,-10.109,0,0.0333,0.934,0.0,0.095,0.12,115.284,200186,4
2024-07-28 07:42,One Direction,Night Changes,208940,one direction - night changes,146771,One Direction,Night Changes,5O2P9iiztwhomNh8xkR9lJ,86,2014,pop,0.672,0.52,8,-7.747,1,0.0353,0.859,0.0,0.115,0.37,120.001,226600,4
2024-07-29 17:54,The Kid LAROI,WITHOUT YOU,1595,the kid laroi - without you,506701,The Kid LAROI,WITHOUT YOU,1KMkcUvF7m3SDChDOa7i5L,77,2021,hip-hop,0.662,0.413,0,-7.357,1,0.0299,0.213,0.0,0.134,0.467,93.005,161385,4
2024-07-29 17:54,The Kid LAROI,STAY (with Justin Bieber),1155,the kid laroi - stay (with justin bieber),506685,The Kid LAROI,STAY (with Justin Bieber),5HCyWlXZPP0y6Gqq8TgA20,85,2021,hip-hop,0.591,0.764,1,-5.484,1,0.0483,0.0383,0.0,0.103,0.478,169.928,141806,4
2024-07-29 17:54,Sachin-Jigar,Saibo,810,sachin-jigar - saibo,516629,Sachin-Jigar,Saibo,4qCcvSPIEDs1mCPAsaHFyC,12,2021,pop-film,0.619,0.429,2,-7.867,1,0.028,0.738,1.35e-05,0.136,0.545,90.058,195253,4
2024-07-29 17:54,Dove Cameron,Boyfriend,894,dove cameron - boyfriend,569224,Dove Cameron,Boyfriend,59CfNbkERJ3NoTXDvoURjj,81,2022,pop,0.345,0.612,7,-6.543,0,0.0608,0.232,0.0,0.194,0.232,179.773,153000,3
2024-07-29 17:54,WILLOW,Wait a Minute!,1663,willow - wait a minute!,197518,WILLOW,Wait a Minute!,0y60itmpH0aPKsFiGxmtnh,79,2015,pop,0.764,0.705,3,-5.279,0,0.0278,0.0371,1.94e-05,0.0943,0.672,101.003,196520,4
2024-07-29 17:54,Eminem,The Real Slim Shady,530,eminem - the real slim shady,651395,Eminem,The Real Slim Shady,3yfqSUWxFvZELEM4PmlwIR,86,2000,hip-hop,0.949,0.661,5,-4.244,0,0.0572,0.0302,0.0,0.0454,0.76,104.504,284200,4
2024-07-29 17:54,BoyWithUke,Sick of U (with Oliver Tree),1559,boywithuke - sick of u (with oliver tree),574201,BoyWithUke,Sick of U (with Oliver Tree),5IXdkgrT4lb9sKIb8tbOQ3,73,2022,sad,0.676,0.814,0,-3.213,1,0.0585,0.277,0.0,0.0953,0.601,92.554,168676,4
2024-07-29 17:54,Sia,Unstoppable,709,sia - unstoppable,224449,Sia,Unstoppable,1yvMUkIOTeUNtNWlWRgANS,81,2016,dance,0.468,0.779,9,-4.839,1,0.0779,0.112,0.000373,0.101,0.26,173.799,217747,4
2024-07-29 17:54,girl in red,we fell in love in october,1115,girl in red - we fell in love in october,342777,girl in red,we fell in love in october,6IPwKM3fUUzlElbvKw2sKl,82,2018,indie-pop,0.566,0.366,7,-12.808,1,0.028,0.113,0.181,0.155,0.237,129.96,184154,4
2024-07-29 17:54,One Direction,Night Changes,204,one direction - night changes,146771,One Direction,Night Changes,5O2P9iiztwhomNh8xkR9lJ,86,2014,pop,0.672,0.52,8,-7.747,1,0.0353,0.859,0.0,0.115,0.37,120.001,226600,4
2024-07-29 17:54,Taylor Swift,Lavender Haze,874,taylor swift - lavender haze,569193,Taylor Swift,Lavender Haze,5jQI2r1RdgtuT8S3iG8zFC,86,2022,pop,0.733,0.436,10,-10.489,1,0.08,0.258,0.000573,0.157,0.0976,96.985,202396,4
2024-07-29 17:54,Ava Max,Sweet but Psycho,1417,ava max - sweet but psycho,433216,Ava Max,Sweet but Psycho,7DnAm9FOTWE3cUvso43HhI,79,2020,dance,0.72,0.706,1,-4.719,1,0.0473,0.0684,0.0,0.166,0.62,133.002,187436,4
2024-07-29 17:54,ILLENIUM,Story Of My Life (feat. Trippie Redd),2634,illenium - story of my life (feat. trippie redd),487951,ILLENIUM,Story Of My Life (feat. Trippie Redd),1g7j5AxiNKTGjryhFIlAsA,63,2021,dance,0.521,0.892,3,-4.029,1,0.0433,0.0539,0.0,0.117,0.369,96.991,191124,4
2024-07-29 17:57,Daisy the Great,Record Player (with AJR),149538,daisy the great - record player (with ajr),508549,Daisy the Great,Record Player (with AJR),4jYt1pQqg2mIZmY4FWCZEM,62,2021,indie-pop,0.665,0.684,11,-7.049,0,0.106,0.247,0.0,0.0636,0.927,73.986,149538,4
2024-07-29 18:01,Bruno Mars,Locked out of Heaven,233478,bruno mars - locked out of heaven,12104,Bruno Mars,Locked out of Heaven,3w3y8KPTfNeOKPiqUTakBh,85,2012,dance,0.726,0.698,5,-4.165,1,0.0431,0.049,0.0,0.309,0.867,143.994,233478,4
2024-07-29 18:01,Bruno Mars,Locked out of Heaven,233478,bruno mars - locked out of heaven,591102,Bruno Mars,Locked Out of Heaven,45jddxG7hbCnuRFrdXVzlq,0,2023,dance,0.726,0.699,5,-4.165,1,0.0431,0.049,0.0,0.309,0.866,143.994,233478,4
2024-07-29 18:05,Eminem,Lucky You (feat. Joyner Lucas),244679,eminem - lucky you (feat. joyner lucas),340927,Eminem,Lucky You (feat. Joyner Lucas),60SdxE8apGAxMiRrpbmLY0,73,2018,hip-hop,0.876,0.786,10,-4.884,0,0.306,0.0627,0.0,0.127,0.575,153.068,244679,4
2024-07-29 18:08,One Direction,What Makes You Beautiful,199986,one direction - what makes you beautiful,40346,One Direction,What Makes You Beautiful,4cluDES4hQEUhmXj6TXkSo,82,2012,pop,0.726,0.787,4,-2.494,1,0.0737,0.009,0.0,0.0596,0.888,124.99,199987,4
2024-07-29 18:12,Coldplay,Hymn for the Weekend,258266,coldplay - hymn for the weekend,197543,Coldplay,Hymn for the Weekend,3RiPr603aXAoi4GHyXx0uy,82,2015,pop,0.491,0.693,0,-6.487,0,0.0377,0.211,6.92e-06,0.325,0.412,90.027,258267,4
2024-07-29 18:15,Imagine Dragons,Demons,175200,imagine dragons - demons,43789,Imagine Dragons,Demons,3LlAyCYU26dvFZBDUIMb7a,73,2012,rock,0.505,0.71,3,-3.015,1,0.0321,0.19,0.00025,0.329,0.428,89.938,175200,4
2024-07-30 02:07,The Chainsmokers,Closer,822,the chainsmokers - closer,224450,The Chainsmokers,Closer,7BKLCZ1jbUBVqRi2FVlTVw,83,2016,dance,0.748,0.524,8,-5.599,1,0.0338,0.414,0.0,0.111,0.661,95.01,244960,4
2024-07-30 02:07,Harry Styles,Sign of the Times,293071,harry styles - sign of the times,293474,Harry Styles,Sign of the Times,5Ohxk2dO5COHF1krpoPigN,83,2017,pop,0.516,0.595,5,-4.63,1,0.0313,0.0275,0.0,0.109,0.222,119.972,340707,4
2024-07-30 02:10,Coldplay,A Sky Full of Stars,3446,coldplay - a sky full of stars,146783,Coldplay,A Sky Full of Stars,0FDzzruyVECATHXKHFs9eJ,82,2014,pop,0.545,0.675,6,-6.474,1,0.0279,0.00617,0.00197,0.209,0.162,124.97,267867,4
2024-07-30 02:10,French Montana,Unforgettable,1363,french montana - unforgettable,284831,French Montana,Unforgettable,3B54sVLJ402zGa6Xm4YGNe,81,2017,hip-hop,0.726,0.769,6,-5.043,1,0.123,0.0293,0.0101,0.104,0.733,97.985,233902,4
2024-07-30 02:10,lovelytheband,broken,160451,lovelytheband - broken,311050,lovelytheband,broken,6XcfKZvJio9Z0fQy11GnNX,67,2018,alt-rock,0.666,0.728,7,-5.808,1,0.0419,0.00175,4.26e-06,0.0429,0.51,122.996,204878,4
2024-07-30 02:10,Lana Del Rey,Summertime Sadness (Lana Del Rey Vs. Cedric Gervais) - Cedric Gervais Remix,1492,lana del rey - summertime sadness (lana del rey vs. cedric gervais) - cedric gervais remix,93586,Lana Del Rey,Summertime Sadness (Lana Del Rey Vs. Cedric Gervais) - Cedric Gervais Remix,6PUIzlqotEmPuBfjbwYWOB,71,2013,pop,0.572,0.81,1,-5.791,0,0.0558,0.0157,6.53e-06,0.13,0.11,126.052,214912,4
2024-07-30 02:14,Seafret,Atlantis,229173,seafret - atlantis,232723,Seafret,Atlantis,1Fid2jjqsHViMX6xNH70hE,85,2016,folk,0.4,0.479,8,-7.989,0,0.0308,0.0529,2.14e-06,0.115,0.213,166.159,229173,4
2024-07-30 02:18,Harry Styles,Watermelon Sugar,3350,harry styles - watermelon sugar,406370,Harry Styles,Watermelon Sugar,6UelLqGlWMcVH1E5c4H7lY,87,2019,pop,0.548,0.816,0,-4.209,1,0.0465,0.122,0.0,0.335,0.557,95.39,174000,4
2024-07-30 02:18,Olivia Rodrigo,traitor,225141,olivia rodrigo - traitor,515570,Olivia Rodrigo,traitor,5CZ40GBx1sQ9agT82CLQCT,84,2021,pop,0.38,0.339,3,-7.885,1,0.0338,0.691,0.0,0.12,0.0849,100.607,229227,4
2024-07-30 02:18,Taylor Swift,Don’t Blame Me,2480,taylor swift - don’t blame me,293464,Taylor Swift,Don’t Blame Me,1R0a2iXumgCiFb7HEZ7gUE,85,2017,pop,0.615,0.534,9,-6.719,0,0.0386,0.106,1.76e-05,0.0607,0.193,135.917,236413,4
2024-07-30 02:18,Maroon 5,Memories,2932,maroon 5 - memories,515583,Maroon 5,Memories,4cktbXiXOapiLBMprHFErI,84,2021,pop,0.775,0.327,11,-7.241,1,0.0557,0.841,0.0,0.0821,0.595,91.05,189486,4
2024-07-30 02:21,Panic! At The Disco,House of Memories,208706,panic! at the disco - house of memories,614809,Panic! At The Disco,House of Memories,45o7a1TpJadHENVHLnR78t,0,2023,rock,0.506,0.817,11,-5.052,0,0.0336,0.00283,0.0,0.0486,0.49,109.955,208707,4
2024-07-30 02:25,Lady Gaga,Poker Face,237200,lady gaga - poker face,591113,Lady Gaga,Poker Face,563ESy4kWZpnv6UH58mell,8,2023,dance,0.851,0.818,4,-4.637,1,0.0789,0.112,2.94e-06,0.0945,0.808,119.006,238907,4
2024-07-30 02:31,Tom Odell,Another Love,244360,tom odell - another love,7578,Tom Odell,Another Love,5FKnuwsKf7YFpmhA5Wnl0q,65,2012,chill,0.443,0.54,4,-8.536,0,0.04,0.697,1.04e-05,0.102,0.133,119.161,250973,4
2024-07-30 02:35,Vance Joy,Riptide,204280,vance joy - riptide,74623,Vance Joy,Riptide,423RKXolCbgBbkF8WanOwA,44,2013,folk,0.484,0.731,1,-6.694,1,0.0379,0.431,0.0,0.151,0.51,101.654,204280,4
2024-07-30 02:50,Wiz Khalifa,See You Again (feat. Charlie Puth),159885,wiz khalifa - see you again (feat. charlie puth),188804,Wiz Khalifa,See You Again (feat. Charlie Puth),2JzZzZUQj3Qff7wapcbKjc,80,2015,hip-hop,0.689,0.481,10,-7.503,1,0.0815,0.369,1.03e-06,0.0649,0.283,80.025,229526,4
2024-07-30 02:50,BTS,We are Bulletproof : the Eternal,672,bts - we are bulletproof : the eternal,456885,BTS,We are Bulletproof : the Eternal,133ocfbXXG4HTk76qgSeUb,68,2020,k-pop,0.522,0.574,9,-5.225,0,0.0317,0.224,0.0,0.108,0.176,84.044,261543,4
2024-07-30 03:04,Chappell Roan,Femininomenon,219710,chappell roan - femininomenon,562187,Chappell Roan,Femininomenon,1YlOZY3puELE0PgxD1enZo,50,2022,indie-pop,0.645,0.789,3,-5.324,1,0.0545,0.339,6.32e-05,0.0821,0.31,124.951,219711,4
2024-07-30 03:16,Chappell Roan,Casual,232796,chappell roan - casual,562026,Chappell Roan,Casual,1UTGAopFU1g7qoxTE8sE3D,57,2022,indie-pop,0.508,0.411,1,-6.95,1,0.0269,0.226,0.0,0.0571,0.34,131.008,232796,4
2024-07-30 03:21,Wallows,Are You Bored Yet? (feat. Clairo),127159,wallows - are you bored yet? (feat. clairo),399066,Wallows,Are You Bored Yet? (feat. Clairo),57RA3JGafJm5zRtKJiKPIm,77,2019,indie-pop,0.682,0.683,8,-6.444,0,0.0287,0.156,2.32e-05,0.273,0.64,120.023,178000,4
2024-07-30 03:29,Chappell Roan,Pink Pony Club,258034,chappell roan - pink pony club,562220,Chappell Roan,Pink Pony Club,6rcuy6XqlB9bqvtIRDl25u,49,2022,indie-pop,0.613,0.646,6,-6.393,1,0.0451,0.406,0.0,0.112,0.47,106.958,258035,4
2024-07-30 03:43,Chappell Roan,My Kink Is Karma,222578,chappell roan - my kink is karma,562106,Chappell Roan,My Kink is Karma,5nutMjOPSSB9I9CUGOg8lm,53,2022,indie-pop,0.582,0.526,2,-6.201,1,0.0624,0.0621,0.0,0.0847,0.273,86.256,222578,4
2024-07-31 19:00,fun.,Carry On,55641,fun. - carry on,40379,fun.,Carry On,7gpy7sfWPNuOKmUNs3XQYE,58,2012,pop,0.388,0.694,5,-5.769,1,0.0735,0.118,0.000293,0.082,0.365,145.434,278373,5
2024-08-01 19:32,Conan Gray,Family Line,216094,conan gray - family line,569244,Conan Gray,Family Line,0iNZGC211wst3VjtobNnC5,76,2022,pop,0.326,0.397,6,-8.145,1,0.0461,0.619,0.0,0.0979,0.276,153.713,216095,3
2024-08-01 19:36,Arctic Monkeys,505,253586,arctic monkeys - 505,1145378,Arctic Monkeys,505,58ge6dfP91o9oXMzq3XkIS,80,2007,garage,0.52,0.852,0,-5.866,1,0.0543,0.00237,5.79e-05,0.0733,0.234,140.267,253587,4
2024-08-01 19:43,Lana Del Rey,Young And Beautiful,236053,lana del rey - young and beautiful,93567,Lana Del Rey,Young And Beautiful,2nMeu6UenVvwUktBCpLMK9,81,2013,pop,0.324,0.416,11,-8.92,0,0.0368,0.262,3.69e-05,0.11,0.151,113.986,236053,4
2024-08-01 19:53,Billie Eilish,Oxytocin,210232,billie eilish - oxytocin,494178,Billie Eilish,Oxytocin,4t2OeILB07eMGTXSUbMPEu,68,2021,electro,0.757,0.598,11,-7.777,1,0.058,0.0904,0.551,0.15,0.18,124.951,210233,4
2024-08-01 20:05,Ashnikko,Daisy,117469,ashnikko - daisy,433258,Ashnikko,Daisy,0AUvWawuP0ibk4SQ3sIZjk,67,2020,dance,0.834,0.663,8,-6.143,1,0.133,0.235,0.0,0.372,0.774,121.876,146523,4
2024-08-02 21:09,Fitz and The Tantrums,Out of My League,209386,fitz and the tantrums - out of my league,56397,Fitz and The Tantrums,Out of My League,2AYEOC02WLhUiOoaig2SEH,71,2013,alt-rock,0.545,0.968,9,-3.553,0,0.0853,0.0387,0.00325,0.331,0.527,169.965,209386,4
2024-08-02 21:13,New West,Those Eyes,220750,new west - those eyes,399063,New West,Those Eyes,50x1Ic8CaXkYNvjmxe3WXy,87,2019,indie-pop,0.593,0.352,4,-8.296,1,0.0284,0.695,2.22e-05,0.3,0.226,119.988,220750,3
2024-08-02 21:18,Anuv Jain,Riha,287312,anuv jain - riha,398195,Anuv Jain,Riha,6Ln89sczgIcAJXGAIdS94R,58,2019,indian,0.389,0.148,3,-11.011,1,0.03,0.897,0.0,0.114,0.4,142.611,287324,4
2024-08-02 21:30,Olivia Rodrigo,deja vu,215506,olivia rodrigo - deja vu,515572,Olivia Rodrigo,deja vu,6HU7h9RYOaPRFeh0R3UeAr,83,2021,pop,0.442,0.612,2,-7.222,1,0.112,0.584,5.7e-06,0.37,0.178,180.917,215507,4
2024-08-04 20:03,Bastille,Flaws,218800,bastille - flaws,93679,Bastille,Flaws,67wABU4SjBlnDHB0KiU3HL,47,2013,pop,0.57,0.657,8,-6.987,1,0.0356,0.405,1.86e-06,0.0723,0.41,144.247,218800,4
2024-08-04 20:07,Bastille,Icarus,225040,bastille - icarus,93646,Bastille,Icarus,1xasoowGI2N5c4gykxKTlW,49,2013,pop,0.583,0.778,4,-6.578,0,0.0459,0.0712,1.23e-06,0.0753,0.673,134.945,225040,4
2024-08-04 20:10,Bastille,Oblivion,196346,bastille - oblivion,93647,Bastille,Oblivion,6ZeQp2XTOiPCePWRfCHSo5,49,2013,pop,0.422,0.321,5,-8.952,1,0.0294,0.76,2.33e-06,0.429,0.28,78.533,196347,4
2024-08-04 20:13,Bastille,Pompeii,214147,bastille - pompeii,93569,Bastille,Pompeii,3gbBpTdY8lnQwqxNCcf795,71,2013,pop,0.679,0.715,9,-6.383,1,0.0407,0.0755,0.0,0.271,0.571,127.435,214148,4
2024-08-04 20:23,Bastille,Doom Days,138115,bastille - doom days,410232,Bastille,Doom Days,1TkXApzsz0a6YRArjbqprt,54,2019,rock,0.665,0.619,10,-8.327,0,0.0663,0.596,0.0,0.14,0.541,137.043,138115,4
2024-08-04 20:28,Chappell Roan,Pink Pony Club,270886,chappell roan - pink pony club,562220,Chappell Roan,Pink Pony Club,6rcuy6XqlB9bqvtIRDl25u,49,2022,indie-pop,0.613,0.646,6,-6.393,1,0.0451,0.406,0.0,0.112,0.47,106.958,258035,4
2024-08-04 20:28,Bastille,Doom Days,1968,bastille - doom days,410232,Bastille,Doom Days,1TkXApzsz0a6YRArjbqprt,54,2019,rock,0.665,0.619,10,-8.327,0,0.0663,0.596,0.0,0.14,0.541,137.043,138115,4
2024-08-04 20:33,Naughty Boy,No One’s Here To Sleep,272547,naughty boy - no one’s here to sleep,120104,Naughty Boy,No One’s Here To Sleep,2oyiRrtSRCSdSSLWPS3E8j,36,2014,dance,0.636,0.497,0,-6.876,0,0.0313,0.0312,0.00148,0.108,0.148,122.026,272547,4
2024-08-04 20:36,George Ezra,Blame It on Me,196400,george ezra - blame it on me,127960,George Ezra,Blame It on Me,2vzMWO0T008m86yDnXwkII,67,2014,folk,0.537,0.757,3,-3.374,1,0.0274,0.473,0.0,0.341,0.421,103.882,196400,4
2024-08-04 20:47,Twenty One Pilots,Chlorine,71273,twenty one pilots - chlorine,354039,Twenty One Pilots,Chlorine,23OXdR7YuUBVWh5hSnYJau,73,2018,rock,0.609,0.674,10,-7.388,0,0.0548,0.0735,0.06,0.345,0.315,90.009,324467,4
2024-08-04 21:32,Chappell Roan,My Kink Is Karma,135361,chappell roan - my kink is karma,562106,Chappell Roan,My Kink is Karma,5nutMjOPSSB9I9CUGOg8lm,53,2022,indie-pop,0.582,0.526,2,-6.201,1,0.0624,0.0621,0.0,0.0847,0.273,86.256,222578,4
2024-08-04 21:36,Chappell Roan,Pink Pony Club,150003,chappell roan - pink pony club,562220,Chappell Roan,Pink Pony Club,6rcuy6XqlB9bqvtIRDl25u,49,2022,indie-pop,0.613,0.646,6,-6.393,1,0.0451,0.406,0.0,0.112,0.47,106.958,258035,4
2024-08-04 22:34,Chappell Roan,Pink Pony Club,150002,chappell roan - pink pony club,562220,Chappell Roan,Pink Pony Club,6rcuy6XqlB9bqvtIRDl25u,49,2022,indie-pop,0.613,0.646,6,-6.393,1,0.0451,0.406,0.0,0.112,0.47,106.958,258035,4
2024-08-04 23:11,Chappell Roan,Pink Pony Club,210037,chappell roan - pink pony club,562220,Chappell Roan,Pink Pony Club,6rcuy6XqlB9bqvtIRDl25u,49,2022,indie-pop,0.613,0.646,6,-6.393,1,0.0451,0.406,0.0,0.112,0.47,106.958,258035,4
2024-08-04 23:14,Bastille,Doom Days,138115,bastille - doom days,410232,Bastille,Doom Days,1TkXApzsz0a6YRArjbqprt,54,2019,rock,0.665,0.619,10,-8.327,0,0.0663,0.596,0.0,0.14,0.541,137.043,138115,4
2024-08-04 23:16,Chappell Roan,Pink Pony Club,3652,chappell roan - pink pony club,562220,Chappell Roan,Pink Pony Club,6rcuy6XqlB9bqvtIRDl25u,49,2022,indie-pop,0.613,0.646,6,-6.393,1,0.0451,0.406,0.0,0.112,0.47,106.958,258035,4
2024-08-04 23:16,Chappell Roan,Pink Pony Club,120009,chappell roan - pink pony club,562220,Chappell Roan,Pink Pony Club,6rcuy6XqlB9bqvtIRDl25u,49,2022,indie-pop,0.613,0.646,6,-6.393,1,0.0451,0.406,0.0,0.112,0.47,106.958,258035,4
2024-08-04 23:20,George Ezra,Shotgun,201287,george ezra - shotgun,329568,George Ezra,Shotgun,4ofwffwvvnbSkrMSCKQDaC,75,2018,folk,0.673,0.735,5,-4.733,1,0.0457,0.286,0.0,0.242,0.754,115.744,201287,4
2024-08-04 23:22,Twenty One Pilots,Chlorine,120006,twenty one pilots - chlorine,354039,Twenty One Pilots,Chlorine,23OXdR7YuUBVWh5hSnYJau,73,2018,rock,0.609,0.674,10,-7.388,0,0.0548,0.0735,0.06,0.345,0.315,90.009,324467,4
2024-08-04 23:26,Twenty One Pilots,Chlorine,180002,twenty one pilots - chlorine,354039,Twenty One Pilots,Chlorine,23OXdR7YuUBVWh5hSnYJau,73,2018,rock,0.609,0.674,10,-7.388,0,0.0548,0.0735,0.06,0.345,0.315,90.009,324467,4
2024-08-04 23:30,Jaymes Young,Feel Something,180004,jaymes young - feel something,286659,Jaymes Young,Feel Something,0vMI3AJPQMjytAu8XMWr65,62,2017,indie-pop,0.61,0.59,11,-7.325,0,0.0362,0.694,2.32e-06,0.15,0.352,137.838,217400,4
2024-08-04 23:31,Jaymes Young,Feel Something,21067,jaymes young - feel something,286659,Jaymes Young,Feel Something,0vMI3AJPQMjytAu8XMWr65,62,2017,indie-pop,0.61,0.59,11,-7.325,0,0.0362,0.694,2.32e-06,0.15,0.352,137.838,217400,4
2024-08-04 23:34,Vance Joy,We're Going Home,209450,vance joy - we're going home,329610,Vance Joy,We're Going Home,5J7zqPpQkN9JZiaELHNKSL,55,2018,folk,0.386,0.675,4,-5.481,0,0.0424,0.323,3.68e-06,0.14,0.429,189.894,206360,4
2024-08-04 23:37,5 Seconds of Summer,Easier,158098,5 seconds of summer - easier,433275,5 Seconds of Summer,Easier,2bjUEg4jBtKBlPdNrTAppI,67,2020,dance,0.562,0.46,5,-4.173,1,0.259,0.476,0.0,0.107,0.623,176.055,158099,4
2024-08-04 23:40,Alec Benjamin,Must Have Been The Wind,177805,alec benjamin - must have been the wind,439866,Alec Benjamin,Must Have Been The Wind,6lERHAmBCZmgODv3OYENXi,61,2020,electro,0.653,0.644,7,-6.204,1,0.0572,0.784,0.000202,0.161,0.363,88.968,177806,4
2024-08-04 23:44,Marshmello,Happier,214289,marshmello - happier,321014,Marshmello,Happier,2dpaYNEQHiRxtZbfNsse99,81,2018,dance,0.687,0.792,5,-2.749,1,0.0452,0.191,0.0,0.167,0.671,100.015,214290,4
2024-08-04 23:46,Panic! At The Disco,This Is Gospel,165213,panic! at the disco - this is gospel,97065,Panic! At The Disco,This Is Gospel,3yZQk5PC52CCmT4ZaTIKvv,65,2013,rock,0.572,0.912,7,-4.875,1,0.0707,0.00155,1.2e-06,0.102,0.606,156.073,187187,4
2024-08-04 23:49,Niall Horan,Nice To Meet Ya,158805,niall horan - nice to meet ya,377800,Niall Horan,Nice To Meet Ya,3cphb8kdsjElYR7r5icK3H,61,2019,dance,0.591,0.841,4,-4.351,0,0.0304,0.0119,0.0,0.395,0.392,109.034,158805,4
2024-08-04 23:53,Twenty One Pilots,Nico and the Niners,225040,twenty one pilots - nico and the niners,354055,Twenty One Pilots,Nico and the Niners,5SehvGGC53A7SZKCLXQcyt,64,2018,rock,0.728,0.602,9,-7.748,0,0.185,0.0699,7.01e-06,0.318,0.328,140.081,225040,4
2024-08-05 00:04,5 Seconds of Summer,Youngblood,203417,5 seconds of summer - youngblood,321020,5 Seconds of Summer,Youngblood,2iUXsYOEPhVqEBwsqP70rE,79,2018,dance,0.596,0.854,7,-5.114,0,0.463,0.0169,0.0,0.124,0.152,120.274,203418,4
2024-08-05 00:07,EDEN,sex,218808,eden - sex,245710,EDEN,sex,26ZX2JrAb8AFbr8FFfAsO7,62,2016,indie-pop,0.413,0.521,9,-4.469,1,0.0466,0.162,0.0,0.323,0.532,103.391,218808,4
2024-08-05 00:10,Alec Benjamin,Jesus in LA,171539,alec benjamin - jesus in la,439860,Alec Benjamin,Jesus in LA,0uLPKDuIhkIhttiwezNdiG,62,2020,electro,0.787,0.558,0,-5.237,1,0.0414,0.664,0.0,0.347,0.706,94.049,171539,4
2024-08-05 00:14,lovelytheband,broken,204878,lovelytheband - broken,311050,lovelytheband,broken,6XcfKZvJio9Z0fQy11GnNX,67,2018,alt-rock,0.666,0.728,7,-5.808,1,0.0419,0.00175,4.26e-06,0.0429,0.51,122.996,204878,4
2024-08-05 01:41,Aron Wright,I Don't Believe in Satan,13986,aron wright - i don't believe in satan,309594,Aron Wright,I Don't Believe in Satan,4CU3t2c3TIpmzX44P1VCFi,35,2018,acoustic,0.422,0.41,6,-14.151,0,0.0467,0.00855,0.0,0.104,0.354,83.952,208571,4
2024-08-05 01:44,5 Seconds of Summer,Teeth,205502,5 seconds of summer - teeth,377676,5 Seconds of Summer,Teeth,26wLOs3ZuHJa2Ihhx6QIE6,76,2019,dance,0.756,0.448,3,-2.993,0,0.0404,0.0508,3.87e-06,0.11,0.431,139.031,204887,4
2024-08-05 01:46,Panic! At The Disco,High Hopes,1314,panic! at the disco - high hopes,354035,Panic! At The Disco,High Hopes,1rqqCSm0Qe4I9rUvWncaom,80,2018,rock,0.579,0.904,5,-2.729,1,0.0618,0.193,0.0,0.064,0.681,82.014,190947,4
2024-08-05 01:46,Vance Joy,Saturday Sun,1472,vance joy - saturday sun,329566,Vance Joy,Saturday Sun,2RiBogNRfulkNf7fVbPOrJ,68,2018,folk,0.637,0.864,8,-4.381,1,0.0468,0.484,0.0,0.222,0.706,99.995,214720,4
2024-08-05 01:50,Of Monsters and Men,Dirty Paws,659,of monsters and men - dirty paws,20751,Of Monsters and Men,Dirty Paws,5g7rJvWYVrloJZwKiShqlS,67,2012,folk,0.359,0.649,3,-7.06,1,0.0349,0.107,0.0124,0.0555,0.133,111.709,278373,4
2024-08-05 01:50,Avicii,Wake Me Up,247426,avicii - wake me up,66269,Avicii,Wake Me Up,0nrRP2bk19rLc0orkWPQk2,84,2013,dance,0.532,0.783,2,-5.697,1,0.0523,0.0038,0.0012,0.161,0.643,124.08,247427,4
2024-08-05 01:55,Of Monsters and Men,Dirty Paws,278373,of monsters and men - dirty paws,20751,Of Monsters and Men,Dirty Paws,5g7rJvWYVrloJZwKiShqlS,67,2012,folk,0.359,0.649,3,-7.06,1,0.0349,0.107,0.0124,0.0555,0.133,111.709,278373,4
2024-08-05 02:02,Alessia Cara,Ready,178693,alessia cara - ready,547939,Alessia Cara,Ready,2DjIya9W0uCWaoUQ1XuRgI,51,2022,electro,0.529,0.496,0,-6.668,0,0.151,0.214,0.0,0.212,0.588,74.62,178747,4
2024-08-05 02:05,Vance Joy,Mess Is Mine,223640,vance joy - mess is mine,127951,Vance Joy,Mess Is Mine,29jtZGdgpE2lWm2mkIt6HS,66,2014,folk,0.595,0.723,7,-8.256,1,0.0349,0.047,0.0286,0.0995,0.272,108.043,223640,1
2024-08-05 02:09,Matt Maeson,Go Easy,227373,matt maeson - go easy,410188,Matt Maeson,Go Easy,4yoMMiRT5sXtIbSHKQfRqi,52,2019,rock,0.346,0.707,7,-5.706,0,0.106,0.2,0.0,0.0811,0.326,85.912,227373,4
2024-08-05 02:12,WALK THE MOON,Shut Up and Dance,199080,walk the moon - shut up and dance,109697,WALK THE MOON,Shut Up and Dance,4kbj5MwxO1bq9wjT5g9HaA,81,2014,alt-rock,0.578,0.866,1,-3.804,1,0.0619,0.00701,0.0,0.257,0.619,128.038,199080,4
2024-08-05 02:16,Halsey,Graveyard,181805,halsey - graveyard,433250,Halsey,Graveyard,2ufmtcIFdFpuUYBPXK5f67,67,2020,dance,0.667,0.583,11,-5.127,0,0.0747,0.231,4.48e-05,0.181,0.187,92.043,181806,4
2024-08-05 02:20,Bastille,Things We Lost In The Fire,240746,bastille - things we lost in the fire,93723,Bastille,Things We Lost In The Fire,6qOxF7JKKNegcuocn14ukr,55,2013,pop,0.587,0.918,4,-4.878,0,0.0581,0.0636,0.0,0.267,0.629,134.055,240747,4
2024-08-05 02:33,Of Monsters and Men,Little Talks,201774,of monsters and men - little talks,20742,Of Monsters and Men,Little Talks,2ihCaVdNZmnHZWt0fvAM7B,78,2012,folk,0.457,0.757,1,-5.177,1,0.032,0.0206,0.0,0.146,0.417,102.961,266600,4
2024-08-05 20:47,Of Monsters and Men,Little Talks,875,of monsters and men - little talks,20742,Of Monsters and Men,Little Talks,2ihCaVdNZmnHZWt0fvAM7B,78,2012,folk,0.457,0.757,1,-5.177,1,0.032,0.0206,0.0,0.146,0.417,102.961,266600,4
2024-08-05 20:47,Vance Joy,Fire and the Flood,1312,vance joy - fire and the flood,127953,Vance Joy,Fire and the Flood,6liNJDyWJjyHAgDnAX95bw,64,2014,folk,0.596,0.827,5,-4.402,1,0.0372,0.0242,0.0,0.0958,0.329,115.034,249382,4
2024-08-05 20:47,Hozier,Almost (Sweet Music),4295,hozier - almost (sweet music),406394,Hozier,Almost (Sweet Music),5Apvsk0suoivI1H8CmBglv,69,2019,pop,0.523,0.687,7,-5.601,1,0.105,0.0215,2.86e-06,0.203,0.711,90.036,217480,4
2024-08-05 20:47,The Chainsmokers,Sick Boy,666,the chainsmokers - sick boy,321114,The Chainsmokers,Sick Boy,58kZ9spgxmlEznXGu6FPdQ,66,2018,dance,0.663,0.577,11,-7.518,0,0.0531,0.109,0.0,0.12,0.454,89.996,193200,4
2024-08-05 20:50,Alec Benjamin,Mind Is A Prison,161697,alec benjamin - mind is a prison,439861,Alec Benjamin,Mind Is A Prison,2hGQDYmjkwTS0J7Q2bM2sF,62,2020,electro,0.656,0.645,5,-5.442,0,0.0397,0.504,0.0,0.18,0.669,75.473,161697,4
2024-08-05 20:56,5 Seconds of Summer,Valentine,365886,5 seconds of summer - valentine,321222,5 Seconds of Summer,Valentine,19hh7DkfRBrpRGYfKlw7jb,59,2018,dance,0.746,0.767,1,-2.907,0,0.0374,0.0601,1.07e-05,0.0859,0.773,94.007,196628,4
2024-08-05 20:59,Bastille,Joy,192681,bastille - joy,410191,Bastille,Joy,6Tt1P5CLUrl59oSOTVxON0,58,2019,rock,0.555,0.923,6,-4.748,0,0.161,0.197,0.0,0.0778,0.363,118.007,192681,4
2024-08-05 21:01,George Ezra,Paradise,948,george ezra - paradise,329601,George Ezra,Paradise,38zwkK6TtTjIW9tpYBfZ3D,66,2018,folk,0.642,0.881,11,-3.537,1,0.0393,0.209,0.0,0.21,0.913,138.03,222045,4
2024-08-05 21:01,Vance Joy,Like Gold,803,vance joy - like gold,329593,Vance Joy,Like Gold,6Od2OWvoT4embWAgIGeFRd,58,2018,folk,0.477,0.712,7,-6.759,1,0.0653,0.224,8.36e-06,0.118,0.407,109.965,224400,4
2024-08-05 21:01,George Ezra,Hold My Girl,102983,george ezra - hold my girl,329582,George Ezra,Hold My Girl,42bbDWZ8WmXTH7PkYAlGLu,71,2018,folk,0.614,0.527,10,-6.374,1,0.0302,0.597,0.0,0.11,0.354,121.941,211764,4
2024-08-05 21:01,The Chainsmokers,Who Do You Love,1097,the chainsmokers - who do you love,377711,The Chainsmokers,Who Do You Love,2fVHrSxsQbJUuj9MW9zG1e,69,2019,dance,0.51,0.846,3,-4.595,1,0.0461,0.0101,0.0,0.208,0.475,139.927,226733,4
2024-08-05 21:01,The Wombats,Greek Tragedy,4440,the wombats - greek tragedy,201261,The Wombats,Greek Tragedy,28C4nmrd7BTu0XbOmaTHZr,57,2015,rock,0.515,0.869,11,-4.732,1,0.0672,0.00257,2.01e-06,0.21,0.452,93.24,209558,4
2024-08-05 21:01,Noah Kahan,False Confidence,1462,noah kahan - false confidence,406478,Noah Kahan,False Confidence,7nDFTHHwfe32a8qdp9XqPy,66,2019,pop,0.414,0.663,6,-7.77,1,0.0456,0.163,0.0,0.138,0.33,108.98,223400,4
2024-08-05 21:01,Bastille,Quarter Past Midnight,945,bastille - quarter past midnight,341773,Bastille,Quarter Past Midnight,1etiUDkISHELzQGMY79ryt,53,2018,house,0.504,0.821,8,-3.356,1,0.0598,0.275,0.0,0.0418,0.458,155.131,201799,4
2024-08-05 21:01,The Lumineers,Gloria,4990,the lumineers - gloria,386082,The Lumineers,Gloria,5BkGp7FLUUpKgWl29jBK0J,60,2019,folk,0.523,0.714,11,-6.021,1,0.0367,0.658,5.2e-06,0.0785,0.659,78.211,216120,4
2024-08-05 21:01,Fitz and The Tantrums,I Just Wanna Shine,2111,fitz and the tantrums - i just wanna shine,367645,Fitz and The Tantrums,I Just Wanna Shine,4GZ3YCkuH0VvTluVLwUp4g,59,2019,alt-rock,0.705,0.918,6,-2.77,0,0.0684,0.04,9.3e-05,0.0803,0.546,92.511,207925,4
2024-08-05 21:02,Avicii,SOS (feat. Aloe Blacc),21878,avicii - sos (feat. aloe blacc),377722,Avicii,SOS (feat. Aloe Blacc),2x0RZdkZcD8QRI53XT4GI5,71,2019,dance,0.802,0.645,5,-6.181,0,0.0715,0.272,0.0,0.119,0.376,100.001,157202,4
2024-08-05 21:04,Alec Benjamin,Demons,163171,alec benjamin - demons,439876,Alec Benjamin,Demons,57zRWXTQCFRV3zwg0NR8Ck,59,2020,electro,0.708,0.494,5,-7.496,0,0.0365,0.697,0.000115,0.34,0.76,142.921,163172,4
2024-08-05 21:11,Rudimental,"These Days (feat. Jess Glynne, Macklemore & Dan Caplen)",211760,"rudimental - these days (feat. jess glynne, macklemore & dan caplen)",321087,Rudimental,"These Days (feat. Jess Glynne, Macklemore & Dan Caplen)",5CLGzJsGqhCEECcpnFQA8x,71,2018,dance,0.653,0.809,0,-4.057,1,0.0474,0.194,0.0,0.165,0.55,92.213,210773,4
2024-08-05 21:20,Twenty One Pilots,Chlorine,324466,twenty one pilots - chlorine,354039,Twenty One Pilots,Chlorine,23OXdR7YuUBVWh5hSnYJau,73,2018,rock,0.609,0.674,10,-7.388,0,0.0548,0.0735,0.06,0.345,0.315,90.009,324467,4
2024-08-05 21:23,The Lumineers,Ophelia,160097,the lumineers - ophelia,232722,The Lumineers,Ophelia,3d8y0t70g7hw2FOWl9Z4Fm,74,2016,folk,0.664,0.573,5,-6.519,1,0.0277,0.613,0.000363,0.0857,0.566,76.023,160097,4
2024-08-05 21:26,Jaymes Young,Feel Something,217400,jaymes young - feel something,286659,Jaymes Young,Feel Something,0vMI3AJPQMjytAu8XMWr65,62,2017,indie-pop,0.61,0.59,11,-7.325,0,0.0362,0.694,2.32e-06,0.15,0.352,137.838,217400,4
2024-08-05 21:30,George Ezra,Blame It on Me,196400,george ezra - blame it on me,127960,George Ezra,Blame It on Me,2vzMWO0T008m86yDnXwkII,67,2014,folk,0.537,0.757,3,-3.374,1,0.0274,0.473,0.0,0.341,0.421,103.882,196400,4
2024-08-05 21:33,Bastille,Oblivion,196346,bastille - oblivion,93647,Bastille,Oblivion,6ZeQp2XTOiPCePWRfCHSo5,49,2013,pop,0.422,0.321,5,-8.952,1,0.0294,0.76,2.33e-06,0.429,0.28,78.533,196347,4
2024-08-05 21:38,Naughty Boy,No One’s Here To Sleep,272547,naughty boy - no one’s here to sleep,120104,Naughty Boy,No One’s Here To Sleep,2oyiRrtSRCSdSSLWPS3E8j,36,2014,dance,0.636,0.497,0,-6.876,0,0.0313,0.0312,0.00148,0.108,0.148,122.026,272547,4
2024-08-05 21:42,The Chainsmokers,Something Just Like This,247160,the chainsmokers - something just like this,264768,The Chainsmokers,Something Just Like This,6RUKPb4LETWmmr3iAEQktW,83,2017,dance,0.617,0.635,11,-6.769,0,0.0317,0.0498,1.44e-05,0.164,0.446,103.019,247160,4
2024-08-05 21:45,Vance Joy,Riptide,204280,vance joy - riptide,74623,Vance Joy,Riptide,423RKXolCbgBbkF8WanOwA,44,2013,folk,0.484,0.731,1,-6.694,1,0.0379,0.431,0.0,0.151,0.51,101.654,204280,4
2024-08-05 21:57,Marshmello,Silence,77850,marshmello - silence,264769,Marshmello,Silence,7vGuf3Y35N4wmASOKLUVVU,79,2017,dance,0.52,0.761,4,-3.093,1,0.0853,0.256,4.96e-06,0.17,0.286,141.971,180823,4
2024-08-06 03:16,Vance Joy,Riptide,204280,vance joy - riptide,74623,Vance Joy,Riptide,423RKXolCbgBbkF8WanOwA,44,2013,folk,0.484,0.731,1,-6.694,1,0.0379,0.431,0.0,0.151,0.51,101.654,204280,4
2024-08-06 03:20,5 Seconds of Summer,Valentine,196628,5 seconds of summer - valentine,321222,5 Seconds of Summer,Valentine,19hh7DkfRBrpRGYfKlw7jb,59,2018,dance,0.746,0.767,1,-2.907,0,0.0374,0.0601,1.07e-05,0.0859,0.773,94.007,196628,4
2024-08-06 03:21,Marshmello,Silence,74426,marshmello - silence,264769,Marshmello,Silence,7vGuf3Y35N4wmASOKLUVVU,79,2017,dance,0.52,0.761,4,-3.093,1,0.0853,0.256,4.96e-06,0.17,0.286,141.971,180823,4
2024-08-06 03:21,George Ezra,Shotgun,6577,george ezra - shotgun,329568,George Ezra,Shotgun,4ofwffwvvnbSkrMSCKQDaC,75,2018,folk,0.673,0.735,5,-4.733,1,0.0457,0.286,0.0,0.242,0.754,115.744,201287,4
2024-08-06 03:22,5 Seconds of Summer,2011,6364,5 seconds of summer - 2011,488253,5 Seconds of Summer,2011,5GzpstdtupjJcu0JR5j3v6,55,2021,dance,0.571,0.839,9,-5.49,0,0.0558,0.0244,0.0,0.268,0.436,156.887,197447,4
2024-08-06 03:25,5 Seconds of Summer,Valentine,196628,5 seconds of summer - valentine,321222,5 Seconds of Summer,Valentine,19hh7DkfRBrpRGYfKlw7jb,59,2018,dance,0.746,0.767,1,-2.907,0,0.0374,0.0601,1.07e-05,0.0859,0.773,94.007,196628,4
2024-08-06 03:28,Maroon 5,This Love,206200,maroon 5 - this love,612607,Maroon 5,This Love,6e5E9huOS5acz5HJ53mgiW,1,2023,pop,0.712,0.868,5,-4.098,0,0.038,0.0606,0.0,0.0897,0.758,95.041,205747,4
2024-08-06 03:32,5 Seconds of Summer,Ghost Of You,197411,5 seconds of summer - ghost of you,321046,5 Seconds of Summer,Ghost Of You,1MhXdlCQPnO56T57MfmaRm,73,2018,dance,0.458,0.561,10,-4.819,1,0.0269,0.0965,0.0,0.156,0.206,149.875,197411,3
2024-08-06 03:34,5 Seconds of Summer,Easier,158098,5 seconds of summer - easier,433275,5 Seconds of Summer,Easier,2bjUEg4jBtKBlPdNrTAppI,67,2020,dance,0.562,0.46,5,-4.173,1,0.259,0.476,0.0,0.107,0.623,176.055,158099,4
2024-08-06 03:38,Billie Eilish,lovely (with Khalid),200185,billie eilish - lovely (with khalid),350203,Billie Eilish,lovely (with Khalid),0u2P5u6lvoDfwTYjAADbn4,87,2018,pop,0.351,0.296,4,-10.109,0,0.0333,0.934,0.0,0.095,0.12,115.284,200186,4
2024-08-06 03:41,Olivia Rodrigo,good 4 u,178146,olivia rodrigo - good 4 u,515567,Olivia Rodrigo,good 4 u,4ZtFanR9U6ndgddUvNcjcG,84,2021,pop,0.563,0.664,9,-5.044,1,0.154,0.335,0.0,0.0849,0.688,166.928,178147,4
2024-08-06 03:43,Conan Gray,People Watching,158536,conan gray - people watching,515647,Conan Gray,People Watching,4JeOesjcWWlprTAvucDSJX,67,2021,pop,0.53,0.593,5,-7.286,1,0.0545,0.385,0.0,0.314,0.538,125.723,158537,4
2024-08-06 03:47,Zac Efron,Rewrite The Stars,217440,zac efron - rewrite the stars,264801,Zac Efron,Rewrite The Stars,65fpYBrI8o2cfrwf2US4gq,71,2017,dance,0.684,0.619,10,-7.005,1,0.0386,0.0716,0.0,0.122,0.284,125.046,217440,4
2024-08-06 03:47,Zac Efron,Rewrite The Stars,217440,zac efron - rewrite the stars,523861,Zac Efron,Rewrite the Stars,36WulNibylWVb07PazOJQN,5,2021,show-tunes,0.685,0.619,10,-7.005,1,0.0386,0.0716,0.0,0.122,0.284,125.044,217440,4
2024-08-06 03:53,Em Beihold,Numb Little Bug,169237,em beihold - numb little bug,577934,Em Beihold,Numb Little Bug,3o9kpgkIcffx0iSwxhuNI2,74,2022,singer-songwriter,0.742,0.527,8,-6.892,0,0.0769,0.327,0.0,0.25,0.638,84.974,169238,4
2024-08-06 03:57,Billie Eilish,ocean eyes,200560,billie eilish - ocean eyes,231075,Billie Eilish,ocean eyes,2uIX8YMNjGMD7441kqyyNU,67,2016,electro,0.475,0.37,4,-7.725,0,0.0361,0.819,0.0577,0.0841,0.157,144.828,200560,4
2024-08-06 04:02,Conan Gray,Maniac,185773,conan gray - maniac,462007,Conan Gray,Maniac,6KfoDhO4XUWSbnyKjNp9c4,77,2020,pop,0.628,0.639,8,-5.46,1,0.0435,0.00162,0.0,0.354,0.493,108.045,185773,4
2024-08-06 04:05,One Direction,Drag Me Down,192120,one direction - drag me down,197544,One Direction,Drag Me Down,2K87XMYnUMqLcX3zvtAF4G,78,2015,pop,0.73,0.703,0,-5.672,0,0.0369,0.109,0.0,0.0657,0.595,138.113,192120,4
2024-08-06 04:16,Shawn Mendes,There's Nothing Holdin' Me Back,9472,shawn mendes - there's nothing holdin' me back,264770,Shawn Mendes,There's Nothing Holdin' Me Back,7JJmb5XwzOO8jgpou264Ml,85,2017,dance,0.866,0.813,11,-4.063,0,0.0554,0.38,0.0,0.0779,0.969,121.998,199440,4
2024-08-06 17:34,Imagine Dragons,Demons,751,imagine dragons - demons,43789,Imagine Dragons,Demons,3LlAyCYU26dvFZBDUIMb7a,73,2012,rock,0.505,0.71,3,-3.015,1,0.0321,0.19,0.00025,0.329,0.428,89.938,175200,4
2024-08-06 17:34,Shawn Mendes,There's Nothing Holdin' Me Back,1303,shawn mendes - there's nothing holdin' me back,264770,Shawn Mendes,There's Nothing Holdin' Me Back,7JJmb5XwzOO8jgpou264Ml,85,2017,dance,0.866,0.813,11,-4.063,0,0.0554,0.38,0.0,0.0779,0.969,121.998,199440,4
2024-08-06 17:34,Olivia Rodrigo,"jealousy, jealousy",873,"olivia rodrigo - jealousy, jealousy",515579,Olivia Rodrigo,"jealousy, jealousy",0MMyJUC3WNnFS1lit5pTjk,80,2021,pop,0.695,0.575,10,-6.334,0,0.116,0.198,0.0,0.0614,0.699,163.929,173160,4
2024-08-06 17:34,Conan Gray,Heather,974,conan gray - heather,461994,Conan Gray,Heather,4xqrdfXkTW4T0RauPLv3WA,85,2020,pop,0.357,0.425,5,-7.301,1,0.0333,0.584,0.0,0.322,0.27,102.078,198040,3
2024-08-06 17:34,Ariana Grande,One Last Time,2804,ariana grande - one last time,119673,Ariana Grande,One Last Time,7xoUc6faLbCqZO6fQEYprd,81,2014,dance,0.628,0.593,8,-5.036,1,0.0323,0.093,1.65e-06,0.096,0.104,125.026,197267,4
2024-08-06 17:34,One Direction,Story of My Life,827,one direction - story of my life,93572,One Direction,Story of My Life,4nVBt6MZDDP6tRVdQTgxJg,81,2013,pop,0.6,0.663,3,-5.802,1,0.0477,0.225,0.0,0.119,0.286,121.07,245493,4
2024-08-06 17:38,Twenty One Pilots,Ride,214506,twenty one pilots - ride,201247,Twenty One Pilots,Ride,2Z8WuEywRWYTKe1NybPQEW,80,2015,rock,0.645,0.713,6,-5.355,1,0.0393,0.00835,0.0,0.113,0.566,74.989,214507,4
2024-08-06 17:42,Ariana Grande,Into You,244453,ariana grande - into you,224454,Ariana Grande,Into You,63y6xWR4gXz7bnUGOk8iI6,69,2016,dance,0.623,0.734,9,-5.948,1,0.107,0.0162,1.75e-06,0.145,0.37,107.853,244453,4
2024-08-08 17:58,Noah Kahan,Stick Season,182346,noah kahan - stick season,569217,Noah Kahan,Stick Season,0mflMxspEfB0VbI1kyLiAv,75,2022,pop,0.662,0.488,9,-6.894,1,0.0682,0.782,0.0,0.102,0.817,117.913,182347,4
2024-08-08 18:00,Matt Maeson,Hallucinogenics,1569,matt maeson - hallucinogenics,410164,Matt Maeson,Hallucinogenics,6bLU8e0LGyztE9iD5DWBQ1,68,2019,rock,0.549,0.653,0,-7.47,1,0.0503,0.457,0.0,0.0969,0.287,121.348,187173,4
2024-08-08 18:00,The Chainsmokers,Something Just Like This,85475,the chainsmokers - something just like this,264768,The Chainsmokers,Something Just Like This,6RUKPb4LETWmmr3iAEQktW,83,2017,dance,0.617,0.635,11,-6.769,0,0.0317,0.0498,1.44e-05,0.164,0.446,103.019,247160,4
2024-08-08 18:00,Billie Eilish,lovely (with Khalid),657,billie eilish - lovely (with khalid),350203,Billie Eilish,lovely (with Khalid),0u2P5u6lvoDfwTYjAADbn4,87,2018,pop,0.351,0.296,4,-10.109,0,0.0333,0.934,0.0,0.095,0.12,115.284,200186,4
2024-08-08 18:13,Bastille,Pompeii,214147,bastille - pompeii,93569,Bastille,Pompeii,3gbBpTdY8lnQwqxNCcf795,71,2013,pop,0.679,0.715,9,-6.383,1,0.0407,0.0755,0.0,0.271,0.571,127.435,214148,4
2024-08-08 18:19,Trevor Daniel,Falling,159381,trevor daniel - falling,350268,Trevor Daniel,Falling,26XaOsDMbl0e1cVKYfkz6w,70,2018,pop,0.785,0.431,10,-8.756,0,0.0364,0.123,0.0,0.0887,0.236,127.085,159382,4
2024-08-08 18:22,Billie Eilish,Ocean Eyes - Blackbear Remix,195306,billie eilish - ocean eyes - blackbear remix,271640,Billie Eilish,Ocean Eyes - Blackbear Remix,4JuZQeSRYJfLCqBgBIxxrR,63,2017,electro,0.661,0.419,4,-9.807,0,0.0404,0.114,1.19e-05,0.0848,0.145,144.98,195307,4
2024-08-08 18:24,Benson Boone,In The Stars,82964,benson boone - in the stars,569249,Benson Boone,In The Stars,1ei3hzQmrgealgRKFxIcWn,80,2022,pop,0.362,0.54,10,-6.031,1,0.0528,0.338,0.0,0.139,0.3,78.007,216410,3
2024-08-08 18:35,blackbear,hot girl bummer,78120,blackbear - hot girl bummer,439846,blackbear,hot girl bummer,6jRq8gaZhMUyy5RclRPcAf,77,2020,electro,0.782,0.559,6,-7.106,0,0.0767,0.125,0.0,0.385,0.685,129.992,188344,1
2024-08-08 18:35,blackbear,hot girl bummer,78120,blackbear - hot girl bummer,439958,blackbear,Hot Girl Bummer,7lu8ZYHhRpH4sgCMIibdKO,46,2020,electro,0.786,0.548,6,-7.068,0,0.078,0.129,0.0,0.34,0.687,129.99,188344,4
2024-08-08 21:36,blackbear,hot girl bummer,4901,blackbear - hot girl bummer,439846,blackbear,hot girl bummer,6jRq8gaZhMUyy5RclRPcAf,77,2020,electro,0.782,0.559,6,-7.106,0,0.0767,0.125,0.0,0.385,0.685,129.992,188344,1
2024-08-08 21:36,blackbear,hot girl bummer,4901,blackbear - hot girl bummer,439958,blackbear,Hot Girl Bummer,7lu8ZYHhRpH4sgCMIibdKO,46,2020,electro,0.786,0.548,6,-7.068,0,0.078,0.129,0.0,0.34,0.687,129.99,188344,4
2024-08-08 21:36,Vance Joy,Riptide,1253,vance joy - riptide,74623,Vance Joy,Riptide,423RKXolCbgBbkF8WanOwA,44,2013,folk,0.484,0.731,1,-6.694,1,0.0379,0.431,0.0,0.151,0.51,101.654,204280,4
2024-08-08 21:42,Russ,"Psycho, Pt. 2",161985,"russ - psycho, pt. 2",243943,Russ,"Psycho, Pt. 2",26OhjtaTamFocE08t83ml6,69,2016,hip-hop,0.766,0.548,10,-4.29,1,0.235,0.775,5.57e-06,0.1,0.424,82.944,161985,4
2024-08-08 21:48,Tate McRae,you broke me first,170226,tate mcrae - you broke me first,462001,Tate McRae,you broke me first,45bE4HXI0AwGZXfZtMp8JR,81,2020,pop,0.667,0.373,4,-9.389,1,0.05,0.785,0.0,0.0906,0.0823,124.148,169266,4
2024-08-08 21:51,5 Seconds of Summer,Youngblood,203417,5 seconds of summer - youngblood,321020,5 Seconds of Summer,Youngblood,2iUXsYOEPhVqEBwsqP70rE,79,2018,dance,0.596,0.854,7,-5.114,0,0.463,0.0169,0.0,0.124,0.152,120.274,203418,4
2024-08-08 21:55,The Weeknd,Pray For Me,211420,the weeknd - pray for me,515601,The Weeknd,Pray For Me,6huNf4dutXRjJyGn7f5BPS,79,2021,pop,0.732,0.678,2,-4.977,1,0.0886,0.0867,2.41e-05,0.112,0.196,100.626,211421,4
2024-08-08 22:07,Marshmello,Silence,95890,marshmello - silence,264769,Marshmello,Silence,7vGuf3Y35N4wmASOKLUVVU,79,2017,dance,0.52,0.761,4,-3.093,1,0.0853,0.256,4.96e-06,0.17,0.286,141.971,180823,4
2024-08-08 22:11,Niall Horan,Slow Hands,188174,niall horan - slow hands,264783,Niall Horan,Slow Hands,2cOUlop2ZakjOKe4WinesN,74,2017,dance,0.735,0.425,0,-6.648,1,0.0464,0.011,0.0,0.055,0.848,85.896,188174,4
2024-08-08 22:15,The Weeknd,The Hills,242253,the weeknd - the hills,197514,The Weeknd,The Hills,7fBv7CLKzipRk6EC6TWHOB,86,2015,pop,0.585,0.564,0,-7.063,0,0.0515,0.0671,0.0,0.135,0.137,113.003,242253,4
2024-08-08 22:21,24kGoldn,Mood (feat. iann dior),140533,24kgoldn - mood (feat. iann dior),515587,24kGoldn,Mood (feat. iann dior),4jPy3l0RUwlUI9T5XHBW2m,80,2021,pop,0.701,0.716,7,-3.671,0,0.0361,0.174,0.0,0.324,0.732,91.007,140533,4
2024-08-08 22:32,Khalid,Location,219080,khalid - location,293472,Khalid,Location,152lZdxL1OR0ZMW6KquMif,76,2017,pop,0.736,0.449,1,-11.462,0,0.425,0.33,0.000162,0.0898,0.326,80.126,219080,4
2024-08-08 22:38,The Weeknd,Blinding Lights,200040,the weeknd - blinding lights,461991,The Weeknd,Blinding Lights,0VjIjW4GlUZAMYd2vXMi3b,90,2020,pop,0.514,0.73,1,-5.934,1,0.0598,0.00146,9.54e-05,0.0897,0.334,171.005,200040,4
2024-08-08 22:43,Taylor Swift,Cruel Summer,178426,taylor swift - cruel summer,406369,Taylor Swift,Cruel Summer,1BxfuPKGuaTgP7aM0Bbdwr,83,2019,pop,0.552,0.702,9,-5.707,1,0.157,0.117,2.06e-05,0.105,0.564,169.994,178427,4
2024-08-08 22:46,Halsey,Bad At Love,181279,halsey - bad at love,264774,Halsey,Bad At Love,7y9iMe8SOB6z3NoHE2OfXl,72,2017,dance,0.675,0.751,0,-3.539,1,0.0296,0.0604,0.0,0.0893,0.612,118.384,181279,4
2024-08-08 23:20,Zach Bryan,Heading South,135068,zach bryan - heading south,376747,Zach Bryan,Heading South,2Dct3GykKZ58hpWRFfe2Qd,78,2019,country,0.68,0.246,4,-14.112,1,0.058,0.783,0.0,0.106,0.388,110.23,171693,4
2024-08-09 01:36,New West,Those Eyes,214810,new west - those eyes,399063,New West,Those Eyes,50x1Ic8CaXkYNvjmxe3WXy,87,2019,indie-pop,0.593,0.352,4,-8.296,1,0.0284,0.695,2.22e-05,0.3,0.226,119.988,220750,3
2024-08-09 01:42,Suki Waterhouse,Good Looking,181599,suki waterhouse - good looking,561974,Suki Waterhouse,Good Looking,0j3mqDTK4Z6lvrLzFCUUz6,78,2022,indie-pop,0.364,0.554,4,-9.076,1,0.0301,0.077,0.000297,0.125,0.257,150.079,214800,3
2024-08-09 01:46,Conan Gray,Memories,246068,conan gray - memories,569229,Conan Gray,Memories,5UXJzLFdBn6u9FJTCnoHrH,81,2022,pop,0.34,0.684,11,-6.306,1,0.044,0.00979,0.0,0.348,0.556,112.969,248819,4
2024-08-10 10:10,Chappell Roan,Femininomenon,82640,chappell roan - femininomenon,562187,Chappell Roan,Femininomenon,1YlOZY3puELE0PgxD1enZo,50,2022,indie-pop,0.645,0.789,3,-5.324,1,0.0545,0.339,6.32e-05,0.0821,0.31,124.951,219711,4
2024-08-10 10:11,George Ezra,Blame It on Me,1109,george ezra - blame it on me,127960,George Ezra,Blame It on Me,2vzMWO0T008m86yDnXwkII,67,2014,folk,0.537,0.757,3,-3.374,1,0.0274,0.473,0.0,0.341,0.421,103.882,196400,4
2024-08-10 10:11,Chappell Roan,Casual,1353,chappell roan - casual,562026,Chappell Roan,Casual,1UTGAopFU1g7qoxTE8sE3D,57,2022,indie-pop,0.508,0.411,1,-6.95,1,0.0269,0.226,0.0,0.0571,0.34,131.008,232796,4
2024-08-10 10:11,Chappell Roan,Naked In Manhattan,848,chappell roan - naked in manhattan,562087,Chappell Roan,Naked in Manhattan,74oXlQPr6x05HDrGVaiYXZ,54,2022,indie-pop,0.771,0.704,1,-5.098,1,0.0315,0.0835,0.0,0.0935,0.55,118.01,211058,4
2024-08-10 10:11,Sabrina Carpenter,Feather,1775,sabrina carpenter - feather,591140,Sabrina Carpenter,Feather,2Zo1PcszsT9WQ0ANntJbID,67,2023,dance,0.787,0.686,6,-4.37,0,0.0339,0.0893,0.0,0.0927,0.836,123.51,185553,4
2024-08-10 10:11,MARINA,Oh No!,2740,marina - oh no!,1343525,MARINA,Oh No!,4sNwdacKyi2S26WrRtNama,70,2010,dance,0.77,0.896,0,-3.971,1,0.039,0.0539,0.0,0.243,0.964,126.999,182587,4
2024-08-10 10:16,Bastille,Flaws,218800,bastille - flaws,93679,Bastille,Flaws,67wABU4SjBlnDHB0KiU3HL,47,2013,pop,0.57,0.657,8,-6.987,1,0.0356,0.405,1.86e-06,0.0723,0.41,144.247,218800,4
2024-08-10 10:27,Thirty Seconds To Mars,This Is War,268112,thirty seconds to mars - this is war,1315921,Thirty Seconds To Mars,This Is War,2D52zjCyqEIQa221lhw6uk,64,2009,rock,0.402,0.723,6,-5.26,1,0.0579,0.0663,2e-06,0.233,0.224,160.047,326983,4
2024-08-10 10:47,Maroon 5,Daylight,172528,maroon 5 - daylight,40371,Maroon 5,Daylight,6TwfdLbaxTKzQi3AgsZNzx,61,2012,pop,0.657,0.679,2,-5.511,1,0.0269,0.00246,0.0,0.211,0.331,120.007,225307,4
2024-08-12 16:13,Dean Lewis,Be Alright,196373,dean lewis - be alright,350215,Dean Lewis,Be Alright,3EPXxR3ImUwfayaurPi3cm,77,2018,pop,0.553,0.586,11,-6.319,1,0.0362,0.697,0.0,0.0813,0.443,126.684,196373,4
2024-08-12 16:16,Billie Eilish,lovely (with Khalid),200185,billie eilish - lovely (with khalid),350203,Billie Eilish,lovely (with Khalid),0u2P5u6lvoDfwTYjAADbn4,87,2018,pop,0.351,0.296,4,-10.109,0,0.0333,0.934,0.0,0.095,0.12,115.284,200186,4
2024-08-12 16:20,Seafret,Atlantis,229173,seafret - atlantis,232723,Seafret,Atlantis,1Fid2jjqsHViMX6xNH70hE,85,2016,folk,0.4,0.479,8,-7.989,0,0.0308,0.0529,2.14e-06,0.115,0.213,166.159,229173,4
2024-08-12 16:24,French Montana,Unforgettable,233901,french montana - unforgettable,284831,French Montana,Unforgettable,3B54sVLJ402zGa6Xm4YGNe,81,2017,hip-hop,0.726,0.769,6,-5.043,1,0.123,0.0293,0.0101,0.104,0.733,97.985,233902,4
2024-08-12 16:28,PUBLIC,Make You Mine,232906,public - make you mine,410165,PUBLIC,Make You Mine,5iFwAOB2TFkPJk8sMlxP8g,75,2019,rock,0.606,0.799,9,-4.452,1,0.0261,0.0128,0.0,0.15,0.638,103.014,232907,4
2024-08-12 16:30,Beach Bunny,Cloud 9,147350,beach bunny - cloud 9,454750,Beach Bunny,Cloud 9,6vFsBXYczYsP0H3lgunZOm,74,2020,indie-pop,0.637,0.929,4,-3.593,1,0.0491,0.00167,2.62e-05,0.344,0.902,80.974,147351,4
2024-08-12 16:34,Eminem,Lucky You (feat. Joyner Lucas),244679,eminem - lucky you (feat. joyner lucas),340927,Eminem,Lucky You (feat. Joyner Lucas),60SdxE8apGAxMiRrpbmLY0,73,2018,hip-hop,0.876,0.786,10,-4.884,0,0.306,0.0627,0.0,0.127,0.575,153.068,244679,4
2024-08-12 16:38,Lorde,Royals,190185,lorde - royals,93571,Lorde,Royals,2dLLR6qlu5UJ5gk0dKz0h3,78,2013,pop,0.674,0.428,7,-9.504,1,0.122,0.121,0.0,0.132,0.337,84.878,190185,4
2024-08-12 16:40,ZAYN,There You Are,128108,zayn - there you are,321199,ZAYN,There You Are,5y4XJ9UFS5eOdoYPF5pSAE,63,2018,dance,0.452,0.688,0,-4.84,0,0.0385,0.0263,0.0,0.11,0.313,76.99,199600,4
2024-08-12 16:43,Bruno Mars,Count on Me,197469,bruno mars - count on me,1380396,Bruno Mars,Count on Me,7l1qvxWjxcKpB9PCtBuTbU,73,2010,pop,0.589,0.389,0,-5.972,1,0.028,0.851,0.0,0.0772,0.501,89.1,197470,4
2024-08-12 16:46,Twenty One Pilots,Heathens,195920,twenty one pilots - heathens,614802,Twenty One Pilots,Heathens,28dStUv9JDoGCo1qJbrcMC,3,2023,rock,0.732,0.396,4,-9.348,0,0.0286,0.0841,3.54e-05,0.105,0.548,90.025,195920,4
2024-08-12 16:49,Bastille,Doom Days,138115,bastille - doom days,410232,Bastille,Doom Days,1TkXApzsz0a6YRArjbqprt,54,2019,rock,0.665,0.619,10,-8.327,0,0.0663,0.596,0.0,0.14,0.541,137.043,138115,4
2024-08-12 16:53,Lana Del Rey,Young And Beautiful,236053,lana del rey - young and beautiful,93567,Lana Del Rey,Young And Beautiful,2nMeu6UenVvwUktBCpLMK9,81,2013,pop,0.324,0.416,11,-8.92,0,0.0368,0.262,3.69e-05,0.11,0.151,113.986,236053,4
2024-08-12 16:55,Conan Gray,People Watching,101004,conan gray - people watching,515647,Conan Gray,People Watching,4JeOesjcWWlprTAvucDSJX,67,2021,pop,0.53,0.593,5,-7.286,1,0.0545,0.385,0.0,0.314,0.538,125.723,158537,4
2024-08-12 17:10,Vishal Dadlani,Ik Junoon (Paint It Red),299119,vishal dadlani - ik junoon (paint it red),1451643,Vishal Dadlani,Ik Junoon (Paint It Red),7e6qTHVfRdaYsio90s1fHC,58,2011,pop,0.79,0.848,2,-7.798,1,0.0508,0.364,0.00147,0.148,0.641,127.034,299119,4
2024-08-12 17:36,Ankit Tiwari,Tu Hai Ki Nahi,285662,ankit tiwari - tu hai ki nahi,197901,Ankit Tiwari,Tu Hai Ki Nahi,4brSaQIT3bnnE41D042fgL,63,2015,pop-film,0.535,0.754,10,-4.77,0,0.0562,0.458,1.6e-06,0.302,0.435,143.862,333922,4
2024-08-12 17:58,Ankit Tiwari,Tu Hai Ki Nahi,2620,ankit tiwari - tu hai ki nahi,197901,Ankit Tiwari,Tu Hai Ki Nahi,4brSaQIT3bnnE41D042fgL,63,2015,pop-film,0.535,0.754,10,-4.77,0,0.0562,0.458,1.6e-06,0.302,0.435,143.862,333922,4
2024-08-12 18:04,Ajay-Atul,Abhi Mujh Mein Kahin,364786,ajay-atul - abhi mujh mein kahin,1451677,Ajay-Atul,Abhi Mujh Mein Kahin,73y649QhnXdcm6fRdvfraO,64,2011,pop,0.334,0.387,2,-9.483,1,0.0332,0.755,3.94e-05,0.113,0.42,129.959,364787,1
2024-08-12 18:17,Pritam,Teri Jhuki Nazar,279186,pritam - teri jhuki nazar,86657,Pritam,Teri Jhuki Nazar,3beYHVCFKzbdNjJqjKeYpM,64,2013,indian,0.386,0.815,11,-3.395,1,0.0417,0.707,0.0,0.159,0.349,124.293,279187,4
2024-08-13 15:56,Vismay Patel,Pal Behta Jaaye,5250,vismay patel - pal behta jaaye,453814,Vismay Patel,Pal Behta Jaaye,0fIbPMXnTdyuW2UirA9mWQ,65,2020,indian,0.776,0.223,8,-13.686,1,0.0379,0.721,3.8e-06,0.119,0.196,109.966,174545,4
2024-08-13 15:56,Ashu Shukla,Har Ek Pal,19426,ashu shukla - har ek pal,453889,Ashu Shukla,Har Ek Pal,7rtaBPvxCSw2bKY8miNyLa,51,2020,indian,0.718,0.448,2,-9.437,0,0.0263,0.506,0.0002,0.107,0.429,106.667,196875,4
2024-08-13 15:56,Vishal-Shekhar,Sadka,792,vishal-shekhar - sadka,1381283,Vishal-Shekhar,Sadka,4dPeCbg2Op44s9kwyMS3ZT,54,2010,pop-film,0.678,0.547,7,-6.89,1,0.0286,0.232,0.000176,0.0785,0.579,143.892,343587,4
2024-08-13 15:56,Ritviz,Chalo Chalein,5963,ritviz - chalo chalein,507655,Ritviz,Chalo Chalein,3uB2mkp8ovjiuJA734dbGe,56,2021,indian,0.461,0.5,1,-9.828,1,0.0614,0.00245,0.03,0.116,0.572,76.176,184371,4
2024-08-13 15:56,Anuv Jain,Alag Aasmaan,0,anuv jain - alag aasmaan,453815,Anuv Jain,Alag Aasmaan,74kCarkFBzXYXNkkYJIsG0,68,2020,indian,0.699,0.299,6,-12.599,1,0.0403,0.869,0.0,0.0724,0.459,118.969,212773,4
2024-08-13 15:57,Suzonn,Rihaee,1629,suzonn - rihaee,398280,Suzonn,Rihaee,4y2QEmnp3DRgXjdbZfUs3X,40,2019,indian,0.767,0.125,5,-18.247,1,0.0399,0.982,0.0,0.0938,0.838,145.136,182483,3
2024-08-13 15:57,Vismay Patel,Pal Behta Jaaye,14260,vismay patel - pal behta jaaye,453814,Vismay Patel,Pal Behta Jaaye,0fIbPMXnTdyuW2UirA9mWQ,65,2020,indian,0.776,0.223,8,-13.686,1,0.0379,0.721,3.8e-06,0.119,0.196,109.966,174545,4
2024-08-13 15:57,Anuv Jain,Mazaak,457,anuv jain - mazaak,561145,Anuv Jain,Mazaak,6BvRzfqi3sMAoQYnRpMVL0,63,2022,indian,0.534,0.461,2,-11.292,1,0.0295,0.795,1.51e-06,0.114,0.244,145.972,212055,4
2024-08-13 15:57,Anuv Jain,Gul,7020,anuv jain - gul,507639,Anuv Jain,Gul,0NLkVxf0PyxsXBG3EuZcJf,72,2021,indian,0.6,0.294,6,-12.301,1,0.0292,0.871,8.66e-05,0.102,0.342,86.97,217241,4
2024-08-13 15:57,Dikshant,Muskan,20696,dikshant - muskan,561243,Dikshant,Muskan,16ZcfVSuCcBDdlpvmEIA1i,46,2022,indian,0.562,0.255,5,-11.942,1,0.0291,0.908,0.000119,0.0666,0.438,159.016,198303,3
2024-08-13 16:03,Prateek Kuhad,Kahaan Ho Tum,90948,prateek kuhad - kahaan ho tum,442282,Prateek Kuhad,Kahaan Ho Tum,6V7QyA9N0Zp7C6k8qsYfpm,52,2020,folk,0.714,0.393,5,-10.157,1,0.0754,0.733,0.00192,0.123,0.72,67.589,155289,4
2024-08-13 16:06,Anuv Jain,Alag Aasmaan,212750,anuv jain - alag aasmaan,453815,Anuv Jain,Alag Aasmaan,74kCarkFBzXYXNkkYJIsG0,68,2020,indian,0.699,0.299,6,-12.599,1,0.0403,0.869,0.0,0.0724,0.459,118.969,212773,4
2024-08-13 16:12,Dream Note,Kahaani,188200,dream note - kahaani,561228,Dream Note,Kahaani,0lbe1bIqb5rR1czdQP6fTK,53,2022,indian,0.569,0.386,2,-11.702,1,0.0304,0.735,0.00137,0.132,0.292,166.124,188201,3
2024-08-13 16:15,Vismay Patel,Behne Do,2173,vismay patel - behne do,453941,Vismay Patel,Behne Do,5GlPyea0WIbj3PI66a9Dft,40,2020,indian,0.676,0.385,8,-13.063,1,0.0595,0.775,0.0,0.359,0.413,100.034,180000,4
2024-08-13 16:15,King,Tu Aake Dekhle,2471,king - tu aake dekhle,453178,King,Tu Aake Dekhle,0yCWDaAgOtg6TKlNCg9rwA,80,2020,hip-hop,0.77,0.84,11,-4.022,1,0.107,0.515,0.00452,0.145,0.192,96.012,270000,4
2024-08-13 16:44,Anuv Jain,Riha,178120,anuv jain - riha,398195,Anuv Jain,Riha,6Ln89sczgIcAJXGAIdS94R,58,2019,indian,0.389,0.148,3,-11.011,1,0.03,0.897,0.0,0.114,0.4,142.611,287324,4
2024-08-14 04:29,Akanksha Sethi,Raaz Tera Mera,613,akanksha sethi - raaz tera mera,561230,Akanksha Sethi,Raaz Tera Mera,4hGHgXcTOD8BzJKMz062ZN,50,2022,indian,0.307,0.254,0,-13.692,1,0.0265,0.845,6.08e-06,0.373,0.332,81.028,208500,3
2024-08-14 19:53,Akanksha Sethi,Raaz Tera Mera,7039,akanksha sethi - raaz tera mera,561230,Akanksha Sethi,Raaz Tera Mera,4hGHgXcTOD8BzJKMz062ZN,50,2022,indian,0.307,0.254,0,-13.692,1,0.0265,0.845,6.08e-06,0.373,0.332,81.028,208500,3
2024-08-14 19:54,Vismay Patel,Dariya,2183,vismay patel - dariya,507660,Vismay Patel,Dariya,6pvpFQ2jaI6oXAswo3GSUW,57,2021,indian,0.62,0.222,4,-15.676,1,0.0353,0.905,0.000809,0.134,0.339,89.94,216107,4
2024-08-14 19:54,Ritviz,Udd Gaye,1114,ritviz - udd gaye,383944,Ritviz,Udd Gaye,5ZsAhuQ24mWHiduaxJqnhW,64,2019,edm,0.595,0.817,11,-6.187,0,0.0474,0.000712,0.0386,0.142,0.483,144.961,180414,4
2024-08-14 19:54,Prateek Kuhad,Kasoor,1070,prateek kuhad - kasoor,441758,Prateek Kuhad,Kasoor,08kTa3SL9sV6Iy8KLKtGql,67,2020,folk,0.558,0.497,8,-7.175,1,0.0256,0.0285,5.36e-06,0.0799,0.444,107.047,197549,4
2024-08-14 19:54,Ritviz,Baaraat,1115,ritviz - baaraat,494038,Ritviz,Baaraat,0YLSjVxSb5FT1Bo8Tnxr8j,61,2021,edm,0.678,0.449,4,-9.379,0,0.0869,0.477,0.0,0.536,0.606,100.033,222096,4
2024-08-14 19:54,Vismay Patel,Badra Bahara,1703,vismay patel - badra bahara,561153,Vismay Patel,Badra Bahara,6i9997Q9R4M7RuqQEHq3ed,53,2022,indian,0.77,0.273,0,-14.931,1,0.0311,0.497,0.0726,0.121,0.447,100.032,156107,4
2024-08-14 19:54,Zaeden,KTMBK,1703,zaeden - ktmbk,493897,Zaeden,KTMBK,4R8VBRb5nKbEfi1EIA2B7p,65,2021,edm,0.898,0.435,6,-8.834,1,0.0489,0.555,0.0,0.139,0.836,115.034,154435,4
2024-08-14 19:54,Anuv Jain,Baarishein,14323,anuv jain - baarishein,341884,Anuv Jain,Baarishein,5iCY0TXNImK4hyKfcplQsg,76,2018,indian,0.475,0.124,2,-9.463,1,0.0444,0.926,0.0,0.0972,0.19,94.42,207310,4
2024-08-14 19:54,Vismay Patel,Lage Nahi Man,1903,vismay patel - lage nahi man,561165,Vismay Patel,Lage Nahi Man,6sdird6R3Bl7KXbCXpnPVy,54,2022,indian,0.622,0.318,6,-16.183,1,0.0268,0.855,0.00102,0.117,0.508,124.938,191770,3
2024-08-14 19:54,Zaeden,tere bina,1365,zaeden - tere bina,383946,Zaeden,tere bina,6N5WkgPIDoTdbCXyyIIKAv,66,2019,edm,0.889,0.341,7,-7.909,1,0.0424,0.117,3.7e-06,0.0734,0.942,118.003,157246,4
2024-08-14 19:58,Anuv Jain,Baarishein,192995,anuv jain - baarishein,341884,Anuv Jain,Baarishein,5iCY0TXNImK4hyKfcplQsg,76,2018,indian,0.475,0.124,2,-9.463,1,0.0444,0.926,0.0,0.0972,0.19,94.42,207310,4
2024-08-14 20:08,Vismay Patel,Main Toh Chala,198000,vismay patel - main toh chala,507802,Vismay Patel,Main Toh Chala,5DWEL5TPHgaLaUUh26K1Wc,38,2021,indian,0.596,0.259,1,-12.273,0,0.11,0.626,2.42e-05,0.053,0.438,94.736,198000,4
2024-08-14 20:13,Zaeden,socha na tha,144250,zaeden - socha na tha,453958,Zaeden,socha na tha,4nh0aT30hfj3smH6flWU63,39,2020,indian,0.489,0.752,2,-5.422,1,0.0372,0.665,0.000669,0.55,0.179,192.133,144250,4
2024-08-14 20:17,Dream Note,Waqt Ki Baatein,243310,dream note - waqt ki baatein,341886,Dream Note,Waqt Ki Baatein,0cJTjTH3XVTTJh8F4Uq1db,68,2018,indian,0.556,0.202,4,-16.397,1,0.0324,0.915,0.0381,0.112,0.2,145.017,243310,3
2024-08-14 20:28,Vishal Dadlani,Ik Junoon (Paint It Red),299119,vishal dadlani - ik junoon (paint it red),1451643,Vishal Dadlani,Ik Junoon (Paint It Red),7e6qTHVfRdaYsio90s1fHC,58,2011,pop,0.79,0.848,2,-7.798,1,0.0508,0.364,0.00147,0.148,0.641,127.034,299119,4
2024-08-14 20:29,Aditya A,Chaand Baaliyan,103264,aditya a - chaand baaliyan,454870,Aditya A,Chaand Baaliyan,0snQrp1VaY5Pj1YIHRJpRJ,78,2020,indie-pop,0.729,0.396,0,-8.98,1,0.0359,0.796,0.0,0.104,0.886,97.281,103265,4
2024-08-14 20:31,Ritviz,Liggi,119941,ritviz - liggi,493870,Ritviz,Liggi,7tbzfR8ZvZzJEzy6v0d6el,67,2021,edm,0.786,0.667,5,-8.272,1,0.054,0.0112,0.053,0.074,0.688,102.046,181176,4
2024-08-14 20:31,Vismay Patel,Baarish Mein,1577,vismay patel - baarish mein,453901,Vismay Patel,Baarish Mein,4RzpaDRpNI2JZQ8LtAC05x,41,2020,indian,0.693,0.296,0,-13.52,1,0.0704,0.741,0.0,0.0955,0.58,120.376,152000,5
2024-08-14 20:35,Vishal Dadlani,Jee Le Zaraa,215202,vishal dadlani - jee le zaraa,40637,Vishal Dadlani,Jee Le Zaraa,2r32XiAWtZbT3eLUvf4pag,62,2012,pop-film,0.584,0.698,4,-6.61,0,0.0376,0.447,0.0,0.0699,0.436,79.993,215203,4
2024-08-14 20:37,Ankit Tiwari,Tu Hai Ki Nahi,2439,ankit tiwari - tu hai ki nahi,197901,Ankit Tiwari,Tu Hai Ki Nahi,4brSaQIT3bnnE41D042fgL,63,2015,pop-film,0.535,0.754,10,-4.77,0,0.0562,0.458,1.6e-06,0.302,0.435,143.862,333922,4
2024-08-14 20:37,VIBIE,Saibo - Lofi Flip,2346,vibie - saibo - lofi flip,507640,VIBIE,Saibo - Lofi Flip,1E16f7KcZmuXuhlenRwA2m,70,2021,indian,0.323,0.349,7,-12.524,1,0.0761,0.965,0.00548,0.116,0.2,180.203,146646,4
2024-08-14 20:45,fun.,We Are Young (feat. Janelle Monáe),250626,fun. - we are young (feat. janelle monáe),40348,fun.,We Are Young (feat. Janelle Monáe),7a86XRg84qjasly9f6bPSD,72,2012,pop,0.378,0.638,10,-5.576,1,0.075,0.02,7.66e-05,0.0849,0.735,184.086,250627,4
2024-08-14 20:49,fun.,Some Nights,240893,fun. - some nights,40353,fun.,Some Nights,6t6oULCRS6hnI7rm0h5gwl,68,2012,pop,0.672,0.738,0,-7.045,1,0.0506,0.0178,6.75e-05,0.0927,0.392,107.938,277040,4
2024-08-14 20:52,Panic! At The Disco,C'mon - Single Version,214430,panic! at the disco - c'mon - single version,1457507,Panic! At The Disco,C'mon - Single Version,53c9tTEHXWL5GkYNalbXZ3,52,2011,rock,0.38,0.489,0,-7.027,1,0.0362,0.0351,0.00243,0.081,0.337,127.097,214431,4
2024-08-14 20:56,fun.,All The Pretty Girls,202893,fun. - all the pretty girls,1309780,fun.,All The Pretty Girls,2cHGWytemKJuckq2oLnAbZ,46,2009,pop,0.646,0.787,0,-4.654,1,0.0601,0.258,0.0,0.199,0.774,131.036,202893,4
2024-08-14 20:57,fun.,Carry On,5638,fun. - carry on,40379,fun.,Carry On,7gpy7sfWPNuOKmUNs3XQYE,58,2012,pop,0.388,0.694,5,-5.769,1,0.0735,0.118,0.000293,0.082,0.365,145.434,278373,5
2024-08-14 20:57,fun.,Sight of the Sun - Single Version,1583,fun. - sight of the sun - single version,146982,fun.,Sight of the Sun - Single Version,4orHVYvdG5v4G4bmp2Lwdg,47,2014,pop,0.626,0.703,11,-5.247,1,0.0306,0.0275,1.66e-06,0.0903,0.522,92.054,210373,4
2024-08-14 20:57,fun.,Some Nights,69612,fun. - some nights,40353,fun.,Some Nights,6t6oULCRS6hnI7rm0h5gwl,68,2012,pop,0.672,0.738,0,-7.045,1,0.0506,0.0178,6.75e-05,0.0927,0.392,107.938,277040,4
2024-08-14 20:57,fun.,The Gambler,420,fun. - the gambler,1309724,fun.,The Gambler,4Nkn6En6TiZQRuTpEDPOYs,48,2009,pop,0.613,0.296,10,-7.571,1,0.0309,0.94,1.34e-06,0.109,0.46,99.934,251267,4
2024-08-14 20:57,Witt Lowry,Into Your Arms (feat. Ava Max),4463,witt lowry - into your arms (feat. ava max),350282,Witt Lowry,Into Your Arms (feat. Ava Max),0b11D9D0hMOYCIMN3OKreM,73,2018,pop,0.504,0.788,3,-4.113,0,0.215,0.0134,0.0,0.363,0.228,170.039,186022,4
2024-08-14 21:01,Bastille,Flaws,218800,bastille - flaws,93679,Bastille,Flaws,67wABU4SjBlnDHB0KiU3HL,47,2013,pop,0.57,0.657,8,-6.987,1,0.0356,0.405,1.86e-06,0.0723,0.41,144.247,218800,4
2024-08-14 21:27,Chappell Roan,Femininomenon,100673,chappell roan - femininomenon,562187,Chappell Roan,Femininomenon,1YlOZY3puELE0PgxD1enZo,50,2022,indie-pop,0.645,0.789,3,-5.324,1,0.0545,0.339,6.32e-05,0.0821,0.31,124.951,219711,4
2024-08-15 00:10,Chappell Roan,Casual,1056,chappell roan - casual,562026,Chappell Roan,Casual,1UTGAopFU1g7qoxTE8sE3D,57,2022,indie-pop,0.508,0.411,1,-6.95,1,0.0269,0.226,0.0,0.0571,0.34,131.008,232796,4
2024-08-15 00:10,Wallows,Are You Bored Yet? (feat. Clairo),2433,wallows - are you bored yet? (feat. clairo),399066,Wallows,Are You Bored Yet? (feat. Clairo),57RA3JGafJm5zRtKJiKPIm,77,2019,indie-pop,0.682,0.683,8,-6.444,0,0.0287,0.156,2.32e-05,0.273,0.64,120.023,178000,4
2024-08-15 00:24,Chappell Roan,Pink Pony Club,258034,chappell roan - pink pony club,562220,Chappell Roan,Pink Pony Club,6rcuy6XqlB9bqvtIRDl25u,49,2022,indie-pop,0.613,0.646,6,-6.393,1,0.0451,0.406,0.0,0.112,0.47,106.958,258035,4
2024-08-15 00:45,Chappell Roan,My Kink Is Karma,189007,chappell roan - my kink is karma,562106,Chappell Roan,My Kink is Karma,5nutMjOPSSB9I9CUGOg8lm,53,2022,indie-pop,0.582,0.526,2,-6.201,1,0.0624,0.0621,0.0,0.0847,0.273,86.256,222578,4
2024-08-20 18:26,Bastille,Doom Days,138115,bastille - doom days,410232,Bastille,Doom Days,1TkXApzsz0a6YRArjbqprt,54,2019,rock,0.665,0.619,10,-8.327,0,0.0663,0.596,0.0,0.14,0.541,137.043,138115,4
2024-08-20 18:28,Måneskin,Beggin',12120,måneskin - beggin',286610,Måneskin,Beggin',3Wrjm47oTz2sjIgck11l5e,83,2017,indie-pop,0.714,0.8,11,-4.808,0,0.0504,0.127,0.0,0.359,0.589,134.002,211560,4
2024-08-20 18:28,Doja Cat,Boss Bitch,114111,doja cat - boss bitch,433214,Doja Cat,Boss Bitch,78qd8dvwea0Gosb6Fe6j3k,77,2020,dance,0.707,0.955,10,-4.593,0,0.222,0.127,0.0,0.202,0.575,125.989,134240,4
2024-08-20 18:29,Måneskin,Beggin',1418,måneskin - beggin',286610,Måneskin,Beggin',3Wrjm47oTz2sjIgck11l5e,83,2017,indie-pop,0.714,0.8,11,-4.808,0,0.0504,0.127,0.0,0.359,0.589,134.002,211560,4
2024-08-20 18:29,Halsey,Nightmare,8653,halsey - nightmare,377723,Halsey,Nightmare,340UVheS8z3ncW9TTUhAbc,65,2019,dance,0.611,0.622,9,-5.075,0,0.0734,0.0188,0.0,0.359,0.538,146.11,231999,4
2024-08-20 18:29,Bastille,Doom Days,1165,bastille - doom days,410232,Bastille,Doom Days,1TkXApzsz0a6YRArjbqprt,54,2019,rock,0.665,0.619,10,-8.327,0,0.0663,0.596,0.0,0.14,0.541,137.043,138115,4
2024-08-20 18:29,Doja Cat,Boss Bitch,2070,doja cat - boss bitch,433214,Doja Cat,Boss Bitch,78qd8dvwea0Gosb6Fe6j3k,77,2020,dance,0.707,0.955,10,-4.593,0,0.222,0.127,0.0,0.202,0.575,125.989,134240,4
2024-08-20 18:31,Doja Cat,Boss Bitch,134239,doja cat - boss bitch,433214,Doja Cat,Boss Bitch,78qd8dvwea0Gosb6Fe6j3k,77,2020,dance,0.707,0.955,10,-4.593,0,0.222,0.127,0.0,0.202,0.575,125.989,134240,4
2024-08-20 18:34,Måneskin,Beggin',211560,måneskin - beggin',286610,Måneskin,Beggin',3Wrjm47oTz2sjIgck11l5e,83,2017,indie-pop,0.714,0.8,11,-4.808,0,0.0504,0.127,0.0,0.359,0.589,134.002,211560,4
2024-08-20 18:38,Halsey,Nightmare,231998,halsey - nightmare,377723,Halsey,Nightmare,340UVheS8z3ncW9TTUhAbc,65,2019,dance,0.611,0.622,9,-5.075,0,0.0734,0.0188,0.0,0.359,0.538,146.11,231999,4
2024-08-20 18:43,BTS,Spring Day,274097,bts - spring day,288435,BTS,Spring Day,2j1fFjWHCI9KJSwcuYAOyF,73,2017,k-pop,0.539,0.846,8,-3.192,1,0.0354,0.00631,1.71e-06,0.13,0.462,106.994,274097,4
2024-08-20 18:46,Charlotte Lawrence,Why Do You Love Me,171908,charlotte lawrence - why do you love me,378135,Charlotte Lawrence,Why Do You Love Me,2y8iBf0QRqCKFtePi9Rl2H,52,2019,dance,0.81,0.305,8,-6.165,0,0.0902,0.28,0.000116,0.203,0.732,120.013,171908,4
2024-08-20 18:52,Alec Benjamin,Boy In The Bubble,181705,alec benjamin - boy in the bubble,327781,Alec Benjamin,Boy In The Bubble,60cYr5uuMoxvyuIx45rGEW,67,2018,electro,0.817,0.578,11,-7.579,0,0.0824,0.224,0.00103,0.251,0.851,143.982,181705,4
2024-08-20 18:55,Alan Walker,Sing Me to Sleep,187800,alan walker - sing me to sleep,231111,Alan Walker,Sing Me to Sleep,2Fjz5ZC5BvFdCqcnTZ3ilH,57,2016,electro,0.491,0.607,4,-6.333,0,0.0668,0.0125,1.52e-06,0.289,0.166,176.112,189333,4
2024-08-20 18:57,Claire Rosinkranz,Backyard Boy,129240,claire rosinkranz - backyard boy,454763,Claire Rosinkranz,Backyard Boy,04F42oEuKrRComYJfJuyVR,68,2020,indie-pop,0.817,0.635,5,-7.246,1,0.163,0.323,0.0,0.0738,0.454,138.015,129241,4
2024-08-20 19:00,Lorde,Royals,190185,lorde - royals,93571,Lorde,Royals,2dLLR6qlu5UJ5gk0dKz0h3,78,2013,pop,0.674,0.428,7,-9.504,1,0.122,0.121,0.0,0.132,0.337,84.878,190185,4
2024-08-20 19:03,Lil Nas X,THATS WHAT I WANT,143901,lil nas x - thats what i want,506691,Lil Nas X,THATS WHAT I WANT,0e8nrvls4Qqv5Rfa2UhqmO,82,2021,hip-hop,0.737,0.846,1,-4.51,0,0.22,0.00614,0.0,0.0486,0.546,87.981,143901,4
2024-08-20 19:05,BoyWithUke,Sick of U (with Oliver Tree),168676,boywithuke - sick of u (with oliver tree),574201,BoyWithUke,Sick of U (with Oliver Tree),5IXdkgrT4lb9sKIb8tbOQ3,73,2022,sad,0.676,0.814,0,-3.213,1,0.0585,0.277,0.0,0.0953,0.601,92.554,168676,4
2024-08-20 19:08,Daisy the Great,Record Player (with AJR),149538,daisy the great - record player (with ajr),508549,Daisy the Great,Record Player (with AJR),4jYt1pQqg2mIZmY4FWCZEM,62,2021,indie-pop,0.665,0.684,11,-7.049,0,0.106,0.247,0.0,0.0636,0.927,73.986,149538,4
2024-08-20 19:11,Maroon 5,This Love,206200,maroon 5 - this love,612607,Maroon 5,This Love,6e5E9huOS5acz5HJ53mgiW,1,2023,pop,0.712,0.868,5,-4.098,0,0.038,0.0606,0.0,0.0897,0.758,95.041,205747,4
2024-08-20 19:38,Ellie Goulding,Burn,193397,ellie goulding - burn,12153,Ellie Goulding,Burn,5lF0pHbsJ0QqyIrLweHJPW,70,2012,dance,0.555,0.772,1,-5.007,1,0.0523,0.315,0.0,0.105,0.346,86.921,231213,4
2024-08-20 19:41,Ellie Goulding,Burn,6567,ellie goulding - burn,12153,Ellie Goulding,Burn,5lF0pHbsJ0QqyIrLweHJPW,70,2012,dance,0.555,0.772,1,-5.007,1,0.0523,0.315,0.0,0.105,0.346,86.921,231213,4
2024-08-20 19:44,Halsey,Graveyard,181805,halsey - graveyard,433250,Halsey,Graveyard,2ufmtcIFdFpuUYBPXK5f67,67,2020,dance,0.667,0.583,11,-5.127,0,0.0747,0.231,4.48e-05,0.181,0.187,92.043,181806,4
2024-08-20 19:52,Alec Benjamin,Outrunning Karma,15830,alec benjamin - outrunning karma,327785,Alec Benjamin,Outrunning Karma,2W0AJEbIC2vdZTV2nVSAsg,65,2018,electro,0.416,0.649,11,-5.271,0,0.0385,0.655,2.82e-06,0.12,0.474,112.482,188851,3
2024-08-20 19:53,Alec Benjamin,Outrunning Karma,1957,alec benjamin - outrunning karma,327785,Alec Benjamin,Outrunning Karma,2W0AJEbIC2vdZTV2nVSAsg,65,2018,electro,0.416,0.649,11,-5.271,0,0.0385,0.655,2.82e-06,0.12,0.474,112.482,188851,3
2024-08-20 19:53,Maroon 5,Cold (feat. Future),1327,maroon 5 - cold (feat. future),350257,Maroon 5,Cold (feat. Future),7gwLQ4tZ5UdZ7qNcDyJ8wr,62,2018,pop,0.693,0.717,9,-6.346,0,0.107,0.14,0.0,0.0464,0.412,99.836,234308,4
2024-08-20 19:53,XXXTENTACION,SAD!,707,xxxtentacion - sad!,328649,XXXTENTACION,SAD!,3ee8Jmje8o58CHK66QrVC2,81,2018,emo,0.74,0.613,8,-4.88,1,0.145,0.258,0.00372,0.123,0.473,75.023,166606,4
2024-08-20 19:53,Madison Beer,Dear Society,3064,madison beer - dear society,377869,Madison Beer,Dear Society,0Es6dDXHGqqQWoA8tlK4LG,57,2019,dance,0.651,0.594,7,-6.374,0,0.0491,0.163,0.0,0.133,0.416,145.942,179577,4
2024-08-20 19:58,AURORA,Runaway,248826,aurora - runaway,146778,AURORA,Runaway,23rdcrD0Eky4vYn2TZidxJ,73,2014,pop,0.459,0.276,11,-10.339,1,0.036,0.63,9.5e-05,0.104,0.128,114.169,248827,4
2024-08-20 20:02,Travis Scott,goosebumps,243836,travis scott - goosebumps,244724,Travis Scott,goosebumps,6gBFPUFcJLzWGx4lenP6h2,82,2016,house,0.841,0.728,7,-3.37,1,0.0484,0.0847,0.0,0.149,0.43,130.049,243837,4
2024-08-20 20:02,Travis Scott,goosebumps,243836,travis scott - goosebumps,341768,Travis Scott,Goosebumps,6dWf1xaHOmJo7eL9WuSkdL,54,2018,house,0.849,0.629,7,-6.27,1,0.0475,0.0789,0.0,0.13,0.467,130.105,243840,4
2024-08-20 20:05,BLACKPINK,How You Like That,182956,blackpink - how you like that,456850,BLACKPINK,How You Like That,4SFknyjLcyTLJFPKD2m96o,75,2020,k-pop,0.812,0.761,11,-5.222,1,0.0812,0.0465,0.000135,0.0601,0.344,130.032,182956,4
2024-08-20 20:06,Ed Sheeran,Thinking out Loud,73963,ed sheeran - thinking out loud,93582,Ed Sheeran,Thinking out Loud,1Slwb6dOYkBlWal1PGtnNg,64,2013,pop,0.781,0.445,2,-6.061,1,0.0295,0.474,0.0,0.184,0.591,78.998,281560,4
2024-08-20 20:06,SZA,Kill Bill,130,sza - kill bill,569184,SZA,Kill Bill,1Qrg8KqiBpW07V7PNxwwwL,94,2022,pop,0.644,0.735,8,-5.747,1,0.0391,0.0521,0.144,0.161,0.418,88.98,153947,4
2024-08-20 20:08,Kali Uchis,Melting,132823,kali uchis - melting,197515,Kali Uchis,Melting,2kSb3wYSOV996xA2NSmpck,81,2015,pop,0.574,0.479,8,-7.776,1,0.0355,0.179,0.0803,0.106,0.303,115.263,208854,4
2024-08-20 20:11,YUNGBLUD,Psychotic Kids,167066,yungblud - psychotic kids,354215,YUNGBLUD,Psychotic Kids,0h8KNwmDto5ndOqdUOVZGQ,50,2018,rock,0.548,0.905,2,-3.932,0,0.0483,0.0552,0.0,0.136,0.49,149.787,167066,4
2024-08-20 20:14,Halsey,Control,214761,halsey - control,175417,Halsey,Control,3SKzTIl9mW0DadTys9SFo3,69,2015,electro,0.549,0.675,4,-5.637,0,0.0332,0.399,0.0,0.181,0.206,119.898,214762,4
2024-08-20 20:19,Imagine Dragons,Battle Cry,273640,imagine dragons - battle cry,201286,Imagine Dragons,Battle Cry,3KgIZWuC7JJOgkcGeAWbZg,55,2015,rock,0.358,0.909,0,-6.856,0,0.0949,0.0429,0.00468,0.138,0.0419,129.945,273640,4
2024-08-20 20:23,Major Lazer,Lean On,234748,major lazer - lean on,174630,Major Lazer,Lean On,1Lim1Py7xBgbAkAys3AGAG,71,2015,edm,0.723,0.809,7,-3.081,0,0.0625,0.00346,0.00123,0.565,0.274,98.007,176561,4
2024-08-20 20:26,Lola Blanc,Angry Too,204088,lola blanc - angry too,406531,Lola Blanc,Angry Too,3DgxdsUHAvQgWPdPij6IVw,62,2019,pop,0.55,0.742,8,-5.216,1,0.0724,0.0615,0.000241,0.0673,0.614,160.081,204089,4
2024-08-20 20:41,Farruko,Pepas,197903,farruko - pepas,506697,Farruko,Pepas,5fwSHlTEWpluwOM0Sxnh5k,82,2021,hip-hop,0.762,0.766,7,-3.955,1,0.0343,0.00776,6.98e-05,0.128,0.442,130.001,287120,4
2024-08-22 02:12,Alec Benjamin,If I Killed Someone For You,1106,alec benjamin - if i killed someone for you,327779,Alec Benjamin,If I Killed Someone For You,0WHi11uzahqpEtPGYCW6oQ,70,2018,electro,0.514,0.605,7,-5.363,1,0.0337,0.774,2.91e-06,0.121,0.409,120.894,185123,4
2024-08-22 02:25,Halsey,Ghost,153656,halsey - ghost,175451,Halsey,Ghost,5dcYoYFAXh0f0qI05AoufB,57,2015,electro,0.57,0.606,7,-8.085,1,0.129,0.0529,0.000727,0.134,0.212,95.038,153657,4
2024-08-22 02:32,Ed Sheeran,South of the Border (feat. Camila Cabello & Cardi B),204466,ed sheeran - south of the border (feat. camila cabello & cardi b),406438,Ed Sheeran,South of the Border (feat. Camila Cabello & Cardi B),4vUmTMuQqjdnvlZmAH61Qk,74,2019,pop,0.857,0.621,9,-6.376,0,0.0825,0.148,0.0,0.0865,0.668,97.989,204467,4
2024-08-22 02:35,Caroline Polachek,Sunset,162909,caroline polachek - sunset,547848,Caroline Polachek,Sunset,2eQ9B2SsQFU2qCnHSas3eQ,55,2022,electro,0.462,0.745,11,-5.356,0,0.0652,0.589,0.00015,0.288,0.648,122.051,163116,4
2024-08-22 02:39,Twenty One Pilots,Ride,214506,twenty one pilots - ride,201247,Twenty One Pilots,Ride,2Z8WuEywRWYTKe1NybPQEW,80,2015,rock,0.645,0.713,6,-5.355,1,0.0393,0.00835,0.0,0.113,0.566,74.989,214507,4
2024-08-22 02:42,P!nk,"Just Like Fire (From the Original Motion Picture ""Alice Through The Looking Glass"") - Wideboys Remix",222666,"p!nk - just like fire (from the original motion picture ""alice through the looking glass"") - wideboys remix",224931,P!nk,"Just Like Fire (From the Original Motion Picture ""Alice Through The Looking Glass"") - Wideboys Remix",5XNm6WTJxKtcaug3lc8KJF,44,2016,dance,0.585,0.774,7,-6.694,1,0.184,0.00199,0.00019,0.706,0.758,179.952,222667,4
2024-08-22 02:46,Chappell Roan,Casual,232796,chappell roan - casual,562026,Chappell Roan,Casual,1UTGAopFU1g7qoxTE8sE3D,57,2022,indie-pop,0.508,0.411,1,-6.95,1,0.0269,0.226,0.0,0.0571,0.34,131.008,232796,4
2024-08-22 02:49,Drake,One Dance,173986,drake - one dance,243906,Drake,One Dance,1zi7xx7UVEFkmKfv06H8x0,84,2016,hip-hop,0.792,0.625,1,-5.609,1,0.0536,0.00776,0.0018,0.329,0.37,103.967,173987,4
2024-08-22 16:27,Zedd,Clarity,244349,zedd - clarity,12116,Zedd,Clarity,60wwxj6Dd9NJlirf84wr2c,74,2012,dance,0.509,0.781,8,-3.48,1,0.072,0.0398,0.0,0.0749,0.176,128.0,271427,4
2024-08-22 16:34,SHAED,Trampoline (with ZAYN),184280,shaed - trampoline (with zayn),384359,SHAED,Trampoline (with ZAYN),2ez6qvOTHKeI3ss80NGqnI,65,2019,electro,0.619,0.459,7,-5.782,0,0.0334,0.56,0.0,0.137,0.498,126.803,184280,4
2024-08-22 16:38,Maroon 5,Sugar,235493,maroon 5 - sugar,146779,Maroon 5,Sugar,2iuZJX9X9P0GKaE93xcPjk,80,2014,pop,0.748,0.788,1,-7.055,1,0.0334,0.0591,0.0,0.0863,0.884,120.076,235493,4
2024-08-22 16:42,Imagine Dragons,Monster,249493,imagine dragons - monster,201268,Imagine Dragons,Monster,2Xaw1RrXP3mdooKWysuRJ8,58,2015,rock,0.472,0.774,3,-5.383,1,0.0824,0.167,0.000278,0.132,0.443,179.942,249493,4
2024-08-22 16:56,Sara Bareilles,No Such Thing,190984,sara bareilles - no such thing,365913,Sara Bareilles,No Such Thing,6UpCNcYmYBrkqbNQAR9U3H,44,2019,acoustic,0.677,0.45,1,-9.352,1,0.0326,0.29,0.00175,0.0992,0.433,119.922,237388,4
2024-08-22 17:00,Ed Sheeran,Bad Habits,230746,ed sheeran - bad habits,515575,Ed Sheeran,Bad Habits,3rmo8F54jFF8OgYsqTxm5d,84,2021,pop,0.807,0.893,11,-3.745,0,0.0347,0.0451,2.79e-05,0.366,0.537,126.011,230747,4
2024-08-22 17:06,Arctic Monkeys,505,253586,arctic monkeys - 505,1145378,Arctic Monkeys,505,58ge6dfP91o9oXMzq3XkIS,80,2007,garage,0.52,0.852,0,-5.866,1,0.0543,0.00237,5.79e-05,0.0733,0.234,140.267,253587,4
2024-08-22 17:12,The Weeknd,Blinding Lights,200040,the weeknd - blinding lights,461991,The Weeknd,Blinding Lights,0VjIjW4GlUZAMYd2vXMi3b,90,2020,pop,0.514,0.73,1,-5.934,1,0.0598,0.00146,9.54e-05,0.0897,0.334,171.005,200040,4
2024-08-22 17:16,Marshmello,Happier,214289,marshmello - happier,321014,Marshmello,Happier,2dpaYNEQHiRxtZbfNsse99,81,2018,dance,0.687,0.792,5,-2.749,1,0.0452,0.191,0.0,0.167,0.671,100.015,214290,4
2024-08-22 17:28,Billie Eilish,watch,93567,billie eilish - watch,271631,Billie Eilish,watch,7eB1V5LvAdxCc7brfGhRRo,77,2017,electro,0.441,0.599,0,-8.985,1,0.225,0.333,0.00198,0.103,0.35,165.212,177523,4
2024-08-22 17:31,Billie Eilish,watch,83963,billie eilish - watch,271631,Billie Eilish,watch,7eB1V5LvAdxCc7brfGhRRo,77,2017,electro,0.441,0.599,0,-8.985,1,0.225,0.333,0.00198,0.103,0.35,165.212,177523,4
2024-08-22 17:35,Avicii,"Tough Love (feat. Agnes, Vargas & Lagola)",191248,"avicii - tough love (feat. agnes, vargas & lagola)",378133,Avicii,"Tough Love (feat. Agnes, Vargas & Lagola)",1yfyIdEw5U2bD5I6gxQCxW,56,2019,dance,0.402,0.754,8,-4.837,1,0.0432,0.143,0.0,0.358,0.621,108.17,191248,4
2024-08-22 17:51,Troye Sivan,TALK ME DOWN,21242,troye sivan - talk me down,197776,Troye Sivan,TALK ME DOWN,0nRuVPZx2iA3KWR4xSzryl,48,2015,pop,0.362,0.781,6,-6.803,1,0.0741,0.151,0.000197,0.125,0.354,173.688,237464,4
2024-08-22 22:10,Billie Eilish,watch,503,billie eilish - watch,271631,Billie Eilish,watch,7eB1V5LvAdxCc7brfGhRRo,77,2017,electro,0.441,0.599,0,-8.985,1,0.225,0.333,0.00198,0.103,0.35,165.212,177523,4
2024-08-22 22:10,Troye Sivan,TALK ME DOWN,588,troye sivan - talk me down,197776,Troye Sivan,TALK ME DOWN,0nRuVPZx2iA3KWR4xSzryl,48,2015,pop,0.362,0.781,6,-6.803,1,0.0741,0.151,0.000197,0.125,0.354,173.688,237464,4
2024-08-22 22:10,The Weeknd,Blinding Lights,437,the weeknd - blinding lights,461991,The Weeknd,Blinding Lights,0VjIjW4GlUZAMYd2vXMi3b,90,2020,pop,0.514,0.73,1,-5.934,1,0.0598,0.00146,9.54e-05,0.0897,0.334,171.005,200040,4
2024-08-22 22:10,Avicii,"Tough Love (feat. Agnes, Vargas & Lagola)",490,"avicii - tough love (feat. agnes, vargas & lagola)",378133,Avicii,"Tough Love (feat. Agnes, Vargas & Lagola)",1yfyIdEw5U2bD5I6gxQCxW,56,2019,dance,0.402,0.754,8,-4.837,1,0.0432,0.143,0.0,0.358,0.621,108.17,191248,4
2024-08-22 22:10,Marshmello,Happier,250,marshmello - happier,321014,Marshmello,Happier,2dpaYNEQHiRxtZbfNsse99,81,2018,dance,0.687,0.792,5,-2.749,1,0.0452,0.191,0.0,0.167,0.671,100.015,214290,4
2024-08-22 22:11,Arctic Monkeys,505,6244,arctic monkeys - 505,1145378,Arctic Monkeys,505,58ge6dfP91o9oXMzq3XkIS,80,2007,garage,0.52,0.852,0,-5.866,1,0.0543,0.00237,5.79e-05,0.0733,0.234,140.267,253587,4
2024-08-22 22:25,OneRepublic,Counting Stars,631,onerepublic - counting stars,146275,OneRepublic,Counting Stars,6sy3LkhNFjJWlaeSMNwQ62,76,2014,piano,0.664,0.705,1,-4.972,0,0.0382,0.0654,0.0,0.115,0.477,122.017,257840,4
2024-08-22 22:25,Shawn Mendes,If I Can't Have You,901,shawn mendes - if i can't have you,377716,Shawn Mendes,If I Can't Have You,6LsAAHotRLMOHfCsSfYCsz,70,2019,dance,0.692,0.809,2,-4.198,1,0.0602,0.524,0.0,0.147,0.864,123.911,190800,4
2024-08-22 22:25,Troye Sivan,WILD,1165,troye sivan - wild,197742,Troye Sivan,WILD,2HWWsTZxnLSUdFZ4gjsP5N,49,2015,pop,0.581,0.725,0,-5.349,0,0.0592,0.0235,0.0,0.304,0.394,89.989,227872,4
2024-08-22 22:25,Katy Perry,The One That Got Away,1350,katy perry - the one that got away,12132,Katy Perry,The One That Got Away,3oL3XRtkP1WVbMxf7dtTdu,72,2012,dance,0.687,0.792,1,-4.023,0,0.0353,0.000802,0.0,0.2,0.864,133.962,227333,4
2024-08-22 22:25,Ed Sheeran,Supermarket Flowers,721,ed sheeran - supermarket flowers,293528,Ed Sheeran,Supermarket Flowers,4VuS959DSpr82t3qBqCrWG,74,2017,pop,0.589,0.242,6,-10.517,1,0.0442,0.914,0.0,0.0887,0.257,89.749,221107,4
2024-08-22 22:25,Major Lazer,Lean On,861,major lazer - lean on,174630,Major Lazer,Lean On,1Lim1Py7xBgbAkAys3AGAG,71,2015,edm,0.723,0.809,7,-3.081,0,0.0625,0.00346,0.00123,0.565,0.274,98.007,176561,4
2024-08-22 22:25,DJ Snake,"Taki Taki (with Selena Gomez, Ozuna & Cardi B)",9884,"dj snake - taki taki (with selena gomez, ozuna & cardi b)",321036,DJ Snake,"Taki Taki (with Selena Gomez, Ozuna & Cardi B)",4w8niZpiMy6qz1mntFA5uM,75,2018,dance,0.842,0.801,8,-4.167,0,0.228,0.157,4.82e-06,0.0642,0.617,95.881,212500,4
2024-08-22 22:25,Halsey,Gasoline,502,halsey - gasoline,175413,Halsey,Gasoline,2IO7yf562c1zLzpanal1DT,70,2015,electro,0.731,0.58,10,-7.328,0,0.0399,0.223,0.0,0.129,0.319,119.997,199593,4
2024-08-22 22:25,Eminem,Venom - Music From The Motion Picture,660,eminem - venom - music from the motion picture,340956,Eminem,Venom - Music From The Motion Picture,2SL6oP2YAEQbqsrkOzRGO4,73,2018,hip-hop,0.749,0.794,0,-5.063,1,0.064,0.0193,0.0,0.543,0.46,135.959,269554,4
2024-08-22 22:25,Panic! At The Disco,House of Memories,3547,panic! at the disco - house of memories,614809,Panic! At The Disco,House of Memories,45o7a1TpJadHENVHLnR78t,0,2023,rock,0.506,0.817,11,-5.052,0,0.0336,0.00283,0.0,0.0486,0.49,109.955,208707,4
2024-08-22 22:25,Panic! At The Disco,House of Memories,1107,panic! at the disco - house of memories,614809,Panic! At The Disco,House of Memories,45o7a1TpJadHENVHLnR78t,0,2023,rock,0.506,0.817,11,-5.052,0,0.0336,0.00283,0.0,0.0486,0.49,109.955,208707,4
2024-08-22 22:25,One Direction,Story of My Life,1397,one direction - story of my life,93572,One Direction,Story of My Life,4nVBt6MZDDP6tRVdQTgxJg,81,2013,pop,0.6,0.663,3,-5.802,1,0.0477,0.225,0.0,0.119,0.286,121.07,245493,4
2024-08-22 22:29,Katy Perry,The One That Got Away,227333,katy perry - the one that got away,12132,Katy Perry,The One That Got Away,3oL3XRtkP1WVbMxf7dtTdu,72,2012,dance,0.687,0.792,1,-4.023,0,0.0353,0.000802,0.0,0.2,0.864,133.962,227333,4
2024-08-22 22:32,Shawn Mendes,If I Can't Have You,171248,shawn mendes - if i can't have you,377716,Shawn Mendes,If I Can't Have You,6LsAAHotRLMOHfCsSfYCsz,70,2019,dance,0.692,0.809,2,-4.198,1,0.0602,0.524,0.0,0.147,0.864,123.911,190800,4
2024-08-22 22:34,Halsey,Ghost,153656,halsey - ghost,175451,Halsey,Ghost,5dcYoYFAXh0f0qI05AoufB,57,2015,electro,0.57,0.606,7,-8.085,1,0.129,0.0529,0.000727,0.134,0.212,95.038,153657,4
2024-08-22 22:37,AUSTN,In Betweenin',192045,austn - in betweenin',406675,AUSTN,In Betweenin',2mqy0iBKlV55HiAS0BewA3,59,2019,pop,0.705,0.824,2,-4.825,1,0.0347,0.18,0.0,0.0901,0.925,146.999,192046,4
2024-08-22 22:40,Sabrina Carpenter,"Let Me Move You - From the Netflix film ""Work It""",147070,"sabrina carpenter - let me move you - from the netflix film ""work it""",433505,Sabrina Carpenter,"Let Me Move You - From the Netflix film ""Work It""",0roOLcll6SSTYZwsQFmXqP,59,2020,dance,0.624,0.628,4,-6.582,0,0.0408,0.0112,0.0191,0.0814,0.772,114.556,147071,4
2024-08-22 22:41,Hailee Steinfeld,Starving,41194,hailee steinfeld - starving,224469,Hailee Steinfeld,Starving,4Ce37cRWvM1vIGGynKcs22,73,2016,dance,0.728,0.616,4,-4.238,1,0.0645,0.378,0.0,0.105,0.508,99.962,181880,4
2024-08-22 22:44,Taylor Swift,You Belong With Me,231133,taylor swift - you belong with me,1238475,Taylor Swift,You Belong With Me,3GCL1PydwsLodcpv0Ll1ch,68,2008,pop,0.687,0.783,6,-4.44,1,0.0386,0.162,1.35e-05,0.114,0.443,129.964,231133,4
2024-08-22 22:48,SZA,Power is Power (feat. The Weeknd & Travis Scott),211266,sza - power is power (feat. the weeknd & travis scott),406524,SZA,Power is Power (feat. The Weeknd & Travis Scott),4cbdPT6uaBOgOQe3fLMofl,67,2019,pop,0.507,0.644,4,-7.485,1,0.0641,0.00413,0.0,0.217,0.172,179.913,211267,4
2024-08-22 22:52,Ellie Goulding,"Love Me Like You Do - From ""Fifty Shades Of Grey""",252534,"ellie goulding - love me like you do - from ""fifty shades of grey""",174670,Ellie Goulding,"Love Me Like You Do - From ""Fifty Shades Of Grey""",1ip2IGDWMrUmlaepEbWlL8,61,2015,edm,0.258,0.659,5,-5.903,0,0.0596,0.253,0.0,0.111,0.272,189.558,250267,4
2024-08-22 22:55,Jeremy Zucker,comethru,181613,jeremy zucker - comethru,327778,Jeremy Zucker,comethru,18uwL0vNUanqZH0ro2QcOP,76,2018,electro,0.795,0.178,0,-11.991,1,0.0574,0.607,0.0,0.623,0.608,93.982,181613,4
2024-08-22 22:59,Katy Perry,Roar,223546,katy perry - roar,66276,Katy Perry,Roar,27tNWlhdAryQY04Gb2ZhUI,77,2013,dance,0.671,0.771,7,-4.821,0,0.0316,0.00492,7.28e-06,0.354,0.436,90.003,223546,4
2024-08-22 23:02,ZAYN,There You Are,199600,zayn - there you are,321199,ZAYN,There You Are,5y4XJ9UFS5eOdoYPF5pSAE,63,2018,dance,0.452,0.688,0,-4.84,0,0.0385,0.0263,0.0,0.11,0.313,76.99,199600,4
2024-08-22 23:09,Billie Eilish,you should see me in a crown,180952,billie eilish - you should see me in a crown,384325,Billie Eilish,you should see me in a crown,3XF5xLJHOQQRbWya6hBp7d,75,2019,electro,0.678,0.533,4,-10.485,1,0.186,0.462,0.219,0.139,0.323,150.455,180953,4
2024-08-23 17:45,Alec Benjamin,Outrunning Karma,565,alec benjamin - outrunning karma,327785,Alec Benjamin,Outrunning Karma,2W0AJEbIC2vdZTV2nVSAsg,65,2018,electro,0.416,0.649,11,-5.271,0,0.0385,0.655,2.82e-06,0.12,0.474,112.482,188851,3
2024-08-23 17:45,Maggie Lindemann,Couple of Kids,1071,maggie lindemann - couple of kids,197881,Maggie Lindemann,Couple of Kids,0aLJRIFLFZ0Tjr8XZb2uMX,49,2015,pop,0.62,0.422,4,-4.525,1,0.0309,0.64,9.05e-06,0.213,0.234,128.154,222656,4
2024-08-23 17:45,Astrid S,It's Ok If You Forget Me,1722,astrid s - it's ok if you forget me,433538,Astrid S,It's Ok If You Forget Me,312zSwwbPU7C3sTmro4Wx9,65,2020,dance,0.562,0.379,6,-7.625,1,0.231,0.526,0.0,0.151,0.258,171.848,204989,4
2024-08-23 17:45,Bastille,Flaws,558,bastille - flaws,93679,Bastille,Flaws,67wABU4SjBlnDHB0KiU3HL,47,2013,pop,0.57,0.657,8,-6.987,1,0.0356,0.405,1.86e-06,0.0723,0.41,144.247,218800,4
2024-08-23 17:45,Justin Bieber,Sorry,596,justin bieber - sorry,197532,Justin Bieber,Sorry,09CtPGIpYB4BrO8qb1RGsF,80,2015,pop,0.654,0.76,0,-3.669,0,0.045,0.0797,0.0,0.299,0.41,99.945,200787,4
2024-08-23 17:45,The Weeknd,Can't Feel My Face,522,the weeknd - can't feel my face,197519,The Weeknd,Can't Feel My Face,22VdIZQfgXJea34mQxlt81,81,2015,pop,0.705,0.769,9,-5.526,0,0.0425,0.113,0.0,0.105,0.583,107.949,213520,4
2024-08-23 17:48,Stephen Sanchez,Until I Found You (with Em Beihold) - Em Beihold Version,176440,stephen sanchez - until i found you (with em beihold) - em beihold version,569194,Stephen Sanchez,Until I Found You (with Em Beihold) - Em Beihold Version,1Y3LN4zO1Edc2EluIoSPJN,91,2022,pop,0.551,0.55,10,-5.339,1,0.0286,0.777,0.0,0.202,0.342,101.19,176440,3
2024-08-23 18:10,ZAYN,There You Are,71892,zayn - there you are,321199,ZAYN,There You Are,5y4XJ9UFS5eOdoYPF5pSAE,63,2018,dance,0.452,0.688,0,-4.84,0,0.0385,0.0263,0.0,0.11,0.313,76.99,199600,4
2024-08-28 02:42,Mitski,I Bet on Losing Dogs,170240,mitski - i bet on losing dogs,245686,Mitski,I Bet on Losing Dogs,2Co0IjcLTSHMtodwD4gzfg,73,2016,indie-pop,0.398,0.493,9,-9.561,1,0.0303,0.00347,0.000157,0.106,0.412,82.048,170240,4
2024-08-28 02:54,Tom Odell,Another Love,13645,tom odell - another love,7578,Tom Odell,Another Love,5FKnuwsKf7YFpmhA5Wnl0q,65,2012,chill,0.443,0.54,4,-8.536,0,0.04,0.697,1.04e-05,0.102,0.133,119.161,250973,4
2024-08-28 02:56,Brye,LEMONS - Demo,63887,brye - lemons - demo,454894,Brye,LEMONS - Demo,5ukAQcKEIJuzIbP55xp07x,53,2020,indie-pop,0.501,0.168,4,-13.682,0,0.304,0.901,0.0,0.134,0.514,82.574,193208,4
2024-08-28 03:04,Tom Odell,Another Love,244360,tom odell - another love,7578,Tom Odell,Another Love,5FKnuwsKf7YFpmhA5Wnl0q,65,2012,chill,0.443,0.54,4,-8.536,0,0.04,0.697,1.04e-05,0.102,0.133,119.161,250973,4
2024-08-28 03:07,Dean Lewis,Be Alright,196493,dean lewis - be alright,350215,Dean Lewis,Be Alright,3EPXxR3ImUwfayaurPi3cm,77,2018,pop,0.553,0.586,11,-6.319,1,0.0362,0.697,0.0,0.0813,0.443,126.684,196373,4
2024-08-28 03:12,Patrick Watson,Je te laisserai des mots,95506,patrick watson - je te laisserai des mots,1354803,Patrick Watson,Je te laisserai des mots,0V5cvmTKsYmF5FmGGEAfmS,82,2010,folk,0.303,0.187,2,-16.757,1,0.0356,0.989,0.489,0.101,0.213,132.731,160853,4
2024-08-28 03:16,Billie Eilish,my future,210005,billie eilish - my future,439848,Billie Eilish,my future,2ygvZOXrIeVL4xZmAWJT2C,69,2020,electro,0.444,0.309,8,-10.956,1,0.062,0.795,0.132,0.352,0.0875,104.745,208155,4
2024-08-28 03:20,Coldplay,Yellow,266773,coldplay - yellow,612578,Coldplay,Yellow,2SMr5VizKY9Bv0vIPIcm5R,1,2023,pop,0.429,0.661,11,-7.227,1,0.0281,0.00239,0.000121,0.234,0.285,173.372,266773,4
2024-08-28 03:25,Coldplay,The Scientist,309600,coldplay - the scientist,612576,Coldplay,The Scientist,1wY0wINntG4wsaukSY1YZq,1,2023,pop,0.557,0.442,5,-7.224,1,0.0243,0.731,1.46e-05,0.11,0.213,146.277,309600,4
2024-08-28 03:33,Beach House,Space Song,227170,beach house - space song,190724,Beach House,Space Song,7H0ya83CMmgFcOhw0UB6ow,80,2015,indie-pop,0.508,0.792,0,-7.311,0,0.0297,0.229,0.124,0.145,0.601,147.067,320467,4
2024-08-28 03:36,Conan Gray,Family Line,216094,conan gray - family line,569244,Conan Gray,Family Line,0iNZGC211wst3VjtobNnC5,76,2022,pop,0.326,0.397,6,-8.145,1,0.0461,0.619,0.0,0.0979,0.276,153.713,216095,3
2024-08-28 03:40,OneRepublic,Secrets,224693,onerepublic - secrets,1308468,OneRepublic,Secrets,1NhPKVLsHhFUHIOZ32QnS2,74,2009,piano,0.516,0.764,2,-6.223,1,0.0366,0.0717,0.0,0.115,0.376,148.021,224693,4
2024-08-28 03:45,Twenty One Pilots,Ride,305299,twenty one pilots - ride,201247,Twenty One Pilots,Ride,2Z8WuEywRWYTKe1NybPQEW,80,2015,rock,0.645,0.713,6,-5.355,1,0.0393,0.00835,0.0,0.113,0.566,74.989,214507,4
2024-08-28 03:48,Twenty One Pilots,Heathens,195920,twenty one pilots - heathens,614802,Twenty One Pilots,Heathens,28dStUv9JDoGCo1qJbrcMC,3,2023,rock,0.732,0.396,4,-9.348,0,0.0286,0.0841,3.54e-05,0.105,0.548,90.025,195920,4
2024-08-28 03:54,Twenty One Pilots,Jumpsuit,19100,twenty one pilots - jumpsuit,354051,Twenty One Pilots,Jumpsuit,1E1uGhNdBe6Dddbgs2KqtZ,65,2018,rock,0.62,0.61,11,-8.329,0,0.0373,0.00849,0.162,0.205,0.235,127.052,238560,4
2024-08-28 03:57,Twenty One Pilots,Stressed Out,202333,twenty one pilots - stressed out,201246,Twenty One Pilots,Stressed Out,3CRDbSIZ4r5MsZ0YwxuEkn,83,2015,rock,0.734,0.637,4,-5.677,0,0.141,0.0462,2.29e-05,0.0602,0.648,169.977,202333,4
2024-08-28 04:03,Martin Garrix,Ocean (feat. Khalid),19658,martin garrix - ocean (feat. khalid),321115,Martin Garrix,Ocean (feat. Khalid),3nc420PXjTdBV5TN0gCFkS,66,2018,dance,0.506,0.693,0,-7.265,0,0.0412,0.584,9.58e-05,0.0891,0.221,139.912,216420,4
2024-08-28 04:03,Twenty One Pilots,Chlorine,324466,twenty one pilots - chlorine,354039,Twenty One Pilots,Chlorine,23OXdR7YuUBVWh5hSnYJau,73,2018,rock,0.609,0.674,10,-7.388,0,0.0548,0.0735,0.06,0.345,0.315,90.009,324467,4
2024-08-28 04:03,Lauv,I Like Me Better,4110,lauv - i like me better,321018,Lauv,I Like Me Better,0EcQcdcbQeVJn9fknj44Be,80,2018,dance,0.753,0.505,9,-7.621,1,0.255,0.534,2.58e-06,0.104,0.419,91.972,197437,4
2024-08-28 04:07,Cigarettes After Sex,You're All I Want,27448,cigarettes after sex - you're all i want,424338,Cigarettes After Sex,You're All I Want,0EUw3ZK8Ti14t6R6FOP8Ty,65,2020,ambient,0.438,0.47,5,-10.94,1,0.0243,0.357,0.821,0.113,0.282,92.653,264453,4
2024-08-28 04:13,Stephen Sanchez,Until I Found You,85627,stephen sanchez - until i found you,515573,Stephen Sanchez,Until I Found You,0T5iIrXA4p5GsubkhuBIKV,85,2021,pop,0.539,0.508,10,-6.05,1,0.0288,0.727,0.0,0.174,0.227,101.358,177720,3
2024-08-28 04:17,Arctic Monkeys,Do I Wanna Know?,272394,arctic monkeys - do i wanna know?,77593,Arctic Monkeys,Do I Wanna Know?,5FVd6KXrgO9B3JPmC8OPst,86,2013,garage,0.548,0.532,5,-7.596,1,0.0323,0.186,0.000263,0.217,0.405,85.03,272394,4
2024-08-28 04:20,Beach Bunny,Sports,164165,beach bunny - sports,342784,Beach Bunny,Sports,77G0k1La0c5Dw8bAFANcyp,71,2018,indie-pop,0.231,0.877,9,-5.278,1,0.0574,0.000653,0.026,0.0694,0.524,186.142,164165,4
2024-08-28 04:23,Arctic Monkeys,I Wanna Be Yours,183956,arctic monkeys - i wanna be yours,77591,Arctic Monkeys,I Wanna Be Yours,5XeFesFbtLpXzIVDNQP22n,91,2013,garage,0.464,0.417,0,-9.345,0,0.0256,0.136,0.022,0.0974,0.479,67.528,183956,4
2024-08-28 04:27,Cigarettes After Sex,You're All I Want,264453,cigarettes after sex - you're all i want,424338,Cigarettes After Sex,You're All I Want,0EUw3ZK8Ti14t6R6FOP8Ty,65,2020,ambient,0.438,0.47,5,-10.94,1,0.0243,0.357,0.821,0.113,0.282,92.653,264453,4
2024-08-28 04:48,Arctic Monkeys,505,237306,arctic monkeys - 505,1145378,Arctic Monkeys,505,58ge6dfP91o9oXMzq3XkIS,80,2007,garage,0.52,0.852,0,-5.866,1,0.0543,0.00237,5.79e-05,0.0733,0.234,140.267,253587,4
2024-08-28 17:53,Arctic Monkeys,505,14740,arctic monkeys - 505,1145378,Arctic Monkeys,505,58ge6dfP91o9oXMzq3XkIS,80,2007,garage,0.52,0.852,0,-5.866,1,0.0543,0.00237,5.79e-05,0.0733,0.234,140.267,253587,4
2024-08-29 00:03,The Weeknd,Faith,283226,the weeknd - faith,462076,The Weeknd,Faith,3orEOtd8CPL8GFlpRpKuoE,69,2020,pop,0.375,0.605,0,-7.268,0,0.0729,0.612,0.0448,0.147,0.128,175.946,283227,4
2024-08-29 16:28,Alec Benjamin,Water Fountain,0,alec benjamin - water fountain,327775,Alec Benjamin,Water Fountain,4IhKLu7Vk3j2TLmnFPl6To,75,2018,electro,0.723,0.504,8,-5.572,1,0.0392,0.388,7.4e-05,0.087,0.551,133.975,218893,4
2024-08-29 16:28,Beach Bunny,Cloud 9,805,beach bunny - cloud 9,454750,Beach Bunny,Cloud 9,6vFsBXYczYsP0H3lgunZOm,74,2020,indie-pop,0.637,0.929,4,-3.593,1,0.0491,0.00167,2.62e-05,0.344,0.902,80.974,147351,4
2024-08-29 16:28,Billie Eilish,watch,883,billie eilish - watch,271631,Billie Eilish,watch,7eB1V5LvAdxCc7brfGhRRo,77,2017,electro,0.441,0.599,0,-8.985,1,0.225,0.333,0.00198,0.103,0.35,165.212,177523,4
2024-08-29 16:28,Fitz and The Tantrums,Out of My League,868,fitz and the tantrums - out of my league,56397,Fitz and The Tantrums,Out of My League,2AYEOC02WLhUiOoaig2SEH,71,2013,alt-rock,0.545,0.968,9,-3.553,0,0.0853,0.0387,0.00325,0.331,0.527,169.965,209386,4
2024-08-29 16:28,Lana Del Rey,Young And Beautiful,959,lana del rey - young and beautiful,93567,Lana Del Rey,Young And Beautiful,2nMeu6UenVvwUktBCpLMK9,81,2013,pop,0.324,0.416,11,-8.92,0,0.0368,0.262,3.69e-05,0.11,0.151,113.986,236053,4
2024-08-29 16:34,Lana Del Rey,Young And Beautiful,236053,lana del rey - young and beautiful,93567,Lana Del Rey,Young And Beautiful,2nMeu6UenVvwUktBCpLMK9,81,2013,pop,0.324,0.416,11,-8.92,0,0.0368,0.262,3.69e-05,0.11,0.151,113.986,236053,4
2024-08-29 16:37,Olivia Rodrigo,"jealousy, jealousy",173160,"olivia rodrigo - jealousy, jealousy",515579,Olivia Rodrigo,"jealousy, jealousy",0MMyJUC3WNnFS1lit5pTjk,80,2021,pop,0.695,0.575,10,-6.334,0,0.116,0.198,0.0,0.0614,0.699,163.929,173160,4
2024-08-29 16:40,Stephen Sanchez,Until I Found You (with Em Beihold) - Em Beihold Version,176440,stephen sanchez - until i found you (with em beihold) - em beihold version,569194,Stephen Sanchez,Until I Found You (with Em Beihold) - Em Beihold Version,1Y3LN4zO1Edc2EluIoSPJN,91,2022,pop,0.551,0.55,10,-5.339,1,0.0286,0.777,0.0,0.202,0.342,101.19,176440,3
2024-08-29 16:44,Alec Benjamin,If I Killed Someone For You,94,alec benjamin - if i killed someone for you,327779,Alec Benjamin,If I Killed Someone For You,0WHi11uzahqpEtPGYCW6oQ,70,2018,electro,0.514,0.605,7,-5.363,1,0.0337,0.774,2.91e-06,0.121,0.409,120.894,185123,4
2024-08-29 16:49,Lonely God,Marlboro Nights,37337,lonely god - marlboro nights,342783,Lonely God,Marlboro Nights,755inykyaG4w22GWAsA3MX,74,2018,indie-pop,0.466,0.823,2,-6.635,1,0.311,0.00237,0.000321,0.332,0.782,175.797,68523,4
2024-08-29 16:54,24kGoldn,CITY OF ANGELS,112493,24kgoldn - city of angels,406425,24kGoldn,CITY OF ANGELS,6ap9lSRJ0iLriGLqoJ44cq,70,2019,pop,0.686,0.541,0,-4.993,0,0.0493,0.042,0.0,0.0675,0.724,120.082,112493,4
2024-08-29 17:00,Ashnikko,Daisy,146523,ashnikko - daisy,433258,Ashnikko,Daisy,0AUvWawuP0ibk4SQ3sIZjk,67,2020,dance,0.834,0.663,8,-6.143,1,0.133,0.235,0.0,0.372,0.774,121.876,146523,4
2024-08-29 17:06,Confetti,Ghost,169413,confetti - ghost,406443,Confetti,Ghost,30uCmqegKQnH5AbOE51gPD,72,2019,pop,0.766,0.673,5,-5.066,0,0.239,0.00286,0.000594,0.486,0.705,84.947,169413,4
2024-08-29 17:09,Panic! At The Disco,Roaring 20s,186600,panic! at the disco - roaring 20s,354067,Panic! At The Disco,Roaring 20s,0wdV94AXGRphrbkDWLNzVC,58,2018,rock,0.271,0.948,1,-2.207,1,0.263,0.0467,0.0,0.163,0.515,83.19,186600,4
2024-08-30 03:31,24kGoldn,VALENTINO,160656,24kgoldn - valentino,406453,24kGoldn,VALENTINO,6piAUJJQFD8oHDUr0b7l7q,68,2019,pop,0.746,0.717,9,-4.841,0,0.179,0.199,0.0,0.132,0.523,150.964,179133,4
2024-08-30 03:31,24kGoldn,Mood (feat. iann dior),1080,24kgoldn - mood (feat. iann dior),515587,24kGoldn,Mood (feat. iann dior),4jPy3l0RUwlUI9T5XHBW2m,80,2021,pop,0.701,0.716,7,-3.671,0,0.0361,0.174,0.0,0.324,0.732,91.007,140533,4
2024-08-31 05:58,Claire Rosinkranz,Backyard Boy,1101,claire rosinkranz - backyard boy,454763,Claire Rosinkranz,Backyard Boy,04F42oEuKrRComYJfJuyVR,68,2020,indie-pop,0.817,0.635,5,-7.246,1,0.163,0.323,0.0,0.0738,0.454,138.015,129241,4
2024-08-31 06:02,Billie Eilish,ocean eyes,200560,billie eilish - ocean eyes,231075,Billie Eilish,ocean eyes,2uIX8YMNjGMD7441kqyyNU,67,2016,electro,0.475,0.37,4,-7.725,0,0.0361,0.819,0.0577,0.0841,0.157,144.828,200560,4
2024-08-31 06:04,Beach Bunny,Prom Queen,136562,beach bunny - prom queen,342780,Beach Bunny,Prom Queen,6MpCaSIOfqBqbMED4kXgNY,77,2018,indie-pop,0.528,0.797,4,-7.487,1,0.0485,0.000391,0.011,0.14,0.751,143.785,136562,4
2024-08-31 06:05,Djo,End of Beginning,39436,djo - end of beginning,569335,Djo,End of Beginning,3qhlB30KknSejmIvZZLjOD,66,2022,pop,0.689,0.454,2,-7.643,1,0.0584,0.0351,0.00259,0.0707,0.912,159.982,159246,4
2024-08-31 06:07,Olivia Rodrigo,brutal,143746,olivia rodrigo - brutal,515588,Olivia Rodrigo,brutal,6SRsiMl7w1USE4mFqrOhHC,77,2021,pop,0.672,0.526,4,-6.446,1,0.0599,0.0311,1.37e-06,0.28,0.28,123.999,143747,4
2024-08-31 06:13,Ankit Tiwari,Tu Hai Ki Nahi,333922,ankit tiwari - tu hai ki nahi,197901,Ankit Tiwari,Tu Hai Ki Nahi,4brSaQIT3bnnE41D042fgL,63,2015,pop-film,0.535,0.754,10,-4.77,0,0.0562,0.458,1.6e-06,0.302,0.435,143.862,333922,4
2024-08-31 06:21,Farhan Akhtar,Senorita,229575,farhan akhtar - senorita,1439777,Farhan Akhtar,Senorita,3TAhWtQnpoL5Vl9VQPl9fU,62,2011,indian,0.701,0.681,9,-6.442,1,0.0466,0.134,0.0,0.064,0.81,122.539,229576,4
2024-08-31 06:47,Pritam,Tum Mile,192833,pritam - tum mile,245097,Pritam,Tum Mile,67JjRNMOsAxl7jR2oKEk7z,14,2016,indian,0.738,0.798,0,-6.663,1,0.0334,0.32,5.15e-06,0.31,0.793,123.01,343787,4
2024-09-04 16:43,Pritam,Tum Mile,3333,pritam - tum mile,245097,Pritam,Tum Mile,67JjRNMOsAxl7jR2oKEk7z,14,2016,indian,0.738,0.798,0,-6.663,1,0.0334,0.32,5.15e-06,0.31,0.793,123.01,343787,4
2024-09-04 16:43,Anu Malik,Moh Moh Ke Dhaage (Female),1110,anu malik - moh moh ke dhaage (female),197898,Anu Malik,Moh Moh Ke Dhaage (Female),7uubRr0u9Zxc1Y84hEn7Xf,62,2015,pop-film,0.585,0.399,2,-8.133,1,0.0286,0.849,3.47e-06,0.123,0.349,128.03,322900,4
2024-09-04 19:55,Conan Gray,Family Line,52499,conan gray - family line,569244,Conan Gray,Family Line,0iNZGC211wst3VjtobNnC5,76,2022,pop,0.326,0.397,6,-8.145,1,0.0461,0.619,0.0,0.0979,0.276,153.713,216095,3
2024-09-04 19:59,Conan Gray,Family Line,216094,conan gray - family line,569244,Conan Gray,Family Line,0iNZGC211wst3VjtobNnC5,76,2022,pop,0.326,0.397,6,-8.145,1,0.0461,0.619,0.0,0.0979,0.276,153.713,216095,3
2024-09-04 20:03,Conan Gray,Astronomy,243907,conan gray - astronomy,515671,Conan Gray,Astronomy,0KmgJyW4GDgonqsoyx0CZ3,68,2021,pop,0.471,0.335,4,-8.767,0,0.0273,0.593,2.11e-05,0.297,0.111,145.252,243907,3
2024-09-04 20:07,Conan Gray,The Exit,221054,conan gray - the exit,569274,Conan Gray,The Exit,6PDWMQJ55ZYrGrSx3EZzl4,72,2022,pop,0.58,0.416,0,-9.591,1,0.0291,0.608,0.0,0.0883,0.453,82.015,221054,4
2024-09-04 20:11,Conan Gray,Memories,248818,conan gray - memories,569229,Conan Gray,Memories,5UXJzLFdBn6u9FJTCnoHrH,81,2022,pop,0.34,0.684,11,-6.306,1,0.044,0.00979,0.0,0.348,0.556,112.969,248819,4
2024-09-04 20:20,Conan Gray,Maniac,185773,conan gray - maniac,462007,Conan Gray,Maniac,6KfoDhO4XUWSbnyKjNp9c4,77,2020,pop,0.628,0.639,8,-5.46,1,0.0435,0.00162,0.0,0.354,0.493,108.045,185773,4
2024-09-04 20:24,Conan Gray,Heather,198040,conan gray - heather,461994,Conan Gray,Heather,4xqrdfXkTW4T0RauPLv3WA,85,2020,pop,0.357,0.425,5,-7.301,1,0.0333,0.584,0.0,0.322,0.27,102.078,198040,3
2024-09-04 20:38,Conan Gray,Memories,152140,conan gray - memories,569229,Conan Gray,Memories,5UXJzLFdBn6u9FJTCnoHrH,81,2022,pop,0.34,0.684,11,-6.306,1,0.044,0.00979,0.0,0.348,0.556,112.969,248819,4
2024-09-05 14:54,Conan Gray,Memories,228965,conan gray - memories,569229,Conan Gray,Memories,5UXJzLFdBn6u9FJTCnoHrH,81,2022,pop,0.34,0.684,11,-6.306,1,0.044,0.00979,0.0,0.348,0.556,112.969,248819,4
2024-09-05 14:57,Conan Gray,People Watching,158536,conan gray - people watching,515647,Conan Gray,People Watching,4JeOesjcWWlprTAvucDSJX,67,2021,pop,0.53,0.593,5,-7.286,1,0.0545,0.385,0.0,0.314,0.538,125.723,158537,4
2024-09-05 15:00,Conan Gray,Crush Culture,204120,conan gray - crush culture,350250,Conan Gray,Crush Culture,2sHwSBNDZN2yjCtgwStYt1,65,2018,pop,0.522,0.765,0,-5.395,1,0.193,0.146,0.0,0.0866,0.455,180.065,204120,4
2024-09-05 15:03,Conan Gray,People Watching,158536,conan gray - people watching,515647,Conan Gray,People Watching,4JeOesjcWWlprTAvucDSJX,67,2021,pop,0.53,0.593,5,-7.286,1,0.0545,0.385,0.0,0.314,0.538,125.723,158537,4
2024-09-05 15:06,Conan Gray,Family Line,216094,conan gray - family line,569244,Conan Gray,Family Line,0iNZGC211wst3VjtobNnC5,76,2022,pop,0.326,0.397,6,-8.145,1,0.0461,0.619,0.0,0.0979,0.276,153.713,216095,3
2024-09-05 15:09,Conan Gray,Wish You Were Sober,168880,conan gray - wish you were sober,462038,Conan Gray,Wish You Were Sober,0kn2gu8Pd03DiYHzRvX2Xk,73,2020,pop,0.701,0.728,2,-5.226,1,0.0468,0.0178,0.0,0.17,0.696,91.071,168880,4
2024-09-06 20:29,Beach Bunny,Cloud 9,147350,beach bunny - cloud 9,454750,Beach Bunny,Cloud 9,6vFsBXYczYsP0H3lgunZOm,74,2020,indie-pop,0.637,0.929,4,-3.593,1,0.0491,0.00167,2.62e-05,0.344,0.902,80.974,147351,4
2024-09-06 20:33,Arctic Monkeys,505,253586,arctic monkeys - 505,1145378,Arctic Monkeys,505,58ge6dfP91o9oXMzq3XkIS,80,2007,garage,0.52,0.852,0,-5.866,1,0.0543,0.00237,5.79e-05,0.0733,0.234,140.267,253587,4
2024-09-06 20:36,Billie Eilish,watch,177523,billie eilish - watch,271631,Billie Eilish,watch,7eB1V5LvAdxCc7brfGhRRo,77,2017,electro,0.441,0.599,0,-8.985,1,0.225,0.333,0.00198,0.103,0.35,165.212,177523,4
2024-09-06 21:24,Olivia Rodrigo,brutal,119184,olivia rodrigo - brutal,515588,Olivia Rodrigo,brutal,6SRsiMl7w1USE4mFqrOhHC,77,2021,pop,0.672,0.526,4,-6.446,1,0.0599,0.0311,1.37e-06,0.28,0.28,123.999,143747,4
2024-09-07 20:57,Olivia Rodrigo,brutal,25701,olivia rodrigo - brutal,515588,Olivia Rodrigo,brutal,6SRsiMl7w1USE4mFqrOhHC,77,2021,pop,0.672,0.526,4,-6.446,1,0.0599,0.0311,1.37e-06,0.28,0.28,123.999,143747,4
2024-09-07 21:00,Lana Del Rey,Young And Beautiful,236053,lana del rey - young and beautiful,93567,Lana Del Rey,Young And Beautiful,2nMeu6UenVvwUktBCpLMK9,81,2013,pop,0.324,0.416,11,-8.92,0,0.0368,0.262,3.69e-05,0.11,0.151,113.986,236053,4
2024-09-07 21:04,Seafret,Atlantis,229173,seafret - atlantis,232723,Seafret,Atlantis,1Fid2jjqsHViMX6xNH70hE,85,2016,folk,0.4,0.479,8,-7.989,0,0.0308,0.0529,2.14e-06,0.115,0.213,166.159,229173,4
2024-09-07 21:07,Beach Bunny,Prom Queen,136562,beach bunny - prom queen,342780,Beach Bunny,Prom Queen,6MpCaSIOfqBqbMED4kXgNY,77,2018,indie-pop,0.528,0.797,4,-7.487,1,0.0485,0.000391,0.011,0.14,0.751,143.785,136562,4
2024-09-07 21:10,Tate McRae,you broke me first,170226,tate mcrae - you broke me first,462001,Tate McRae,you broke me first,45bE4HXI0AwGZXfZtMp8JR,81,2020,pop,0.667,0.373,4,-9.389,1,0.05,0.785,0.0,0.0906,0.0823,124.148,169266,4
2024-09-07 21:14,The Neighbourhood,Sweater Weather,240400,the neighbourhood - sweater weather,1800,The Neighbourhood,Sweater Weather,4pGqFOfzvfe6avb9kbZicC,60,2012,alt-rock,0.695,0.615,7,-5.325,0,0.042,0.15,0.000212,0.0879,0.414,124.015,240040,4
2024-09-07 21:17,Olivia Rodrigo,"jealousy, jealousy",173160,"olivia rodrigo - jealousy, jealousy",515579,Olivia Rodrigo,"jealousy, jealousy",0MMyJUC3WNnFS1lit5pTjk,80,2021,pop,0.695,0.575,10,-6.334,0,0.116,0.198,0.0,0.0614,0.699,163.929,173160,4
2024-09-07 21:20,Billie Eilish,when the party's over,196077,billie eilish - when the party's over,406376,Billie Eilish,when the party's over,43zdsphuZLzwA9k4DJhU0I,81,2019,pop,0.367,0.111,4,-14.084,1,0.0972,0.978,3.97e-05,0.0897,0.198,82.642,196077,4
2024-09-07 21:23,Arctic Monkeys,Why'd You Only Call Me When You're High?,161123,arctic monkeys - why'd you only call me when you're high?,77592,Arctic Monkeys,Why'd You Only Call Me When You're High?,086myS9r57YsLbJpU0TgK9,85,2013,garage,0.691,0.631,2,-6.478,1,0.0368,0.0483,1.13e-05,0.104,0.8,92.004,161124,4
2024-09-07 21:29,Tom Odell,Another Love,244360,tom odell - another love,7578,Tom Odell,Another Love,5FKnuwsKf7YFpmhA5Wnl0q,65,2012,chill,0.443,0.54,4,-8.536,0,0.04,0.697,1.04e-05,0.102,0.133,119.161,250973,4
2024-09-07 21:32,Isabel LaRosa,i'm yours,145667,isabel larosa - i'm yours,569236,Isabel LaRosa,i'm yours,37vVp2sWHuuIBOSl1NswP6,80,2022,pop,0.398,0.705,5,-7.07,0,0.0756,0.204,5.13e-05,0.443,0.635,111.487,145668,4
2024-09-07 21:35,Beach Bunny,Sports,164165,beach bunny - sports,342784,Beach Bunny,Sports,77G0k1La0c5Dw8bAFANcyp,71,2018,indie-pop,0.231,0.877,9,-5.278,1,0.0574,0.000653,0.026,0.0694,0.524,186.142,164165,4
2024-09-07 21:39,Ricky Montgomery,Line Without a Hook,249586,ricky montgomery - line without a hook,245685,Ricky Montgomery,Line Without a Hook,5NvOZCjZaGGGL597exlQWv,78,2016,indie-pop,0.432,0.652,8,-4.969,1,0.0285,0.262,0.0,0.258,0.507,190.028,249587,3
2024-09-07 21:42,Billie Eilish,lovely (with Khalid),200185,billie eilish - lovely (with khalid),350203,Billie Eilish,lovely (with Khalid),0u2P5u6lvoDfwTYjAADbn4,87,2018,pop,0.351,0.296,4,-10.109,0,0.0333,0.934,0.0,0.095,0.12,115.284,200186,4
2024-09-07 21:45,Arctic Monkeys,I Wanna Be Yours,183956,arctic monkeys - i wanna be yours,77591,Arctic Monkeys,I Wanna Be Yours,5XeFesFbtLpXzIVDNQP22n,91,2013,garage,0.464,0.417,0,-9.345,0,0.0256,0.136,0.022,0.0974,0.479,67.528,183956,4
2024-09-07 21:48,SYML,Where's My Love,202000,syml - where's my love,406399,SYML,Where's My Love,1B62o4CbdL9ckGvwsz2cgn,79,2019,pop,0.604,0.36,0,-10.109,0,0.0253,0.868,0.0343,0.112,0.37,103.985,202000,4
2024-09-07 21:52,Fitz and The Tantrums,Out of My League,209386,fitz and the tantrums - out of my league,56397,Fitz and The Tantrums,Out of My League,2AYEOC02WLhUiOoaig2SEH,71,2013,alt-rock,0.545,0.968,9,-3.553,0,0.0853,0.0387,0.00325,0.331,0.527,169.965,209386,4
2024-09-07 21:55,Olivia Rodrigo,good 4 u,178146,olivia rodrigo - good 4 u,515567,Olivia Rodrigo,good 4 u,4ZtFanR9U6ndgddUvNcjcG,84,2021,pop,0.563,0.664,9,-5.044,1,0.154,0.335,0.0,0.0849,0.688,166.928,178147,4
2024-09-07 22:11,Billie Eilish,Bored,154513,billie eilish - bored,271629,Billie Eilish,Bored,04sN26COy28wTXYj3dMoiZ,82,2017,electro,0.614,0.318,7,-12.695,1,0.0478,0.896,0.00239,0.0795,0.112,119.959,180933,4
2024-09-07 22:30,Billie Eilish,Bored,1568,billie eilish - bored,271629,Billie Eilish,Bored,04sN26COy28wTXYj3dMoiZ,82,2017,electro,0.614,0.318,7,-12.695,1,0.0478,0.896,0.00239,0.0795,0.112,119.959,180933,4
2024-09-08 17:02,Billie Eilish,Bored,2781,billie eilish - bored,271629,Billie Eilish,Bored,04sN26COy28wTXYj3dMoiZ,82,2017,electro,0.614,0.318,7,-12.695,1,0.0478,0.896,0.00239,0.0795,0.112,119.959,180933,4
2024-09-08 17:06,PUBLIC,Make You Mine,232906,public - make you mine,410165,PUBLIC,Make You Mine,5iFwAOB2TFkPJk8sMlxP8g,75,2019,rock,0.606,0.799,9,-4.452,1,0.0261,0.0128,0.0,0.15,0.638,103.014,232907,4
2024-09-08 17:20,Coldplay,Yellow,273809,coldplay - yellow,612578,Coldplay,Yellow,2SMr5VizKY9Bv0vIPIcm5R,1,2023,pop,0.429,0.661,11,-7.227,1,0.0281,0.00239,0.000121,0.234,0.285,173.372,266773,4
2024-09-08 17:23,Stephen Sanchez,Until I Found You,176666,stephen sanchez - until i found you,515573,Stephen Sanchez,Until I Found You,0T5iIrXA4p5GsubkhuBIKV,85,2021,pop,0.539,0.508,10,-6.05,1,0.0288,0.727,0.0,0.174,0.227,101.358,177720,3
2024-09-08 17:32,Billie Eilish,ocean eyes,200560,billie eilish - ocean eyes,231075,Billie Eilish,ocean eyes,2uIX8YMNjGMD7441kqyyNU,67,2016,electro,0.475,0.37,4,-7.725,0,0.0361,0.819,0.0577,0.0841,0.157,144.828,200560,4
2024-09-08 17:35,Patrick Watson,Je te laisserai des mots,160853,patrick watson - je te laisserai des mots,1354803,Patrick Watson,Je te laisserai des mots,0V5cvmTKsYmF5FmGGEAfmS,82,2010,folk,0.303,0.187,2,-16.757,1,0.0356,0.989,0.489,0.101,0.213,132.731,160853,4
2024-09-08 17:50,Claire Rosinkranz,Backyard Boy,70400,claire rosinkranz - backyard boy,454763,Claire Rosinkranz,Backyard Boy,04F42oEuKrRComYJfJuyVR,68,2020,indie-pop,0.817,0.635,5,-7.246,1,0.163,0.323,0.0,0.0738,0.454,138.015,129241,4
2024-09-08 18:31,Claire Rosinkranz,Backyard Boy,12962,claire rosinkranz - backyard boy,454763,Claire Rosinkranz,Backyard Boy,04F42oEuKrRComYJfJuyVR,68,2020,indie-pop,0.817,0.635,5,-7.246,1,0.163,0.323,0.0,0.0738,0.454,138.015,129241,4
2024-09-08 18:35,Chappell Roan,Pink Pony Club,258034,chappell roan - pink pony club,562220,Chappell Roan,Pink Pony Club,6rcuy6XqlB9bqvtIRDl25u,49,2022,indie-pop,0.613,0.646,6,-6.393,1,0.0451,0.406,0.0,0.112,0.47,106.958,258035,4
2024-09-08 18:45,Taylor Swift,Don’t Blame Me,236413,taylor swift - don’t blame me,293464,Taylor Swift,Don’t Blame Me,1R0a2iXumgCiFb7HEZ7gUE,85,2017,pop,0.615,0.534,9,-6.719,0,0.0386,0.106,1.76e-05,0.0607,0.193,135.917,236413,4
2024-09-08 19:06,Taylor Swift,Don’t Blame Me,620,taylor swift - don’t blame me,293464,Taylor Swift,Don’t Blame Me,1R0a2iXumgCiFb7HEZ7gUE,85,2017,pop,0.615,0.534,9,-6.719,0,0.0386,0.106,1.76e-05,0.0607,0.193,135.917,236413,4
2024-09-08 19:06,Claire Rosinkranz,Backyard Boy,5018,claire rosinkranz - backyard boy,454763,Claire Rosinkranz,Backyard Boy,04F42oEuKrRComYJfJuyVR,68,2020,indie-pop,0.817,0.635,5,-7.246,1,0.163,0.323,0.0,0.0738,0.454,138.015,129241,4
2024-09-08 19:10,Chappell Roan,Pink Pony Club,258034,chappell roan - pink pony club,562220,Chappell Roan,Pink Pony Club,6rcuy6XqlB9bqvtIRDl25u,49,2022,indie-pop,0.613,0.646,6,-6.393,1,0.0451,0.406,0.0,0.112,0.47,106.958,258035,4
2024-09-08 19:14,Taylor Swift,Don’t Blame Me,236413,taylor swift - don’t blame me,293464,Taylor Swift,Don’t Blame Me,1R0a2iXumgCiFb7HEZ7gUE,85,2017,pop,0.615,0.534,9,-6.719,0,0.0386,0.106,1.76e-05,0.0607,0.193,135.917,236413,4
2024-09-09 01:51,Beach Bunny,Cloud 9,466,beach bunny - cloud 9,454750,Beach Bunny,Cloud 9,6vFsBXYczYsP0H3lgunZOm,74,2020,indie-pop,0.637,0.929,4,-3.593,1,0.0491,0.00167,2.62e-05,0.344,0.902,80.974,147351,4
2024-09-09 17:35,The Neighbourhood,Softcore,206280,the neighbourhood - softcore,311042,The Neighbourhood,Softcore,2K7xn816oNHJZ0aVqdQsha,84,2018,alt-rock,0.575,0.568,9,-5.509,0,0.03,0.0484,0.000417,0.286,0.37,93.986,206280,4
2024-09-09 17:37,SZA,Kill Bill,153946,sza - kill bill,569184,SZA,Kill Bill,1Qrg8KqiBpW07V7PNxwwwL,94,2022,pop,0.644,0.735,8,-5.747,1,0.0391,0.0521,0.144,0.161,0.418,88.98,153947,4
2024-09-09 18:25,Billie Eilish,everything i wanted,112569,billie eilish - everything i wanted,384323,Billie Eilish,everything i wanted,3ZCTVFBt2Brf31RLEnCkWJ,83,2019,electro,0.704,0.225,6,-14.454,0,0.0994,0.902,0.657,0.106,0.243,120.006,245426,4
2024-09-10 12:46,Rex Orange County,Television / So Far So Good,240013,rex orange county - television / so far so good,293497,Rex Orange County,Television / So Far So Good,27rZYxE4l21wTaovX4WTnI,74,2017,pop,0.403,0.505,5,-7.75,1,0.0463,0.592,0.0,0.121,0.32,164.902,262600,4
2024-09-10 15:04,Wallows,Are You Bored Yet? (feat. Clairo),201581,wallows - are you bored yet? (feat. clairo),399066,Wallows,Are You Bored Yet? (feat. Clairo),57RA3JGafJm5zRtKJiKPIm,77,2019,indie-pop,0.682,0.683,8,-6.444,0,0.0287,0.156,2.32e-05,0.273,0.64,120.023,178000,4
2024-09-13 22:10,Tate McRae,she's all i wanna be,207120,tate mcrae - she's all i wanna be,569304,Tate McRae,she's all i wanna be,7l9IqDtVWJurTvkQHq1BGh,72,2022,pop,0.602,0.626,2,-5.323,0,0.0396,0.0129,9.02e-06,0.144,0.619,160.118,207120,4
2024-09-13 22:13,Miley Cyrus,Angels Like You,196453,miley cyrus - angels like you,462033,Miley Cyrus,Angels Like You,1daDRI9ahBonbWD8YcxOIB,80,2020,pop,0.672,0.642,5,-4.035,1,0.0313,0.0981,0.0,0.1,0.494,121.981,196453,4
2024-09-13 22:16,Alec Benjamin,If We Have Each Other,181522,alec benjamin - if we have each other,327776,Alec Benjamin,If We Have Each Other,7pT6WSg4PCt4mr5ZFyUfsF,74,2018,electro,0.656,0.577,10,-5.566,0,0.0802,0.698,0.0,0.296,0.861,173.094,181522,4
2024-09-13 22:20,Billie Eilish,idontwannabeyouanymore,203569,billie eilish - idontwannabeyouanymore,271630,Billie Eilish,idontwannabeyouanymore,41zXlQxzTi6cGAjpOXyLYH,79,2017,electro,0.483,0.412,7,-8.461,1,0.0402,0.737,0.0,0.116,0.247,170.163,203569,3
2024-09-13 22:55,Conan Gray,Memories,59482,conan gray - memories,569229,Conan Gray,Memories,5UXJzLFdBn6u9FJTCnoHrH,81,2022,pop,0.34,0.684,11,-6.306,1,0.044,0.00979,0.0,0.348,0.556,112.969,248819,4
2024-09-17 14:01,Olivia Rodrigo,deja vu,124831,olivia rodrigo - deja vu,515572,Olivia Rodrigo,deja vu,6HU7h9RYOaPRFeh0R3UeAr,83,2021,pop,0.442,0.612,2,-7.222,1,0.112,0.584,5.7e-06,0.37,0.178,180.917,215507,4
2024-09-17 21:23,Olivia Rodrigo,deja vu,44812,olivia rodrigo - deja vu,515572,Olivia Rodrigo,deja vu,6HU7h9RYOaPRFeh0R3UeAr,83,2021,pop,0.442,0.612,2,-7.222,1,0.112,0.584,5.7e-06,0.37,0.178,180.917,215507,4
2024-09-17 21:44,Olivia Rodrigo,deja vu,215506,olivia rodrigo - deja vu,515572,Olivia Rodrigo,deja vu,6HU7h9RYOaPRFeh0R3UeAr,83,2021,pop,0.442,0.612,2,-7.222,1,0.112,0.584,5.7e-06,0.37,0.178,180.917,215507,4
2024-09-17 21:46,Stephen Sanchez,Until I Found You (with Em Beihold) - Em Beihold Version,176440,stephen sanchez - until i found you (with em beihold) - em beihold version,569194,Stephen Sanchez,Until I Found You (with Em Beihold) - Em Beihold Version,1Y3LN4zO1Edc2EluIoSPJN,91,2022,pop,0.551,0.55,10,-5.339,1,0.0286,0.777,0.0,0.202,0.342,101.19,176440,3
2024-09-17 21:50,Kali Uchis,Melting,208853,kali uchis - melting,197515,Kali Uchis,Melting,2kSb3wYSOV996xA2NSmpck,81,2015,pop,0.574,0.479,8,-7.776,1,0.0355,0.179,0.0803,0.106,0.303,115.263,208854,4
2024-09-17 22:54,Katy Perry,The One That Got Away,117816,katy perry - the one that got away,12132,Katy Perry,The One That Got Away,3oL3XRtkP1WVbMxf7dtTdu,72,2012,dance,0.687,0.792,1,-4.023,0,0.0353,0.000802,0.0,0.2,0.864,133.962,227333,4
2024-09-18 03:01,Katy Perry,The One That Got Away,507,katy perry - the one that got away,12132,Katy Perry,The One That Got Away,3oL3XRtkP1WVbMxf7dtTdu,72,2012,dance,0.687,0.792,1,-4.023,0,0.0353,0.000802,0.0,0.2,0.864,133.962,227333,4
2024-09-18 03:03,d4vd,Romantic Homicide,112234,d4vd - romantic homicide,569185,d4vd,Romantic Homicide,1xK59OXxi2TAAAbmZK0kBL,90,2022,pop,0.571,0.544,6,-10.613,1,0.0299,0.453,0.00805,0.322,0.216,132.052,132631,4
2024-09-18 03:07,Ricky Montgomery,Line Without a Hook,249586,ricky montgomery - line without a hook,245685,Ricky Montgomery,Line Without a Hook,5NvOZCjZaGGGL597exlQWv,78,2016,indie-pop,0.432,0.652,8,-4.969,1,0.0285,0.262,0.0,0.258,0.507,190.028,249587,3
2024-09-18 03:08,Billie Eilish,TV,81710,billie eilish - tv,569199,Billie Eilish,TV,3GYlZ7tbxLOxe6ewMNVTkw,84,2022,pop,0.412,0.236,4,-15.159,0,0.0379,0.83,0.00653,0.147,0.119,140.214,281381,4
2024-09-18 03:12,Conan Gray,Family Line,216094,conan gray - family line,569244,Conan Gray,Family Line,0iNZGC211wst3VjtobNnC5,76,2022,pop,0.326,0.397,6,-8.145,1,0.0461,0.619,0.0,0.0979,0.276,153.713,216095,3
2024-09-18 03:14,Billie Eilish,Getting Older,142423,billie eilish - getting older,515653,Billie Eilish,Getting Older,4HOryCnbme0zBnF8LWij3f,69,2021,pop,0.599,0.128,10,-17.261,1,0.109,0.974,0.121,0.115,0.367,159.679,244221,4
2024-09-18 04:10,OneRepublic,Secrets,147890,onerepublic - secrets,1308468,OneRepublic,Secrets,1NhPKVLsHhFUHIOZ32QnS2,74,2009,piano,0.516,0.764,2,-6.223,1,0.0366,0.0717,0.0,0.115,0.376,148.021,224693,4
2024-09-18 17:06,OneRepublic,Secrets,0,onerepublic - secrets,1308468,OneRepublic,Secrets,1NhPKVLsHhFUHIOZ32QnS2,74,2009,piano,0.516,0.764,2,-6.223,1,0.0366,0.0717,0.0,0.115,0.376,148.021,224693,4
2024-09-18 17:10,Billie Eilish,my future,210005,billie eilish - my future,439848,Billie Eilish,my future,2ygvZOXrIeVL4xZmAWJT2C,69,2020,electro,0.444,0.309,8,-10.956,1,0.062,0.795,0.132,0.352,0.0875,104.745,208155,4
2024-09-18 17:15,Lana Del Rey,Summertime Sadness,264773,lana del rey - summertime sadness,40349,Lana Del Rey,Summertime Sadness,1Ist6PR2BZR3n2z2Y5R6S1,73,2012,pop,0.566,0.647,1,-6.815,0,0.0335,0.0477,0.0,0.121,0.22,111.96,264773,4
2024-09-18 17:20,Beach House,Space Song,320466,beach house - space song,190724,Beach House,Space Song,7H0ya83CMmgFcOhw0UB6ow,80,2015,indie-pop,0.508,0.792,0,-7.311,0,0.0297,0.229,0.124,0.145,0.601,147.067,320467,4
2024-09-18 17:24,Conan Gray,Astronomy,243907,conan gray - astronomy,515671,Conan Gray,Astronomy,0KmgJyW4GDgonqsoyx0CZ3,68,2021,pop,0.471,0.335,4,-8.767,0,0.0273,0.593,2.11e-05,0.297,0.111,145.252,243907,3
2024-09-18 18:24,Lana Del Rey,Video Games,63187,lana del rey - video games,40354,Lana Del Rey,Video Games,24jvD83UgLmrdGjhWTFslY,69,2012,pop,0.236,0.249,6,-9.595,0,0.0348,0.811,1e-06,0.087,0.181,72.847,281960,5
2024-09-18 22:41,RADWIMPS,Suzume,238560,radwimps - suzume,548586,RADWIMPS,Suzume,7LHAKF7pBqHch8o6Yo0ad5,69,2022,emo,0.571,0.415,2,-6.572,0,0.0305,0.615,0.0,0.187,0.342,78.025,236391,4
2024-09-18 22:44,TK from Ling tosite sigure,unravel,120005,tk from ling tosite sigure - unravel,146819,TK from Ling tosite sigure,unravel,1rN9QoVxw5U7TJkyaUR8C1,70,2014,pop,0.508,0.889,7,-2.755,0,0.0862,0.0495,0.0,0.0984,0.332,135.014,238360,4
2024-09-18 22:47,TK from Ling tosite sigure,unravel,210028,tk from ling tosite sigure - unravel,146819,TK from Ling tosite sigure,unravel,1rN9QoVxw5U7TJkyaUR8C1,70,2014,pop,0.508,0.889,7,-2.755,0,0.0862,0.0495,0.0,0.0984,0.332,135.014,238360,4
2024-09-18 22:53,Ikimonogakari,ブルーバード,215706,ikimonogakari - ブルーバード,1097434,Ikimonogakari,ブルーバード,2XpV9sHBexcNrz0Gyf3l18,67,2006,pop,0.536,0.966,6,-2.929,0,0.0558,0.121,0.0,0.0477,0.849,152.076,215707,4
2024-09-18 23:02,LiSA,紅蓮華,237586,lisa - 紅蓮華,410271,LiSA,紅蓮華,0nUKU6e9COOCgO5tAUtlST,53,2019,rock,0.544,0.979,4,-2.8,0,0.153,0.00336,0.000116,0.0775,0.31,135.001,238587,4
2024-09-18 23:07,UVERworld,Touch off,258706,uverworld - touch off,410209,UVERworld,Touch off,7CSTVNXkW2AbmNktlP1hi2,60,2019,rock,0.411,0.894,4,-3.815,0,0.0465,2.36e-05,0.000447,0.447,0.195,99.607,258707,4
2024-09-18 23:10,OFFICIAL HIGE DANDISM,Mixed Nuts,213438,official hige dandism - mixed nuts,569509,OFFICIAL HIGE DANDISM,Mixed Nuts,3RFL9hE5cBocBsjD5XLJLQ,64,2022,pop,0.542,0.918,6,-5.074,1,0.0937,0.0101,0.0,0.259,0.784,150.094,213438,4
2024-09-18 23:52,yama,色彩,12052,yama - 色彩,569489,yama,色彩,1uveEvgKX4irLcp1BUTIFD,71,2022,pop,0.581,0.926,7,-3.268,0,0.0662,0.176,0.0,0.251,0.874,117.04,192176,4
2024-09-18 23:55,yama,色彩,180125,yama - 色彩,569489,yama,色彩,1uveEvgKX4irLcp1BUTIFD,71,2022,pop,0.581,0.926,7,-3.268,0,0.0662,0.176,0.0,0.251,0.874,117.04,192176,4
2024-09-18 23:59,Nightmare,the WORLD,233200,nightmare - the world,1091288,Nightmare,the WORLD,1ShQlzjMz0XkaHt5CgMpBs,55,2006,metal,0.494,0.938,11,-2.359,0,0.0384,0.000474,0.0,0.314,0.822,95.049,234173,4
2024-09-19 00:14,DEAN FUJIOKA,History Maker,190044,dean fujioka - history maker,224585,DEAN FUJIOKA,History Maker,3QjIdDDKoZRyfWDKZC4Ayb,57,2016,dance,0.397,0.668,9,-4.292,1,0.0855,0.102,0.0,0.0744,0.456,67.012,190045,4
2024-09-19 00:28,Miki Matsubara,Mayonaka no Door / Stay With Me,312293,miki matsubara - mayonaka no door / stay with me,1238487,Miki Matsubara,Mayonaka no Door / Stay With Me,2BHj31ufdEqVK5CkYDp9mA,75,2008,pop,0.658,0.747,5,-6.615,1,0.0431,0.176,8.49e-06,0.0789,0.792,108.259,312293,4
2024-09-19 00:36,imase,NIGHT DANCER,210600,imase - night dancer,569399,imase,NIGHT DANCER,348NF6vX0Yh22xvH0EZEro,73,2022,pop,0.911,0.585,7,-8.078,0,0.0735,0.0945,0.0,0.134,0.851,117.06,210948,4
2024-09-19 00:44,Fujii Kaze,Shinunoga E-Wa,185573,fujii kaze - shinunoga e-wa,461999,Fujii Kaze,Shinunoga E-Wa,0o9zmvc5f3EFApU52PPIyW,85,2020,pop,0.6,0.76,6,-6.124,0,0.0452,0.166,4.09e-05,0.189,0.519,158.078,185573,4
2024-09-19 00:52,KANA-BOON,シルエット,240133,kana-boon - シルエット,197594,KANA-BOON,シルエット,1di1C0QI6Y92yZPYn6XYAZ,70,2015,pop,0.436,0.934,2,-2.685,1,0.0507,1.03e-05,0.14,0.321,0.384,91.481,240133,4
2024-09-19 01:00,Mrs. GREEN APPLE,インフェルノ,211600,mrs. green apple - インフェルノ,406541,Mrs. GREEN APPLE,インフェルノ,64yajM6CxtLghmgB53VeXT,66,2019,pop,0.529,0.931,4,-1.538,1,0.0581,0.00955,0.0,0.465,0.695,92.466,212547,4
2024-09-19 01:06,Eve,Kaikai Kitan,221426,eve - kaikai kitan,465452,Eve,Kaikai Kitan,6y4GYuZszeXNOXuBFsJlos,73,2020,rock,0.584,0.911,5,-3.515,0,0.09,0.0119,0.0,0.119,0.606,92.502,221426,4
2024-09-19 01:10,RADWIMPS,Zenzenzense - movie ver.,285880,radwimps - zenzenzense - movie ver.,231888,RADWIMPS,Zenzenzense - movie ver.,2DLrgv7HhJanCuD8L9uJLR,63,2016,emo,0.321,0.906,11,-3.967,1,0.141,0.000439,0.0,0.0862,0.641,189.776,285880,4
2024-09-19 18:36,RADWIMPS,Suzume,238560,radwimps - suzume,548586,RADWIMPS,Suzume,7LHAKF7pBqHch8o6Yo0ad5,69,2022,emo,0.571,0.415,2,-6.572,0,0.0305,0.615,0.0,0.187,0.342,78.025,236391,4
2024-09-19 18:40,TK from Ling tosite sigure,unravel,238360,tk from ling tosite sigure - unravel,146819,TK from Ling tosite sigure,unravel,1rN9QoVxw5U7TJkyaUR8C1,70,2014,pop,0.508,0.889,7,-2.755,0,0.0862,0.0495,0.0,0.0984,0.332,135.014,238360,4
2024-09-19 18:44,LiSA,crossing field,248946,lisa - crossing field,97071,LiSA,crossing field,4BvuZVf9KyBN3QiPfeI9hw,66,2013,rock,0.45,0.983,5,-2.246,1,0.282,0.0186,0.0,0.265,0.314,179.041,248947,4
2024-09-19 18:47,Ikimonogakari,ブルーバード,215706,ikimonogakari - ブルーバード,1097434,Ikimonogakari,ブルーバード,2XpV9sHBexcNrz0Gyf3l18,67,2006,pop,0.536,0.966,6,-2.929,0,0.0558,0.121,0.0,0.0477,0.849,152.076,215707,4
2024-09-19 18:54,LiSA,明け星,267346,lisa - 明け星,519437,LiSA,明け星,3J34JtfZNylVXSKN4TDf12,57,2021,rock,0.389,0.867,1,-3.604,1,0.048,0.000303,0.0,0.347,0.215,94.952,269000,4
2024-09-19 18:59,OFFICIAL HIGE DANDISM,Mixed Nuts,213438,official hige dandism - mixed nuts,569509,OFFICIAL HIGE DANDISM,Mixed Nuts,3RFL9hE5cBocBsjD5XLJLQ,64,2022,pop,0.542,0.918,6,-5.074,1,0.0937,0.0101,0.0,0.259,0.784,150.094,213438,4
2024-09-19 19:03,OFFICIAL HIGE DANDISM,Cry Baby,241680,official hige dandism - cry baby,519394,OFFICIAL HIGE DANDISM,Cry Baby,3IDF7N86lrcWaJEt9C1gbS,63,2021,rock,0.318,0.902,1,-4.605,1,0.131,0.0116,0.0,0.393,0.437,199.844,240285,4
2024-09-19 19:07,LiSA,紅蓮華,237586,lisa - 紅蓮華,410271,LiSA,紅蓮華,0nUKU6e9COOCgO5tAUtlST,53,2019,rock,0.544,0.979,4,-2.8,0,0.153,0.00336,0.000116,0.0775,0.31,135.001,238587,4
2024-09-19 20:41,Lana Del Rey,Video Games,3042,lana del rey - video games,40354,Lana Del Rey,Video Games,24jvD83UgLmrdGjhWTFslY,69,2012,pop,0.236,0.249,6,-9.595,0,0.0348,0.811,1e-06,0.087,0.181,72.847,281960,5
2024-09-19 20:42,Cigarettes After Sex,Apocalypse,345,cigarettes after sex - apocalypse,255746,Cigarettes After Sex,Apocalypse,3AVrVz5rK8Hrqo9YGiVGN5,81,2017,ambient,0.369,0.467,5,-9.018,1,0.0274,0.0194,0.46,0.109,0.174,94.473,290147,4
2024-09-19 20:46,Arctic Monkeys,505,253586,arctic monkeys - 505,1145378,Arctic Monkeys,505,58ge6dfP91o9oXMzq3XkIS,80,2007,garage,0.52,0.852,0,-5.866,1,0.0543,0.00237,5.79e-05,0.0733,0.234,140.267,253587,4
2024-09-19 21:34,Lana Del Rey,Cinnamon Girl,13226,lana del rey - cinnamon girl,406385,Lana Del Rey,Cinnamon Girl,2mdEsXPu8ZmkHRRtAdC09e,79,2019,pop,0.294,0.337,6,-10.614,0,0.036,0.814,0.414,0.14,0.135,91.781,300683,5
2024-09-20 21:44,Lana Del Rey,Cinnamon Girl,9762,lana del rey - cinnamon girl,406385,Lana Del Rey,Cinnamon Girl,2mdEsXPu8ZmkHRRtAdC09e,79,2019,pop,0.294,0.337,6,-10.614,0,0.036,0.814,0.414,0.14,0.135,91.781,300683,5
2024-09-20 21:48,Conan Gray,Lookalike,158597,conan gray - lookalike,350237,Conan Gray,Lookalike,4K3gM7kzX4POAfrs71HomN,69,2018,pop,0.434,0.302,10,-10.117,1,0.0378,0.766,7.63e-06,0.149,0.173,121.645,220867,4
2024-09-20 21:51,Arctic Monkeys,I Wanna Be Yours,183956,arctic monkeys - i wanna be yours,77591,Arctic Monkeys,I Wanna Be Yours,5XeFesFbtLpXzIVDNQP22n,91,2013,garage,0.464,0.417,0,-9.345,0,0.0256,0.136,0.022,0.0974,0.479,67.528,183956,4
2024-09-20 22:03,Seafret,Atlantis,103929,seafret - atlantis,232723,Seafret,Atlantis,1Fid2jjqsHViMX6xNH70hE,85,2016,folk,0.4,0.479,8,-7.989,0,0.0308,0.0529,2.14e-06,0.115,0.213,166.159,229173,4
2024-09-21 15:35,Seafret,Atlantis,125287,seafret - atlantis,232723,Seafret,Atlantis,1Fid2jjqsHViMX6xNH70hE,85,2016,folk,0.4,0.479,8,-7.989,0,0.0308,0.0529,2.14e-06,0.115,0.213,166.159,229173,4
2024-09-21 15:39,Coldplay,Yellow,266773,coldplay - yellow,612578,Coldplay,Yellow,2SMr5VizKY9Bv0vIPIcm5R,1,2023,pop,0.429,0.661,11,-7.227,1,0.0281,0.00239,0.000121,0.234,0.285,173.372,266773,4
2024-09-21 15:43,Keane,Somewhere Only We Know,236160,keane - somewhere only we know,93054,Keane,Somewhere Only We Know,7AQAlklmptrrkBSeujkXsD,54,2013,piano,0.442,0.606,9,-5.825,1,0.0259,0.0678,1.43e-05,0.0973,0.359,171.982,235880,4
2024-09-21 15:46,Stephen Sanchez,Until I Found You,176666,stephen sanchez - until i found you,515573,Stephen Sanchez,Until I Found You,0T5iIrXA4p5GsubkhuBIKV,85,2021,pop,0.539,0.508,10,-6.05,1,0.0288,0.727,0.0,0.174,0.227,101.358,177720,3
2024-09-21 15:49,Matt Maltese,As the World Caves In,29843,matt maltese - as the world caves in,273419,Matt Maltese,As the World Caves In,4JE6agBLHGA5TaF6FlqfBD,70,2017,folk,0.331,0.45,10,-5.362,1,0.034,0.365,0.00464,0.22,0.18,123.829,218755,4
2024-09-21 15:49,Billie Eilish,my future,3067,billie eilish - my future,439848,Billie Eilish,my future,2ygvZOXrIeVL4xZmAWJT2C,69,2020,electro,0.444,0.309,8,-10.956,1,0.062,0.795,0.132,0.352,0.0875,104.745,208155,4
2024-09-21 15:53,Conan Gray,Family Line,216094,conan gray - family line,569244,Conan Gray,Family Line,0iNZGC211wst3VjtobNnC5,76,2022,pop,0.326,0.397,6,-8.145,1,0.0461,0.619,0.0,0.0979,0.276,153.713,216095,3
2024-09-21 16:01,Billie Eilish,Getting Older,244221,billie eilish - getting older,515653,Billie Eilish,Getting Older,4HOryCnbme0zBnF8LWij3f,69,2021,pop,0.599,0.128,10,-17.261,1,0.109,0.974,0.121,0.115,0.367,159.679,244221,4
2024-09-21 16:34,Conan Gray,Astronomy,40396,conan gray - astronomy,515671,Conan Gray,Astronomy,0KmgJyW4GDgonqsoyx0CZ3,68,2021,pop,0.471,0.335,4,-8.767,0,0.0273,0.593,2.11e-05,0.297,0.111,145.252,243907,3
2024-09-21 21:14,Conan Gray,Astronomy,204637,conan gray - astronomy,515671,Conan Gray,Astronomy,0KmgJyW4GDgonqsoyx0CZ3,68,2021,pop,0.471,0.335,4,-8.767,0,0.0273,0.593,2.11e-05,0.297,0.111,145.252,243907,3
2024-09-21 21:23,Beach House,Space Song,320466,beach house - space song,190724,Beach House,Space Song,7H0ya83CMmgFcOhw0UB6ow,80,2015,indie-pop,0.508,0.792,0,-7.311,0,0.0297,0.229,0.124,0.145,0.601,147.067,320467,4
2024-09-21 21:27,Arctic Monkeys,505,253586,arctic monkeys - 505,1145378,Arctic Monkeys,505,58ge6dfP91o9oXMzq3XkIS,80,2007,garage,0.52,0.852,0,-5.866,1,0.0543,0.00237,5.79e-05,0.0733,0.234,140.267,253587,4
2024-09-21 21:30,Alexander 23,IDK You Yet,184638,alexander 23 - idk you yet,462028,Alexander 23,IDK You Yet,0j1Ia2lQWrcXrQZI4AdJlk,74,2020,pop,0.648,0.308,1,-11.729,1,0.04,0.886,0.0774,0.124,0.198,76.997,184638,1
2024-09-21 22:27,OneRepublic,Secrets,188224,onerepublic - secrets,1308468,OneRepublic,Secrets,1NhPKVLsHhFUHIOZ32QnS2,74,2009,piano,0.516,0.764,2,-6.223,1,0.0366,0.0717,0.0,0.115,0.376,148.021,224693,4
2024-09-22 17:40,Mitski,Washing Machine Heart,128198,mitski - washing machine heart,342776,Mitski,Washing Machine Heart,3jjsRKEsF42ccXf8kWR3nu,81,2018,indie-pop,0.613,0.822,9,-4.087,1,0.026,0.0092,0.506,0.429,0.567,105.997,128199,4
2024-09-22 17:45,Adele,Skyfall,286480,adele - skyfall,40359,Adele,Skyfall,6VObnIkLVruX4UVyxWhlqm,76,2012,pop,0.346,0.552,0,-6.864,0,0.0282,0.417,0.0,0.114,0.0789,75.881,286480,4
2024-09-22 17:47,Vundabar,Alien Blues,155933,vundabar - alien blues,180330,Vundabar,Alien Blues,11iIikXxC6NP0Ma8vMD27x,80,2015,garage,0.467,0.757,3,-5.093,1,0.033,0.0807,0.908,0.0876,0.433,82.282,155933,4
2024-09-22 17:54,Surf Curse,Heathers,163257,surf curse - heathers,190762,Surf Curse,Heathers,1hgGwlxj7UGDiQhCsziWwi,51,2015,indie-pop,0.366,0.867,10,-9.31,1,0.047,0.000239,0.0,0.106,0.739,176.113,163258,4
2024-09-22 17:58,Mac DeMarco,Chamber Of Reflection,231723,mac demarco - chamber of reflection,125809,Mac DeMarco,Chamber Of Reflection,7H7NyZ3G075GqPx2evsfeb,82,2014,edm,0.538,0.557,11,-8.678,1,0.0914,0.262,0.914,0.102,0.506,131.03,231724,4
2024-09-22 20:45,Hozier,Take Me to Church,180004,hozier - take me to church,93786,Hozier,Take Me to Church,7J4gq1xNP3IsG6lDk0eSa7,42,2013,pop,0.572,0.661,4,-5.304,0,0.0472,0.59,0.0,0.121,0.386,129.093,241587,4
2024-09-23 17:42,Hozier,Take Me to Church,239967,hozier - take me to church,93786,Hozier,Take Me to Church,7J4gq1xNP3IsG6lDk0eSa7,42,2013,pop,0.572,0.661,4,-5.304,0,0.0472,0.59,0.0,0.121,0.386,129.093,241587,4
2024-09-23 17:46,half•alive,creature,215526,half•alive - creature,367659,half•alive,creature,6tJkq3zUXlEjWluMW9Hdij,57,2019,alt-rock,0.477,0.523,11,-9.213,1,0.141,0.399,0.00044,0.369,0.501,113.196,335067,4
2024-09-23 17:56,Arctic Monkeys,505,253586,arctic monkeys - 505,1145378,Arctic Monkeys,505,58ge6dfP91o9oXMzq3XkIS,80,2007,garage,0.52,0.852,0,-5.866,1,0.0543,0.00237,5.79e-05,0.0733,0.234,140.267,253587,4
2024-09-23 18:00,Seafret,Atlantis,229173,seafret - atlantis,232723,Seafret,Atlantis,1Fid2jjqsHViMX6xNH70hE,85,2016,folk,0.4,0.479,8,-7.989,0,0.0308,0.0529,2.14e-06,0.115,0.213,166.159,229173,4
2024-09-23 18:14,Beach Bunny,Prom Queen,38645,beach bunny - prom queen,342780,Beach Bunny,Prom Queen,6MpCaSIOfqBqbMED4kXgNY,77,2018,indie-pop,0.528,0.797,4,-7.487,1,0.0485,0.000391,0.011,0.14,0.751,143.785,136562,4
2024-09-23 21:20,Beach Bunny,Prom Queen,97935,beach bunny - prom queen,342780,Beach Bunny,Prom Queen,6MpCaSIOfqBqbMED4kXgNY,77,2018,indie-pop,0.528,0.797,4,-7.487,1,0.0485,0.000391,0.011,0.14,0.751,143.785,136562,4
2024-09-23 21:36,Ricky Montgomery,Line Without a Hook,249586,ricky montgomery - line without a hook,245685,Ricky Montgomery,Line Without a Hook,5NvOZCjZaGGGL597exlQWv,78,2016,indie-pop,0.432,0.652,8,-4.969,1,0.0285,0.262,0.0,0.258,0.507,190.028,249587,3
2024-09-23 21:40,Arctic Monkeys,I Wanna Be Yours,183956,arctic monkeys - i wanna be yours,77591,Arctic Monkeys,I Wanna Be Yours,5XeFesFbtLpXzIVDNQP22n,91,2013,garage,0.464,0.417,0,-9.345,0,0.0256,0.136,0.022,0.0974,0.479,67.528,183956,4
2024-09-23 21:53,Olivia Rodrigo,"jealousy, jealousy",63562,"olivia rodrigo - jealousy, jealousy",515579,Olivia Rodrigo,"jealousy, jealousy",0MMyJUC3WNnFS1lit5pTjk,80,2021,pop,0.695,0.575,10,-6.334,0,0.116,0.198,0.0,0.0614,0.699,163.929,173160,4
2024-09-24 02:43,Olivia Rodrigo,"jealousy, jealousy",109608,"olivia rodrigo - jealousy, jealousy",515579,Olivia Rodrigo,"jealousy, jealousy",0MMyJUC3WNnFS1lit5pTjk,80,2021,pop,0.695,0.575,10,-6.334,0,0.116,0.198,0.0,0.0614,0.699,163.929,173160,4
2024-09-24 02:46,Beach Bunny,Sports,164165,beach bunny - sports,342784,Beach Bunny,Sports,77G0k1La0c5Dw8bAFANcyp,71,2018,indie-pop,0.231,0.877,9,-5.278,1,0.0574,0.000653,0.026,0.0694,0.524,186.142,164165,4
2024-09-24 02:48,Isabel LaRosa,i'm yours,145667,isabel larosa - i'm yours,569236,Isabel LaRosa,i'm yours,37vVp2sWHuuIBOSl1NswP6,80,2022,pop,0.398,0.705,5,-7.07,0,0.0756,0.204,5.13e-05,0.443,0.635,111.487,145668,4
2024-09-24 02:52,Conan Gray,Family Line,216094,conan gray - family line,569244,Conan Gray,Family Line,0iNZGC211wst3VjtobNnC5,76,2022,pop,0.326,0.397,6,-8.145,1,0.0461,0.619,0.0,0.0979,0.276,153.713,216095,3
2024-09-24 02:57,The Neighbourhood,Sweater Weather,240400,the neighbourhood - sweater weather,1800,The Neighbourhood,Sweater Weather,4pGqFOfzvfe6avb9kbZicC,60,2012,alt-rock,0.695,0.615,7,-5.325,0,0.042,0.15,0.000212,0.0879,0.414,124.015,240040,4
2024-09-24 03:00,Olivia Rodrigo,brutal,143746,olivia rodrigo - brutal,515588,Olivia Rodrigo,brutal,6SRsiMl7w1USE4mFqrOhHC,77,2021,pop,0.672,0.526,4,-6.446,1,0.0599,0.0311,1.37e-06,0.28,0.28,123.999,143747,4
2024-09-24 03:02,Beach Bunny,Cloud 9,147350,beach bunny - cloud 9,454750,Beach Bunny,Cloud 9,6vFsBXYczYsP0H3lgunZOm,74,2020,indie-pop,0.637,0.929,4,-3.593,1,0.0491,0.00167,2.62e-05,0.344,0.902,80.974,147351,4
2024-09-24 03:06,Twenty One Pilots,Stressed Out,202333,twenty one pilots - stressed out,201246,Twenty One Pilots,Stressed Out,3CRDbSIZ4r5MsZ0YwxuEkn,83,2015,rock,0.734,0.637,4,-5.677,0,0.141,0.0462,2.29e-05,0.0602,0.648,169.977,202333,4
2024-09-24 03:08,Conan Gray,People Watching,158536,conan gray - people watching,515647,Conan Gray,People Watching,4JeOesjcWWlprTAvucDSJX,67,2021,pop,0.53,0.593,5,-7.286,1,0.0545,0.385,0.0,0.314,0.538,125.723,158537,4
2024-09-24 03:22,SZA,Kill Bill,38963,sza - kill bill,569184,SZA,Kill Bill,1Qrg8KqiBpW07V7PNxwwwL,94,2022,pop,0.644,0.735,8,-5.747,1,0.0391,0.0521,0.144,0.161,0.418,88.98,153947,4
2024-09-25 21:30,SZA,Kill Bill,116039,sza - kill bill,569184,SZA,Kill Bill,1Qrg8KqiBpW07V7PNxwwwL,94,2022,pop,0.644,0.735,8,-5.747,1,0.0391,0.0521,0.144,0.161,0.418,88.98,153947,4
2024-09-25 21:32,Arctic Monkeys,Why'd You Only Call Me When You're High?,161123,arctic monkeys - why'd you only call me when you're high?,77592,Arctic Monkeys,Why'd You Only Call Me When You're High?,086myS9r57YsLbJpU0TgK9,85,2013,garage,0.691,0.631,2,-6.478,1,0.0368,0.0483,1.13e-05,0.104,0.8,92.004,161124,4
2024-09-25 21:35,Olivia Rodrigo,good 4 u,178146,olivia rodrigo - good 4 u,515567,Olivia Rodrigo,good 4 u,4ZtFanR9U6ndgddUvNcjcG,84,2021,pop,0.563,0.664,9,-5.044,1,0.154,0.335,0.0,0.0849,0.688,166.928,178147,4
2024-09-25 21:39,Vansire,From the Subway Train,43354,vansire - from the subway train,342779,Vansire,From the Subway Train,0qOCy2LqvdkMora7eZsJhQ,77,2018,indie-pop,0.392,0.429,5,-10.279,0,0.0462,0.527,0.015,0.217,0.105,72.104,57370,4
2024-09-25 21:39,The Neighbourhood,Softcore,206280,the neighbourhood - softcore,311042,The Neighbourhood,Softcore,2K7xn816oNHJZ0aVqdQsha,84,2018,alt-rock,0.575,0.568,9,-5.509,0,0.03,0.0484,0.000417,0.286,0.37,93.986,206280,4
2024-09-25 21:39,Lana Del Rey,Young And Beautiful,1009,lana del rey - young and beautiful,93567,Lana Del Rey,Young And Beautiful,2nMeu6UenVvwUktBCpLMK9,81,2013,pop,0.324,0.416,11,-8.92,0,0.0368,0.262,3.69e-05,0.11,0.151,113.986,236053,4
2024-09-25 21:44,Coldplay,Yellow,266773,coldplay - yellow,612578,Coldplay,Yellow,2SMr5VizKY9Bv0vIPIcm5R,1,2023,pop,0.429,0.661,11,-7.227,1,0.0281,0.00239,0.000121,0.234,0.285,173.372,266773,4
2024-09-25 21:52,Conan Gray,Astronomy,243907,conan gray - astronomy,515671,Conan Gray,Astronomy,0KmgJyW4GDgonqsoyx0CZ3,68,2021,pop,0.471,0.335,4,-8.767,0,0.0273,0.593,2.11e-05,0.297,0.111,145.252,243907,3
2024-09-25 21:55,Stephen Sanchez,Until I Found You,176666,stephen sanchez - until i found you,515573,Stephen Sanchez,Until I Found You,0T5iIrXA4p5GsubkhuBIKV,85,2021,pop,0.539,0.508,10,-6.05,1,0.0288,0.727,0.0,0.174,0.227,101.358,177720,3
2024-09-25 21:59,Tom Odell,Another Love,244360,tom odell - another love,7578,Tom Odell,Another Love,5FKnuwsKf7YFpmhA5Wnl0q,65,2012,chill,0.443,0.54,4,-8.536,0,0.04,0.697,1.04e-05,0.102,0.133,119.161,250973,4
2024-09-25 22:00,Richy Mitch & The Coal Miners,Evergreen,87000,richy mitch & the coal miners - evergreen,273416,Richy Mitch & The Coal Miners,Evergreen,6me7F0aaZjwDo6RJ5MrfBD,78,2017,folk,0.555,0.216,3,-11.661,1,0.0721,0.557,0.00416,0.109,0.504,79.109,87000,3
2024-09-25 22:03,Sohodolls,Bang Bang Bang Bang,181640,sohodolls - bang bang bang bang,1138651,Sohodolls,Bang Bang Bang Bang,2qLSXZuIHMsKydCEFDchc3,65,2007,electro,0.729,0.581,10,-7.091,0,0.0304,0.531,1.09e-06,0.102,0.352,93.997,181640,4
2024-09-25 22:07,Olivia Rodrigo,deja vu,215506,olivia rodrigo - deja vu,515572,Olivia Rodrigo,deja vu,6HU7h9RYOaPRFeh0R3UeAr,83,2021,pop,0.442,0.612,2,-7.222,1,0.112,0.584,5.7e-06,0.37,0.178,180.917,215507,4
2024-09-25 22:11,Conan Gray,Memories,248818,conan gray - memories,569229,Conan Gray,Memories,5UXJzLFdBn6u9FJTCnoHrH,81,2022,pop,0.34,0.684,11,-6.306,1,0.044,0.00979,0.0,0.348,0.556,112.969,248819,4
2024-09-25 22:44,Surf Curse,Freaks,91735,surf curse - freaks,508522,Surf Curse,Freaks,7EkWXAI1wn8Ii883ecd9xr,83,2021,indie-pop,0.345,0.941,9,-9.918,1,0.0466,3.84e-05,0.633,0.0511,0.407,179.626,147062,4
2024-09-26 14:59,The Brazen Youth,Center of Gravity,327907,the brazen youth - center of gravity,245815,The Brazen Youth,Center of Gravity,40cdOygiI7mkjRfdXD4iOk,46,2016,indie-pop,0.521,0.33,1,-12.142,0,0.0288,0.264,0.000247,0.106,0.314,130.492,327907,3
2024-09-26 15:05,Arctic Monkeys,Do I Wanna Know?,272394,arctic monkeys - do i wanna know?,77593,Arctic Monkeys,Do I Wanna Know?,5FVd6KXrgO9B3JPmC8OPst,86,2013,garage,0.548,0.532,5,-7.596,1,0.0323,0.186,0.000263,0.217,0.405,85.03,272394,4
2024-09-26 15:12,Taylor Swift,Don’t Blame Me,236413,taylor swift - don’t blame me,293464,Taylor Swift,Don’t Blame Me,1R0a2iXumgCiFb7HEZ7gUE,85,2017,pop,0.615,0.534,9,-6.719,0,0.0386,0.106,1.76e-05,0.0607,0.193,135.917,236413,4
2024-09-26 15:16,Olivia Rodrigo,traitor,229226,olivia rodrigo - traitor,515570,Olivia Rodrigo,traitor,5CZ40GBx1sQ9agT82CLQCT,84,2021,pop,0.38,0.339,3,-7.885,1,0.0338,0.691,0.0,0.12,0.0849,100.607,229227,4
2024-09-26 15:21,Billie Eilish,everything i wanted,245425,billie eilish - everything i wanted,384323,Billie Eilish,everything i wanted,3ZCTVFBt2Brf31RLEnCkWJ,83,2019,electro,0.704,0.225,6,-14.454,0,0.0994,0.902,0.657,0.106,0.243,120.006,245426,4
2024-09-26 15:26,Conan Gray,Maniac,185773,conan gray - maniac,462007,Conan Gray,Maniac,6KfoDhO4XUWSbnyKjNp9c4,77,2020,pop,0.628,0.639,8,-5.46,1,0.0435,0.00162,0.0,0.354,0.493,108.045,185773,4
2024-09-26 15:32,Arctic Monkeys,R U Mine?,201726,arctic monkeys - r u mine?,23776,Arctic Monkeys,R U Mine?,6XnNiyYTxhxuC0zpP22M7C,34,2012,garage,0.52,0.785,6,-4.765,0,0.0329,0.0468,0.0,0.698,0.679,96.996,200188,4
2024-09-27 19:31,Billie Eilish,ocean eyes,200560,billie eilish - ocean eyes,231075,Billie Eilish,ocean eyes,2uIX8YMNjGMD7441kqyyNU,67,2016,electro,0.475,0.37,4,-7.725,0,0.0361,0.819,0.0577,0.0841,0.157,144.828,200560,4
2024-09-27 19:34,Måneskin,I WANNA BE YOUR SLAVE,173346,måneskin - i wanna be your slave,508524,Måneskin,I WANNA BE YOUR SLAVE,4pt5fDVTg5GhEvEtlz9dKk,81,2021,indie-pop,0.75,0.608,1,-4.008,1,0.0387,0.00165,0.0,0.178,0.958,132.507,173347,4
2024-09-27 19:37,Conan Gray,The Exit,221054,conan gray - the exit,569274,Conan Gray,The Exit,6PDWMQJ55ZYrGrSx3EZzl4,72,2022,pop,0.58,0.416,0,-9.591,1,0.0291,0.608,0.0,0.0883,0.453,82.015,221054,4
2024-09-27 19:41,Fitz and The Tantrums,Out of My League,209386,fitz and the tantrums - out of my league,56397,Fitz and The Tantrums,Out of My League,2AYEOC02WLhUiOoaig2SEH,71,2013,alt-rock,0.545,0.968,9,-3.553,0,0.0853,0.0387,0.00325,0.331,0.527,169.965,209386,4
2024-09-27 19:44,Billie Eilish,Bored,180933,billie eilish - bored,271629,Billie Eilish,Bored,04sN26COy28wTXYj3dMoiZ,82,2017,electro,0.614,0.318,7,-12.695,1,0.0478,0.896,0.00239,0.0795,0.112,119.959,180933,4
2024-09-27 19:47,Wallows,Are You Bored Yet? (feat. Clairo),178000,wallows - are you bored yet? (feat. clairo),399066,Wallows,Are You Bored Yet? (feat. Clairo),57RA3JGafJm5zRtKJiKPIm,77,2019,indie-pop,0.682,0.683,8,-6.444,0,0.0287,0.156,2.32e-05,0.273,0.64,120.023,178000,4
2024-09-27 19:50,Lana Del Rey,Doin' Time,202192,lana del rey - doin' time,406379,Lana Del Rey,Doin' Time,0Oqc0kKFsQ6MhFOLBNZIGX,81,2019,pop,0.641,0.559,7,-11.132,0,0.0355,0.404,0.00402,0.0937,0.523,144.982,202193,4
2024-09-27 20:07,Conan Gray,Wish You Were Sober,103924,conan gray - wish you were sober,462038,Conan Gray,Wish You Were Sober,0kn2gu8Pd03DiYHzRvX2Xk,73,2020,pop,0.701,0.728,2,-5.226,1,0.0468,0.0178,0.0,0.17,0.696,91.071,168880,4
2024-09-27 21:13,Conan Gray,Wish You Were Sober,65980,conan gray - wish you were sober,462038,Conan Gray,Wish You Were Sober,0kn2gu8Pd03DiYHzRvX2Xk,73,2020,pop,0.701,0.728,2,-5.226,1,0.0468,0.0178,0.0,0.17,0.696,91.071,168880,4
2024-09-27 21:19,Kali Uchis,Melting,208853,kali uchis - melting,197515,Kali Uchis,Melting,2kSb3wYSOV996xA2NSmpck,81,2015,pop,0.574,0.479,8,-7.776,1,0.0355,0.179,0.0803,0.106,0.303,115.263,208854,4
2024-09-27 21:23,Billie Eilish,lovely (with Khalid),200185,billie eilish - lovely (with khalid),350203,Billie Eilish,lovely (with Khalid),0u2P5u6lvoDfwTYjAADbn4,87,2018,pop,0.351,0.296,4,-10.109,0,0.0333,0.934,0.0,0.095,0.12,115.284,200186,4
2024-09-27 21:26,Twenty One Pilots,Heathens,195920,twenty one pilots - heathens,614802,Twenty One Pilots,Heathens,28dStUv9JDoGCo1qJbrcMC,3,2023,rock,0.732,0.396,4,-9.348,0,0.0286,0.0841,3.54e-05,0.105,0.548,90.025,195920,4
2024-09-27 21:31,Lana Del Rey,Video Games,281946,lana del rey - video games,40354,Lana Del Rey,Video Games,24jvD83UgLmrdGjhWTFslY,69,2012,pop,0.236,0.249,6,-9.595,0,0.0348,0.811,1e-06,0.087,0.181,72.847,281960,5
2024-09-27 21:34,Soap&Skin,Me and the Devil,2957,soap&skin - me and the devil,93583,Soap&Skin,Me and the Devil,0wrWxW18WK2MkrfDpRHkyh,72,2013,pop,0.397,0.446,7,-7.032,1,0.0373,0.49,0.00892,0.111,0.214,178.05,185000,4
2024-09-27 21:38,Foster The People,Pumped Up Kicks,239600,foster the people - pumped up kicks,1457398,Foster The People,Pumped Up Kicks,7w87IxuO7BDcJ3YUqCyMTT,81,2011,rock,0.733,0.71,5,-5.849,0,0.0292,0.145,0.115,0.0956,0.965,127.975,239600,4
2024-09-27 21:41,Billie Eilish,watch,177523,billie eilish - watch,271631,Billie Eilish,watch,7eB1V5LvAdxCc7brfGhRRo,77,2017,electro,0.441,0.599,0,-8.985,1,0.225,0.333,0.00198,0.103,0.35,165.212,177523,4
2024-09-27 21:44,Twenty One Pilots,Ride,214506,twenty one pilots - ride,201247,Twenty One Pilots,Ride,2Z8WuEywRWYTKe1NybPQEW,80,2015,rock,0.645,0.713,6,-5.355,1,0.0393,0.00835,0.0,0.113,0.566,74.989,214507,4
2024-09-27 21:49,Lana Del Rey,Chemtrails Over The Country Club,271176,lana del rey - chemtrails over the country club,515662,Lana Del Rey,Chemtrails Over The Country Club,7bPWdJgx8vek7S5i5yAtvG,70,2021,pop,0.334,0.276,4,-13.125,0,0.0643,0.877,0.000249,0.113,0.429,201.025,271177,3
2024-09-27 21:52,t.A.T.u.,All The Things She Said,214440,t.a.t.u. - all the things she said,805047,t.A.T.u.,All The Things She Said,4bJygwUKrRgq1stlNXcgMg,76,2002,dance,0.603,0.834,5,-5.766,0,0.0417,0.0411,0.00609,0.105,0.376,89.957,214440,4
2024-09-27 22:05,Surf Curse,Disco,85952,surf curse - disco,399088,Surf Curse,Disco,2Lumsra3kuU61wXkEKzKaK,68,2019,indie-pop,0.473,0.621,11,-8.698,0,0.0291,0.0253,0.000366,0.19,0.782,173.083,152761,4
2024-09-28 16:07,ABBA,Angeleyes,260893,abba - angeleyes,40529,ABBA,Angeleyes,1zZLRpTzRTqPQ7G7uxYI9Y,57,2012,pop,0.711,0.827,11,-10.809,1,0.0331,0.497,0.000254,0.0822,0.964,133.157,262493,4
2024-09-28 16:10,Arctic Monkeys,Snap Out Of It,193030,arctic monkeys - snap out of it,77594,Arctic Monkeys,Snap Out Of It,0NdTUS4UiNYCNn5FgVqKQY,78,2013,garage,0.728,0.638,5,-6.455,0,0.0336,0.249,0.0,0.116,0.872,130.014,193030,4
2024-09-28 16:14,Billie Eilish,idontwannabeyouanymore,203569,billie eilish - idontwannabeyouanymore,271630,Billie Eilish,idontwannabeyouanymore,41zXlQxzTi6cGAjpOXyLYH,79,2017,electro,0.483,0.412,7,-8.461,1,0.0402,0.737,0.0,0.116,0.247,170.163,203569,3
2024-09-28 16:18,The Neighbourhood,Daddy Issues,260173,the neighbourhood - daddy issues,162916,The Neighbourhood,Daddy Issues,5E30LdtzQTGqRvNd7l6kG5,84,2015,alt-rock,0.588,0.521,10,-9.461,1,0.0329,0.0678,0.149,0.123,0.337,85.012,260173,4
2024-09-28 16:22,Lana Del Rey,Summertime Sadness,264773,lana del rey - summertime sadness,40349,Lana Del Rey,Summertime Sadness,1Ist6PR2BZR3n2z2Y5R6S1,73,2012,pop,0.566,0.647,1,-6.815,0,0.0335,0.0477,0.0,0.121,0.22,111.96,264773,4
2024-09-28 16:28,Conan Gray,Heather,198040,conan gray - heather,461994,Conan Gray,Heather,4xqrdfXkTW4T0RauPLv3WA,85,2020,pop,0.357,0.425,5,-7.301,1,0.0333,0.584,0.0,0.322,0.27,102.078,198040,3
2024-09-28 17:52,Arctic Monkeys,Fluorescent Adolescent,21582,arctic monkeys - fluorescent adolescent,1145379,Arctic Monkeys,Fluorescent Adolescent,7e8utCy2JlSB8dRHKi49xM,69,2007,garage,0.646,0.813,6,-5.29,0,0.0288,0.00178,2.26e-05,0.144,0.821,112.115,173493,4
2024-09-30 00:47,Arctic Monkeys,Fluorescent Adolescent,151922,arctic monkeys - fluorescent adolescent,1145379,Arctic Monkeys,Fluorescent Adolescent,7e8utCy2JlSB8dRHKi49xM,69,2007,garage,0.646,0.813,6,-5.29,0,0.0288,0.00178,2.26e-05,0.144,0.821,112.115,173493,4
2024-09-30 00:47,Billie Eilish,you should see me in a crown,13653,billie eilish - you should see me in a crown,384325,Billie Eilish,you should see me in a crown,3XF5xLJHOQQRbWya6hBp7d,75,2019,electro,0.678,0.533,4,-10.485,1,0.186,0.462,0.219,0.139,0.323,150.455,180953,4
2024-09-30 00:51,OneRepublic,Counting Stars,257266,onerepublic - counting stars,146275,OneRepublic,Counting Stars,6sy3LkhNFjJWlaeSMNwQ62,76,2014,piano,0.664,0.705,1,-4.972,0,0.0382,0.0654,0.0,0.115,0.477,122.017,257840,4
2024-09-30 00:55,Lana Del Rey,West Coast,256760,lana del rey - west coast,146772,Lana Del Rey,West Coast,5Y6nVaayzitvsD5F7nr3DV,81,2014,pop,0.527,0.591,6,-7.664,0,0.0396,0.194,0.0194,0.0907,0.461,123.167,256760,4
2024-09-30 00:58,Ashnikko,Daisy,146523,ashnikko - daisy,433258,Ashnikko,Daisy,0AUvWawuP0ibk4SQ3sIZjk,67,2020,dance,0.834,0.663,8,-6.143,1,0.133,0.235,0.0,0.372,0.774,121.876,146523,4
2024-09-30 01:00,JAWNY,Honeypie,135581,jawny - honeypie,454764,JAWNY,Honeypie,6FfLg6FFqhCsrFOaHIGkg0,72,2020,indie-pop,0.74,0.688,5,-4.361,0,0.0916,0.061,0.0,0.138,0.935,115.035,135581,4
2024-09-30 01:04,Keane,Somewhere Only We Know,236160,keane - somewhere only we know,93054,Keane,Somewhere Only We Know,7AQAlklmptrrkBSeujkXsD,54,2013,piano,0.442,0.606,9,-5.825,1,0.0259,0.0678,1.43e-05,0.0973,0.359,171.982,235880,4
2024-09-30 01:11,Twenty One Pilots,Tear in My Heart,188493,twenty one pilots - tear in my heart,201248,Twenty One Pilots,Tear in My Heart,3bnVBN67NBEzedqQuWrpP4,72,2015,rock,0.655,0.632,2,-4.802,1,0.0489,0.0189,0.0,0.0722,0.447,120.113,188493,4
2024-09-30 01:14,Lana Del Rey,National Anthem,230533,lana del rey - national anthem,40366,Lana Del Rey,National Anthem,1M0g1beKC4H9gbrOiSayHW,63,2012,pop,0.532,0.899,0,-5.935,0,0.244,0.531,0.000146,0.0957,0.436,85.0,230520,4
2024-09-30 01:27,OneRepublic,I Ain't Worried,125862,onerepublic - i ain't worried,568440,OneRepublic,I Ain't Worried,4h9wh7iOZ0GGn8QVp4RAOB,91,2022,piano,0.704,0.797,0,-5.927,1,0.0475,0.0826,0.000745,0.0546,0.825,139.994,148486,4
2024-10-01 21:09,OneRepublic,I Ain't Worried,4722,onerepublic - i ain't worried,568440,OneRepublic,I Ain't Worried,4h9wh7iOZ0GGn8QVp4RAOB,91,2022,piano,0.704,0.797,0,-5.927,1,0.0475,0.0826,0.000745,0.0546,0.825,139.994,148486,4
2024-10-01 21:18,Billie Eilish,all the good girls go to hell,168839,billie eilish - all the good girls go to hell,384331,Billie Eilish,all the good girls go to hell,6IRdLKIyS4p7XNiP8r6rsx,73,2019,electro,0.726,0.444,8,-8.922,0,0.372,0.283,0.143,0.177,0.569,185.044,168840,4
2024-10-01 21:20,The Oh Hellos,"Soldier, Poet, King",111874,"the oh hellos - soldier, poet, king",177246,The Oh Hellos,"Soldier, Poet, King",3xtiXNDbSKxy20I7D6vFUg,77,2015,folk,0.347,0.758,8,-7.753,1,0.0706,0.031,0.000659,0.109,0.484,117.959,165674,4
2024-10-01 21:24,Lana Del Rey,Dark Paradise,243173,lana del rey - dark paradise,40368,Lana Del Rey,Dark Paradise,2Y115i0IhELJhyyftvoSFt,62,2012,pop,0.6,0.653,1,-8.309,0,0.0594,0.0953,0.0,0.122,0.43,119.994,243187,4
2024-10-01 21:30,Halsey,Walls Could Talk,101789,halsey - walls could talk,264782,Halsey,Walls Could Talk,5ln5yQdUywVbf8HhFsOcd6,74,2017,dance,0.626,0.423,1,-6.035,1,0.0513,0.128,0.0,0.18,0.571,95.162,101790,4
2024-10-01 21:35,Billie Eilish,COPYCAT,106042,billie eilish - copycat,271636,Billie Eilish,COPYCAT,5w7wuzMzsDer96KqxafeRK,71,2017,electro,0.679,0.388,4,-10.977,0,0.0932,0.353,9.25e-05,0.341,0.234,124.909,194711,4
2024-10-01 21:37,Billie Eilish,COPYCAT,88687,billie eilish - copycat,271636,Billie Eilish,COPYCAT,5w7wuzMzsDer96KqxafeRK,71,2017,electro,0.679,0.388,4,-10.977,0,0.0932,0.353,9.25e-05,0.341,0.234,124.909,194711,4
2024-10-01 21:39,Patrick Watson,Je te laisserai des mots,160853,patrick watson - je te laisserai des mots,1354803,Patrick Watson,Je te laisserai des mots,0V5cvmTKsYmF5FmGGEAfmS,82,2010,folk,0.303,0.187,2,-16.757,1,0.0356,0.989,0.489,0.101,0.213,132.731,160853,4
2024-10-01 21:43,Lana Del Rey,Diet Mountain Dew,222920,lana del rey - diet mountain dew,40357,Lana Del Rey,Diet Mountain Dew,6BFnRhvKCclDQOajt8dBGi,67,2012,pop,0.442,0.68,10,-5.971,0,0.0858,0.284,0.0,0.421,0.601,176.09,222920,4
2024-10-01 21:46,Mitski,I Bet on Losing Dogs,170240,mitski - i bet on losing dogs,245686,Mitski,I Bet on Losing Dogs,2Co0IjcLTSHMtodwD4gzfg,73,2016,indie-pop,0.398,0.493,9,-9.561,1,0.0303,0.00347,0.000157,0.106,0.412,82.048,170240,4
2024-10-01 21:50,Fall Out Boy,Centuries,228360,fall out boy - centuries,176367,Fall Out Boy,Centuries,04aAxqtGp5pv12UXAg4pkq,78,2015,emo,0.393,0.858,4,-2.868,0,0.0729,0.00359,0.0,0.102,0.56,176.042,228360,4
2024-10-01 21:53,Tove Lo,Habits (Stay High),209160,tove lo - habits (stay high),119678,Tove Lo,Habits (Stay High),14OxJlLdcHNpgsm4DRwDOB,71,2014,dance,0.729,0.65,5,-3.539,1,0.0313,0.0702,6.69e-05,0.0829,0.347,110.02,209160,4
2024-10-01 23:13,Billie Eilish,bellyache,73209,billie eilish - bellyache,271632,Billie Eilish,bellyache,51NFxnQvaosfDDutk0tams,76,2017,electro,0.695,0.573,4,-8.597,0,0.106,0.46,0.0734,0.482,0.408,99.939,179172,4
2024-10-02 02:58,Billie Eilish,bellyache,105972,billie eilish - bellyache,271632,Billie Eilish,bellyache,51NFxnQvaosfDDutk0tams,76,2017,electro,0.695,0.573,4,-8.597,0,0.106,0.46,0.0734,0.482,0.408,99.939,179172,4
2024-10-02 03:46,MGMT,Little Dark Age,299960,mgmt - little dark age,311044,MGMT,Little Dark Age,2Y0iGXY6m6immVb2ktbseM,79,2018,alt-rock,0.705,0.712,6,-6.156,1,0.0385,0.0102,0.000855,0.1,0.62,97.512,299960,4
2024-10-02 16:58,The Neighbourhood,Flawless,1424,the neighbourhood - flawless,56405,The Neighbourhood,Flawless,2Kt1XplPBQBsDKQDa6TssB,68,2013,alt-rock,0.568,0.871,0,-3.453,1,0.0308,0.0553,0.51,0.303,0.374,119.99,246493,4
2024-10-02 17:04,Joji,SLOW DANCING IN THE DARK,209273,joji - slow dancing in the dark,350202,Joji,SLOW DANCING IN THE DARK,0rKtyWc8bvkriBthvHKY8d,82,2018,pop,0.515,0.479,3,-7.458,1,0.0261,0.544,0.00598,0.191,0.284,88.964,209274,4
2024-10-02 17:06,Adele,Rolling in the Deep,124231,adele - rolling in the deep,1450775,Adele,Rolling in the Deep,1c8gk2PeTE04A1pIDH9YMk,79,2011,pop,0.73,0.769,8,-5.114,1,0.0298,0.138,0.0,0.0473,0.507,104.948,228093,4
2024-10-02 17:18,The Neighbourhood,Afraid,251186,the neighbourhood - afraid,56398,The Neighbourhood,Afraid,7brQHA2CgQpcMBiOlfiXYb,74,2013,alt-rock,0.464,0.701,6,-5.693,0,0.0411,0.00892,0.309,0.335,0.356,83.996,251187,4
2024-10-02 17:21,Imagine Dragons,Enemy - From the series Arcane League of Legends,173381,imagine dragons - enemy - from the series arcane league of legends,519371,Imagine Dragons,Enemy - From the series Arcane League of Legends,5UlnuulVAVmmesw4VzqHdG,75,2021,rock,0.722,0.745,7,-4.164,1,0.256,0.247,0.0,0.419,0.52,77.029,173381,4
2024-10-02 17:21,Imagine Dragons,Enemy - From the series Arcane League of Legends,173381,imagine dragons - enemy - from the series arcane league of legends,614793,Imagine Dragons,Enemy - from the series Arcane League of Legends,45lFaFCHXmpCiiMDvtihIv,1,2023,rock,0.728,0.783,11,-4.424,0,0.266,0.237,0.0,0.434,0.555,77.011,173381,4
2024-10-02 17:28,Panic! At The Disco,House of Memories,38163,panic! at the disco - house of memories,614809,Panic! At The Disco,House of Memories,45o7a1TpJadHENVHLnR78t,0,2023,rock,0.506,0.817,11,-5.052,0,0.0336,0.00283,0.0,0.0486,0.49,109.955,208707,4
2024-10-03 00:48,Panic! At The Disco,House of Memories,171564,panic! at the disco - house of memories,614809,Panic! At The Disco,House of Memories,45o7a1TpJadHENVHLnR78t,0,2023,rock,0.506,0.817,11,-5.052,0,0.0336,0.00283,0.0,0.0486,0.49,109.955,208707,4
2024-10-03 00:53,Glass Animals,The Other Side Of Paradise,320654,glass animals - the other side of paradise,245688,Glass Animals,The Other Side Of Paradise,0rRjGruFonCGOt0S5zAJNQ,69,2016,indie-pop,0.689,0.338,11,-7.634,0,0.0629,0.349,5.7e-05,0.0649,0.568,128.012,320654,4
2024-10-03 00:57,The Neighbourhood,Reflections,244013,the neighbourhood - reflections,311045,The Neighbourhood,Reflections,2xql0pid3EUwW38AsywxhV,77,2018,alt-rock,0.648,0.594,11,-7.027,0,0.0293,0.114,0.0462,0.116,0.544,113.983,244013,4
2024-10-03 01:01,K.Flay,High Enough,231600,k.flay - high enough,271634,K.Flay,High Enough,1qwno7xb5mJe71xtMS6jl2,73,2017,electro,0.606,0.62,0,-5.005,1,0.0298,0.0301,0.0916,0.167,0.543,88.984,231600,4
2024-10-03 01:07,Crystal Castles,Transgender,184764,crystal castles - transgender,12133,Crystal Castles,Transgender,26ZzSLUJMmYp5u1hDELEWH,73,2012,dance,0.522,0.914,7,-8.285,1,0.0379,0.000164,0.847,0.24,0.0364,137.939,184760,3
2024-10-03 01:12,Ghost,Mary On A Cross,1965,ghost - mary on a cross,394310,Ghost,Mary On A Cross,2HZLXBOnaSRhXStMLrq9fD,80,2019,hard-rock,0.466,0.9,11,-4.469,1,0.0447,0.000235,0.00104,0.103,0.561,130.02,244804,4
2024-10-03 01:12,Molchat Doma,Судно (Борис Рижий),10846,molchat doma - судно (борис рижий),353240,Molchat Doma,Судно (Борис Рижий),1SHB1hp6267UK9bJQUxYvO,73,2018,punk,0.484,0.75,1,-4.176,1,0.0685,0.697,0.862,0.105,0.467,159.992,141395,4
2024-10-03 01:28,Sub Urban,Cradles,80319,sub urban - cradles,399077,Sub Urban,Cradles,5sSYvDVyP0CP9TUiqy3fuF,70,2019,indie-pop,0.537,0.586,6,-1.864,1,0.314,0.265,7.04e-05,0.175,0.624,79.056,209829,4
2024-10-03 19:03,Sub Urban,Cradles,130536,sub urban - cradles,399077,Sub Urban,Cradles,5sSYvDVyP0CP9TUiqy3fuF,70,2019,indie-pop,0.537,0.586,6,-1.864,1,0.314,0.265,7.04e-05,0.175,0.624,79.056,209829,4
2024-10-03 19:13,Bea Miller,feel something,180161,bea miller - feel something,377738,Bea Miller,feel something,7JDWhC422Gtk1Bq0mL3OTC,66,2019,dance,0.74,0.415,0,-8.914,1,0.0707,0.242,0.000156,0.319,0.156,136.029,180161,4
2024-10-03 19:16,Mild High Club,Homage,177493,mild high club - homage,235638,Mild High Club,Homage,7DcJ6fEBb7BaKuYKTwiDxK,75,2016,garage,0.546,0.465,5,-8.167,1,0.0287,0.153,0.00259,0.321,0.415,73.369,177493,4
2024-10-03 19:20,Young the Giant,Mind Over Matter,244693,young the giant - mind over matter,109698,Young the Giant,Mind Over Matter,5Az8KU81g2aLBbJN67F2CI,69,2014,alt-rock,0.466,0.763,0,-4.448,1,0.0318,0.000501,0.0,0.0973,0.293,154.914,244693,4
2024-10-03 19:23,The Neighbourhood,Wires,193080,the neighbourhood - wires,1898,The Neighbourhood,Wires,4ObATYHHvXXlJJQ4rPKU2s,48,2012,alt-rock,0.553,0.587,7,-5.924,0,0.0327,0.000439,0.326,0.329,0.28,146.045,192600,4
2024-10-03 19:26,girl in red,Body And Mind,186672,girl in red - body and mind,508605,girl in red,Body And Mind,6GFrELGVKBXRcrTNkwjSfF,60,2021,indie-pop,0.575,0.572,10,-5.928,0,0.0635,0.0718,0.0,0.0995,0.551,150.894,186672,4
2024-10-03 19:30,The Weeknd,The Hills,242253,the weeknd - the hills,197514,The Weeknd,The Hills,7fBv7CLKzipRk6EC6TWHOB,86,2015,pop,0.585,0.564,0,-7.063,0,0.0515,0.0671,0.0,0.135,0.137,113.003,242253,4
2024-10-03 19:41,alt-J,Breezeblocks,227080,alt-j - breezeblocks,43791,alt-J,Breezeblocks,3n69hLUdIsSa1WlRmjMZlW,71,2012,rock,0.615,0.658,5,-7.299,1,0.0343,0.096,0.000911,0.205,0.293,150.093,227080,4
2024-10-03 19:43,Labrinth,Formula,91869,labrinth - formula,399070,Labrinth,Formula,6EtKlIQmGPB9SX8UjDJG5s,82,2019,indie-pop,0.574,0.664,11,-6.068,1,0.0409,0.0448,0.0553,0.146,0.226,144.654,91870,4
2024-10-03 19:46,Gorillaz,Rhinestone Eyes,200173,gorillaz - rhinestone eyes,1367730,Gorillaz,Rhinestone Eyes,1foMv2HQwfQ2vntFf9HFeG,77,2010,hip-hop,0.676,0.703,8,-5.815,0,0.0302,0.0869,0.000687,0.0463,0.852,92.761,200173,4
2024-10-05 04:05,Matt Maltese,As the World Caves In,1238,matt maltese - as the world caves in,273419,Matt Maltese,As the World Caves In,4JE6agBLHGA5TaF6FlqfBD,70,2017,folk,0.331,0.45,10,-5.362,1,0.034,0.365,0.00464,0.22,0.18,123.829,218755,4
2024-10-05 04:05,MARINA,Bubblegum Bitch,1082,marina - bubblegum bitch,12117,MARINA,Bubblegum Bitch,6IbnUaczZBT34DhaD6S18F,76,2012,dance,0.495,0.856,0,-5.123,0,0.0311,0.000219,0.0,0.103,0.609,158.024,154667,4
2024-10-05 04:05,Arctic Monkeys,Arabella,3094,arctic monkeys - arabella,77595,Arctic Monkeys,Arabella,7nzsY8vlnKdvGOEE0rjAXZ,76,2013,garage,0.579,0.558,2,-6.986,1,0.0895,0.0202,1.26e-06,0.212,0.506,179.949,207357,4
2024-10-05 04:06,The Neighbourhood,Fallen Star,680,the neighbourhood - fallen star,478403,The Neighbourhood,Fallen Star,60F6pgM6H6miNr5AmjxwjL,68,2021,alt-rock,0.603,0.551,10,-6.259,0,0.0304,0.0696,0.0976,0.192,0.439,75.001,224939,4
2024-10-05 04:19,LiSA,crossing field,248946,lisa - crossing field,97071,LiSA,crossing field,4BvuZVf9KyBN3QiPfeI9hw,66,2013,rock,0.45,0.983,5,-2.246,1,0.282,0.0186,0.0,0.265,0.314,179.041,248947,4
2024-10-05 04:31,THE ORAL CIGARETTES,Kyouran Hey Kids!!,250973,the oral cigarettes - kyouran hey kids!!,245708,THE ORAL CIGARETTES,Kyouran Hey Kids!!,38kcwx5znepLWCIBID0Bwm,67,2016,indie-pop,0.526,0.981,8,-1.82,1,0.111,0.00318,0.00161,0.187,0.781,142.016,250973,4
2024-10-05 04:40,Ado,Tot Musica,195226,ado - tot musica,569486,Ado,Tot Musica,4eChbtoFoOmWQt03aRDzaJ,65,2022,pop,0.669,0.934,5,-3.948,0,0.0653,0.073,0.0,0.123,0.175,129.974,195227,4
2024-10-05 04:53,OFFICIAL HIGE DANDISM,Cry Baby,241680,official hige dandism - cry baby,519394,OFFICIAL HIGE DANDISM,Cry Baby,3IDF7N86lrcWaJEt9C1gbS,63,2021,rock,0.318,0.902,1,-4.605,1,0.131,0.0116,0.0,0.393,0.437,199.844,240285,4
2024-10-05 04:57,KANA-BOON,シルエット,240133,kana-boon - シルエット,197594,KANA-BOON,シルエット,1di1C0QI6Y92yZPYn6XYAZ,70,2015,pop,0.436,0.934,2,-2.685,1,0.0507,1.03e-05,0.14,0.321,0.384,91.481,240133,4
2024-10-05 05:00,Yoh kamiyama,YELLOW,178712,yoh kamiyama - yellow,406671,Yoh kamiyama,YELLOW,6oLejuhWNQf76ydBbtLrT9,60,2019,pop,0.786,0.719,7,-4.77,0,0.0353,0.0144,0.000638,0.0887,0.686,117.981,178712,4
2024-10-05 05:07,DEAN FUJIOKA,History Maker,193881,dean fujioka - history maker,224585,DEAN FUJIOKA,History Maker,3QjIdDDKoZRyfWDKZC4Ayb,57,2016,dance,0.397,0.668,9,-4.292,1,0.0855,0.102,0.0,0.0744,0.456,67.012,190045,4
2024-10-05 06:31,YOASOBI,たぶん,196225,yoasobi - たぶん,462289,YOASOBI,たぶん,62Lv9WcrfzJqhvYDbilJy3,66,2020,pop,0.747,0.666,5,-6.395,1,0.0324,0.146,0.000912,0.0981,0.731,90.008,258667,4
2024-10-06 03:29,Lana Del Rey,Cinnamon Girl,24110,lana del rey - cinnamon girl,406385,Lana Del Rey,Cinnamon Girl,2mdEsXPu8ZmkHRRtAdC09e,79,2019,pop,0.294,0.337,6,-10.614,0,0.036,0.814,0.414,0.14,0.135,91.781,300683,5
2024-10-06 06:44,YOASOBI,たぶん,1020,yoasobi - たぶん,462289,YOASOBI,たぶん,62Lv9WcrfzJqhvYDbilJy3,66,2020,pop,0.747,0.666,5,-6.395,1,0.0324,0.146,0.000912,0.0981,0.731,90.008,258667,4
2024-10-07 02:31,YOASOBI,たぶん,3366,yoasobi - たぶん,462289,YOASOBI,たぶん,62Lv9WcrfzJqhvYDbilJy3,66,2020,pop,0.747,0.666,5,-6.395,1,0.0324,0.146,0.000912,0.0981,0.731,90.008,258667,4
2024-10-07 02:31,Macklemore,Glorious (feat. Skylar Grey),1383,macklemore - glorious (feat. skylar grey),284860,Macklemore,Glorious (feat. Skylar Grey),0CokSRCu5hZgPxcZBaEzVE,74,2017,hip-hop,0.731,0.794,0,-5.126,0,0.0522,0.0323,2.59e-05,0.112,0.356,139.994,220454,4
2024-10-07 02:31,Twenty One Pilots,Heathens,2660,twenty one pilots - heathens,614802,Twenty One Pilots,Heathens,28dStUv9JDoGCo1qJbrcMC,3,2023,rock,0.732,0.396,4,-9.348,0,0.0286,0.0841,3.54e-05,0.105,0.548,90.025,195920,4
2024-10-07 03:41,ZAYN,I Don’t Wanna Live Forever (Fifty Shades Darker),2040,zayn - i don’t wanna live forever (fifty shades darker),264785,ZAYN,I Don’t Wanna Live Forever (Fifty Shades Darker),55n9yjI6qqXh5F2mYvUc2y,77,2017,dance,0.731,0.445,0,-8.418,1,0.0533,0.0586,1.96e-05,0.14,0.106,117.97,247160,4
2024-10-07 03:41,Twenty One Pilots,Heathens,2657,twenty one pilots - heathens,614802,Twenty One Pilots,Heathens,28dStUv9JDoGCo1qJbrcMC,3,2023,rock,0.732,0.396,4,-9.348,0,0.0286,0.0841,3.54e-05,0.105,0.548,90.025,195920,4
2024-10-07 03:41,Clean Bandit,Symphony (feat. Zara Larsson),1061,clean bandit - symphony (feat. zara larsson),264811,Clean Bandit,Symphony (feat. Zara Larsson),1x5sYLZiu9r5E43kMlt9f8,72,2017,dance,0.707,0.629,0,-4.581,0,0.0563,0.259,1.6e-05,0.138,0.457,122.863,212459,4
2024-10-07 16:48,LiSA,紅蓮華,237586,lisa - 紅蓮華,410271,LiSA,紅蓮華,0nUKU6e9COOCgO5tAUtlST,53,2019,rock,0.544,0.979,4,-2.8,0,0.153,0.00336,0.000116,0.0775,0.31,135.001,238587,4
2024-10-07 16:52,Ikimonogakari,ブルーバード,215706,ikimonogakari - ブルーバード,1097434,Ikimonogakari,ブルーバード,2XpV9sHBexcNrz0Gyf3l18,67,2006,pop,0.536,0.966,6,-2.929,0,0.0558,0.121,0.0,0.0477,0.849,152.076,215707,4
2024-10-07 16:56,TK from Ling tosite sigure,unravel,238360,tk from ling tosite sigure - unravel,146819,TK from Ling tosite sigure,unravel,1rN9QoVxw5U7TJkyaUR8C1,70,2014,pop,0.508,0.889,7,-2.755,0,0.0862,0.0495,0.0,0.0984,0.332,135.014,238360,4
2024-10-07 17:01,Nightmare,the WORLD,233200,nightmare - the world,1091288,Nightmare,the WORLD,1ShQlzjMz0XkaHt5CgMpBs,55,2006,metal,0.494,0.938,11,-2.359,0,0.0384,0.000474,0.0,0.314,0.822,95.049,234173,4
2024-10-07 17:09,DEAN FUJIOKA,History Maker,190044,dean fujioka - history maker,224585,DEAN FUJIOKA,History Maker,3QjIdDDKoZRyfWDKZC4Ayb,57,2016,dance,0.397,0.668,9,-4.292,1,0.0855,0.102,0.0,0.0744,0.456,67.012,190045,4
2024-10-07 17:13,UVERworld,Touch off,258706,uverworld - touch off,410209,UVERworld,Touch off,7CSTVNXkW2AbmNktlP1hi2,60,2019,rock,0.411,0.894,4,-3.815,0,0.0465,2.36e-05,0.000447,0.447,0.195,99.607,258707,4
2024-10-07 17:24,OFFICIAL HIGE DANDISM,Mixed Nuts,213438,official hige dandism - mixed nuts,569509,OFFICIAL HIGE DANDISM,Mixed Nuts,3RFL9hE5cBocBsjD5XLJLQ,64,2022,pop,0.542,0.918,6,-5.074,1,0.0937,0.0101,0.0,0.259,0.784,150.094,213438,4
2024-10-07 21:25,ZAYN,I Don’t Wanna Live Forever (Fifty Shades Darker),1260,zayn - i don’t wanna live forever (fifty shades darker),264785,ZAYN,I Don’t Wanna Live Forever (Fifty Shades Darker),55n9yjI6qqXh5F2mYvUc2y,77,2017,dance,0.731,0.445,0,-8.418,1,0.0533,0.0586,1.96e-05,0.14,0.106,117.97,247160,4
2024-10-07 21:26,Conan Gray,Heather,2635,conan gray - heather,461994,Conan Gray,Heather,4xqrdfXkTW4T0RauPLv3WA,85,2020,pop,0.357,0.425,5,-7.301,1,0.0333,0.584,0.0,0.322,0.27,102.078,198040,3
2024-10-07 21:30,Coldplay,Viva La Vida,242373,coldplay - viva la vida,612579,Coldplay,Viva La Vida,1uEgwhOGCHr4dHZEcT9K0R,0,2023,pop,0.486,0.617,5,-7.115,0,0.0287,0.0954,3.23e-06,0.109,0.417,138.015,242373,4
2024-10-07 21:33,Julia Michaels,Issues,176320,julia michaels - issues,264790,Julia Michaels,Issues,7vu0JkJh0ldukEYbTVcqd0,73,2017,dance,0.728,0.415,8,-6.852,1,0.0639,0.401,0.0,0.0616,0.455,114.145,176320,4
2024-10-07 21:36,Vance Joy,Riptide,204280,vance joy - riptide,74623,Vance Joy,Riptide,423RKXolCbgBbkF8WanOwA,44,2013,folk,0.484,0.731,1,-6.694,1,0.0379,0.431,0.0,0.151,0.51,101.654,204280,4
2024-10-07 21:39,Conan Gray,People Watching,158536,conan gray - people watching,515647,Conan Gray,People Watching,4JeOesjcWWlprTAvucDSJX,67,2021,pop,0.53,0.593,5,-7.286,1,0.0545,0.385,0.0,0.314,0.538,125.723,158537,4
2024-10-07 21:43,The Neighbourhood,Sweater Weather,240400,the neighbourhood - sweater weather,1800,The Neighbourhood,Sweater Weather,4pGqFOfzvfe6avb9kbZicC,60,2012,alt-rock,0.695,0.615,7,-5.325,0,0.042,0.15,0.000212,0.0879,0.414,124.015,240040,4
2024-10-07 21:45,The Lumineers,Ophelia,160097,the lumineers - ophelia,232722,The Lumineers,Ophelia,3d8y0t70g7hw2FOWl9Z4Fm,74,2016,folk,0.664,0.573,5,-6.519,1,0.0277,0.613,0.000363,0.0857,0.566,76.023,160097,4
2024-10-07 21:52,Conan Gray,Maniac,185773,conan gray - maniac,462007,Conan Gray,Maniac,6KfoDhO4XUWSbnyKjNp9c4,77,2020,pop,0.628,0.639,8,-5.46,1,0.0435,0.00162,0.0,0.354,0.493,108.045,185773,4
2024-10-07 21:56,AURORA,Runaway,248826,aurora - runaway,146778,AURORA,Runaway,23rdcrD0Eky4vYn2TZidxJ,73,2014,pop,0.459,0.276,11,-10.339,1,0.036,0.63,9.5e-05,0.104,0.128,114.169,248827,4
2024-10-07 21:59,Rixton,Me And My Broken Heart,193733,rixton - me and my broken heart,119681,Rixton,Me And My Broken Heart,1oew3nFNY3vMacJAsvry0S,76,2014,dance,0.545,0.783,5,-4.261,0,0.0345,0.00489,0.0,0.132,0.551,174.084,193733,4
2024-10-08 16:22,Shawn Mendes,Stitches,206880,shawn mendes - stitches,197525,Shawn Mendes,Stitches,5jsw9uXEGuKyJzs0boZ1bT,74,2015,pop,0.752,0.754,1,-6.684,1,0.0615,0.0151,0.0,0.0486,0.755,149.789,206880,4
2024-10-08 16:26,Train,Drive By,195973,train - drive by,12119,Train,Drive By,0KAiuUOrLTIkzkpfpn9jb9,76,2012,dance,0.765,0.837,1,-3.113,0,0.032,0.00107,1.06e-05,0.0801,0.721,122.028,195973,4
2024-10-08 16:29,Capital Cities,Safe and Sound,192789,capital cities - safe and sound,97060,Capital Cities,Safe And Sound,6Z8R6UsFuGXGtiIxiD8ISb,81,2013,rock,0.655,0.819,0,-4.852,1,0.0316,0.000176,0.00374,0.104,0.766,117.956,192790,5
2024-10-08 16:35,Train,"Hey, Soul Sister",149360,"train - hey, soul sister",321327,Train,"Hey, Soul Sister",5SFJRXA0zX2xFIZHBXcnI5,48,2018,dance,0.67,0.868,1,-5.566,0,0.0417,0.17,0.0,0.0826,0.772,97.053,216907,4
2024-10-08 16:38,Kodaline,Brother,203186,kodaline - brother,350232,Kodaline,Brother,65gLJGey4u4KFFqoC5fzFJ,73,2018,pop,0.519,0.625,10,-5.909,1,0.0482,0.349,0.0,0.121,0.21,120.103,203187,4
2024-10-08 16:42,Taylor Swift,Don’t Blame Me,236413,taylor swift - don’t blame me,293464,Taylor Swift,Don’t Blame Me,1R0a2iXumgCiFb7HEZ7gUE,85,2017,pop,0.615,0.534,9,-6.719,0,0.0386,0.106,1.76e-05,0.0607,0.193,135.917,236413,4
2024-10-08 16:46,Vance Joy,Saturday Sun,214720,vance joy - saturday sun,329566,Vance Joy,Saturday Sun,2RiBogNRfulkNf7fVbPOrJ,68,2018,folk,0.637,0.864,8,-4.381,1,0.0468,0.484,0.0,0.222,0.706,99.995,214720,4
2024-10-08 16:48,UPSAHL,People I Don't Like,142765,upsahl - people i don't like,439851,UPSAHL,People I Don't Like,5srKMwXoeyrRnyTnNbpgIW,66,2020,electro,0.747,0.573,11,-6.562,0,0.295,0.268,0.0,0.302,0.551,90.036,142766,4
2024-10-08 16:50,yama,色彩,139672,yama - 色彩,569489,yama,色彩,1uveEvgKX4irLcp1BUTIFD,71,2022,pop,0.581,0.926,7,-3.268,0,0.0662,0.176,0.0,0.251,0.874,117.04,192176,4
2024-10-08 17:22,OneRepublic,Counting Stars,94724,onerepublic - counting stars,146275,OneRepublic,Counting Stars,6sy3LkhNFjJWlaeSMNwQ62,76,2014,piano,0.664,0.705,1,-4.972,0,0.0382,0.0654,0.0,0.115,0.477,122.017,257840,4
2024-10-08 21:10,OneRepublic,Counting Stars,4217,onerepublic - counting stars,146275,OneRepublic,Counting Stars,6sy3LkhNFjJWlaeSMNwQ62,76,2014,piano,0.664,0.705,1,-4.972,0,0.0382,0.0654,0.0,0.115,0.477,122.017,257840,4
2024-10-08 21:13,Fall Out Boy,Centuries,187790,fall out boy - centuries,176367,Fall Out Boy,Centuries,04aAxqtGp5pv12UXAg4pkq,78,2015,emo,0.393,0.858,4,-2.868,0,0.0729,0.00359,0.0,0.102,0.56,176.042,228360,4
2024-10-08 21:14,Gym Class Heroes,Stereo Hearts (feat. Adam Levine),1863,gym class heroes - stereo hearts (feat. adam levine),1412784,Gym Class Heroes,Stereo Hearts (feat. Adam Levine),0qOnSQQF0yzuPWsXrQ9paz,80,2011,dance,0.646,0.795,9,-3.293,1,0.0976,0.0319,0.0,0.267,0.796,89.99,210960,4
2024-10-08 21:14,Lorde,Royals,1740,lorde - royals,93571,Lorde,Royals,2dLLR6qlu5UJ5gk0dKz0h3,78,2013,pop,0.674,0.428,7,-9.504,1,0.122,0.121,0.0,0.132,0.337,84.878,190185,4
2024-10-08 21:18,The Chainsmokers,Closer,244960,the chainsmokers - closer,224450,The Chainsmokers,Closer,7BKLCZ1jbUBVqRi2FVlTVw,83,2016,dance,0.748,0.524,8,-5.599,1,0.0338,0.414,0.0,0.111,0.661,95.01,244960,4
2024-10-08 21:22,Lana Del Rey,Young And Beautiful,236053,lana del rey - young and beautiful,93567,Lana Del Rey,Young And Beautiful,2nMeu6UenVvwUktBCpLMK9,81,2013,pop,0.324,0.416,11,-8.92,0,0.0368,0.262,3.69e-05,0.11,0.151,113.986,236053,4
2024-10-08 21:26,Sia,Chandelier,216120,sia - chandelier,197535,Sia,Chandelier,2s1sdSqGcKxpPr5lCl7jAV,69,2015,pop,0.399,0.787,1,-2.88,1,0.0499,0.0197,6.07e-05,0.0685,0.572,117.089,216120,5
2024-10-08 21:29,DNCE,Cake By The Ocean,219146,dnce - cake by the ocean,224455,DNCE,Cake By The Ocean,76hfruVvmfQbw0eYn1nmeC,79,2016,dance,0.774,0.753,4,-5.446,0,0.0517,0.152,0.0,0.0371,0.896,119.002,219147,4
2024-10-08 21:41,KALEO,Way down We Go,213706,kaleo - way down we go,214654,KALEO,Way down We Go,0y1QJc3SJVPKJ1OvFmFqe6,78,2016,alt-rock,0.489,0.505,10,-8.022,0,0.117,0.579,0.000333,0.104,0.337,163.255,213707,4
2024-10-08 22:03,Fitz and The Tantrums,Out of My League,106679,fitz and the tantrums - out of my league,56397,Fitz and The Tantrums,Out of My League,2AYEOC02WLhUiOoaig2SEH,71,2013,alt-rock,0.545,0.968,9,-3.553,0,0.0853,0.0387,0.00325,0.331,0.527,169.965,209386,4
2024-10-09 06:15,The Lumineers,Ho Hey,2422,the lumineers - ho hey,20740,The Lumineers,Ho Hey,0W4Kpfp1w2xkY3PrV714B7,73,2012,folk,0.685,0.466,0,-9.074,1,0.0304,0.794,2.06e-06,0.0915,0.353,79.936,163133,4
2024-10-09 06:15,Katy Perry,Dark Horse,1146,katy perry - dark horse,66273,Katy Perry,Dark Horse,4jbmgIyjGoXjY01XxatOx6,78,2013,dance,0.647,0.585,6,-6.123,1,0.0512,0.00314,0.0,0.165,0.353,131.934,215672,4
2024-10-09 06:15,Shawn Mendes,There's Nothing Holdin' Me Back,1184,shawn mendes - there's nothing holdin' me back,264770,Shawn Mendes,There's Nothing Holdin' Me Back,7JJmb5XwzOO8jgpou264Ml,85,2017,dance,0.866,0.813,11,-4.063,0,0.0554,0.38,0.0,0.0779,0.969,121.998,199440,4
2024-10-09 06:15,Fitz and The Tantrums,Out of My League,1791,fitz and the tantrums - out of my league,56397,Fitz and The Tantrums,Out of My League,2AYEOC02WLhUiOoaig2SEH,71,2013,alt-rock,0.545,0.968,9,-3.553,0,0.0853,0.0387,0.00325,0.331,0.527,169.965,209386,4
2024-10-09 06:25,Martin Garrix,Scared to Be Lonely,700,martin garrix - scared to be lonely,264805,Martin Garrix,Scared to Be Lonely,3ebXMykcMXOcLeJ9xZ17XH,76,2017,dance,0.584,0.54,1,-7.786,0,0.0576,0.0895,0.0,0.261,0.195,137.972,220883,4
2024-10-09 06:25,Martin Garrix,Scared to Be Lonely,700,martin garrix - scared to be lonely,295813,Martin Garrix,Scared To Be Lonely,0LoNN3u8s92Ef5tHJd521t,13,2017,progressive-house,0.578,0.55,1,-7.751,0,0.0677,0.0722,0.0,0.561,0.189,137.943,219573,4
2024-10-11 00:45,Martin Garrix,Scared to Be Lonely,22171,martin garrix - scared to be lonely,264805,Martin Garrix,Scared to Be Lonely,3ebXMykcMXOcLeJ9xZ17XH,76,2017,dance,0.584,0.54,1,-7.786,0,0.0576,0.0895,0.0,0.261,0.195,137.972,220883,4
2024-10-11 00:45,Martin Garrix,Scared to Be Lonely,22171,martin garrix - scared to be lonely,295813,Martin Garrix,Scared To Be Lonely,0LoNN3u8s92Ef5tHJd521t,13,2017,progressive-house,0.578,0.55,1,-7.751,0,0.0677,0.0722,0.0,0.561,0.189,137.943,219573,4
2024-10-11 18:37,The Kid LAROI,STAY (with Justin Bieber),770,the kid laroi - stay (with justin bieber),506685,The Kid LAROI,STAY (with Justin Bieber),5HCyWlXZPP0y6Gqq8TgA20,85,2021,hip-hop,0.591,0.764,1,-5.484,1,0.0483,0.0383,0.0,0.103,0.478,169.928,141806,4
2024-10-11 18:37,Alan Walker,On My Way,468,alan walker - on my way,384358,Alan Walker,On My Way,4n7jnSxVLd8QioibtTDBDq,72,2019,electro,0.509,0.689,1,-4.929,0,0.102,0.0209,0.0,0.301,0.297,170.087,193798,4
2024-10-11 18:37,Imagine Dragons,Whatever It Takes,549,imagine dragons - whatever it takes,297310,Imagine Dragons,Whatever It Takes,6Qn5zhYkTa37e91HC1D7lb,80,2017,rock,0.672,0.655,10,-5.021,0,0.0311,0.0362,0.0,0.117,0.556,134.945,201240,4
2024-10-11 18:37,Major Lazer,Lean On,606,major lazer - lean on,174630,Major Lazer,Lean On,1Lim1Py7xBgbAkAys3AGAG,71,2015,edm,0.723,0.809,7,-3.081,0,0.0625,0.00346,0.00123,0.565,0.274,98.007,176561,4
2024-10-11 18:37,Macklemore,Glorious (feat. Skylar Grey),1860,macklemore - glorious (feat. skylar grey),284860,Macklemore,Glorious (feat. Skylar Grey),0CokSRCu5hZgPxcZBaEzVE,74,2017,hip-hop,0.731,0.794,0,-5.126,0,0.0522,0.0323,2.59e-05,0.112,0.356,139.994,220454,4
2024-10-11 18:37,Panic! At The Disco,High Hopes,3169,panic! at the disco - high hopes,354035,Panic! At The Disco,High Hopes,1rqqCSm0Qe4I9rUvWncaom,80,2018,rock,0.579,0.904,5,-2.729,1,0.0618,0.193,0.0,0.064,0.681,82.014,190947,4
2024-10-11 18:45,Joi Barua,Dil Dhadakne Do,230318,joi barua - dil dhadakne do,1439779,Joi Barua,Dil Dhadakne Do,46elU7IBKWf55D5sjHGqO7,59,2011,indian,0.778,0.599,2,-4.758,1,0.032,0.0705,0.0,0.59,0.949,116.951,230319,4
2024-10-11 19:32,Vishal-Shekhar,Sadka,324758,vishal-shekhar - sadka,1381283,Vishal-Shekhar,Sadka,4dPeCbg2Op44s9kwyMS3ZT,54,2010,pop-film,0.678,0.547,7,-6.89,1,0.0286,0.232,0.000176,0.0785,0.579,143.892,343587,4
2024-10-11 20:03,Vishal-Shekhar,Sadka,19831,vishal-shekhar - sadka,1381283,Vishal-Shekhar,Sadka,4dPeCbg2Op44s9kwyMS3ZT,54,2010,pop-film,0.678,0.547,7,-6.89,1,0.0286,0.232,0.000176,0.0785,0.579,143.892,343587,4
2024-10-11 20:05,Vishal-Shekhar,Bahara,118601,vishal-shekhar - bahara,1380984,Vishal-Shekhar,Bahara,1gwO79MdYdumgIjxq8eCxB,62,2010,pop,0.595,0.739,5,-6.733,1,0.0359,0.0716,6.98e-06,0.134,0.722,87.834,325707,4
2024-10-11 20:09,Arijit Singh,"Tera Yaar Hoon Main (From ""Sonu Ke Titu Ki Sweety"")",206186,"arijit singh - tera yaar hoon main (from ""sonu ke titu ki sweety"")",350968,Arijit Singh,"Tera Yaar Hoon Main (From ""Sonu Ke Titu Ki Sweety"")",1Apk7v87QHLNYqrsT0zhE8,20,2018,pop-film,0.559,0.541,10,-5.525,1,0.0313,0.34,4.66e-06,0.102,0.309,83.978,264806,4
2024-10-11 20:14,Vishal Dadlani,Ik Junoon (Paint It Red),299119,vishal dadlani - ik junoon (paint it red),1451643,Vishal Dadlani,Ik Junoon (Paint It Red),7e6qTHVfRdaYsio90s1fHC,58,2011,pop,0.79,0.848,2,-7.798,1,0.0508,0.364,0.00147,0.148,0.641,127.034,299119,4
2024-10-11 20:39,Pritam,Tum Se Hi,144211,pritam - tum se hi,1156502,Pritam,Tum Se Hi,7eQl3Yqv35ioqUfveKHitE,75,2007,indian,0.609,0.538,6,-7.842,1,0.0273,0.328,0.0,0.125,0.608,130.015,321225,4
2024-10-12 00:09,George Ezra,Blame It on Me,1530,george ezra - blame it on me,127960,George Ezra,Blame It on Me,2vzMWO0T008m86yDnXwkII,67,2014,folk,0.537,0.757,3,-3.374,1,0.0274,0.473,0.0,0.341,0.421,103.882,196400,4
2024-10-12 00:13,George Ezra,Blame It on Me,180009,george ezra - blame it on me,127960,George Ezra,Blame It on Me,2vzMWO0T008m86yDnXwkII,67,2014,folk,0.537,0.757,3,-3.374,1,0.0274,0.473,0.0,0.341,0.421,103.882,196400,4
2024-10-12 00:15,George Ezra,Blame It on Me,0,george ezra - blame it on me,127960,George Ezra,Blame It on Me,2vzMWO0T008m86yDnXwkII,67,2014,folk,0.537,0.757,3,-3.374,1,0.0274,0.473,0.0,0.341,0.421,103.882,196400,4
2024-10-12 00:15,George Ezra,Blame It on Me,3765,george ezra - blame it on me,127960,George Ezra,Blame It on Me,2vzMWO0T008m86yDnXwkII,67,2014,folk,0.537,0.757,3,-3.374,1,0.0274,0.473,0.0,0.341,0.421,103.882,196400,4
2024-10-12 00:19,George Ezra,Blame It on Me,2243,george ezra - blame it on me,127960,George Ezra,Blame It on Me,2vzMWO0T008m86yDnXwkII,67,2014,folk,0.537,0.757,3,-3.374,1,0.0274,0.473,0.0,0.341,0.421,103.882,196400,4
2024-10-12 00:24,Chappell Roan,Pink Pony Club,90006,chappell roan - pink pony club,562220,Chappell Roan,Pink Pony Club,6rcuy6XqlB9bqvtIRDl25u,49,2022,indie-pop,0.613,0.646,6,-6.393,1,0.0451,0.406,0.0,0.112,0.47,106.958,258035,4
2024-10-12 16:08,Pritam,Tum Se Hi,177039,pritam - tum se hi,1156502,Pritam,Tum Se Hi,7eQl3Yqv35ioqUfveKHitE,75,2007,indian,0.609,0.538,6,-7.842,1,0.0273,0.328,0.0,0.125,0.608,130.015,321225,4
2024-10-12 16:18,Ajay-Atul,Abhi Mujh Mein Kahin,364786,ajay-atul - abhi mujh mein kahin,1451677,Ajay-Atul,Abhi Mujh Mein Kahin,73y649QhnXdcm6fRdvfraO,64,2011,pop,0.334,0.387,2,-9.483,1,0.0332,0.755,3.94e-05,0.113,0.42,129.959,364787,1
2024-10-12 16:24,Vishal-Shekhar,Sadka,343586,vishal-shekhar - sadka,1381283,Vishal-Shekhar,Sadka,4dPeCbg2Op44s9kwyMS3ZT,54,2010,pop-film,0.678,0.547,7,-6.89,1,0.0286,0.232,0.000176,0.0785,0.579,143.892,343587,4
2024-10-12 16:30,Armaan Malik,"Tere Mere (From ""Chef"")",343544,"armaan malik - tere mere (from ""chef"")",293794,Armaan Malik,"Tere Mere (From ""Chef"")",4lBO4Q7Pa816Mk3ptYcYUz,55,2017,pop-film,0.373,0.672,4,-5.797,1,0.0326,0.154,4.28e-05,0.321,0.47,84.503,343544,4
2024-10-12 17:30,Pritam,Tum Mile,115057,pritam - tum mile,245097,Pritam,Tum Mile,67JjRNMOsAxl7jR2oKEk7z,14,2016,indian,0.738,0.798,0,-6.663,1,0.0334,0.32,5.15e-06,0.31,0.793,123.01,343787,4
2024-10-13 21:09,Yeah Yeah Yeahs,Maps,48786,yeah yeah yeahs - maps,858773,Yeah Yeah Yeahs,Maps,0hDQV9X1Da5JrwhK8gu86p,66,2003,alt-rock,0.502,0.941,7,-5.194,1,0.0716,0.000346,0.319,0.553,0.124,119.783,219987,4
2024-10-13 21:10,Atif Aslam,Be Intehaan,13786,atif aslam - be intehaan,40638,Atif Aslam,Be Intehaan,6g0HHWLJwfe2PlbgHi8pBj,62,2012,pop-film,0.56,0.696,7,-5.583,1,0.0473,0.535,0.0,0.325,0.39,128.849,290867,4
2024-10-13 21:10,BTS,ON,7605,bts - on,456863,BTS,ON,0fZRNhPJ4AGmwY7rkpdbqK,71,2020,k-pop,0.583,0.817,9,-5.146,0,0.099,0.118,0.0,0.338,0.437,105.935,246381,4
2024-10-13 21:16,Chappell Roan,Pink Pony Club,389725,chappell roan - pink pony club,562220,Chappell Roan,Pink Pony Club,6rcuy6XqlB9bqvtIRDl25u,49,2022,indie-pop,0.613,0.646,6,-6.393,1,0.0451,0.406,0.0,0.112,0.47,106.958,258035,4
2024-10-13 21:20,Katy Perry,Rise,203474,katy perry - rise,224545,Katy Perry,Rise,1CwNogTShsnsn1C8UhRmYX,61,2016,dance,0.553,0.639,11,-6.445,1,0.0458,0.0468,0.0,0.107,0.442,101.418,203475,4
2024-10-13 21:23,ILLENIUM,Story Of My Life (feat. Trippie Redd),191124,illenium - story of my life (feat. trippie redd),487951,ILLENIUM,Story Of My Life (feat. Trippie Redd),1g7j5AxiNKTGjryhFIlAsA,63,2021,dance,0.521,0.892,3,-4.029,1,0.0433,0.0539,0.0,0.117,0.369,96.991,191124,4
2024-10-14 08:54,Ellie Goulding,Hate Me (with Juice WRLD),1298,ellie goulding - hate me (with juice wrld),377683,Ellie Goulding,Hate Me (with Juice WRLD),6kls8cSlUyHW2BUOkDJIZE,72,2019,dance,0.657,0.768,8,-4.628,1,0.0507,0.108,0.0,0.144,0.759,75.025,186223,4
2024-10-14 08:54,5 Seconds of Summer,Youngblood,7300,5 seconds of summer - youngblood,321020,5 Seconds of Summer,Youngblood,2iUXsYOEPhVqEBwsqP70rE,79,2018,dance,0.596,0.854,7,-5.114,0,0.463,0.0169,0.0,0.124,0.152,120.274,203418,4
2024-10-14 08:54,Zedd,365,1171,zedd - 365,377816,Zedd,365,2XWjPtKdi5sucFYtVav07d,64,2019,dance,0.745,0.693,2,-5.479,0,0.034,0.339,0.0,0.123,0.248,98.039,181900,4
2024-10-14 09:58,PUBLIC,Make You Mine,660,public - make you mine,410165,PUBLIC,Make You Mine,5iFwAOB2TFkPJk8sMlxP8g,75,2019,rock,0.606,0.799,9,-4.452,1,0.0261,0.0128,0.0,0.15,0.638,103.014,232907,4
2024-10-14 19:11,PUBLIC,Make You Mine,232261,public - make you mine,410165,PUBLIC,Make You Mine,5iFwAOB2TFkPJk8sMlxP8g,75,2019,rock,0.606,0.799,9,-4.452,1,0.0261,0.0128,0.0,0.15,0.638,103.014,232907,4
2024-10-14 19:18,Ed Sheeran,Lego House,185093,ed sheeran - lego house,1450873,Ed Sheeran,Lego House,5ubHAQtKuFfiG4FXfLP804,72,2011,pop,0.592,0.637,11,-8.48,1,0.0992,0.562,0.0,0.13,0.565,159.701,185093,4
2024-10-14 19:21,Shawn Mendes,Treat You Better,187973,shawn mendes - treat you better,264771,Shawn Mendes,Treat You Better,3QGsuHI8jO1Rx4JWLUh9jd,83,2017,dance,0.444,0.819,10,-4.078,0,0.341,0.106,0.0,0.107,0.747,82.695,187973,4
2024-10-14 19:25,MARINA,About Love - From The Netflix Film “To All The Boys: P.S. I Still Love You”,214040,marina - about love - from the netflix film “to all the boys: p.s. i still love you”,433604,MARINA,About Love - From The Netflix Film “To All The Boys: P.S. I Still Love You”,4XII12nbsvJblXfG1I2QR4,55,2020,dance,0.636,0.758,0,-5.567,1,0.0427,0.331,1.01e-05,0.16,0.281,97.025,214107,4
2024-10-14 19:29,Avicii,Wake Me Up,247426,avicii - wake me up,66269,Avicii,Wake Me Up,0nrRP2bk19rLc0orkWPQk2,84,2013,dance,0.532,0.783,2,-5.697,1,0.0523,0.0038,0.0012,0.161,0.643,124.08,247427,4
2024-10-14 19:33,Taylor Swift,Delicate,232253,taylor swift - delicate,293475,Taylor Swift,Delicate,6NFyWDv5CjfwuzoCkw47Xf,78,2017,pop,0.75,0.404,9,-10.178,0,0.0682,0.216,0.000357,0.0911,0.0499,95.045,232253,4
2024-10-14 19:36,Lewis Capaldi,Someone You Loved,182160,lewis capaldi - someone you loved,350270,Lewis Capaldi,Someone You Loved,2TIlqbIneP0ZY1O0EzYLlc,71,2018,pop,0.501,0.405,1,-5.679,1,0.0319,0.751,0.0,0.105,0.446,109.891,182161,4
2024-10-14 19:44,OneRepublic,Counting Stars,257266,onerepublic - counting stars,146275,OneRepublic,Counting Stars,6sy3LkhNFjJWlaeSMNwQ62,76,2014,piano,0.664,0.705,1,-4.972,0,0.0382,0.0654,0.0,0.115,0.477,122.017,257840,4
2024-10-14 19:47,Wallows,Are You Bored Yet? (feat. Clairo),178000,wallows - are you bored yet? (feat. clairo),399066,Wallows,Are You Bored Yet? (feat. Clairo),57RA3JGafJm5zRtKJiKPIm,77,2019,indie-pop,0.682,0.683,8,-6.444,0,0.0287,0.156,2.32e-05,0.273,0.64,120.023,178000,4
2024-10-14 19:49,BANNERS,Someone to You,100529,banners - someone to you,286620,BANNERS,Someone To You,14BH4qO7pgCmIe6mgLKOK3,71,2017,indie-pop,0.468,0.936,2,-3.683,1,0.0455,0.00568,0.0,0.24,0.663,75.05,219800,4
2024-10-15 01:54,The Neighbourhood,Daddy Issues,1464,the neighbourhood - daddy issues,162916,The Neighbourhood,Daddy Issues,5E30LdtzQTGqRvNd7l6kG5,84,2015,alt-rock,0.588,0.521,10,-9.461,1,0.0329,0.0678,0.149,0.123,0.337,85.012,260173,4
2024-10-15 01:54,Zedd,Stay,1153,zedd - stay,264788,Zedd,Stay,6uBhi9gBXWjanegOb2Phh0,74,2017,dance,0.69,0.622,5,-5.025,0,0.0622,0.253,0.0,0.116,0.544,102.04,210091,4
2024-10-15 01:54,Sia,Unstoppable,822,sia - unstoppable,224449,Sia,Unstoppable,1yvMUkIOTeUNtNWlWRgANS,81,2016,dance,0.468,0.779,9,-4.839,1,0.0779,0.112,0.000373,0.101,0.26,173.799,217747,4
2024-10-15 01:54,ZAYN,There You Are,1925,zayn - there you are,321199,ZAYN,There You Are,5y4XJ9UFS5eOdoYPF5pSAE,63,2018,dance,0.452,0.688,0,-4.84,0,0.0385,0.0263,0.0,0.11,0.313,76.99,199600,4
2024-10-15 01:57,Dove Cameron,Boyfriend,153000,dove cameron - boyfriend,569224,Dove Cameron,Boyfriend,59CfNbkERJ3NoTXDvoURjj,81,2022,pop,0.345,0.612,7,-6.543,0,0.0608,0.232,0.0,0.194,0.232,179.773,153000,3
2024-10-15 02:00,Avicii,The Nights,176658,avicii - the nights,119670,Avicii,The Nights,0ct6r3EGTcMLPtrXHDvVjc,84,2014,dance,0.527,0.835,6,-5.298,1,0.0433,0.0166,0.0,0.249,0.654,125.983,176658,4
2024-10-15 02:03,Alessia Cara,Scars To Your Beautiful,230226,alessia cara - scars to your beautiful,175407,Alessia Cara,Scars To Your Beautiful,0wI7QkCcs8FUQE1OkXUIqd,77,2015,electro,0.573,0.739,0,-5.74,1,0.129,0.0285,0.0,0.111,0.451,97.085,230240,4
2024-10-15 02:07,Troye Sivan,Happy Little Pill,224874,troye sivan - happy little pill,119910,Troye Sivan,Happy Little Pill,4z8Ll8nU1jMqB8HvKTyLP1,50,2014,dance,0.567,0.593,4,-7.127,0,0.0375,0.000848,2.09e-06,0.114,0.0398,91.703,224874,4
2024-10-15 02:25,Chappell Roan,My Kink Is Karma,74187,chappell roan - my kink is karma,562106,Chappell Roan,My Kink is Karma,5nutMjOPSSB9I9CUGOg8lm,53,2022,indie-pop,0.582,0.526,2,-6.201,1,0.0624,0.0621,0.0,0.0847,0.273,86.256,222578,4
2024-10-15 19:05,Chappell Roan,My Kink Is Karma,149396,chappell roan - my kink is karma,562106,Chappell Roan,My Kink is Karma,5nutMjOPSSB9I9CUGOg8lm,53,2022,indie-pop,0.582,0.526,2,-6.201,1,0.0624,0.0621,0.0,0.0847,0.273,86.256,222578,4
2024-10-15 19:10,Halsey,Colors,249499,halsey - colors,175423,Halsey,Colors,1TnUURhehaoMWKAqQtirm6,65,2015,electro,0.512,0.812,1,-4.809,1,0.0617,0.0534,0.0,0.092,0.521,100.02,249500,4
2024-10-15 19:13,DJ Snake,Let Me Love You,205946,dj snake - let me love you,224458,DJ Snake,Let Me Love You,0lYBSQXN6rCTvUZvg9S0lU,82,2016,dance,0.649,0.716,8,-5.371,1,0.0349,0.0863,2.63e-05,0.135,0.163,99.988,205947,4
2024-10-15 19:16,Camila Cabello,Shameless,165849,camila cabello - shameless,377675,Camila Cabello,Shameless,2ogKhhoMClkFXek7ZgxAhN,78,2019,dance,0.377,0.651,4,-5.437,0,0.0589,0.0197,5.31e-05,0.174,0.0851,129.607,219742,4
2024-10-15 19:19,Lana Del Rey,Young And Beautiful,179209,lana del rey - young and beautiful,93567,Lana Del Rey,Young And Beautiful,2nMeu6UenVvwUktBCpLMK9,81,2013,pop,0.324,0.416,11,-8.92,0,0.0368,0.262,3.69e-05,0.11,0.151,113.986,236053,4
2024-10-15 19:19,Panic! At The Disco,This Is Gospel,34086,panic! at the disco - this is gospel,97065,Panic! At The Disco,This Is Gospel,3yZQk5PC52CCmT4ZaTIKvv,65,2013,rock,0.572,0.912,7,-4.875,1,0.0707,0.00155,1.2e-06,0.102,0.606,156.073,187187,4
2024-10-15 19:20,Maroon 5,Payphone,4370,maroon 5 - payphone,40350,Maroon 5,Payphone,4P0osvTXoSYZZC2n8IFH3c,70,2012,pop,0.739,0.756,4,-4.828,1,0.0394,0.0136,0.0,0.37,0.523,110.028,231387,4
2024-10-15 19:23,Billie Eilish,lovely (with Khalid),200185,billie eilish - lovely (with khalid),350203,Billie Eilish,lovely (with Khalid),0u2P5u6lvoDfwTYjAADbn4,87,2018,pop,0.351,0.296,4,-10.109,0,0.0333,0.934,0.0,0.095,0.12,115.284,200186,4
2024-10-15 19:54,Mike Perry,The Ocean (feat. Shy Martin),84043,mike perry - the ocean (feat. shy martin),224539,Mike Perry,The Ocean (feat. Shy Martin),2CPqh63wRVscbceKcPxwvv,68,2016,dance,0.632,0.575,5,-6.478,1,0.029,0.0225,1.81e-06,0.104,0.188,90.037,183414,4
2024-10-17 01:32,Mike Perry,The Ocean (feat. Shy Martin),6679,mike perry - the ocean (feat. shy martin),224539,Mike Perry,The Ocean (feat. Shy Martin),2CPqh63wRVscbceKcPxwvv,68,2016,dance,0.632,0.575,5,-6.478,1,0.029,0.0225,1.81e-06,0.104,0.188,90.037,183414,4
2024-10-17 01:33,Halsey,Walls Could Talk,81518,halsey - walls could talk,264782,Halsey,Walls Could Talk,5ln5yQdUywVbf8HhFsOcd6,74,2017,dance,0.626,0.423,1,-6.035,1,0.0513,0.128,0.0,0.18,0.571,95.162,101790,4
2024-10-17 01:40,Wallows,Are You Bored Yet? (feat. Clairo),178000,wallows - are you bored yet? (feat. clairo),399066,Wallows,Are You Bored Yet? (feat. Clairo),57RA3JGafJm5zRtKJiKPIm,77,2019,indie-pop,0.682,0.683,8,-6.444,0,0.0287,0.156,2.32e-05,0.273,0.64,120.023,178000,4
2024-10-17 01:44,Fitz and The Tantrums,Out of My League,209386,fitz and the tantrums - out of my league,56397,Fitz and The Tantrums,Out of My League,2AYEOC02WLhUiOoaig2SEH,71,2013,alt-rock,0.545,0.968,9,-3.553,0,0.0853,0.0387,0.00325,0.331,0.527,169.965,209386,4
2024-10-17 01:47,Shawn Mendes,If I Can't Have You,190800,shawn mendes - if i can't have you,377716,Shawn Mendes,If I Can't Have You,6LsAAHotRLMOHfCsSfYCsz,70,2019,dance,0.692,0.809,2,-4.198,1,0.0602,0.524,0.0,0.147,0.864,123.911,190800,4
2024-10-17 01:55,Taylor Swift,Style,231000,taylor swift - style,146766,Taylor Swift,Style,4lIxdJw6W3Fg4vUIYCB0S5,74,2014,pop,0.598,0.786,2,-5.572,1,0.0383,0.00253,0.0016,0.117,0.456,95.019,231000,4
2024-10-17 15:20,Julia Michaels,What A Time (feat. Niall Horan),173306,julia michaels - what a time (feat. niall horan),377674,Julia Michaels,What A Time (feat. Niall Horan),5WtfUKzXircvW8l5aaVZWT,78,2019,dance,0.516,0.467,0,-6.184,1,0.0302,0.662,0.0,0.0853,0.386,132.861,173307,4
2024-10-17 15:24,Maggie Lindemann,Couple of Kids,214041,maggie lindemann - couple of kids,197881,Maggie Lindemann,Couple of Kids,0aLJRIFLFZ0Tjr8XZb2uMX,49,2015,pop,0.62,0.422,4,-4.525,1,0.0309,0.64,9.05e-06,0.213,0.234,128.154,222656,4
2024-10-17 15:32,Ed Sheeran,Give Me Love,526386,ed sheeran - give me love,1450904,Ed Sheeran,Give Me Love,0SuG9kyzGRpDqrCWtgD6Lq,69,2011,pop,0.526,0.328,1,-9.864,1,0.0461,0.694,0.0,0.112,0.11,116.068,526387,4
2024-10-17 15:37,Zedd,Clarity,271426,zedd - clarity,12116,Zedd,Clarity,60wwxj6Dd9NJlirf84wr2c,74,2012,dance,0.509,0.781,8,-3.48,1,0.072,0.0398,0.0,0.0749,0.176,128.0,271427,4
2024-10-17 15:39,Bastille,Doom Days,138115,bastille - doom days,410232,Bastille,Doom Days,1TkXApzsz0a6YRArjbqprt,54,2019,rock,0.665,0.619,10,-8.327,0,0.0663,0.596,0.0,0.14,0.541,137.043,138115,4
2024-10-17 15:58,Thirty Seconds To Mars,This Is War,255799,thirty seconds to mars - this is war,1315921,Thirty Seconds To Mars,This Is War,2D52zjCyqEIQa221lhw6uk,64,2009,rock,0.402,0.723,6,-5.26,1,0.0579,0.0663,2e-06,0.233,0.224,160.047,326983,4
2024-10-17 23:35,Thirty Seconds To Mars,This Is War,338181,thirty seconds to mars - this is war,1315921,Thirty Seconds To Mars,This Is War,2D52zjCyqEIQa221lhw6uk,64,2009,rock,0.402,0.723,6,-5.26,1,0.0579,0.0663,2e-06,0.233,0.224,160.047,326983,4
2024-10-17 23:39,The Score,On And On,215706,the score - on and on,254893,The Score,On And On,65Ce0h4SA18GuH6nuI1QWe,57,2017,alt-rock,0.53,0.727,1,-5.179,0,0.0441,0.0387,0.0,0.212,0.385,76.943,215707,4
2024-10-17 23:42,BTS,Life Goes On,207481,bts - life goes on,456852,BTS,Life Goes On,5FVbvttjEvQ8r2BgUcJgNg,76,2020,k-pop,0.566,0.716,1,-5.733,1,0.0424,0.00691,0.0,0.37,0.45,81.068,207481,4
2024-10-17 23:46,Ariana Grande,God is a woman,197546,ariana grande - god is a woman,321023,Ariana Grande,God is a woman,5OCJzvD7sykQEKHH7qAC3C,77,2018,dance,0.602,0.658,1,-5.934,1,0.0558,0.0233,6e-05,0.237,0.268,145.031,197547,4
2024-10-17 23:49,Vian Izak,The London Air Raids,213725,vian izak - the london air raids,343136,Vian Izak,The London Air Raids,2GpkEkmkg2GJSOaZCZqlOx,47,2018,indie-pop,0.583,0.706,10,-5.603,1,0.0348,0.276,1.7e-05,0.0922,0.369,122.142,213725,4
2024-10-17 23:53,Khalid,Saturday Nights,210666,khalid - saturday nights,350235,Khalid,Saturday Nights,5kfNriitmkNE8mUbZ7gbq8,69,2018,pop,0.551,0.44,10,-8.559,1,0.0985,0.606,3.02e-05,0.11,0.341,167.923,210667,4
2024-10-17 23:57,One Direction,Perfect,230333,one direction - perfect,197553,One Direction,Perfect,3NLnwwAQbbFKcEcV8hDItk,77,2015,pop,0.647,0.823,2,-5.231,1,0.0762,0.0598,0.0,0.119,0.396,99.933,230333,4
2024-10-18 00:00,Tones And I,Dance Monkey,209438,tones and i - dance monkey,406401,Tones And I,Dance Monkey,2XU0oxnq2qxCpomAAuJY8K,76,2019,pop,0.824,0.588,6,-6.4,0,0.0924,0.692,0.000104,0.149,0.513,98.027,209438,4
2024-10-18 00:06,Alan Walker,Sing Me to Sleep,187800,alan walker - sing me to sleep,231111,Alan Walker,Sing Me to Sleep,2Fjz5ZC5BvFdCqcnTZ3ilH,57,2016,electro,0.491,0.607,4,-6.333,0,0.0668,0.0125,1.52e-06,0.289,0.166,176.112,189333,4
2024-10-18 01:00,Imagine Dragons,Smoke And Mirrors,1747,imagine dragons - smoke and mirrors,150234,Imagine Dragons,Smoke And Mirrors,0joO6IeobvKP3cDz8xZfWe,40,2014,rock,0.601,0.636,7,-7.283,1,0.0283,0.0657,0.0218,0.447,0.0812,109.987,260867,4
2024-10-19 16:04,Imagine Dragons,Smoke And Mirrors,259126,imagine dragons - smoke and mirrors,150234,Imagine Dragons,Smoke And Mirrors,0joO6IeobvKP3cDz8xZfWe,40,2014,rock,0.601,0.636,7,-7.283,1,0.0283,0.0657,0.0218,0.447,0.0812,109.987,260867,4
2024-10-19 16:07,Imagine Dragons,Warriors,171333,imagine dragons - warriors,201249,Imagine Dragons,Warriors,1lgN0A2Vki2FTON5PYq42m,67,2015,rock,0.365,0.851,4,-6.238,0,0.065,0.0964,0.003,0.238,0.309,78.068,170067,4
2024-10-19 16:11,Harry Styles,Falling,240133,harry styles - falling,406378,Harry Styles,Falling,1ZMiCix7XSAbfAJlEZWMCp,82,2019,pop,0.567,0.267,4,-6.502,1,0.0299,0.839,1.46e-06,0.089,0.0592,110.011,240133,4
2024-10-19 16:18,blackbear,hot girl bummer,188343,blackbear - hot girl bummer,439846,blackbear,hot girl bummer,6jRq8gaZhMUyy5RclRPcAf,77,2020,electro,0.782,0.559,6,-7.106,0,0.0767,0.125,0.0,0.385,0.685,129.992,188344,1
2024-10-19 16:18,blackbear,hot girl bummer,188343,blackbear - hot girl bummer,439958,blackbear,Hot Girl Bummer,7lu8ZYHhRpH4sgCMIibdKO,46,2020,electro,0.786,0.548,6,-7.068,0,0.078,0.129,0.0,0.34,0.687,129.99,188344,4
2024-10-19 20:42,Lauv,There's No Way (feat. Julia Michaels),1150,lauv - there's no way (feat. julia michaels),321122,Lauv,There's No Way (feat. Julia Michaels),3F7bhRhNpY4YKrwa4kGeUz,63,2018,dance,0.755,0.625,2,-7.114,1,0.0897,0.49,0.0,0.157,0.374,147.022,174861,4
2024-10-19 20:45,Royal & the Serpent,overwhelmed,159293,royal & the serpent - overwhelmed,439849,Royal & the Serpent,overwhelmed,5jjZikDrEd0by1o7V3fO4y,66,2020,electro,0.804,0.323,0,-11.127,0,0.305,0.308,0.0,0.15,0.456,87.019,159293,4
2024-10-19 20:45,Royal & the Serpent,overwhelmed,159293,royal & the serpent - overwhelmed,606687,Royal & the Serpent,Overwhelmed,7etb4sDQPEE44sNlcZocqM,0,2023,indie-pop,0.804,0.323,0,-11.127,0,0.305,0.308,0.0,0.15,0.456,87.019,159293,4
2024-10-19 20:49,Sia,"Genius (feat. Sia, Diplo, and Labrinth)",213706,"sia - genius (feat. sia, diplo, and labrinth)",377708,Sia,"Genius (feat. Sia, Diplo, and Labrinth)",4xigPf2sigSPmuFH3qCelB,73,2019,dance,0.603,0.615,11,-4.931,0,0.165,0.0799,6.72e-05,0.117,0.561,158.657,213707,4
2024-10-19 20:51,Trevor Daniel,Falling,159381,trevor daniel - falling,350268,Trevor Daniel,Falling,26XaOsDMbl0e1cVKYfkz6w,70,2018,pop,0.785,0.431,10,-8.756,0,0.0364,0.123,0.0,0.0887,0.236,127.085,159382,4
2024-10-19 20:54,MEDUZA,Piece Of Your Heart,152913,meduza - piece of your heart,377720,MEDUZA,Piece Of Your Heart,1DFD5Fotzgn6yYXkYsKiGs,75,2019,dance,0.677,0.744,10,-6.806,0,0.0295,0.0404,0.00016,0.074,0.631,124.08,152913,4
2024-10-19 20:58,grandson,Blood // Water,216720,grandson - blood // water,311046,grandson,Blood // Water,7clyJIrLkEbXUDwj1tC9zz,67,2018,alt-rock,0.504,0.891,6,-5.632,0,0.137,0.00163,0.00199,0.148,0.628,153.988,214520,4
2024-10-19 21:00,Sabrina Carpenter,"Let Me Move You - From the Netflix film ""Work It""",147070,"sabrina carpenter - let me move you - from the netflix film ""work it""",433505,Sabrina Carpenter,"Let Me Move You - From the Netflix film ""Work It""",0roOLcll6SSTYZwsQFmXqP,59,2020,dance,0.624,0.628,4,-6.582,0,0.0408,0.0112,0.0191,0.0814,0.772,114.556,147071,4
2024-10-19 21:04,Suki Waterhouse,Good Looking,214800,suki waterhouse - good looking,561974,Suki Waterhouse,Good Looking,0j3mqDTK4Z6lvrLzFCUUz6,78,2022,indie-pop,0.364,0.554,4,-9.076,1,0.0301,0.077,0.000297,0.125,0.257,150.079,214800,3
2024-10-19 21:06,Conan Gray,People Watching,158536,conan gray - people watching,515647,Conan Gray,People Watching,4JeOesjcWWlprTAvucDSJX,67,2021,pop,0.53,0.593,5,-7.286,1,0.0545,0.385,0.0,0.314,0.538,125.723,158537,4
2024-10-19 21:09,Stephen Sanchez,Until I Found You (with Em Beihold) - Em Beihold Version,176440,stephen sanchez - until i found you (with em beihold) - em beihold version,569194,Stephen Sanchez,Until I Found You (with Em Beihold) - Em Beihold Version,1Y3LN4zO1Edc2EluIoSPJN,91,2022,pop,0.551,0.55,10,-5.339,1,0.0286,0.777,0.0,0.202,0.342,101.19,176440,3
2024-10-19 21:12,BLACKPINK,How You Like That,182956,blackpink - how you like that,456850,BLACKPINK,How You Like That,4SFknyjLcyTLJFPKD2m96o,75,2020,k-pop,0.812,0.761,11,-5.222,1,0.0812,0.0465,0.000135,0.0601,0.344,130.032,182956,4
2024-10-19 21:19,Marshmello,Be Kind (with Halsey),172761,marshmello - be kind (with halsey),433225,Marshmello,Be Kind (with Halsey),3Z8FwOEN59mRMxDCtb8N0A,74,2020,dance,0.63,0.633,4,-7.088,1,0.0457,0.00776,0.0,0.0541,0.452,93.995,172762,4
2024-10-19 21:22,Faouzia,Tears of Gold,176117,faouzia - tears of gold,406502,Faouzia,Tears of Gold,2YyLNljkMy2viVcXoFGTDY,66,2019,pop,0.587,0.664,5,-5.698,0,0.0523,0.128,0.0,0.323,0.617,149.957,176118,4
2024-10-19 21:26,Sub Urban,Cradles,209829,sub urban - cradles,399077,Sub Urban,Cradles,5sSYvDVyP0CP9TUiqy3fuF,70,2019,indie-pop,0.537,0.586,6,-1.864,1,0.314,0.265,7.04e-05,0.175,0.624,79.056,209829,4
2024-10-19 21:32,Conan Gray,Crush Culture,204120,conan gray - crush culture,350250,Conan Gray,Crush Culture,2sHwSBNDZN2yjCtgwStYt1,65,2018,pop,0.522,0.765,0,-5.395,1,0.193,0.146,0.0,0.0866,0.455,180.065,204120,4
2024-10-19 21:36,EXO,Love Shot,200306,exo - love shot,344859,EXO,Love Shot,0yB4jrSwN0bFtFRDR5vyMj,74,2018,k-pop,0.689,0.678,5,-4.287,0,0.119,0.0702,0.0,0.0889,0.335,145.883,200306,4
2024-10-19 21:39,Olivia Rodrigo,good 4 u,178146,olivia rodrigo - good 4 u,515567,Olivia Rodrigo,good 4 u,4ZtFanR9U6ndgddUvNcjcG,84,2021,pop,0.563,0.664,9,-5.044,1,0.154,0.335,0.0,0.0849,0.688,166.928,178147,4
2024-10-19 21:42,Måneskin,ZITTI E BUONI,194786,måneskin - zitti e buoni,508597,Måneskin,ZITTI E BUONI,776AftMmFFAWUIEAb3lHhw,73,2021,indie-pop,0.625,0.939,4,-3.115,0,0.0669,0.00138,0.0,0.424,0.644,102.999,194787,4
2024-10-19 21:45,Bryce Fox,Golden Boy,168555,bryce fox - golden boy,479236,Bryce Fox,Golden Boy,6PQkriCkh2BjZGeK7qTC0q,33,2021,alt-rock,0.694,0.78,9,-6.844,1,0.0728,0.00184,0.0,0.222,0.621,130.058,168555,4
2024-10-19 21:51,Martin Jensen,Nobody,211040,martin jensen - nobody,377879,Martin Jensen,Nobody,2qfEcCkEo5NscA9GL7ER72,58,2019,dance,0.673,0.687,6,-5.295,0,0.0623,0.269,0.0,0.181,0.524,96.964,211040,4
2024-10-19 21:54,Måneskin,I WANNA BE YOUR SLAVE,173346,måneskin - i wanna be your slave,508524,Måneskin,I WANNA BE YOUR SLAVE,4pt5fDVTg5GhEvEtlz9dKk,81,2021,indie-pop,0.75,0.608,1,-4.008,1,0.0387,0.00165,0.0,0.178,0.958,132.507,173347,4
2024-10-19 21:58,Dream Note,Waqt Ki Baatein,243310,dream note - waqt ki baatein,341886,Dream Note,Waqt Ki Baatein,0cJTjTH3XVTTJh8F4Uq1db,68,2018,indian,0.556,0.202,4,-16.397,1,0.0324,0.915,0.0381,0.112,0.2,145.017,243310,3
2024-10-19 22:02,MARINA,About Love - From The Netflix Film “To All The Boys: P.S. I Still Love You”,214040,marina - about love - from the netflix film “to all the boys: p.s. i still love you”,433604,MARINA,About Love - From The Netflix Film “To All The Boys: P.S. I Still Love You”,4XII12nbsvJblXfG1I2QR4,55,2020,dance,0.636,0.758,0,-5.567,1,0.0427,0.331,1.01e-05,0.16,0.281,97.025,214107,4
2024-10-19 22:05,Lady Gaga,Shallow,215733,lady gaga - shallow,321016,Lady Gaga,Shallow,2VxeLyX666F8uXCJ0dZF8B,83,2018,dance,0.572,0.385,7,-6.362,1,0.0308,0.371,0.0,0.231,0.323,95.799,215733,4
2024-10-19 22:08,Troye Sivan,YOUTH,185194,troye sivan - youth,197565,Troye Sivan,YOUTH,1cOyWWUr3oXJIxY0AjJEx9,62,2015,pop,0.628,0.737,7,-4.437,1,0.041,0.0625,0.0,0.0777,0.592,91.507,185194,4
2024-10-19 22:16,Taylor Swift,this is me trying,195097,taylor swift - this is me trying,462023,Taylor Swift,this is me trying,7kt9e9LFSpN1zQtYEl19o1,73,2020,pop,0.515,0.476,9,-9.843,1,0.0328,0.314,4.74e-05,0.171,0.412,135.886,195097,4
2024-10-19 22:22,Selena Gomez,Bad Liar,214647,selena gomez - bad liar,264810,Selena Gomez,Bad Liar,2fZQIJew3nkNe99s2PKzul,68,2017,dance,0.965,0.414,1,-6.408,1,0.0713,0.189,0.0,0.0767,0.728,121.032,214648,4
2024-10-19 22:26,Martin Garrix,Scared to Be Lonely,220883,martin garrix - scared to be lonely,264805,Martin Garrix,Scared to Be Lonely,3ebXMykcMXOcLeJ9xZ17XH,76,2017,dance,0.584,0.54,1,-7.786,0,0.0576,0.0895,0.0,0.261,0.195,137.972,220883,4
2024-10-19 22:26,Martin Garrix,Scared to Be Lonely,220883,martin garrix - scared to be lonely,295813,Martin Garrix,Scared To Be Lonely,0LoNN3u8s92Ef5tHJd521t,13,2017,progressive-house,0.578,0.55,1,-7.751,0,0.0677,0.0722,0.0,0.561,0.189,137.943,219573,4
2024-10-19 22:29,Halsey,Without Me,201660,halsey - without me,321041,Halsey,Without Me,5p7ujcrUXASCNwRaWNHR1C,75,2018,dance,0.752,0.488,6,-7.05,1,0.0705,0.297,9.11e-06,0.0936,0.533,136.041,201661,4
2024-10-19 22:33,Tom Odell,Another Love,244360,tom odell - another love,7578,Tom Odell,Another Love,5FKnuwsKf7YFpmhA5Wnl0q,65,2012,chill,0.443,0.54,4,-8.536,0,0.04,0.697,1.04e-05,0.102,0.133,119.161,250973,4
2024-10-19 22:36,Billie Eilish,Therefore I Am,174321,billie eilish - therefore i am,439847,Billie Eilish,Therefore I Am,54bFM56PmE4YLRnqpW6Tha,72,2020,electro,0.889,0.34,11,-7.773,0,0.0697,0.218,0.13,0.055,0.716,94.009,174321,4
2024-10-19 22:41,Taylor Swift,Back To December,293026,taylor swift - back to december,1380399,Taylor Swift,Back To December,3DrjZArsPsoqbLzUZZV1Id,67,2010,pop,0.529,0.67,2,-4.663,1,0.0303,0.117,0.0,0.334,0.286,141.893,293027,4
2024-10-19 22:43,Claire Rosinkranz,Backyard Boy,129240,claire rosinkranz - backyard boy,454763,Claire Rosinkranz,Backyard Boy,04F42oEuKrRComYJfJuyVR,68,2020,indie-pop,0.817,0.635,5,-7.246,1,0.163,0.323,0.0,0.0738,0.454,138.015,129241,4
2024-10-19 22:47,OneRepublic,Secrets,224693,onerepublic - secrets,1308468,OneRepublic,Secrets,1NhPKVLsHhFUHIOZ32QnS2,74,2009,piano,0.516,0.764,2,-6.223,1,0.0366,0.0717,0.0,0.115,0.376,148.021,224693,4
2024-10-19 22:50,Imagine Dragons,I Bet My Life,192706,imagine dragons - i bet my life,150122,Imagine Dragons,I Bet My Life,15DrrIod12Tc2IoMaHiwlQ,60,2014,rock,0.553,0.657,1,-8.219,1,0.0405,0.335,0.000648,0.228,0.555,107.889,192707,4
2024-10-19 22:53,Ellie Goulding,Hate Me (with Juice WRLD),186223,ellie goulding - hate me (with juice wrld),377683,Ellie Goulding,Hate Me (with Juice WRLD),6kls8cSlUyHW2BUOkDJIZE,72,2019,dance,0.657,0.768,8,-4.628,1,0.0507,0.108,0.0,0.144,0.759,75.025,186223,4
2024-10-19 22:55,24kGoldn,CITY OF ANGELS,112493,24kgoldn - city of angels,406425,24kGoldn,CITY OF ANGELS,6ap9lSRJ0iLriGLqoJ44cq,70,2019,pop,0.686,0.541,0,-4.993,0,0.0493,0.042,0.0,0.0675,0.724,120.082,112493,4
2024-10-19 23:04,Taylor Swift,Love Story,236266,taylor swift - love story,1238481,Taylor Swift,Love Story,1vrd6UOGamcKNGnSHJQlSt,67,2008,pop,0.618,0.741,2,-3.95,1,0.031,0.17,0.0,0.0822,0.296,118.984,235267,4
2024-10-19 23:12,Halsey,Castle,277623,halsey - castle,175424,Halsey,Castle,16w8ZGVSjI4TlTLV8VimBY,64,2015,electro,0.626,0.571,7,-7.461,0,0.0327,0.25,0.0,0.0946,0.164,129.959,277623,4
2024-10-19 23:13,Ellie Goulding,Close To Me (with Diplo) (feat. Swae Lee),2136,ellie goulding - close to me (with diplo) (feat. swae lee),321123,Ellie Goulding,Close To Me (with Diplo) (feat. Swae Lee),5JEx7HbmvHQQswJCsoo9rA,62,2018,dance,0.575,0.758,1,-5.029,0,0.0618,0.0954,0.0,0.394,0.493,144.107,182623,4
2024-10-19 23:13,Ellie Goulding,Close To Me (with Diplo) (feat. Swae Lee),8482,ellie goulding - close to me (with diplo) (feat. swae lee),321123,Ellie Goulding,Close To Me (with Diplo) (feat. Swae Lee),5JEx7HbmvHQQswJCsoo9rA,62,2018,dance,0.575,0.758,1,-5.029,0,0.0618,0.0954,0.0,0.394,0.493,144.107,182623,4
2024-10-19 23:13,Jon Bellion,All Time Low,1542,jon bellion - all time low,197851,Jon Bellion,All Time Low,5wQRNkb7OhzJoT1P0OZ4Rw,48,2015,pop,0.672,0.386,0,-9.715,1,0.264,0.389,0.0,0.0838,0.529,90.082,221333,4
2024-10-19 23:13,Jon Bellion,All Time Low,957,jon bellion - all time low,197851,Jon Bellion,All Time Low,5wQRNkb7OhzJoT1P0OZ4Rw,48,2015,pop,0.672,0.386,0,-9.715,1,0.264,0.389,0.0,0.0838,0.529,90.082,221333,4
2024-10-19 23:13,Jon Bellion,All Time Low,64743,jon bellion - all time low,197851,Jon Bellion,All Time Low,5wQRNkb7OhzJoT1P0OZ4Rw,48,2015,pop,0.672,0.386,0,-9.715,1,0.264,0.389,0.0,0.0838,0.529,90.082,221333,4
2024-10-19 23:14,Halsey,Castle,22290,halsey - castle,175424,Halsey,Castle,16w8ZGVSjI4TlTLV8VimBY,64,2015,electro,0.626,0.571,7,-7.461,0,0.0327,0.25,0.0,0.0946,0.164,129.959,277623,4
2024-10-19 23:17,Jon Bellion,All Time Low,221333,jon bellion - all time low,197851,Jon Bellion,All Time Low,5wQRNkb7OhzJoT1P0OZ4Rw,48,2015,pop,0.672,0.386,0,-9.715,1,0.264,0.389,0.0,0.0838,0.529,90.082,221333,4
2024-10-20 00:14,Ellie Goulding,Close To Me (with Diplo) (feat. Swae Lee),86749,ellie goulding - close to me (with diplo) (feat. swae lee),321123,Ellie Goulding,Close To Me (with Diplo) (feat. Swae Lee),5JEx7HbmvHQQswJCsoo9rA,62,2018,dance,0.575,0.758,1,-5.029,0,0.0618,0.0954,0.0,0.394,0.493,144.107,182623,4
2024-10-21 03:20,Ellie Goulding,Close To Me (with Diplo) (feat. Swae Lee),8800,ellie goulding - close to me (with diplo) (feat. swae lee),321123,Ellie Goulding,Close To Me (with Diplo) (feat. Swae Lee),5JEx7HbmvHQQswJCsoo9rA,62,2018,dance,0.575,0.758,1,-5.029,0,0.0618,0.0954,0.0,0.394,0.493,144.107,182623,4
2024-10-21 03:53,Ellie Goulding,Close To Me (with Diplo) (feat. Swae Lee),7340,ellie goulding - close to me (with diplo) (feat. swae lee),321123,Ellie Goulding,Close To Me (with Diplo) (feat. Swae Lee),5JEx7HbmvHQQswJCsoo9rA,62,2018,dance,0.575,0.758,1,-5.029,0,0.0618,0.0954,0.0,0.394,0.493,144.107,182623,4
2024-10-22 02:45,Ellie Goulding,Close To Me (with Diplo) (feat. Swae Lee),83332,ellie goulding - close to me (with diplo) (feat. swae lee),321123,Ellie Goulding,Close To Me (with Diplo) (feat. Swae Lee),5JEx7HbmvHQQswJCsoo9rA,62,2018,dance,0.575,0.758,1,-5.029,0,0.0618,0.0954,0.0,0.394,0.493,144.107,182623,4
2024-10-22 02:48,Maroon 5,Memories,189486,maroon 5 - memories,515583,Maroon 5,Memories,4cktbXiXOapiLBMprHFErI,84,2021,pop,0.775,0.327,11,-7.241,1,0.0557,0.841,0.0,0.0821,0.595,91.05,189486,4
2024-10-22 02:52,Camila Cabello,Havana (feat. Young Thug),217306,camila cabello - havana (feat. young thug),321024,Camila Cabello,Havana (feat. Young Thug),1rfofaqEpACxVEHIZBJe6W,78,2018,dance,0.765,0.523,2,-4.333,1,0.03,0.184,3.56e-05,0.132,0.394,104.988,217307,4
2024-10-22 03:00,Surf Curse,Freaks,147062,surf curse - freaks,508522,Surf Curse,Freaks,7EkWXAI1wn8Ii883ecd9xr,83,2021,indie-pop,0.345,0.941,9,-9.918,1,0.0466,3.84e-05,0.633,0.0511,0.407,179.626,147062,4
2024-10-22 03:04,Maroon 5,Cold (feat. Future),234308,maroon 5 - cold (feat. future),350257,Maroon 5,Cold (feat. Future),7gwLQ4tZ5UdZ7qNcDyJ8wr,62,2018,pop,0.693,0.717,9,-6.346,0,0.107,0.14,0.0,0.0464,0.412,99.836,234308,4
2024-10-22 03:05,BTS,Dynamite,62974,bts - dynamite,456848,BTS,Dynamite,5QDLhrAOJJdNAmCTJ8xMyW,81,2020,k-pop,0.746,0.765,6,-4.41,0,0.0993,0.0112,0.0,0.0936,0.737,114.044,199054,4
2024-10-22 03:16,BTS,Spring Day,274097,bts - spring day,288435,BTS,Spring Day,2j1fFjWHCI9KJSwcuYAOyF,73,2017,k-pop,0.539,0.846,8,-3.192,1,0.0354,0.00631,1.71e-06,0.13,0.462,106.994,274097,4
2024-10-22 03:27,Dua Lipa,New Rules,74880,dua lipa - new rules,264781,Dua Lipa,New Rules,2ekn2ttSfGqwhhate0LSR0,79,2017,dance,0.762,0.7,9,-6.021,0,0.0694,0.00261,1.56e-05,0.153,0.608,116.073,209320,4
2024-10-23 01:20,Dua Lipa,New Rules,48814,dua lipa - new rules,264781,Dua Lipa,New Rules,2ekn2ttSfGqwhhate0LSR0,79,2017,dance,0.762,0.7,9,-6.021,0,0.0694,0.00261,1.56e-05,0.153,0.608,116.073,209320,4
2024-10-23 01:23,BANNERS,Someone to You,219813,banners - someone to you,286620,BANNERS,Someone To You,14BH4qO7pgCmIe6mgLKOK3,71,2017,indie-pop,0.468,0.936,2,-3.683,1,0.0455,0.00568,0.0,0.24,0.663,75.05,219800,4
2024-10-23 01:28,Our Last Night,Skyfall,249411,our last night - skyfall,89949,Our Last Night,Skyfall,77WO0JSWRfhu0ek3Zp2amk,45,2013,metal,0.356,0.925,4,-2.193,1,0.077,0.00755,0.0,0.105,0.323,76.543,249412,4
2024-10-23 01:35,lovelytheband,broken,204878,lovelytheband - broken,311050,lovelytheband,broken,6XcfKZvJio9Z0fQy11GnNX,67,2018,alt-rock,0.666,0.728,7,-5.808,1,0.0419,0.00175,4.26e-06,0.0429,0.51,122.996,204878,4
2024-10-23 01:39,BTS,Stay Gold,243733,bts - stay gold,456942,BTS,Stay Gold,3Ys2PYl1wyPKQIwyqhP9cQ,63,2020,k-pop,0.723,0.634,1,-5.415,1,0.0542,0.0892,0.0,0.0787,0.582,129.017,243267,4
2024-10-23 01:43,BLACKPINK,BOOMBAYAH,240793,blackpink - boombayah,247529,BLACKPINK,BOOMBAYAH,13MF2TYuyfITClL1R2ei6e,75,2016,k-pop,0.661,0.836,5,-3.164,0,0.059,0.00268,0.0,0.497,0.396,124.952,240793,4
2024-10-23 01:46,Why Don't We,Fallin’ (Adrenaline),216504,why don't we - fallin’ (adrenaline),433369,Why Don't We,Fallin’ (Adrenaline),5GhJIMWAw0uMLgkdbt6uMz,60,2020,dance,0.606,0.9,0,-4.504,1,0.119,0.0101,0.0,0.075,0.233,133.963,216504,4
2024-10-23 01:50,Au/Ra,Panic Room,237772,au/ra - panic room,327322,Au/Ra,Panic Room,7uUahoeqGNRMbpdeiLj1rS,69,2018,edm,0.495,0.426,8,-9.434,1,0.0736,0.152,5.65e-06,0.099,0.0636,97.91,237773,4
2024-10-23 01:54,DJ Snake,"Taki Taki (with Selena Gomez, Ozuna & Cardi B)",212500,"dj snake - taki taki (with selena gomez, ozuna & cardi b)",321036,DJ Snake,"Taki Taki (with Selena Gomez, Ozuna & Cardi B)",4w8niZpiMy6qz1mntFA5uM,75,2018,dance,0.842,0.801,8,-4.167,0,0.228,0.157,4.82e-06,0.0642,0.617,95.881,212500,4
2024-10-23 01:58,BTS,We are Bulletproof : the Eternal,261542,bts - we are bulletproof : the eternal,456885,BTS,We are Bulletproof : the Eternal,133ocfbXXG4HTk76qgSeUb,68,2020,k-pop,0.522,0.574,9,-5.225,0,0.0317,0.224,0.0,0.108,0.176,84.044,261543,4
2024-10-23 02:01,Olivia Rodrigo,happier,1508,olivia rodrigo - happier,515580,Olivia Rodrigo,happier,2tGvwE8GcFKwNdAXMnlbfl,82,2021,pop,0.395,0.443,6,-9.72,1,0.133,0.765,9.67e-06,0.0839,0.338,168.924,175933,3
2024-10-23 02:01,ZAYN,Entertainer,1204,zayn - entertainer,321253,ZAYN,Entertainer,4By48hpAtUx7F7F1yxvwvm,64,2018,dance,0.697,0.568,5,-8.017,1,0.0369,0.475,2.51e-05,0.0922,0.502,153.931,202600,4
2024-10-23 02:03,MARINA,Bubblegum Bitch,154666,marina - bubblegum bitch,12117,MARINA,Bubblegum Bitch,6IbnUaczZBT34DhaD6S18F,76,2012,dance,0.495,0.856,0,-5.123,0,0.0311,0.000219,0.0,0.103,0.609,158.024,154667,4
2024-10-23 02:06,Lewis Capaldi,Someone You Loved,182160,lewis capaldi - someone you loved,350270,Lewis Capaldi,Someone You Loved,2TIlqbIneP0ZY1O0EzYLlc,71,2018,pop,0.501,0.405,1,-5.679,1,0.0319,0.751,0.0,0.105,0.446,109.891,182161,4
2024-10-23 02:15,Marshmello,Happier,214289,marshmello - happier,321014,Marshmello,Happier,2dpaYNEQHiRxtZbfNsse99,81,2018,dance,0.687,0.792,5,-2.749,1,0.0452,0.191,0.0,0.167,0.671,100.015,214290,4
2024-10-23 02:46,The Chainsmokers,Sick Boy,132260,the chainsmokers - sick boy,321114,The Chainsmokers,Sick Boy,58kZ9spgxmlEznXGu6FPdQ,66,2018,dance,0.663,0.577,11,-7.518,0,0.0531,0.109,0.0,0.12,0.454,89.996,193200,4
2024-10-24 05:04,The Chainsmokers,Sick Boy,754,the chainsmokers - sick boy,321114,The Chainsmokers,Sick Boy,58kZ9spgxmlEznXGu6FPdQ,66,2018,dance,0.663,0.577,11,-7.518,0,0.0531,0.109,0.0,0.12,0.454,89.996,193200,4
2024-10-24 05:08,Twenty One Pilots,Ride,214506,twenty one pilots - ride,201247,Twenty One Pilots,Ride,2Z8WuEywRWYTKe1NybPQEW,80,2015,rock,0.645,0.713,6,-5.355,1,0.0393,0.00835,0.0,0.113,0.566,74.989,214507,4
2024-10-24 05:11,Shawn Mendes,Stitches,206880,shawn mendes - stitches,197525,Shawn Mendes,Stitches,5jsw9uXEGuKyJzs0boZ1bT,74,2015,pop,0.752,0.754,1,-6.684,1,0.0615,0.0151,0.0,0.0486,0.755,149.789,206880,4
2024-10-24 05:22,Ed Sheeran,Bad Habits,230746,ed sheeran - bad habits,515575,Ed Sheeran,Bad Habits,3rmo8F54jFF8OgYsqTxm5d,84,2021,pop,0.807,0.893,11,-3.745,0,0.0347,0.0451,2.79e-05,0.366,0.537,126.011,230747,4
2024-10-24 05:25,Khalid,Know Your Worth,181436,khalid - know your worth,462090,Khalid,Know Your Worth,0TrPqhAMoaKUFLR7iYDokf,68,2020,pop,0.79,0.694,9,-7.726,0,0.0708,0.145,0.00252,0.281,0.508,103.007,181436,4
2024-10-24 05:28,Trevor Daniel,Falling,159381,trevor daniel - falling,350268,Trevor Daniel,Falling,26XaOsDMbl0e1cVKYfkz6w,70,2018,pop,0.785,0.431,10,-8.756,0,0.0364,0.123,0.0,0.0887,0.236,127.085,159382,4
2024-10-24 05:32,Maroon 5,Sugar,235493,maroon 5 - sugar,146779,Maroon 5,Sugar,2iuZJX9X9P0GKaE93xcPjk,80,2014,pop,0.748,0.788,1,-7.055,1,0.0334,0.0591,0.0,0.0863,0.884,120.076,235493,4
2024-10-24 06:03,Ruth B.,Lost Boy,204823,ruth b. - lost boy,197564,Ruth B.,Lost Boy,4h0zU3O9R5xzuTmNO7dNDU,70,2015,pop,0.71,0.0565,7,-15.099,1,0.0534,0.965,0.0,0.0889,0.348,123.994,275280,4
2024-10-24 15:53,Ruth B.,Lost Boy,72393,ruth b. - lost boy,197564,Ruth B.,Lost Boy,4h0zU3O9R5xzuTmNO7dNDU,70,2015,pop,0.71,0.0565,7,-15.099,1,0.0534,0.965,0.0,0.0889,0.348,123.994,275280,4
2024-10-24 15:56,Conan Gray,People Watching,158536,conan gray - people watching,515647,Conan Gray,People Watching,4JeOesjcWWlprTAvucDSJX,67,2021,pop,0.53,0.593,5,-7.286,1,0.0545,0.385,0.0,0.314,0.538,125.723,158537,4
2024-10-24 15:59,Fall Out Boy,Immortals,189386,fall out boy - immortals,127040,Fall Out Boy,Immortals,3c1ItvzDDDpmDgLH9SIUp4,63,2014,emo,0.703,0.856,11,-6.336,0,0.0461,0.00064,0.00126,0.38,0.722,108.025,195027,4
2024-10-24 16:02,Halsey,Graveyard,181805,halsey - graveyard,433250,Halsey,Graveyard,2ufmtcIFdFpuUYBPXK5f67,67,2020,dance,0.667,0.583,11,-5.127,0,0.0747,0.231,4.48e-05,0.181,0.187,92.043,181806,4
2024-10-24 17:31,GAYLE,abcdefu,1187,gayle - abcdefu,515596,GAYLE,abcdefu,4fouWK6XVHhzl78KzQ1UjL,82,2021,pop,0.695,0.54,4,-5.692,1,0.0493,0.299,0.0,0.367,0.415,121.932,168602,4
2024-10-25 00:53,GAYLE,abcdefu,168421,gayle - abcdefu,515596,GAYLE,abcdefu,4fouWK6XVHhzl78KzQ1UjL,82,2021,pop,0.695,0.54,4,-5.692,1,0.0493,0.299,0.0,0.367,0.415,121.932,168602,4
2024-10-25 00:58,Imagine Dragons,Monster,249493,imagine dragons - monster,201268,Imagine Dragons,Monster,2Xaw1RrXP3mdooKWysuRJ8,58,2015,rock,0.472,0.774,3,-5.383,1,0.0824,0.167,0.000278,0.132,0.443,179.942,249493,4
2024-10-25 01:01,Dotan,Numb,194048,dotan - numb,496385,Dotan,Numb,1deFvArn9bBGEhTU1TVVOX,44,2021,folk,0.601,0.54,1,-7.032,0,0.0307,0.107,0.000126,0.167,0.291,76.007,219420,4
2024-10-25 01:01,Taylor Swift,You Belong With Me,1419,taylor swift - you belong with me,1238475,Taylor Swift,You Belong With Me,3GCL1PydwsLodcpv0Ll1ch,68,2008,pop,0.687,0.783,6,-4.44,1,0.0386,0.162,1.35e-05,0.114,0.443,129.964,231133,4
2024-10-25 01:01,Halsey,Graveyard,960,halsey - graveyard,433250,Halsey,Graveyard,2ufmtcIFdFpuUYBPXK5f67,67,2020,dance,0.667,0.583,11,-5.127,0,0.0747,0.231,4.48e-05,0.181,0.187,92.043,181806,4
2024-10-25 01:01,Katy Perry,Hot N Cold,1179,katy perry - hot n cold,591125,Katy Perry,Hot N Cold,7EwtjRuTb94kUL90BgeChM,3,2023,dance,0.706,0.842,7,-3.956,1,0.0417,7.73e-05,0.0,0.0688,0.861,132.032,220227,4
2024-10-25 01:01,Katy Perry,Roar,1791,katy perry - roar,66276,Katy Perry,Roar,27tNWlhdAryQY04Gb2ZhUI,77,2013,dance,0.671,0.771,7,-4.821,0,0.0316,0.00492,7.28e-06,0.354,0.436,90.003,223546,4
2024-10-25 01:01,ZAYN,Dusk Till Dawn (feat. Sia) - Radio Edit,454,zayn - dusk till dawn (feat. sia) - radio edit,293560,ZAYN,Dusk Till Dawn (feat. Sia) - Radio Edit,1j4kHkkpqZRBwE0A4CN4Yv,75,2017,pop,0.259,0.437,11,-6.589,0,0.0386,0.102,1.32e-06,0.106,0.0951,180.042,239000,4
2024-10-25 01:01,Sean Paul,Temperature,1757,sean paul - temperature,13070,Sean Paul,Temperature,2BDTYAe51lKG7w5XMCVeyg,20,2012,dancehall,0.951,0.6,0,-4.675,0,0.0686,0.106,0.0,0.0712,0.822,125.04,218573,4
2024-10-25 01:01,Sean Paul,Temperature,1757,sean paul - temperature,996291,Sean Paul,TEMPERATURE,6zSThntwhPtWU3my2y9I1F,39,2005,dance,0.86,0.625,0,-6.129,0,0.0528,0.105,5.01e-06,0.0844,0.841,125.015,219520,4
2024-10-25 01:01,Lil Nas X,MONTERO (Call Me By Your Name),1238,lil nas x - montero (call me by your name),506706,Lil Nas X,MONTERO (Call Me By Your Name),1SC5rEoYDGUK4NfG82494W,79,2021,hip-hop,0.593,0.503,8,-6.725,0,0.22,0.293,0.0,0.405,0.71,178.781,137704,4
2024-10-25 01:05,Katy Perry,Hot N Cold,220226,katy perry - hot n cold,591125,Katy Perry,Hot N Cold,7EwtjRuTb94kUL90BgeChM,3,2023,dance,0.706,0.842,7,-3.956,1,0.0417,7.73e-05,0.0,0.0688,0.861,132.032,220227,4
2024-10-25 01:07,Lil Nas X,MONTERO (Call Me By Your Name),137875,lil nas x - montero (call me by your name),506706,Lil Nas X,MONTERO (Call Me By Your Name),1SC5rEoYDGUK4NfG82494W,79,2021,hip-hop,0.593,0.503,8,-6.725,0,0.22,0.293,0.0,0.405,0.71,178.781,137704,4
2024-10-25 01:11,Troye Sivan,TALK ME DOWN,237464,troye sivan - talk me down,197776,Troye Sivan,TALK ME DOWN,0nRuVPZx2iA3KWR4xSzryl,48,2015,pop,0.362,0.781,6,-6.803,1,0.0741,0.151,0.000197,0.125,0.354,173.688,237464,4
2024-10-25 01:15,Taylor Swift,cardigan,239560,taylor swift - cardigan,461996,Taylor Swift,cardigan,4R2kfaDFhslZEMJqAFNpdd,84,2020,pop,0.613,0.581,0,-8.588,0,0.0424,0.537,0.000345,0.25,0.551,130.033,239560,4
2024-10-25 01:18,Niall Horan,Nice To Meet Ya,158805,niall horan - nice to meet ya,377800,Niall Horan,Nice To Meet Ya,3cphb8kdsjElYR7r5icK3H,61,2019,dance,0.591,0.841,4,-4.351,0,0.0304,0.0119,0.0,0.395,0.392,109.034,158805,4
2024-10-25 01:21,Tove Lo,Habits (Stay High),209160,tove lo - habits (stay high),119678,Tove Lo,Habits (Stay High),14OxJlLdcHNpgsm4DRwDOB,71,2014,dance,0.729,0.65,5,-3.539,1,0.0313,0.0702,6.69e-05,0.0829,0.347,110.02,209160,4
2024-10-25 01:25,Melanie Martinez,Pacify Her,220013,melanie martinez - pacify her,175402,Melanie Martinez,Pacify Her,360Wr96ywrCQq4kTAJ8Pq6,77,2015,electro,0.576,0.593,9,-6.024,0,0.0306,0.0467,0.000767,0.237,0.373,157.993,220013,4
2024-10-25 01:40,Panic! At The Disco,High Hopes,180190,panic! at the disco - high hopes,354035,Panic! At The Disco,High Hopes,1rqqCSm0Qe4I9rUvWncaom,80,2018,rock,0.579,0.904,5,-2.729,1,0.0618,0.193,0.0,0.064,0.681,82.014,190947,4
2024-10-25 19:02,Panic! At The Disco,High Hopes,1376,panic! at the disco - high hopes,354035,Panic! At The Disco,High Hopes,1rqqCSm0Qe4I9rUvWncaom,80,2018,rock,0.579,0.904,5,-2.729,1,0.0618,0.193,0.0,0.064,0.681,82.014,190947,4
2024-10-25 21:34,Panic! At The Disco,High Hopes,9381,panic! at the disco - high hopes,354035,Panic! At The Disco,High Hopes,1rqqCSm0Qe4I9rUvWncaom,80,2018,rock,0.579,0.904,5,-2.729,1,0.0618,0.193,0.0,0.064,0.681,82.014,190947,4
2024-10-25 21:38,OneRepublic,Counting Stars,257266,onerepublic - counting stars,146275,OneRepublic,Counting Stars,6sy3LkhNFjJWlaeSMNwQ62,76,2014,piano,0.664,0.705,1,-4.972,0,0.0382,0.0654,0.0,0.115,0.477,122.017,257840,4
2024-10-25 21:43,BTS,Spring Day,274097,bts - spring day,288435,BTS,Spring Day,2j1fFjWHCI9KJSwcuYAOyF,73,2017,k-pop,0.539,0.846,8,-3.192,1,0.0354,0.00631,1.71e-06,0.13,0.462,106.994,274097,4
2024-10-25 21:46,grandson,Blood // Water,214520,grandson - blood // water,311046,grandson,Blood // Water,7clyJIrLkEbXUDwj1tC9zz,67,2018,alt-rock,0.504,0.891,6,-5.632,0,0.137,0.00163,0.00199,0.148,0.628,153.988,214520,4
2024-10-25 21:50,Chappell Roan,Femininomenon,219710,chappell roan - femininomenon,562187,Chappell Roan,Femininomenon,1YlOZY3puELE0PgxD1enZo,50,2022,indie-pop,0.645,0.789,3,-5.324,1,0.0545,0.339,6.32e-05,0.0821,0.31,124.951,219711,4
2024-10-25 21:54,Gym Class Heroes,Stereo Hearts (feat. Adam Levine),210960,gym class heroes - stereo hearts (feat. adam levine),1412784,Gym Class Heroes,Stereo Hearts (feat. Adam Levine),0qOnSQQF0yzuPWsXrQ9paz,80,2011,dance,0.646,0.795,9,-3.293,1,0.0976,0.0319,0.0,0.267,0.796,89.99,210960,4
2024-10-25 21:56,All Time Low,Monsters (feat. blackbear),174067,all time low - monsters (feat. blackbear),462037,All Time Low,Monsters (feat. blackbear),0tyR7Bu9P086aWBFZ4QJoo,69,2020,pop,0.369,0.845,0,-3.449,0,0.0611,0.0493,0.0,0.416,0.782,78.532,174068,4
2024-10-25 22:02,Charlie Puth,Attention,208786,charlie puth - attention,321026,Charlie Puth,Attention,5cF0dROlMOK5uNZtivgu50,81,2018,dance,0.775,0.613,3,-4.586,0,0.0542,0.109,2.33e-05,0.134,0.797,100.066,208787,4
2024-10-25 22:06,Martin Garrix,There for You,221904,martin garrix - there for you,264861,Martin Garrix,There for You,6jA8HL9i4QGzsj6fjoxp8Y,66,2017,dance,0.611,0.644,6,-7.607,0,0.0553,0.124,0.0,0.124,0.13,105.969,221904,4
2024-10-25 22:10,Fall Out Boy,The Phoenix,244960,fall out boy - the phoenix,73675,Fall Out Boy,The Phoenix,7jwDuO7UZvWs77KNj9HbvF,68,2013,emo,0.562,0.964,4,-2.991,0,0.072,0.000539,1.57e-06,0.579,0.41,138.063,244960,4
2024-10-25 22:13,Naughty Boy,La La La,222200,naughty boy - la la la,66453,Naughty Boy,La La La,52gvlDnre9craz9dKGObp8,56,2013,dance,0.754,0.677,6,-4.399,0,0.0316,0.112,0.0,0.111,0.254,124.988,220779,4
2024-10-25 22:16,JNR CHOI,TO THE MOON,152137,jnr choi - to the moon,506801,Jnr Choi,TO THE MOON,5vUnjhBzRJJIAOJPde6zDx,72,2021,hip-hop,0.745,0.65,2,-11.814,1,0.346,0.0451,0.00758,0.111,0.386,144.047,152137,4
2024-10-25 22:19,5 Seconds of Summer,Ghost Of You,197411,5 seconds of summer - ghost of you,321046,5 Seconds of Summer,Ghost Of You,1MhXdlCQPnO56T57MfmaRm,73,2018,dance,0.458,0.561,10,-4.819,1,0.0269,0.0965,0.0,0.156,0.206,149.875,197411,3
2024-10-25 22:23,Chappell Roan,Pink Pony Club,258034,chappell roan - pink pony club,562220,Chappell Roan,Pink Pony Club,6rcuy6XqlB9bqvtIRDl25u,49,2022,indie-pop,0.613,0.646,6,-6.393,1,0.0451,0.406,0.0,0.112,0.47,106.958,258035,4
2024-10-25 22:26,The Chainsmokers,Hope,180120,the chainsmokers - hope,321126,The Chainsmokers,Hope,4BiiOzZCrXEzHRLYcYFiD5,64,2018,dance,0.773,0.699,1,-5.982,0,0.0958,0.488,3.6e-06,0.0814,0.513,104.941,180120,4
2024-10-25 22:30,Maroon 5,This Love,206200,maroon 5 - this love,612607,Maroon 5,This Love,6e5E9huOS5acz5HJ53mgiW,1,2023,pop,0.712,0.868,5,-4.098,0,0.038,0.0606,0.0,0.0897,0.758,95.041,205747,4
2024-10-25 22:34,Troye Sivan,WILD,219491,troye sivan - wild,197742,Troye Sivan,WILD,2HWWsTZxnLSUdFZ4gjsP5N,49,2015,pop,0.581,0.725,0,-5.349,0,0.0592,0.0235,0.0,0.304,0.394,89.989,227872,4
2024-10-25 22:46,Olivia Rodrigo,drivers license,242013,olivia rodrigo - drivers license,515574,Olivia Rodrigo,drivers license,5wANPM4fQCJwkGd4rN57mH,84,2021,pop,0.561,0.431,10,-8.81,1,0.0578,0.768,1.42e-05,0.106,0.137,143.875,242013,4
2024-10-25 22:56,Conan Gray,Heather,198040,conan gray - heather,461994,Conan Gray,Heather,4xqrdfXkTW4T0RauPLv3WA,85,2020,pop,0.357,0.425,5,-7.301,1,0.0333,0.584,0.0,0.322,0.27,102.078,198040,3
2024-10-25 23:00,Passenger,Let Her Go,252733,passenger - let her go,20741,Passenger,Let Her Go,1KxwZYyzWNyZSRyErj2ojT,74,2012,folk,0.479,0.545,7,-7.346,1,0.0688,0.365,0.0,0.0963,0.243,74.897,252733,4
2024-10-25 23:08,Eminem,Lucky You (feat. Joyner Lucas),244679,eminem - lucky you (feat. joyner lucas),340927,Eminem,Lucky You (feat. Joyner Lucas),60SdxE8apGAxMiRrpbmLY0,73,2018,hip-hop,0.876,0.786,10,-4.884,0,0.306,0.0627,0.0,0.127,0.575,153.068,244679,4
2024-10-25 23:11,Billie Eilish,all the good girls go to hell,168839,billie eilish - all the good girls go to hell,384331,Billie Eilish,all the good girls go to hell,6IRdLKIyS4p7XNiP8r6rsx,73,2019,electro,0.726,0.444,8,-8.922,0,0.372,0.283,0.143,0.177,0.569,185.044,168840,4
2024-10-25 23:14,Alec Benjamin,Mind Is A Prison,161697,alec benjamin - mind is a prison,439861,Alec Benjamin,Mind Is A Prison,2hGQDYmjkwTS0J7Q2bM2sF,62,2020,electro,0.656,0.645,5,-5.442,0,0.0397,0.504,0.0,0.18,0.669,75.473,161697,4
2024-10-25 23:17,Ellise,911,188386,ellise - 911,327841,Ellise,911,3bHZeMMosfnAS633rWpf09,52,2018,electro,0.698,0.611,10,-6.754,0,0.0686,0.571,5.3e-06,0.0587,0.507,130.098,190000,4
2024-10-25 23:49,SHAED,Trampoline (with ZAYN),184280,shaed - trampoline (with zayn),384359,SHAED,Trampoline (with ZAYN),2ez6qvOTHKeI3ss80NGqnI,65,2019,electro,0.619,0.459,7,-5.782,0,0.0334,0.56,0.0,0.137,0.498,126.803,184280,4
2024-10-25 23:54,Rihanna,Umbrella,275986,rihanna - umbrella,1167483,Rihanna,Umbrella,2yPoXCs7BSIUrucMdK5PzV,72,2007,pop,0.583,0.829,1,-4.603,1,0.134,0.00864,0.0,0.0426,0.575,174.028,275987,4
2024-10-26 01:06,Arctic Monkeys,I Wanna Be Yours,90101,arctic monkeys - i wanna be yours,77591,Arctic Monkeys,I Wanna Be Yours,5XeFesFbtLpXzIVDNQP22n,91,2013,garage,0.464,0.417,0,-9.345,0,0.0256,0.136,0.022,0.0974,0.479,67.528,183956,4
2024-10-26 01:17,Joi Barua,Dil Dhadakne Do,230318,joi barua - dil dhadakne do,1439779,Joi Barua,Dil Dhadakne Do,46elU7IBKWf55D5sjHGqO7,59,2011,indian,0.778,0.599,2,-4.758,1,0.032,0.0705,0.0,0.59,0.949,116.951,230319,4
2024-10-26 16:11,Charlotte Lawrence,Why Do You Love Me,171908,charlotte lawrence - why do you love me,378135,Charlotte Lawrence,Why Do You Love Me,2y8iBf0QRqCKFtePi9Rl2H,52,2019,dance,0.81,0.305,8,-6.165,0,0.0902,0.28,0.000116,0.203,0.732,120.013,171908,4
2024-10-26 16:15,Madison Beer,Dear Society,179576,madison beer - dear society,377869,Madison Beer,Dear Society,0Es6dDXHGqqQWoA8tlK4LG,57,2019,dance,0.651,0.594,7,-6.374,0,0.0491,0.163,0.0,0.133,0.416,145.942,179577,4
2024-10-26 16:18,Zedd,365,181899,zedd - 365,377816,Zedd,365,2XWjPtKdi5sucFYtVav07d,64,2019,dance,0.745,0.693,2,-5.479,0,0.034,0.339,0.0,0.123,0.248,98.039,181900,4
2024-10-26 16:21,Sam Tinnesz,Play with Fire (feat. Yacht Money),180690,sam tinnesz - play with fire (feat. yacht money),254812,Sam Tinnesz,Play with Fire (feat. Yacht Money),7vguMCv8uVuZLiQJ156u3Z,74,2017,alt-rock,0.573,0.539,2,-6.091,0,0.0322,0.0162,1.16e-05,0.105,0.39,75.012,180691,4
2024-10-26 16:27,Twenty One Pilots,Jumpsuit,238560,twenty one pilots - jumpsuit,354051,Twenty One Pilots,Jumpsuit,1E1uGhNdBe6Dddbgs2KqtZ,65,2018,rock,0.62,0.61,11,-8.329,0,0.0373,0.00849,0.162,0.205,0.235,127.052,238560,4
2024-10-26 16:30,Dua Lipa,Boys Will Be Boys,166266,dua lipa - boys will be boys,433504,Dua Lipa,Boys Will Be Boys,0vQcyuMEfRBd21ojZ62N2L,59,2020,dance,0.768,0.486,3,-5.954,1,0.0353,0.408,0.0,0.098,0.519,125.021,166266,4
2024-10-26 18:32,MARINA,Purge The Poison,109756,marina - purge the poison,488200,MARINA,Purge The Poison,52qzyjT2pC3eh5xKN6zxIk,55,2021,dance,0.581,0.822,0,-5.082,1,0.0591,0.0519,0.0,0.08,0.544,139.98,196573,4
2024-10-26 20:59,MARINA,Purge The Poison,87840,marina - purge the poison,488200,MARINA,Purge The Poison,52qzyjT2pC3eh5xKN6zxIk,55,2021,dance,0.581,0.822,0,-5.082,1,0.0591,0.0519,0.0,0.08,0.544,139.98,196573,4
2024-10-26 21:03,Kygo,Stargazing,236853,kygo - stargazing,264881,Kygo,Stargazing,0Zbbxnx4SGGHoIow4PpISP,65,2017,dance,0.677,0.497,5,-5.763,1,0.0809,0.152,0.0,0.0911,0.419,99.137,236853,4
2024-10-26 21:06,LISA,MONEY,168227,lisa - money,510745,LISA,MONEY,7hU3IHwjX150XLoTVmjD0q,76,2021,k-pop,0.831,0.554,1,-9.998,0,0.218,0.161,6.12e-05,0.152,0.396,140.026,168228,4
2024-10-26 21:09,Ed Sheeran,Beautiful People (feat. Khalid),197866,ed sheeran - beautiful people (feat. khalid),406457,Ed Sheeran,Beautiful People (feat. Khalid),70eFcWOvlMObDhURTqT4Fv,72,2019,pop,0.64,0.647,5,-8.114,0,0.186,0.124,0.0,0.0801,0.546,92.979,197867,4
2024-10-26 21:22,Drake,One Dance,3250,drake - one dance,243906,Drake,One Dance,1zi7xx7UVEFkmKfv06H8x0,84,2016,hip-hop,0.792,0.625,1,-5.609,1,0.0536,0.00776,0.0018,0.329,0.37,103.967,173987,4
2024-10-26 21:56,Ryan Mack,Overwhelmed (Ryan Mack Remix),103240,ryan mack - overwhelmed (ryan mack remix),515604,Ryan Mack,Overwhelmed (Ryan Mack Remix),03eyNjBM2mpx28H6kdaufN,74,2021,pop,0.658,0.445,0,-8.749,0,0.154,0.161,0.0,0.0845,0.513,174.111,103240,4
2024-10-26 21:58,Sub Urban,INFERNO,133133,sub urban - inferno,508590,Sub Urban,INFERNO,7aonAWn0J0AJ47ZU9WHCXC,65,2021,indie-pop,0.82,0.611,9,-5.02,0,0.122,0.0766,2.5e-05,0.0684,0.637,127.883,133134,4
2024-10-26 22:02,AURORA,Cure For Me,201640,aurora - cure for me,569328,AURORA,Cure For Me,33WTgxRdPBQQpVCMXpNxhO,67,2022,pop,0.726,0.738,6,-6.589,0,0.0602,0.102,2.17e-05,0.0882,0.414,115.904,201640,4
2024-10-26 22:05,Imagine Dragons,Enemy (with JID) - from the series Arcane League of Legends,173381,imagine dragons - enemy (with jid) - from the series arcane league of legends,519370,Imagine Dragons,Enemy (with JID) - from the series Arcane League of Legends,1r9xUipOqoNwggBpENDsvJ,81,2021,rock,0.728,0.783,11,-4.424,0,0.266,0.237,0.0,0.434,0.555,77.011,173381,4
2024-10-26 22:09,AURORA,Cure For Me,1390,aurora - cure for me,569328,AURORA,Cure For Me,33WTgxRdPBQQpVCMXpNxhO,67,2022,pop,0.726,0.738,6,-6.589,0,0.0602,0.102,2.17e-05,0.0882,0.414,115.904,201640,4
2024-10-26 22:09,Ryan Mack,Overwhelmed (Ryan Mack Remix),730,ryan mack - overwhelmed (ryan mack remix),515604,Ryan Mack,Overwhelmed (Ryan Mack Remix),03eyNjBM2mpx28H6kdaufN,74,2021,pop,0.658,0.445,0,-8.749,0,0.154,0.161,0.0,0.0845,0.513,174.111,103240,4
2024-10-26 22:09,Bea Miller,Playground (from the series Arcane League of Legends),60887,bea miller - playground (from the series arcane league of legends),488028,Bea Miller,Playground (from the series Arcane League of Legends),5f2zZawBtGBEw24ABweErz,64,2021,dance,0.514,0.703,8,-6.859,1,0.0298,0.0107,7.62e-05,0.13,0.356,157.399,230526,4
2024-10-26 22:09,Sub Urban,INFERNO,420,sub urban - inferno,508590,Sub Urban,INFERNO,7aonAWn0J0AJ47ZU9WHCXC,65,2021,indie-pop,0.82,0.611,9,-5.02,0,0.122,0.0766,2.5e-05,0.0684,0.637,127.883,133134,4
2024-10-26 22:09,Imagine Dragons,Enemy (with JID) - from the series Arcane League of Legends,820,imagine dragons - enemy (with jid) - from the series arcane league of legends,519370,Imagine Dragons,Enemy (with JID) - from the series Arcane League of Legends,1r9xUipOqoNwggBpENDsvJ,81,2021,rock,0.728,0.783,11,-4.424,0,0.266,0.237,0.0,0.434,0.555,77.011,173381,4
2024-10-26 22:21,Ryan Mack,Overwhelmed (Ryan Mack Remix),103240,ryan mack - overwhelmed (ryan mack remix),515604,Ryan Mack,Overwhelmed (Ryan Mack Remix),03eyNjBM2mpx28H6kdaufN,74,2021,pop,0.658,0.445,0,-8.749,0,0.154,0.161,0.0,0.0845,0.513,174.111,103240,4
2024-10-26 22:24,Sub Urban,INFERNO,133133,sub urban - inferno,508590,Sub Urban,INFERNO,7aonAWn0J0AJ47ZU9WHCXC,65,2021,indie-pop,0.82,0.611,9,-5.02,0,0.122,0.0766,2.5e-05,0.0684,0.637,127.883,133134,4
2024-10-26 22:27,AURORA,Cure For Me,201640,aurora - cure for me,569328,AURORA,Cure For Me,33WTgxRdPBQQpVCMXpNxhO,67,2022,pop,0.726,0.738,6,-6.589,0,0.0602,0.102,2.17e-05,0.0882,0.414,115.904,201640,4
2024-10-26 22:30,Imagine Dragons,Enemy (with JID) - from the series Arcane League of Legends,173381,imagine dragons - enemy (with jid) - from the series arcane league of legends,519370,Imagine Dragons,Enemy (with JID) - from the series Arcane League of Legends,1r9xUipOqoNwggBpENDsvJ,81,2021,rock,0.728,0.783,11,-4.424,0,0.266,0.237,0.0,0.434,0.555,77.011,173381,4
2024-10-26 22:37,Bea Miller,Playground (from the series Arcane League of Legends),230525,bea miller - playground (from the series arcane league of legends),488028,Bea Miller,Playground (from the series Arcane League of Legends),5f2zZawBtGBEw24ABweErz,64,2021,dance,0.514,0.703,8,-6.859,1,0.0298,0.0107,7.62e-05,0.13,0.356,157.399,230526,4
2024-10-26 22:40,UPSAHL,People I Don't Like,142765,upsahl - people i don't like,439851,UPSAHL,People I Don't Like,5srKMwXoeyrRnyTnNbpgIW,66,2020,electro,0.747,0.573,11,-6.562,0,0.295,0.268,0.0,0.302,0.551,90.036,142766,4
2024-10-26 22:43,grandson,Blood // Water,216720,grandson - blood // water,311046,grandson,Blood // Water,7clyJIrLkEbXUDwj1tC9zz,67,2018,alt-rock,0.504,0.891,6,-5.632,0,0.137,0.00163,0.00199,0.148,0.628,153.988,214520,4
2024-10-26 22:47,Panic! At The Disco,House of Memories,208706,panic! at the disco - house of memories,614809,Panic! At The Disco,House of Memories,45o7a1TpJadHENVHLnR78t,0,2023,rock,0.506,0.817,11,-5.052,0,0.0336,0.00283,0.0,0.0486,0.49,109.955,208707,4
2024-10-27 02:22,Cartoon,Howling,47994,cartoon - howling,439455,Cartoon,Howling,596lDSwIMzDoiq3E6jJ0wC,55,2020,edm,0.568,0.72,9,-6.465,0,0.052,0.0338,0.164,0.22,0.472,173.959,204549,4
2024-10-27 02:32,Fall Out Boy,Immortals,189386,fall out boy - immortals,127040,Fall Out Boy,Immortals,3c1ItvzDDDpmDgLH9SIUp4,63,2014,emo,0.703,0.856,11,-6.336,0,0.0461,0.00064,0.00126,0.38,0.722,108.025,195027,4
2024-10-27 02:34,K/DA,POP/STARS,127014,k/da - pop/stars,344862,K/DA,POP/STARS,5sbooPcNgIE22DwO0VNGUJ,70,2018,k-pop,0.566,0.769,7,-4.342,1,0.0872,0.0183,0.0,0.108,0.385,170.036,191100,4
2024-10-27 21:59,K/DA,POP/STARS,17340,k/da - pop/stars,344862,K/DA,POP/STARS,5sbooPcNgIE22DwO0VNGUJ,70,2018,k-pop,0.566,0.769,7,-4.342,1,0.0872,0.0183,0.0,0.108,0.385,170.036,191100,4
2024-10-27 22:28,K/DA,POP/STARS,20112,k/da - pop/stars,344862,K/DA,POP/STARS,5sbooPcNgIE22DwO0VNGUJ,70,2018,k-pop,0.566,0.769,7,-4.342,1,0.0872,0.0183,0.0,0.108,0.385,170.036,191100,4
2024-10-28 16:40,Sub Urban,INFERNO,133133,sub urban - inferno,508590,Sub Urban,INFERNO,7aonAWn0J0AJ47ZU9WHCXC,65,2021,indie-pop,0.82,0.611,9,-5.02,0,0.122,0.0766,2.5e-05,0.0684,0.637,127.883,133134,4
2024-10-28 16:46,AURORA,Cure For Me,201640,aurora - cure for me,569328,AURORA,Cure For Me,33WTgxRdPBQQpVCMXpNxhO,67,2022,pop,0.726,0.738,6,-6.589,0,0.0602,0.102,2.17e-05,0.0882,0.414,115.904,201640,4
2024-10-28 16:53,Bea Miller,Playground (from the series Arcane League of Legends),230525,bea miller - playground (from the series arcane league of legends),488028,Bea Miller,Playground (from the series Arcane League of Legends),5f2zZawBtGBEw24ABweErz,64,2021,dance,0.514,0.703,8,-6.859,1,0.0298,0.0107,7.62e-05,0.13,0.356,157.399,230526,4
2024-10-28 16:57,grandson,Blood // Water,216720,grandson - blood // water,311046,grandson,Blood // Water,7clyJIrLkEbXUDwj1tC9zz,67,2018,alt-rock,0.504,0.891,6,-5.632,0,0.137,0.00163,0.00199,0.148,0.628,153.988,214520,4
2024-10-28 17:05,Ryan Mack,Overwhelmed (Ryan Mack Remix),103240,ryan mack - overwhelmed (ryan mack remix),515604,Ryan Mack,Overwhelmed (Ryan Mack Remix),03eyNjBM2mpx28H6kdaufN,74,2021,pop,0.658,0.445,0,-8.749,0,0.154,0.161,0.0,0.0845,0.513,174.111,103240,4
2024-10-28 17:12,Imagine Dragons,Enemy (with JID) - from the series Arcane League of Legends,173381,imagine dragons - enemy (with jid) - from the series arcane league of legends,519370,Imagine Dragons,Enemy (with JID) - from the series Arcane League of Legends,1r9xUipOqoNwggBpENDsvJ,81,2021,rock,0.728,0.783,11,-4.424,0,0.266,0.237,0.0,0.434,0.555,77.011,173381,4
2024-10-28 17:14,Royal & the Serpent,overwhelmed,159293,royal & the serpent - overwhelmed,439849,Royal & the Serpent,overwhelmed,5jjZikDrEd0by1o7V3fO4y,66,2020,electro,0.804,0.323,0,-11.127,0,0.305,0.308,0.0,0.15,0.456,87.019,159293,4
2024-10-28 17:14,Royal & the Serpent,overwhelmed,159293,royal & the serpent - overwhelmed,606687,Royal & the Serpent,Overwhelmed,7etb4sDQPEE44sNlcZocqM,0,2023,indie-pop,0.804,0.323,0,-11.127,0,0.305,0.308,0.0,0.15,0.456,87.019,159293,4
2024-10-28 17:56,K/DA,VILLAIN,98522,k/da - villain,456859,K/DA,VILLAIN,3QSjVPObHxuAJc3E5nrjRn,71,2020,k-pop,0.653,0.634,5,-5.875,0,0.0391,0.0232,0.0,0.0908,0.306,160.013,199125,4
2024-10-28 21:30,K/DA,VILLAIN,1168,k/da - villain,456859,K/DA,VILLAIN,3QSjVPObHxuAJc3E5nrjRn,71,2020,k-pop,0.653,0.634,5,-5.875,0,0.0391,0.0232,0.0,0.0908,0.306,160.013,199125,4
2024-10-28 21:33,Fall Out Boy,Immortals,189386,fall out boy - immortals,127040,Fall Out Boy,Immortals,3c1ItvzDDDpmDgLH9SIUp4,63,2014,emo,0.703,0.856,11,-6.336,0,0.0461,0.00064,0.00126,0.38,0.722,108.025,195027,4
2024-10-28 21:36,Clarx,Castle,158181,clarx - castle,439449,Clarx,Castle,7tUToegtVh5dodpcqaYrHo,56,2020,edm,0.672,0.759,8,-7.761,1,0.0266,0.0826,0.00225,0.19,0.217,110.005,158182,4
2024-10-28 21:40,Panic! At The Disco,House of Memories,208706,panic! at the disco - house of memories,614809,Panic! At The Disco,House of Memories,45o7a1TpJadHENVHLnR78t,0,2023,rock,0.506,0.817,11,-5.052,0,0.0336,0.00283,0.0,0.0486,0.49,109.955,208707,4
2024-10-28 21:43,Marshmello,Shockwave,181283,marshmello - shockwave,487932,Marshmello,Shockwave,3sOGVdj5VPY6C2XImtlzj7,65,2021,dance,0.577,0.875,9,-2.897,0,0.0681,0.0231,4.69e-06,0.111,0.411,164.009,181283,4
2024-10-28 21:45,UPSAHL,People I Don't Like,142765,upsahl - people i don't like,439851,UPSAHL,People I Don't Like,5srKMwXoeyrRnyTnNbpgIW,66,2020,electro,0.747,0.573,11,-6.562,0,0.295,0.268,0.0,0.302,0.551,90.036,142766,4
2024-10-28 21:48,salem ilese,PS5,152214,salem ilese - ps5,562404,salem ilese,PS5,4atLCK41iF1xFDydQ6WliG,52,2022,indie-pop,0.602,0.642,2,-5.404,0,0.211,0.0131,5.33e-06,0.0668,0.54,175.978,152214,4
2024-10-28 21:52,The Score,Revolution,231986,the score - revolution,254827,The Score,Revolution,7Fv8Qp3tTSbSS2VjryUF7L,65,2017,alt-rock,0.574,0.833,8,-6.239,0,0.0563,0.0611,0.0,0.105,0.574,86.008,231987,4
2024-10-28 21:55,K/DA,THE BADDEST,162600,k/da - the baddest,456882,K/DA,THE BADDEST,2V4Fx72svQRxrFvNT1eq5f,66,2020,k-pop,0.676,0.857,10,-4.368,0,0.0438,0.0215,0.0,0.254,0.717,149.981,162600,4
2024-10-28 22:01,BEAUZ,Outerspace,174084,beauz - outerspace,433459,BEAUZ,Outerspace,2ChOMSamIbDfZ4lA9yAiRA,59,2020,dance,0.586,0.861,0,-3.089,0,0.0617,0.00987,7.17e-05,0.128,0.478,142.16,174084,4
2024-10-28 23:43,Cartoon,Omen,166022,cartoon - omen,493875,Cartoon,Omen,2bjtlNmO8Rf5Bl4rxNl3GJ,52,2021,edm,0.486,0.872,10,-5.056,0,0.0425,0.0458,5.43e-05,0.216,0.399,174.985,177782,4
2024-10-29 04:34,Cartoon,Omen,12880,cartoon - omen,493875,Cartoon,Omen,2bjtlNmO8Rf5Bl4rxNl3GJ,52,2021,edm,0.486,0.872,10,-5.056,0,0.0425,0.0458,5.43e-05,0.216,0.399,174.985,177782,4
2024-10-29 04:37,Stellar,Bad Dream,147840,stellar - bad dream,515663,Stellar,Bad Dream,4vDGc8mD9kHbC2Yy6pF6SE,68,2021,pop,0.731,0.746,8,-3.43,1,0.0311,0.00104,5.73e-06,0.117,0.555,125.016,147840,4
2024-10-29 04:41,The Score,Born For This,237375,the score - born for this,367657,The Score,Born For This,5Sco7mbJy7p7vdDtJW10fZ,62,2019,alt-rock,0.631,0.684,5,-6.27,0,0.0405,0.0576,0.0,0.0938,0.528,129.974,234013,4
2024-10-29 05:08,K/DA,MORE,116859,k/da - more,456865,K/DA,MORE,6juLaduD4STCUDWT0AYun4,69,2020,k-pop,0.66,0.787,1,-4.592,0,0.032,0.00257,0.0,0.323,0.199,142.018,217088,4
2024-10-30 17:19,K/DA,MORE,299,k/da - more,456865,K/DA,MORE,6juLaduD4STCUDWT0AYun4,69,2020,k-pop,0.66,0.787,1,-4.592,0,0.032,0.00257,0.0,0.323,0.199,142.018,217088,4
2024-10-30 17:21,Halsey,Walls Could Talk,101789,halsey - walls could talk,264782,Halsey,Walls Could Talk,5ln5yQdUywVbf8HhFsOcd6,74,2017,dance,0.626,0.423,1,-6.035,1,0.0513,0.128,0.0,0.18,0.571,95.162,101790,4
2024-10-30 17:24,All Time Low,Monsters (feat. blackbear),174067,all time low - monsters (feat. blackbear),462037,All Time Low,Monsters (feat. blackbear),0tyR7Bu9P086aWBFZ4QJoo,69,2020,pop,0.369,0.845,0,-3.449,0,0.0611,0.0493,0.0,0.416,0.782,78.532,174068,4
2024-10-30 17:26,Royal & the Serpent,overwhelmed - Chri$tian Gate$ remix,134482,royal & the serpent - overwhelmed - chri$tian gate$ remix,494179,Royal & the Serpent,overwhelmed - Chri$tian Gate$ remix,4Kh6cq3XgOGUK9yXQu7RTq,65,2021,electro,0.619,0.502,0,-8.097,0,0.249,0.178,0.0,0.155,0.38,174.196,134483,4
2024-10-30 17:30,Fall Out Boy,Centuries,228360,fall out boy - centuries,176367,Fall Out Boy,Centuries,04aAxqtGp5pv12UXAg4pkq,78,2015,emo,0.393,0.858,4,-2.868,0,0.0729,0.00359,0.0,0.102,0.56,176.042,228360,4
2024-10-30 17:33,The Score,Unstoppable,173989,the score - unstoppable,254815,The Score,Unstoppable,6rrKbzJGGDlSZgLphopS49,71,2017,alt-rock,0.485,0.843,1,-3.993,0,0.0467,0.00129,1.01e-05,0.14,0.602,78.001,192107,4
2024-10-30 17:33,5 Seconds of Summer,Teeth,742,5 seconds of summer - teeth,377676,5 Seconds of Summer,Teeth,26wLOs3ZuHJa2Ihhx6QIE6,76,2019,dance,0.756,0.448,3,-2.993,0,0.0404,0.0508,3.87e-06,0.11,0.431,139.031,204887,4
2024-10-30 17:35,Tokyo Machine,Last Summer,124747,tokyo machine - last summer,488502,Tokyo Machine,Last Summer,7pxRBbUWBcVoTWi3MiFl6V,50,2021,dance,0.641,0.915,0,-3.543,1,0.0328,0.261,0.0,0.219,0.898,144.953,172552,4
2024-10-30 17:39,Alan Walker,Darkside,211680,alan walker - darkside,327787,Alan Walker,Darkside,6SRWhUJcD2YKahCwHavz3X,72,2018,electro,0.43,0.606,4,-5.115,0,0.0431,0.131,0.0,0.173,0.123,169.988,211680,4
2024-10-30 17:40,K/DA,DRUM GO DUM,838,k/da - drum go dum,456897,K/DA,DRUM GO DUM,2JV5OBqTMW1F6PYOGZJatP,64,2020,k-pop,0.608,0.939,11,-4.723,0,0.0579,0.0116,0.0398,0.0656,0.403,175.028,200914,4
2024-10-30 17:40,The Score,Legend,3831,the score - legend,254816,The Score,Legend,3SWqGa1J0M7hSBUDM0KePD,69,2017,alt-rock,0.601,0.757,2,-3.341,1,0.028,0.0139,8.85e-05,0.0727,0.462,82.001,189120,4
2024-10-30 17:40,Lost Sky,Vision pt. II,5195,lost sky - vision pt. ii,493888,Lost Sky,Vision pt. II,5f9W174NPbE0OiQeo0D5Wx,53,2021,edm,0.569,0.774,3,-4.827,0,0.04,0.17,0.025,0.137,0.418,149.979,208021,4
2024-10-30 17:42,CADMIUM,No Friends,80488,cadmium - no friends,439402,Cadmium,No Friends,4U7G8dgUodMEVSv96QRcDb,60,2020,edm,0.771,0.644,4,-7.746,1,0.0337,0.522,7.13e-06,0.076,0.831,145.029,235024,4
2024-10-30 17:43,Marshmello,Happier,77166,marshmello - happier,321014,Marshmello,Happier,2dpaYNEQHiRxtZbfNsse99,81,2018,dance,0.687,0.792,5,-2.749,1,0.0452,0.191,0.0,0.167,0.671,100.015,214290,4
2024-10-30 17:51,LiSA,紅蓮華,237586,lisa - 紅蓮華,410271,LiSA,紅蓮華,0nUKU6e9COOCgO5tAUtlST,53,2019,rock,0.544,0.979,4,-2.8,0,0.153,0.00336,0.000116,0.0775,0.31,135.001,238587,4
2024-10-30 17:54,yama,色彩,192175,yama - 色彩,569489,yama,色彩,1uveEvgKX4irLcp1BUTIFD,71,2022,pop,0.581,0.926,7,-3.268,0,0.0662,0.176,0.0,0.251,0.874,117.04,192176,4
2024-10-30 17:58,RADWIMPS,Suzume,238560,radwimps - suzume,548586,RADWIMPS,Suzume,7LHAKF7pBqHch8o6Yo0ad5,69,2022,emo,0.571,0.415,2,-6.572,0,0.0305,0.615,0.0,0.187,0.342,78.025,236391,4
2024-10-30 18:16,Ikimonogakari,ブルーバード,206534,ikimonogakari - ブルーバード,1097434,Ikimonogakari,ブルーバード,2XpV9sHBexcNrz0Gyf3l18,67,2006,pop,0.536,0.966,6,-2.929,0,0.0558,0.121,0.0,0.0477,0.849,152.076,215707,4
2024-10-30 21:28,Ryan Mack,Overwhelmed (Ryan Mack Remix),103240,ryan mack - overwhelmed (ryan mack remix),515604,Ryan Mack,Overwhelmed (Ryan Mack Remix),03eyNjBM2mpx28H6kdaufN,74,2021,pop,0.658,0.445,0,-8.749,0,0.154,0.161,0.0,0.0845,0.513,174.111,103240,4
2024-10-30 21:30,Sub Urban,INFERNO,133133,sub urban - inferno,508590,Sub Urban,INFERNO,7aonAWn0J0AJ47ZU9WHCXC,65,2021,indie-pop,0.82,0.611,9,-5.02,0,0.122,0.0766,2.5e-05,0.0684,0.637,127.883,133134,4
2024-10-30 21:33,Måneskin,I WANNA BE YOUR SLAVE,173346,måneskin - i wanna be your slave,508524,Måneskin,I WANNA BE YOUR SLAVE,4pt5fDVTg5GhEvEtlz9dKk,81,2021,indie-pop,0.75,0.608,1,-4.008,1,0.0387,0.00165,0.0,0.178,0.958,132.507,173347,4
2024-10-30 21:37,Ellise,911,188386,ellise - 911,327841,Ellise,911,3bHZeMMosfnAS633rWpf09,52,2018,electro,0.698,0.611,10,-6.754,0,0.0686,0.571,5.3e-06,0.0587,0.507,130.098,190000,4
2024-10-30 21:39,Lil Nas X,MONTERO (Call Me By Your Name),137704,lil nas x - montero (call me by your name),506706,Lil Nas X,MONTERO (Call Me By Your Name),1SC5rEoYDGUK4NfG82494W,79,2021,hip-hop,0.593,0.503,8,-6.725,0,0.22,0.293,0.0,0.405,0.71,178.781,137704,4
2024-10-30 21:53,Alec Benjamin,Let Me Down Slowly,85785,alec benjamin - let me down slowly,327774,Alec Benjamin,Let Me Down Slowly,2qxmye6gAegTMjLKEBoR3d,83,2018,electro,0.652,0.557,1,-5.714,0,0.0318,0.74,0.0,0.124,0.483,150.073,169354,4
2024-10-30 22:32,Alec Benjamin,Let Me Down Slowly,3766,alec benjamin - let me down slowly,327774,Alec Benjamin,Let Me Down Slowly,2qxmye6gAegTMjLKEBoR3d,83,2018,electro,0.652,0.557,1,-5.714,0,0.0318,0.74,0.0,0.124,0.483,150.073,169354,4
2024-10-30 22:35,Melanie Martinez,"Tag, You're It",189026,"melanie martinez - tag, you're it",175408,Melanie Martinez,"Tag, You're It",3u1FiuSpfsgVnekEMXgMwJ,72,2015,electro,0.559,0.835,5,-5.555,0,0.0424,0.24,0.019,0.185,0.382,114.908,189027,4
2024-10-30 22:43,The Neighbourhood,Sweater Weather,240400,the neighbourhood - sweater weather,1800,The Neighbourhood,Sweater Weather,4pGqFOfzvfe6avb9kbZicC,60,2012,alt-rock,0.695,0.615,7,-5.325,0,0.042,0.15,0.000212,0.0879,0.414,124.015,240040,4
2024-10-30 22:45,Camila Cabello,Shameless,145201,camila cabello - shameless,377675,Camila Cabello,Shameless,2ogKhhoMClkFXek7ZgxAhN,78,2019,dance,0.377,0.651,4,-5.437,0,0.0589,0.0197,5.31e-05,0.174,0.0851,129.607,219742,4
2024-10-30 22:49,Billie Eilish,lovely (with Khalid),200185,billie eilish - lovely (with khalid),350203,Billie Eilish,lovely (with Khalid),0u2P5u6lvoDfwTYjAADbn4,87,2018,pop,0.351,0.296,4,-10.109,0,0.0333,0.934,0.0,0.095,0.12,115.284,200186,4
2024-10-30 22:56,Imagine Dragons,Enemy (with JID) - from the series Arcane League of Legends,49304,imagine dragons - enemy (with jid) - from the series arcane league of legends,519370,Imagine Dragons,Enemy (with JID) - from the series Arcane League of Legends,1r9xUipOqoNwggBpENDsvJ,81,2021,rock,0.728,0.783,11,-4.424,0,0.266,0.237,0.0,0.434,0.555,77.011,173381,4
2024-10-31 15:51,Imagine Dragons,Enemy (with JID) - from the series Arcane League of Legends,125097,imagine dragons - enemy (with jid) - from the series arcane league of legends,519370,Imagine Dragons,Enemy (with JID) - from the series Arcane League of Legends,1r9xUipOqoNwggBpENDsvJ,81,2021,rock,0.728,0.783,11,-4.424,0,0.266,0.237,0.0,0.434,0.555,77.011,173381,4
2024-10-31 15:58,K/DA,VILLAIN,199125,k/da - villain,456859,K/DA,VILLAIN,3QSjVPObHxuAJc3E5nrjRn,71,2020,k-pop,0.653,0.634,5,-5.875,0,0.0391,0.0232,0.0,0.0908,0.306,160.013,199125,4
2024-10-31 16:01,Lindsey Stirling,Roundtable Rival,203279,lindsey stirling - roundtable rival,146874,Lindsey Stirling,Roundtable Rival,7fLOFRCRe1c4kyoLJkNW1w,51,2014,pop,0.498,0.877,2,-3.84,0,0.0597,0.00266,0.25,0.411,0.619,128.069,203280,4
2024-10-31 16:05,Gym Class Heroes,Stereo Hearts (feat. Adam Levine),210960,gym class heroes - stereo hearts (feat. adam levine),1412784,Gym Class Heroes,Stereo Hearts (feat. Adam Levine),0qOnSQQF0yzuPWsXrQ9paz,80,2011,dance,0.646,0.795,9,-3.293,1,0.0976,0.0319,0.0,0.267,0.796,89.99,210960,4
2024-10-31 16:08,Ellie Goulding,Hate Me,188066,ellie goulding - hate me,433246,Ellie Goulding,Hate Me,15og0pCEcTFWEXOFKdcJlU,69,2020,dance,0.64,0.789,8,-4.891,1,0.0644,0.0875,0.0,0.147,0.762,75.018,188067,4
2024-11-02 01:28,Sub Urban,INFERNO,1,sub urban - inferno,508590,Sub Urban,INFERNO,7aonAWn0J0AJ47ZU9WHCXC,65,2021,indie-pop,0.82,0.611,9,-5.02,0,0.122,0.0766,2.5e-05,0.0684,0.637,127.883,133134,4
2024-11-02 01:31,Måneskin,I WANNA BE YOUR SLAVE,173346,måneskin - i wanna be your slave,508524,Måneskin,I WANNA BE YOUR SLAVE,4pt5fDVTg5GhEvEtlz9dKk,81,2021,indie-pop,0.75,0.608,1,-4.008,1,0.0387,0.00165,0.0,0.178,0.958,132.507,173347,4
2024-11-02 01:34,Lil Nas X,MONTERO (Call Me By Your Name),137704,lil nas x - montero (call me by your name),506706,Lil Nas X,MONTERO (Call Me By Your Name),1SC5rEoYDGUK4NfG82494W,79,2021,hip-hop,0.593,0.503,8,-6.725,0,0.22,0.293,0.0,0.405,0.71,178.781,137704,4
2024-11-02 01:37,Ellise,911,188386,ellise - 911,327841,Ellise,911,3bHZeMMosfnAS633rWpf09,52,2018,electro,0.698,0.611,10,-6.754,0,0.0686,0.571,5.3e-06,0.0587,0.507,130.098,190000,4
2024-11-02 01:38,Ryan Mack,Overwhelmed (Ryan Mack Remix),103240,ryan mack - overwhelmed (ryan mack remix),515604,Ryan Mack,Overwhelmed (Ryan Mack Remix),03eyNjBM2mpx28H6kdaufN,74,2021,pop,0.658,0.445,0,-8.749,0,0.154,0.161,0.0,0.0845,0.513,174.111,103240,4
2024-11-02 01:49,Billie Eilish,lovely (with Khalid),200185,billie eilish - lovely (with khalid),350203,Billie Eilish,lovely (with Khalid),0u2P5u6lvoDfwTYjAADbn4,87,2018,pop,0.351,0.296,4,-10.109,0,0.0333,0.934,0.0,0.095,0.12,115.284,200186,4
2024-11-02 01:53,Sub Urban,Freak (feat. REI AMI),194000,sub urban - freak (feat. rei ami),454786,Sub Urban,Freak (feat. REI AMI),5jkbw3FDS3bSSb4oLKYbjf,67,2020,indie-pop,0.619,0.45,7,-11.965,0,0.515,0.433,0.0,0.513,0.41,179.755,194000,4
2024-11-02 01:55,Alec Benjamin,Let Me Down Slowly,169353,alec benjamin - let me down slowly,327774,Alec Benjamin,Let Me Down Slowly,2qxmye6gAegTMjLKEBoR3d,83,2018,electro,0.652,0.557,1,-5.714,0,0.0318,0.74,0.0,0.124,0.483,150.073,169354,4
2024-11-02 01:59,Melanie Martinez,Mad Hatter,201520,melanie martinez - mad hatter,175410,Melanie Martinez,Mad Hatter,5gWtkdgdyt5bZt9i6n3Kqd,71,2015,electro,0.568,0.692,8,-4.513,1,0.0589,0.0161,0.0,0.148,0.577,92.023,201520,4
2024-11-02 16:01,Imagine Dragons,Bones,165264,imagine dragons - bones,572948,Imagine Dragons,Bones,0HqZX76SFLDz2aW8aiqi7G,86,2022,rock,0.773,0.742,5,-3.678,0,0.046,0.0206,0.0,0.0754,0.571,114.071,165265,4
2024-11-02 16:09,Coldplay,Viva La Vida,242373,coldplay - viva la vida,612579,Coldplay,Viva La Vida,1uEgwhOGCHr4dHZEcT9K0R,0,2023,pop,0.486,0.617,5,-7.115,0,0.0287,0.0954,3.23e-06,0.109,0.417,138.015,242373,4
2024-11-02 16:12,K/DA,POP/STARS,191100,k/da - pop/stars,344862,K/DA,POP/STARS,5sbooPcNgIE22DwO0VNGUJ,70,2018,k-pop,0.566,0.769,7,-4.342,1,0.0872,0.0183,0.0,0.108,0.385,170.036,191100,4
2024-11-02 16:16,Melanie Martinez,Dollhouse,231853,melanie martinez - dollhouse,126365,Melanie Martinez,Dollhouse,3deFSRUdM7JC8P1Fi6r0rY,43,2014,electro,0.725,0.708,5,-5.331,0,0.0756,0.22,0.0,0.777,0.555,130.029,231853,4
2024-11-02 16:19,Clarx,Castle,158181,clarx - castle,439449,Clarx,Castle,7tUToegtVh5dodpcqaYrHo,56,2020,edm,0.672,0.759,8,-7.761,1,0.0266,0.0826,0.00225,0.19,0.217,110.005,158182,4
2024-11-02 16:22,Imagine Dragons,Warriors,171333,imagine dragons - warriors,201249,Imagine Dragons,Warriors,1lgN0A2Vki2FTON5PYq42m,67,2015,rock,0.365,0.851,4,-6.238,0,0.065,0.0964,0.003,0.238,0.309,78.068,170067,4
2024-11-02 16:25,Linkin Park,Numb,187520,linkin park - numb,894994,Linkin Park,Numb,2nLtzopw4rPReszdYBJU6h,84,2003,metal,0.496,0.863,9,-4.153,1,0.0381,0.0046,0.0,0.639,0.243,110.018,185587,4
2024-11-02 17:23,Twenty One Pilots,Heathens,124107,twenty one pilots - heathens,614802,Twenty One Pilots,Heathens,28dStUv9JDoGCo1qJbrcMC,3,2023,rock,0.732,0.396,4,-9.348,0,0.0286,0.0841,3.54e-05,0.105,0.548,90.025,195920,4
2024-11-02 20:46,Twenty One Pilots,Heathens,71833,twenty one pilots - heathens,614802,Twenty One Pilots,Heathens,28dStUv9JDoGCo1qJbrcMC,3,2023,rock,0.732,0.396,4,-9.348,0,0.0286,0.0841,3.54e-05,0.105,0.548,90.025,195920,4
2024-11-02 20:50,CARYS,Princesses Don't Cry,212106,carys - princesses don't cry,547768,CARYS,Princesses Don't Cry,0P3QZGxM5VhBY1CT8gJOa9,53,2022,electro,0.626,0.595,0,-4.975,0,0.0288,0.285,0.0,0.0858,0.65,74.985,212107,4
2024-11-02 20:53,Melanie Martinez,"Tag, You're It",189026,"melanie martinez - tag, you're it",175408,Melanie Martinez,"Tag, You're It",3u1FiuSpfsgVnekEMXgMwJ,72,2015,electro,0.559,0.835,5,-5.555,0,0.0424,0.24,0.019,0.185,0.382,114.908,189027,4
2024-11-02 20:57,The Chainsmokers,Closer,244960,the chainsmokers - closer,224450,The Chainsmokers,Closer,7BKLCZ1jbUBVqRi2FVlTVw,83,2016,dance,0.748,0.524,8,-5.599,1,0.0338,0.414,0.0,0.111,0.661,95.01,244960,4
2024-11-02 21:00,Imagine Dragons,Natural,189466,imagine dragons - natural,354036,Imagine Dragons,Natural,2FY7b99s15jUprqC0M5NCT,80,2018,rock,0.704,0.611,2,-6.112,1,0.0409,0.217,0.0,0.0812,0.22,100.0,189467,4
2024-11-02 21:03,Sabrina Carpenter,Looking at Me,181120,sabrina carpenter - looking at me,377696,Sabrina Carpenter,Looking at Me,59tskctgqUmjCWAwhzYAFm,71,2019,dance,0.681,0.798,2,-4.367,1,0.0375,0.00398,5.11e-06,0.0542,0.516,105.99,181120,4
2024-11-02 21:07,Taylor Swift,Don’t Blame Me,236413,taylor swift - don’t blame me,293464,Taylor Swift,Don’t Blame Me,1R0a2iXumgCiFb7HEZ7gUE,85,2017,pop,0.615,0.534,9,-6.719,0,0.0386,0.106,1.76e-05,0.0607,0.193,135.917,236413,4
2024-11-02 21:10,Faouzia,Tears of Gold,176117,faouzia - tears of gold,406502,Faouzia,Tears of Gold,2YyLNljkMy2viVcXoFGTDY,66,2019,pop,0.587,0.664,5,-5.698,0,0.0523,0.128,0.0,0.323,0.617,149.957,176118,4
2024-11-02 21:22,Selena Gomez,People You Know,113689,selena gomez - people you know,433234,Selena Gomez,People You Know,63mdJr3NMY3wReOkNE6c6W,78,2020,dance,0.695,0.62,8,-8.082,0,0.0521,0.0881,5.43e-05,0.111,0.62,150.032,194900,4
2024-11-03 18:56,Pritam,Ye Tune Kya Kiya,314239,pritam - ye tune kya kiya,86654,Pritam,Ye Tune Kya Kiya,2cPUB8EOT6AfJ8oxhyoNXL,66,2013,indian,0.578,0.798,7,-6.01,1,0.0699,0.58,0.0,0.111,0.728,91.96,314240,4
2024-11-03 18:58,Royal & the Serpent,overwhelmed,159293,royal & the serpent - overwhelmed,439849,Royal & the Serpent,overwhelmed,5jjZikDrEd0by1o7V3fO4y,66,2020,electro,0.804,0.323,0,-11.127,0,0.305,0.308,0.0,0.15,0.456,87.019,159293,4
2024-11-03 18:58,Royal & the Serpent,overwhelmed,159293,royal & the serpent - overwhelmed,606687,Royal & the Serpent,Overwhelmed,7etb4sDQPEE44sNlcZocqM,0,2023,indie-pop,0.804,0.323,0,-11.127,0,0.305,0.308,0.0,0.15,0.456,87.019,159293,4
2024-11-03 19:01,Imagine Dragons,Enemy - From the series Arcane League of Legends,173381,imagine dragons - enemy - from the series arcane league of legends,519371,Imagine Dragons,Enemy - From the series Arcane League of Legends,5UlnuulVAVmmesw4VzqHdG,75,2021,rock,0.722,0.745,7,-4.164,1,0.256,0.247,0.0,0.419,0.52,77.029,173381,4
2024-11-03 19:01,Imagine Dragons,Enemy - From the series Arcane League of Legends,173381,imagine dragons - enemy - from the series arcane league of legends,614793,Imagine Dragons,Enemy - from the series Arcane League of Legends,45lFaFCHXmpCiiMDvtihIv,1,2023,rock,0.728,0.783,11,-4.424,0,0.266,0.237,0.0,0.434,0.555,77.011,173381,4
2024-11-03 19:04,Alan Walker,Alone,160426,alan walker - alone,231099,Alan Walker,Alone,0JiVRyTJcJnmlwCZ854K4p,60,2016,electro,0.676,0.929,10,-3.194,1,0.0458,0.186,0.000405,0.121,0.157,97.019,161200,4
2024-11-03 19:07,blackbear,idfc,207026,blackbear - idfc,175406,blackbear,idfc,3SErMoIKdRELto2OspGs5L,77,2015,electro,0.718,0.422,4,-9.115,0,0.0621,0.0764,0.0,0.17,0.455,144.678,207027,4
2024-11-03 20:37,Halsey,Walls Could Talk,8152,halsey - walls could talk,264782,Halsey,Walls Could Talk,5ln5yQdUywVbf8HhFsOcd6,74,2017,dance,0.626,0.423,1,-6.035,1,0.0513,0.128,0.0,0.18,0.571,95.162,101790,4
2024-11-04 01:54,Melanie Martinez,Mad Hatter,5965,melanie martinez - mad hatter,175410,Melanie Martinez,Mad Hatter,5gWtkdgdyt5bZt9i6n3Kqd,71,2015,electro,0.568,0.692,8,-4.513,1,0.0589,0.0161,0.0,0.148,0.577,92.023,201520,4
2024-11-04 01:57,Alec Benjamin,Let Me Down Slowly,169353,alec benjamin - let me down slowly,327774,Alec Benjamin,Let Me Down Slowly,2qxmye6gAegTMjLKEBoR3d,83,2018,electro,0.652,0.557,1,-5.714,0,0.0318,0.74,0.0,0.124,0.483,150.073,169354,4
2024-11-04 02:01,Melanie Martinez,Mad Hatter,201520,melanie martinez - mad hatter,175410,Melanie Martinez,Mad Hatter,5gWtkdgdyt5bZt9i6n3Kqd,71,2015,electro,0.568,0.692,8,-4.513,1,0.0589,0.0161,0.0,0.148,0.577,92.023,201520,4
2024-11-04 02:54,Halsey,Walls Could Talk,8175,halsey - walls could talk,264782,Halsey,Walls Could Talk,5ln5yQdUywVbf8HhFsOcd6,74,2017,dance,0.626,0.423,1,-6.035,1,0.0513,0.128,0.0,0.18,0.571,95.162,101790,4
2024-11-04 22:47,Halsey,Walls Could Talk,89775,halsey - walls could talk,264782,Halsey,Walls Could Talk,5ln5yQdUywVbf8HhFsOcd6,74,2017,dance,0.626,0.423,1,-6.035,1,0.0513,0.128,0.0,0.18,0.571,95.162,101790,4
2024-11-04 22:51,K/DA,MORE,217088,k/da - more,456865,K/DA,MORE,6juLaduD4STCUDWT0AYun4,69,2020,k-pop,0.66,0.787,1,-4.592,0,0.032,0.00257,0.0,0.323,0.199,142.018,217088,4
2024-11-04 22:56,Camila Cabello,Shameless,219742,camila cabello - shameless,377675,Camila Cabello,Shameless,2ogKhhoMClkFXek7ZgxAhN,78,2019,dance,0.377,0.651,4,-5.437,0,0.0589,0.0197,5.31e-05,0.174,0.0851,129.607,219742,4
2024-11-04 23:44,Imagine Dragons,Radioactive,182277,imagine dragons - radioactive,43790,Imagine Dragons,Radioactive,4G8gkOterJn0Ywt6uhqbhp,71,2012,rock,0.448,0.784,9,-3.686,1,0.0627,0.106,0.000108,0.668,0.236,136.245,186813,4
2024-11-05 03:50,Imagine Dragons,Radioactive,5545,imagine dragons - radioactive,43790,Imagine Dragons,Radioactive,4G8gkOterJn0Ywt6uhqbhp,71,2012,rock,0.448,0.784,9,-3.686,1,0.0627,0.106,0.000108,0.668,0.236,136.245,186813,4
2024-11-05 03:54,Marshmello,Happier,214289,marshmello - happier,321014,Marshmello,Happier,2dpaYNEQHiRxtZbfNsse99,81,2018,dance,0.687,0.792,5,-2.749,1,0.0452,0.191,0.0,0.167,0.671,100.015,214290,4
2024-11-05 03:57,Indila,Dernière danse,213493,indila - dernière danse,129472,Indila,Dernière danse,65uoaqX5qcjXZRheAj1qQT,74,2014,french,0.669,0.449,0,-7.658,0,0.0489,0.184,0.0,0.0729,0.327,114.926,213493,4
2024-11-05 03:57,Indila,Dernière danse,213493,indila - dernière danse,234700,Indila,Dernière Danse,3bMfYakVNhXA4TFhljujDp,29,2016,french,0.65,0.486,0,-5.945,0,0.0455,0.163,0.0,0.088,0.333,114.93,211279,4
2024-11-05 04:00,K/DA,THE BADDEST,162600,k/da - the baddest,456882,K/DA,THE BADDEST,2V4Fx72svQRxrFvNT1eq5f,66,2020,k-pop,0.676,0.857,10,-4.368,0,0.0438,0.0215,0.0,0.254,0.717,149.981,162600,4
2024-11-05 04:03,Cartoon,Howling,204549,cartoon - howling,439455,Cartoon,Howling,596lDSwIMzDoiq3E6jJ0wC,55,2020,edm,0.568,0.72,9,-6.465,0,0.052,0.0338,0.164,0.22,0.472,173.959,204549,4
2024-11-05 04:07,Billie Eilish,bad guy,194087,billie eilish - bad guy,384324,Billie Eilish,bad guy,2Fxmhks0bxGSBdJ92vM42m,81,2019,electro,0.701,0.425,7,-10.965,1,0.375,0.328,0.13,0.1,0.562,135.128,194088,4
2024-11-05 04:10,All Time Low,Monsters (feat. blackbear),174067,all time low - monsters (feat. blackbear),462037,All Time Low,Monsters (feat. blackbear),0tyR7Bu9P086aWBFZ4QJoo,69,2020,pop,0.369,0.845,0,-3.449,0,0.0611,0.0493,0.0,0.416,0.782,78.532,174068,4
2024-11-05 04:13,Rixton,Me And My Broken Heart,193733,rixton - me and my broken heart,119681,Rixton,Me And My Broken Heart,1oew3nFNY3vMacJAsvry0S,76,2014,dance,0.545,0.783,5,-4.261,0,0.0345,0.00489,0.0,0.132,0.551,174.084,193733,4
2024-11-05 04:24,Måneskin,Beggin',69892,måneskin - beggin',286610,Måneskin,Beggin',3Wrjm47oTz2sjIgck11l5e,83,2017,indie-pop,0.714,0.8,11,-4.808,0,0.0504,0.127,0.0,0.359,0.589,134.002,211560,4
2024-11-05 16:01,Måneskin,Beggin',142672,måneskin - beggin',286610,Måneskin,Beggin',3Wrjm47oTz2sjIgck11l5e,83,2017,indie-pop,0.714,0.8,11,-4.808,0,0.0504,0.127,0.0,0.359,0.589,134.002,211560,4
2024-11-05 16:04,Sam Tinnesz,Play with Fire (feat. Yacht Money),180690,sam tinnesz - play with fire (feat. yacht money),254812,Sam Tinnesz,Play with Fire (feat. Yacht Money),7vguMCv8uVuZLiQJ156u3Z,74,2017,alt-rock,0.573,0.539,2,-6.091,0,0.0322,0.0162,1.16e-05,0.105,0.39,75.012,180691,4
2024-11-05 16:08,Sia,"Genius (feat. Sia, Diplo, and Labrinth)",213706,"sia - genius (feat. sia, diplo, and labrinth)",377708,Sia,"Genius (feat. Sia, Diplo, and Labrinth)",4xigPf2sigSPmuFH3qCelB,73,2019,dance,0.603,0.615,11,-4.931,0,0.165,0.0799,6.72e-05,0.117,0.561,158.657,213707,4
2024-11-05 16:22,Shawn Mendes,Treat You Better,36131,shawn mendes - treat you better,264771,Shawn Mendes,Treat You Better,3QGsuHI8jO1Rx4JWLUh9jd,83,2017,dance,0.444,0.819,10,-4.078,0,0.341,0.106,0.0,0.107,0.747,82.695,187973,4
2024-11-05 22:14,Shawn Mendes,Treat You Better,5831,shawn mendes - treat you better,264771,Shawn Mendes,Treat You Better,3QGsuHI8jO1Rx4JWLUh9jd,83,2017,dance,0.444,0.819,10,-4.078,0,0.341,0.106,0.0,0.107,0.747,82.695,187973,4
2024-11-05 22:45,Shawn Mendes,Treat You Better,146060,shawn mendes - treat you better,264771,Shawn Mendes,Treat You Better,3QGsuHI8jO1Rx4JWLUh9jd,83,2017,dance,0.444,0.819,10,-4.078,0,0.341,0.106,0.0,0.107,0.747,82.695,187973,4
2024-11-05 22:49,grandson,Blood // Water,216720,grandson - blood // water,311046,grandson,Blood // Water,7clyJIrLkEbXUDwj1tC9zz,67,2018,alt-rock,0.504,0.891,6,-5.632,0,0.137,0.00163,0.00199,0.148,0.628,153.988,214520,4
2024-11-05 22:56,Lindsey Stirling,Roundtable Rival,203279,lindsey stirling - roundtable rival,146874,Lindsey Stirling,Roundtable Rival,7fLOFRCRe1c4kyoLJkNW1w,51,2014,pop,0.498,0.877,2,-3.84,0,0.0597,0.00266,0.25,0.411,0.619,128.069,203280,4
2024-11-05 22:59,Imagine Dragons,Enemy (with JID) - from the series Arcane League of Legends,173381,imagine dragons - enemy (with jid) - from the series arcane league of legends,519370,Imagine Dragons,Enemy (with JID) - from the series Arcane League of Legends,1r9xUipOqoNwggBpENDsvJ,81,2021,rock,0.728,0.783,11,-4.424,0,0.266,0.237,0.0,0.434,0.555,77.011,173381,4
2024-11-05 23:03,The Neighbourhood,Sweater Weather,240400,the neighbourhood - sweater weather,1800,The Neighbourhood,Sweater Weather,4pGqFOfzvfe6avb9kbZicC,60,2012,alt-rock,0.695,0.615,7,-5.325,0,0.042,0.15,0.000212,0.0879,0.414,124.015,240040,4
2024-11-05 23:06,KALEO,Way down We Go,213706,kaleo - way down we go,214654,KALEO,Way down We Go,0y1QJc3SJVPKJ1OvFmFqe6,78,2016,alt-rock,0.489,0.505,10,-8.022,0,0.117,0.579,0.000333,0.104,0.337,163.255,213707,4
2024-11-05 23:13,K/DA,VILLAIN,199125,k/da - villain,456859,K/DA,VILLAIN,3QSjVPObHxuAJc3E5nrjRn,71,2020,k-pop,0.653,0.634,5,-5.875,0,0.0391,0.0232,0.0,0.0908,0.306,160.013,199125,4
2024-11-05 23:20,CADMIUM,No Friends,235023,cadmium - no friends,439402,Cadmium,No Friends,4U7G8dgUodMEVSv96QRcDb,60,2020,edm,0.771,0.644,4,-7.746,1,0.0337,0.522,7.13e-06,0.076,0.831,145.029,235024,4
2024-11-05 23:24,The Chainsmokers,Don't Let Me Down,208373,the chainsmokers - don't let me down,224456,The Chainsmokers,Don't Let Me Down,1i1fxkWeaMmKEB4T7zqbzK,78,2016,dance,0.532,0.869,11,-5.094,1,0.172,0.157,0.00508,0.136,0.422,159.803,208373,4
2024-11-05 23:27,Sia,Chandelier,216120,sia - chandelier,197535,Sia,Chandelier,2s1sdSqGcKxpPr5lCl7jAV,69,2015,pop,0.399,0.787,1,-2.88,1,0.0499,0.0197,6.07e-05,0.0685,0.572,117.089,216120,5
2024-11-05 23:31,Selena Gomez,Wolves,197993,selena gomez - wolves,264780,Selena Gomez,Wolves,0tBbt8CrmxbjRP0pueQkyU,79,2017,dance,0.724,0.804,11,-4.614,0,0.0448,0.124,0.0,0.204,0.306,124.987,197993,4
2024-11-05 23:35,Coldplay,Hymn for the Weekend,258266,coldplay - hymn for the weekend,197543,Coldplay,Hymn for the Weekend,3RiPr603aXAoi4GHyXx0uy,82,2015,pop,0.491,0.693,0,-6.487,0,0.0377,0.211,6.92e-06,0.325,0.412,90.027,258267,4
2024-11-05 23:39,Linkin Park,In the End,216800,linkin park - in the end,457747,Linkin Park,In the End,6zyrb7dW1IR4Hrc8nXJsln,52,2020,metal,0.555,0.844,3,-6.567,0,0.0553,0.00818,0.0,0.0895,0.464,105.193,216800,4
2024-11-05 23:43,Bea Miller,Playground (from the series Arcane League of Legends),230525,bea miller - playground (from the series arcane league of legends),488028,Bea Miller,Playground (from the series Arcane League of Legends),5f2zZawBtGBEw24ABweErz,64,2021,dance,0.514,0.703,8,-6.859,1,0.0298,0.0107,7.62e-05,0.13,0.356,157.399,230526,4
2024-11-05 23:46,Elley Duhé,MIDDLE OF THE NIGHT,184453,elley duhé - middle of the night,462004,Elley Duhé,MIDDLE OF THE NIGHT,58HvfVOeJY7lUuCqF0m3ly,85,2020,pop,0.41,0.611,4,-8.271,0,0.0467,0.0228,0.0,0.116,0.0899,185.727,184448,3
2024-11-05 23:49,Melanie Martinez,Play Date,179867,melanie martinez - play date,175403,Melanie Martinez,Play Date,4DpNNXFMMxQEKl7r0ykkWA,76,2015,electro,0.68,0.729,5,-5.077,1,0.0475,0.612,0.0,0.224,0.446,123.97,179867,4
2024-11-05 23:52,Jonas Brothers,Sucker,181026,jonas brothers - sucker,377667,Jonas Brothers,Sucker,22vgEDb5hykfaTwLuskFGD,79,2019,dance,0.842,0.734,1,-5.065,0,0.0588,0.0427,0.0,0.106,0.952,137.958,181027,4
2024-11-05 23:58,Shawn Mendes,Señorita,190799,shawn mendes - señorita,377681,Shawn Mendes,Señorita,6v3KW9xbzN5yKLt9YKDYA2,80,2019,dance,0.759,0.548,9,-6.049,0,0.029,0.0392,0.0,0.0828,0.749,116.967,190800,4
2024-11-06 00:01,Sub Urban,Cradles,209829,sub urban - cradles,399077,Sub Urban,Cradles,5sSYvDVyP0CP9TUiqy3fuF,70,2019,indie-pop,0.537,0.586,6,-1.864,1,0.314,0.265,7.04e-05,0.175,0.624,79.056,209829,4
2024-11-06 00:05,Au/Ra,Panic Room,237772,au/ra - panic room,327322,Au/Ra,Panic Room,7uUahoeqGNRMbpdeiLj1rS,69,2018,edm,0.495,0.426,8,-9.434,1,0.0736,0.152,5.65e-06,0.099,0.0636,97.91,237773,4
2024-11-06 00:08,Imagine Dragons,Thunder,187146,imagine dragons - thunder,297309,Imagine Dragons,Thunder,1zB4vmk8tFRmM9UULNzbLB,83,2017,rock,0.605,0.822,0,-4.833,1,0.0438,0.00671,0.134,0.147,0.288,167.997,187147,4
2024-11-06 00:12,Twenty One Pilots,Ride,214506,twenty one pilots - ride,201247,Twenty One Pilots,Ride,2Z8WuEywRWYTKe1NybPQEW,80,2015,rock,0.645,0.713,6,-5.355,1,0.0393,0.00835,0.0,0.113,0.566,74.989,214507,4
2024-11-06 00:15,Fall Out Boy,Immortals,189386,fall out boy - immortals,127040,Fall Out Boy,Immortals,3c1ItvzDDDpmDgLH9SIUp4,63,2014,emo,0.703,0.856,11,-6.336,0,0.0461,0.00064,0.00126,0.38,0.722,108.025,195027,4
2024-11-06 00:18,Shawn Mendes,Stitches,206880,shawn mendes - stitches,197525,Shawn Mendes,Stitches,5jsw9uXEGuKyJzs0boZ1bT,74,2015,pop,0.752,0.754,1,-6.684,1,0.0615,0.0151,0.0,0.0486,0.755,149.789,206880,4
2024-11-06 00:24,Madison Beer,Good In Goodbye,141949,madison beer - good in goodbye,433428,Madison Beer,Good In Goodbye,1GVF9369j7InydwGztCDIZ,57,2020,dance,0.658,0.698,11,-5.95,0,0.177,0.433,0.0,0.174,0.456,139.054,141949,4
2024-11-06 00:29,Halsey,Colors,249499,halsey - colors,175423,Halsey,Colors,1TnUURhehaoMWKAqQtirm6,65,2015,electro,0.512,0.812,1,-4.809,1,0.0617,0.0534,0.0,0.092,0.521,100.02,249500,4
2024-11-06 00:32,blackbear,hot girl bummer,188343,blackbear - hot girl bummer,439846,blackbear,hot girl bummer,6jRq8gaZhMUyy5RclRPcAf,77,2020,electro,0.782,0.559,6,-7.106,0,0.0767,0.125,0.0,0.385,0.685,129.992,188344,1
2024-11-06 00:32,blackbear,hot girl bummer,188343,blackbear - hot girl bummer,439958,blackbear,Hot Girl Bummer,7lu8ZYHhRpH4sgCMIibdKO,46,2020,electro,0.786,0.548,6,-7.068,0,0.078,0.129,0.0,0.34,0.687,129.99,188344,4
2024-11-06 00:39,Maroon 5,Maps,189960,maroon 5 - maps,146767,Maroon 5,Maps,4gbVRS8gloEluzf0GzDOFc,82,2014,pop,0.742,0.713,1,-5.522,0,0.0303,0.0205,0.0,0.059,0.879,120.032,189960,4
2024-11-06 00:42,5 Seconds of Summer,Teeth,205502,5 seconds of summer - teeth,377676,5 Seconds of Summer,Teeth,26wLOs3ZuHJa2Ihhx6QIE6,76,2019,dance,0.756,0.448,3,-2.993,0,0.0404,0.0508,3.87e-06,0.11,0.431,139.031,204887,4
2024-11-06 00:46,Shawn Mendes,Mercy,208733,shawn mendes - mercy,264773,Shawn Mendes,Mercy,0AS63m1wHv9n4VVRizK6Hc,80,2017,dance,0.555,0.662,11,-4.952,0,0.0827,0.125,0.0,0.111,0.356,148.128,208733,4
2024-11-06 00:48,Dove Cameron,Boyfriend,153000,dove cameron - boyfriend,569224,Dove Cameron,Boyfriend,59CfNbkERJ3NoTXDvoURjj,81,2022,pop,0.345,0.612,7,-6.543,0,0.0608,0.232,0.0,0.194,0.232,179.773,153000,3
2024-11-06 00:53,OneRepublic,Counting Stars,257266,onerepublic - counting stars,146275,OneRepublic,Counting Stars,6sy3LkhNFjJWlaeSMNwQ62,76,2014,piano,0.664,0.705,1,-4.972,0,0.0382,0.0654,0.0,0.115,0.477,122.017,257840,4
2024-11-06 00:57,Fall Out Boy,The Phoenix,244960,fall out boy - the phoenix,73675,Fall Out Boy,The Phoenix,7jwDuO7UZvWs77KNj9HbvF,68,2013,emo,0.562,0.964,4,-2.991,0,0.072,0.000539,1.57e-06,0.579,0.41,138.063,244960,4
2024-11-06 01:00,Sean Paul,No Lie,221176,sean paul - no lie,224694,Sean Paul,No Lie,1Vb4HQnN2kZ5Y2KgYF5TDV,57,2016,dance,0.742,0.882,7,-2.862,1,0.117,0.0466,0.0,0.206,0.463,102.04,221176,4
2024-11-06 01:04,5 Seconds of Summer,Youngblood,203417,5 seconds of summer - youngblood,321020,5 Seconds of Summer,Youngblood,2iUXsYOEPhVqEBwsqP70rE,79,2018,dance,0.596,0.854,7,-5.114,0,0.463,0.0169,0.0,0.124,0.152,120.274,203418,4
2024-11-06 01:07,The Weeknd,Blinding Lights,200040,the weeknd - blinding lights,461991,The Weeknd,Blinding Lights,0VjIjW4GlUZAMYd2vXMi3b,90,2020,pop,0.514,0.73,1,-5.934,1,0.0598,0.00146,9.54e-05,0.0897,0.334,171.005,200040,4
2024-11-06 01:11,Alessia Cara,Scars To Your Beautiful,230240,alessia cara - scars to your beautiful,175407,Alessia Cara,Scars To Your Beautiful,0wI7QkCcs8FUQE1OkXUIqd,77,2015,electro,0.573,0.739,0,-5.74,1,0.129,0.0285,0.0,0.111,0.451,97.085,230240,4
2024-11-06 01:14,Alan Walker,Darkside,211680,alan walker - darkside,327787,Alan Walker,Darkside,6SRWhUJcD2YKahCwHavz3X,72,2018,electro,0.43,0.606,4,-5.115,0,0.0431,0.131,0.0,0.173,0.123,169.988,211680,4
2024-11-06 01:17,Alec Benjamin,If We Have Each Other,181522,alec benjamin - if we have each other,327776,Alec Benjamin,If We Have Each Other,7pT6WSg4PCt4mr5ZFyUfsF,74,2018,electro,0.656,0.577,10,-5.566,0,0.0802,0.698,0.0,0.296,0.861,173.094,181522,4
2024-11-06 01:20,Ava Max,Kings & Queens,162398,ava max - kings & queens,433215,Ava Max,Kings & Queens,7a53HqqArd4b9NF4XAmlbI,79,2020,dance,0.637,0.69,1,-4.057,0,0.0405,0.00786,0.0,0.124,0.457,129.857,162399,4
2024-11-06 01:27,Lil Nas X,STAR WALKIN' (League of Legends Worlds Anthem),210575,lil nas x - star walkin' (league of legends worlds anthem),560201,Lil Nas X,STAR WALKIN' (League of Legends Worlds Anthem),38T0tPVZHcPZyhtOcCP7pF,85,2022,hip-hop,0.637,0.715,2,-4.971,0,0.0455,0.148,0.0,0.0892,0.308,141.872,210576,4
2024-11-06 01:32,Halsey,Castle,277623,halsey - castle,175424,Halsey,Castle,16w8ZGVSjI4TlTLV8VimBY,64,2015,electro,0.626,0.571,7,-7.461,0,0.0327,0.25,0.0,0.0946,0.164,129.959,277623,4
2024-11-06 01:35,Martin Garrix,In the Name of Love,195706,martin garrix - in the name of love,224457,Martin Garrix,In the Name of Love,23L5CiUhw2jV1OIMwthR3S,79,2016,dance,0.501,0.519,4,-5.88,0,0.0409,0.109,0.0,0.454,0.168,133.99,195707,4
2024-11-06 01:38,Alec Benjamin,Outrunning Karma,188850,alec benjamin - outrunning karma,327785,Alec Benjamin,Outrunning Karma,2W0AJEbIC2vdZTV2nVSAsg,65,2018,electro,0.416,0.649,11,-5.271,0,0.0385,0.655,2.82e-06,0.12,0.474,112.482,188851,3
2024-11-06 01:42,Eminem,The Monster,250188,eminem - the monster,85738,Eminem,The Monster,48RrDBpOSSl1aLVCalGl5C,78,2013,hip-hop,0.781,0.853,1,-3.68,0,0.0715,0.0525,0.0,0.12,0.624,110.049,250189,4
2024-11-06 01:45,Stellar,Bad Dream,147840,stellar - bad dream,515663,Stellar,Bad Dream,4vDGc8mD9kHbC2Yy6pF6SE,68,2021,pop,0.731,0.746,8,-3.43,1,0.0311,0.00104,5.73e-06,0.117,0.555,125.016,147840,4
2024-11-06 01:48,Ellie Goulding,Hate Me,188066,ellie goulding - hate me,433246,Ellie Goulding,Hate Me,15og0pCEcTFWEXOFKdcJlU,69,2020,dance,0.64,0.789,8,-4.891,1,0.0644,0.0875,0.0,0.147,0.762,75.018,188067,4
2024-11-06 01:52,G-Eazy,Him & I (with Halsey),268866,g-eazy - him & i (with halsey),284859,G-Eazy,Him & I (with Halsey),5k38wzpLb15YgncyWdTZE4,76,2017,hip-hop,0.589,0.731,2,-6.343,1,0.0868,0.0534,0.0,0.308,0.191,87.908,268867,4
2024-11-06 01:56,Bebe Rexha,I'm a Mess,195519,bebe rexha - i'm a mess,321055,Bebe Rexha,I'm a Mess,04ZTP5KsCypmtCmQg5tH9R,72,2018,dance,0.63,0.694,11,-6.257,0,0.0253,0.00281,0.0,0.0719,0.216,97.005,195519,4
2024-11-06 02:00,Royal & the Serpent,overwhelmed - Chri$tian Gate$ remix,134482,royal & the serpent - overwhelmed - chri$tian gate$ remix,494179,Royal & the Serpent,overwhelmed - Chri$tian Gate$ remix,4Kh6cq3XgOGUK9yXQu7RTq,65,2021,electro,0.619,0.502,0,-8.097,0,0.249,0.178,0.0,0.155,0.38,174.196,134483,4
2024-11-06 02:04,Alan Walker,Faded,212106,alan walker - faded,175419,Alan Walker,Faded,7gHs73wELdeycvS48JfIos,70,2015,electro,0.589,0.651,6,-5.097,1,0.0306,0.0291,3.2e-06,0.111,0.166,90.011,212627,4
2024-11-06 02:07,Alec Benjamin,Boy In The Bubble,181705,alec benjamin - boy in the bubble,327781,Alec Benjamin,Boy In The Bubble,60cYr5uuMoxvyuIx45rGEW,67,2018,electro,0.817,0.578,11,-7.579,0,0.0824,0.224,0.00103,0.251,0.851,143.982,181705,4
2024-11-06 02:11,ZAYN,Dusk Till Dawn (feat. Sia) - Radio Edit,239000,zayn - dusk till dawn (feat. sia) - radio edit,293560,ZAYN,Dusk Till Dawn (feat. Sia) - Radio Edit,1j4kHkkpqZRBwE0A4CN4Yv,75,2017,pop,0.259,0.437,11,-6.589,0,0.0386,0.102,1.32e-06,0.106,0.0951,180.042,239000,4
2024-11-06 02:14,Bahari,Savage,164133,bahari - savage,350320,Bahari,Savage,4FeWr4OsidcJClBjUEBHWI,62,2018,pop,0.728,0.428,3,-7.368,0,0.0469,0.869,0.0,0.1,0.434,98.024,164133,4
2024-11-06 02:17,Olivia Rodrigo,good 4 u,178146,olivia rodrigo - good 4 u,515567,Olivia Rodrigo,good 4 u,4ZtFanR9U6ndgddUvNcjcG,84,2021,pop,0.563,0.664,9,-5.044,1,0.154,0.335,0.0,0.0849,0.688,166.928,178147,4
2024-11-06 02:20,Marshmello,Silence,180822,marshmello - silence,264769,Marshmello,Silence,7vGuf3Y35N4wmASOKLUVVU,79,2017,dance,0.52,0.761,4,-3.093,1,0.0853,0.256,4.96e-06,0.17,0.286,141.971,180823,4
2024-11-06 02:22,Cheriimoya,"Living Life, In The Night",122517,"cheriimoya - living life, in the night",355340,Cheriimoya,"Living Life, In The Night",2kx5sQgmjYug0GiDh1a4sU,79,2018,sad,0.624,0.499,0,-9.962,0,0.0495,0.82,0.0,0.12,0.298,143.249,122517,4
2024-11-06 02:28,Imagine Dragons,Demons,175200,imagine dragons - demons,43789,Imagine Dragons,Demons,3LlAyCYU26dvFZBDUIMb7a,73,2012,rock,0.505,0.71,3,-3.015,1,0.0321,0.19,0.00025,0.329,0.428,89.938,175200,4
2024-11-06 02:32,Hozier,Take Me to Church,241693,hozier - take me to church,93786,Hozier,Take Me to Church,7J4gq1xNP3IsG6lDk0eSa7,42,2013,pop,0.572,0.661,4,-5.304,0,0.0472,0.59,0.0,0.121,0.386,129.093,241587,4
2024-11-06 02:36,Ghost,Mary On A Cross,244804,ghost - mary on a cross,394310,Ghost,Mary On A Cross,2HZLXBOnaSRhXStMLrq9fD,80,2019,hard-rock,0.466,0.9,11,-4.469,1,0.0447,0.000235,0.00104,0.103,0.561,130.02,244804,4
2024-11-06 02:40,Fall Out Boy,Centuries,228360,fall out boy - centuries,176367,Fall Out Boy,Centuries,04aAxqtGp5pv12UXAg4pkq,78,2015,emo,0.393,0.858,4,-2.868,0,0.0729,0.00359,0.0,0.102,0.56,176.042,228360,4
2024-11-06 02:43,GAYLE,abcdefu,168601,gayle - abcdefu,515596,GAYLE,abcdefu,4fouWK6XVHhzl78KzQ1UjL,82,2021,pop,0.695,0.54,4,-5.692,1,0.0493,0.299,0.0,0.367,0.415,121.932,168602,4
2024-11-06 02:45,Avicii,The Nights,176658,avicii - the nights,119670,Avicii,The Nights,0ct6r3EGTcMLPtrXHDvVjc,84,2014,dance,0.527,0.835,6,-5.298,1,0.0433,0.0166,0.0,0.249,0.654,125.983,176658,4
2024-11-06 02:49,Halsey,Without Me,201660,halsey - without me,321041,Halsey,Without Me,5p7ujcrUXASCNwRaWNHR1C,75,2018,dance,0.752,0.488,6,-7.05,1,0.0705,0.297,9.11e-06,0.0936,0.533,136.041,201661,4
2024-11-06 02:52,Stellar,Ashes,166355,stellar - ashes,462036,Stellar,Ashes,3Pj6u2KTgepyyidp5xfbHp,72,2020,pop,0.712,0.568,5,-7.864,0,0.0546,0.0947,0.0,0.169,0.46,130.019,166356,4
2024-11-06 02:55,Clean Bandit,Solo (feat. Demi Lovato),222706,clean bandit - solo (feat. demi lovato),321119,Clean Bandit,Solo (feat. Demi Lovato),6kPJZM97LwdG9QIsT7khp6,68,2018,dance,0.737,0.636,11,-4.546,0,0.0437,0.0441,6.66e-05,0.35,0.565,105.005,222653,4
2024-11-06 03:02,Alan Walker,Sing Me to Sleep,187800,alan walker - sing me to sleep,231111,Alan Walker,Sing Me to Sleep,2Fjz5ZC5BvFdCqcnTZ3ilH,57,2016,electro,0.491,0.607,4,-6.333,0,0.0668,0.0125,1.52e-06,0.289,0.166,176.112,189333,4
2024-11-06 03:05,Melanie Martinez,Soap,209426,melanie martinez - soap,175412,Melanie Martinez,Soap,03f7xZmt2wHCIDJBFPK8G4,71,2015,electro,0.595,0.689,6,-6.107,0,0.148,0.254,5.44e-06,0.129,0.213,168.112,209427,4
2024-11-06 03:09,Lil Nas X,INDUSTRY BABY (feat. Jack Harlow),212352,lil nas x - industry baby (feat. jack harlow),506693,Lil Nas X,INDUSTRY BABY (feat. Jack Harlow),27NovPIUIRrOZoCHxABJwK,81,2021,hip-hop,0.736,0.704,3,-7.409,0,0.0615,0.0203,0.0,0.0501,0.894,149.995,212000,4
2024-11-06 03:12,Twenty One Pilots,Stressed Out,202333,twenty one pilots - stressed out,201246,Twenty One Pilots,Stressed Out,3CRDbSIZ4r5MsZ0YwxuEkn,83,2015,rock,0.734,0.637,4,-5.677,0,0.141,0.0462,2.29e-05,0.0602,0.648,169.977,202333,4
2024-11-06 03:15,Duncan Laurence,Arcade,185146,duncan laurence - arcade,406428,Duncan Laurence,Arcade,1Xi84slp6FryDSCbzq4UCD,77,2019,pop,0.45,0.329,9,-12.603,0,0.0441,0.818,0.00109,0.135,0.266,71.884,183624,3
2024-11-06 03:19,Sabrina Carpenter,Thumbs,216466,sabrina carpenter - thumbs,224485,Sabrina Carpenter,Thumbs,6WC5fhc9XMaCrUNKNjm9xE,69,2016,dance,0.73,0.718,8,-3.496,1,0.0478,0.0284,0.0,0.0892,0.127,135.045,216467,4
2024-11-06 03:23,Jaymes Young,Infinity,237720,jaymes young - infinity,286612,Jaymes Young,Infinity,1SOClUWhOi8vHZYMz3GluK,81,2017,indie-pop,0.671,0.673,11,-6.941,0,0.0444,0.148,5.29e-05,0.304,0.494,121.963,237720,4
2024-11-06 03:26,Fitz and The Tantrums,HandClap,193253,fitz and the tantrums - handclap,254814,Fitz and The Tantrums,HandClap,4qRaZYiaOsSvWC7VgcxrI0,64,2017,alt-rock,0.636,0.836,8,-3.004,1,0.0427,0.00609,0.000157,0.0828,0.715,139.956,193253,4
2024-11-06 03:30,Gym Class Heroes,Stereo Hearts (feat. Adam Levine),210960,gym class heroes - stereo hearts (feat. adam levine),1412784,Gym Class Heroes,Stereo Hearts (feat. Adam Levine),0qOnSQQF0yzuPWsXrQ9paz,80,2011,dance,0.646,0.795,9,-3.293,1,0.0976,0.0319,0.0,0.267,0.796,89.99,210960,4
2024-11-06 03:35,Avicii,Wake Me Up,247426,avicii - wake me up,66269,Avicii,Wake Me Up,0nrRP2bk19rLc0orkWPQk2,84,2013,dance,0.532,0.783,2,-5.697,1,0.0523,0.0038,0.0012,0.161,0.643,124.08,247427,4
2024-11-06 03:39,Imagine Dragons,Whatever It Takes,201240,imagine dragons - whatever it takes,297310,Imagine Dragons,Whatever It Takes,6Qn5zhYkTa37e91HC1D7lb,80,2017,rock,0.672,0.655,10,-5.021,0,0.0311,0.0362,0.0,0.117,0.556,134.945,201240,4
2024-11-06 03:42,BANNERS,Someone to You,219813,banners - someone to you,286620,BANNERS,Someone To You,14BH4qO7pgCmIe6mgLKOK3,71,2017,indie-pop,0.468,0.936,2,-3.683,1,0.0455,0.00568,0.0,0.24,0.663,75.05,219800,4
2024-11-06 03:46,Alec Benjamin,If I Killed Someone For You,185122,alec benjamin - if i killed someone for you,327779,Alec Benjamin,If I Killed Someone For You,0WHi11uzahqpEtPGYCW6oQ,70,2018,electro,0.514,0.605,7,-5.363,1,0.0337,0.774,2.91e-06,0.121,0.409,120.894,185123,4
2024-11-06 03:49,Rag'n'Bone Man,Human,200186,rag'n'bone man - human,305222,Rag'n'Bone Man,Human,58zsLZPvfflaiIbNWoA22O,79,2017,soul,0.602,0.707,9,-4.097,1,0.302,0.393,0.0,0.165,0.554,75.087,200187,4
2024-11-06 03:51,Lil Nas X,Old Town Road,113000,lil nas x - old town road,397305,Lil Nas X,Old Town Road,0F7FA14euOIX8KcbEturGH,75,2019,hip-hop,0.907,0.53,1,-6.112,1,0.127,0.0578,2.23e-06,0.101,0.507,135.998,113000,4
2024-11-06 03:53,The Kid LAROI,STAY (with Justin Bieber),141805,the kid laroi - stay (with justin bieber),506685,The Kid LAROI,STAY (with Justin Bieber),5HCyWlXZPP0y6Gqq8TgA20,85,2021,hip-hop,0.591,0.764,1,-5.484,1,0.0483,0.0383,0.0,0.103,0.478,169.928,141806,4
2024-11-06 03:57,Imagine Dragons,Monster,249493,imagine dragons - monster,201268,Imagine Dragons,Monster,2Xaw1RrXP3mdooKWysuRJ8,58,2015,rock,0.472,0.774,3,-5.383,1,0.0824,0.167,0.000278,0.132,0.443,179.942,249493,4
2024-11-06 04:01,Ellie Goulding,Burn,231213,ellie goulding - burn,12153,Ellie Goulding,Burn,5lF0pHbsJ0QqyIrLweHJPW,70,2012,dance,0.555,0.772,1,-5.007,1,0.0523,0.315,0.0,0.105,0.346,86.921,231213,4
2024-11-06 04:05,Alan Walker,Ignite,210288,alan walker - ignite,327799,Alan Walker,Ignite,1jLsirPDkUS2g4gnkYua58,69,2018,electro,0.681,0.864,8,-4.3,0,0.116,0.0208,3.98e-06,0.192,0.479,90.008,210288,4
2024-11-06 04:08,Eminem,Godzilla (feat. Juice WRLD),210800,eminem - godzilla (feat. juice wrld),452810,Eminem,Godzilla (feat. Juice WRLD),7FIWs0pqAYbP91WWM0vlTQ,81,2020,hip-hop,0.808,0.745,10,-5.26,0,0.342,0.145,0.0,0.292,0.829,165.995,210800,4
2024-11-06 04:12,Ruth B.,Dandelions,233720,ruth b. - dandelions,293465,Ruth B.,Dandelions,2eAvDnpXP5W0cVtiI0PUxV,87,2017,pop,0.609,0.692,1,-2.958,1,0.0259,0.0157,0.0,0.0864,0.454,116.959,233720,3
2024-11-06 04:16,NF,Let You Down,212120,nf - let you down,284825,NF,Let You Down,52okn5MNA47tk87PeZJLEL,79,2017,hip-hop,0.662,0.714,5,-5.68,0,0.121,0.312,0.0,0.179,0.464,147.997,212120,4
2024-11-06 04:19,Charlie Puth,Attention,208786,charlie puth - attention,321026,Charlie Puth,Attention,5cF0dROlMOK5uNZtivgu50,81,2018,dance,0.775,0.613,3,-4.586,0,0.0542,0.109,2.33e-05,0.134,0.797,100.066,208787,4
2024-11-06 04:22,grandson,Blood // Water - King Kavalier Remix,179374,grandson - blood // water - king kavalier remix,311093,grandson,Blood // Water - King Kavalier Remix,1vhNd2F1bNKV7DN4Moa8z2,61,2018,alt-rock,0.586,0.813,8,-6.357,0,0.0804,0.0494,5.54e-06,0.0939,0.655,149.812,179374,4
2024-11-06 04:25,Alan Walker,All Falls Down (feat. Juliander),198880,alan walker - all falls down (feat. juliander),271673,Alan Walker,All Falls Down (feat. Juliander),5yFSF6qQA1rcLsQRnBsZgb,62,2017,electro,0.658,0.678,1,-4.407,1,0.058,0.303,0.0,0.361,0.662,97.976,199111,4
2024-11-06 04:57,Melanie Martinez,Cake,193416,melanie martinez - cake,175405,Melanie Martinez,Cake,5H3TCfiw0CQTX1XU7A9TXM,74,2015,electro,0.518,0.655,8,-6.255,1,0.0826,0.381,0.0,0.271,0.29,156.992,199682,4
2024-11-07 05:04,Melanie Martinez,Cake,7467,melanie martinez - cake,175405,Melanie Martinez,Cake,5H3TCfiw0CQTX1XU7A9TXM,74,2015,electro,0.518,0.655,8,-6.255,1,0.0826,0.381,0.0,0.271,0.29,156.992,199682,4
2024-11-07 05:08,Glass Animals,Heat Waves,238805,glass animals - heat waves,454749,Glass Animals,Heat Waves,02MWAaffLxlfxAUY7c5dvx,84,2020,indie-pop,0.761,0.525,11,-6.9,1,0.0944,0.44,6.7e-06,0.0921,0.531,80.87,238805,4
2024-11-07 05:12,Imagine Dragons,Believer,204346,imagine dragons - believer,297308,Imagine Dragons,Believer,0pqnGHJpmpxLKifKRmU6WP,86,2017,rock,0.776,0.78,10,-4.374,0,0.128,0.0622,0.0,0.081,0.666,124.949,204347,4
2024-11-07 05:16,AURORA,Runaway,248826,aurora - runaway,146778,AURORA,Runaway,23rdcrD0Eky4vYn2TZidxJ,73,2014,pop,0.459,0.276,11,-10.339,1,0.036,0.63,9.5e-05,0.104,0.128,114.169,248827,4
2024-11-07 05:21,Eminem,Love The Way You Lie,263373,eminem - love the way you lie,1367725,Eminem,Love The Way You Lie,15JINEqzVMv3SvJTAXAKED,82,2010,hip-hop,0.749,0.925,10,-5.034,1,0.227,0.241,0.0,0.52,0.641,86.989,263373,4
2024-11-07 05:23,Halsey,Gasoline,111535,halsey - gasoline,175413,Halsey,Gasoline,2IO7yf562c1zLzpanal1DT,70,2015,electro,0.731,0.58,10,-7.328,0,0.0399,0.223,0.0,0.129,0.319,119.997,199593,4
2024-11-07 05:26,The Chainsmokers,Something Just Like This,238111,the chainsmokers - something just like this,264768,The Chainsmokers,Something Just Like This,6RUKPb4LETWmmr3iAEQktW,83,2017,dance,0.617,0.635,11,-6.769,0,0.0317,0.0498,1.44e-05,0.164,0.446,103.019,247160,4
2024-11-07 05:30,Sia,The Greatest,210920,sia - the greatest,224497,Sia,The Greatest,6bLopGnirdrilrpdVB6Um1,72,2016,dance,0.639,0.785,10,-6.167,0,0.174,0.0174,0.00107,0.0512,0.686,191.95,210920,4
2024-11-07 05:33,Kodaline,Brother,203186,kodaline - brother,350232,Kodaline,Brother,65gLJGey4u4KFFqoC5fzFJ,73,2018,pop,0.519,0.625,10,-5.909,1,0.0482,0.349,0.0,0.121,0.21,120.103,203187,4
2024-11-07 05:37,Shawn Mendes,There's Nothing Holdin' Me Back,199440,shawn mendes - there's nothing holdin' me back,264770,Shawn Mendes,There's Nothing Holdin' Me Back,7JJmb5XwzOO8jgpou264Ml,85,2017,dance,0.866,0.813,11,-4.063,0,0.0554,0.38,0.0,0.0779,0.969,121.998,199440,4
2024-11-07 06:27,Imagine Dragons,Bad Liar,44952,imagine dragons - bad liar,354037,Imagine Dragons,Bad Liar,2RSHsoi04658QL5xgQVov3,78,2018,rock,0.383,0.637,3,-6.993,1,0.0703,0.0722,0.0,0.368,0.0827,177.913,260773,4
2024-11-08 01:58,Taylor Swift,Look What You Made Me Do,3449,taylor swift - look what you made me do,293482,Taylor Swift,Look What You Made Me Do,1P17dC1amhFzptugyAO7Il,78,2017,pop,0.766,0.709,9,-6.471,0,0.123,0.204,1.41e-05,0.126,0.506,128.07,211853,4
2024-11-08 01:58,Imagine Dragons,Bad Liar,753,imagine dragons - bad liar,354037,Imagine Dragons,Bad Liar,2RSHsoi04658QL5xgQVov3,78,2018,rock,0.383,0.637,3,-6.993,1,0.0703,0.0722,0.0,0.368,0.0827,177.913,260773,4
2024-11-08 01:59,Fall Out Boy,My Songs Know What You Did In The Dark (Light Em Up),9503,fall out boy - my songs know what you did in the dark (light em up),73673,Fall Out Boy,My Songs Know What You Did In The Dark (Light Em Up),2E43WFS4rRc09za2r2GmZl,72,2013,emo,0.558,0.924,9,-4.341,0,0.064,0.0271,3.32e-06,0.537,0.567,151.99,186827,4
2024-11-08 01:59,why mona,Wannabe,2191,why mona - wannabe,406572,why mona,Wannabe,5ACZOGjT6I5He0pDZED56Z,68,2019,pop,0.578,0.724,6,-7.02,0,0.0865,0.192,2.38e-05,0.235,0.465,169.827,217412,4
2024-11-08 01:59,Evanescence,Bring Me To Life,38620,evanescence - bring me to life,609022,Evanescence,Bring Me To Life,7uwY3D7DNQKjSMNrjKCJku,0,2023,metal,0.318,0.943,4,-3.188,0,0.107,0.00721,2.06e-06,0.242,0.298,189.985,235893,4
2024-11-08 01:59,t.A.T.u.,All The Things She Said,3159,t.a.t.u. - all the things she said,805047,t.A.T.u.,All The Things She Said,4bJygwUKrRgq1stlNXcgMg,76,2002,dance,0.603,0.834,5,-5.766,0,0.0417,0.0411,0.00609,0.105,0.376,89.957,214440,4
2024-11-08 01:59,Camila Cabello,My Oh My (feat. DaBaby),3145,camila cabello - my oh my (feat. dababy),377687,Camila Cabello,My Oh My (feat. DaBaby),3yOlyBJuViE2YSGn3nVE1K,73,2019,dance,0.724,0.491,8,-6.024,1,0.0296,0.018,1.29e-05,0.0887,0.383,105.046,170746,4
2024-11-08 01:59,One Direction,Drag Me Down,547,one direction - drag me down,197544,One Direction,Drag Me Down,2K87XMYnUMqLcX3zvtAF4G,78,2015,pop,0.73,0.703,0,-5.672,0,0.0369,0.109,0.0,0.0657,0.595,138.113,192120,4
2024-11-08 01:59,OneRepublic,Rescue Me,505,onerepublic - rescue me,405593,OneRepublic,Rescue Me,0mjAU3yKR1QnXnHtjGJqTM,68,2019,piano,0.759,0.605,7,-7.737,1,0.0433,0.156,0.0,0.694,0.64,121.049,158900,4
2024-11-08 01:59,Taylor Swift,I Knew You Were Trouble.,997,taylor swift - i knew you were trouble.,40355,Taylor Swift,I Knew You Were Trouble.,6FB3v4YcR57y4tXFcdxI1E,76,2012,pop,0.622,0.469,3,-6.798,0,0.0363,0.00454,2.25e-06,0.0335,0.679,77.019,219720,4
2024-11-08 01:59,BoyWithUke,Toxic,0,boywithuke - toxic,520507,BoyWithUke,Toxic,2gQPv5jvVPqU2a9HhMNO1v,74,2021,sad,0.594,0.612,8,-6.627,0,0.363,0.835,0.0,0.461,0.687,179.629,168020,4
2024-11-08 01:59,Bishop Briggs,River,563,bishop briggs - river,254952,Bishop Briggs,River,0TGTE9TEh9qzuFwmtRNICn,53,2017,alt-rock,0.726,0.484,2,-6.707,0,0.0477,0.274,2.44e-06,0.0874,0.561,62.493,214280,4
2024-11-08 02:00,The Chainsmokers,Closer,275,the chainsmokers - closer,224450,The Chainsmokers,Closer,7BKLCZ1jbUBVqRi2FVlTVw,83,2016,dance,0.748,0.524,8,-5.599,1,0.0338,0.414,0.0,0.111,0.661,95.01,244960,4
2024-11-08 02:00,Bastille,Pompeii,62543,bastille - pompeii,93569,Bastille,Pompeii,3gbBpTdY8lnQwqxNCcf795,71,2013,pop,0.679,0.715,9,-6.383,1,0.0407,0.0755,0.0,0.271,0.571,127.435,214148,4
2024-11-08 02:00,Olivia Rodrigo,traitor,661,olivia rodrigo - traitor,515570,Olivia Rodrigo,traitor,5CZ40GBx1sQ9agT82CLQCT,84,2021,pop,0.38,0.339,3,-7.885,1,0.0338,0.691,0.0,0.12,0.0849,100.607,229227,4
2024-11-08 02:00,Tate McRae,you broke me first,0,tate mcrae - you broke me first,462001,Tate McRae,you broke me first,45bE4HXI0AwGZXfZtMp8JR,81,2020,pop,0.667,0.373,4,-9.389,1,0.05,0.785,0.0,0.0906,0.0823,124.148,169266,4
2024-11-08 02:00,Tate McRae,you broke me first,30,tate mcrae - you broke me first,462001,Tate McRae,you broke me first,45bE4HXI0AwGZXfZtMp8JR,81,2020,pop,0.667,0.373,4,-9.389,1,0.05,0.785,0.0,0.0906,0.0823,124.148,169266,4
2024-11-08 02:00,Ben E. King,Stand By Me,30,ben e. king - stand by me,297517,Ben E. King,Stand By Me,196x3pZKAFDzuWFkUVpA1z,23,2017,rock-n-roll,0.668,0.271,9,-10.321,1,0.0379,0.5,2.53e-06,0.233,0.694,119.08,174800,4
2024-11-08 02:00,Ben E. King,Stand By Me,30,ben e. king - stand by me,297698,Ben E. King,Stand by Me,0AQgtw3lGUx6F9i0ZDqT2o,6,2017,rock-n-roll,0.653,0.334,9,-6.955,1,0.0313,0.411,3.47e-05,0.123,0.665,119.46,174253,4
2024-11-08 02:00,The Weeknd,Can't Feel My Face,496,the weeknd - can't feel my face,197519,The Weeknd,Can't Feel My Face,22VdIZQfgXJea34mQxlt81,81,2015,pop,0.705,0.769,9,-5.526,0,0.0425,0.113,0.0,0.105,0.583,107.949,213520,4
2024-11-08 02:00,Sasha Alex Sloan,Dancing With Your Ghost,856,sasha alex sloan - dancing with your ghost,384327,Sasha Alex Sloan,Dancing With Your Ghost,1TQXIltqoZ5XXyfCbAeSQQ,78,2019,electro,0.629,0.328,11,-8.284,1,0.029,0.768,2.5e-05,0.103,0.389,74.953,197732,4
2024-11-08 02:00,Sasha Alex Sloan,Dancing With Your Ghost,426,sasha alex sloan - dancing with your ghost,384327,Sasha Alex Sloan,Dancing With Your Ghost,1TQXIltqoZ5XXyfCbAeSQQ,78,2019,electro,0.629,0.328,11,-8.284,1,0.029,0.768,2.5e-05,0.103,0.389,74.953,197732,4
2024-11-08 02:16,Au/Ra,Ghost,291916,au/ra - ghost,383904,Au/Ra,Ghost,5TgS4dcUAU8EEb506d8wAT,54,2019,edm,0.667,0.503,0,-8.217,0,0.0526,0.552,0.0,0.169,0.584,144.015,177630,4
2024-11-08 02:16,Rihanna,Diamonds,1421,rihanna - diamonds,40343,Rihanna,Diamonds,1z9kQ14XBSN0r2v6fx4IdG,75,2012,pop,0.564,0.71,11,-4.92,0,0.0461,0.00125,0.0,0.109,0.393,91.972,225147,4
2024-11-08 02:16,Lady Gaga,Poker Face,773,lady gaga - poker face,591113,Lady Gaga,Poker Face,563ESy4kWZpnv6UH58mell,8,2023,dance,0.851,0.818,4,-4.637,1,0.0789,0.112,2.94e-06,0.0945,0.808,119.006,238907,4
2024-11-08 02:16,Alan Walker,The Spectre,1423,alan walker - the spectre,271649,Alan Walker,The Spectre,2DGa7iaidT5s0qnINlwMjJ,70,2017,electro,0.654,0.711,1,-7.437,0,0.0383,0.0214,0.00191,0.0903,0.198,127.957,193788,4
2024-11-08 02:16,GAYLE,abcdefu (angrier),2028,gayle - abcdefu (angrier),515669,GAYLE,abcdefu (angrier),1EQFOouqdKYdpbNoOHRVO2,68,2021,pop,0.671,0.599,4,-6.18,1,0.0405,0.0658,0.0,0.101,0.448,121.849,159836,3
2024-11-08 02:16,Faouzia,Born Without a Heart,656,faouzia - born without a heart,406569,Faouzia,Born Without a Heart,6i5jBmnB22alUpJ7hpznuj,61,2019,pop,0.699,0.613,1,-5.827,1,0.0328,0.0307,0.0,0.175,0.54,122.934,198896,4
2024-11-08 02:16,Billie Eilish,you should see me in a crown,1923,billie eilish - you should see me in a crown,384325,Billie Eilish,you should see me in a crown,3XF5xLJHOQQRbWya6hBp7d,75,2019,electro,0.678,0.533,4,-10.485,1,0.186,0.462,0.219,0.139,0.323,150.455,180953,4
2024-11-08 02:16,Maroon 5,Animals,2702,maroon 5 - animals,146781,Maroon 5,Animals,2bL2gyO6kBdLkNSkxXNh6x,79,2014,pop,0.279,0.742,4,-6.46,0,0.0898,0.000185,0.0,0.593,0.328,189.868,231013,4
2024-11-08 02:16,Lady Gaga,Bad Romance,1192,lady gaga - bad romance,591115,Lady Gaga,Bad Romance,09BpXwGQPoIrQYKHRmAqtx,0,2023,dance,0.695,0.921,0,-3.752,1,0.0363,0.00314,5.26e-05,0.0842,0.714,119.007,294573,4
2024-11-08 02:16,Ruelle,War Of Hearts,6109,ruelle - war of hearts,175420,Ruelle,War Of Hearts,4R8BdwRidxAWaYyFNU00P1,69,2015,electro,0.479,0.781,9,-6.344,0,0.124,0.221,0.55,0.0964,0.258,147.961,226216,3
2024-11-08 02:16,Marshmello,FRIENDS,1513,marshmello - friends,321037,Marshmello,FRIENDS,08bNPGLD8AhKpnnERrAc6G,77,2018,dance,0.626,0.88,9,-2.384,0,0.0504,0.205,0.0,0.128,0.534,95.079,202621,4
2024-11-08 02:16,Marshmello,FRIENDS,1513,marshmello - friends,321681,Marshmello,Friends,52sTtq4SyUFiMLmBuGGCF8,37,2018,dance,0.623,0.876,9,-2.367,0,0.0482,0.235,0.0,0.308,0.579,94.965,202120,4
2024-11-08 02:17,Clean Bandit,Rockabye (feat. Sean Paul & Anne-Marie),905,clean bandit - rockabye (feat. sean paul & anne-marie),224494,Clean Bandit,Rockabye (feat. Sean Paul & Anne-Marie),5knuzwU65gJK7IF5yJsuaW,73,2016,dance,0.72,0.763,9,-4.068,0,0.0523,0.406,0.0,0.18,0.742,101.965,251088,4
2024-11-08 02:20,David Guetta,Say My Name,198946,david guetta - say my name,321103,David Guetta,Say My Name,3MoV1UsAJmz64LHqyiRMp0,60,2018,dance,0.703,0.66,10,-5.119,0,0.123,0.137,0.0,0.192,0.79,95.031,198947,4
2024-11-08 02:24,Imagine Dragons,It's Time,237986,imagine dragons - it's time,43793,Imagine Dragons,It's Time,6BtmXhTJMM9sBTHeYYASGz,65,2012,rock,0.656,0.884,2,-4.748,1,0.0372,0.0162,0.0,0.145,0.86,105.009,237987,4
2024-11-08 02:27,Linkin Park,What I've Done,205226,linkin park - what i've done,1161273,Linkin Park,What I've Done,18lR4BzEs7e3qzc0KVkTpU,80,2007,metal,0.623,0.93,5,-5.285,1,0.0324,0.0141,1.64e-06,0.138,0.287,120.119,205613,4
2024-11-08 02:41,Lady Gaga,Judas,207767,lady gaga - judas,488693,Lady Gaga,Judas,5Y3VGpWUYkZWjK5SU4OzZg,46,2021,dance,0.661,0.937,10,-3.83,0,0.0744,0.000967,1.58e-05,0.355,0.535,130.999,249067,4
2024-11-08 19:03,Lady Gaga,Judas,29603,lady gaga - judas,488693,Lady Gaga,Judas,5Y3VGpWUYkZWjK5SU4OzZg,46,2021,dance,0.661,0.937,10,-3.83,0,0.0744,0.000967,1.58e-05,0.355,0.535,130.999,249067,4
2024-11-09 02:38,Lady Gaga,Judas,12868,lady gaga - judas,488693,Lady Gaga,Judas,5Y3VGpWUYkZWjK5SU4OzZg,46,2021,dance,0.661,0.937,10,-3.83,0,0.0744,0.000967,1.58e-05,0.355,0.535,130.999,249067,4
2024-11-09 02:54,Meghan Trainor,NO,145821,meghan trainor - no,264776,Meghan Trainor,NO,0l0CvurVUrr2w3Jj1hOVFc,80,2017,dance,0.557,0.803,1,-3.599,0,0.213,0.0124,1.61e-06,0.737,0.657,92.134,213507,4
2024-11-09 16:56,Lana Del Rey,Summertime Sadness,17771,lana del rey - summertime sadness,40349,Lana Del Rey,Summertime Sadness,1Ist6PR2BZR3n2z2Y5R6S1,73,2012,pop,0.566,0.647,1,-6.815,0,0.0335,0.0477,0.0,0.121,0.22,111.96,264773,4
2024-11-09 16:56,Indila,Tourner Dans Le Vide,858,indila - tourner dans le vide,129470,Indila,Tourner Dans Le Vide,1MqzIgGsHP4cNjPboevsfq,76,2014,french,0.594,0.698,6,-8.645,0,0.0428,0.103,0.0,0.173,0.376,119.991,246093,4
2024-11-09 16:56,Indila,Tourner Dans Le Vide,858,indila - tourner dans le vide,129524,Indila,Tourner dans le vide,5BgX4KuvbDI0MzWmnP3Bll,30,2014,french,0.592,0.7,6,-8.645,0,0.0432,0.101,0.0,0.173,0.362,119.992,246093,4
2024-11-09 16:56,Billie Eilish,COPYCAT,897,billie eilish - copycat,271636,Billie Eilish,COPYCAT,5w7wuzMzsDer96KqxafeRK,71,2017,electro,0.679,0.388,4,-10.977,0,0.0932,0.353,9.25e-05,0.341,0.234,124.909,194711,4
2024-11-09 17:06,Arctic Monkeys,I Wanna Be Yours,183956,arctic monkeys - i wanna be yours,77591,Arctic Monkeys,I Wanna Be Yours,5XeFesFbtLpXzIVDNQP22n,91,2013,garage,0.464,0.417,0,-9.345,0,0.0256,0.136,0.022,0.0974,0.479,67.528,183956,4
2024-11-09 17:08,George Ezra,Blame It on Me,84908,george ezra - blame it on me,127960,George Ezra,Blame It on Me,2vzMWO0T008m86yDnXwkII,67,2014,folk,0.537,0.757,3,-3.374,1,0.0274,0.473,0.0,0.341,0.421,103.882,196400,4
2024-11-09 17:15,Bastille,Flaws,218800,bastille - flaws,93679,Bastille,Flaws,67wABU4SjBlnDHB0KiU3HL,47,2013,pop,0.57,0.657,8,-6.987,1,0.0356,0.405,1.86e-06,0.0723,0.41,144.247,218800,4
2024-11-09 17:27,Chappell Roan,Femininomenon,194714,chappell roan - femininomenon,562187,Chappell Roan,Femininomenon,1YlOZY3puELE0PgxD1enZo,50,2022,indie-pop,0.645,0.789,3,-5.324,1,0.0545,0.339,6.32e-05,0.0821,0.31,124.951,219711,4
2024-11-09 21:37,Chappell Roan,Femininomenon,26177,chappell roan - femininomenon,562187,Chappell Roan,Femininomenon,1YlOZY3puELE0PgxD1enZo,50,2022,indie-pop,0.645,0.789,3,-5.324,1,0.0545,0.339,6.32e-05,0.0821,0.31,124.951,219711,4
2024-11-09 21:47,Chappell Roan,Casual,232796,chappell roan - casual,562026,Chappell Roan,Casual,1UTGAopFU1g7qoxTE8sE3D,57,2022,indie-pop,0.508,0.411,1,-6.95,1,0.0269,0.226,0.0,0.0571,0.34,131.008,232796,4
2024-11-09 21:52,Wallows,Are You Bored Yet? (feat. Clairo),2952,wallows - are you bored yet? (feat. clairo),399066,Wallows,Are You Bored Yet? (feat. Clairo),57RA3JGafJm5zRtKJiKPIm,77,2019,indie-pop,0.682,0.683,8,-6.444,0,0.0287,0.156,2.32e-05,0.273,0.64,120.023,178000,4
2024-11-09 21:56,Chappell Roan,Pink Pony Club,80786,chappell roan - pink pony club,562220,Chappell Roan,Pink Pony Club,6rcuy6XqlB9bqvtIRDl25u,49,2022,indie-pop,0.613,0.646,6,-6.393,1,0.0451,0.406,0.0,0.112,0.47,106.958,258035,4
2024-11-09 22:08,Chappell Roan,My Kink Is Karma,222578,chappell roan - my kink is karma,562106,Chappell Roan,My Kink is Karma,5nutMjOPSSB9I9CUGOg8lm,53,2022,indie-pop,0.582,0.526,2,-6.201,1,0.0624,0.0621,0.0,0.0847,0.273,86.256,222578,4
2024-11-10 01:10,Ajay-Atul,Abhi Mujh Mein Kahin,364786,ajay-atul - abhi mujh mein kahin,1451677,Ajay-Atul,Abhi Mujh Mein Kahin,73y649QhnXdcm6fRdvfraO,64,2011,pop,0.334,0.387,2,-9.483,1,0.0332,0.755,3.94e-05,0.113,0.42,129.959,364787,1
2024-11-10 01:24,Arijit Singh,Mast Magan,214213,arijit singh - mast magan,146980,Arijit Singh,Mast Magan,3uL1IBFhg52VcQqOwAG01E,67,2014,pop,0.659,0.774,7,-7.014,1,0.0372,0.606,0.000333,0.185,0.883,82.995,280161,4
2024-11-10 22:34,Arijit Singh,Mast Magan,3344,arijit singh - mast magan,146980,Arijit Singh,Mast Magan,3uL1IBFhg52VcQqOwAG01E,67,2014,pop,0.659,0.774,7,-7.014,1,0.0372,0.606,0.000333,0.185,0.883,82.995,280161,4
2024-11-10 22:34,Pritam,Kabira,934,pritam - kabira,86645,Pritam,Kabira,4bD9z9qa4qg9BhryvYWB7c,74,2013,indian,0.59,0.555,2,-6.861,1,0.0271,0.481,0.0,0.192,0.191,84.027,223460,4
2024-11-10 22:40,Amit Trivedi,Iktara,254720,amit trivedi - iktara,1309758,Amit Trivedi,Iktara,3jtKSUiVDowKNBqVQbWaig,54,2009,pop,0.616,0.525,7,-7.065,1,0.0258,0.401,0.000484,0.309,0.427,79.976,253773,4
2024-11-10 22:59,Kailash Kher,Teri Deewani,323520,kailash kher - teri deewani,1072761,Kailash Kher,Teri Deewani,2iNqdCchlUZEgjJbQyZf8T,61,2006,folk,0.447,0.6,4,-3.718,0,0.0332,0.324,0.0,0.0962,0.434,80.044,323520,3
2024-11-10 23:04,Kailash Kher,Saiyyan,343906,kailash kher - saiyyan,1227556,Kailash Kher,Saiyyan,4TtqRLsfwcvFfwyttBZoa5,18,2008,indian,0.379,0.595,0,-7.527,1,0.0513,0.642,0.000115,0.105,0.299,72.912,344867,3
2024-11-10 23:09,Pritam,Te Amo (Duet),284723,pritam - te amo (duet),1439788,Pritam,Te Amo (Duet),3x55c9UVpbURc2T02DLfEM,58,2011,indian,0.594,0.757,11,-5.381,1,0.0504,0.606,0.0,0.251,0.597,127.894,284723,4
2024-11-11 18:27,Pritam,Ilahi,2459,pritam - ilahi,86650,Pritam,Ilahi,5cgKosPPj5Cs9a2JQufUc1,66,2013,indian,0.593,0.967,9,-5.767,1,0.0907,0.166,2.54e-05,0.105,0.452,131.988,228982,4
2024-11-11 18:27,Pritam,Dil Ibaadat,50,pritam - dil ibaadat,190044,Pritam,Dil Ibaadat,6FT7an3Ff3vFtQQIOvBVag,25,2015,indian,0.59,0.859,2,-5.005,0,0.0416,0.633,0.0,0.286,0.634,149.966,329387,4
2024-11-11 18:33,Vishal-Shekhar,Khuda Jaane,333583,vishal-shekhar - khuda jaane,1238805,Vishal-Shekhar,Khuda Jaane,0gPgdRfB4jdGrlyXS0Vx78,70,2008,pop,0.382,0.632,8,-6.393,1,0.0411,0.391,0.000486,0.0922,0.716,78.936,333584,4
2024-11-11 18:36,Sachin-Jigar,Saibo,195253,sachin-jigar - saibo,516629,Sachin-Jigar,Saibo,4qCcvSPIEDs1mCPAsaHFyC,12,2021,pop-film,0.619,0.429,2,-7.867,1,0.028,0.738,1.35e-05,0.136,0.545,90.058,195253,4
2024-11-11 18:41,Palak Muchhal,Chahun Main Ya Naa,304899,palak muchhal - chahun main ya naa,93812,Palak Muchhal,Chahun Main Ya Naa,6UgcN95w7vQxkR8sEFmwHG,64,2013,pop-film,0.645,0.517,9,-6.708,0,0.0273,0.522,3.27e-06,0.0905,0.259,106.906,304900,4
2024-11-11 18:47,Mohammed Irfan,Phir Mohabbat,329851,mohammed irfan - phir mohabbat,1451739,Mohammed Irfan,Phir Mohabbat,2b2HutIDmoeBnnKRWDLAtV,63,2011,pop-film,0.461,0.481,0,-6.389,0,0.0327,0.789,1.01e-06,0.127,0.262,199.807,329851,4
2024-11-11 18:53,Ankit Tiwari,Galliyan,340399,ankit tiwari - galliyan,147012,Ankit Tiwari,Galliyan,3ySVdXje5nm31d7vL3jNV3,59,2014,pop-film,0.552,0.75,10,-5.215,0,0.039,0.445,7.37e-05,0.291,0.4,89.999,340400,4
2024-11-11 18:57,Mohan Kannan,Chaandaniya,247862,mohan kannan - chaandaniya,139748,Mohan Kannan,Chaandaniya,22jbgc9BtV1uiV7hKYTyDx,52,2014,indian,0.567,0.546,4,-8.316,1,0.0405,0.301,1.69e-06,0.129,0.401,113.806,247862,4
2024-11-11 19:14,Sona Mohapatra,Ambarsariya,120791,sona mohapatra - ambarsariya,93732,Sona Mohapatra,Ambarsariya,4qRcjFkFqSpLBzcbLDt7HL,63,2013,pop,0.649,0.458,4,-7.632,0,0.0446,0.574,0.0,0.113,0.748,180.071,248182,4
2024-11-11 20:23,Sona Mohapatra,Ambarsariya,127406,sona mohapatra - ambarsariya,93732,Sona Mohapatra,Ambarsariya,4qRcjFkFqSpLBzcbLDt7HL,63,2013,pop,0.649,0.458,4,-7.632,0,0.0446,0.574,0.0,0.113,0.748,180.071,248182,4
2024-11-11 20:27,Jawad Ahmad,Samjhawan,269184,jawad ahmad - samjhawan,146939,Jawad Ahmad,Samjhawan,0rk2X5TAhraBC5aCIXK2Rq,67,2014,pop,0.651,0.482,4,-8.666,1,0.0281,0.293,0.0,0.0811,0.517,106.993,269185,4
2024-11-11 20:41,Pritam,Kabira (Encore),270438,pritam - kabira (encore),86651,Pritam,Kabira (Encore),3jJ5HgLRNydtLRghjWVaCG,60,2013,indian,0.611,0.612,2,-7.978,1,0.114,0.441,0.0,0.18,0.898,171.841,270439,4
2024-11-11 20:46,Armaan Malik,Bol Do Na Zara,292826,armaan malik - bol do na zara,294021,Armaan Malik,Bol Do Na Zara,5XD2tP1DRH2NJgp45HiEQA,30,2017,pop-film,0.545,0.472,11,-8.259,0,0.0311,0.294,0.0,0.0871,0.195,129.988,292827,3
2024-11-11 21:08,Arijit Singh,Roke Na Ruke Naina,278401,arijit singh - roke na ruke naina,293793,Arijit Singh,Roke Na Ruke Naina,2k7RoJQR0mi8WVWK0Och93,59,2017,pop-film,0.503,0.381,9,-9.31,1,0.0283,0.722,1.15e-05,0.154,0.263,80.658,278402,4
2024-11-11 21:18,Atif Aslam,Tera Hone Laga Hoon,56166,atif aslam - tera hone laga hoon,1309647,Atif Aslam,Tera Hone Laga Hoon,0dLbrlAVPPjpPqnYfmJsWk,74,2009,pop,0.684,0.771,8,-5.353,1,0.0307,0.548,0.0,0.112,0.539,119.982,299827,4
2024-11-11 21:22,Pritam,Janam Janam,237896,pritam - janam janam,189825,Pritam,Janam Janam,4km0RUkMMFdx8iDuq36o2w,67,2015,indian,0.301,0.581,11,-7.324,0,0.0422,0.602,0.0,0.0757,0.235,132.051,237897,3
2024-11-11 21:22,Pritam,"Channa Mereya (From ""Ae Dil Hai Mushkil"")",33030,"pritam - channa mereya (from ""ae dil hai mushkil"")",244826,Pritam,"Channa Mereya (From ""Ae Dil Hai Mushkil"")",0H2iJVgorRR0ZFgRqGUjUM,68,2016,indian,0.476,0.788,9,-4.821,0,0.0446,0.237,2.49e-05,0.106,0.746,90.066,289333,4
2024-11-11 21:57,Pritam,"Safar (From ""Jab Harry Met Sejal"")",33924,"pritam - safar (from ""jab harry met sejal"")",285807,Pritam,"Safar (From ""Jab Harry Met Sejal"")",4BH3FzJwNvjDpL8J78NMYM,49,2017,indian,0.307,0.604,7,-5.592,1,0.0397,0.593,3.79e-06,0.0789,0.452,85.641,365669,5
2024-11-12 00:49,Pritam,"Safar (From ""Jab Harry Met Sejal"")",269593,"pritam - safar (from ""jab harry met sejal"")",285807,Pritam,"Safar (From ""Jab Harry Met Sejal"")",4BH3FzJwNvjDpL8J78NMYM,49,2017,indian,0.307,0.604,7,-5.592,1,0.0397,0.593,3.79e-06,0.0789,0.452,85.641,365669,5
2024-11-12 16:47,Pritam,"Safar (From ""Jab Harry Met Sejal"")",63432,"pritam - safar (from ""jab harry met sejal"")",285807,Pritam,"Safar (From ""Jab Harry Met Sejal"")",4BH3FzJwNvjDpL8J78NMYM,49,2017,indian,0.307,0.604,7,-5.592,1,0.0397,0.593,3.79e-06,0.0789,0.452,85.641,365669,5
2024-11-12 16:56,Arijit Singh,"Pal (From ""Monsoon Shootout"")",288000,"arijit singh - pal (from ""monsoon shootout"")",293835,Arijit Singh,"Pal (From ""Monsoon Shootout"")",4hMGhovxvJWuSPMOODZOTv,30,2017,pop-film,0.617,0.406,7,-10.532,1,0.0248,0.318,0.0,0.0968,0.366,95.018,288000,4
2024-11-12 17:16,Jeet Gannguli,Hamari Adhuri Kahani (Title Track),96827,jeet gannguli - hamari adhuri kahani (title track),197893,Jeet Gannguli,Hamari Adhuri Kahani (Title Track),3HiobOOpSpMsi95WBKPBYk,70,2015,pop-film,0.223,0.359,0,-7.569,1,0.0312,0.845,0.0,0.133,0.193,73.059,398799,4
2024-11-12 17:25,Jeet Gannguli,Hamari Adhuri Kahani (Title Track),941,jeet gannguli - hamari adhuri kahani (title track),197893,Jeet Gannguli,Hamari Adhuri Kahani (Title Track),3HiobOOpSpMsi95WBKPBYk,70,2015,pop-film,0.223,0.359,0,-7.569,1,0.0312,0.845,0.0,0.133,0.193,73.059,398799,4
2024-11-12 17:30,Arijit Singh,Humdard,260590,arijit singh - humdard,147002,Arijit Singh,Humdard,1OEmd2iXU8pWG7CrKNpGUg,66,2014,pop-film,0.572,0.541,5,-6.45,1,0.0245,0.759,0.0,0.111,0.266,87.01,260590,4
2024-11-12 17:32,Alka Yagnik,Agar Tum Saath Ho,114849,alka yagnik - agar tum saath ho,192448,Alka Yagnik,Agar Tum Saath Ho,3hkC9EHFZNQPXrtl8WPHnX,73,2015,k-pop,0.562,0.519,3,-8.744,1,0.0326,0.557,0.000268,0.172,0.415,122.925,341055,4
2024-11-12 17:36,Amaal Mallik,Soch Na Sake,281322,amaal mallik - soch na sake,147190,Amaal Mallik,Soch Na Sake,7o6x7BjAaYiwg5TkW2udWs,21,2014,pop-film,0.558,0.642,9,-8.192,1,0.0269,0.589,0.916,0.281,0.547,152.02,282157,4
2024-11-12 17:40,Shafqat Amanat Ali,Allah Waariyan,2464,shafqat amanat ali - allah waariyan,93845,Shafqat Amanat Ali,Allah Waariyan,6YYVzVapUF3UnZQ0igasl3,60,2013,pop-film,0.483,0.781,4,-5.926,1,0.0445,0.349,0.0,0.126,0.801,83.782,314522,4
2024-11-12 17:45,Anu Malik,Moh Moh Ke Dhaage (Female),322899,anu malik - moh moh ke dhaage (female),197898,Anu Malik,Moh Moh Ke Dhaage (Female),7uubRr0u9Zxc1Y84hEn7Xf,62,2015,pop-film,0.585,0.399,2,-8.133,1,0.0286,0.849,3.47e-06,0.123,0.349,128.03,322900,4
2024-11-12 18:12,Pritam,Itni Si Baat Hain,69219,pritam - itni si baat hain,244839,Pritam,Itni Si Baat Hain,3P167vmmGRGKHoy7uDugvy,59,2016,indian,0.56,0.768,2,-4.77,1,0.0655,0.494,0.0,0.0844,0.289,155.765,294847,4
2024-11-12 22:20,Sub Urban,INFERNO,133133,sub urban - inferno,508590,Sub Urban,INFERNO,7aonAWn0J0AJ47ZU9WHCXC,65,2021,indie-pop,0.82,0.611,9,-5.02,0,0.122,0.0766,2.5e-05,0.0684,0.637,127.883,133134,4
2024-11-12 22:22,Faouzia,Tears of Gold,145457,faouzia - tears of gold,406502,Faouzia,Tears of Gold,2YyLNljkMy2viVcXoFGTDY,66,2019,pop,0.587,0.664,5,-5.698,0,0.0523,0.128,0.0,0.323,0.617,149.957,176118,4
2024-11-12 22:22,Imagine Dragons,Natural,1245,imagine dragons - natural,354036,Imagine Dragons,Natural,2FY7b99s15jUprqC0M5NCT,80,2018,rock,0.704,0.611,2,-6.112,1,0.0409,0.217,0.0,0.0812,0.22,100.0,189467,4
2024-11-12 22:22,Bahari,Savage,1839,bahari - savage,350320,Bahari,Savage,4FeWr4OsidcJClBjUEBHWI,62,2018,pop,0.728,0.428,3,-7.368,0,0.0469,0.869,0.0,0.1,0.434,98.024,164133,4
2024-11-12 22:22,Imagine Dragons,Whatever It Takes,2481,imagine dragons - whatever it takes,297310,Imagine Dragons,Whatever It Takes,6Qn5zhYkTa37e91HC1D7lb,80,2017,rock,0.672,0.655,10,-5.021,0,0.0311,0.0362,0.0,0.117,0.556,134.945,201240,4
2024-11-12 22:22,K/DA,MORE,1130,k/da - more,456865,K/DA,MORE,6juLaduD4STCUDWT0AYun4,69,2020,k-pop,0.66,0.787,1,-4.592,0,0.032,0.00257,0.0,0.323,0.199,142.018,217088,4
2024-11-12 22:22,Sabrina Carpenter,Looking at Me,1006,sabrina carpenter - looking at me,377696,Sabrina Carpenter,Looking at Me,59tskctgqUmjCWAwhzYAFm,71,2019,dance,0.681,0.798,2,-4.367,1,0.0375,0.00398,5.11e-06,0.0542,0.516,105.99,181120,4
2024-11-12 22:29,Eminem,Godzilla (feat. Juice WRLD),210800,eminem - godzilla (feat. juice wrld),452810,Eminem,Godzilla (feat. Juice WRLD),7FIWs0pqAYbP91WWM0vlTQ,81,2020,hip-hop,0.808,0.745,10,-5.26,0,0.342,0.145,0.0,0.292,0.829,165.995,210800,4
2024-11-12 22:32,5 Seconds of Summer,Youngblood,203417,5 seconds of summer - youngblood,321020,5 Seconds of Summer,Youngblood,2iUXsYOEPhVqEBwsqP70rE,79,2018,dance,0.596,0.854,7,-5.114,0,0.463,0.0169,0.0,0.124,0.152,120.274,203418,4
2024-11-12 22:43,Indila,Dernière danse,213493,indila - dernière danse,129472,Indila,Dernière danse,65uoaqX5qcjXZRheAj1qQT,74,2014,french,0.669,0.449,0,-7.658,0,0.0489,0.184,0.0,0.0729,0.327,114.926,213493,4
2024-11-12 22:43,Indila,Dernière danse,213493,indila - dernière danse,234700,Indila,Dernière Danse,3bMfYakVNhXA4TFhljujDp,29,2016,french,0.65,0.486,0,-5.945,0,0.0455,0.163,0.0,0.088,0.333,114.93,211279,4
2024-11-12 22:46,Selena Gomez,People You Know,194900,selena gomez - people you know,433234,Selena Gomez,People You Know,63mdJr3NMY3wReOkNE6c6W,78,2020,dance,0.695,0.62,8,-8.082,0,0.0521,0.0881,5.43e-05,0.111,0.62,150.032,194900,4
2024-11-12 23:41,Imagine Dragons,Warriors,98071,imagine dragons - warriors,201249,Imagine Dragons,Warriors,1lgN0A2Vki2FTON5PYq42m,67,2015,rock,0.365,0.851,4,-6.238,0,0.065,0.0964,0.003,0.238,0.309,78.068,170067,4
2024-11-13 03:55,Imagine Dragons,Warriors,803,imagine dragons - warriors,201249,Imagine Dragons,Warriors,1lgN0A2Vki2FTON5PYq42m,67,2015,rock,0.365,0.851,4,-6.238,0,0.065,0.0964,0.003,0.238,0.309,78.068,170067,4
2024-11-13 03:59,Twenty One Pilots,Stressed Out,202333,twenty one pilots - stressed out,201246,Twenty One Pilots,Stressed Out,3CRDbSIZ4r5MsZ0YwxuEkn,83,2015,rock,0.734,0.637,4,-5.677,0,0.141,0.0462,2.29e-05,0.0602,0.648,169.977,202333,4
2024-11-13 04:02,5 Seconds of Summer,Teeth,205502,5 seconds of summer - teeth,377676,5 Seconds of Summer,Teeth,26wLOs3ZuHJa2Ihhx6QIE6,76,2019,dance,0.756,0.448,3,-2.993,0,0.0404,0.0508,3.87e-06,0.11,0.431,139.031,204887,4
2024-11-13 04:22,Maroon 5,Maps,336322,maroon 5 - maps,146767,Maroon 5,Maps,4gbVRS8gloEluzf0GzDOFc,82,2014,pop,0.742,0.713,1,-5.522,0,0.0303,0.0205,0.0,0.059,0.879,120.032,189960,4
2024-11-13 04:45,Alec Benjamin,If We Have Each Other,46689,alec benjamin - if we have each other,327776,Alec Benjamin,If We Have Each Other,7pT6WSg4PCt4mr5ZFyUfsF,74,2018,electro,0.656,0.577,10,-5.566,0,0.0802,0.698,0.0,0.296,0.861,173.094,181522,4
2024-11-13 23:37,Alec Benjamin,If We Have Each Other,3481,alec benjamin - if we have each other,327776,Alec Benjamin,If We Have Each Other,7pT6WSg4PCt4mr5ZFyUfsF,74,2018,electro,0.656,0.577,10,-5.566,0,0.0802,0.698,0.0,0.296,0.861,173.094,181522,4
2024-11-13 23:42,G-Eazy,Him & I (with Halsey),268866,g-eazy - him & i (with halsey),284859,G-Eazy,Him & I (with Halsey),5k38wzpLb15YgncyWdTZE4,76,2017,hip-hop,0.589,0.731,2,-6.343,1,0.0868,0.0534,0.0,0.308,0.191,87.908,268867,4
2024-11-13 23:49,Alan Walker,Ignite,210288,alan walker - ignite,327799,Alan Walker,Ignite,1jLsirPDkUS2g4gnkYua58,69,2018,electro,0.681,0.864,8,-4.3,0,0.116,0.0208,3.98e-06,0.192,0.479,90.008,210288,4
2024-11-13 23:53,Taylor Swift,Don’t Blame Me,236413,taylor swift - don’t blame me,293464,Taylor Swift,Don’t Blame Me,1R0a2iXumgCiFb7HEZ7gUE,85,2017,pop,0.615,0.534,9,-6.719,0,0.0386,0.106,1.76e-05,0.0607,0.193,135.917,236413,4
2024-11-13 23:56,NF,Let You Down,212120,nf - let you down,284825,NF,Let You Down,52okn5MNA47tk87PeZJLEL,79,2017,hip-hop,0.662,0.714,5,-5.68,0,0.121,0.312,0.0,0.179,0.464,147.997,212120,4
2024-11-13 23:59,Imagine Dragons,Bones,165264,imagine dragons - bones,572948,Imagine Dragons,Bones,0HqZX76SFLDz2aW8aiqi7G,86,2022,rock,0.773,0.742,5,-3.678,0,0.046,0.0206,0.0,0.0754,0.571,114.071,165265,4
2024-11-14 00:02,Twenty One Pilots,Heathens,195920,twenty one pilots - heathens,614802,Twenty One Pilots,Heathens,28dStUv9JDoGCo1qJbrcMC,3,2023,rock,0.732,0.396,4,-9.348,0,0.0286,0.0841,3.54e-05,0.105,0.548,90.025,195920,4
2024-11-14 00:41,Imagine Dragons,Thunder,100334,imagine dragons - thunder,297309,Imagine Dragons,Thunder,1zB4vmk8tFRmM9UULNzbLB,83,2017,rock,0.605,0.822,0,-4.833,1,0.0438,0.00671,0.134,0.147,0.288,167.997,187147,4
2024-11-14 16:44,Imagine Dragons,Thunder,642,imagine dragons - thunder,297309,Imagine Dragons,Thunder,1zB4vmk8tFRmM9UULNzbLB,83,2017,rock,0.605,0.822,0,-4.833,1,0.0438,0.00671,0.134,0.147,0.288,167.997,187147,4
2024-11-14 16:46,Alec Benjamin,Let Me Down Slowly,169353,alec benjamin - let me down slowly,327774,Alec Benjamin,Let Me Down Slowly,2qxmye6gAegTMjLKEBoR3d,83,2018,electro,0.652,0.557,1,-5.714,0,0.0318,0.74,0.0,0.124,0.483,150.073,169354,4
2024-11-14 16:50,Ellise,911,188386,ellise - 911,327841,Ellise,911,3bHZeMMosfnAS633rWpf09,52,2018,electro,0.698,0.611,10,-6.754,0,0.0686,0.571,5.3e-06,0.0587,0.507,130.098,190000,4
2024-11-14 16:54,Shawn Mendes,Mercy,208733,shawn mendes - mercy,264773,Shawn Mendes,Mercy,0AS63m1wHv9n4VVRizK6Hc,80,2017,dance,0.555,0.662,11,-4.952,0,0.0827,0.125,0.0,0.111,0.356,148.128,208733,4
2024-11-14 16:57,Billie Eilish,lovely (with Khalid),200185,billie eilish - lovely (with khalid),350203,Billie Eilish,lovely (with Khalid),0u2P5u6lvoDfwTYjAADbn4,87,2018,pop,0.351,0.296,4,-10.109,0,0.0333,0.934,0.0,0.095,0.12,115.284,200186,4
2024-11-14 17:02,Cheriimoya,"Living Life, In The Night",122517,"cheriimoya - living life, in the night",355340,Cheriimoya,"Living Life, In The Night",2kx5sQgmjYug0GiDh1a4sU,79,2018,sad,0.624,0.499,0,-9.962,0,0.0495,0.82,0.0,0.12,0.298,143.249,122517,4
2024-11-14 17:34,CARYS,Princesses Don't Cry,190761,carys - princesses don't cry,547768,CARYS,Princesses Don't Cry,0P3QZGxM5VhBY1CT8gJOa9,53,2022,electro,0.626,0.595,0,-4.975,0,0.0288,0.285,0.0,0.0858,0.65,74.985,212107,4
2024-11-14 22:44,Fall Out Boy,Immortals,3184,fall out boy - immortals,127040,Fall Out Boy,Immortals,3c1ItvzDDDpmDgLH9SIUp4,63,2014,emo,0.703,0.856,11,-6.336,0,0.0461,0.00064,0.00126,0.38,0.722,108.025,195027,4
2024-11-14 22:47,Sub Urban,Freak (feat. REI AMI),194000,sub urban - freak (feat. rei ami),454786,Sub Urban,Freak (feat. REI AMI),5jkbw3FDS3bSSb4oLKYbjf,67,2020,indie-pop,0.619,0.45,7,-11.965,0,0.515,0.433,0.0,0.513,0.41,179.755,194000,4
2024-11-14 22:51,Sub Urban,Cradles,209829,sub urban - cradles,399077,Sub Urban,Cradles,5sSYvDVyP0CP9TUiqy3fuF,70,2019,indie-pop,0.537,0.586,6,-1.864,1,0.314,0.265,7.04e-05,0.175,0.624,79.056,209829,4
2024-11-14 22:55,Imagine Dragons,Monster,249493,imagine dragons - monster,201268,Imagine Dragons,Monster,2Xaw1RrXP3mdooKWysuRJ8,58,2015,rock,0.472,0.774,3,-5.383,1,0.0824,0.167,0.000278,0.132,0.443,179.942,249493,4
2024-11-14 22:59,Imagine Dragons,It's Time,237986,imagine dragons - it's time,43793,Imagine Dragons,It's Time,6BtmXhTJMM9sBTHeYYASGz,65,2012,rock,0.656,0.884,2,-4.748,1,0.0372,0.0162,0.0,0.145,0.86,105.009,237987,4
2024-11-14 23:03,Fall Out Boy,Centuries,228360,fall out boy - centuries,176367,Fall Out Boy,Centuries,04aAxqtGp5pv12UXAg4pkq,78,2015,emo,0.393,0.858,4,-2.868,0,0.0729,0.00359,0.0,0.102,0.56,176.042,228360,4
2024-11-14 23:06,Alan Walker,Alone,160426,alan walker - alone,231099,Alan Walker,Alone,0JiVRyTJcJnmlwCZ854K4p,60,2016,electro,0.676,0.929,10,-3.194,1,0.0458,0.186,0.000405,0.121,0.157,97.019,161200,4
2024-11-14 23:25,Måneskin,I WANNA BE YOUR SLAVE,131227,måneskin - i wanna be your slave,508524,Måneskin,I WANNA BE YOUR SLAVE,4pt5fDVTg5GhEvEtlz9dKk,81,2021,indie-pop,0.75,0.608,1,-4.008,1,0.0387,0.00165,0.0,0.178,0.958,132.507,173347,4
2024-11-15 00:51,Måneskin,I WANNA BE YOUR SLAVE,43248,måneskin - i wanna be your slave,508524,Måneskin,I WANNA BE YOUR SLAVE,4pt5fDVTg5GhEvEtlz9dKk,81,2021,indie-pop,0.75,0.608,1,-4.008,1,0.0387,0.00165,0.0,0.178,0.958,132.507,173347,4
2024-11-15 00:54,Trevor Daniel,Falling,159381,trevor daniel - falling,350268,Trevor Daniel,Falling,26XaOsDMbl0e1cVKYfkz6w,70,2018,pop,0.785,0.431,10,-8.756,0,0.0364,0.123,0.0,0.0887,0.236,127.085,159382,4
2024-11-15 00:58,The Neighbourhood,Sweater Weather,240400,the neighbourhood - sweater weather,1800,The Neighbourhood,Sweater Weather,4pGqFOfzvfe6avb9kbZicC,60,2012,alt-rock,0.695,0.615,7,-5.325,0,0.042,0.15,0.000212,0.0879,0.414,124.015,240040,4
2024-11-15 01:06,Alec Benjamin,If I Killed Someone For You,185122,alec benjamin - if i killed someone for you,327779,Alec Benjamin,If I Killed Someone For You,0WHi11uzahqpEtPGYCW6oQ,70,2018,electro,0.514,0.605,7,-5.363,1,0.0337,0.774,2.91e-06,0.121,0.409,120.894,185123,4
2024-11-15 01:10,K/DA,VILLAIN,199125,k/da - villain,456859,K/DA,VILLAIN,3QSjVPObHxuAJc3E5nrjRn,71,2020,k-pop,0.653,0.634,5,-5.875,0,0.0391,0.0232,0.0,0.0908,0.306,160.013,199125,4
2024-11-15 01:13,Lil Nas X,STAR WALKIN' (League of Legends Worlds Anthem),210575,lil nas x - star walkin' (league of legends worlds anthem),560201,Lil Nas X,STAR WALKIN' (League of Legends Worlds Anthem),38T0tPVZHcPZyhtOcCP7pF,85,2022,hip-hop,0.637,0.715,2,-4.971,0,0.0455,0.148,0.0,0.0892,0.308,141.872,210576,4
2024-11-15 01:16,grandson,Blood // Water - King Kavalier Remix,179374,grandson - blood // water - king kavalier remix,311093,grandson,Blood // Water - King Kavalier Remix,1vhNd2F1bNKV7DN4Moa8z2,61,2018,alt-rock,0.586,0.813,8,-6.357,0,0.0804,0.0494,5.54e-06,0.0939,0.655,149.812,179374,4
2024-11-15 01:22,K/DA,THE BADDEST,162600,k/da - the baddest,456882,K/DA,THE BADDEST,2V4Fx72svQRxrFvNT1eq5f,66,2020,k-pop,0.676,0.857,10,-4.368,0,0.0438,0.0215,0.0,0.254,0.717,149.981,162600,4
2024-11-15 01:25,K/DA,POP/STARS,191100,k/da - pop/stars,344862,K/DA,POP/STARS,5sbooPcNgIE22DwO0VNGUJ,70,2018,k-pop,0.566,0.769,7,-4.342,1,0.0872,0.0183,0.0,0.108,0.385,170.036,191100,4
2024-11-15 01:28,David Guetta,Say My Name,198946,david guetta - say my name,321103,David Guetta,Say My Name,3MoV1UsAJmz64LHqyiRMp0,60,2018,dance,0.703,0.66,10,-5.119,0,0.123,0.137,0.0,0.192,0.79,95.031,198947,4
2024-11-15 22:51,Ryan Mack,Overwhelmed (Ryan Mack Remix),103240,ryan mack - overwhelmed (ryan mack remix),515604,Ryan Mack,Overwhelmed (Ryan Mack Remix),03eyNjBM2mpx28H6kdaufN,74,2021,pop,0.658,0.445,0,-8.749,0,0.154,0.161,0.0,0.0845,0.513,174.111,103240,4
2024-11-15 22:52,Elley Duhé,MIDDLE OF THE NIGHT,25905,elley duhé - middle of the night,462004,Elley Duhé,MIDDLE OF THE NIGHT,58HvfVOeJY7lUuCqF0m3ly,85,2020,pop,0.41,0.611,4,-8.271,0,0.0467,0.0228,0.0,0.116,0.0899,185.727,184448,3
2024-11-15 22:54,Madison Beer,Good In Goodbye,141949,madison beer - good in goodbye,433428,Madison Beer,Good In Goodbye,1GVF9369j7InydwGztCDIZ,57,2020,dance,0.658,0.698,11,-5.95,0,0.177,0.433,0.0,0.174,0.456,139.054,141949,4
2024-11-15 22:58,Ghost,Mary On A Cross,244804,ghost - mary on a cross,394310,Ghost,Mary On A Cross,2HZLXBOnaSRhXStMLrq9fD,80,2019,hard-rock,0.466,0.9,11,-4.469,1,0.0447,0.000235,0.00104,0.103,0.561,130.02,244804,4
2024-11-15 23:04,Imagine Dragons,Demons,175200,imagine dragons - demons,43789,Imagine Dragons,Demons,3LlAyCYU26dvFZBDUIMb7a,73,2012,rock,0.505,0.71,3,-3.015,1,0.0321,0.19,0.00025,0.329,0.428,89.938,175200,4
2024-11-15 23:12,KALEO,Way down We Go,213706,kaleo - way down we go,214654,KALEO,Way down We Go,0y1QJc3SJVPKJ1OvFmFqe6,78,2016,alt-rock,0.489,0.505,10,-8.022,0,0.117,0.579,0.000333,0.104,0.337,163.255,213707,4
2024-11-15 23:15,Rag'n'Bone Man,Human,200186,rag'n'bone man - human,305222,Rag'n'Bone Man,Human,58zsLZPvfflaiIbNWoA22O,79,2017,soul,0.602,0.707,9,-4.097,1,0.302,0.393,0.0,0.165,0.554,75.087,200187,4
2024-11-15 23:17,Lil Nas X,MONTERO (Call Me By Your Name),137704,lil nas x - montero (call me by your name),506706,Lil Nas X,MONTERO (Call Me By Your Name),1SC5rEoYDGUK4NfG82494W,79,2021,hip-hop,0.593,0.503,8,-6.725,0,0.22,0.293,0.0,0.405,0.71,178.781,137704,4
2024-11-15 23:20,Alec Benjamin,Boy In The Bubble,181705,alec benjamin - boy in the bubble,327781,Alec Benjamin,Boy In The Bubble,60cYr5uuMoxvyuIx45rGEW,67,2018,electro,0.817,0.578,11,-7.579,0,0.0824,0.224,0.00103,0.251,0.851,143.982,181705,4
2024-11-15 23:23,Imagine Dragons,Enemy (with JID) - from the series Arcane League of Legends,173381,imagine dragons - enemy (with jid) - from the series arcane league of legends,519370,Imagine Dragons,Enemy (with JID) - from the series Arcane League of Legends,1r9xUipOqoNwggBpENDsvJ,81,2021,rock,0.728,0.783,11,-4.424,0,0.266,0.237,0.0,0.434,0.555,77.011,173381,4
2024-11-15 23:30,Melanie Martinez,"Tag, You're It",189026,"melanie martinez - tag, you're it",175408,Melanie Martinez,"Tag, You're It",3u1FiuSpfsgVnekEMXgMwJ,72,2015,electro,0.559,0.835,5,-5.555,0,0.0424,0.24,0.019,0.185,0.382,114.908,189027,4
2024-11-15 23:33,Imagine Dragons,Believer,204346,imagine dragons - believer,297308,Imagine Dragons,Believer,0pqnGHJpmpxLKifKRmU6WP,86,2017,rock,0.776,0.78,10,-4.374,0,0.128,0.0622,0.0,0.081,0.666,124.949,204347,4
2024-11-15 23:37,Lindsey Stirling,Roundtable Rival,203279,lindsey stirling - roundtable rival,146874,Lindsey Stirling,Roundtable Rival,7fLOFRCRe1c4kyoLJkNW1w,51,2014,pop,0.498,0.877,2,-3.84,0,0.0597,0.00266,0.25,0.411,0.619,128.069,203280,4
2024-11-15 23:40,The Chainsmokers,Don't Let Me Down,208373,the chainsmokers - don't let me down,224456,The Chainsmokers,Don't Let Me Down,1i1fxkWeaMmKEB4T7zqbzK,78,2016,dance,0.532,0.869,11,-5.094,1,0.172,0.157,0.00508,0.136,0.422,159.803,208373,4
2024-11-15 23:44,Sub Urban,Freak (feat. REI AMI),194000,sub urban - freak (feat. rei ami),454786,Sub Urban,Freak (feat. REI AMI),5jkbw3FDS3bSSb4oLKYbjf,67,2020,indie-pop,0.619,0.45,7,-11.965,0,0.515,0.433,0.0,0.513,0.41,179.755,194000,4
2024-11-15 23:47,Linkin Park,Numb,187520,linkin park - numb,894994,Linkin Park,Numb,2nLtzopw4rPReszdYBJU6h,84,2003,metal,0.496,0.863,9,-4.153,1,0.0381,0.0046,0.0,0.639,0.243,110.018,185587,4
2024-11-15 23:51,Bea Miller,Playground (from the series Arcane League of Legends),230525,bea miller - playground (from the series arcane league of legends),488028,Bea Miller,Playground (from the series Arcane League of Legends),5f2zZawBtGBEw24ABweErz,64,2021,dance,0.514,0.703,8,-6.859,1,0.0298,0.0107,7.62e-05,0.13,0.356,157.399,230526,4
2024-11-15 23:55,The Neighbourhood,Sweater Weather,240400,the neighbourhood - sweater weather,1800,The Neighbourhood,Sweater Weather,4pGqFOfzvfe6avb9kbZicC,60,2012,alt-rock,0.695,0.615,7,-5.325,0,0.042,0.15,0.000212,0.0879,0.414,124.015,240040,4
2024-11-15 23:58,Twenty One Pilots,Heathens,195920,twenty one pilots - heathens,614802,Twenty One Pilots,Heathens,28dStUv9JDoGCo1qJbrcMC,3,2023,rock,0.732,0.396,4,-9.348,0,0.0286,0.0841,3.54e-05,0.105,0.548,90.025,195920,4
2024-11-16 00:01,CARYS,Princesses Don't Cry,212106,carys - princesses don't cry,547768,CARYS,Princesses Don't Cry,0P3QZGxM5VhBY1CT8gJOa9,53,2022,electro,0.626,0.595,0,-4.975,0,0.0288,0.285,0.0,0.0858,0.65,74.985,212107,4
2024-11-16 00:20,Sub Urban,INFERNO,43605,sub urban - inferno,508590,Sub Urban,INFERNO,7aonAWn0J0AJ47ZU9WHCXC,65,2021,indie-pop,0.82,0.611,9,-5.02,0,0.122,0.0766,2.5e-05,0.0684,0.637,127.883,133134,4
2024-11-16 17:03,Sub Urban,INFERNO,561,sub urban - inferno,508590,Sub Urban,INFERNO,7aonAWn0J0AJ47ZU9WHCXC,65,2021,indie-pop,0.82,0.611,9,-5.02,0,0.122,0.0766,2.5e-05,0.0684,0.637,127.883,133134,4
2024-11-16 17:06,Måneskin,Beggin',211560,måneskin - beggin',286610,Måneskin,Beggin',3Wrjm47oTz2sjIgck11l5e,83,2017,indie-pop,0.714,0.8,11,-4.808,0,0.0504,0.127,0.0,0.359,0.589,134.002,211560,4
2024-11-16 17:13,Ellise,911,188386,ellise - 911,327841,Ellise,911,3bHZeMMosfnAS633rWpf09,52,2018,electro,0.698,0.611,10,-6.754,0,0.0686,0.571,5.3e-06,0.0587,0.507,130.098,190000,4
2024-11-16 17:14,Billie Eilish,lovely (with Khalid),23233,billie eilish - lovely (with khalid),350203,Billie Eilish,lovely (with Khalid),0u2P5u6lvoDfwTYjAADbn4,87,2018,pop,0.351,0.296,4,-10.109,0,0.0333,0.934,0.0,0.095,0.12,115.284,200186,4
2024-11-16 17:17,Bebe Rexha,I'm a Mess,195519,bebe rexha - i'm a mess,321055,Bebe Rexha,I'm a Mess,04ZTP5KsCypmtCmQg5tH9R,72,2018,dance,0.63,0.694,11,-6.257,0,0.0253,0.00281,0.0,0.0719,0.216,97.005,195519,4
2024-11-16 17:21,CADMIUM,No Friends,235023,cadmium - no friends,439402,Cadmium,No Friends,4U7G8dgUodMEVSv96QRcDb,60,2020,edm,0.771,0.644,4,-7.746,1,0.0337,0.522,7.13e-06,0.076,0.831,145.029,235024,4
2024-11-16 18:28,grandson,Blood // Water - King Kavalier Remix,127558,grandson - blood // water - king kavalier remix,311093,grandson,Blood // Water - King Kavalier Remix,1vhNd2F1bNKV7DN4Moa8z2,61,2018,alt-rock,0.586,0.813,8,-6.357,0,0.0804,0.0494,5.54e-06,0.0939,0.655,149.812,179374,4
2024-11-16 21:40,grandson,Blood // Water - King Kavalier Remix,51817,grandson - blood // water - king kavalier remix,311093,grandson,Blood // Water - King Kavalier Remix,1vhNd2F1bNKV7DN4Moa8z2,61,2018,alt-rock,0.586,0.813,8,-6.357,0,0.0804,0.0494,5.54e-06,0.0939,0.655,149.812,179374,4
2024-11-16 21:44,Taylor Swift,Don’t Blame Me,236413,taylor swift - don’t blame me,293464,Taylor Swift,Don’t Blame Me,1R0a2iXumgCiFb7HEZ7gUE,85,2017,pop,0.615,0.534,9,-6.719,0,0.0386,0.106,1.76e-05,0.0607,0.193,135.917,236413,4
2024-11-16 21:48,Camila Cabello,Shameless,219742,camila cabello - shameless,377675,Camila Cabello,Shameless,2ogKhhoMClkFXek7ZgxAhN,78,2019,dance,0.377,0.651,4,-5.437,0,0.0589,0.0197,5.31e-05,0.174,0.0851,129.607,219742,4
2024-11-16 21:51,NF,Let You Down,212120,nf - let you down,284825,NF,Let You Down,52okn5MNA47tk87PeZJLEL,79,2017,hip-hop,0.662,0.714,5,-5.68,0,0.121,0.312,0.0,0.179,0.464,147.997,212120,4
2024-11-16 21:59,Coldplay,Hymn for the Weekend,258266,coldplay - hymn for the weekend,197543,Coldplay,Hymn for the Weekend,3RiPr603aXAoi4GHyXx0uy,82,2015,pop,0.491,0.693,0,-6.487,0,0.0377,0.211,6.92e-06,0.325,0.412,90.027,258267,4
2024-11-16 22:02,David Guetta,"Hey Mama (feat. Nicki Minaj, Bebe Rexha & Afrojack)",192560,"david guetta - hey mama (feat. nicki minaj, bebe rexha & afrojack)",119702,David Guetta,"Hey Mama (feat. Nicki Minaj, Bebe Rexha & Afrojack)",5b2bu6yyATC1zMXDGScJ2d,60,2014,dance,0.596,0.73,9,-4.091,1,0.151,0.24,0.0,0.325,0.525,85.979,192560,4
2024-11-16 22:05,K/DA,VILLAIN,199125,k/da - villain,456859,K/DA,VILLAIN,3QSjVPObHxuAJc3E5nrjRn,71,2020,k-pop,0.653,0.634,5,-5.875,0,0.0391,0.0232,0.0,0.0908,0.306,160.013,199125,4
2024-11-16 22:10,Hozier,Take Me to Church,241693,hozier - take me to church,93786,Hozier,Take Me to Church,7J4gq1xNP3IsG6lDk0eSa7,42,2013,pop,0.572,0.661,4,-5.304,0,0.0472,0.59,0.0,0.121,0.386,129.093,241587,4
2024-11-16 22:18,BANNERS,Someone to You,219813,banners - someone to you,286620,BANNERS,Someone To You,14BH4qO7pgCmIe6mgLKOK3,71,2017,indie-pop,0.468,0.936,2,-3.683,1,0.0455,0.00568,0.0,0.24,0.663,75.05,219800,4
2024-11-16 22:26,Cartoon,Howling,204549,cartoon - howling,439455,Cartoon,Howling,596lDSwIMzDoiq3E6jJ0wC,55,2020,edm,0.568,0.72,9,-6.465,0,0.052,0.0338,0.164,0.22,0.472,173.959,204549,4
2024-11-16 22:29,Linkin Park,In the End,216800,linkin park - in the end,457747,Linkin Park,In the End,6zyrb7dW1IR4Hrc8nXJsln,52,2020,metal,0.555,0.844,3,-6.567,0,0.0553,0.00818,0.0,0.0895,0.464,105.193,216800,4
2024-11-16 22:36,The Kid LAROI,STAY (with Justin Bieber),141805,the kid laroi - stay (with justin bieber),506685,The Kid LAROI,STAY (with Justin Bieber),5HCyWlXZPP0y6Gqq8TgA20,85,2021,hip-hop,0.591,0.764,1,-5.484,1,0.0483,0.0383,0.0,0.103,0.478,169.928,141806,4
2024-11-16 22:40,K/DA,POP/STARS,191100,k/da - pop/stars,344862,K/DA,POP/STARS,5sbooPcNgIE22DwO0VNGUJ,70,2018,k-pop,0.566,0.769,7,-4.342,1,0.0872,0.0183,0.0,0.108,0.385,170.036,191100,4
2024-11-16 22:42,Stellar,Blur,131428,stellar - blur,462082,Stellar,Blur,16Azhyv8164hYxI8Ax3F5k,68,2020,pop,0.834,0.6,5,-5.433,1,0.0313,0.245,0.0,0.0694,0.694,125.954,131429,4
2024-11-16 22:45,Selena Gomez,People You Know,194900,selena gomez - people you know,433234,Selena Gomez,People You Know,63mdJr3NMY3wReOkNE6c6W,78,2020,dance,0.695,0.62,8,-8.082,0,0.0521,0.0881,5.43e-05,0.111,0.62,150.032,194900,4
2024-11-16 22:47,Halsey,Walls Could Talk,101789,halsey - walls could talk,264782,Halsey,Walls Could Talk,5ln5yQdUywVbf8HhFsOcd6,74,2017,dance,0.626,0.423,1,-6.035,1,0.0513,0.128,0.0,0.18,0.571,95.162,101790,4
2024-11-16 22:50,Imagine Dragons,Bones,165264,imagine dragons - bones,572948,Imagine Dragons,Bones,0HqZX76SFLDz2aW8aiqi7G,86,2022,rock,0.773,0.742,5,-3.678,0,0.046,0.0206,0.0,0.0754,0.571,114.071,165265,4
2024-11-17 00:23,5 Seconds of Summer,Teeth,171232,5 seconds of summer - teeth,377676,5 Seconds of Summer,Teeth,26wLOs3ZuHJa2Ihhx6QIE6,76,2019,dance,0.756,0.448,3,-2.993,0,0.0404,0.0508,3.87e-06,0.11,0.431,139.031,204887,4
2024-11-18 22:53,5 Seconds of Summer,Teeth,35276,5 seconds of summer - teeth,377676,5 Seconds of Summer,Teeth,26wLOs3ZuHJa2Ihhx6QIE6,76,2019,dance,0.756,0.448,3,-2.993,0,0.0404,0.0508,3.87e-06,0.11,0.431,139.031,204887,4
2024-11-18 22:57,Cartoon,On & On,207068,cartoon - on & on,174640,Cartoon,On & On,2uZWffKoemZDI0gHcBEcDc,72,2015,edm,0.451,0.692,11,-4.741,1,0.0398,0.287,0.0,0.115,0.423,174.122,207069,4
2024-11-18 23:50,K/DA,THE BADDEST,23403,k/da - the baddest,456882,K/DA,THE BADDEST,2V4Fx72svQRxrFvNT1eq5f,66,2020,k-pop,0.676,0.857,10,-4.368,0,0.0438,0.0215,0.0,0.254,0.717,149.981,162600,4
2024-11-19 16:16,K/DA,THE BADDEST,748,k/da - the baddest,456882,K/DA,THE BADDEST,2V4Fx72svQRxrFvNT1eq5f,66,2020,k-pop,0.676,0.857,10,-4.368,0,0.0438,0.0215,0.0,0.254,0.717,149.981,162600,4
2024-11-19 16:20,Selena Gomez,Wolves,197993,selena gomez - wolves,264780,Selena Gomez,Wolves,0tBbt8CrmxbjRP0pueQkyU,79,2017,dance,0.724,0.804,11,-4.614,0,0.0448,0.124,0.0,0.204,0.306,124.987,197993,4
2024-11-19 16:26,David Guetta,Say My Name,198946,david guetta - say my name,321103,David Guetta,Say My Name,3MoV1UsAJmz64LHqyiRMp0,60,2018,dance,0.703,0.66,10,-5.119,0,0.123,0.137,0.0,0.192,0.79,95.031,198947,4
2024-11-19 16:29,Fall Out Boy,Centuries,228360,fall out boy - centuries,176367,Fall Out Boy,Centuries,04aAxqtGp5pv12UXAg4pkq,78,2015,emo,0.393,0.858,4,-2.868,0,0.0729,0.00359,0.0,0.102,0.56,176.042,228360,4
2024-11-19 16:41,Sabrina Carpenter,Looking at Me,25463,sabrina carpenter - looking at me,377696,Sabrina Carpenter,Looking at Me,59tskctgqUmjCWAwhzYAFm,71,2019,dance,0.681,0.798,2,-4.367,1,0.0375,0.00398,5.11e-06,0.0542,0.516,105.99,181120,4
2024-11-20 23:13,Imagine Dragons,Enemy - From the series Arcane League of Legends,1020,imagine dragons - enemy - from the series arcane league of legends,519371,Imagine Dragons,Enemy - From the series Arcane League of Legends,5UlnuulVAVmmesw4VzqHdG,75,2021,rock,0.722,0.745,7,-4.164,1,0.256,0.247,0.0,0.419,0.52,77.029,173381,4
2024-11-20 23:13,Imagine Dragons,Enemy - From the series Arcane League of Legends,1020,imagine dragons - enemy - from the series arcane league of legends,614793,Imagine Dragons,Enemy - from the series Arcane League of Legends,45lFaFCHXmpCiiMDvtihIv,1,2023,rock,0.728,0.783,11,-4.424,0,0.266,0.237,0.0,0.434,0.555,77.011,173381,4
2024-11-20 23:13,The Chainsmokers,Closer,812,the chainsmokers - closer,224450,The Chainsmokers,Closer,7BKLCZ1jbUBVqRi2FVlTVw,83,2016,dance,0.748,0.524,8,-5.599,1,0.0338,0.414,0.0,0.111,0.661,95.01,244960,4
2024-11-20 23:13,Sub Urban,Cradles,828,sub urban - cradles,399077,Sub Urban,Cradles,5sSYvDVyP0CP9TUiqy3fuF,70,2019,indie-pop,0.537,0.586,6,-1.864,1,0.314,0.265,7.04e-05,0.175,0.624,79.056,209829,4
2024-11-20 23:13,Olivia Rodrigo,good 4 u,833,olivia rodrigo - good 4 u,515567,Olivia Rodrigo,good 4 u,4ZtFanR9U6ndgddUvNcjcG,84,2021,pop,0.563,0.664,9,-5.044,1,0.154,0.335,0.0,0.0849,0.688,166.928,178147,4
2024-11-20 23:13,Sabrina Carpenter,Looking at Me,343,sabrina carpenter - looking at me,377696,Sabrina Carpenter,Looking at Me,59tskctgqUmjCWAwhzYAFm,71,2019,dance,0.681,0.798,2,-4.367,1,0.0375,0.00398,5.11e-06,0.0542,0.516,105.99,181120,4
2024-11-20 23:13,blackbear,idfc,774,blackbear - idfc,175406,blackbear,idfc,3SErMoIKdRELto2OspGs5L,77,2015,electro,0.718,0.422,4,-9.115,0,0.0621,0.0764,0.0,0.17,0.455,144.678,207027,4
2024-11-20 23:17,Sub Urban,Cradles,209829,sub urban - cradles,399077,Sub Urban,Cradles,5sSYvDVyP0CP9TUiqy3fuF,70,2019,indie-pop,0.537,0.586,6,-1.864,1,0.314,0.265,7.04e-05,0.175,0.624,79.056,209829,4
2024-11-20 23:20,blackbear,idfc,207026,blackbear - idfc,175406,blackbear,idfc,3SErMoIKdRELto2OspGs5L,77,2015,electro,0.718,0.422,4,-9.115,0,0.0621,0.0764,0.0,0.17,0.455,144.678,207027,4
2024-11-20 23:24,David Guetta,Titanium (feat. Sia),245040,david guetta - titanium (feat. sia),1412788,David Guetta,Titanium (feat. Sia),0lHAMNU8RGiIObScrsRgmP,68,2011,dance,0.604,0.788,0,-3.673,0,0.103,0.0678,0.153,0.127,0.301,126.06,245040,4
2024-11-20 23:29,Ryan Mack,Overwhelmed (Ryan Mack Remix),103240,ryan mack - overwhelmed (ryan mack remix),515604,Ryan Mack,Overwhelmed (Ryan Mack Remix),03eyNjBM2mpx28H6kdaufN,74,2021,pop,0.658,0.445,0,-8.749,0,0.154,0.161,0.0,0.0845,0.513,174.111,103240,4
2024-11-20 23:36,Halsey,Castle,277623,halsey - castle,175424,Halsey,Castle,16w8ZGVSjI4TlTLV8VimBY,64,2015,electro,0.626,0.571,7,-7.461,0,0.0327,0.25,0.0,0.0946,0.164,129.959,277623,4
2024-11-21 16:07,Harry James,"It's Been a Long, Long Time",75824,"harry james - it's been a long, long time",246990,Harry James,"It's Been A Long, Long Time",1LLYCeMIhQgZKDP0nHh0hh,33,2016,jazz,0.377,0.222,0,-11.315,0,0.0278,0.605,0.0034,0.0851,0.441,74.081,188853,4
2024-11-21 16:07,Harry James,"It's Been a Long, Long Time",75824,"harry james - it's been a long, long time",1230215,Harry James,"It's Been a Long, Long Time",4rfh0qEv1HdKRXWiRXfzWF,57,2008,jazz,0.277,0.216,0,-9.66,1,0.03,0.945,0.00116,0.325,0.362,75.258,205773,4
2024-11-22 05:33,5 Seconds of Summer,Youngblood,203417,5 seconds of summer - youngblood,321020,5 Seconds of Summer,Youngblood,2iUXsYOEPhVqEBwsqP70rE,79,2018,dance,0.596,0.854,7,-5.114,0,0.463,0.0169,0.0,0.124,0.152,120.274,203418,4
2024-11-22 05:38,Madison Beer,Good In Goodbye,141949,madison beer - good in goodbye,433428,Madison Beer,Good In Goodbye,1GVF9369j7InydwGztCDIZ,57,2020,dance,0.658,0.698,11,-5.95,0,0.177,0.433,0.0,0.174,0.456,139.054,141949,4
2024-11-22 05:41,Madison Beer,Good In Goodbye,141949,madison beer - good in goodbye,433428,Madison Beer,Good In Goodbye,1GVF9369j7InydwGztCDIZ,57,2020,dance,0.658,0.698,11,-5.95,0,0.177,0.433,0.0,0.174,0.456,139.054,141949,4
2024-11-22 06:03,Halsey,Colors,31384,halsey - colors,175423,Halsey,Colors,1TnUURhehaoMWKAqQtirm6,65,2015,electro,0.512,0.812,1,-4.809,1,0.0617,0.0534,0.0,0.092,0.521,100.02,249500,4
2024-11-22 20:10,Halsey,Colors,218133,halsey - colors,175423,Halsey,Colors,1TnUURhehaoMWKAqQtirm6,65,2015,electro,0.512,0.812,1,-4.809,1,0.0617,0.0534,0.0,0.092,0.521,100.02,249500,4
2024-11-22 20:17,AURORA,Cure For Me,201640,aurora - cure for me,569328,AURORA,Cure For Me,33WTgxRdPBQQpVCMXpNxhO,67,2022,pop,0.726,0.738,6,-6.589,0,0.0602,0.102,2.17e-05,0.0882,0.414,115.904,201640,4
2024-11-22 20:19,Cheriimoya,"Living Life, In The Night",122517,"cheriimoya - living life, in the night",355340,Cheriimoya,"Living Life, In The Night",2kx5sQgmjYug0GiDh1a4sU,79,2018,sad,0.624,0.499,0,-9.962,0,0.0495,0.82,0.0,0.12,0.298,143.249,122517,4
2024-11-22 20:23,Twenty One Pilots,Ride,214506,twenty one pilots - ride,201247,Twenty One Pilots,Ride,2Z8WuEywRWYTKe1NybPQEW,80,2015,rock,0.645,0.713,6,-5.355,1,0.0393,0.00835,0.0,0.113,0.566,74.989,214507,4
2024-11-22 20:26,Shawn Mendes,Stitches,206880,shawn mendes - stitches,197525,Shawn Mendes,Stitches,5jsw9uXEGuKyJzs0boZ1bT,74,2015,pop,0.752,0.754,1,-6.684,1,0.0615,0.0151,0.0,0.0486,0.755,149.789,206880,4
2024-11-22 20:30,grandson,Blood // Water,216720,grandson - blood // water,311046,grandson,Blood // Water,7clyJIrLkEbXUDwj1tC9zz,67,2018,alt-rock,0.504,0.891,6,-5.632,0,0.137,0.00163,0.00199,0.148,0.628,153.988,214520,4
2024-11-22 20:56,Halsey,Without Me,102562,halsey - without me,321041,Halsey,Without Me,5p7ujcrUXASCNwRaWNHR1C,75,2018,dance,0.752,0.488,6,-7.05,1,0.0705,0.297,9.11e-06,0.0936,0.533,136.041,201661,4
2024-11-22 22:28,Halsey,Without Me,100394,halsey - without me,321041,Halsey,Without Me,5p7ujcrUXASCNwRaWNHR1C,75,2018,dance,0.752,0.488,6,-7.05,1,0.0705,0.297,9.11e-06,0.0936,0.533,136.041,201661,4
2024-11-22 22:31,Royal & the Serpent,overwhelmed,159293,royal & the serpent - overwhelmed,439849,Royal & the Serpent,overwhelmed,5jjZikDrEd0by1o7V3fO4y,66,2020,electro,0.804,0.323,0,-11.127,0,0.305,0.308,0.0,0.15,0.456,87.019,159293,4
2024-11-22 22:31,Royal & the Serpent,overwhelmed,159293,royal & the serpent - overwhelmed,606687,Royal & the Serpent,Overwhelmed,7etb4sDQPEE44sNlcZocqM,0,2023,indie-pop,0.804,0.323,0,-11.127,0,0.305,0.308,0.0,0.15,0.456,87.019,159293,4
2024-11-22 22:35,Ghost,Mary On A Cross,244804,ghost - mary on a cross,394310,Ghost,Mary On A Cross,2HZLXBOnaSRhXStMLrq9fD,80,2019,hard-rock,0.466,0.9,11,-4.469,1,0.0447,0.000235,0.00104,0.103,0.561,130.02,244804,4
2024-11-22 22:38,Rixton,Me And My Broken Heart,193733,rixton - me and my broken heart,119681,Rixton,Me And My Broken Heart,1oew3nFNY3vMacJAsvry0S,76,2014,dance,0.545,0.783,5,-4.261,0,0.0345,0.00489,0.0,0.132,0.551,174.084,193733,4
2024-11-22 22:41,Shawn Mendes,Mercy,208733,shawn mendes - mercy,264773,Shawn Mendes,Mercy,0AS63m1wHv9n4VVRizK6Hc,80,2017,dance,0.555,0.662,11,-4.952,0,0.0827,0.125,0.0,0.111,0.356,148.128,208733,4
2024-11-22 22:49,Twenty One Pilots,Stressed Out,202333,twenty one pilots - stressed out,201246,Twenty One Pilots,Stressed Out,3CRDbSIZ4r5MsZ0YwxuEkn,83,2015,rock,0.734,0.637,4,-5.677,0,0.141,0.0462,2.29e-05,0.0602,0.648,169.977,202333,4
2024-11-22 22:53,Sia,Chandelier,198467,sia - chandelier,197535,Sia,Chandelier,2s1sdSqGcKxpPr5lCl7jAV,69,2015,pop,0.399,0.787,1,-2.88,1,0.0499,0.0197,6.07e-05,0.0685,0.572,117.089,216120,5
2024-11-22 22:56,Sam Tinnesz,Play with Fire (feat. Yacht Money),180690,sam tinnesz - play with fire (feat. yacht money),254812,Sam Tinnesz,Play with Fire (feat. Yacht Money),7vguMCv8uVuZLiQJ156u3Z,74,2017,alt-rock,0.573,0.539,2,-6.091,0,0.0322,0.0162,1.16e-05,0.105,0.39,75.012,180691,4
2024-11-22 22:59,Stellar,Ashes,166355,stellar - ashes,462036,Stellar,Ashes,3Pj6u2KTgepyyidp5xfbHp,72,2020,pop,0.712,0.568,5,-7.864,0,0.0546,0.0947,0.0,0.169,0.46,130.019,166356,4
2024-11-22 23:08,Shawn Mendes,Treat You Better,192324,shawn mendes - treat you better,264771,Shawn Mendes,Treat You Better,3QGsuHI8jO1Rx4JWLUh9jd,83,2017,dance,0.444,0.819,10,-4.078,0,0.341,0.106,0.0,0.107,0.747,82.695,187973,4
2024-11-22 23:11,Alan Walker,Ignite,210288,alan walker - ignite,327799,Alan Walker,Ignite,1jLsirPDkUS2g4gnkYua58,69,2018,electro,0.681,0.864,8,-4.3,0,0.116,0.0208,3.98e-06,0.192,0.479,90.008,210288,4
2024-11-22 23:14,Dove Cameron,Boyfriend,153000,dove cameron - boyfriend,569224,Dove Cameron,Boyfriend,59CfNbkERJ3NoTXDvoURjj,81,2022,pop,0.345,0.612,7,-6.543,0,0.0608,0.232,0.0,0.194,0.232,179.773,153000,3
2024-11-22 23:25,Halsey,Gasoline,199593,halsey - gasoline,175413,Halsey,Gasoline,2IO7yf562c1zLzpanal1DT,70,2015,electro,0.731,0.58,10,-7.328,0,0.0399,0.223,0.0,0.129,0.319,119.997,199593,4
2024-11-22 23:30,NF,Paralyzed,270453,nf - paralyzed,188827,NF,Paralyzed,5DHQKZCOZhGNTbYBCekWx0,71,2015,hip-hop,0.51,0.643,0,-6.602,1,0.0485,0.214,3.22e-06,0.101,0.0397,130.081,270453,4
2024-11-22 23:33,Imagine Dragons,Whatever It Takes,201240,imagine dragons - whatever it takes,297310,Imagine Dragons,Whatever It Takes,6Qn5zhYkTa37e91HC1D7lb,80,2017,rock,0.672,0.655,10,-5.021,0,0.0311,0.0362,0.0,0.117,0.556,134.945,201240,4
2024-11-22 23:37,Fall Out Boy,The Phoenix,244960,fall out boy - the phoenix,73675,Fall Out Boy,The Phoenix,7jwDuO7UZvWs77KNj9HbvF,68,2013,emo,0.562,0.964,4,-2.991,0,0.072,0.000539,1.57e-06,0.579,0.41,138.063,244960,4
2024-11-22 23:41,Linkin Park,What I've Done,205226,linkin park - what i've done,1161273,Linkin Park,What I've Done,18lR4BzEs7e3qzc0KVkTpU,80,2007,metal,0.623,0.93,5,-5.285,1,0.0324,0.0141,1.64e-06,0.138,0.287,120.119,205613,4
2024-11-22 23:45,Sam Tinnesz,Legends Are Made,169758,sam tinnesz - legends are made,254823,Sam Tinnesz,Legends Are Made,0yqrhHrcWLMjBylHReDN5u,66,2017,alt-rock,0.553,0.89,0,-4.879,1,0.0413,0.123,0.0,0.139,0.674,87.871,169758,4
2024-11-22 23:48,Halsey,Control,214761,halsey - control,175417,Halsey,Control,3SKzTIl9mW0DadTys9SFo3,69,2015,electro,0.549,0.675,4,-5.637,0,0.0332,0.399,0.0,0.181,0.206,119.898,214762,4
2024-11-22 23:54,Melanie Martinez,Play Date,179867,melanie martinez - play date,175403,Melanie Martinez,Play Date,4DpNNXFMMxQEKl7r0ykkWA,76,2015,electro,0.68,0.729,5,-5.077,1,0.0475,0.612,0.0,0.224,0.446,123.97,179867,4
2024-11-22 23:57,Maroon 5,Maps,189960,maroon 5 - maps,146767,Maroon 5,Maps,4gbVRS8gloEluzf0GzDOFc,82,2014,pop,0.742,0.713,1,-5.522,0,0.0303,0.0205,0.0,0.059,0.879,120.032,189960,4
2024-11-23 00:00,Alec Benjamin,If I Killed Someone For You,185122,alec benjamin - if i killed someone for you,327779,Alec Benjamin,If I Killed Someone For You,0WHi11uzahqpEtPGYCW6oQ,70,2018,electro,0.514,0.605,7,-5.363,1,0.0337,0.774,2.91e-06,0.121,0.409,120.894,185123,4
2024-11-23 00:03,Shawn Mendes,There's Nothing Holdin' Me Back,199440,shawn mendes - there's nothing holdin' me back,264770,Shawn Mendes,There's Nothing Holdin' Me Back,7JJmb5XwzOO8jgpou264Ml,85,2017,dance,0.866,0.813,11,-4.063,0,0.0554,0.38,0.0,0.0779,0.969,121.998,199440,4
2024-11-23 00:08,AURORA,Runaway,248826,aurora - runaway,146778,AURORA,Runaway,23rdcrD0Eky4vYn2TZidxJ,73,2014,pop,0.459,0.276,11,-10.339,1,0.036,0.63,9.5e-05,0.104,0.128,114.169,248827,4
2024-11-23 00:11,Sia,"Genius (feat. Sia, Diplo, and Labrinth)",213706,"sia - genius (feat. sia, diplo, and labrinth)",377708,Sia,"Genius (feat. Sia, Diplo, and Labrinth)",4xigPf2sigSPmuFH3qCelB,73,2019,dance,0.603,0.615,11,-4.931,0,0.165,0.0799,6.72e-05,0.117,0.561,158.657,213707,4
2024-11-23 00:39,Melanie Martinez,Soap,68079,melanie martinez - soap,175412,Melanie Martinez,Soap,03f7xZmt2wHCIDJBFPK8G4,71,2015,electro,0.595,0.689,6,-6.107,0,0.148,0.254,5.44e-06,0.129,0.213,168.112,209427,4
2024-11-23 01:08,Melanie Martinez,Soap,141349,melanie martinez - soap,175412,Melanie Martinez,Soap,03f7xZmt2wHCIDJBFPK8G4,71,2015,electro,0.595,0.689,6,-6.107,0,0.148,0.254,5.44e-06,0.129,0.213,168.112,209427,4
2024-11-23 01:18,NF,The Search,28594,nf - the search,397249,NF,The Search,3oLe5ZILASG8vU5dxIMfLY,75,2019,hip-hop,0.789,0.789,2,-4.813,1,0.298,0.598,0.0,0.099,0.37,119.95,248053,4
2024-11-23 04:02,NF,The Search,185848,nf - the search,397249,NF,The Search,3oLe5ZILASG8vU5dxIMfLY,75,2019,hip-hop,0.789,0.789,2,-4.813,1,0.298,0.598,0.0,0.099,0.37,119.95,248053,4
2024-11-24 05:52,Lorde,Everybody Wants To Rule The World - From “The Hunger Games: Catching Fire” Soundtrack,155586,lorde - everybody wants to rule the world - from “the hunger games: catching fire” soundtrack,93601,Lorde,Everybody Wants To Rule The World - From “The Hunger Games: Catching Fire” Soundtrack,3S1tTwSKIZgf4QGltFyCxM,63,2013,pop,0.575,0.571,11,-9.291,0,0.101,0.597,0.000159,0.108,0.0614,110.993,155587,4
2024-11-24 05:58,K/DA,MORE,130903,k/da - more,456865,K/DA,MORE,6juLaduD4STCUDWT0AYun4,69,2020,k-pop,0.66,0.787,1,-4.592,0,0.032,0.00257,0.0,0.323,0.199,142.018,217088,4
2024-11-24 06:01,Bea Miller,Playground (from the series Arcane League of Legends),120003,bea miller - playground (from the series arcane league of legends),488028,Bea Miller,Playground (from the series Arcane League of Legends),5f2zZawBtGBEw24ABweErz,64,2021,dance,0.514,0.703,8,-6.859,1,0.0298,0.0107,7.62e-05,0.13,0.356,157.399,230526,4
2024-11-24 06:20,PVRIS,Snakes (from the series Arcane League of Legends),55000,pvris - snakes (from the series arcane league of legends),495050,PVRIS,Snakes (from the series Arcane League of Legends),7AEvaz0EOmlqN27o6zpt3k,60,2021,emo,0.426,0.842,1,-6.238,0,0.236,0.000397,0.00125,0.379,0.366,157.86,161377,4
2024-11-25 05:50,NF,The Search,563,nf - the search,397249,NF,The Search,3oLe5ZILASG8vU5dxIMfLY,75,2019,hip-hop,0.789,0.789,2,-4.813,1,0.298,0.598,0.0,0.099,0.37,119.95,248053,4
2024-11-25 06:04,Arctic Monkeys,I Wanna Be Yours,183956,arctic monkeys - i wanna be yours,77591,Arctic Monkeys,I Wanna Be Yours,5XeFesFbtLpXzIVDNQP22n,91,2013,garage,0.464,0.417,0,-9.345,0,0.0256,0.136,0.022,0.0974,0.479,67.528,183956,4
2024-11-25 06:08,George Ezra,Blame It on Me,196400,george ezra - blame it on me,127960,George Ezra,Blame It on Me,2vzMWO0T008m86yDnXwkII,67,2014,folk,0.537,0.757,3,-3.374,1,0.0274,0.473,0.0,0.341,0.421,103.882,196400,4
2024-11-25 06:15,Bastille,Flaws,218800,bastille - flaws,93679,Bastille,Flaws,67wABU4SjBlnDHB0KiU3HL,47,2013,pop,0.57,0.657,8,-6.987,1,0.0356,0.405,1.86e-06,0.0723,0.41,144.247,218800,4
2024-11-25 06:43,Chappell Roan,Femininomenon,219710,chappell roan - femininomenon,562187,Chappell Roan,Femininomenon,1YlOZY3puELE0PgxD1enZo,50,2022,indie-pop,0.645,0.789,3,-5.324,1,0.0545,0.339,6.32e-05,0.0821,0.31,124.951,219711,4
2024-11-25 06:54,Chappell Roan,Casual,232796,chappell roan - casual,562026,Chappell Roan,Casual,1UTGAopFU1g7qoxTE8sE3D,57,2022,indie-pop,0.508,0.411,1,-6.95,1,0.0269,0.226,0.0,0.0571,0.34,131.008,232796,4
2024-11-25 08:19,George Ezra,Blame It on Me,655,george ezra - blame it on me,127960,George Ezra,Blame It on Me,2vzMWO0T008m86yDnXwkII,67,2014,folk,0.537,0.757,3,-3.374,1,0.0274,0.473,0.0,0.341,0.421,103.882,196400,4
2024-11-25 08:19,Chappell Roan,Casual,987,chappell roan - casual,562026,Chappell Roan,Casual,1UTGAopFU1g7qoxTE8sE3D,57,2022,indie-pop,0.508,0.411,1,-6.95,1,0.0269,0.226,0.0,0.0571,0.34,131.008,232796,4
2024-11-25 08:19,Chappell Roan,Femininomenon,500,chappell roan - femininomenon,562187,Chappell Roan,Femininomenon,1YlOZY3puELE0PgxD1enZo,50,2022,indie-pop,0.645,0.789,3,-5.324,1,0.0545,0.339,6.32e-05,0.0821,0.31,124.951,219711,4
2024-11-25 08:19,Bastille,Flaws,67,bastille - flaws,93679,Bastille,Flaws,67wABU4SjBlnDHB0KiU3HL,47,2013,pop,0.57,0.657,8,-6.987,1,0.0356,0.405,1.86e-06,0.0723,0.41,144.247,218800,4
2024-11-25 08:19,Arctic Monkeys,I Wanna Be Yours,694,arctic monkeys - i wanna be yours,77591,Arctic Monkeys,I Wanna Be Yours,5XeFesFbtLpXzIVDNQP22n,91,2013,garage,0.464,0.417,0,-9.345,0,0.0256,0.136,0.022,0.0974,0.479,67.528,183956,4
2024-11-25 08:35,Arctic Monkeys,I Wanna Be Yours,133314,arctic monkeys - i wanna be yours,77591,Arctic Monkeys,I Wanna Be Yours,5XeFesFbtLpXzIVDNQP22n,91,2013,garage,0.464,0.417,0,-9.345,0,0.0256,0.136,0.022,0.0974,0.479,67.528,183956,4
2024-11-25 08:39,Arctic Monkeys,505,253586,arctic monkeys - 505,1145378,Arctic Monkeys,505,58ge6dfP91o9oXMzq3XkIS,80,2007,garage,0.52,0.852,0,-5.866,1,0.0543,0.00237,5.79e-05,0.0733,0.234,140.267,253587,4
2024-11-25 08:40,George Ezra,Blame It on Me,38641,george ezra - blame it on me,127960,George Ezra,Blame It on Me,2vzMWO0T008m86yDnXwkII,67,2014,folk,0.537,0.757,3,-3.374,1,0.0274,0.473,0.0,0.341,0.421,103.882,196400,4
2024-11-25 08:47,Bastille,Flaws,218800,bastille - flaws,93679,Bastille,Flaws,67wABU4SjBlnDHB0KiU3HL,47,2013,pop,0.57,0.657,8,-6.987,1,0.0356,0.405,1.86e-06,0.0723,0.41,144.247,218800,4
2024-11-25 08:54,Chappell Roan,Femininomenon,219710,chappell roan - femininomenon,562187,Chappell Roan,Femininomenon,1YlOZY3puELE0PgxD1enZo,50,2022,indie-pop,0.645,0.789,3,-5.324,1,0.0545,0.339,6.32e-05,0.0821,0.31,124.951,219711,4
2024-11-25 09:05,Chappell Roan,Casual,232796,chappell roan - casual,562026,Chappell Roan,Casual,1UTGAopFU1g7qoxTE8sE3D,57,2022,indie-pop,0.508,0.411,1,-6.95,1,0.0269,0.226,0.0,0.0571,0.34,131.008,232796,4
2024-11-25 09:12,Wallows,Are You Bored Yet? (feat. Clairo),178000,wallows - are you bored yet? (feat. clairo),399066,Wallows,Are You Bored Yet? (feat. Clairo),57RA3JGafJm5zRtKJiKPIm,77,2019,indie-pop,0.682,0.683,8,-6.444,0,0.0287,0.156,2.32e-05,0.273,0.64,120.023,178000,4
2024-11-25 09:19,Chappell Roan,Pink Pony Club,258034,chappell roan - pink pony club,562220,Chappell Roan,Pink Pony Club,6rcuy6XqlB9bqvtIRDl25u,49,2022,indie-pop,0.613,0.646,6,-6.393,1,0.0451,0.406,0.0,0.112,0.47,106.958,258035,4
2024-11-25 21:34,George Ezra,Blame It on Me,563,george ezra - blame it on me,127960,George Ezra,Blame It on Me,2vzMWO0T008m86yDnXwkII,67,2014,folk,0.537,0.757,3,-3.374,1,0.0274,0.473,0.0,0.341,0.421,103.882,196400,4
2024-11-25 21:34,Chappell Roan,Casual,715,chappell roan - casual,562026,Chappell Roan,Casual,1UTGAopFU1g7qoxTE8sE3D,57,2022,indie-pop,0.508,0.411,1,-6.95,1,0.0269,0.226,0.0,0.0571,0.34,131.008,232796,4
2024-11-25 21:34,Wallows,Are You Bored Yet? (feat. Clairo),591,wallows - are you bored yet? (feat. clairo),399066,Wallows,Are You Bored Yet? (feat. Clairo),57RA3JGafJm5zRtKJiKPIm,77,2019,indie-pop,0.682,0.683,8,-6.444,0,0.0287,0.156,2.32e-05,0.273,0.64,120.023,178000,4
2024-11-25 21:34,Chappell Roan,Femininomenon,690,chappell roan - femininomenon,562187,Chappell Roan,Femininomenon,1YlOZY3puELE0PgxD1enZo,50,2022,indie-pop,0.645,0.789,3,-5.324,1,0.0545,0.339,6.32e-05,0.0821,0.31,124.951,219711,4
2024-11-25 21:34,Chappell Roan,Pink Pony Club,1871,chappell roan - pink pony club,562220,Chappell Roan,Pink Pony Club,6rcuy6XqlB9bqvtIRDl25u,49,2022,indie-pop,0.613,0.646,6,-6.393,1,0.0451,0.406,0.0,0.112,0.47,106.958,258035,4
2024-11-25 21:34,Bastille,Flaws,499,bastille - flaws,93679,Bastille,Flaws,67wABU4SjBlnDHB0KiU3HL,47,2013,pop,0.57,0.657,8,-6.987,1,0.0356,0.405,1.86e-06,0.0723,0.41,144.247,218800,4
2024-11-25 21:34,Arctic Monkeys,I Wanna Be Yours,487,arctic monkeys - i wanna be yours,77591,Arctic Monkeys,I Wanna Be Yours,5XeFesFbtLpXzIVDNQP22n,91,2013,garage,0.464,0.417,0,-9.345,0,0.0256,0.136,0.022,0.0974,0.479,67.528,183956,4
2024-11-25 21:46,Arctic Monkeys,I Wanna Be Yours,52301,arctic monkeys - i wanna be yours,77591,Arctic Monkeys,I Wanna Be Yours,5XeFesFbtLpXzIVDNQP22n,91,2013,garage,0.464,0.417,0,-9.345,0,0.0256,0.136,0.022,0.0974,0.479,67.528,183956,4
2024-11-25 21:47,George Ezra,Blame It on Me,6445,george ezra - blame it on me,127960,George Ezra,Blame It on Me,2vzMWO0T008m86yDnXwkII,67,2014,folk,0.537,0.757,3,-3.374,1,0.0274,0.473,0.0,0.341,0.421,103.882,196400,4
2024-11-25 21:54,Bastille,Flaws,218800,bastille - flaws,93679,Bastille,Flaws,67wABU4SjBlnDHB0KiU3HL,47,2013,pop,0.57,0.657,8,-6.987,1,0.0356,0.405,1.86e-06,0.0723,0.41,144.247,218800,4
2024-11-25 21:58,Chappell Roan,Casual,7809,chappell roan - casual,562026,Chappell Roan,Casual,1UTGAopFU1g7qoxTE8sE3D,57,2022,indie-pop,0.508,0.411,1,-6.95,1,0.0269,0.226,0.0,0.0571,0.34,131.008,232796,4
2024-11-25 21:58,Wallows,Are You Bored Yet? (feat. Clairo),2555,wallows - are you bored yet? (feat. clairo),399066,Wallows,Are You Bored Yet? (feat. Clairo),57RA3JGafJm5zRtKJiKPIm,77,2019,indie-pop,0.682,0.683,8,-6.444,0,0.0287,0.156,2.32e-05,0.273,0.64,120.023,178000,4
2024-11-25 21:58,Chappell Roan,Femininomenon,148290,chappell roan - femininomenon,562187,Chappell Roan,Femininomenon,1YlOZY3puELE0PgxD1enZo,50,2022,indie-pop,0.645,0.789,3,-5.324,1,0.0545,0.339,6.32e-05,0.0821,0.31,124.951,219711,4
2024-11-25 22:06,Chappell Roan,Pink Pony Club,258034,chappell roan - pink pony club,562220,Chappell Roan,Pink Pony Club,6rcuy6XqlB9bqvtIRDl25u,49,2022,indie-pop,0.613,0.646,6,-6.393,1,0.0451,0.406,0.0,0.112,0.47,106.958,258035,4
2024-11-25 22:48,Chappell Roan,My Kink Is Karma,130393,chappell roan - my kink is karma,562106,Chappell Roan,My Kink is Karma,5nutMjOPSSB9I9CUGOg8lm,53,2022,indie-pop,0.582,0.526,2,-6.201,1,0.0624,0.0621,0.0,0.0847,0.273,86.256,222578,4
2024-11-26 22:43,fun.,Carry On,278373,fun. - carry on,40379,fun.,Carry On,7gpy7sfWPNuOKmUNs3XQYE,58,2012,pop,0.388,0.694,5,-5.769,1,0.0735,0.118,0.000293,0.082,0.365,145.434,278373,5
2024-11-26 22:59,Conan Gray,Family Line,216094,conan gray - family line,569244,Conan Gray,Family Line,0iNZGC211wst3VjtobNnC5,76,2022,pop,0.326,0.397,6,-8.145,1,0.0461,0.619,0.0,0.0979,0.276,153.713,216095,3
2024-11-28 01:04,Conan Gray,Family Line,216094,conan gray - family line,569244,Conan Gray,Family Line,0iNZGC211wst3VjtobNnC5,76,2022,pop,0.326,0.397,6,-8.145,1,0.0461,0.619,0.0,0.0979,0.276,153.713,216095,3
2024-11-28 01:06,Arctic Monkeys,505,100380,arctic monkeys - 505,1145378,Arctic Monkeys,505,58ge6dfP91o9oXMzq3XkIS,80,2007,garage,0.52,0.852,0,-5.866,1,0.0543,0.00237,5.79e-05,0.0733,0.234,140.267,253587,4
2024-11-28 01:09,Arctic Monkeys,505,153208,arctic monkeys - 505,1145378,Arctic Monkeys,505,58ge6dfP91o9oXMzq3XkIS,80,2007,garage,0.52,0.852,0,-5.866,1,0.0543,0.00237,5.79e-05,0.0733,0.234,140.267,253587,4
2024-11-28 01:15,Lana Del Rey,Young And Beautiful,236053,lana del rey - young and beautiful,93567,Lana Del Rey,Young And Beautiful,2nMeu6UenVvwUktBCpLMK9,81,2013,pop,0.324,0.416,11,-8.92,0,0.0368,0.262,3.69e-05,0.11,0.151,113.986,236053,4
2024-11-28 01:26,Ashnikko,Daisy,146523,ashnikko - daisy,433258,Ashnikko,Daisy,0AUvWawuP0ibk4SQ3sIZjk,67,2020,dance,0.834,0.663,8,-6.143,1,0.133,0.235,0.0,0.372,0.774,121.876,146523,4
2024-11-28 01:30,Fitz and The Tantrums,Out of My League,209386,fitz and the tantrums - out of my league,56397,Fitz and The Tantrums,Out of My League,2AYEOC02WLhUiOoaig2SEH,71,2013,alt-rock,0.545,0.968,9,-3.553,0,0.0853,0.0387,0.00325,0.331,0.527,169.965,209386,4
2024-11-28 02:14,New West,Those Eyes,78280,new west - those eyes,399063,New West,Those Eyes,50x1Ic8CaXkYNvjmxe3WXy,87,2019,indie-pop,0.593,0.352,4,-8.296,1,0.0284,0.695,2.22e-05,0.3,0.226,119.988,220750,3
2024-11-28 07:20,New West,Those Eyes,143592,new west - those eyes,399063,New West,Those Eyes,50x1Ic8CaXkYNvjmxe3WXy,87,2019,indie-pop,0.593,0.352,4,-8.296,1,0.0284,0.695,2.22e-05,0.3,0.226,119.988,220750,3
2024-11-28 07:28,Anuv Jain,Riha,473499,anuv jain - riha,398195,Anuv Jain,Riha,6Ln89sczgIcAJXGAIdS94R,58,2019,indian,0.389,0.148,3,-11.011,1,0.03,0.897,0.0,0.114,0.4,142.611,287324,4
2024-11-28 07:36,Olivia Rodrigo,deja vu,215506,olivia rodrigo - deja vu,515572,Olivia Rodrigo,deja vu,6HU7h9RYOaPRFeh0R3UeAr,83,2021,pop,0.442,0.612,2,-7.222,1,0.112,0.584,5.7e-06,0.37,0.178,180.917,215507,4
2024-11-28 08:03,Grimes,Kill V. Maim,246013,grimes - kill v. maim,175427,Grimes,Kill V. Maim,3WXhshrs1fzwF3rQE399Gq,62,2015,electro,0.578,0.947,11,-2.431,0,0.0359,0.00744,0.0816,0.105,0.456,134.033,246007,4
2024-11-28 08:06,Caroline Polachek,Sunset,162909,caroline polachek - sunset,547848,Caroline Polachek,Sunset,2eQ9B2SsQFU2qCnHSas3eQ,55,2022,electro,0.462,0.745,11,-5.356,0,0.0652,0.589,0.00015,0.288,0.648,122.051,163116,4
2024-11-28 16:55,Billie Eilish,watch,177523,billie eilish - watch,271631,Billie Eilish,watch,7eB1V5LvAdxCc7brfGhRRo,77,2017,electro,0.441,0.599,0,-8.985,1,0.225,0.333,0.00198,0.103,0.35,165.212,177523,4
2024-11-29 01:35,All Time Low,Monsters (feat. blackbear),174067,all time low - monsters (feat. blackbear),462037,All Time Low,Monsters (feat. blackbear),0tyR7Bu9P086aWBFZ4QJoo,69,2020,pop,0.369,0.845,0,-3.449,0,0.0611,0.0493,0.0,0.416,0.782,78.532,174068,4
2024-11-29 01:49,Bryce Fox,Golden Boy,3922,bryce fox - golden boy,479236,Bryce Fox,Golden Boy,6PQkriCkh2BjZGeK7qTC0q,33,2021,alt-rock,0.694,0.78,9,-6.844,1,0.0728,0.00184,0.0,0.222,0.621,130.058,168555,4
2024-11-29 21:05,Kali Uchis,Melting,208853,kali uchis - melting,197515,Kali Uchis,Melting,2kSb3wYSOV996xA2NSmpck,81,2015,pop,0.574,0.479,8,-7.776,1,0.0355,0.179,0.0803,0.106,0.303,115.263,208854,4
2024-11-29 21:08,Lizzy McAlpine,ceilings,182887,lizzy mcalpine - ceilings,549416,Lizzy McAlpine,ceilings,2L9N0zZnd37dwF0clgxMGI,89,2022,folk,0.516,0.322,9,-11.762,1,0.0292,0.473,0.00194,0.215,0.261,148.005,182888,3
2024-11-29 21:12,BLACKPINK,Kill This Love,191050,blackpink - kill this love,401157,BLACKPINK,Kill This Love,6hvczQ05jc1yGlp9zhb95V,73,2019,k-pop,0.763,0.835,2,-5.234,0,0.191,0.323,0.00221,0.225,0.645,131.875,191050,4
2024-11-29 21:21,RAYE,Escapism.,272373,raye - escapism.,541578,RAYE,Escapism.,5Z2MiIZ5I3jJvvmeWMLbOQ,90,2022,dance,0.538,0.742,2,-5.355,1,0.114,0.138,4.67e-05,0.0934,0.25,96.107,272373,4
2024-11-29 21:23,SZA,Kill Bill,153946,sza - kill bill,569184,SZA,Kill Bill,1Qrg8KqiBpW07V7PNxwwwL,94,2022,pop,0.644,0.735,8,-5.747,1,0.0391,0.0521,0.144,0.161,0.418,88.98,153947,4
2024-11-29 21:26,Anne-Marie,PSYCHO,162666,anne-marie - psycho,541643,Anne-Marie,PSYCHO,1eprzC29mwUQqcVj0eILdx,75,2022,dance,0.62,0.681,9,-4.915,1,0.356,0.0138,0.0,0.0248,0.741,160.743,162493,4
2024-11-29 22:21,Stephen Sanchez,Until I Found You (with Em Beihold) - Em Beihold Version,152453,stephen sanchez - until i found you (with em beihold) - em beihold version,569194,Stephen Sanchez,Until I Found You (with Em Beihold) - Em Beihold Version,1Y3LN4zO1Edc2EluIoSPJN,91,2022,pop,0.551,0.55,10,-5.339,1,0.0286,0.777,0.0,0.202,0.342,101.19,176440,3
2024-11-30 08:00,Stephen Sanchez,Until I Found You (with Em Beihold) - Em Beihold Version,19274,stephen sanchez - until i found you (with em beihold) - em beihold version,569194,Stephen Sanchez,Until I Found You (with Em Beihold) - Em Beihold Version,1Y3LN4zO1Edc2EluIoSPJN,91,2022,pop,0.551,0.55,10,-5.339,1,0.0286,0.777,0.0,0.202,0.342,101.19,176440,3
2024-11-30 08:04,COIN,Crash My Car,188306,coin - crash my car,454761,COIN,Crash My Car,5SN3mwuodiwY3jPejBuUD5,65,2020,indie-pop,0.244,0.646,5,-5.863,1,0.0456,0.00178,0.00483,0.301,0.529,183.571,188307,5
2024-11-30 08:13,BoyWithUke,Sick of U (with Oliver Tree),168676,boywithuke - sick of u (with oliver tree),574201,BoyWithUke,Sick of U (with Oliver Tree),5IXdkgrT4lb9sKIb8tbOQ3,73,2022,sad,0.676,0.814,0,-3.213,1,0.0585,0.277,0.0,0.0953,0.601,92.554,168676,4
2024-11-30 08:35,Sachin-Jigar,Saibo,124937,sachin-jigar - saibo,516629,Sachin-Jigar,Saibo,4qCcvSPIEDs1mCPAsaHFyC,12,2021,pop-film,0.619,0.429,2,-7.867,1,0.028,0.738,1.35e-05,0.136,0.545,90.058,195253,4
2024-11-30 17:01,Sachin-Jigar,Saibo,70339,sachin-jigar - saibo,516629,Sachin-Jigar,Saibo,4qCcvSPIEDs1mCPAsaHFyC,12,2021,pop-film,0.619,0.429,2,-7.867,1,0.028,0.738,1.35e-05,0.136,0.545,90.058,195253,4
2024-11-30 17:04,WILLOW,Wait a Minute!,2549,willow - wait a minute!,197518,WILLOW,Wait a Minute!,0y60itmpH0aPKsFiGxmtnh,79,2015,pop,0.764,0.705,3,-5.279,0,0.0278,0.0371,1.94e-05,0.0943,0.672,101.003,196520,4
2024-11-30 17:04,Taylor Swift,Lavender Haze,202395,taylor swift - lavender haze,569193,Taylor Swift,Lavender Haze,5jQI2r1RdgtuT8S3iG8zFC,86,2022,pop,0.733,0.436,10,-10.489,1,0.08,0.258,0.000573,0.157,0.0976,96.985,202396,4
2024-11-30 17:18,Arctic Monkeys,I Wanna Be Yours,183956,arctic monkeys - i wanna be yours,77591,Arctic Monkeys,I Wanna Be Yours,5XeFesFbtLpXzIVDNQP22n,91,2013,garage,0.464,0.417,0,-9.345,0,0.0256,0.136,0.022,0.0974,0.479,67.528,183956,4
2024-11-30 17:21,George Ezra,Blame It on Me,196400,george ezra - blame it on me,127960,George Ezra,Blame It on Me,2vzMWO0T008m86yDnXwkII,67,2014,folk,0.537,0.757,3,-3.374,1,0.0274,0.473,0.0,0.341,0.421,103.882,196400,4
2024-11-30 19:27,Bastille,Flaws,93903,bastille - flaws,93679,Bastille,Flaws,67wABU4SjBlnDHB0KiU3HL,47,2013,pop,0.57,0.657,8,-6.987,1,0.0356,0.405,1.86e-06,0.0723,0.41,144.247,218800,4
2024-11-30 21:39,Bastille,Flaws,655,bastille - flaws,93679,Bastille,Flaws,67wABU4SjBlnDHB0KiU3HL,47,2013,pop,0.57,0.657,8,-6.987,1,0.0356,0.405,1.86e-06,0.0723,0.41,144.247,218800,4
2024-11-30 21:50,Chappell Roan,Femininomenon,219710,chappell roan - femininomenon,562187,Chappell Roan,Femininomenon,1YlOZY3puELE0PgxD1enZo,50,2022,indie-pop,0.645,0.789,3,-5.324,1,0.0545,0.339,6.32e-05,0.0821,0.31,124.951,219711,4
2024-11-30 22:00,Chappell Roan,Casual,232796,chappell roan - casual,562026,Chappell Roan,Casual,1UTGAopFU1g7qoxTE8sE3D,57,2022,indie-pop,0.508,0.411,1,-6.95,1,0.0269,0.226,0.0,0.0571,0.34,131.008,232796,4
2024-11-30 22:07,Wallows,Are You Bored Yet? (feat. Clairo),178000,wallows - are you bored yet? (feat. clairo),399066,Wallows,Are You Bored Yet? (feat. Clairo),57RA3JGafJm5zRtKJiKPIm,77,2019,indie-pop,0.682,0.683,8,-6.444,0,0.0287,0.156,2.32e-05,0.273,0.64,120.023,178000,4
2024-11-30 22:14,Chappell Roan,Pink Pony Club,258034,chappell roan - pink pony club,562220,Chappell Roan,Pink Pony Club,6rcuy6XqlB9bqvtIRDl25u,49,2022,indie-pop,0.613,0.646,6,-6.393,1,0.0451,0.406,0.0,0.112,0.47,106.958,258035,4
2024-11-30 22:28,Chappell Roan,My Kink Is Karma,222578,chappell roan - my kink is karma,562106,Chappell Roan,My Kink is Karma,5nutMjOPSSB9I9CUGOg8lm,53,2022,indie-pop,0.582,0.526,2,-6.201,1,0.0624,0.0621,0.0,0.0847,0.273,86.256,222578,4
2024-11-30 22:49,fun.,Carry On,278373,fun. - carry on,40379,fun.,Carry On,7gpy7sfWPNuOKmUNs3XQYE,58,2012,pop,0.388,0.694,5,-5.769,1,0.0735,0.118,0.000293,0.082,0.365,145.434,278373,5
2024-11-30 23:09,Conan Gray,Family Line,216094,conan gray - family line,569244,Conan Gray,Family Line,0iNZGC211wst3VjtobNnC5,76,2022,pop,0.326,0.397,6,-8.145,1,0.0461,0.619,0.0,0.0979,0.276,153.713,216095,3
2024-11-30 23:13,Arctic Monkeys,505,253586,arctic monkeys - 505,1145378,Arctic Monkeys,505,58ge6dfP91o9oXMzq3XkIS,80,2007,garage,0.52,0.852,0,-5.866,1,0.0543,0.00237,5.79e-05,0.0733,0.234,140.267,253587,4
2024-11-30 23:20,Lana Del Rey,Young And Beautiful,236053,lana del rey - young and beautiful,93567,Lana Del Rey,Young And Beautiful,2nMeu6UenVvwUktBCpLMK9,81,2013,pop,0.324,0.416,11,-8.92,0,0.0368,0.262,3.69e-05,0.11,0.151,113.986,236053,4
2024-11-30 23:32,Ashnikko,Daisy,146523,ashnikko - daisy,433258,Ashnikko,Daisy,0AUvWawuP0ibk4SQ3sIZjk,67,2020,dance,0.834,0.663,8,-6.143,1,0.133,0.235,0.0,0.372,0.774,121.876,146523,4
2024-12-01 01:10,Fitz and The Tantrums,Out of My League,137229,fitz and the tantrums - out of my league,56397,Fitz and The Tantrums,Out of My League,2AYEOC02WLhUiOoaig2SEH,71,2013,alt-rock,0.545,0.968,9,-3.553,0,0.0853,0.0387,0.00325,0.331,0.527,169.965,209386,4
2024-12-01 20:07,Fitz and The Tantrums,Out of My League,7233,fitz and the tantrums - out of my league,56397,Fitz and The Tantrums,Out of My League,2AYEOC02WLhUiOoaig2SEH,71,2013,alt-rock,0.545,0.968,9,-3.553,0,0.0853,0.0387,0.00325,0.331,0.527,169.965,209386,4
2024-12-01 20:20,New West,Those Eyes,220750,new west - those eyes,399063,New West,Those Eyes,50x1Ic8CaXkYNvjmxe3WXy,87,2019,indie-pop,0.593,0.352,4,-8.296,1,0.0284,0.695,2.22e-05,0.3,0.226,119.988,220750,3
2024-12-01 21:10,Anuv Jain,Riha,175719,anuv jain - riha,398195,Anuv Jain,Riha,6Ln89sczgIcAJXGAIdS94R,58,2019,indian,0.389,0.148,3,-11.011,1,0.03,0.897,0.0,0.114,0.4,142.611,287324,4
2024-12-02 00:46,Anuv Jain,Riha,112617,anuv jain - riha,398195,Anuv Jain,Riha,6Ln89sczgIcAJXGAIdS94R,58,2019,indian,0.389,0.148,3,-11.011,1,0.03,0.897,0.0,0.114,0.4,142.611,287324,4
2024-12-02 18:16,Olivia Rodrigo,deja vu,215506,olivia rodrigo - deja vu,515572,Olivia Rodrigo,deja vu,6HU7h9RYOaPRFeh0R3UeAr,83,2021,pop,0.442,0.612,2,-7.222,1,0.112,0.584,5.7e-06,0.37,0.178,180.917,215507,4
2024-12-02 18:34,Grimes,Kill V. Maim,246013,grimes - kill v. maim,175427,Grimes,Kill V. Maim,3WXhshrs1fzwF3rQE399Gq,62,2015,electro,0.578,0.947,11,-2.431,0,0.0359,0.00744,0.0816,0.105,0.456,134.033,246007,4
2024-12-02 18:37,Caroline Polachek,Sunset,162909,caroline polachek - sunset,547848,Caroline Polachek,Sunset,2eQ9B2SsQFU2qCnHSas3eQ,55,2022,electro,0.462,0.745,11,-5.356,0,0.0652,0.589,0.00015,0.288,0.648,122.051,163116,4
2024-12-02 19:46,Billie Eilish,watch,156575,billie eilish - watch,271631,Billie Eilish,watch,7eB1V5LvAdxCc7brfGhRRo,77,2017,electro,0.441,0.599,0,-8.985,1,0.225,0.333,0.00198,0.103,0.35,165.212,177523,4
2024-12-02 22:31,Billie Eilish,watch,1278,billie eilish - watch,271631,Billie Eilish,watch,7eB1V5LvAdxCc7brfGhRRo,77,2017,electro,0.441,0.599,0,-8.985,1,0.225,0.333,0.00198,0.103,0.35,165.212,177523,4
2024-12-02 22:36,All Time Low,Monsters (feat. blackbear),3751,all time low - monsters (feat. blackbear),462037,All Time Low,Monsters (feat. blackbear),0tyR7Bu9P086aWBFZ4QJoo,69,2020,pop,0.369,0.845,0,-3.449,0,0.0611,0.0493,0.0,0.416,0.782,78.532,174068,4
2024-12-02 22:38,Bryce Fox,Golden Boy,78615,bryce fox - golden boy,479236,Bryce Fox,Golden Boy,6PQkriCkh2BjZGeK7qTC0q,33,2021,alt-rock,0.694,0.78,9,-6.844,1,0.0728,0.00184,0.0,0.222,0.621,130.058,168555,4
2024-12-02 22:45,Kali Uchis,Melting,208853,kali uchis - melting,197515,Kali Uchis,Melting,2kSb3wYSOV996xA2NSmpck,81,2015,pop,0.574,0.479,8,-7.776,1,0.0355,0.179,0.0803,0.106,0.303,115.263,208854,4
2024-12-02 22:48,Lizzy McAlpine,ceilings,182887,lizzy mcalpine - ceilings,549416,Lizzy McAlpine,ceilings,2L9N0zZnd37dwF0clgxMGI,89,2022,folk,0.516,0.322,9,-11.762,1,0.0292,0.473,0.00194,0.215,0.261,148.005,182888,3
2024-12-02 22:52,BLACKPINK,Kill This Love,191050,blackpink - kill this love,401157,BLACKPINK,Kill This Love,6hvczQ05jc1yGlp9zhb95V,73,2019,k-pop,0.763,0.835,2,-5.234,0,0.191,0.323,0.00221,0.225,0.645,131.875,191050,4
2024-12-02 23:00,RAYE,Escapism.,272373,raye - escapism.,541578,RAYE,Escapism.,5Z2MiIZ5I3jJvvmeWMLbOQ,90,2022,dance,0.538,0.742,2,-5.355,1,0.114,0.138,4.67e-05,0.0934,0.25,96.107,272373,4
2024-12-03 00:43,SZA,Kill Bill,129058,sza - kill bill,569184,SZA,Kill Bill,1Qrg8KqiBpW07V7PNxwwwL,94,2022,pop,0.644,0.735,8,-5.747,1,0.0391,0.0521,0.144,0.161,0.418,88.98,153947,4
2024-12-03 03:52,SZA,Kill Bill,25916,sza - kill bill,569184,SZA,Kill Bill,1Qrg8KqiBpW07V7PNxwwwL,94,2022,pop,0.644,0.735,8,-5.747,1,0.0391,0.0521,0.144,0.161,0.418,88.98,153947,4
2024-12-03 03:54,Anne-Marie,PSYCHO,162666,anne-marie - psycho,541643,Anne-Marie,PSYCHO,1eprzC29mwUQqcVj0eILdx,75,2022,dance,0.62,0.681,9,-4.915,1,0.356,0.0138,0.0,0.0248,0.741,160.743,162493,4
2024-12-03 03:57,Stephen Sanchez,Until I Found You (with Em Beihold) - Em Beihold Version,176440,stephen sanchez - until i found you (with em beihold) - em beihold version,569194,Stephen Sanchez,Until I Found You (with Em Beihold) - Em Beihold Version,1Y3LN4zO1Edc2EluIoSPJN,91,2022,pop,0.551,0.55,10,-5.339,1,0.0286,0.777,0.0,0.202,0.342,101.19,176440,3
2024-12-03 04:03,BoyWithUke,Sick of U (with Oliver Tree),168676,boywithuke - sick of u (with oliver tree),574201,BoyWithUke,Sick of U (with Oliver Tree),5IXdkgrT4lb9sKIb8tbOQ3,73,2022,sad,0.676,0.814,0,-3.213,1,0.0585,0.277,0.0,0.0953,0.601,92.554,168676,4
2024-12-03 04:06,Sachin-Jigar,Saibo,195253,sachin-jigar - saibo,516629,Sachin-Jigar,Saibo,4qCcvSPIEDs1mCPAsaHFyC,12,2021,pop-film,0.619,0.429,2,-7.867,1,0.028,0.738,1.35e-05,0.136,0.545,90.058,195253,4
2024-12-03 04:09,Taylor Swift,Lavender Haze,202395,taylor swift - lavender haze,569193,Taylor Swift,Lavender Haze,5jQI2r1RdgtuT8S3iG8zFC,86,2022,pop,0.733,0.436,10,-10.489,1,0.08,0.258,0.000573,0.157,0.0976,96.985,202396,4
2024-12-03 04:13,WILLOW,Wait a Minute!,196520,willow - wait a minute!,197518,WILLOW,Wait a Minute!,0y60itmpH0aPKsFiGxmtnh,79,2015,pop,0.764,0.705,3,-5.279,0,0.0278,0.0371,1.94e-05,0.0943,0.672,101.003,196520,4
2024-12-03 04:15,Daisy the Great,Record Player (with AJR),149538,daisy the great - record player (with ajr),508549,Daisy the Great,Record Player (with AJR),4jYt1pQqg2mIZmY4FWCZEM,62,2021,indie-pop,0.665,0.684,11,-7.049,0,0.106,0.247,0.0,0.0636,0.927,73.986,149538,4
2024-12-03 05:27,Sia,Unstoppable,178676,sia - unstoppable,224449,Sia,Unstoppable,1yvMUkIOTeUNtNWlWRgANS,81,2016,dance,0.468,0.779,9,-4.839,1,0.0779,0.112,0.000373,0.101,0.26,173.799,217747,4
2024-12-03 16:40,Sia,Unstoppable,990,sia - unstoppable,224449,Sia,Unstoppable,1yvMUkIOTeUNtNWlWRgANS,81,2016,dance,0.468,0.779,9,-4.839,1,0.0779,0.112,0.000373,0.101,0.26,173.799,217747,4
2024-12-03 16:43,ILLENIUM,Story Of My Life (feat. Trippie Redd),191124,illenium - story of my life (feat. trippie redd),487951,ILLENIUM,Story Of My Life (feat. Trippie Redd),1g7j5AxiNKTGjryhFIlAsA,63,2021,dance,0.521,0.892,3,-4.029,1,0.0433,0.0539,0.0,0.117,0.369,96.991,191124,4
2024-12-03 16:44,Half an Orange,Blink 182,47857,half an orange - blink 182,383901,Half an Orange,Blink 182,0GUCG3rXFQXFBwl3hExO2p,47,2019,edm,0.59,0.469,10,-7.387,0,0.0525,0.206,0.0,0.109,0.37,149.86,184000,4
2024-12-03 16:47,The Kid LAROI,WITHOUT YOU,161384,the kid laroi - without you,506701,The Kid LAROI,WITHOUT YOU,1KMkcUvF7m3SDChDOa7i5L,77,2021,hip-hop,0.662,0.413,0,-7.357,1,0.0299,0.213,0.0,0.134,0.467,93.005,161385,4
2024-12-03 16:50,Lana Del Rey,Summertime Sadness (Lana Del Rey Vs. Cedric Gervais) - Cedric Gervais Remix,214912,lana del rey - summertime sadness (lana del rey vs. cedric gervais) - cedric gervais remix,93586,Lana Del Rey,Summertime Sadness (Lana Del Rey Vs. Cedric Gervais) - Cedric Gervais Remix,6PUIzlqotEmPuBfjbwYWOB,71,2013,pop,0.572,0.81,1,-5.791,0,0.0558,0.0157,6.53e-06,0.13,0.11,126.052,214912,4
2024-12-03 16:54,Halsey,Colors,249499,halsey - colors,175423,Halsey,Colors,1TnUURhehaoMWKAqQtirm6,65,2015,electro,0.512,0.812,1,-4.809,1,0.0617,0.0534,0.0,0.092,0.521,100.02,249500,4
2024-12-03 16:57,Conan Gray,People Watching,158536,conan gray - people watching,515647,Conan Gray,People Watching,4JeOesjcWWlprTAvucDSJX,67,2021,pop,0.53,0.593,5,-7.286,1,0.0545,0.385,0.0,0.314,0.538,125.723,158537,4
2024-12-03 17:00,Olivia Rodrigo,happier,175933,olivia rodrigo - happier,515580,Olivia Rodrigo,happier,2tGvwE8GcFKwNdAXMnlbfl,82,2021,pop,0.395,0.443,6,-9.72,1,0.133,0.765,9.67e-06,0.0839,0.338,168.924,175933,3
2024-12-03 18:15,Conan Gray,Memories,11825,conan gray - memories,569229,Conan Gray,Memories,5UXJzLFdBn6u9FJTCnoHrH,81,2022,pop,0.34,0.684,11,-6.306,1,0.044,0.00979,0.0,0.348,0.556,112.969,248819,4
2024-12-04 02:17,Panic! At The Disco,House of Memories,208706,panic! at the disco - house of memories,614809,Panic! At The Disco,House of Memories,45o7a1TpJadHENVHLnR78t,0,2023,rock,0.506,0.817,11,-5.052,0,0.0336,0.00283,0.0,0.0486,0.49,109.955,208707,4
2024-12-04 02:21,Eminem,Lucky You (feat. Joyner Lucas),244679,eminem - lucky you (feat. joyner lucas),340927,Eminem,Lucky You (feat. Joyner Lucas),60SdxE8apGAxMiRrpbmLY0,73,2018,hip-hop,0.876,0.786,10,-4.884,0,0.306,0.0627,0.0,0.127,0.575,153.068,244679,4
2024-12-04 02:23,Dove Cameron,Boyfriend,153000,dove cameron - boyfriend,569224,Dove Cameron,Boyfriend,59CfNbkERJ3NoTXDvoURjj,81,2022,pop,0.345,0.612,7,-6.543,0,0.0608,0.232,0.0,0.194,0.232,179.773,153000,3
2024-12-04 02:27,Suki Waterhouse,Good Looking,214800,suki waterhouse - good looking,561974,Suki Waterhouse,Good Looking,0j3mqDTK4Z6lvrLzFCUUz6,78,2022,indie-pop,0.364,0.554,4,-9.076,1,0.0301,0.077,0.000297,0.125,0.257,150.079,214800,3
2024-12-04 02:30,lovelytheband,broken,204878,lovelytheband - broken,311050,lovelytheband,broken,6XcfKZvJio9Z0fQy11GnNX,67,2018,alt-rock,0.666,0.728,7,-5.808,1,0.0419,0.00175,4.26e-06,0.0429,0.51,122.996,204878,4
2024-12-04 02:34,Billie Eilish,Six Feet Under,189613,billie eilish - six feet under,231076,Billie Eilish,Six Feet Under,2VlLbhGLVJgdOW7kKdWWFc,72,2016,electro,0.576,0.307,11,-12.732,0,0.0428,0.807,0.000355,0.0792,0.157,67.513,189613,4
2024-12-04 02:37,Anuv Jain,Alag Aasmaan,212750,anuv jain - alag aasmaan,453815,Anuv Jain,Alag Aasmaan,74kCarkFBzXYXNkkYJIsG0,68,2020,indian,0.699,0.299,6,-12.599,1,0.0403,0.869,0.0,0.0724,0.459,118.969,212773,4
2024-12-04 02:48,BTS,Life Goes On,61187,bts - life goes on,456852,BTS,Life Goes On,5FVbvttjEvQ8r2BgUcJgNg,76,2020,k-pop,0.566,0.716,1,-5.733,1,0.0424,0.00691,0.0,0.37,0.45,81.068,207481,4
2024-12-04 19:29,BTS,We are Bulletproof : the Eternal,261542,bts - we are bulletproof : the eternal,456885,BTS,We are Bulletproof : the Eternal,133ocfbXXG4HTk76qgSeUb,68,2020,k-pop,0.522,0.574,9,-5.225,0,0.0317,0.224,0.0,0.108,0.176,84.044,261543,4
2024-12-04 19:33,BTS,Dope,240020,bts - dope,192414,BTS,Dope,7jPCPDYoiaKeK7cgNGpIzq,66,2015,k-pop,0.595,0.89,10,-3.109,0,0.245,0.0486,0.0,0.32,0.62,154.071,240021,4
2024-12-04 19:36,BTS,Burning Up (Fire),203351,bts - burning up (fire),247536,BTS,Burning Up (Fire),0aE3V0zgSD2YwkEHW42gxG,70,2016,k-pop,0.626,0.706,10,-3.201,0,0.0596,0.00225,0.0,0.122,0.534,99.939,203352,4
2024-12-04 19:36,BTS,Burning Up (Fire),203351,bts - burning up (fire),564348,BTS,Burning Up (FIRE),5cQPIQAF2T1elxWs7EqB9W,60,2022,k-pop,0.63,0.668,3,-4.266,0,0.0714,0.00287,0.0,0.125,0.529,99.949,203958,4
2024-12-04 19:48,BTS,ON,94713,bts - on,456863,BTS,ON,0fZRNhPJ4AGmwY7rkpdbqK,71,2020,k-pop,0.583,0.817,9,-5.146,0,0.099,0.118,0.0,0.338,0.437,105.935,246381,4
2024-12-05 19:16,Vance Joy,Riptide,816,vance joy - riptide,74623,Vance Joy,Riptide,423RKXolCbgBbkF8WanOwA,44,2013,folk,0.484,0.731,1,-6.694,1,0.0379,0.431,0.0,0.151,0.51,101.654,204280,4
2024-12-05 19:19,Imagine Dragons,Demons,175200,imagine dragons - demons,43789,Imagine Dragons,Demons,3LlAyCYU26dvFZBDUIMb7a,73,2012,rock,0.505,0.71,3,-3.015,1,0.0321,0.19,0.00025,0.329,0.428,89.938,175200,4
2024-12-05 19:30,Kygo,Stargazing,94362,kygo - stargazing,264881,Kygo,Stargazing,0Zbbxnx4SGGHoIow4PpISP,65,2017,dance,0.677,0.497,5,-5.763,1,0.0809,0.152,0.0,0.0911,0.419,99.137,236853,4
2024-12-05 19:59,Kygo,Stargazing,70624,kygo - stargazing,264881,Kygo,Stargazing,0Zbbxnx4SGGHoIow4PpISP,65,2017,dance,0.677,0.497,5,-5.763,1,0.0809,0.152,0.0,0.0911,0.419,99.137,236853,4
2024-12-06 00:31,Kygo,Stargazing,2,kygo - stargazing,264881,Kygo,Stargazing,0Zbbxnx4SGGHoIow4PpISP,65,2017,dance,0.677,0.497,5,-5.763,1,0.0809,0.152,0.0,0.0911,0.419,99.137,236853,4
2024-12-06 00:43,Naughty Boy,No One’s Here To Sleep,272547,naughty boy - no one’s here to sleep,120104,Naughty Boy,No One’s Here To Sleep,2oyiRrtSRCSdSSLWPS3E8j,36,2014,dance,0.636,0.497,0,-6.876,0,0.0313,0.0312,0.00148,0.108,0.148,122.026,272547,4
2024-12-06 00:46,Anuv Jain,Alag Aasmaan,212750,anuv jain - alag aasmaan,453815,Anuv Jain,Alag Aasmaan,74kCarkFBzXYXNkkYJIsG0,68,2020,indian,0.699,0.299,6,-12.599,1,0.0403,0.869,0.0,0.0724,0.459,118.969,212773,4
2024-12-06 00:50,Seafret,Atlantis,229173,seafret - atlantis,232723,Seafret,Atlantis,1Fid2jjqsHViMX6xNH70hE,85,2016,folk,0.4,0.479,8,-7.989,0,0.0308,0.0529,2.14e-06,0.115,0.213,166.159,229173,4
2024-12-06 00:52,GROUPLOVE,Tongue Tied,81539,grouplove - tongue tied,1403307,GROUPLOVE,Tongue Tied,0GO8y8jQk1PkHzS31d699N,77,2011,alt-rock,0.56,0.936,3,-5.835,1,0.0439,0.00847,0.0,0.161,0.371,112.96,218013,4
2024-12-06 00:55,Anuv Jain,Alag Aasmaan,212750,anuv jain - alag aasmaan,453815,Anuv Jain,Alag Aasmaan,74kCarkFBzXYXNkkYJIsG0,68,2020,indian,0.699,0.299,6,-12.599,1,0.0403,0.869,0.0,0.0724,0.459,118.969,212773,4
2024-12-06 00:58,Conan Gray,People Watching,158536,conan gray - people watching,515647,Conan Gray,People Watching,4JeOesjcWWlprTAvucDSJX,67,2021,pop,0.53,0.593,5,-7.286,1,0.0545,0.385,0.0,0.314,0.538,125.723,158537,4
2024-12-06 01:02,Ruelle,War Of Hearts,226216,ruelle - war of hearts,175420,Ruelle,War Of Hearts,4R8BdwRidxAWaYyFNU00P1,69,2015,electro,0.479,0.781,9,-6.344,0,0.124,0.221,0.55,0.0964,0.258,147.961,226216,3
2024-12-06 01:05,Camila Cabello,Bam Bam (feat. Ed Sheeran),200043,camila cabello - bam bam (feat. ed sheeran),541611,Camila Cabello,Bam Bam (feat. Ed Sheeran),0QBzMgT7NIeoCYy3sJCof1,80,2022,dance,0.756,0.697,8,-6.377,1,0.0401,0.182,0.0,0.333,0.956,94.996,206071,4
2024-12-06 01:14,Elley Duhé,MIDDLE OF THE NIGHT,184447,elley duhé - middle of the night,462004,Elley Duhé,MIDDLE OF THE NIGHT,58HvfVOeJY7lUuCqF0m3ly,85,2020,pop,0.41,0.611,4,-8.271,0,0.0467,0.0228,0.0,0.116,0.0899,185.727,184448,3
2024-12-06 01:19,Eminem,Venom - Music From The Motion Picture,269573,eminem - venom - music from the motion picture,340956,Eminem,Venom - Music From The Motion Picture,2SL6oP2YAEQbqsrkOzRGO4,73,2018,hip-hop,0.749,0.794,0,-5.063,1,0.064,0.0193,0.0,0.543,0.46,135.959,269554,4
2024-12-06 01:21,Olivia Rodrigo,brutal,143746,olivia rodrigo - brutal,515588,Olivia Rodrigo,brutal,6SRsiMl7w1USE4mFqrOhHC,77,2021,pop,0.672,0.526,4,-6.446,1,0.0599,0.0311,1.37e-06,0.28,0.28,123.999,143747,4
2024-12-06 01:25,One Direction,Rock Me,200266,one direction - rock me,40400,One Direction,Rock Me,4GF00uRxC4ECrxNEbnapqf,62,2012,pop,0.506,0.909,8,-3.629,1,0.0528,0.0261,0.0,0.155,0.814,168.021,200267,4
2024-12-06 01:31,Taylor Swift,this is me trying,195097,taylor swift - this is me trying,462023,Taylor Swift,this is me trying,7kt9e9LFSpN1zQtYEl19o1,73,2020,pop,0.515,0.476,9,-9.843,1,0.0328,0.314,4.74e-05,0.171,0.412,135.886,195097,4
2024-12-06 02:22,Dua Lipa,Boys Will Be Boys,85219,dua lipa - boys will be boys,433504,Dua Lipa,Boys Will Be Boys,0vQcyuMEfRBd21ojZ62N2L,59,2020,dance,0.768,0.486,3,-5.954,1,0.0353,0.408,0.0,0.098,0.519,125.021,166266,4
2024-12-06 18:43,Dua Lipa,Boys Will Be Boys,1520,dua lipa - boys will be boys,433504,Dua Lipa,Boys Will Be Boys,0vQcyuMEfRBd21ojZ62N2L,59,2020,dance,0.768,0.486,3,-5.954,1,0.0353,0.408,0.0,0.098,0.519,125.021,166266,4
2024-12-06 18:46,EXO,Love Shot,200306,exo - love shot,344859,EXO,Love Shot,0yB4jrSwN0bFtFRDR5vyMj,74,2018,k-pop,0.689,0.678,5,-4.287,0,0.119,0.0702,0.0,0.0889,0.335,145.883,200306,4
2024-12-06 19:24,BTS,Spring Day,55604,bts - spring day,288435,BTS,Spring Day,2j1fFjWHCI9KJSwcuYAOyF,73,2017,k-pop,0.539,0.846,8,-3.192,1,0.0354,0.00631,1.71e-06,0.13,0.462,106.994,274097,4
2024-12-07 17:02,BTS,Spring Day,5273,bts - spring day,288435,BTS,Spring Day,2j1fFjWHCI9KJSwcuYAOyF,73,2017,k-pop,0.539,0.846,8,-3.192,1,0.0354,0.00631,1.71e-06,0.13,0.462,106.994,274097,4
2024-12-07 17:16,Arctic Monkeys,I Wanna Be Yours,183956,arctic monkeys - i wanna be yours,77591,Arctic Monkeys,I Wanna Be Yours,5XeFesFbtLpXzIVDNQP22n,91,2013,garage,0.464,0.417,0,-9.345,0,0.0256,0.136,0.022,0.0974,0.479,67.528,183956,4
2024-12-07 17:19,George Ezra,Blame It on Me,196400,george ezra - blame it on me,127960,George Ezra,Blame It on Me,2vzMWO0T008m86yDnXwkII,67,2014,folk,0.537,0.757,3,-3.374,1,0.0274,0.473,0.0,0.341,0.421,103.882,196400,4
2024-12-07 17:26,Bastille,Flaws,218800,bastille - flaws,93679,Bastille,Flaws,67wABU4SjBlnDHB0KiU3HL,47,2013,pop,0.57,0.657,8,-6.987,1,0.0356,0.405,1.86e-06,0.0723,0.41,144.247,218800,4
2024-12-07 21:51,Chappell Roan,Femininomenon,219710,chappell roan - femininomenon,562187,Chappell Roan,Femininomenon,1YlOZY3puELE0PgxD1enZo,50,2022,indie-pop,0.645,0.789,3,-5.324,1,0.0545,0.339,6.32e-05,0.0821,0.31,124.951,219711,4
2024-12-07 22:01,Chappell Roan,Casual,232796,chappell roan - casual,562026,Chappell Roan,Casual,1UTGAopFU1g7qoxTE8sE3D,57,2022,indie-pop,0.508,0.411,1,-6.95,1,0.0269,0.226,0.0,0.0571,0.34,131.008,232796,4
2024-12-07 22:07,Wallows,Are You Bored Yet? (feat. Clairo),178000,wallows - are you bored yet? (feat. clairo),399066,Wallows,Are You Bored Yet? (feat. Clairo),57RA3JGafJm5zRtKJiKPIm,77,2019,indie-pop,0.682,0.683,8,-6.444,0,0.0287,0.156,2.32e-05,0.273,0.64,120.023,178000,4
2024-12-07 22:13,Chappell Roan,Pink Pony Club,258034,chappell roan - pink pony club,562220,Chappell Roan,Pink Pony Club,6rcuy6XqlB9bqvtIRDl25u,49,2022,indie-pop,0.613,0.646,6,-6.393,1,0.0451,0.406,0.0,0.112,0.47,106.958,258035,4
2024-12-07 22:27,Chappell Roan,My Kink Is Karma,222578,chappell roan - my kink is karma,562106,Chappell Roan,My Kink is Karma,5nutMjOPSSB9I9CUGOg8lm,53,2022,indie-pop,0.582,0.526,2,-6.201,1,0.0624,0.0621,0.0,0.0847,0.273,86.256,222578,4
2024-12-07 22:47,fun.,Carry On,278373,fun. - carry on,40379,fun.,Carry On,7gpy7sfWPNuOKmUNs3XQYE,58,2012,pop,0.388,0.694,5,-5.769,1,0.0735,0.118,0.000293,0.082,0.365,145.434,278373,5
2024-12-07 23:08,Arctic Monkeys,505,12227,arctic monkeys - 505,1145378,Arctic Monkeys,505,58ge6dfP91o9oXMzq3XkIS,80,2007,garage,0.52,0.852,0,-5.866,1,0.0543,0.00237,5.79e-05,0.0733,0.234,140.267,253587,4
2024-12-07 23:08,Conan Gray,Family Line,216094,conan gray - family line,569244,Conan Gray,Family Line,0iNZGC211wst3VjtobNnC5,76,2022,pop,0.326,0.397,6,-8.145,1,0.0461,0.619,0.0,0.0979,0.276,153.713,216095,3
2024-12-07 23:57,salvia palth,(dream),42045,salvia palth - (dream),73670,salvia palth,(dream),39iczvfNkZstM8KY8dNDFC,73,2013,emo,0.328,0.301,0,-13.283,1,0.0366,0.926,0.825,0.118,0.167,147.398,84741,4
2024-12-08 00:26,salvia palth,(dream),42680,salvia palth - (dream),73670,salvia palth,(dream),39iczvfNkZstM8KY8dNDFC,73,2013,emo,0.328,0.301,0,-13.283,1,0.0366,0.926,0.825,0.118,0.167,147.398,84741,4
2024-12-08 01:02,Joep Beving,Ala,120741,joep beving - ala,368595,Joep Beving,Ala,0vzSIBAqnN1HzvWrPbh6VF,56,2019,ambient,0.384,0.125,10,-22.4,1,0.0315,0.987,0.929,0.112,0.369,80.185,120741,1
2024-12-08 01:08,salvia palth,i was all over her,161422,salvia palth - i was all over her,73668,salvia palth,i was all over her,7svpAkwc6xaSxlbZ7V7JiS,77,2013,emo,0.529,0.353,7,-12.835,1,0.0292,0.788,0.853,0.116,0.0601,104.557,161463,4
2024-12-08 03:47,Miscél,One,91450,miscél - one,429129,Miscél,One,1XkogrtxZpQEy9p1iGsqpP,51,2020,chill,0.653,0.0619,6,-26.168,0,0.0462,0.901,0.46,0.103,0.124,84.0,91451,4
2024-12-08 04:28,Nathan Kawanishi,Views from Yamashita Park,100363,nathan kawanishi - views from yamashita park,537651,Nathan Kawanishi,Views from Yamashita Park,55F8bO2fpwlUyFa4AFPJQa,48,2022,chill,0.706,0.253,0,-18.513,1,0.0355,0.941,0.921,0.123,0.382,110.036,100364,4
2024-12-08 06:35,Swørn,Butterfly,162673,swørn - butterfly,373631,Swørn,Butterfly,2gFGyzl3ULRF0xfgJ0ILA2,40,2019,chill,0.602,0.302,7,-13.248,1,0.0378,0.876,0.779,0.133,0.0784,90.019,162674,4
2024-12-08 06:44,The Deli,5:32pm,136914,the deli - 5:32pm,220099,The Deli,5:32pm,7qrBYrivpvfXUPBMmqh3dA,62,2016,chill,0.691,0.186,10,-13.672,0,0.0487,0.686,0.934,0.0762,0.548,86.383,136914,4
2024-12-08 07:15,RINZ.,Lotus,104189,rinz. - lotus,456665,RINZ.,Lotus,6M4EbrGHo2UDzve0eQDg4K,31,2020,jazz,0.785,0.218,4,-13.549,1,0.0725,0.851,0.517,0.119,0.293,148.085,104189,4
2024-12-08 08:01,Raimu,Dandelion's Lullaby,123870,raimu - dandelion's lullaby,429004,Raimu,Dandelion's Lullaby,4TLoYT6uaGydqUQRZ9hlxG,54,2020,chill,0.682,0.141,2,-19.345,0,0.0616,0.801,0.886,0.112,0.109,93.099,123871,4
2024-12-08 08:06,chief.,time travel,129779,chief. - time travel,429574,chief.,time travel,2LZtTBORHwvehJlJZBQCJB,39,2020,chill,0.382,0.18,9,-14.781,0,0.0485,0.887,0.816,0.0969,0.0752,153.347,129780,4
2024-12-08 09:12,S N U G,Circadian,137600,s n u g - circadian,483886,S N U G,Circadian,3be1lQtCm4bub9jVqDRcvt,51,2021,chill,0.575,0.196,4,-16.233,1,0.0348,0.922,0.943,0.092,0.153,75.035,137600,4
2024-12-08 09:18,HM Surf,A Little Help,141003,hm surf - a little help,537431,HM Surf,A Little Help,64nbwSfn47kQWC4yVLaoys,53,2022,chill,0.656,0.0388,4,-26.74,1,0.0411,0.817,0.895,0.105,0.181,81.005,141003,4
2024-12-08 09:25,S N U G,Nova,165008,s n u g - nova,483815,S N U G,Nova,20qjvHCEXiHxmee7Tv2soU,51,2021,chill,0.531,0.249,2,-17.096,1,0.0285,0.738,0.936,0.109,0.107,71.979,165009,4
2024-12-08 09:49,HM Surf,Mojave Backyard,120731,hm surf - mojave backyard,537918,HM Surf,Mojave Backyard,4AJv7NWAhvxAXEoQagzHn4,43,2022,chill,0.736,0.059,2,-23.716,1,0.0554,0.849,0.941,0.114,0.58,82.021,120732,4
2024-12-08 09:58,Zadbeatz,Echo,87544,zadbeatz - echo,483974,Zadbeatz,Echo,2k8eusV0nrnPwJAuG40uVz,45,2021,chill,0.546,0.0977,1,-26.652,1,0.0322,0.765,0.888,0.112,0.0624,85.025,87544,4
2024-12-08 10:11,HM Surf,Sugar Haze,147692,hm surf - sugar haze,429079,HM Surf,Sugar Haze,5of5Duq4Ywig8qWna8cAdb,52,2020,chill,0.764,0.0911,6,-23.454,1,0.116,0.822,0.924,0.0917,0.588,130.003,147692,4
2024-12-08 10:28,Miscél,One,91450,miscél - one,429129,Miscél,One,1XkogrtxZpQEy9p1iGsqpP,51,2020,chill,0.653,0.0619,6,-26.168,0,0.0462,0.901,0.46,0.103,0.124,84.0,91451,4
2024-12-09 23:54,Arctic Monkeys,I Wanna Be Yours,183956,arctic monkeys - i wanna be yours,77591,Arctic Monkeys,I Wanna Be Yours,5XeFesFbtLpXzIVDNQP22n,91,2013,garage,0.464,0.417,0,-9.345,0,0.0256,0.136,0.022,0.0974,0.479,67.528,183956,4
2024-12-09 23:58,George Ezra,Blame It on Me,196400,george ezra - blame it on me,127960,George Ezra,Blame It on Me,2vzMWO0T008m86yDnXwkII,67,2014,folk,0.537,0.757,3,-3.374,1,0.0274,0.473,0.0,0.341,0.421,103.882,196400,4
2024-12-13 05:00,Bastille,Flaws,867,bastille - flaws,93679,Bastille,Flaws,67wABU4SjBlnDHB0KiU3HL,47,2013,pop,0.57,0.657,8,-6.987,1,0.0356,0.405,1.86e-06,0.0723,0.41,144.247,218800,4
2024-12-13 05:07,Chappell Roan,Femininomenon,219710,chappell roan - femininomenon,562187,Chappell Roan,Femininomenon,1YlOZY3puELE0PgxD1enZo,50,2022,indie-pop,0.645,0.789,3,-5.324,1,0.0545,0.339,6.32e-05,0.0821,0.31,124.951,219711,4
2024-12-13 05:24,Chappell Roan,Casual,232796,chappell roan - casual,562026,Chappell Roan,Casual,1UTGAopFU1g7qoxTE8sE3D,57,2022,indie-pop,0.508,0.411,1,-6.95,1,0.0269,0.226,0.0,0.0571,0.34,131.008,232796,4
2024-12-13 05:31,Wallows,Are You Bored Yet? (feat. Clairo),178000,wallows - are you bored yet? (feat. clairo),399066,Wallows,Are You Bored Yet? (feat. Clairo),57RA3JGafJm5zRtKJiKPIm,77,2019,indie-pop,0.682,0.683,8,-6.444,0,0.0287,0.156,2.32e-05,0.273,0.64,120.023,178000,4
2024-12-13 05:38,Chappell Roan,Pink Pony Club,258034,chappell roan - pink pony club,562220,Chappell Roan,Pink Pony Club,6rcuy6XqlB9bqvtIRDl25u,49,2022,indie-pop,0.613,0.646,6,-6.393,1,0.0451,0.406,0.0,0.112,0.47,106.958,258035,4
2024-12-13 05:52,Chappell Roan,My Kink Is Karma,222578,chappell roan - my kink is karma,562106,Chappell Roan,My Kink is Karma,5nutMjOPSSB9I9CUGOg8lm,53,2022,indie-pop,0.582,0.526,2,-6.201,1,0.0624,0.0621,0.0,0.0847,0.273,86.256,222578,4
2024-12-13 06:13,fun.,Carry On,278373,fun. - carry on,40379,fun.,Carry On,7gpy7sfWPNuOKmUNs3XQYE,58,2012,pop,0.388,0.694,5,-5.769,1,0.0735,0.118,0.000293,0.082,0.365,145.434,278373,5
2024-12-15 22:51,Conan Gray,Family Line,216094,conan gray - family line,569244,Conan Gray,Family Line,0iNZGC211wst3VjtobNnC5,76,2022,pop,0.326,0.397,6,-8.145,1,0.0461,0.619,0.0,0.0979,0.276,153.713,216095,3
2024-12-15 22:56,Arctic Monkeys,505,253586,arctic monkeys - 505,1145378,Arctic Monkeys,505,58ge6dfP91o9oXMzq3XkIS,80,2007,garage,0.52,0.852,0,-5.866,1,0.0543,0.00237,5.79e-05,0.0733,0.234,140.267,253587,4
2024-12-16 02:18,Lana Del Rey,Young And Beautiful,236053,lana del rey - young and beautiful,93567,Lana Del Rey,Young And Beautiful,2nMeu6UenVvwUktBCpLMK9,81,2013,pop,0.324,0.416,11,-8.92,0,0.0368,0.262,3.69e-05,0.11,0.151,113.986,236053,4
2024-12-16 22:47,Fitz and The Tantrums,Out of My League,937,fitz and the tantrums - out of my league,56397,Fitz and The Tantrums,Out of My League,2AYEOC02WLhUiOoaig2SEH,71,2013,alt-rock,0.545,0.968,9,-3.553,0,0.0853,0.0387,0.00325,0.331,0.527,169.965,209386,4
2024-12-16 22:47,Ashnikko,Daisy,932,ashnikko - daisy,433258,Ashnikko,Daisy,0AUvWawuP0ibk4SQ3sIZjk,67,2020,dance,0.834,0.663,8,-6.143,1,0.133,0.235,0.0,0.372,0.774,121.876,146523,4
2024-12-16 22:55,New West,Those Eyes,220750,new west - those eyes,399063,New West,Those Eyes,50x1Ic8CaXkYNvjmxe3WXy,87,2019,indie-pop,0.593,0.352,4,-8.296,1,0.0284,0.695,2.22e-05,0.3,0.226,119.988,220750,3
2024-12-16 23:00,Anuv Jain,Riha,287312,anuv jain - riha,398195,Anuv Jain,Riha,6Ln89sczgIcAJXGAIdS94R,58,2019,indian,0.389,0.148,3,-11.011,1,0.03,0.897,0.0,0.114,0.4,142.611,287324,4
2024-12-16 23:09,Olivia Rodrigo,deja vu,215506,olivia rodrigo - deja vu,515572,Olivia Rodrigo,deja vu,6HU7h9RYOaPRFeh0R3UeAr,83,2021,pop,0.442,0.612,2,-7.222,1,0.112,0.584,5.7e-06,0.37,0.178,180.917,215507,4
2024-12-17 22:44,Caroline Polachek,Sunset,1696,caroline polachek - sunset,547848,Caroline Polachek,Sunset,2eQ9B2SsQFU2qCnHSas3eQ,55,2022,electro,0.462,0.745,11,-5.356,0,0.0652,0.589,0.00015,0.288,0.648,122.051,163116,4
2024-12-17 22:44,Grimes,Kill V. Maim,1432,grimes - kill v. maim,175427,Grimes,Kill V. Maim,3WXhshrs1fzwF3rQE399Gq,62,2015,electro,0.578,0.947,11,-2.431,0,0.0359,0.00744,0.0816,0.105,0.456,134.033,246007,4
2024-12-17 22:44,Billie Eilish,watch,5520,billie eilish - watch,271631,Billie Eilish,watch,7eB1V5LvAdxCc7brfGhRRo,77,2017,electro,0.441,0.599,0,-8.985,1,0.225,0.333,0.00198,0.103,0.35,165.212,177523,4
2024-12-17 22:44,Elley Duhé,MIDDLE OF THE NIGHT,890,elley duhé - middle of the night,462004,Elley Duhé,MIDDLE OF THE NIGHT,58HvfVOeJY7lUuCqF0m3ly,85,2020,pop,0.41,0.611,4,-8.271,0,0.0467,0.0228,0.0,0.116,0.0899,185.727,184448,3
2024-12-17 22:48,Imagine Dragons,Who We Are,249346,imagine dragons - who we are,201310,Imagine Dragons,Who We Are,2x2SotEkKozaFh6H1aVnOZ,51,2015,rock,0.407,0.656,6,-7.088,0,0.0413,0.00746,0.255,0.343,0.39,173.954,249347,4
2024-12-19 22:36,All Time Low,Monsters (feat. blackbear),174067,all time low - monsters (feat. blackbear),462037,All Time Low,Monsters (feat. blackbear),0tyR7Bu9P086aWBFZ4QJoo,69,2020,pop,0.369,0.845,0,-3.449,0,0.0611,0.0493,0.0,0.416,0.782,78.532,174068,4
2024-12-19 22:42,Camila Cabello,Havana (feat. Young Thug),217306,camila cabello - havana (feat. young thug),321024,Camila Cabello,Havana (feat. Young Thug),1rfofaqEpACxVEHIZBJe6W,78,2018,dance,0.765,0.523,2,-4.333,1,0.03,0.184,3.56e-05,0.132,0.394,104.988,217307,4
2024-12-19 22:45,Imagine Dragons,Demons,175200,imagine dragons - demons,43789,Imagine Dragons,Demons,3LlAyCYU26dvFZBDUIMb7a,73,2012,rock,0.505,0.71,3,-3.015,1,0.0321,0.19,0.00025,0.329,0.428,89.938,175200,4
2024-12-19 22:48,Olivia Rodrigo,"jealousy, jealousy",173160,"olivia rodrigo - jealousy, jealousy",515579,Olivia Rodrigo,"jealousy, jealousy",0MMyJUC3WNnFS1lit5pTjk,80,2021,pop,0.695,0.575,10,-6.334,0,0.116,0.198,0.0,0.0614,0.699,163.929,173160,4
2024-12-19 22:54,Taylor Swift,Delicate,210324,taylor swift - delicate,293475,Taylor Swift,Delicate,6NFyWDv5CjfwuzoCkw47Xf,78,2017,pop,0.75,0.404,9,-10.178,0,0.0682,0.216,0.000357,0.0911,0.0499,95.045,232253,4
2024-12-19 22:57,Panic! At The Disco,Roaring 20s,186600,panic! at the disco - roaring 20s,354067,Panic! At The Disco,Roaring 20s,0wdV94AXGRphrbkDWLNzVC,58,2018,rock,0.271,0.948,1,-2.207,1,0.263,0.0467,0.0,0.163,0.515,83.19,186600,4
2024-12-20 03:09,Rihanna,Diamonds,27631,rihanna - diamonds,40343,Rihanna,Diamonds,1z9kQ14XBSN0r2v6fx4IdG,75,2012,pop,0.564,0.71,11,-4.92,0,0.0461,0.00125,0.0,0.109,0.393,91.972,225147,4
2024-12-20 04:11,Rihanna,Diamonds,2459,rihanna - diamonds,40343,Rihanna,Diamonds,1z9kQ14XBSN0r2v6fx4IdG,75,2012,pop,0.564,0.71,11,-4.92,0,0.0461,0.00125,0.0,0.109,0.393,91.972,225147,4
2024-12-23 01:23,Alec Benjamin,Outrunning Karma,188850,alec benjamin - outrunning karma,327785,Alec Benjamin,Outrunning Karma,2W0AJEbIC2vdZTV2nVSAsg,65,2018,electro,0.416,0.649,11,-5.271,0,0.0385,0.655,2.82e-06,0.12,0.474,112.482,188851,3
2024-12-23 01:27,Jon Bellion,All Time Low,221333,jon bellion - all time low,197851,Jon Bellion,All Time Low,5wQRNkb7OhzJoT1P0OZ4Rw,48,2015,pop,0.672,0.386,0,-9.715,1,0.264,0.389,0.0,0.0838,0.529,90.082,221333,4
2024-12-23 01:31,Selena Gomez,Bad Liar,214647,selena gomez - bad liar,264810,Selena Gomez,Bad Liar,2fZQIJew3nkNe99s2PKzul,68,2017,dance,0.965,0.414,1,-6.408,1,0.0713,0.189,0.0,0.0767,0.728,121.032,214648,4
2024-12-23 01:34,Jeremy Zucker,comethru,181613,jeremy zucker - comethru,327778,Jeremy Zucker,comethru,18uwL0vNUanqZH0ro2QcOP,76,2018,electro,0.795,0.178,0,-11.991,1,0.0574,0.607,0.0,0.623,0.608,93.982,181613,4
2024-12-23 01:36,Y2K,Lalala,160626,y2k - lalala,406444,Y2K,Lalala,51Fjme0JiitpyXKuyQiCDo,72,2019,pop,0.843,0.39,2,-7.899,1,0.0846,0.178,0.0,0.137,0.495,129.972,160627,4
2024-12-23 01:41,24kGoldn,CITY OF ANGELS,112493,24kgoldn - city of angels,406425,24kGoldn,CITY OF ANGELS,6ap9lSRJ0iLriGLqoJ44cq,70,2019,pop,0.686,0.541,0,-4.993,0,0.0493,0.042,0.0,0.0675,0.724,120.082,112493,4
2024-12-23 01:48,Melanie Martinez,Pacify Her,220013,melanie martinez - pacify her,175402,Melanie Martinez,Pacify Her,360Wr96ywrCQq4kTAJ8Pq6,77,2015,electro,0.576,0.593,9,-6.024,0,0.0306,0.0467,0.000767,0.237,0.373,157.993,220013,4
2024-12-23 01:51,Dean Lewis,Be Alright,196373,dean lewis - be alright,350215,Dean Lewis,Be Alright,3EPXxR3ImUwfayaurPi3cm,77,2018,pop,0.553,0.586,11,-6.319,1,0.0362,0.697,0.0,0.0813,0.443,126.684,196373,4
2024-12-23 01:58,Ellise,911,188386,ellise - 911,327841,Ellise,911,3bHZeMMosfnAS633rWpf09,52,2018,electro,0.698,0.611,10,-6.754,0,0.0686,0.571,5.3e-06,0.0587,0.507,130.098,190000,4
2024-12-23 02:00,Ashnikko,Daisy,146523,ashnikko - daisy,433258,Ashnikko,Daisy,0AUvWawuP0ibk4SQ3sIZjk,67,2020,dance,0.834,0.663,8,-6.143,1,0.133,0.235,0.0,0.372,0.774,121.876,146523,4
2024-12-23 02:03,Doja Cat,Woman,172626,doja cat - woman,487891,Doja Cat,Woman,6Uj1ctrBOjOas8xZXGqKk4,85,2021,dance,0.824,0.764,5,-4.175,0,0.0854,0.0888,0.00294,0.117,0.881,107.998,172627,4
2024-12-23 02:10,XXXTENTACION,SAD!,166605,xxxtentacion - sad!,328649,XXXTENTACION,SAD!,3ee8Jmje8o58CHK66QrVC2,81,2018,emo,0.74,0.613,8,-4.88,1,0.145,0.258,0.00372,0.123,0.473,75.023,166606,4
2024-12-23 02:16,Panic! At The Disco,Roaring 20s,186600,panic! at the disco - roaring 20s,354067,Panic! At The Disco,Roaring 20s,0wdV94AXGRphrbkDWLNzVC,58,2018,rock,0.271,0.948,1,-2.207,1,0.263,0.0467,0.0,0.163,0.515,83.19,186600,4
2024-12-23 02:23,Halsey,Nightmare,394957,halsey - nightmare,377723,Halsey,Nightmare,340UVheS8z3ncW9TTUhAbc,65,2019,dance,0.611,0.622,9,-5.075,0,0.0734,0.0188,0.0,0.359,0.538,146.11,231999,4
2024-12-23 02:30,Travis Scott,goosebumps,243836,travis scott - goosebumps,244724,Travis Scott,goosebumps,6gBFPUFcJLzWGx4lenP6h2,82,2016,house,0.841,0.728,7,-3.37,1,0.0484,0.0847,0.0,0.149,0.43,130.049,243837,4
2024-12-23 02:30,Travis Scott,goosebumps,243836,travis scott - goosebumps,341768,Travis Scott,Goosebumps,6dWf1xaHOmJo7eL9WuSkdL,54,2018,house,0.849,0.629,7,-6.27,1,0.0475,0.0789,0.0,0.13,0.467,130.105,243840,4
2024-12-23 02:41,Imagine Dragons,Radioactive,186813,imagine dragons - radioactive,43790,Imagine Dragons,Radioactive,4G8gkOterJn0Ywt6uhqbhp,71,2012,rock,0.448,0.784,9,-3.686,1,0.0627,0.106,0.000108,0.668,0.236,136.245,186813,4
2024-12-23 02:43,Justin Bieber,Lonely (with benny blanco),149297,justin bieber - lonely (with benny blanco),462097,Justin Bieber,Lonely (with benny blanco),4y4spB9m0Q6026KfkAvy9Q,70,2020,pop,0.631,0.239,11,-7.071,0,0.0398,0.864,0.0,0.116,0.0927,79.859,149297,4
2024-12-23 02:47,Maroon 5,Animals,231013,maroon 5 - animals,146781,Maroon 5,Animals,2bL2gyO6kBdLkNSkxXNh6x,79,2014,pop,0.279,0.742,4,-6.46,0,0.0898,0.000185,0.0,0.593,0.328,189.868,231013,4
2024-12-23 02:54,EXO,Love Shot,200306,exo - love shot,344859,EXO,Love Shot,0yB4jrSwN0bFtFRDR5vyMj,74,2018,k-pop,0.689,0.678,5,-4.287,0,0.119,0.0702,0.0,0.0889,0.335,145.883,200306,4
2024-12-23 03:01,Troye Sivan,TALK ME DOWN,237464,troye sivan - talk me down,197776,Troye Sivan,TALK ME DOWN,0nRuVPZx2iA3KWR4xSzryl,48,2015,pop,0.362,0.781,6,-6.803,1,0.0741,0.151,0.000197,0.125,0.354,173.688,237464,4
2024-12-23 03:09,GAYLE,abcdefu,168601,gayle - abcdefu,515596,GAYLE,abcdefu,4fouWK6XVHhzl78KzQ1UjL,82,2021,pop,0.695,0.54,4,-5.692,1,0.0493,0.299,0.0,0.367,0.415,121.932,168602,4
2024-12-23 03:13,AURORA,Runaway,248826,aurora - runaway,146778,AURORA,Runaway,23rdcrD0Eky4vYn2TZidxJ,73,2014,pop,0.459,0.276,11,-10.339,1,0.036,0.63,9.5e-05,0.104,0.128,114.169,248827,4
2024-12-23 03:22,Ed Sheeran,Give Me Love,526386,ed sheeran - give me love,1450904,Ed Sheeran,Give Me Love,0SuG9kyzGRpDqrCWtgD6Lq,69,2011,pop,0.526,0.328,1,-9.864,1,0.0461,0.694,0.0,0.112,0.11,116.068,526387,4
2024-12-23 03:26,Imagine Dragons,Who We Are,249346,imagine dragons - who we are,201310,Imagine Dragons,Who We Are,2x2SotEkKozaFh6H1aVnOZ,51,2015,rock,0.407,0.656,6,-7.088,0,0.0413,0.00746,0.255,0.343,0.39,173.954,249347,4
2024-12-23 03:29,All Time Low,A Love Like War (feat. Vic Fuentes),213740,all time low - a love like war (feat. vic fuentes),93632,All Time Low,A Love Like War (feat. Vic Fuentes),0TPF6uW7fhMXJPoBERqTy5,56,2013,pop,0.475,0.987,5,-3.515,0,0.121,0.00028,2.4e-06,0.335,0.632,162.005,213741,4
2024-12-23 03:36,Camila Cabello,Easy,194686,camila cabello - easy,377937,Camila Cabello,Easy,46D0hYb1B7qiU33VtXt21W,58,2019,dance,0.574,0.593,4,-5.731,0,0.0463,0.411,1.55e-06,0.0966,0.355,128.073,194686,4
2024-12-23 03:40,Ellise,911,188386,ellise - 911,327841,Ellise,911,3bHZeMMosfnAS633rWpf09,52,2018,electro,0.698,0.611,10,-6.754,0,0.0686,0.571,5.3e-06,0.0587,0.507,130.098,190000,4
2024-12-23 03:52,Seafret,Oceans - Acoustic Version from Osea Island,208040,seafret - oceans - acoustic version from osea island,177615,Seafret,Oceans - Acoustic Version from Osea Island,71ljTUEZJ9hDDbRC3vEkkT,39,2015,folk,0.486,0.275,0,-9.113,1,0.0417,0.901,0.0,0.117,0.115,137.232,208040,3
2024-12-23 03:56,Melanie Martinez,Pacify Her,220013,melanie martinez - pacify her,175402,Melanie Martinez,Pacify Her,360Wr96ywrCQq4kTAJ8Pq6,77,2015,electro,0.576,0.593,9,-6.024,0,0.0306,0.0467,0.000767,0.237,0.373,157.993,220013,4
2024-12-23 04:00,Anuv Jain,Riha,287312,anuv jain - riha,398195,Anuv Jain,Riha,6Ln89sczgIcAJXGAIdS94R,58,2019,indian,0.389,0.148,3,-11.011,1,0.03,0.897,0.0,0.114,0.4,142.611,287324,4
2024-12-23 22:33,Ruelle,Carry You,268906,ruelle - carry you,327830,Ruelle,Carry You,3qeTDINIdJjblabgluS5rK,56,2018,electro,0.441,0.341,7,-7.369,1,0.0247,0.835,3.56e-06,0.107,0.138,78.09,268906,4
2024-12-23 22:38,BTS,Spring Day,274097,bts - spring day,288435,BTS,Spring Day,2j1fFjWHCI9KJSwcuYAOyF,73,2017,k-pop,0.539,0.846,8,-3.192,1,0.0354,0.00631,1.71e-06,0.13,0.462,106.994,274097,4
2024-12-23 22:59,Mike Posner,I Took A Pill In Ibiza - Seeb Remix,182875,mike posner - i took a pill in ibiza - seeb remix,224461,Mike Posner,I Took A Pill In Ibiza - Seeb Remix,1MtUq6Wp1eQ8PC6BbPCj8P,70,2016,dance,0.664,0.714,7,-6.645,0,0.111,0.0353,8.42e-06,0.0843,0.71,101.969,197933,4
2024-12-23 22:59,Mike Posner,I Took A Pill In Ibiza - Seeb Remix,182875,mike posner - i took a pill in ibiza - seeb remix,230924,Mike Posner,I Took a Pill in Ibiza - SeeB Remix,2xcXd7naj05KPERLmSkLNn,27,2016,edm,0.674,0.804,7,-4.685,0,0.0712,0.0405,2.25e-05,0.311,0.667,101.996,193840,4
2024-12-24 20:22,Mike Posner,I Took A Pill In Ibiza - Seeb Remix,15080,mike posner - i took a pill in ibiza - seeb remix,224461,Mike Posner,I Took A Pill In Ibiza - Seeb Remix,1MtUq6Wp1eQ8PC6BbPCj8P,70,2016,dance,0.664,0.714,7,-6.645,0,0.111,0.0353,8.42e-06,0.0843,0.71,101.969,197933,4
2024-12-24 20:22,Mike Posner,I Took A Pill In Ibiza - Seeb Remix,15080,mike posner - i took a pill in ibiza - seeb remix,230924,Mike Posner,I Took a Pill in Ibiza - SeeB Remix,2xcXd7naj05KPERLmSkLNn,27,2016,edm,0.674,0.804,7,-4.685,0,0.0712,0.0405,2.25e-05,0.311,0.667,101.996,193840,4
2024-12-24 20:27,Hailee Steinfeld,Starving,111027,hailee steinfeld - starving,224469,Hailee Steinfeld,Starving,4Ce37cRWvM1vIGGynKcs22,73,2016,dance,0.728,0.616,4,-4.238,1,0.0645,0.378,0.0,0.105,0.508,99.962,181880,4
2024-12-24 20:31,Ed Sheeran,Bad Habits,230746,ed sheeran - bad habits,515575,Ed Sheeran,Bad Habits,3rmo8F54jFF8OgYsqTxm5d,84,2021,pop,0.807,0.893,11,-3.745,0,0.0347,0.0451,2.79e-05,0.366,0.537,126.011,230747,4
2024-12-24 20:50,The Weeknd,Can't Feel My Face,165898,the weeknd - can't feel my face,197519,The Weeknd,Can't Feel My Face,22VdIZQfgXJea34mQxlt81,81,2015,pop,0.705,0.769,9,-5.526,0,0.0425,0.113,0.0,0.105,0.583,107.949,213520,4
2024-12-27 01:24,The Weeknd,Can't Feel My Face,47649,the weeknd - can't feel my face,197519,The Weeknd,Can't Feel My Face,22VdIZQfgXJea34mQxlt81,81,2015,pop,0.705,0.769,9,-5.526,0,0.0425,0.113,0.0,0.105,0.583,107.949,213520,4
2024-12-27 01:28,Sub Urban,Cradles,209829,sub urban - cradles,399077,Sub Urban,Cradles,5sSYvDVyP0CP9TUiqy3fuF,70,2019,indie-pop,0.537,0.586,6,-1.864,1,0.314,0.265,7.04e-05,0.175,0.624,79.056,209829,4
2024-12-27 01:32,P!nk,"Just Like Fire (From the Original Motion Picture ""Alice Through The Looking Glass"") - Wideboys Remix",222666,"p!nk - just like fire (from the original motion picture ""alice through the looking glass"") - wideboys remix",224931,P!nk,"Just Like Fire (From the Original Motion Picture ""Alice Through The Looking Glass"") - Wideboys Remix",5XNm6WTJxKtcaug3lc8KJF,44,2016,dance,0.585,0.774,7,-6.694,1,0.184,0.00199,0.00019,0.706,0.758,179.952,222667,4
2024-12-27 01:35,Astrid S,It's Ok If You Forget Me,204989,astrid s - it's ok if you forget me,433538,Astrid S,It's Ok If You Forget Me,312zSwwbPU7C3sTmro4Wx9,65,2020,dance,0.562,0.379,6,-7.625,1,0.231,0.526,0.0,0.151,0.258,171.848,204989,4
2024-12-27 01:38,Doja Cat,Woman,172626,doja cat - woman,487891,Doja Cat,Woman,6Uj1ctrBOjOas8xZXGqKk4,85,2021,dance,0.824,0.764,5,-4.175,0,0.0854,0.0888,0.00294,0.117,0.881,107.998,172627,4
2024-12-27 01:42,Chappell Roan,Casual,232796,chappell roan - casual,562026,Chappell Roan,Casual,1UTGAopFU1g7qoxTE8sE3D,57,2022,indie-pop,0.508,0.411,1,-6.95,1,0.0269,0.226,0.0,0.0571,0.34,131.008,232796,4
2024-12-27 01:46,Lewis Capaldi,Bruises,220492,lewis capaldi - bruises,406387,Lewis Capaldi,Bruises,4Of7rzpRpV1mWRbhp5rAqG,79,2019,pop,0.736,0.308,4,-7.83,1,0.0677,0.946,0.0,0.186,0.361,111.202,220492,4
2024-12-27 01:49,BØRNS,Electric Love,218106,børns - electric love,197517,BØRNS,Electric Love,2GiJYvgVaD2HtM8GqD9EgQ,79,2015,pop,0.611,0.797,6,-7.627,0,0.0533,0.00543,0.00137,0.26,0.518,120.041,218107,4
2024-12-27 01:53,BTS,Dope,240020,bts - dope,192414,BTS,Dope,7jPCPDYoiaKeK7cgNGpIzq,66,2015,k-pop,0.595,0.89,10,-3.109,0,0.245,0.0486,0.0,0.32,0.62,154.071,240021,4
2024-12-27 01:59,Queen,Bohemian Rhapsody - Remastered 2011,354320,queen - bohemian rhapsody - remastered 2011,150190,Queen,Bohemian Rhapsody - Remastered 2011,6ljkRMigoNtu0x1mlTEsKc,42,2014,rock,0.393,0.398,0,-9.973,0,0.0514,0.256,0.0,0.195,0.236,143.353,355467,4
2024-12-27 02:02,BLACKPINK,Ice Cream (with Selena Gomez),177813,blackpink - ice cream (with selena gomez),456872,BLACKPINK,Ice Cream (with Selena Gomez),4JUPEh2DVSXFGExu4Uxevz,66,2020,k-pop,0.79,0.701,9,-4.81,1,0.365,0.0317,8.06e-05,0.0311,0.91,159.972,177813,4
2024-12-27 02:05,Khalid,Know Your Worth,181436,khalid - know your worth,462090,Khalid,Know Your Worth,0TrPqhAMoaKUFLR7iYDokf,68,2020,pop,0.79,0.694,9,-7.726,0,0.0708,0.145,0.00252,0.281,0.508,103.007,181436,4
2024-12-27 02:09,BLACKPINK,BOOMBAYAH,240793,blackpink - boombayah,247529,BLACKPINK,BOOMBAYAH,13MF2TYuyfITClL1R2ei6e,75,2016,k-pop,0.661,0.836,5,-3.164,0,0.059,0.00268,0.0,0.497,0.396,124.952,240793,4
2024-12-27 02:17,Naughty Boy,La La La,222200,naughty boy - la la la,66453,Naughty Boy,La La La,52gvlDnre9craz9dKGObp8,56,2013,dance,0.754,0.677,6,-4.399,0,0.0316,0.112,0.0,0.111,0.254,124.988,220779,4
2024-12-27 02:20,The Chainsmokers,All We Know,194080,the chainsmokers - all we know,224516,The Chainsmokers,All We Know,2rizacJSyD9S1IQUxUxnsK,70,2016,dance,0.662,0.586,0,-8.821,1,0.0307,0.097,0.00272,0.115,0.296,90.0,194080,4
2024-12-27 02:24,The Weeknd,Blinding Lights,200040,the weeknd - blinding lights,461991,The Weeknd,Blinding Lights,0VjIjW4GlUZAMYd2vXMi3b,90,2020,pop,0.514,0.73,1,-5.934,1,0.0598,0.00146,9.54e-05,0.0897,0.334,171.005,200040,4
2024-12-27 02:33,Anuv Jain,Riha,287312,anuv jain - riha,398195,Anuv Jain,Riha,6Ln89sczgIcAJXGAIdS94R,58,2019,indian,0.389,0.148,3,-11.011,1,0.03,0.897,0.0,0.114,0.4,142.611,287324,4
2024-12-27 02:36,SAINt JHN,Roses - Imanbek Remix,176840,saint jhn - roses - imanbek remix,398063,SAINt JHN,Roses - Imanbek Remix,2Wo6QQD1KMDWeFkkjLqwx5,57,2019,house,0.785,0.721,8,-5.457,1,0.0506,0.0149,0.00432,0.285,0.894,121.962,176219,4
2024-12-27 02:39,Ed Sheeran,Happier,207520,ed sheeran - happier,293501,Ed Sheeran,Happier,2RttW7RAu5nOAfq6YFvApB,78,2017,pop,0.522,0.385,0,-7.355,1,0.0288,0.536,0.0,0.135,0.236,89.792,207520,4
2024-12-27 02:44,Ed Sheeran,The A Team,258373,ed sheeran - the a team,1450835,Ed Sheeran,The A Team,1VdZ0vKfR5jneCmWIUAMxK,73,2011,pop,0.642,0.289,9,-9.918,1,0.0367,0.669,0.0,0.18,0.407,84.996,258373,4
2024-12-27 02:47,Alec Benjamin,If I Killed Someone For You,185122,alec benjamin - if i killed someone for you,327779,Alec Benjamin,If I Killed Someone For You,0WHi11uzahqpEtPGYCW6oQ,70,2018,electro,0.514,0.605,7,-5.363,1,0.0337,0.774,2.91e-06,0.121,0.409,120.894,185123,4
2024-12-27 02:50,Kali Uchis,Melting,208853,kali uchis - melting,197515,Kali Uchis,Melting,2kSb3wYSOV996xA2NSmpck,81,2015,pop,0.574,0.479,8,-7.776,1,0.0355,0.179,0.0803,0.106,0.303,115.263,208854,4
2024-12-27 02:54,BTS,ON,246380,bts - on,456863,BTS,ON,0fZRNhPJ4AGmwY7rkpdbqK,71,2020,k-pop,0.583,0.817,9,-5.146,0,0.099,0.118,0.0,0.338,0.437,105.935,246381,4
2024-12-27 02:58,Taylor Swift,cardigan,239560,taylor swift - cardigan,461996,Taylor Swift,cardigan,4R2kfaDFhslZEMJqAFNpdd,84,2020,pop,0.613,0.581,0,-8.588,0,0.0424,0.537,0.000345,0.25,0.551,130.033,239560,4
2024-12-27 03:04,The Chainsmokers,Something Just Like This,247626,the chainsmokers - something just like this,264768,The Chainsmokers,Something Just Like This,6RUKPb4LETWmmr3iAEQktW,83,2017,dance,0.617,0.635,11,-6.769,0,0.0317,0.0498,1.44e-05,0.164,0.446,103.019,247160,4
2024-12-27 03:17,Sia,"Genius (feat. Sia, Diplo, and Labrinth)",213706,"sia - genius (feat. sia, diplo, and labrinth)",377708,Sia,"Genius (feat. Sia, Diplo, and Labrinth)",4xigPf2sigSPmuFH3qCelB,73,2019,dance,0.603,0.615,11,-4.931,0,0.165,0.0799,6.72e-05,0.117,0.561,158.657,213707,4
2024-12-27 03:28,Imagine Dragons,Demons,8512,imagine dragons - demons,43789,Imagine Dragons,Demons,3LlAyCYU26dvFZBDUIMb7a,73,2012,rock,0.505,0.71,3,-3.015,1,0.0321,0.19,0.00025,0.329,0.428,89.938,175200,4
2024-12-27 03:39,Måneskin,I WANNA BE YOUR SLAVE,16826,måneskin - i wanna be your slave,508524,Måneskin,I WANNA BE YOUR SLAVE,4pt5fDVTg5GhEvEtlz9dKk,81,2021,indie-pop,0.75,0.608,1,-4.008,1,0.0387,0.00165,0.0,0.178,0.958,132.507,173347,4
2024-12-27 03:51,Nathan Lane,"Hakuna Matata - From ""The Lion King"" Soundtrack",139667,"nathan lane - hakuna matata - from ""the lion king"" soundtrack",786632,Nathan Lane,"Hakuna Matata - From ""The Lion King"" Soundtrack",6JVMZsNrp4s6kfFMKZITbM,38,2001,show-tunes,0.418,0.328,0,-17.067,1,0.127,0.622,1.74e-05,0.128,0.68,164.315,213733,4
2024-12-27 03:52,Lea Salonga,A Whole New World,55940,lea salonga - a whole new world,975617,Lea Salonga,A Whole New World,1hwdPQtFHISvZ9SXMkNrIK,66,2004,show-tunes,0.283,0.227,0,-15.793,1,0.0366,0.846,2.08e-06,0.1,0.128,121.419,160800,4
2024-12-27 03:58,Idina Menzel,Into the Unknown,194848,idina menzel - into the unknown,414437,Idina Menzel,Into the Unknown,3Z0oQ8r78OUaHvGPiDBR3W,71,2019,show-tunes,0.323,0.405,10,-8.533,0,0.0413,0.849,0.000544,0.138,0.274,145.104,194848,5
2024-12-27 04:03,Shakira,Try Everything,2550,shakira - try everything,224480,Shakira,Try Everything,1N3dZ7TTWO6VcD4Y3hHYLZ,69,2016,dance,0.705,0.609,1,-4.897,1,0.0307,0.0257,0.0,0.0846,0.476,115.474,196853,4
2024-12-27 04:06,Idina Menzel,Show Yourself,845,idina menzel - show yourself,414438,Idina Menzel,Show Yourself,50WeOnXhM1H7AZEeIDoWfZ,70,2019,show-tunes,0.321,0.429,6,-7.073,1,0.0302,0.724,9.1e-05,0.0606,0.174,123.419,260907,4
2024-12-27 04:06,Mandy Moore,"I've Got a Dream - From ""Tangled""/Soundtrack Version",2985,"mandy moore - i've got a dream - from ""tangled""/soundtrack version",488160,Mandy Moore,"I've Got a Dream - From ""Tangled""/Soundtrack Version",3QvZUbMhFBdUTmegQSkRH6,52,2021,dance,0.602,0.596,4,-6.119,1,0.103,0.574,0.0,0.259,0.869,134.415,191867,4
2024-12-27 04:06,Josh Gad,When I Am Older,1846,josh gad - when i am older,414439,Josh Gad,When I Am Older,1Tt7zr1yDbKbT8L4jzSZ74,65,2019,show-tunes,0.73,0.326,8,-7.001,1,0.26,0.705,0.0,0.103,0.434,116.893,111452,4
2024-12-27 04:06,Sofia Carson,Chillin' Like a Villain,1243,sofia carson - chillin' like a villain,293618,Sofia Carson,Chillin' Like a Villain,1rM0CnyUiiw6A9CHJRXjZA,62,2017,pop,0.697,0.775,8,-6.664,1,0.083,0.0318,0.0,0.232,0.826,113.886,193792,4
2024-12-27 04:06,Naomi Scott,Speechless (Full),880,naomi scott - speechless (full),406479,Naomi Scott,Speechless (Full),0XPsOSYzDJZJArevQNm2AR,69,2019,pop,0.474,0.489,6,-7.625,0,0.0342,0.467,0.0,0.119,0.23,124.844,208801,4
2024-12-27 04:06,Sarah Jeffery,Queen of Mean,1209,sarah jeffery - queen of mean,406551,Sarah Jeffery,Queen of Mean,4o05DiC0RQ9DNtGJGauwna,63,2019,pop,0.543,0.787,8,-6.52,1,0.241,0.248,0.0,0.0778,0.343,173.702,189397,4
2024-12-27 04:06,Dove Cameron,Rotten to the Core,69841,dove cameron - rotten to the core,197622,Dove Cameron,Rotten to the Core,2bNxCVI4Fub8BAwr0CQDyd,60,2015,pop,0.693,0.808,4,-6.231,0,0.093,0.0506,1.18e-06,0.578,0.547,127.945,162067,4
2024-12-27 04:06,Dove Cameron,If Only,2244,dove cameron - if only,197574,Dove Cameron,If Only,1mRBJdpIgc3jZH8C3cN2WV,67,2015,pop,0.477,0.6,7,-5.652,1,0.0324,0.271,0.0,0.112,0.29,152.062,229813,3
2024-12-27 04:06,Angela Lansbury,Be Our Guest,1355,angela lansbury - be our guest,786622,Angela Lansbury,Be Our Guest,2F8LPJgSVTJxukoParTyBD,61,2001,show-tunes,0.435,0.391,2,-13.062,1,0.162,0.814,0.0,0.0885,0.583,73.531,224920,4
2024-12-27 04:06,Miley Cyrus,The Climb,688,miley cyrus - the climb,1309427,Miley Cyrus,The Climb,0V8FYVlBFuXXTIvRnMbZyS,68,2009,pop,0.327,0.588,4,-6.611,1,0.0336,0.0834,0.0,0.104,0.329,161.074,236067,4
2024-12-27 04:07,Stephanie Beatriz,Waiting On A Miracle,1093,stephanie beatriz - waiting on a miracle,523442,Stephanie Beatriz,Waiting On A Miracle,3oRW9ZGPRbLRMneQ5lwflt,68,2021,show-tunes,0.48,0.554,1,-8.145,0,0.069,0.171,0.0,0.131,0.267,190.066,161840,3
2024-12-27 04:07,Phil Collins,"Strangers Like Me - From ""Tarzan""/Soundtrack Version",756,"phil collins - strangers like me - from ""tarzan""/soundtrack version",519380,Phil Collins,"Strangers Like Me - From ""Tarzan""/Soundtrack Version",5Zb6JxSEcjsUNrINcAyAYJ,63,2021,rock,0.588,0.807,8,-6.275,1,0.0399,0.164,0.00185,0.209,0.547,120.97,179587,4
2024-12-28 01:29,24kGoldn,CITY OF ANGELS,112493,24kgoldn - city of angels,406425,24kGoldn,CITY OF ANGELS,6ap9lSRJ0iLriGLqoJ44cq,70,2019,pop,0.686,0.541,0,-4.993,0,0.0493,0.042,0.0,0.0675,0.724,120.082,112493,4
2024-12-28 01:35,Imagine Dragons,Demons,175200,imagine dragons - demons,43789,Imagine Dragons,Demons,3LlAyCYU26dvFZBDUIMb7a,73,2012,rock,0.505,0.71,3,-3.015,1,0.0321,0.19,0.00025,0.329,0.428,89.938,175200,4
2024-12-28 01:38,Dominic Fike,3 Nights,177666,dominic fike - 3 nights,350218,Dominic Fike,3 Nights,1tNJrcVe6gwLEiZCtprs1u,73,2018,pop,0.815,0.518,7,-6.594,0,0.0897,0.223,0.0,0.104,0.877,151.891,177667,4
2024-12-28 01:41,Anne-Marie,PSYCHO,162666,anne-marie - psycho,541643,Anne-Marie,PSYCHO,1eprzC29mwUQqcVj0eILdx,75,2022,dance,0.62,0.681,9,-4.915,1,0.356,0.0138,0.0,0.0248,0.741,160.743,162493,4
2024-12-28 01:45,Harry Styles,Falling,240133,harry styles - falling,406378,Harry Styles,Falling,1ZMiCix7XSAbfAJlEZWMCp,82,2019,pop,0.567,0.267,4,-6.502,1,0.0299,0.839,1.46e-06,0.089,0.0592,110.011,240133,4
2024-12-28 01:48,Elley Duhé,MIDDLE OF THE NIGHT,184447,elley duhé - middle of the night,462004,Elley Duhé,MIDDLE OF THE NIGHT,58HvfVOeJY7lUuCqF0m3ly,85,2020,pop,0.41,0.611,4,-8.271,0,0.0467,0.0228,0.0,0.116,0.0899,185.727,184448,3
2024-12-28 01:53,fun.,Carry On,278373,fun. - carry on,40379,fun.,Carry On,7gpy7sfWPNuOKmUNs3XQYE,58,2012,pop,0.388,0.694,5,-5.769,1,0.0735,0.118,0.000293,0.082,0.365,145.434,278373,5
2024-12-28 01:56,MARINA,Purge The Poison,196573,marina - purge the poison,488200,MARINA,Purge The Poison,52qzyjT2pC3eh5xKN6zxIk,55,2021,dance,0.581,0.822,0,-5.082,1,0.0591,0.0519,0.0,0.08,0.544,139.98,196573,4
2024-12-28 02:03,Cartoon,On & On,207068,cartoon - on & on,174640,Cartoon,On & On,2uZWffKoemZDI0gHcBEcDc,72,2015,edm,0.451,0.692,11,-4.741,1,0.0398,0.287,0.0,0.115,0.423,174.122,207069,4
2024-12-28 02:06,Shawn Mendes,In My Blood,211360,shawn mendes - in my blood,321056,Shawn Mendes,In My Blood,2QZ7WLBE8h2y1Y5Fb8RYbH,73,2018,dance,0.622,0.712,5,-7.321,1,0.066,0.0573,0.0,0.13,0.487,140.025,211360,4
2024-12-28 02:10,Ed Sheeran,Cross Me (feat. Chance the Rapper & PnB Rock),206186,ed sheeran - cross me (feat. chance the rapper & pnb rock),406658,Ed Sheeran,Cross Me (feat. Chance the Rapper & PnB Rock),543bCW2ruMPmxUBWirQ3MR,61,2019,pop,0.746,0.787,4,-6.373,1,0.12,0.214,0.0,0.0669,0.607,95.005,206187,4
2024-12-28 02:17,YUNGBLUD,Psychotic Kids,167066,yungblud - psychotic kids,354215,YUNGBLUD,Psychotic Kids,0h8KNwmDto5ndOqdUOVZGQ,50,2018,rock,0.548,0.905,2,-3.932,0,0.0483,0.0552,0.0,0.136,0.49,149.787,167066,4
2024-12-28 02:20,Camila Cabello,Shameless,219742,camila cabello - shameless,377675,Camila Cabello,Shameless,2ogKhhoMClkFXek7ZgxAhN,78,2019,dance,0.377,0.651,4,-5.437,0,0.0589,0.0197,5.31e-05,0.174,0.0851,129.607,219742,4
2024-12-28 02:24,Jaymes Young,Infinity,237720,jaymes young - infinity,286612,Jaymes Young,Infinity,1SOClUWhOi8vHZYMz3GluK,81,2017,indie-pop,0.671,0.673,11,-6.941,0,0.0444,0.148,5.29e-05,0.304,0.494,121.963,237720,4
2024-12-28 02:28,Troye Sivan,TALK ME DOWN,237464,troye sivan - talk me down,197776,Troye Sivan,TALK ME DOWN,0nRuVPZx2iA3KWR4xSzryl,48,2015,pop,0.362,0.781,6,-6.803,1,0.0741,0.151,0.000197,0.125,0.354,173.688,237464,4
2024-12-28 02:32,Dua Lipa,New Rules,209320,dua lipa - new rules,264781,Dua Lipa,New Rules,2ekn2ttSfGqwhhate0LSR0,79,2017,dance,0.762,0.7,9,-6.021,0,0.0694,0.00261,1.56e-05,0.153,0.608,116.073,209320,4
2024-12-28 02:36,The Chainsmokers,Call You Mine,217640,the chainsmokers - call you mine,377691,The Chainsmokers,Call You Mine,2oejEp50ZzPuQTQ6v54Evp,71,2019,dance,0.585,0.696,4,-5.6,0,0.0307,0.204,0.0,0.344,0.522,104.01,217640,4
2024-12-28 02:39,Seeb,Grip,198074,seeb - grip,321480,Seeb,Grip,3gicyfiEVMGONgzygpWjNT,51,2018,dance,0.598,0.904,4,-2.293,1,0.0507,0.331,0.0,0.264,0.503,138.091,198075,4
2024-12-28 02:42,Fall Out Boy,Immortals,189386,fall out boy - immortals,127040,Fall Out Boy,Immortals,3c1ItvzDDDpmDgLH9SIUp4,63,2014,emo,0.703,0.856,11,-6.336,0,0.0461,0.00064,0.00126,0.38,0.722,108.025,195027,4
2024-12-28 02:45,Rachel Platten,Fight Song,204013,rachel platten - fight song,224464,Rachel Platten,Fight Song,37f4ITSlgPX81ad2EvmVQr,75,2016,dance,0.564,0.714,7,-4.987,1,0.129,0.0549,0.0,0.155,0.33,175.924,204013,4
2024-12-28 03:16,All Time Low,Monsters (feat. blackbear),75358,all time low - monsters (feat. blackbear),462037,All Time Low,Monsters (feat. blackbear),0tyR7Bu9P086aWBFZ4QJoo,69,2020,pop,0.369,0.845,0,-3.449,0,0.0611,0.0493,0.0,0.416,0.782,78.532,174068,4
2024-12-28 08:41,Faouzia,Tears of Gold,763,faouzia - tears of gold,406502,Faouzia,Tears of Gold,2YyLNljkMy2viVcXoFGTDY,66,2019,pop,0.587,0.664,5,-5.698,0,0.0523,0.128,0.0,0.323,0.617,149.957,176118,4
2024-12-28 08:41,John Legend,All of Me,502,john legend - all of me,93570,John Legend,All of Me,3U4isOIWM3VvDubwSI3y7a,83,2013,pop,0.422,0.264,8,-7.064,1,0.0322,0.922,0.0,0.132,0.331,119.93,269560,4
2024-12-28 08:41,Joel Corry,Head & Heart (feat. MNEK),501,joel corry - head & heart (feat. mnek),433223,Joel Corry,Head & Heart (feat. MNEK),6cx06DFPPHchuUAcTxznu9,77,2020,dance,0.734,0.874,8,-3.158,1,0.0662,0.168,1.14e-05,0.0489,0.905,122.953,166028,4
2024-12-28 08:41,Dove Cameron,Boyfriend,3650,dove cameron - boyfriend,569224,Dove Cameron,Boyfriend,59CfNbkERJ3NoTXDvoURjj,81,2022,pop,0.345,0.612,7,-6.543,0,0.0608,0.232,0.0,0.194,0.232,179.773,153000,3
2024-12-28 08:41,One Direction,Perfect,585,one direction - perfect,197553,One Direction,Perfect,3NLnwwAQbbFKcEcV8hDItk,77,2015,pop,0.647,0.823,2,-5.231,1,0.0762,0.0598,0.0,0.119,0.396,99.933,230333,4
2024-12-28 08:41,Charlie Puth,Attention,1253,charlie puth - attention,321026,Charlie Puth,Attention,5cF0dROlMOK5uNZtivgu50,81,2018,dance,0.775,0.613,3,-4.586,0,0.0542,0.109,2.33e-05,0.134,0.797,100.066,208787,4
2024-12-28 08:41,BTS,Life Goes On,3024,bts - life goes on,456852,BTS,Life Goes On,5FVbvttjEvQ8r2BgUcJgNg,76,2020,k-pop,0.566,0.716,1,-5.733,1,0.0424,0.00691,0.0,0.37,0.45,81.068,207481,4
2024-12-28 08:45,The Neighbourhood,Sweater Weather,240400,the neighbourhood - sweater weather,1800,The Neighbourhood,Sweater Weather,4pGqFOfzvfe6avb9kbZicC,60,2012,alt-rock,0.695,0.615,7,-5.325,0,0.042,0.15,0.000212,0.0879,0.414,124.015,240040,4
2024-12-28 08:52,Conan Gray,Family Line,216094,conan gray - family line,569244,Conan Gray,Family Line,0iNZGC211wst3VjtobNnC5,76,2022,pop,0.326,0.397,6,-8.145,1,0.0461,0.619,0.0,0.0979,0.276,153.713,216095,3
2024-12-28 08:55,Lana Del Rey,Summertime Sadness (Lana Del Rey Vs. Cedric Gervais) - Cedric Gervais Remix,214912,lana del rey - summertime sadness (lana del rey vs. cedric gervais) - cedric gervais remix,93586,Lana Del Rey,Summertime Sadness (Lana Del Rey Vs. Cedric Gervais) - Cedric Gervais Remix,6PUIzlqotEmPuBfjbwYWOB,71,2013,pop,0.572,0.81,1,-5.791,0,0.0558,0.0157,6.53e-06,0.13,0.11,126.052,214912,4
2024-12-28 08:59,Astrid S,Hurts So Good,208728,astrid s - hurts so good,224549,Astrid S,Hurts So Good,46ydq5g3k17iLJs3qMDvO6,69,2016,dance,0.675,0.609,7,-5.027,0,0.0586,0.084,0.0,0.0957,0.378,120.039,208729,4
2024-12-28 10:24,RAYE,Escapism.,220775,raye - escapism.,541578,RAYE,Escapism.,5Z2MiIZ5I3jJvvmeWMLbOQ,90,2022,dance,0.538,0.742,2,-5.355,1,0.114,0.138,4.67e-05,0.0934,0.25,96.107,272373,4
2024-12-29 01:58,RAYE,Escapism.,128,raye - escapism.,541578,RAYE,Escapism.,5Z2MiIZ5I3jJvvmeWMLbOQ,90,2022,dance,0.538,0.742,2,-5.355,1,0.114,0.138,4.67e-05,0.0934,0.25,96.107,272373,4
2024-12-29 01:58,BoyWithUke,Sick of U (with Oliver Tree),1373,boywithuke - sick of u (with oliver tree),574201,BoyWithUke,Sick of U (with Oliver Tree),5IXdkgrT4lb9sKIb8tbOQ3,73,2022,sad,0.676,0.814,0,-3.213,1,0.0585,0.277,0.0,0.0953,0.601,92.554,168676,4
2024-12-29 01:58,One Direction,What Makes You Beautiful,1520,one direction - what makes you beautiful,40346,One Direction,What Makes You Beautiful,4cluDES4hQEUhmXj6TXkSo,82,2012,pop,0.726,0.787,4,-2.494,1,0.0737,0.009,0.0,0.0596,0.888,124.99,199987,4
2024-12-29 01:58,One Direction,What Makes You Beautiful,553,one direction - what makes you beautiful,40346,One Direction,What Makes You Beautiful,4cluDES4hQEUhmXj6TXkSo,82,2012,pop,0.726,0.787,4,-2.494,1,0.0737,0.009,0.0,0.0596,0.888,124.99,199987,4
2024-12-29 02:02,RAYE,Escapism.,272373,raye - escapism.,541578,RAYE,Escapism.,5Z2MiIZ5I3jJvvmeWMLbOQ,90,2022,dance,0.538,0.742,2,-5.355,1,0.114,0.138,4.67e-05,0.0934,0.25,96.107,272373,4
2024-12-29 02:05,One Direction,What Makes You Beautiful,199986,one direction - what makes you beautiful,40346,One Direction,What Makes You Beautiful,4cluDES4hQEUhmXj6TXkSo,82,2012,pop,0.726,0.787,4,-2.494,1,0.0737,0.009,0.0,0.0596,0.888,124.99,199987,4
2024-12-29 02:08,BoyWithUke,Sick of U (with Oliver Tree),168676,boywithuke - sick of u (with oliver tree),574201,BoyWithUke,Sick of U (with Oliver Tree),5IXdkgrT4lb9sKIb8tbOQ3,73,2022,sad,0.676,0.814,0,-3.213,1,0.0585,0.277,0.0,0.0953,0.601,92.554,168676,4
2024-12-29 02:12,Au/Ra,Panic Room,237772,au/ra - panic room,327322,Au/Ra,Panic Room,7uUahoeqGNRMbpdeiLj1rS,69,2018,edm,0.495,0.426,8,-9.434,1,0.0736,0.152,5.65e-06,0.099,0.0636,97.91,237773,4
2024-12-29 02:15,Conan Gray,People Watching,158536,conan gray - people watching,515647,Conan Gray,People Watching,4JeOesjcWWlprTAvucDSJX,67,2021,pop,0.53,0.593,5,-7.286,1,0.0545,0.385,0.0,0.314,0.538,125.723,158537,4
2024-12-29 02:19,Ed Sheeran,The A Team,258373,ed sheeran - the a team,1450835,Ed Sheeran,The A Team,1VdZ0vKfR5jneCmWIUAMxK,73,2011,pop,0.642,0.289,9,-9.918,1,0.0367,0.669,0.0,0.18,0.407,84.996,258373,4
2024-12-29 02:23,BLACKPINK,BOOMBAYAH,240793,blackpink - boombayah,247529,BLACKPINK,BOOMBAYAH,13MF2TYuyfITClL1R2ei6e,75,2016,k-pop,0.661,0.836,5,-3.164,0,0.059,0.00268,0.0,0.497,0.396,124.952,240793,4
2024-12-29 02:27,Kurt Hugo Schneider,Sweater Weather,228387,kurt hugo schneider - sweater weather,293664,Kurt Hugo Schneider,Sweater Weather,0kn9QwZW8Ow9eTuZgxVEz8,63,2017,pop,0.606,0.328,10,-7.824,1,0.0305,0.876,0.0,0.138,0.393,124.041,228387,4
2024-12-29 02:31,James TW,When You Love Someone,216560,james tw - when you love someone,406468,James TW,When You Love Someone,0TXNKTzawI6VgLoA9UauRp,71,2019,pop,0.681,0.453,7,-6.09,1,0.0278,0.263,0.0,0.0543,0.348,125.772,216560,4
2024-12-29 02:33,Claire Rosinkranz,Backyard Boy,129240,claire rosinkranz - backyard boy,454763,Claire Rosinkranz,Backyard Boy,04F42oEuKrRComYJfJuyVR,68,2020,indie-pop,0.817,0.635,5,-7.246,1,0.163,0.323,0.0,0.0738,0.454,138.015,129241,4
2024-12-29 02:36,Khalid,Saturday Nights,210666,khalid - saturday nights,350235,Khalid,Saturday Nights,5kfNriitmkNE8mUbZ7gbq8,69,2018,pop,0.551,0.44,10,-8.559,1,0.0985,0.606,3.02e-05,0.11,0.341,167.923,210667,4
2024-12-29 02:40,EXO,Love Shot,200306,exo - love shot,344859,EXO,Love Shot,0yB4jrSwN0bFtFRDR5vyMj,74,2018,k-pop,0.689,0.678,5,-4.287,0,0.119,0.0702,0.0,0.0889,0.335,145.883,200306,4
2024-12-29 02:42,Caroline Polachek,Sunset,162909,caroline polachek - sunset,547848,Caroline Polachek,Sunset,2eQ9B2SsQFU2qCnHSas3eQ,55,2022,electro,0.462,0.745,11,-5.356,0,0.0652,0.589,0.00015,0.288,0.648,122.051,163116,4
2024-12-29 18:32,Ed Sheeran,Bad Habits,1303,ed sheeran - bad habits,515575,Ed Sheeran,Bad Habits,3rmo8F54jFF8OgYsqTxm5d,84,2021,pop,0.807,0.893,11,-3.745,0,0.0347,0.0451,2.79e-05,0.366,0.537,126.011,230747,4
2024-12-29 18:32,Avicii,"Tough Love (feat. Agnes, Vargas & Lagola)",3469,"avicii - tough love (feat. agnes, vargas & lagola)",378133,Avicii,"Tough Love (feat. Agnes, Vargas & Lagola)",1yfyIdEw5U2bD5I6gxQCxW,56,2019,dance,0.402,0.754,8,-4.837,1,0.0432,0.143,0.0,0.358,0.621,108.17,191248,4
2024-12-29 18:35,Alec Benjamin,Let Me Down Slowly,169353,alec benjamin - let me down slowly,327774,Alec Benjamin,Let Me Down Slowly,2qxmye6gAegTMjLKEBoR3d,83,2018,electro,0.652,0.557,1,-5.714,0,0.0318,0.74,0.0,0.124,0.483,150.073,169354,4
2024-12-29 18:38,Lauv,There's No Way (feat. Julia Michaels),174860,lauv - there's no way (feat. julia michaels),321122,Lauv,There's No Way (feat. Julia Michaels),3F7bhRhNpY4YKrwa4kGeUz,63,2018,dance,0.755,0.625,2,-7.114,1,0.0897,0.49,0.0,0.157,0.374,147.022,174861,4
2024-12-29 18:41,BTS,Burning Up (Fire),203351,bts - burning up (fire),247536,BTS,Burning Up (Fire),0aE3V0zgSD2YwkEHW42gxG,70,2016,k-pop,0.626,0.706,10,-3.201,0,0.0596,0.00225,0.0,0.122,0.534,99.939,203352,4
2024-12-29 18:41,BTS,Burning Up (Fire),203351,bts - burning up (fire),564348,BTS,Burning Up (FIRE),5cQPIQAF2T1elxWs7EqB9W,60,2022,k-pop,0.63,0.668,3,-4.266,0,0.0714,0.00287,0.0,0.125,0.529,99.949,203958,4
2024-12-29 18:51,The Weeknd,Blinding Lights,200045,the weeknd - blinding lights,461991,The Weeknd,Blinding Lights,0VjIjW4GlUZAMYd2vXMi3b,90,2020,pop,0.514,0.73,1,-5.934,1,0.0598,0.00146,9.54e-05,0.0897,0.334,171.005,200040,4
2024-12-29 18:54,5 Seconds of Summer,Ghost Of You,197411,5 seconds of summer - ghost of you,321046,5 Seconds of Summer,Ghost Of You,1MhXdlCQPnO56T57MfmaRm,73,2018,dance,0.458,0.561,10,-4.819,1,0.0269,0.0965,0.0,0.156,0.206,149.875,197411,3
2024-12-29 19:24,The Weeknd,Call Out My Name,228373,the weeknd - call out my name,350201,The Weeknd,Call Out My Name,09mEdoA6zrmBPgTEN5qXmN,87,2018,pop,0.461,0.593,1,-4.954,1,0.0356,0.17,0.0,0.307,0.175,134.17,228373,3
2024-12-29 19:28,The Weeknd,The Hills,242253,the weeknd - the hills,197514,The Weeknd,The Hills,7fBv7CLKzipRk6EC6TWHOB,86,2015,pop,0.585,0.564,0,-7.063,0,0.0515,0.0671,0.0,0.135,0.137,113.003,242253,4
2024-12-29 19:32,Panic! At The Disco,High Hopes,190946,panic! at the disco - high hopes,354035,Panic! At The Disco,High Hopes,1rqqCSm0Qe4I9rUvWncaom,80,2018,rock,0.579,0.904,5,-2.729,1,0.0618,0.193,0.0,0.064,0.681,82.014,190947,4
2024-12-29 19:36,Troye Sivan,Happy Little Pill,224874,troye sivan - happy little pill,119910,Troye Sivan,Happy Little Pill,4z8Ll8nU1jMqB8HvKTyLP1,50,2014,dance,0.567,0.593,4,-7.127,0,0.0375,0.000848,2.09e-06,0.114,0.0398,91.703,224874,4
2024-12-29 19:39,Conan Gray,Crush Culture,204120,conan gray - crush culture,350250,Conan Gray,Crush Culture,2sHwSBNDZN2yjCtgwStYt1,65,2018,pop,0.522,0.765,0,-5.395,1,0.193,0.146,0.0,0.0866,0.455,180.065,204120,4
2024-12-29 19:48,The Weeknd,Can't Feel My Face,213520,the weeknd - can't feel my face,197519,The Weeknd,Can't Feel My Face,22VdIZQfgXJea34mQxlt81,81,2015,pop,0.705,0.769,9,-5.526,0,0.0425,0.113,0.0,0.105,0.583,107.949,213520,4
2024-12-29 20:11,Zedd,365,155886,zedd - 365,377816,Zedd,365,2XWjPtKdi5sucFYtVav07d,64,2019,dance,0.745,0.693,2,-5.479,0,0.034,0.339,0.0,0.123,0.248,98.039,181900,4
2024-12-29 20:19,Zedd,365,28019,zedd - 365,377816,Zedd,365,2XWjPtKdi5sucFYtVav07d,64,2019,dance,0.745,0.693,2,-5.479,0,0.034,0.339,0.0,0.123,0.248,98.039,181900,4
2024-12-29 20:23,Imagine Dragons,Who We Are,249346,imagine dragons - who we are,201310,Imagine Dragons,Who We Are,2x2SotEkKozaFh6H1aVnOZ,51,2015,rock,0.407,0.656,6,-7.088,0,0.0413,0.00746,0.255,0.343,0.39,173.954,249347,4
2024-12-29 20:26,Tove Lo,Habits (Stay High),209160,tove lo - habits (stay high),119678,Tove Lo,Habits (Stay High),14OxJlLdcHNpgsm4DRwDOB,71,2014,dance,0.729,0.65,5,-3.539,1,0.0313,0.0702,6.69e-05,0.0829,0.347,110.02,209160,4
2024-12-31 04:43,EXO,Love Shot,200306,exo - love shot,344859,EXO,Love Shot,0yB4jrSwN0bFtFRDR5vyMj,74,2018,k-pop,0.689,0.678,5,-4.287,0,0.119,0.0702,0.0,0.0889,0.335,145.883,200306,4
2024-12-31 04:47,EXO,Monster,221341,exo - monster,247540,EXO,Monster,7GbUWl6qLW1gdngbEV2WDJ,65,2016,k-pop,0.618,0.76,6,-4.312,1,0.0596,0.0066,0.0,0.127,0.541,150.0,221341,4
2024-12-31 04:48,Martin Garrix,So Far Away (feat. Jamie Scott & Romy Dya),5945,martin garrix - so far away (feat. jamie scott & romy dya),264889,Martin Garrix,So Far Away (feat. Jamie Scott & Romy Dya),0OlnLZY4cmQzT6ZGttvWBM,65,2017,dance,0.526,0.52,6,-7.985,0,0.0569,0.435,0.0,0.197,0.13,149.119,183637,4
2024-12-31 04:48,BTS,Spring Day,7587,bts - spring day,288435,BTS,Spring Day,2j1fFjWHCI9KJSwcuYAOyF,73,2017,k-pop,0.539,0.846,8,-3.192,1,0.0354,0.00631,1.71e-06,0.13,0.462,106.994,274097,4
2024-12-31 04:48,grandson,Blood // Water,2453,grandson - blood // water,311046,grandson,Blood // Water,7clyJIrLkEbXUDwj1tC9zz,67,2018,alt-rock,0.504,0.891,6,-5.632,0,0.137,0.00163,0.00199,0.148,0.628,153.988,214520,4
2024-12-31 04:57,Katy Perry,Hot N Cold,220226,katy perry - hot n cold,591125,Katy Perry,Hot N Cold,7EwtjRuTb94kUL90BgeChM,3,2023,dance,0.706,0.842,7,-3.956,1,0.0417,7.73e-05,0.0,0.0688,0.861,132.032,220227,4
2024-12-31 05:00,Dua Lipa,Don't Start Now,183290,dua lipa - don't start now,377682,Dua Lipa,Don't Start Now,6WrI0LAC5M1Rw2MnX2ZvEg,77,2019,dance,0.794,0.793,11,-4.521,0,0.0842,0.0125,0.0,0.0952,0.677,123.941,183290,4
2024-12-31 05:05,Halsey,Castle,277623,halsey - castle,175424,Halsey,Castle,16w8ZGVSjI4TlTLV8VimBY,64,2015,electro,0.626,0.571,7,-7.461,0,0.0327,0.25,0.0,0.0946,0.164,129.959,277623,4
2024-12-31 05:09,Ed Sheeran,Thinking out Loud,281560,ed sheeran - thinking out loud,93582,Ed Sheeran,Thinking out Loud,1Slwb6dOYkBlWal1PGtnNg,64,2013,pop,0.781,0.445,2,-6.061,1,0.0295,0.474,0.0,0.184,0.591,78.998,281560,4
2024-12-31 05:29,Bastille,Flaws,160256,bastille - flaws,93679,Bastille,Flaws,67wABU4SjBlnDHB0KiU3HL,47,2013,pop,0.57,0.657,8,-6.987,1,0.0356,0.405,1.86e-06,0.0723,0.41,144.247,218800,4
2024-12-31 23:02,Bastille,Flaws,59574,bastille - flaws,93679,Bastille,Flaws,67wABU4SjBlnDHB0KiU3HL,47,2013,pop,0.57,0.657,8,-6.987,1,0.0356,0.405,1.86e-06,0.0723,0.41,144.247,218800,4
2024-12-31 23:06,Fall Out Boy,The Phoenix,244960,fall out boy - the phoenix,73675,Fall Out Boy,The Phoenix,7jwDuO7UZvWs77KNj9HbvF,68,2013,emo,0.562,0.964,4,-2.991,0,0.072,0.000539,1.57e-06,0.579,0.41,138.063,244960,4
2024-12-31 23:14,The Neighbourhood,Sweater Weather,240400,the neighbourhood - sweater weather,1800,The Neighbourhood,Sweater Weather,4pGqFOfzvfe6avb9kbZicC,60,2012,alt-rock,0.695,0.615,7,-5.325,0,0.042,0.15,0.000212,0.0879,0.414,124.015,240040,4
2024-12-31 23:17,One Direction,Drag Me Down,192120,one direction - drag me down,197544,One Direction,Drag Me Down,2K87XMYnUMqLcX3zvtAF4G,78,2015,pop,0.73,0.703,0,-5.672,0,0.0369,0.109,0.0,0.0657,0.595,138.113,192120,4
2024-12-31 23:21,Jaymes Young,Feel Something,217400,jaymes young - feel something,286659,Jaymes Young,Feel Something,0vMI3AJPQMjytAu8XMWr65,62,2017,indie-pop,0.61,0.59,11,-7.325,0,0.0362,0.694,2.32e-06,0.15,0.352,137.838,217400,4
2024-12-31 23:25,Sam Smith,"Fire On Fire - From ""Watership Down""",246735,"sam smith - fire on fire - from ""watership down""",350333,Sam Smith,"Fire On Fire - From ""Watership Down""",5rFj8OzffT0iggSjcBaeND,66,2018,pop,0.584,0.407,1,-7.356,0,0.046,0.476,0.0,0.18,0.341,115.124,246735,4
2024-12-31 23:28,Ellie Goulding,Close To Me (with Diplo) (feat. Swae Lee),182623,ellie goulding - close to me (with diplo) (feat. swae lee),321123,Ellie Goulding,Close To Me (with Diplo) (feat. Swae Lee),5JEx7HbmvHQQswJCsoo9rA,62,2018,dance,0.575,0.758,1,-5.029,0,0.0618,0.0954,0.0,0.394,0.493,144.107,182623,4
2024-12-31 23:33,Imagine Dragons,Battle Cry,273640,imagine dragons - battle cry,201286,Imagine Dragons,Battle Cry,3KgIZWuC7JJOgkcGeAWbZg,55,2015,rock,0.358,0.909,0,-6.856,0,0.0949,0.0429,0.00468,0.138,0.0419,129.945,273640,4
2024-12-31 23:36,Olivia Rodrigo,happier,175933,olivia rodrigo - happier,515580,Olivia Rodrigo,happier,2tGvwE8GcFKwNdAXMnlbfl,82,2021,pop,0.395,0.443,6,-9.72,1,0.133,0.765,9.67e-06,0.0839,0.338,168.924,175933,3
2024-12-31 23:54,DNCE,Toothbrush,231813,dnce - toothbrush,224526,DNCE,Toothbrush,7ciLq0Cip0yxiz6KANrOUq,64,2016,dance,0.556,0.785,7,-5.842,1,0.133,0.122,0.0,0.468,0.825,104.978,231813,4
2024-12-31 23:57,Dominic Fike,3 Nights,177666,dominic fike - 3 nights,350218,Dominic Fike,3 Nights,1tNJrcVe6gwLEiZCtprs1u,73,2018,pop,0.815,0.518,7,-6.594,0,0.0897,0.223,0.0,0.104,0.877,151.891,177667,4
2025-01-01 00:27,Sam Tinnesz,Play with Fire (feat. Yacht Money),121301,sam tinnesz - play with fire (feat. yacht money),254812,Sam Tinnesz,Play with Fire (feat. Yacht Money),7vguMCv8uVuZLiQJ156u3Z,74,2017,alt-rock,0.573,0.539,2,-6.091,0,0.0322,0.0162,1.16e-05,0.105,0.39,75.012,180691,4
2025-01-01 03:01,Sam Tinnesz,Play with Fire (feat. Yacht Money),60698,sam tinnesz - play with fire (feat. yacht money),254812,Sam Tinnesz,Play with Fire (feat. Yacht Money),7vguMCv8uVuZLiQJ156u3Z,74,2017,alt-rock,0.573,0.539,2,-6.091,0,0.0322,0.0162,1.16e-05,0.105,0.39,75.012,180691,4
2025-01-01 03:04,Charlotte Lawrence,Why Do You Love Me,171908,charlotte lawrence - why do you love me,378135,Charlotte Lawrence,Why Do You Love Me,2y8iBf0QRqCKFtePi9Rl2H,52,2019,dance,0.81,0.305,8,-6.165,0,0.0902,0.28,0.000116,0.203,0.732,120.013,171908,4
2025-01-01 03:07,Ellise,911,188386,ellise - 911,327841,Ellise,911,3bHZeMMosfnAS633rWpf09,52,2018,electro,0.698,0.611,10,-6.754,0,0.0686,0.571,5.3e-06,0.0587,0.507,130.098,190000,4
2025-01-01 03:10,Jack & Jack,No One Compares To You,182920,jack & jack - no one compares to you,377798,Jack & Jack,No One Compares To You,4cZ3UsiKd1kUQIaq4BFIj2,63,2019,dance,0.7,0.748,1,-6.044,1,0.0434,0.127,0.0,0.0941,0.631,111.939,182920,4
2025-01-01 03:18,Katy Perry,Roar,223546,katy perry - roar,66276,Katy Perry,Roar,27tNWlhdAryQY04Gb2ZhUI,77,2013,dance,0.671,0.771,7,-4.821,0,0.0316,0.00492,7.28e-06,0.354,0.436,90.003,223546,4
2025-01-01 03:22,BTS,Burning Up (Fire),203351,bts - burning up (fire),247536,BTS,Burning Up (Fire),0aE3V0zgSD2YwkEHW42gxG,70,2016,k-pop,0.626,0.706,10,-3.201,0,0.0596,0.00225,0.0,0.122,0.534,99.939,203352,4
2025-01-01 03:22,BTS,Burning Up (Fire),203351,bts - burning up (fire),564348,BTS,Burning Up (FIRE),5cQPIQAF2T1elxWs7EqB9W,60,2022,k-pop,0.63,0.668,3,-4.266,0,0.0714,0.00287,0.0,0.125,0.529,99.949,203958,4
2025-01-01 03:25,ZAYN,There You Are,199600,zayn - there you are,321199,ZAYN,There You Are,5y4XJ9UFS5eOdoYPF5pSAE,63,2018,dance,0.452,0.688,0,-4.84,0,0.0385,0.0263,0.0,0.11,0.313,76.99,199600,4
2025-01-01 03:29,Cartoon,On & On,207068,cartoon - on & on,174640,Cartoon,On & On,2uZWffKoemZDI0gHcBEcDc,72,2015,edm,0.451,0.692,11,-4.741,1,0.0398,0.287,0.0,0.115,0.423,174.122,207069,4
2025-01-01 03:32,Half an Orange,Blink 182,184000,half an orange - blink 182,383901,Half an Orange,Blink 182,0GUCG3rXFQXFBwl3hExO2p,47,2019,edm,0.59,0.469,10,-7.387,0,0.0525,0.206,0.0,0.109,0.37,149.86,184000,4
2025-01-01 03:35,The Chainsmokers,Hope,180120,the chainsmokers - hope,321126,The Chainsmokers,Hope,4BiiOzZCrXEzHRLYcYFiD5,64,2018,dance,0.773,0.699,1,-5.982,0,0.0958,0.488,3.6e-06,0.0814,0.513,104.941,180120,4
2025-01-01 03:40,Surf Curse,Freaks,147062,surf curse - freaks,508522,Surf Curse,Freaks,7EkWXAI1wn8Ii883ecd9xr,83,2021,indie-pop,0.345,0.941,9,-9.918,1,0.0466,3.84e-05,0.633,0.0511,0.407,179.626,147062,4
2025-01-01 03:44,Theory of a Deadman,Angel,202205,theory of a deadman - angel,109708,Theory of a Deadman,Angel,2qJkesdHu9sMMVFgkRkqhQ,63,2014,alt-rock,0.443,0.844,11,-5.414,0,0.0425,0.00251,0.0,0.085,0.452,76.001,202213,4
2025-01-01 03:51,Sia,Unstoppable,217746,sia - unstoppable,224449,Sia,Unstoppable,1yvMUkIOTeUNtNWlWRgANS,81,2016,dance,0.468,0.779,9,-4.839,1,0.0779,0.112,0.000373,0.101,0.26,173.799,217747,4
2025-01-01 03:55,Lana Del Rey,Young And Beautiful,236053,lana del rey - young and beautiful,93567,Lana Del Rey,Young And Beautiful,2nMeu6UenVvwUktBCpLMK9,81,2013,pop,0.324,0.416,11,-8.92,0,0.0368,0.262,3.69e-05,0.11,0.151,113.986,236053,4
2025-01-01 03:58,Hailee Steinfeld,Starving,181933,hailee steinfeld - starving,224469,Hailee Steinfeld,Starving,4Ce37cRWvM1vIGGynKcs22,73,2016,dance,0.728,0.616,4,-4.238,1,0.0645,0.378,0.0,0.105,0.508,99.962,181880,4
2025-01-01 04:01,James Arthur,Impossible,209440,james arthur - impossible,93589,James Arthur,Impossible,5yVIlYEHZxQVLyInCdldoS,75,2013,pop,0.376,0.695,0,-4.782,0,0.0933,0.135,0.0,0.11,0.302,169.533,209440,4
2025-01-01 04:04,Bastille,Doom Days,138115,bastille - doom days,410232,Bastille,Doom Days,1TkXApzsz0a6YRArjbqprt,54,2019,rock,0.665,0.619,10,-8.327,0,0.0663,0.596,0.0,0.14,0.541,137.043,138115,4
2025-01-01 04:10,Anne-Marie,PSYCHO,162666,anne-marie - psycho,541643,Anne-Marie,PSYCHO,1eprzC29mwUQqcVj0eILdx,75,2022,dance,0.62,0.681,9,-4.915,1,0.356,0.0138,0.0,0.0248,0.741,160.743,162493,4
2025-01-01 04:15,Anuv Jain,Riha,287312,anuv jain - riha,398195,Anuv Jain,Riha,6Ln89sczgIcAJXGAIdS94R,58,2019,indian,0.389,0.148,3,-11.011,1,0.03,0.897,0.0,0.114,0.4,142.611,287324,4
2025-01-01 04:20,The Weeknd,Prisoner,274960,the weeknd - prisoner,197584,The Weeknd,Prisoner,1gZADNt16Oh23jWyMYRk4p,66,2015,pop,0.551,0.405,0,-12.756,0,0.0398,0.443,0.000217,0.11,0.341,135.017,274960,4
2025-01-01 04:23,Katy Perry,The One That Got Away,227333,katy perry - the one that got away,12132,Katy Perry,The One That Got Away,3oL3XRtkP1WVbMxf7dtTdu,72,2012,dance,0.687,0.792,1,-4.023,0,0.0353,0.000802,0.0,0.2,0.864,133.962,227333,4
2025-01-01 04:27,Fall Out Boy,Immortals,189386,fall out boy - immortals,127040,Fall Out Boy,Immortals,3c1ItvzDDDpmDgLH9SIUp4,63,2014,emo,0.703,0.856,11,-6.336,0,0.0461,0.00064,0.00126,0.38,0.722,108.025,195027,4
2025-01-01 04:30,Charlie Puth,Attention,208786,charlie puth - attention,321026,Charlie Puth,Attention,5cF0dROlMOK5uNZtivgu50,81,2018,dance,0.775,0.613,3,-4.586,0,0.0542,0.109,2.33e-05,0.134,0.797,100.066,208787,4
2025-01-01 04:34,Snow Patrol,Chasing Cars,267960,snow patrol - chasing cars,1097353,Snow Patrol,Chasing Cars,5hnyJvgoWiQUYZttV4wXy6,79,2006,pop,0.56,0.595,9,-4.53,1,0.0274,0.199,6.47e-05,0.132,0.144,104.011,267960,4
2025-01-01 04:38,Au/Ra,Panic Room,237772,au/ra - panic room,327322,Au/Ra,Panic Room,7uUahoeqGNRMbpdeiLj1rS,69,2018,edm,0.495,0.426,8,-9.434,1,0.0736,0.152,5.65e-06,0.099,0.0636,97.91,237773,4
2025-01-01 04:53,Shawn Mendes,Stitches,206880,shawn mendes - stitches,197525,Shawn Mendes,Stitches,5jsw9uXEGuKyJzs0boZ1bT,74,2015,pop,0.752,0.754,1,-6.684,1,0.0615,0.0151,0.0,0.0486,0.755,149.789,206880,4
2025-01-02 18:31,Vishal-Shekhar,Desi Girl,2439,vishal-shekhar - desi girl,1238791,Vishal-Shekhar,Desi Girl,3Qpk2qHree1RTH5lZaKnEK,62,2008,pop,0.746,0.924,8,-6.057,1,0.0442,0.0169,0.00279,0.097,0.807,136.051,306987,4
2025-01-02 18:36,Shankar-Ehsaan-Loy,Kal Ho Naa Ho,321240,shankar-ehsaan-loy - kal ho naa ho,294022,Shankar-Ehsaan-Loy,Kal Ho Naa Ho,4YAYi2TOe3QvvYU8eH5qMo,20,2017,pop-film,0.533,0.529,0,-8.402,1,0.0353,0.336,0.000147,0.078,0.295,81.987,321240,4
2025-01-02 18:42,KK,Dil Kyun Yeh Mera,333200,kk - dil kyun yeh mera,1381275,KK,Dil Kyun Yeh Mera,5nHwX7e5XHnie22nuTFgda,60,2010,pop-film,0.486,0.382,6,-6.183,1,0.0286,0.613,8.56e-05,0.149,0.164,125.918,333200,3
2025-01-02 18:54,Shreya Ghoshal,"Ye Ishq Hai (From ""Jab We Met"")",107622,"shreya ghoshal - ye ishq hai (from ""jab we met"")",350472,Shreya Ghoshal,"Ye Ishq Hai (From ""Jab We Met"")",1UHVj0W8BRn08AXvWcv8i6,47,2018,pop-film,0.823,0.637,5,-7.127,0,0.159,0.436,2.15e-06,0.255,0.873,118.043,280974,4
2025-01-03 02:25,Sandesh Shandilya,"Suraj Hua Maddham (From ""Kabhi Khushi Kabhie Gham"")",5130,"sandesh shandilya - suraj hua maddham (from ""kabhi khushi kabhie gham"")",1451748,Sandesh Shandilya,"Suraj Hua Maddham (From ""Kabhi Khushi Kabhie Gham"")",2bTOQ3zfHVDEBX9ffy3JzR,49,2011,pop-film,0.633,0.691,5,-5.851,1,0.0557,0.329,0.000211,0.134,0.57,80.002,427547,4
2025-01-03 02:29,Vishal-Shekhar,Jaane Kyun,277986,vishal-shekhar - jaane kyun,1239297,Vishal-Shekhar,Jaane Kyun,6M2UnI1LnXuXlWU54CKmKx,56,2008,pop,0.778,0.812,4,-8.561,0,0.046,0.0573,8.28e-06,0.243,0.791,99.962,277987,4
2025-01-03 02:41,Shankar-Ehsaan-Loy,Where's the Party Tonight,378160,shankar-ehsaan-loy - where's the party tonight,1097931,Shankar-Ehsaan-Loy,Where's the Party Tonight,6ECucSdJeJmSm3k1k3Vumv,54,2006,pop,0.764,0.863,2,-5.414,0,0.0416,0.00269,0.0,0.27,0.92,132.021,378160,4
2025-01-03 02:48,Sandesh Shandilya,Suraj Hua Maddham,427546,sandesh shandilya - suraj hua maddham,294234,Sandesh Shandilya,Suraj Hua Maddham,2c1ZVa3yugsDSb5K63VIyX,14,2017,pop-film,0.633,0.691,5,-5.851,1,0.0557,0.329,0.000211,0.134,0.57,80.002,427547,4
2025-01-03 03:54,Jatin-Lalit,Yeh Ladka Hai Allah,254933,jatin-lalit - yeh ladka hai allah,294040,Jatin-Lalit,Yeh Ladka Hai Allah,5zCKc4PipKUyG5VSsEifDm,21,2017,pop-film,0.645,0.908,11,-4.682,0,0.0997,0.421,1.6e-06,0.381,0.877,104.233,327227,4
2025-01-04 17:15,Jatin-Lalit,Yeh Ladka Hai Allah,574,jatin-lalit - yeh ladka hai allah,294040,Jatin-Lalit,Yeh Ladka Hai Allah,5zCKc4PipKUyG5VSsEifDm,21,2017,pop-film,0.645,0.908,11,-4.682,0,0.0997,0.421,1.6e-06,0.381,0.877,104.233,327227,4
2025-01-04 17:23,High School Musical Cast,We're All In This Together,781,high school musical cast - we're all in this together,1062634,High School Musical Cast,We're All In This Together,0cqNGWvuukhCiKvEX7utys,64,2006,dance,0.76,0.941,1,-6.356,1,0.0688,0.0451,0.0,0.649,0.805,116.013,231427,4
2025-01-04 17:23,Jonathan Groff,Lost in the Woods,1002,jonathan groff - lost in the woods,414440,Jonathan Groff,Lost in the Woods,7namdlOhbtsc8FvoSafOQt,64,2019,show-tunes,0.366,0.478,8,-6.972,1,0.0277,0.695,8.91e-06,0.124,0.293,149.307,180763,4
2025-01-04 17:23,Angela Lansbury,Beauty and the Beast,3889,angela lansbury - beauty and the beast,786624,Angela Lansbury,Beauty and the Beast,4dhPM05Kr49JbsvPwGROnJ,58,2001,show-tunes,0.34,0.116,5,-17.451,0,0.035,0.765,2.46e-06,0.139,0.194,90.687,165187,4
2025-01-04 17:23,Julie Andrews,"Supercalifragilisticexpialidocious - From ""Mary Poppins"" Soundtrack",467,"julie andrews - supercalifragilisticexpialidocious - from ""mary poppins"" soundtrack",101090,Julie Andrews,"Supercalifragilisticexpialidocious - From ""Mary Poppins"" Soundtrack",5cvzqk8wsmLA9P7LrZCRb2,55,2013,show-tunes,0.516,0.718,10,-11.213,1,0.42,0.574,0.0,0.162,0.901,156.995,122027,4
2025-01-04 17:23,Stephanie Beatriz,Waiting On A Miracle,2988,stephanie beatriz - waiting on a miracle,523442,Stephanie Beatriz,Waiting On A Miracle,3oRW9ZGPRbLRMneQ5lwflt,68,2021,show-tunes,0.48,0.554,1,-8.145,0,0.069,0.171,0.0,0.131,0.267,190.066,161840,3
2025-01-04 17:24,Jon Batiste,It's All Right,907,jon batiste - it's all right,456048,Jon Batiste,It's All Right,4gzwK4RdSK9M43vPY68J2Y,56,2020,jazz,0.552,0.45,7,-9.768,1,0.0522,0.585,3.22e-05,0.316,0.614,105.108,170187,4
2025-01-04 21:25,Idina Menzel,Into the Unknown,41996,idina menzel - into the unknown,414437,Idina Menzel,Into the Unknown,3Z0oQ8r78OUaHvGPiDBR3W,71,2019,show-tunes,0.323,0.405,10,-8.533,0,0.0413,0.849,0.000544,0.138,0.274,145.104,194848,5
2025-01-04 21:49,High School Musical Cast,We're All In This Together,622,high school musical cast - we're all in this together,1062634,High School Musical Cast,We're All In This Together,0cqNGWvuukhCiKvEX7utys,64,2006,dance,0.76,0.941,1,-6.356,1,0.0688,0.0451,0.0,0.649,0.805,116.013,231427,4
2025-01-04 21:49,Jonathan Groff,Lost in the Woods,1616,jonathan groff - lost in the woods,414440,Jonathan Groff,Lost in the Woods,7namdlOhbtsc8FvoSafOQt,64,2019,show-tunes,0.366,0.478,8,-6.972,1,0.0277,0.695,8.91e-06,0.124,0.293,149.307,180763,4
2025-01-04 21:49,Idina Menzel,Into the Unknown,12765,idina menzel - into the unknown,414437,Idina Menzel,Into the Unknown,3Z0oQ8r78OUaHvGPiDBR3W,71,2019,show-tunes,0.323,0.405,10,-8.533,0,0.0413,0.849,0.000544,0.138,0.274,145.104,194848,5
2025-01-04 21:49,Julie Andrews,"Supercalifragilisticexpialidocious - From ""Mary Poppins"" Soundtrack",500,"julie andrews - supercalifragilisticexpialidocious - from ""mary poppins"" soundtrack",101090,Julie Andrews,"Supercalifragilisticexpialidocious - From ""Mary Poppins"" Soundtrack",5cvzqk8wsmLA9P7LrZCRb2,55,2013,show-tunes,0.516,0.718,10,-11.213,1,0.42,0.574,0.0,0.162,0.901,156.995,122027,4
2025-01-04 21:49,Stephanie Beatriz,Waiting On A Miracle,562,stephanie beatriz - waiting on a miracle,523442,Stephanie Beatriz,Waiting On A Miracle,3oRW9ZGPRbLRMneQ5lwflt,68,2021,show-tunes,0.48,0.554,1,-8.145,0,0.069,0.171,0.0,0.131,0.267,190.066,161840,3
2025-01-04 21:49,Jon Batiste,It's All Right,710,jon batiste - it's all right,456048,Jon Batiste,It's All Right,4gzwK4RdSK9M43vPY68J2Y,56,2020,jazz,0.552,0.45,7,-9.768,1,0.0522,0.585,3.22e-05,0.316,0.614,105.108,170187,4
2025-01-04 21:50,Angela Lansbury,Beauty and the Beast,586,angela lansbury - beauty and the beast,786624,Angela Lansbury,Beauty and the Beast,4dhPM05Kr49JbsvPwGROnJ,58,2001,show-tunes,0.34,0.116,5,-17.451,0,0.035,0.765,2.46e-06,0.139,0.194,90.687,165187,4
2025-01-04 21:56,High School Musical Cast,We're All In This Together,410,high school musical cast - we're all in this together,1062634,High School Musical Cast,We're All In This Together,0cqNGWvuukhCiKvEX7utys,64,2006,dance,0.76,0.941,1,-6.356,1,0.0688,0.0451,0.0,0.649,0.805,116.013,231427,4
2025-01-04 21:56,Jonathan Groff,Lost in the Woods,661,jonathan groff - lost in the woods,414440,Jonathan Groff,Lost in the Woods,7namdlOhbtsc8FvoSafOQt,64,2019,show-tunes,0.366,0.478,8,-6.972,1,0.0277,0.695,8.91e-06,0.124,0.293,149.307,180763,4
2025-01-04 21:56,Angela Lansbury,Beauty and the Beast,55391,angela lansbury - beauty and the beast,786624,Angela Lansbury,Beauty and the Beast,4dhPM05Kr49JbsvPwGROnJ,58,2001,show-tunes,0.34,0.116,5,-17.451,0,0.035,0.765,2.46e-06,0.139,0.194,90.687,165187,4
2025-01-04 21:56,Julie Andrews,"Supercalifragilisticexpialidocious - From ""Mary Poppins"" Soundtrack",1951,"julie andrews - supercalifragilisticexpialidocious - from ""mary poppins"" soundtrack",101090,Julie Andrews,"Supercalifragilisticexpialidocious - From ""Mary Poppins"" Soundtrack",5cvzqk8wsmLA9P7LrZCRb2,55,2013,show-tunes,0.516,0.718,10,-11.213,1,0.42,0.574,0.0,0.162,0.901,156.995,122027,4
2025-01-04 21:56,Stephanie Beatriz,Waiting On A Miracle,418,stephanie beatriz - waiting on a miracle,523442,Stephanie Beatriz,Waiting On A Miracle,3oRW9ZGPRbLRMneQ5lwflt,68,2021,show-tunes,0.48,0.554,1,-8.145,0,0.069,0.171,0.0,0.131,0.267,190.066,161840,3
2025-01-04 21:57,Mandy Moore,"When Will My Life Begin? - From ""Tangled"" / Soundtrack Version",2184,"mandy moore - when will my life begin? - from ""tangled"" / soundtrack version",488022,Mandy Moore,"When Will My Life Begin? - From ""Tangled"" / Soundtrack Version",3NtTKjbIK879ragqZCq3gC,59,2021,dance,0.645,0.45,4,-6.578,1,0.0333,0.0921,0.0,0.0889,0.379,107.875,152213,4
2025-01-04 21:57,Mandy Moore,"When Will My Life Begin? - From ""Tangled"" / Soundtrack Version",636,"mandy moore - when will my life begin? - from ""tangled"" / soundtrack version",488022,Mandy Moore,"When Will My Life Begin? - From ""Tangled"" / Soundtrack Version",3NtTKjbIK879ragqZCq3gC,59,2021,dance,0.645,0.45,4,-6.578,1,0.0333,0.0921,0.0,0.0889,0.379,107.875,152213,4
2025-01-04 21:57,Idina Menzel,Into the Unknown,1252,idina menzel - into the unknown,414437,Idina Menzel,Into the Unknown,3Z0oQ8r78OUaHvGPiDBR3W,71,2019,show-tunes,0.323,0.405,10,-8.533,0,0.0413,0.849,0.000544,0.138,0.274,145.104,194848,5
2025-01-04 21:57,Idina Menzel,Into the Unknown,584,idina menzel - into the unknown,414437,Idina Menzel,Into the Unknown,3Z0oQ8r78OUaHvGPiDBR3W,71,2019,show-tunes,0.323,0.405,10,-8.533,0,0.0413,0.849,0.000544,0.138,0.274,145.104,194848,5
2025-01-04 21:57,Jon Batiste,It's All Right,3447,jon batiste - it's all right,456048,Jon Batiste,It's All Right,4gzwK4RdSK9M43vPY68J2Y,56,2020,jazz,0.552,0.45,7,-9.768,1,0.0522,0.585,3.22e-05,0.316,0.614,105.108,170187,4
2025-01-04 22:00,Idina Menzel,Into the Unknown,194848,idina menzel - into the unknown,414437,Idina Menzel,Into the Unknown,3Z0oQ8r78OUaHvGPiDBR3W,71,2019,show-tunes,0.323,0.405,10,-8.533,0,0.0413,0.849,0.000544,0.138,0.274,145.104,194848,5
2025-01-04 22:02,Mandy Moore,"When Will My Life Begin? - From ""Tangled"" / Soundtrack Version",152333,"mandy moore - when will my life begin? - from ""tangled"" / soundtrack version",488022,Mandy Moore,"When Will My Life Begin? - From ""Tangled"" / Soundtrack Version",3NtTKjbIK879ragqZCq3gC,59,2021,dance,0.645,0.45,4,-6.578,1,0.0333,0.0921,0.0,0.0889,0.379,107.875,152213,4
2025-01-04 22:06,Dove Cameron,If Only,229813,dove cameron - if only,197574,Dove Cameron,If Only,1mRBJdpIgc3jZH8C3cN2WV,67,2015,pop,0.477,0.6,7,-5.652,1,0.0324,0.271,0.0,0.112,0.29,152.062,229813,3
2025-01-04 23:53,Naomi Scott,Speechless (Full),35192,naomi scott - speechless (full),406479,Naomi Scott,Speechless (Full),0XPsOSYzDJZJArevQNm2AR,69,2019,pop,0.474,0.489,6,-7.625,0,0.0342,0.467,0.0,0.119,0.23,124.844,208801,4
2025-01-06 17:18,Tate McRae,you broke me first,124641,tate mcrae - you broke me first,462001,Tate McRae,you broke me first,45bE4HXI0AwGZXfZtMp8JR,81,2020,pop,0.667,0.373,4,-9.389,1,0.05,0.785,0.0,0.0906,0.0823,124.148,169266,4
2025-01-06 17:21,Lizzy McAlpine,ceilings,182887,lizzy mcalpine - ceilings,549416,Lizzy McAlpine,ceilings,2L9N0zZnd37dwF0clgxMGI,89,2022,folk,0.516,0.322,9,-11.762,1,0.0292,0.473,0.00194,0.215,0.261,148.005,182888,3
2025-01-06 17:25,Lewis Capaldi,Before You Go,215106,lewis capaldi - before you go,406375,Lewis Capaldi,Before You Go,2gMXnyrvIjhVBUZwvLZDMP,83,2019,pop,0.459,0.575,3,-4.858,1,0.0573,0.604,0.0,0.0885,0.183,111.881,215107,4
2025-01-06 17:27,Imagine Dragons,Bones,165264,imagine dragons - bones,572948,Imagine Dragons,Bones,0HqZX76SFLDz2aW8aiqi7G,86,2022,rock,0.773,0.742,5,-3.678,0,0.046,0.0206,0.0,0.0754,0.571,114.071,165265,4
2025-01-06 22:20,Conan Gray,Heather,714,conan gray - heather,461994,Conan Gray,Heather,4xqrdfXkTW4T0RauPLv3WA,85,2020,pop,0.357,0.425,5,-7.301,1,0.0333,0.584,0.0,0.322,0.27,102.078,198040,3
2025-01-06 22:20,Conan Gray,Heather,0,conan gray - heather,461994,Conan Gray,Heather,4xqrdfXkTW4T0RauPLv3WA,85,2020,pop,0.357,0.425,5,-7.301,1,0.0333,0.584,0.0,0.322,0.27,102.078,198040,3
2025-01-06 22:20,The Neighbourhood,Sweater Weather,1705,the neighbourhood - sweater weather,1800,The Neighbourhood,Sweater Weather,4pGqFOfzvfe6avb9kbZicC,60,2012,alt-rock,0.695,0.615,7,-5.325,0,0.042,0.15,0.000212,0.0879,0.414,124.015,240040,4
2025-01-06 22:32,Lana Del Rey,Young And Beautiful,228446,lana del rey - young and beautiful,93567,Lana Del Rey,Young And Beautiful,2nMeu6UenVvwUktBCpLMK9,81,2013,pop,0.324,0.416,11,-8.92,0,0.0368,0.262,3.69e-05,0.11,0.151,113.986,236053,4
2025-01-06 22:41,Selena Gomez,Bad Liar,210649,selena gomez - bad liar,264810,Selena Gomez,Bad Liar,2fZQIJew3nkNe99s2PKzul,68,2017,dance,0.965,0.414,1,-6.408,1,0.0713,0.189,0.0,0.0767,0.728,121.032,214648,4
2025-01-06 22:43,Bastille,Doom Days,130102,bastille - doom days,410232,Bastille,Doom Days,1TkXApzsz0a6YRArjbqprt,54,2019,rock,0.665,0.619,10,-8.327,0,0.0663,0.596,0.0,0.14,0.541,137.043,138115,4
2025-01-06 22:46,Tove Lo,Habits (Stay High),195506,tove lo - habits (stay high),119678,Tove Lo,Habits (Stay High),14OxJlLdcHNpgsm4DRwDOB,71,2014,dance,0.729,0.65,5,-3.539,1,0.0313,0.0702,6.69e-05,0.0829,0.347,110.02,209160,4
2025-01-06 22:50,Halsey,Nightmare,201623,halsey - nightmare,377723,Halsey,Nightmare,340UVheS8z3ncW9TTUhAbc,65,2019,dance,0.611,0.622,9,-5.075,0,0.0734,0.0188,0.0,0.359,0.538,146.11,231999,4
2025-01-06 22:53,Jaymes Young,Infinity,212287,jaymes young - infinity,286612,Jaymes Young,Infinity,1SOClUWhOi8vHZYMz3GluK,81,2017,indie-pop,0.671,0.673,11,-6.941,0,0.0444,0.148,5.29e-05,0.304,0.494,121.963,237720,4
2025-01-07 23:49,OneRepublic,Counting Stars,1750,onerepublic - counting stars,146275,OneRepublic,Counting Stars,6sy3LkhNFjJWlaeSMNwQ62,76,2014,piano,0.664,0.705,1,-4.972,0,0.0382,0.0654,0.0,0.115,0.477,122.017,257840,4
2025-01-07 23:56,The Neighbourhood,Sweater Weather,223947,the neighbourhood - sweater weather,1800,The Neighbourhood,Sweater Weather,4pGqFOfzvfe6avb9kbZicC,60,2012,alt-rock,0.695,0.615,7,-5.325,0,0.042,0.15,0.000212,0.0879,0.414,124.015,240040,4
2025-01-08 00:05,Sam Tinnesz,Play with Fire (feat. Yacht Money),168158,sam tinnesz - play with fire (feat. yacht money),254812,Sam Tinnesz,Play with Fire (feat. Yacht Money),7vguMCv8uVuZLiQJ156u3Z,74,2017,alt-rock,0.573,0.539,2,-6.091,0,0.0322,0.0162,1.16e-05,0.105,0.39,75.012,180691,4
2025-01-08 00:08,Bastille,Flaws,212300,bastille - flaws,93679,Bastille,Flaws,67wABU4SjBlnDHB0KiU3HL,47,2013,pop,0.57,0.657,8,-6.987,1,0.0356,0.405,1.86e-06,0.0723,0.41,144.247,218800,4
2025-01-08 00:10,XXXTENTACION,SAD!,134803,xxxtentacion - sad!,328649,XXXTENTACION,SAD!,3ee8Jmje8o58CHK66QrVC2,81,2018,emo,0.74,0.613,8,-4.88,1,0.145,0.258,0.00372,0.123,0.473,75.023,166606,4
2025-01-08 00:17,Travis Scott,goosebumps,212618,travis scott - goosebumps,244724,Travis Scott,goosebumps,6gBFPUFcJLzWGx4lenP6h2,82,2016,house,0.841,0.728,7,-3.37,1,0.0484,0.0847,0.0,0.149,0.43,130.049,243837,4
2025-01-08 00:17,Travis Scott,goosebumps,212618,travis scott - goosebumps,341768,Travis Scott,Goosebumps,6dWf1xaHOmJo7eL9WuSkdL,54,2018,house,0.849,0.629,7,-6.27,1,0.0475,0.0789,0.0,0.13,0.467,130.105,243840,4
2025-01-08 00:20,Astrid S,Hurts So Good,183761,astrid s - hurts so good,224549,Astrid S,Hurts So Good,46ydq5g3k17iLJs3qMDvO6,69,2016,dance,0.675,0.609,7,-5.027,0,0.0586,0.084,0.0,0.0957,0.378,120.039,208729,4
2025-01-08 00:23,Twenty One Pilots,Heathens,193542,twenty one pilots - heathens,614802,Twenty One Pilots,Heathens,28dStUv9JDoGCo1qJbrcMC,3,2023,rock,0.732,0.396,4,-9.348,0,0.0286,0.0841,3.54e-05,0.105,0.548,90.025,195920,4
2025-01-08 01:45,Chappell Roan,My Kink Is Karma,84799,chappell roan - my kink is karma,562106,Chappell Roan,My Kink is Karma,5nutMjOPSSB9I9CUGOg8lm,53,2022,indie-pop,0.582,0.526,2,-6.201,1,0.0624,0.0621,0.0,0.0847,0.273,86.256,222578,4
2025-01-08 15:35,Chappell Roan,My Kink Is Karma,129335,chappell roan - my kink is karma,562106,Chappell Roan,My Kink is Karma,5nutMjOPSSB9I9CUGOg8lm,53,2022,indie-pop,0.582,0.526,2,-6.201,1,0.0624,0.0621,0.0,0.0847,0.273,86.256,222578,4
2025-01-08 15:38,Imagine Dragons,Enemy (with JID) - from the series Arcane League of Legends,168384,imagine dragons - enemy (with jid) - from the series arcane league of legends,519370,Imagine Dragons,Enemy (with JID) - from the series Arcane League of Legends,1r9xUipOqoNwggBpENDsvJ,81,2021,rock,0.728,0.783,11,-4.424,0,0.266,0.237,0.0,0.434,0.555,77.011,173381,4
2025-01-08 15:42,Sub Urban,INFERNO,124156,sub urban - inferno,508590,Sub Urban,INFERNO,7aonAWn0J0AJ47ZU9WHCXC,65,2021,indie-pop,0.82,0.611,9,-5.02,0,0.122,0.0766,2.5e-05,0.0684,0.637,127.883,133134,4
2025-01-08 15:56,Dermot Kennedy,Power Over Me,184620,dermot kennedy - power over me,386086,Dermot Kennedy,Power Over Me,4tViDtaHuSLnh7HVJTrKhs,72,2019,folk,0.319,0.841,9,-4.232,0,0.147,0.0518,0.0,0.106,0.483,173.868,206960,3
2025-01-08 16:00,Daughter,Medicine,218646,daughter - medicine,40376,Daughter,Medicine,1ujiHGg5p9SVrNIV4jumQK,60,2012,pop,0.216,0.301,3,-12.464,1,0.0294,0.105,0.219,0.563,0.202,79.869,258973,5
2025-01-08 16:03,Taylor Swift,"no body, no crime (feat. HAIM)",200559,"taylor swift - no body, no crime (feat. haim)",462095,Taylor Swift,"no body, no crime (feat. HAIM)",3RaT22zZsxVYxxKR7TAaYF,65,2020,pop,0.546,0.613,7,-7.589,0,0.0264,0.418,0.0,0.103,0.535,79.015,215627,4
2025-01-08 16:14,The Fray,Look After You,72506,the fray - look after you,252006,The Fray,Look After You,5SIE0oRvtJSjmJOAUjraAy,38,2016,piano,0.431,0.591,6,-3.02,0,0.0322,0.0599,2.91e-06,0.0981,0.274,77.993,268293,4
2025-01-08 17:39,The Fray,Look After You,87963,the fray - look after you,252006,The Fray,Look After You,5SIE0oRvtJSjmJOAUjraAy,38,2016,piano,0.431,0.591,6,-3.02,0,0.0322,0.0599,2.91e-06,0.0981,0.274,77.993,268293,4
2025-01-08 17:42,AJR,Weak,193767,ajr - weak,293511,AJR,Weak,5DZwnLxHjWTZaz9jOpRhxb,65,2017,pop,0.67,0.643,5,-4.553,1,0.0465,0.118,0.0,0.192,0.703,123.979,201159,4
2025-01-08 17:48,Jack & Jack,No One Compares To You,176860,jack & jack - no one compares to you,377798,Jack & Jack,No One Compares To You,4cZ3UsiKd1kUQIaq4BFIj2,63,2019,dance,0.7,0.748,1,-6.044,1,0.0434,0.127,0.0,0.0941,0.631,111.939,182920,4
2025-01-08 17:51,Surf Curse,Freaks,139790,surf curse - freaks,508522,Surf Curse,Freaks,7EkWXAI1wn8Ii883ecd9xr,83,2021,indie-pop,0.345,0.941,9,-9.918,1,0.0466,3.84e-05,0.633,0.0511,0.407,179.626,147062,4
2025-01-08 17:54,Ruth B.,Dandelions,216254,ruth b. - dandelions,293465,Ruth B.,Dandelions,2eAvDnpXP5W0cVtiI0PUxV,87,2017,pop,0.609,0.692,1,-2.958,1,0.0259,0.0157,0.0,0.0864,0.454,116.959,233720,3
2025-01-08 17:54,Selena Gomez,Wolves,11543,selena gomez - wolves,264780,Selena Gomez,Wolves,0tBbt8CrmxbjRP0pueQkyU,79,2017,dance,0.724,0.804,11,-4.614,0,0.0448,0.124,0.0,0.204,0.306,124.987,197993,4
2025-01-08 17:55,Marshmello,Be Kind (with Halsey),9399,marshmello - be kind (with halsey),433225,Marshmello,Be Kind (with Halsey),3Z8FwOEN59mRMxDCtb8N0A,74,2020,dance,0.63,0.633,4,-7.088,1,0.0457,0.00776,0.0,0.0541,0.452,93.995,172762,4
2025-01-08 17:59,Glass Animals,Heat Waves,234665,glass animals - heat waves,454749,Glass Animals,Heat Waves,02MWAaffLxlfxAUY7c5dvx,84,2020,indie-pop,0.761,0.525,11,-6.9,1,0.0944,0.44,6.7e-06,0.0921,0.531,80.87,238805,4
2025-01-08 18:06,Imagine Dragons,Bones,165000,imagine dragons - bones,572948,Imagine Dragons,Bones,0HqZX76SFLDz2aW8aiqi7G,86,2022,rock,0.773,0.742,5,-3.678,0,0.046,0.0206,0.0,0.0754,0.571,114.071,165265,4
2025-01-08 18:10,Bishop Briggs,River,211379,bishop briggs - river,254952,Bishop Briggs,River,0TGTE9TEh9qzuFwmtRNICn,53,2017,alt-rock,0.726,0.484,2,-6.707,0,0.0477,0.274,2.44e-06,0.0874,0.561,62.493,214280,4
2025-01-08 18:14,Taylor Swift,I Did Something Bad,234579,taylor swift - i did something bad,293488,Taylor Swift,I Did Something Bad,4svZDCRz4cJoneBpjpx8DJ,74,2017,pop,0.696,0.602,0,-6.156,0,0.159,0.0679,2.11e-05,0.0696,0.305,82.989,238253,4
2025-01-08 18:15,Halsey,Walls Could Talk,90949,halsey - walls could talk,264782,Halsey,Walls Could Talk,5ln5yQdUywVbf8HhFsOcd6,74,2017,dance,0.626,0.423,1,-6.035,1,0.0513,0.128,0.0,0.18,0.571,95.162,101790,4
2025-01-08 18:18,BTS,Burning Up (Fire),196976,bts - burning up (fire),247536,BTS,Burning Up (Fire),0aE3V0zgSD2YwkEHW42gxG,70,2016,k-pop,0.626,0.706,10,-3.201,0,0.0596,0.00225,0.0,0.122,0.534,99.939,203352,4
2025-01-08 18:18,BTS,Burning Up (Fire),196976,bts - burning up (fire),564348,BTS,Burning Up (FIRE),5cQPIQAF2T1elxWs7EqB9W,60,2022,k-pop,0.63,0.668,3,-4.266,0,0.0714,0.00287,0.0,0.125,0.529,99.949,203958,4
2025-01-08 18:20,24kGoldn,CITY OF ANGELS,104767,24kgoldn - city of angels,406425,24kGoldn,CITY OF ANGELS,6ap9lSRJ0iLriGLqoJ44cq,70,2019,pop,0.686,0.541,0,-4.993,0,0.0493,0.042,0.0,0.0675,0.724,120.082,112493,4
2025-01-08 18:24,Wallows,Are You Bored Yet? (feat. Clairo),176019,wallows - are you bored yet? (feat. clairo),399066,Wallows,Are You Bored Yet? (feat. Clairo),57RA3JGafJm5zRtKJiKPIm,77,2019,indie-pop,0.682,0.683,8,-6.444,0,0.0287,0.156,2.32e-05,0.273,0.64,120.023,178000,4
2025-01-08 18:27,Lewis Capaldi,Bruises,208672,lewis capaldi - bruises,406387,Lewis Capaldi,Bruises,4Of7rzpRpV1mWRbhp5rAqG,79,2019,pop,0.736,0.308,4,-7.83,1,0.0677,0.946,0.0,0.186,0.361,111.202,220492,4
2025-01-08 18:31,Coldplay,Hymn for the Weekend,238983,coldplay - hymn for the weekend,197543,Coldplay,Hymn for the Weekend,3RiPr603aXAoi4GHyXx0uy,82,2015,pop,0.491,0.693,0,-6.487,0,0.0377,0.211,6.92e-06,0.325,0.412,90.027,258267,4
2025-01-08 18:34,Troye Sivan,Happy Little Pill,206188,troye sivan - happy little pill,119910,Troye Sivan,Happy Little Pill,4z8Ll8nU1jMqB8HvKTyLP1,50,2014,dance,0.567,0.593,4,-7.127,0,0.0375,0.000848,2.09e-06,0.114,0.0398,91.703,224874,4
2025-01-08 18:37,Justin Bieber,Lonely (with benny blanco),142035,justin bieber - lonely (with benny blanco),462097,Justin Bieber,Lonely (with benny blanco),4y4spB9m0Q6026KfkAvy9Q,70,2020,pop,0.631,0.239,11,-7.071,0,0.0398,0.864,0.0,0.116,0.0927,79.859,149297,4
2025-01-08 18:40,Ellie Goulding,Close To Me (with Diplo) (feat. Swae Lee),176848,ellie goulding - close to me (with diplo) (feat. swae lee),321123,Ellie Goulding,Close To Me (with Diplo) (feat. Swae Lee),5JEx7HbmvHQQswJCsoo9rA,62,2018,dance,0.575,0.758,1,-5.029,0,0.0618,0.0954,0.0,0.394,0.493,144.107,182623,4
2025-01-08 18:43,Maroon 5,Cold (feat. Future),225388,maroon 5 - cold (feat. future),350257,Maroon 5,Cold (feat. Future),7gwLQ4tZ5UdZ7qNcDyJ8wr,62,2018,pop,0.693,0.717,9,-6.346,0,0.107,0.14,0.0,0.0464,0.412,99.836,234308,4
2025-01-08 18:46,Sia,"Genius (feat. Sia, Diplo, and Labrinth)",185984,"sia - genius (feat. sia, diplo, and labrinth)",377708,Sia,"Genius (feat. Sia, Diplo, and Labrinth)",4xigPf2sigSPmuFH3qCelB,73,2019,dance,0.603,0.615,11,-4.931,0,0.165,0.0799,6.72e-05,0.117,0.561,158.657,213707,4
2025-01-08 18:50,Taylor Swift,Delicate,225000,taylor swift - delicate,293475,Taylor Swift,Delicate,6NFyWDv5CjfwuzoCkw47Xf,78,2017,pop,0.75,0.404,9,-10.178,0,0.0682,0.216,0.000357,0.0911,0.0499,95.045,232253,4
2025-01-08 18:54,5 Seconds of Summer,Youngblood,203000,5 seconds of summer - youngblood,321020,5 Seconds of Summer,Youngblood,2iUXsYOEPhVqEBwsqP70rE,79,2018,dance,0.596,0.854,7,-5.114,0,0.463,0.0169,0.0,0.124,0.152,120.274,203418,4
2025-01-08 18:57,Twenty One Pilots,Ride,202883,twenty one pilots - ride,201247,Twenty One Pilots,Ride,2Z8WuEywRWYTKe1NybPQEW,80,2015,rock,0.645,0.713,6,-5.355,1,0.0393,0.00835,0.0,0.113,0.566,74.989,214507,4
2025-01-08 18:59,Lil Nas X,THATS WHAT I WANT,141401,lil nas x - thats what i want,506691,Lil Nas X,THATS WHAT I WANT,0e8nrvls4Qqv5Rfa2UhqmO,82,2021,hip-hop,0.737,0.846,1,-4.51,0,0.22,0.00614,0.0,0.0486,0.546,87.981,143901,4
2025-01-08 19:03,The Chainsmokers,Who Do You Love,211231,the chainsmokers - who do you love,377711,The Chainsmokers,Who Do You Love,2fVHrSxsQbJUuj9MW9zG1e,69,2019,dance,0.51,0.846,3,-4.595,1,0.0461,0.0101,0.0,0.208,0.475,139.927,226733,4
2025-01-08 19:06,Imagine Dragons,Natural,178690,imagine dragons - natural,354036,Imagine Dragons,Natural,2FY7b99s15jUprqC0M5NCT,80,2018,rock,0.704,0.611,2,-6.112,1,0.0409,0.217,0.0,0.0812,0.22,100.0,189467,4
2025-01-08 19:10,Daisy the Great,Record Player,146219,daisy the great - record player,562079,Daisy the Great,Record Player,7Gk8IPlFTLUcoIH3mtASI0,56,2022,indie-pop,0.665,0.686,11,-7.049,0,0.104,0.247,0.0,0.062,0.927,73.987,149538,4
2025-01-08 19:12,Dove Cameron,Breakfast,146704,dove cameron - breakfast,569268,Dove Cameron,Breakfast,6GUiIbJ834FcHewby3PwV0,73,2022,pop,0.64,0.553,2,-6.42,0,0.0411,0.0579,0.0,0.0914,0.486,81.992,148471,4
2025-01-08 19:15,Halsey,Gasoline,181856,halsey - gasoline,175413,Halsey,Gasoline,2IO7yf562c1zLzpanal1DT,70,2015,electro,0.731,0.58,10,-7.328,0,0.0399,0.223,0.0,0.129,0.319,119.997,199593,4
2025-01-08 19:18,Arctic Monkeys,I Wanna Be Yours,174519,arctic monkeys - i wanna be yours,77591,Arctic Monkeys,I Wanna Be Yours,5XeFesFbtLpXzIVDNQP22n,91,2013,garage,0.464,0.417,0,-9.345,0,0.0256,0.136,0.022,0.0974,0.479,67.528,183956,4
2025-01-08 19:20,Bryce Fox,Golden Boy,135112,bryce fox - golden boy,479236,Bryce Fox,Golden Boy,6PQkriCkh2BjZGeK7qTC0q,33,2021,alt-rock,0.694,0.78,9,-6.844,1,0.0728,0.00184,0.0,0.222,0.621,130.058,168555,4
2025-01-08 19:26,Clarx,Castle,140821,clarx - castle,439449,Clarx,Castle,7tUToegtVh5dodpcqaYrHo,56,2020,edm,0.672,0.759,8,-7.761,1,0.0266,0.0826,0.00225,0.19,0.217,110.005,158182,4
2025-01-08 19:30,Imagine Dragons,Who We Are,225290,imagine dragons - who we are,201310,Imagine Dragons,Who We Are,2x2SotEkKozaFh6H1aVnOZ,51,2015,rock,0.407,0.656,6,-7.088,0,0.0413,0.00746,0.255,0.343,0.39,173.954,249347,4
2025-01-08 19:33,MARINA,About Love - From The Netflix Film “To All The Boys: P.S. I Still Love You”,204636,marina - about love - from the netflix film “to all the boys: p.s. i still love you”,433604,MARINA,About Love - From The Netflix Film “To All The Boys: P.S. I Still Love You”,4XII12nbsvJblXfG1I2QR4,55,2020,dance,0.636,0.758,0,-5.567,1,0.0427,0.331,1.01e-05,0.16,0.281,97.025,214107,4
2025-01-08 19:37,PUBLIC,Make You Mine,227914,public - make you mine,410165,PUBLIC,Make You Mine,5iFwAOB2TFkPJk8sMlxP8g,75,2019,rock,0.606,0.799,9,-4.452,1,0.0261,0.0128,0.0,0.15,0.638,103.014,232907,4
2025-01-08 19:41,Aaron Smith,Dancin - Krono Remix,207972,aaron smith - dancin - krono remix,372776,Aaron Smith,Dancin - Krono Remix,4IlqQhaxrGPxmg35YcXXuS,75,2019,chicago-house,0.751,0.727,10,-9.789,0,0.0304,0.0442,0.0338,0.1,0.28,119.982,256000,4
2025-01-08 19:44,Thirty Seconds To Mars,The Kill,228222,thirty seconds to mars - the kill,1036530,Thirty Seconds To Mars,The Kill,0lP4HYLmvowOKdsQ7CVkuq,74,2005,rock,0.179,0.912,4,-3.881,0,0.0791,0.0014,0.000294,0.582,0.289,182.99,231533,3
2025-01-08 19:48,Carrie Underwood,Before He Cheats,192965,carrie underwood - before he cheats,118969,Carrie Underwood,Before He Cheats,3SjQ4I8IHB8HljhIrkGq3G,47,2014,country,0.502,0.786,6,-2.195,0,0.0425,0.243,0.0,0.157,0.28,147.939,198987,4
2025-01-08 19:58,Halsey,Without Me,186587,halsey - without me,321041,Halsey,Without Me,5p7ujcrUXASCNwRaWNHR1C,75,2018,dance,0.752,0.488,6,-7.05,1,0.0705,0.297,9.11e-06,0.0936,0.533,136.041,201661,4
2025-01-08 20:03,Dominic Fike,3 Nights,169807,dominic fike - 3 nights,350218,Dominic Fike,3 Nights,1tNJrcVe6gwLEiZCtprs1u,73,2018,pop,0.815,0.518,7,-6.594,0,0.0897,0.223,0.0,0.104,0.877,151.891,177667,4
2025-01-08 20:06,Conan Gray,Maniac,183949,conan gray - maniac,462007,Conan Gray,Maniac,6KfoDhO4XUWSbnyKjNp9c4,77,2020,pop,0.628,0.639,8,-5.46,1,0.0435,0.00162,0.0,0.354,0.493,108.045,185773,4
2025-01-08 20:08,Zadbeatz,Belong,107965,zadbeatz - belong,484092,Zadbeatz,Belong,3M59UgRVGzMw3wca9UXbUR,42,2021,chill,0.457,0.217,8,-20.768,1,0.0529,0.95,0.928,0.124,0.0953,159.802,111766,4
2025-01-08 20:18,Ed Sheeran,Cross Me (feat. Chance the Rapper & PnB Rock),201926,ed sheeran - cross me (feat. chance the rapper & pnb rock),406658,Ed Sheeran,Cross Me (feat. Chance the Rapper & PnB Rock),543bCW2ruMPmxUBWirQ3MR,61,2019,pop,0.746,0.787,4,-6.373,1,0.12,0.214,0.0,0.0669,0.607,95.005,206187,4
2025-01-08 20:22,NF,Time,200942,nf - time,397271,NF,Time,6MxMqCgqmekcr0VwSU7AVH,70,2019,hip-hop,0.677,0.688,0,-4.058,0,0.0633,0.138,0.0,0.114,0.198,98.049,240429,4
2025-01-08 20:29,Eminem,Mockingbird,208922,eminem - mockingbird,952551,Eminem,Mockingbird,561jH07mF1jHuk7KlaeF0s,90,2004,hip-hop,0.637,0.678,0,-3.798,1,0.266,0.209,0.0,0.156,0.254,84.039,250760,4
2025-01-10 04:16,Halsey,Nightmare,0,halsey - nightmare,377723,Halsey,Nightmare,340UVheS8z3ncW9TTUhAbc,65,2019,dance,0.611,0.622,9,-5.075,0,0.0734,0.0188,0.0,0.359,0.538,146.11,231999,4
2025-01-10 04:16,Zedd,365,1489,zedd - 365,377816,Zedd,365,2XWjPtKdi5sucFYtVav07d,64,2019,dance,0.745,0.693,2,-5.479,0,0.034,0.339,0.0,0.123,0.248,98.039,181900,4
2025-01-10 04:16,Astrid S,Hurts So Good,1447,astrid s - hurts so good,224549,Astrid S,Hurts So Good,46ydq5g3k17iLJs3qMDvO6,69,2016,dance,0.675,0.609,7,-5.027,0,0.0586,0.084,0.0,0.0957,0.378,120.039,208729,4
2025-01-10 04:16,Tove Lo,Habits (Stay High),1895,tove lo - habits (stay high),119678,Tove Lo,Habits (Stay High),14OxJlLdcHNpgsm4DRwDOB,71,2014,dance,0.729,0.65,5,-3.539,1,0.0313,0.0702,6.69e-05,0.0829,0.347,110.02,209160,4
2025-01-10 20:38,Twenty One Pilots,Heathens,193049,twenty one pilots - heathens,614802,Twenty One Pilots,Heathens,28dStUv9JDoGCo1qJbrcMC,3,2023,rock,0.732,0.396,4,-9.348,0,0.0286,0.0841,3.54e-05,0.105,0.548,90.025,195920,4
2025-01-10 20:47,Selena Gomez,Bad Liar,209455,selena gomez - bad liar,264810,Selena Gomez,Bad Liar,2fZQIJew3nkNe99s2PKzul,68,2017,dance,0.965,0.414,1,-6.408,1,0.0713,0.189,0.0,0.0767,0.728,121.032,214648,4
2025-01-10 20:51,NF,Time,199886,nf - time,397271,NF,Time,6MxMqCgqmekcr0VwSU7AVH,70,2019,hip-hop,0.677,0.688,0,-4.058,0,0.0633,0.138,0.0,0.114,0.198,98.049,240429,4
2025-01-10 20:57,Halsey,Gasoline,362834,halsey - gasoline,175413,Halsey,Gasoline,2IO7yf562c1zLzpanal1DT,70,2015,electro,0.731,0.58,10,-7.328,0,0.0399,0.223,0.0,0.129,0.319,119.997,199593,4
2025-01-10 20:58,Bishop Briggs,River,83037,bishop briggs - river,254952,Bishop Briggs,River,0TGTE9TEh9qzuFwmtRNICn,53,2017,alt-rock,0.726,0.484,2,-6.707,0,0.0477,0.274,2.44e-06,0.0874,0.561,62.493,214280,4
2025-01-10 20:59,Elley Duhé,MIDDLE OF THE NIGHT,56005,elley duhé - middle of the night,462004,Elley Duhé,MIDDLE OF THE NIGHT,58HvfVOeJY7lUuCqF0m3ly,85,2020,pop,0.41,0.611,4,-8.271,0,0.0467,0.0228,0.0,0.116,0.0899,185.727,184448,3
2025-01-11 16:54,Mike Posner,I Took A Pill In Ibiza - Seeb Remix,1385,mike posner - i took a pill in ibiza - seeb remix,224461,Mike Posner,I Took A Pill In Ibiza - Seeb Remix,1MtUq6Wp1eQ8PC6BbPCj8P,70,2016,dance,0.664,0.714,7,-6.645,0,0.111,0.0353,8.42e-06,0.0843,0.71,101.969,197933,4
2025-01-11 16:54,Mike Posner,I Took A Pill In Ibiza - Seeb Remix,1385,mike posner - i took a pill in ibiza - seeb remix,230924,Mike Posner,I Took a Pill in Ibiza - SeeB Remix,2xcXd7naj05KPERLmSkLNn,27,2016,edm,0.674,0.804,7,-4.685,0,0.0712,0.0405,2.25e-05,0.311,0.667,101.996,193840,4
2025-01-11 16:54,5 Seconds of Summer,Ghost Of You,268,5 seconds of summer - ghost of you,321046,5 Seconds of Summer,Ghost Of You,1MhXdlCQPnO56T57MfmaRm,73,2018,dance,0.458,0.561,10,-4.819,1,0.0269,0.0965,0.0,0.156,0.206,149.875,197411,3
2025-01-11 16:57,5 Seconds of Summer,Ghost Of You,194640,5 seconds of summer - ghost of you,321046,5 Seconds of Summer,Ghost Of You,1MhXdlCQPnO56T57MfmaRm,73,2018,dance,0.458,0.561,10,-4.819,1,0.0269,0.0965,0.0,0.156,0.206,149.875,197411,3
2025-01-11 17:00,Mike Posner,I Took A Pill In Ibiza - Seeb Remix,189631,mike posner - i took a pill in ibiza - seeb remix,224461,Mike Posner,I Took A Pill In Ibiza - Seeb Remix,1MtUq6Wp1eQ8PC6BbPCj8P,70,2016,dance,0.664,0.714,7,-6.645,0,0.111,0.0353,8.42e-06,0.0843,0.71,101.969,197933,4
2025-01-11 17:00,Mike Posner,I Took A Pill In Ibiza - Seeb Remix,189631,mike posner - i took a pill in ibiza - seeb remix,230924,Mike Posner,I Took a Pill in Ibiza - SeeB Remix,2xcXd7naj05KPERLmSkLNn,27,2016,edm,0.674,0.804,7,-4.685,0,0.0712,0.0405,2.25e-05,0.311,0.667,101.996,193840,4
2025-01-11 17:04,Au/Ra,Panic Room,203075,au/ra - panic room,327322,Au/Ra,Panic Room,7uUahoeqGNRMbpdeiLj1rS,69,2018,edm,0.495,0.426,8,-9.434,1,0.0736,0.152,5.65e-06,0.099,0.0636,97.91,237773,4
2025-01-11 17:08,Maroon 5,Cold (feat. Future),225388,maroon 5 - cold (feat. future),350257,Maroon 5,Cold (feat. Future),7gwLQ4tZ5UdZ7qNcDyJ8wr,62,2018,pop,0.693,0.717,9,-6.346,0,0.107,0.14,0.0,0.0464,0.412,99.836,234308,4
2025-01-11 17:20,Ruth B.,Dandelions,142688,ruth b. - dandelions,293465,Ruth B.,Dandelions,2eAvDnpXP5W0cVtiI0PUxV,87,2017,pop,0.609,0.692,1,-2.958,1,0.0259,0.0157,0.0,0.0864,0.454,116.959,233720,3
2025-01-11 23:33,Ruth B.,Dandelions,22376,ruth b. - dandelions,293465,Ruth B.,Dandelions,2eAvDnpXP5W0cVtiI0PUxV,87,2017,pop,0.609,0.692,1,-2.958,1,0.0259,0.0157,0.0,0.0864,0.454,116.959,233720,3
2025-01-13 15:30,Ruth B.,Dandelions,306,ruth b. - dandelions,293465,Ruth B.,Dandelions,2eAvDnpXP5W0cVtiI0PUxV,87,2017,pop,0.609,0.692,1,-2.958,1,0.0259,0.0157,0.0,0.0864,0.454,116.959,233720,3
2025-01-13 15:30,Selena Gomez,Bad Liar,0,selena gomez - bad liar,264810,Selena Gomez,Bad Liar,2fZQIJew3nkNe99s2PKzul,68,2017,dance,0.965,0.414,1,-6.408,1,0.0713,0.189,0.0,0.0767,0.728,121.032,214648,4
2025-01-13 15:30,NF,Time,2523,nf - time,397271,NF,Time,6MxMqCgqmekcr0VwSU7AVH,70,2019,hip-hop,0.677,0.688,0,-4.058,0,0.0633,0.138,0.0,0.114,0.198,98.049,240429,4
2025-01-13 15:30,Maroon 5,Cold (feat. Future),970,maroon 5 - cold (feat. future),350257,Maroon 5,Cold (feat. Future),7gwLQ4tZ5UdZ7qNcDyJ8wr,62,2018,pop,0.693,0.717,9,-6.346,0,0.107,0.14,0.0,0.0464,0.412,99.836,234308,4
2025-01-13 15:34,NF,Time,240428,nf - time,397271,NF,Time,6MxMqCgqmekcr0VwSU7AVH,70,2019,hip-hop,0.677,0.688,0,-4.058,0,0.0633,0.138,0.0,0.114,0.198,98.049,240429,4
2025-01-13 15:48,Arctic Monkeys,I Wanna Be Yours,183956,arctic monkeys - i wanna be yours,77591,Arctic Monkeys,I Wanna Be Yours,5XeFesFbtLpXzIVDNQP22n,91,2013,garage,0.464,0.417,0,-9.345,0,0.0256,0.136,0.022,0.0974,0.479,67.528,183956,4
2025-01-13 15:51,George Ezra,Blame It on Me,196400,george ezra - blame it on me,127960,George Ezra,Blame It on Me,2vzMWO0T008m86yDnXwkII,67,2014,folk,0.537,0.757,3,-3.374,1,0.0274,0.473,0.0,0.341,0.421,103.882,196400,4
2025-01-13 17:13,Bastille,Flaws,218800,bastille - flaws,93679,Bastille,Flaws,67wABU4SjBlnDHB0KiU3HL,47,2013,pop,0.57,0.657,8,-6.987,1,0.0356,0.405,1.86e-06,0.0723,0.41,144.247,218800,4
2025-01-13 17:24,Chappell Roan,Femininomenon,219710,chappell roan - femininomenon,562187,Chappell Roan,Femininomenon,1YlOZY3puELE0PgxD1enZo,50,2022,indie-pop,0.645,0.789,3,-5.324,1,0.0545,0.339,6.32e-05,0.0821,0.31,124.951,219711,4
2025-01-13 17:31,Chappell Roan,Casual,173260,chappell roan - casual,562026,Chappell Roan,Casual,1UTGAopFU1g7qoxTE8sE3D,57,2022,indie-pop,0.508,0.411,1,-6.95,1,0.0269,0.226,0.0,0.0571,0.34,131.008,232796,4
2025-01-13 17:34,Conan Gray,Family Line,216094,conan gray - family line,569244,Conan Gray,Family Line,0iNZGC211wst3VjtobNnC5,76,2022,pop,0.326,0.397,6,-8.145,1,0.0461,0.619,0.0,0.0979,0.276,153.713,216095,3
2025-01-13 17:39,Chappell Roan,Pink Pony Club,258034,chappell roan - pink pony club,562220,Chappell Roan,Pink Pony Club,6rcuy6XqlB9bqvtIRDl25u,49,2022,indie-pop,0.613,0.646,6,-6.393,1,0.0451,0.406,0.0,0.112,0.47,106.958,258035,4
2025-01-13 17:42,Chappell Roan,My Kink Is Karma,222578,chappell roan - my kink is karma,562106,Chappell Roan,My Kink is Karma,5nutMjOPSSB9I9CUGOg8lm,53,2022,indie-pop,0.582,0.526,2,-6.201,1,0.0624,0.0621,0.0,0.0847,0.273,86.256,222578,4
2025-01-13 17:46,Conan Gray,Astronomy,243907,conan gray - astronomy,515671,Conan Gray,Astronomy,0KmgJyW4GDgonqsoyx0CZ3,68,2021,pop,0.471,0.335,4,-8.767,0,0.0273,0.593,2.11e-05,0.297,0.111,145.252,243907,3
2025-01-13 17:53,Wallows,Are You Bored Yet? (feat. Clairo),178000,wallows - are you bored yet? (feat. clairo),399066,Wallows,Are You Bored Yet? (feat. Clairo),57RA3JGafJm5zRtKJiKPIm,77,2019,indie-pop,0.682,0.683,8,-6.444,0,0.0287,0.156,2.32e-05,0.273,0.64,120.023,178000,4
2025-01-13 18:00,Chappell Roan,Pink Pony Club,258034,chappell roan - pink pony club,562220,Chappell Roan,Pink Pony Club,6rcuy6XqlB9bqvtIRDl25u,49,2022,indie-pop,0.613,0.646,6,-6.393,1,0.0451,0.406,0.0,0.112,0.47,106.958,258035,4
2025-01-13 18:16,Chappell Roan,My Kink Is Karma,222578,chappell roan - my kink is karma,562106,Chappell Roan,My Kink is Karma,5nutMjOPSSB9I9CUGOg8lm,53,2022,indie-pop,0.582,0.526,2,-6.201,1,0.0624,0.0621,0.0,0.0847,0.273,86.256,222578,4
2025-01-13 22:28,fun.,Carry On,278373,fun. - carry on,40379,fun.,Carry On,7gpy7sfWPNuOKmUNs3XQYE,58,2012,pop,0.388,0.694,5,-5.769,1,0.0735,0.118,0.000293,0.082,0.365,145.434,278373,5
2025-01-13 22:49,Conan Gray,Family Line,216094,conan gray - family line,569244,Conan Gray,Family Line,0iNZGC211wst3VjtobNnC5,76,2022,pop,0.326,0.397,6,-8.145,1,0.0461,0.619,0.0,0.0979,0.276,153.713,216095,3
2025-01-13 22:53,Arctic Monkeys,505,253586,arctic monkeys - 505,1145378,Arctic Monkeys,505,58ge6dfP91o9oXMzq3XkIS,80,2007,garage,0.52,0.852,0,-5.866,1,0.0543,0.00237,5.79e-05,0.0733,0.234,140.267,253587,4
2025-01-14 01:52,Lana Del Rey,Young And Beautiful,138244,lana del rey - young and beautiful,93567,Lana Del Rey,Young And Beautiful,2nMeu6UenVvwUktBCpLMK9,81,2013,pop,0.324,0.416,11,-8.92,0,0.0368,0.262,3.69e-05,0.11,0.151,113.986,236053,4
2025-01-14 03:53,Lana Del Rey,Young And Beautiful,97828,lana del rey - young and beautiful,93567,Lana Del Rey,Young And Beautiful,2nMeu6UenVvwUktBCpLMK9,81,2013,pop,0.324,0.416,11,-8.92,0,0.0368,0.262,3.69e-05,0.11,0.151,113.986,236053,4
2025-01-14 04:06,Ashnikko,Daisy,146523,ashnikko - daisy,433258,Ashnikko,Daisy,0AUvWawuP0ibk4SQ3sIZjk,67,2020,dance,0.834,0.663,8,-6.143,1,0.133,0.235,0.0,0.372,0.774,121.876,146523,4
2025-01-14 04:33,Fitz and The Tantrums,Out of My League,66385,fitz and the tantrums - out of my league,56397,Fitz and The Tantrums,Out of My League,2AYEOC02WLhUiOoaig2SEH,71,2013,alt-rock,0.545,0.968,9,-3.553,0,0.0853,0.0387,0.00325,0.331,0.527,169.965,209386,4
2025-01-14 16:41,Fitz and The Tantrums,Out of My League,1193,fitz and the tantrums - out of my league,56397,Fitz and The Tantrums,Out of My League,2AYEOC02WLhUiOoaig2SEH,71,2013,alt-rock,0.545,0.968,9,-3.553,0,0.0853,0.0387,0.00325,0.331,0.527,169.965,209386,4
2025-01-14 16:45,New West,Those Eyes,220750,new west - those eyes,399063,New West,Those Eyes,50x1Ic8CaXkYNvjmxe3WXy,87,2019,indie-pop,0.593,0.352,4,-8.296,1,0.0284,0.695,2.22e-05,0.3,0.226,119.988,220750,3
2025-01-14 16:50,Anuv Jain,Riha,287312,anuv jain - riha,398195,Anuv Jain,Riha,6Ln89sczgIcAJXGAIdS94R,58,2019,indian,0.389,0.148,3,-11.011,1,0.03,0.897,0.0,0.114,0.4,142.611,287324,4
2025-01-14 18:31,Olivia Rodrigo,deja vu,215506,olivia rodrigo - deja vu,515572,Olivia Rodrigo,deja vu,6HU7h9RYOaPRFeh0R3UeAr,83,2021,pop,0.442,0.612,2,-7.222,1,0.112,0.584,5.7e-06,0.37,0.178,180.917,215507,4
2025-01-14 19:04,Grimes,Kill V. Maim,246013,grimes - kill v. maim,175427,Grimes,Kill V. Maim,3WXhshrs1fzwF3rQE399Gq,62,2015,electro,0.578,0.947,11,-2.431,0,0.0359,0.00744,0.0816,0.105,0.456,134.033,246007,4
2025-01-14 19:07,Caroline Polachek,Sunset,162909,caroline polachek - sunset,547848,Caroline Polachek,Sunset,2eQ9B2SsQFU2qCnHSas3eQ,55,2022,electro,0.462,0.745,11,-5.356,0,0.0652,0.589,0.00015,0.288,0.648,122.051,163116,4
2025-01-14 19:13,Billie Eilish,watch,177523,billie eilish - watch,271631,Billie Eilish,watch,7eB1V5LvAdxCc7brfGhRRo,77,2017,electro,0.441,0.599,0,-8.985,1,0.225,0.333,0.00198,0.103,0.35,165.212,177523,4
2025-01-14 19:45,All Time Low,Monsters (feat. blackbear),116062,all time low - monsters (feat. blackbear),462037,All Time Low,Monsters (feat. blackbear),0tyR7Bu9P086aWBFZ4QJoo,69,2020,pop,0.369,0.845,0,-3.449,0,0.0611,0.0493,0.0,0.416,0.782,78.532,174068,4
2025-01-15 04:20,All Time Low,Monsters (feat. blackbear),805,all time low - monsters (feat. blackbear),462037,All Time Low,Monsters (feat. blackbear),0tyR7Bu9P086aWBFZ4QJoo,69,2020,pop,0.369,0.845,0,-3.449,0,0.0611,0.0493,0.0,0.416,0.782,78.532,174068,4
2025-01-15 04:21,Bryce Fox,Golden Boy,1159,bryce fox - golden boy,479236,Bryce Fox,Golden Boy,6PQkriCkh2BjZGeK7qTC0q,33,2021,alt-rock,0.694,0.78,9,-6.844,1,0.0728,0.00184,0.0,0.222,0.621,130.058,168555,4
2025-01-15 04:22,Kali Uchis,Melting,78613,kali uchis - melting,197515,Kali Uchis,Melting,2kSb3wYSOV996xA2NSmpck,81,2015,pop,0.574,0.479,8,-7.776,1,0.0355,0.179,0.0803,0.106,0.303,115.263,208854,4
2025-01-15 04:23,BLACKPINK,Kill This Love,6332,blackpink - kill this love,401157,BLACKPINK,Kill This Love,6hvczQ05jc1yGlp9zhb95V,73,2019,k-pop,0.763,0.835,2,-5.234,0,0.191,0.323,0.00221,0.225,0.645,131.875,191050,4
2025-01-15 04:23,Lizzy McAlpine,ceilings,69175,lizzy mcalpine - ceilings,549416,Lizzy McAlpine,ceilings,2L9N0zZnd37dwF0clgxMGI,89,2022,folk,0.516,0.322,9,-11.762,1,0.0292,0.473,0.00194,0.215,0.261,148.005,182888,3
2025-01-15 04:35,RAYE,Escapism.,272373,raye - escapism.,541578,RAYE,Escapism.,5Z2MiIZ5I3jJvvmeWMLbOQ,90,2022,dance,0.538,0.742,2,-5.355,1,0.114,0.138,4.67e-05,0.0934,0.25,96.107,272373,4
2025-01-15 04:38,SZA,Kill Bill,153946,sza - kill bill,569184,SZA,Kill Bill,1Qrg8KqiBpW07V7PNxwwwL,94,2022,pop,0.644,0.735,8,-5.747,1,0.0391,0.0521,0.144,0.161,0.418,88.98,153947,4
2025-01-15 04:41,Anne-Marie,PSYCHO,162666,anne-marie - psycho,541643,Anne-Marie,PSYCHO,1eprzC29mwUQqcVj0eILdx,75,2022,dance,0.62,0.681,9,-4.915,1,0.356,0.0138,0.0,0.0248,0.741,160.743,162493,4
2025-01-15 04:44,Stephen Sanchez,Until I Found You (with Em Beihold) - Em Beihold Version,176440,stephen sanchez - until i found you (with em beihold) - em beihold version,569194,Stephen Sanchez,Until I Found You (with Em Beihold) - Em Beihold Version,1Y3LN4zO1Edc2EluIoSPJN,91,2022,pop,0.551,0.55,10,-5.339,1,0.0286,0.777,0.0,0.202,0.342,101.19,176440,3
2025-01-15 04:50,BoyWithUke,Sick of U (with Oliver Tree),168676,boywithuke - sick of u (with oliver tree),574201,BoyWithUke,Sick of U (with Oliver Tree),5IXdkgrT4lb9sKIb8tbOQ3,73,2022,sad,0.676,0.814,0,-3.213,1,0.0585,0.277,0.0,0.0953,0.601,92.554,168676,4
2025-01-15 05:11,Sachin-Jigar,Saibo,167255,sachin-jigar - saibo,516629,Sachin-Jigar,Saibo,4qCcvSPIEDs1mCPAsaHFyC,12,2021,pop-film,0.619,0.429,2,-7.867,1,0.028,0.738,1.35e-05,0.136,0.545,90.058,195253,4
2025-01-15 17:28,Sachin-Jigar,Saibo,198613,sachin-jigar - saibo,516629,Sachin-Jigar,Saibo,4qCcvSPIEDs1mCPAsaHFyC,12,2021,pop-film,0.619,0.429,2,-7.867,1,0.028,0.738,1.35e-05,0.136,0.545,90.058,195253,4
2025-01-15 17:32,Taylor Swift,Lavender Haze,202395,taylor swift - lavender haze,569193,Taylor Swift,Lavender Haze,5jQI2r1RdgtuT8S3iG8zFC,86,2022,pop,0.733,0.436,10,-10.489,1,0.08,0.258,0.000573,0.157,0.0976,96.985,202396,4
2025-01-15 17:35,WILLOW,Wait a Minute!,196520,willow - wait a minute!,197518,WILLOW,Wait a Minute!,0y60itmpH0aPKsFiGxmtnh,79,2015,pop,0.764,0.705,3,-5.279,0,0.0278,0.0371,1.94e-05,0.0943,0.672,101.003,196520,4
2025-01-15 17:38,Daisy the Great,Record Player (with AJR),149538,daisy the great - record player (with ajr),508549,Daisy the Great,Record Player (with AJR),4jYt1pQqg2mIZmY4FWCZEM,62,2021,indie-pop,0.665,0.684,11,-7.049,0,0.106,0.247,0.0,0.0636,0.927,73.986,149538,4
2025-01-15 17:51,Sia,Unstoppable,174612,sia - unstoppable,224449,Sia,Unstoppable,1yvMUkIOTeUNtNWlWRgANS,81,2016,dance,0.468,0.779,9,-4.839,1,0.0779,0.112,0.000373,0.101,0.26,173.799,217747,4
2025-01-15 23:29,The Kid LAROI,WITHOUT YOU,795,the kid laroi - without you,506701,The Kid LAROI,WITHOUT YOU,1KMkcUvF7m3SDChDOa7i5L,77,2021,hip-hop,0.662,0.413,0,-7.357,1,0.0299,0.213,0.0,0.134,0.467,93.005,161385,4
2025-01-15 23:29,Conan Gray,People Watching,616,conan gray - people watching,515647,Conan Gray,People Watching,4JeOesjcWWlprTAvucDSJX,67,2021,pop,0.53,0.593,5,-7.286,1,0.0545,0.385,0.0,0.314,0.538,125.723,158537,4
2025-01-15 23:29,Conan Gray,People Watching,1296,conan gray - people watching,515647,Conan Gray,People Watching,4JeOesjcWWlprTAvucDSJX,67,2021,pop,0.53,0.593,5,-7.286,1,0.0545,0.385,0.0,0.314,0.538,125.723,158537,4
2025-01-15 23:29,Olivia Rodrigo,happier,2764,olivia rodrigo - happier,515580,Olivia Rodrigo,happier,2tGvwE8GcFKwNdAXMnlbfl,82,2021,pop,0.395,0.443,6,-9.72,1,0.133,0.765,9.67e-06,0.0839,0.338,168.924,175933,3
2025-01-15 23:29,Half an Orange,Blink 182,1802,half an orange - blink 182,383901,Half an Orange,Blink 182,0GUCG3rXFQXFBwl3hExO2p,47,2019,edm,0.59,0.469,10,-7.387,0,0.0525,0.206,0.0,0.109,0.37,149.86,184000,4
2025-01-15 23:29,Halsey,Colors,677,halsey - colors,175423,Halsey,Colors,1TnUURhehaoMWKAqQtirm6,65,2015,electro,0.512,0.812,1,-4.809,1,0.0617,0.0534,0.0,0.092,0.521,100.02,249500,4
2025-01-15 23:29,Lana Del Rey,Summertime Sadness (Lana Del Rey Vs. Cedric Gervais) - Cedric Gervais Remix,790,lana del rey - summertime sadness (lana del rey vs. cedric gervais) - cedric gervais remix,93586,Lana Del Rey,Summertime Sadness (Lana Del Rey Vs. Cedric Gervais) - Cedric Gervais Remix,6PUIzlqotEmPuBfjbwYWOB,71,2013,pop,0.572,0.81,1,-5.791,0,0.0558,0.0157,6.53e-06,0.13,0.11,126.052,214912,4
2025-01-15 23:29,ILLENIUM,Story Of My Life (feat. Trippie Redd),867,illenium - story of my life (feat. trippie redd),487951,ILLENIUM,Story Of My Life (feat. Trippie Redd),1g7j5AxiNKTGjryhFIlAsA,63,2021,dance,0.521,0.892,3,-4.029,1,0.0433,0.0539,0.0,0.117,0.369,96.991,191124,4
2025-01-15 23:30,Halsey,Graveyard,1269,halsey - graveyard,433250,Halsey,Graveyard,2ufmtcIFdFpuUYBPXK5f67,67,2020,dance,0.667,0.583,11,-5.127,0,0.0747,0.231,4.48e-05,0.181,0.187,92.043,181806,4
2025-01-15 23:30,Halsey,Nightmare,2246,halsey - nightmare,377723,Halsey,Nightmare,340UVheS8z3ncW9TTUhAbc,65,2019,dance,0.611,0.622,9,-5.075,0,0.0734,0.0188,0.0,0.359,0.538,146.11,231999,4
2025-01-15 23:30,Halsey,Colors,12503,halsey - colors,175423,Halsey,Colors,1TnUURhehaoMWKAqQtirm6,65,2015,electro,0.512,0.812,1,-4.809,1,0.0617,0.0534,0.0,0.092,0.521,100.02,249500,4
2025-01-15 23:33,Halsey,Nightmare,231998,halsey - nightmare,377723,Halsey,Nightmare,340UVheS8z3ncW9TTUhAbc,65,2019,dance,0.611,0.622,9,-5.075,0,0.0734,0.0188,0.0,0.359,0.538,146.11,231999,4
2025-01-15 23:37,Halsey,Graveyard,181805,halsey - graveyard,433250,Halsey,Graveyard,2ufmtcIFdFpuUYBPXK5f67,67,2020,dance,0.667,0.583,11,-5.127,0,0.0747,0.231,4.48e-05,0.181,0.187,92.043,181806,4
2025-01-15 23:40,Halsey,Gasoline,199593,halsey - gasoline,175413,Halsey,Gasoline,2IO7yf562c1zLzpanal1DT,70,2015,electro,0.731,0.58,10,-7.328,0,0.0399,0.223,0.0,0.129,0.319,119.997,199593,4
2025-01-15 23:44,Halsey,Colors,249499,halsey - colors,175423,Halsey,Colors,1TnUURhehaoMWKAqQtirm6,65,2015,electro,0.512,0.812,1,-4.809,1,0.0617,0.0534,0.0,0.092,0.521,100.02,249500,4
2025-01-15 23:56,Halsey,Graveyard,92989,halsey - graveyard,433250,Halsey,Graveyard,2ufmtcIFdFpuUYBPXK5f67,67,2020,dance,0.667,0.583,11,-5.127,0,0.0747,0.231,4.48e-05,0.181,0.187,92.043,181806,4
2025-01-16 20:43,Halsey,Graveyard,88845,halsey - graveyard,433250,Halsey,Graveyard,2ufmtcIFdFpuUYBPXK5f67,67,2020,dance,0.667,0.583,11,-5.127,0,0.0747,0.231,4.48e-05,0.181,0.187,92.043,181806,4
2025-01-16 20:45,Halsey,Ghost,153656,halsey - ghost,175451,Halsey,Ghost,5dcYoYFAXh0f0qI05AoufB,57,2015,electro,0.57,0.606,7,-8.085,1,0.129,0.0529,0.000727,0.134,0.212,95.038,153657,4
2025-01-16 20:48,Halsey,New Americana,183808,halsey - new americana,175436,Halsey,New Americana,6Xs7OKt6i0Ddq8B4M5Dgvr,61,2015,electro,0.339,0.707,0,-5.121,0,0.0428,0.0113,0.0,0.337,0.359,173.993,183808,4
2025-01-16 21:00,Halsey,Colors,122806,halsey - colors,175423,Halsey,Colors,1TnUURhehaoMWKAqQtirm6,65,2015,electro,0.512,0.812,1,-4.809,1,0.0617,0.0534,0.0,0.092,0.521,100.02,249500,4
2025-01-16 21:07,Halsey,Colors,249499,halsey - colors,175423,Halsey,Colors,1TnUURhehaoMWKAqQtirm6,65,2015,electro,0.512,0.812,1,-4.809,1,0.0617,0.0534,0.0,0.092,0.521,100.02,249500,4
2025-01-16 21:09,Halsey,Walls Could Talk,101789,halsey - walls could talk,264782,Halsey,Walls Could Talk,5ln5yQdUywVbf8HhFsOcd6,74,2017,dance,0.626,0.423,1,-6.035,1,0.0513,0.128,0.0,0.18,0.571,95.162,101790,4
2025-01-16 21:47,Halsey,Control,89836,halsey - control,175417,Halsey,Control,3SKzTIl9mW0DadTys9SFo3,69,2015,electro,0.549,0.675,4,-5.637,0,0.0332,0.399,0.0,0.181,0.206,119.898,214762,4
2025-01-16 22:32,Halsey,Control,220283,halsey - control,175417,Halsey,Control,3SKzTIl9mW0DadTys9SFo3,69,2015,electro,0.549,0.675,4,-5.637,0,0.0332,0.399,0.0,0.181,0.206,119.898,214762,4
2025-01-16 22:37,Halsey,Without Me,36495,halsey - without me,321041,Halsey,Without Me,5p7ujcrUXASCNwRaWNHR1C,75,2018,dance,0.752,0.488,6,-7.05,1,0.0705,0.297,9.11e-06,0.0936,0.533,136.041,201661,4
2025-01-16 22:37,Halsey,Castle,277623,halsey - castle,175424,Halsey,Castle,16w8ZGVSjI4TlTLV8VimBY,64,2015,electro,0.626,0.571,7,-7.461,0,0.0327,0.25,0.0,0.0946,0.164,129.959,277623,4
2025-01-16 22:40,Halsey,Bad At Love,181279,halsey - bad at love,264774,Halsey,Bad At Love,7y9iMe8SOB6z3NoHE2OfXl,72,2017,dance,0.675,0.751,0,-3.539,1,0.0296,0.0604,0.0,0.0893,0.612,118.384,181279,4
2025-01-16 22:44,Camila Cabello,Shameless,219742,camila cabello - shameless,377675,Camila Cabello,Shameless,2ogKhhoMClkFXek7ZgxAhN,78,2019,dance,0.377,0.651,4,-5.437,0,0.0589,0.0197,5.31e-05,0.174,0.0851,129.607,219742,4
2025-01-16 22:48,Khalid,Better,229320,khalid - better,350205,Khalid,Better,6zeeWid2sgw4lap2jV61PZ,77,2018,pop,0.596,0.552,0,-10.278,0,0.097,0.0765,0.334,0.104,0.112,97.949,229320,4
2025-01-16 22:51,benny blanco,Eastside (with Halsey & Khalid),170769,benny blanco - eastside (with halsey & khalid),321022,benny blanco,Eastside (with Halsey & Khalid),7FGq80cy8juXBCD2nrqdWU,77,2018,dance,0.632,0.686,6,-7.665,0,0.243,0.549,0.0,0.2,0.329,89.949,170770,4
2025-01-17 01:08,Charlie Puth,Attention,5727,charlie puth - attention,321026,Charlie Puth,Attention,5cF0dROlMOK5uNZtivgu50,81,2018,dance,0.775,0.613,3,-4.586,0,0.0542,0.109,2.33e-05,0.134,0.797,100.066,208787,4
2025-01-17 04:05,Halsey,Nightmare,897,halsey - nightmare,377723,Halsey,Nightmare,340UVheS8z3ncW9TTUhAbc,65,2019,dance,0.611,0.622,9,-5.075,0,0.0734,0.0188,0.0,0.359,0.538,146.11,231999,4
2025-01-17 04:05,Naughty Boy,La La La,1926,naughty boy - la la la,66453,Naughty Boy,La La La,52gvlDnre9craz9dKGObp8,56,2013,dance,0.754,0.677,6,-4.399,0,0.0316,0.112,0.0,0.111,0.254,124.988,220779,4
2025-01-17 04:05,Charlie Puth,Attention,506,charlie puth - attention,321026,Charlie Puth,Attention,5cF0dROlMOK5uNZtivgu50,81,2018,dance,0.775,0.613,3,-4.586,0,0.0542,0.109,2.33e-05,0.134,0.797,100.066,208787,4
2025-01-17 04:09,Lewis Capaldi,Bruises,220492,lewis capaldi - bruises,406387,Lewis Capaldi,Bruises,4Of7rzpRpV1mWRbhp5rAqG,79,2019,pop,0.736,0.308,4,-7.83,1,0.0677,0.946,0.0,0.186,0.361,111.202,220492,4
2025-01-17 04:12,NF,Let You Down,212120,nf - let you down,284825,NF,Let You Down,52okn5MNA47tk87PeZJLEL,79,2017,hip-hop,0.662,0.714,5,-5.68,0,0.121,0.312,0.0,0.179,0.464,147.997,212120,4
2025-01-17 05:36,Twenty One Pilots,Stressed Out,148974,twenty one pilots - stressed out,201246,Twenty One Pilots,Stressed Out,3CRDbSIZ4r5MsZ0YwxuEkn,83,2015,rock,0.734,0.637,4,-5.677,0,0.141,0.0462,2.29e-05,0.0602,0.648,169.977,202333,4
2025-01-18 17:02,Halsey,Now Or Never,9392,halsey - now or never,264812,Halsey,Now Or Never,7i2DJ88J7jQ8K7zqFX2fW8,64,2017,dance,0.67,0.585,6,-4.861,0,0.0354,0.107,1.11e-06,0.131,0.447,110.03,214802,4
2025-01-18 17:02,Twenty One Pilots,Stressed Out,5768,twenty one pilots - stressed out,201246,Twenty One Pilots,Stressed Out,3CRDbSIZ4r5MsZ0YwxuEkn,83,2015,rock,0.734,0.637,4,-5.677,0,0.141,0.0462,2.29e-05,0.0602,0.648,169.977,202333,4
2025-01-18 17:05,Twenty One Pilots,Stressed Out,202333,twenty one pilots - stressed out,201246,Twenty One Pilots,Stressed Out,3CRDbSIZ4r5MsZ0YwxuEkn,83,2015,rock,0.734,0.637,4,-5.677,0,0.141,0.0462,2.29e-05,0.0602,0.648,169.977,202333,4
2025-01-18 17:07,Halsey,Now Or Never,79855,halsey - now or never,264812,Halsey,Now Or Never,7i2DJ88J7jQ8K7zqFX2fW8,64,2017,dance,0.67,0.585,6,-4.861,0,0.0354,0.107,1.11e-06,0.131,0.447,110.03,214802,4
2025-01-18 17:10,Twenty One Pilots,Ride,214506,twenty one pilots - ride,201247,Twenty One Pilots,Ride,2Z8WuEywRWYTKe1NybPQEW,80,2015,rock,0.645,0.713,6,-5.355,1,0.0393,0.00835,0.0,0.113,0.566,74.989,214507,4
2025-01-18 17:12,Lauv,I Like Me Better,85962,lauv - i like me better,321018,Lauv,I Like Me Better,0EcQcdcbQeVJn9fknj44Be,80,2018,dance,0.753,0.505,9,-7.621,1,0.255,0.534,2.58e-06,0.104,0.419,91.972,197437,4
2025-01-18 17:15,Khalid,Young Dumb & Broke,202546,khalid - young dumb & broke,293467,Khalid,Young Dumb & Broke,5Z3GHaZ6ec9bsiI5BenrbY,79,2017,pop,0.799,0.539,1,-6.351,1,0.0421,0.199,1.66e-05,0.165,0.394,136.948,202547,4
2025-01-18 17:19,5 Seconds of Summer,Youngblood,203417,5 seconds of summer - youngblood,321020,5 Seconds of Summer,Youngblood,2iUXsYOEPhVqEBwsqP70rE,79,2018,dance,0.596,0.854,7,-5.114,0,0.463,0.0169,0.0,0.124,0.152,120.274,203418,4
2025-01-18 17:22,NF,Lie,209213,nf - lie,284839,NF,Lie,07FkzikE6FuHIa8Ma7zJGc,75,2017,hip-hop,0.513,0.661,5,-6.419,1,0.24,0.161,0.0,0.246,0.179,94.791,209213,4
2025-01-18 17:27,Halsey,Without Me,200372,halsey - without me,321041,Halsey,Without Me,5p7ujcrUXASCNwRaWNHR1C,75,2018,dance,0.752,0.488,6,-7.05,1,0.0705,0.297,9.11e-06,0.0936,0.533,136.041,201661,4
2025-01-18 21:58,Halsey,Without Me,2320,halsey - without me,321041,Halsey,Without Me,5p7ujcrUXASCNwRaWNHR1C,75,2018,dance,0.752,0.488,6,-7.05,1,0.0705,0.297,9.11e-06,0.0936,0.533,136.041,201661,4
2025-01-18 22:01,Tate McRae,you broke me first,170226,tate mcrae - you broke me first,462001,Tate McRae,you broke me first,45bE4HXI0AwGZXfZtMp8JR,81,2020,pop,0.667,0.373,4,-9.389,1,0.05,0.785,0.0,0.0906,0.0823,124.148,169266,4
2025-01-18 22:11,Dean Lewis,Be Alright,45763,dean lewis - be alright,350215,Dean Lewis,Be Alright,3EPXxR3ImUwfayaurPi3cm,77,2018,pop,0.553,0.586,11,-6.319,1,0.0362,0.697,0.0,0.0813,0.443,126.684,196373,4
2025-01-20 01:28,Dean Lewis,Be Alright,151863,dean lewis - be alright,350215,Dean Lewis,Be Alright,3EPXxR3ImUwfayaurPi3cm,77,2018,pop,0.553,0.586,11,-6.319,1,0.0362,0.697,0.0,0.0813,0.443,126.684,196373,4
2025-01-20 01:32,Sia,Elastic Heart,257200,sia - elastic heart,197551,Sia,Elastic Heart,5S9lfZu1YF8xKkgSsqL2Bd,65,2015,pop,0.421,0.791,9,-4.998,1,0.0496,0.0117,1.48e-05,0.146,0.499,130.075,257200,4
2025-01-20 01:36,Ellise,911,188386,ellise - 911,327841,Ellise,911,3bHZeMMosfnAS633rWpf09,52,2018,electro,0.698,0.611,10,-6.754,0,0.0686,0.571,5.3e-06,0.0587,0.507,130.098,190000,4
2025-01-20 01:39,Halsey,Hold Me Down,204785,halsey - hold me down,175439,Halsey,Hold Me Down,4U38hORPx8SsUAXGumsUYN,57,2015,electro,0.677,0.744,1,-4.512,0,0.0882,0.279,0.0,0.119,0.531,145.928,204785,4
2025-01-20 01:43,Jaymes Young,Infinity,237720,jaymes young - infinity,286612,Jaymes Young,Infinity,1SOClUWhOi8vHZYMz3GluK,81,2017,indie-pop,0.671,0.673,11,-6.941,0,0.0444,0.148,5.29e-05,0.304,0.494,121.963,237720,4
2025-01-20 01:47,The Weeknd,The Hills,242253,the weeknd - the hills,197514,The Weeknd,The Hills,7fBv7CLKzipRk6EC6TWHOB,86,2015,pop,0.585,0.564,0,-7.063,0,0.0515,0.0671,0.0,0.135,0.137,113.003,242253,4
2025-01-20 02:19,Sam Smith,Fire On Fire,246735,sam smith - fire on fire,462045,Sam Smith,Fire On Fire,7t3Xdbufg7q2onVsR8RBdY,75,2020,pop,0.584,0.408,1,-7.356,0,0.0461,0.476,0.0,0.18,0.333,115.129,246735,4
2025-01-20 02:22,Halsey,You should be sad,205473,halsey - you should be sad,433230,Halsey,You should be sad,7lidXGPXPYLNThITAOTlkK,71,2020,dance,0.591,0.585,2,-6.35,1,0.0277,0.143,0.0,0.109,0.324,110.94,205473,4
2025-01-20 03:03,Dean Lewis,Waves,166323,dean lewis - waves,406440,Dean Lewis,Waves,6w8pFOKn42O418qwcQElZ3,74,2019,pop,0.518,0.729,11,-7.193,0,0.0452,0.183,0.0,0.0643,0.343,156.879,240013,4
2025-01-20 20:00,Dean Lewis,Waves,240013,dean lewis - waves,406440,Dean Lewis,Waves,6w8pFOKn42O418qwcQElZ3,74,2019,pop,0.518,0.729,11,-7.193,0,0.0452,0.183,0.0,0.0643,0.343,156.879,240013,4
2025-01-20 20:03,Jon Bellion,All Time Low,217603,jon bellion - all time low,197851,Jon Bellion,All Time Low,5wQRNkb7OhzJoT1P0OZ4Rw,48,2015,pop,0.672,0.386,0,-9.715,1,0.264,0.389,0.0,0.0838,0.529,90.082,221333,4
2025-01-20 20:06,Alec Benjamin,Let Me Down Slowly,169353,alec benjamin - let me down slowly,327774,Alec Benjamin,Let Me Down Slowly,2qxmye6gAegTMjLKEBoR3d,83,2018,electro,0.652,0.557,1,-5.714,0,0.0318,0.74,0.0,0.124,0.483,150.073,169354,4
2025-01-20 20:15,Halsey,Hurricane,218493,halsey - hurricane,175460,Halsey,Hurricane,5Dg2h1wsm7ZijCo0yLmbvR,55,2015,electro,0.586,0.83,0,-5.375,1,0.0416,0.00823,0.0028,0.348,0.486,120.017,223082,4
2025-01-20 20:19,Zedd,Happy Now,207029,zedd - happy now,321112,Zedd,Happy Now,4keoy2fqgwGnbWlm3ZVZFa,67,2018,dance,0.503,0.741,4,-5.128,1,0.047,0.579,1.49e-06,0.0712,0.458,88.335,207030,3
2025-01-20 20:25,The Weeknd,Call Out My Name,228373,the weeknd - call out my name,350201,The Weeknd,Call Out My Name,09mEdoA6zrmBPgTEN5qXmN,87,2018,pop,0.461,0.593,1,-4.954,1,0.0356,0.17,0.0,0.307,0.175,134.17,228373,3
2025-01-20 20:29,The Chainsmokers,Something Just Like This,247160,the chainsmokers - something just like this,264768,The Chainsmokers,Something Just Like This,6RUKPb4LETWmmr3iAEQktW,83,2017,dance,0.617,0.635,11,-6.769,0,0.0317,0.0498,1.44e-05,0.164,0.446,103.019,247160,4
2025-01-20 20:32,Alec Benjamin,If We Have Each Other,181522,alec benjamin - if we have each other,327776,Alec Benjamin,If We Have Each Other,7pT6WSg4PCt4mr5ZFyUfsF,74,2018,electro,0.656,0.577,10,-5.566,0,0.0802,0.698,0.0,0.296,0.861,173.094,181522,4
2025-01-20 21:26,Halsey,Eyes Closed,37919,halsey - eyes closed,264877,Halsey,Eyes Closed,2WQn7Yvs728KZmmY6tgWqH,56,2017,dance,0.581,0.684,1,-4.962,0,0.0429,0.0179,1.93e-05,0.0849,0.0397,129.966,202439,4
2025-01-20 22:34,Zedd,Stay,6996,zedd - stay,264788,Zedd,Stay,6uBhi9gBXWjanegOb2Phh0,74,2017,dance,0.69,0.622,5,-5.025,0,0.0622,0.253,0.0,0.116,0.544,102.04,210091,4
2025-01-20 22:34,Coldplay,Hymn for the Weekend,927,coldplay - hymn for the weekend,197543,Coldplay,Hymn for the Weekend,3RiPr603aXAoi4GHyXx0uy,82,2015,pop,0.491,0.693,0,-6.487,0,0.0377,0.211,6.92e-06,0.325,0.412,90.027,258267,4
2025-01-20 22:37,5 Seconds of Summer,Ghost Of You,197411,5 seconds of summer - ghost of you,321046,5 Seconds of Summer,Ghost Of You,1MhXdlCQPnO56T57MfmaRm,73,2018,dance,0.458,0.561,10,-4.819,1,0.0269,0.0965,0.0,0.156,0.206,149.875,197411,3
2025-01-20 22:41,Halsey,Drive,258764,halsey - drive,175478,Halsey,Drive,3ek4HgBlmvkTWgfT5sTSe9,53,2015,electro,0.571,0.585,9,-8.392,0,0.0494,0.239,0.00016,0.133,0.291,113.973,258765,4
2025-01-20 22:45,Sia,Cheap Thrills,211666,sia - cheap thrills,224463,Sia,Cheap Thrills,3S4px9f4lceWdKf0gWciFu,69,2016,dance,0.628,0.698,6,-5.608,0,0.105,0.0472,0.00143,0.0907,0.732,89.976,211667,4
2025-01-20 22:50,Zedd,365,181899,zedd - 365,377816,Zedd,365,2XWjPtKdi5sucFYtVav07d,64,2019,dance,0.745,0.693,2,-5.479,0,0.034,0.339,0.0,0.123,0.248,98.039,181900,4
2025-01-20 22:53,Ashnikko,Daisy,146523,ashnikko - daisy,433258,Ashnikko,Daisy,0AUvWawuP0ibk4SQ3sIZjk,67,2020,dance,0.834,0.663,8,-6.143,1,0.133,0.235,0.0,0.372,0.774,121.876,146523,4
2025-01-20 22:56,Halsey,Die 4 Me,215021,halsey - die 4 me,591084,Halsey,Die 4 Me,6VYAzAQGFsfEAwdorQaZuU,80,2023,dance,0.694,0.743,7,-4.267,0,0.0833,0.355,0.0,0.275,0.554,145.048,215021,4
2025-01-20 22:59,Sam Tinnesz,Play with Fire (feat. Yacht Money),180690,sam tinnesz - play with fire (feat. yacht money),254812,Sam Tinnesz,Play with Fire (feat. Yacht Money),7vguMCv8uVuZLiQJ156u3Z,74,2017,alt-rock,0.573,0.539,2,-6.091,0,0.0322,0.0162,1.16e-05,0.105,0.39,75.012,180691,4
2025-01-20 23:03,Alec Benjamin,Outrunning Karma,188850,alec benjamin - outrunning karma,327785,Alec Benjamin,Outrunning Karma,2W0AJEbIC2vdZTV2nVSAsg,65,2018,electro,0.416,0.649,11,-5.271,0,0.0385,0.655,2.82e-06,0.12,0.474,112.482,188851,3
2025-01-20 23:05,Sub Urban,INFERNO,133133,sub urban - inferno,508590,Sub Urban,INFERNO,7aonAWn0J0AJ47ZU9WHCXC,65,2021,indie-pop,0.82,0.611,9,-5.02,0,0.122,0.0766,2.5e-05,0.0684,0.637,127.883,133134,4
2025-01-20 23:09,Halsey,Walls Could Talk,101789,halsey - walls could talk,264782,Halsey,Walls Could Talk,5ln5yQdUywVbf8HhFsOcd6,74,2017,dance,0.626,0.423,1,-6.035,1,0.0513,0.128,0.0,0.18,0.571,95.162,101790,4
2025-01-21 00:12,Ruth B.,Dandelions,124371,ruth b. - dandelions,293465,Ruth B.,Dandelions,2eAvDnpXP5W0cVtiI0PUxV,87,2017,pop,0.609,0.692,1,-2.958,1,0.0259,0.0157,0.0,0.0864,0.454,116.959,233720,3
2025-01-21 16:56,Ruth B.,Dandelions,110356,ruth b. - dandelions,293465,Ruth B.,Dandelions,2eAvDnpXP5W0cVtiI0PUxV,87,2017,pop,0.609,0.692,1,-2.958,1,0.0259,0.0157,0.0,0.0864,0.454,116.959,233720,3
2025-01-21 16:59,Tove Lo,Habits (Stay High),209160,tove lo - habits (stay high),119678,Tove Lo,Habits (Stay High),14OxJlLdcHNpgsm4DRwDOB,71,2014,dance,0.729,0.65,5,-3.539,1,0.0313,0.0702,6.69e-05,0.0829,0.347,110.02,209160,4
2025-01-21 17:03,Lana Del Rey,Young And Beautiful,236053,lana del rey - young and beautiful,93567,Lana Del Rey,Young And Beautiful,2nMeu6UenVvwUktBCpLMK9,81,2013,pop,0.324,0.416,11,-8.92,0,0.0368,0.262,3.69e-05,0.11,0.151,113.986,236053,4
2025-01-21 17:06,Jeremy Zucker,comethru,181613,jeremy zucker - comethru,327778,Jeremy Zucker,comethru,18uwL0vNUanqZH0ro2QcOP,76,2018,electro,0.795,0.178,0,-11.991,1,0.0574,0.607,0.0,0.623,0.608,93.982,181613,4
2025-01-21 17:11,Halsey,Haunting,260797,halsey - haunting,175488,Halsey,Haunting,1r1WtSrPbAOYHE7zwq4eqK,52,2015,electro,0.461,0.696,9,-5.752,0,0.0486,0.015,0.000491,0.21,0.311,180.006,260797,4
2025-01-21 17:30,Maroon 5,Cold (feat. Future),151058,maroon 5 - cold (feat. future),350257,Maroon 5,Cold (feat. Future),7gwLQ4tZ5UdZ7qNcDyJ8wr,62,2018,pop,0.693,0.717,9,-6.346,0,0.107,0.14,0.0,0.0464,0.412,99.836,234308,4
2025-01-21 18:46,Enoki,California Waves,6478,enoki - california waves,456477,Enoki,California Waves,5CbQxxTbfjXVtCQzfVfF0u,32,2020,jazz,0.665,0.517,0,-10.118,1,0.0551,0.566,0.861,0.135,0.337,171.975,147907,4
2025-01-21 18:46,Dmitri Shostakovich,Jazz Suite No. 2: VI. Waltz 2,38612,dmitri shostakovich - jazz suite no. 2: vi. waltz 2,797860,Dmitri Shostakovich,Jazz Suite No. 2: VI. Waltz 2,0pjCsB0XNSyqM9UazlTODC,60,2002,ambient,0.322,0.184,0,-18.312,0,0.0338,0.984,0.902,0.0813,0.356,107.847,193600,4
2025-01-21 18:46,The xx,Intro,7800,the xx - intro,1299377,The xx,Intro,5VfEuwErhx6X4eaPbyBfyu,63,2009,indie-pop,0.617,0.778,9,-8.872,0,0.027,0.459,0.925,0.128,0.152,100.363,127920,4
2025-01-21 18:49,Enoki,California Waves,147906,enoki - california waves,456477,Enoki,California Waves,5CbQxxTbfjXVtCQzfVfF0u,32,2020,jazz,0.665,0.517,0,-10.118,1,0.0551,0.566,0.861,0.135,0.337,171.975,147907,4
2025-01-21 18:54,Emancipator,Anthem,340000,emancipator - anthem,1069802,Emancipator,Anthem,4qCYYhzI5bCz7JxV7VD4HH,43,2006,electro,0.467,0.517,10,-9.914,1,0.0366,0.785,0.936,0.0926,0.314,170.032,340000,4
2025-01-21 19:13,Nils Hoffmann,Balloons - Radio Edit,230487,nils hoffmann - balloons - radio edit,90463,Nils Hoffmann,Balloons - Radio Edit,7AlkmlAuMedg9einlBb81f,48,2013,minimal-techno,0.899,0.397,8,-10.234,1,0.0555,0.393,0.672,0.582,0.398,128.021,230488,4
2025-01-21 19:19,Tycho,Hours,344158,tycho - hours,8206,Tycho,Hours,5EEkBacZqKnTAjzrOO8wry,16,2012,chill,0.58,0.82,8,-8.179,1,0.0415,0.00442,0.956,0.0728,0.321,120.007,344158,4
2025-01-21 19:57,Tycho,Coastal Brake,334129,tycho - coastal brake,8237,Tycho,Coastal Brake,3sTJqODBl0lQAmWx4kkzFX,15,2012,chill,0.598,0.813,9,-9.578,1,0.0428,0.176,0.978,0.108,0.381,120.008,334129,4
2025-01-21 20:09,Emancipator,All In Here,320693,emancipator - all in here,175750,Emancipator,All In Here,5C1fPn1iZ9zQhDj2UXueCv,35,2015,electro,0.559,0.687,3,-7.996,0,0.0253,0.057,0.818,0.121,0.232,91.018,320693,4
2025-01-21 20:17,Le Castle Vania,The Red Circle,59973,le castle vania - the red circle,116966,Le Castle Vania,The Red Circle,4jBcfdKLGZobb8WrIJw6Bf,42,2014,club,0.69,0.824,1,-7.529,1,0.0377,7.08e-06,0.812,0.0976,0.689,120.046,59973,4
2025-01-21 20:27,Tom Day,Forwards,320000,tom day - forwards,164704,Tom Day,Forwards,44JiGjoOfR5cgjE0aptfJG,20,2015,ambient,0.463,0.601,9,-14.394,0,0.0364,0.418,0.949,0.16,0.0955,119.984,320000,4
2025-01-21 20:43,Koan,When The Silence Is Speaking,674000,koan - when the silence is speaking,1334339,Koan,When The Silence Is Speaking,6BK8RYPuyjD99Nq2kjAudR,29,2010,ambient,0.514,0.709,8,-9.171,1,0.0384,0.151,0.862,0.0931,0.15,179.993,674000,4
2025-01-22 02:24,Dean Lewis,Waves,240013,dean lewis - waves,406440,Dean Lewis,Waves,6w8pFOKn42O418qwcQElZ3,74,2019,pop,0.518,0.729,11,-7.193,0,0.0452,0.183,0.0,0.0643,0.343,156.879,240013,4
2025-01-22 02:28,NF,Time,240428,nf - time,397271,NF,Time,6MxMqCgqmekcr0VwSU7AVH,70,2019,hip-hop,0.677,0.688,0,-4.058,0,0.0633,0.138,0.0,0.114,0.198,98.049,240429,4
2025-01-22 02:42,George Ezra,Blame It on Me,727,george ezra - blame it on me,127960,George Ezra,Blame It on Me,2vzMWO0T008m86yDnXwkII,67,2014,folk,0.537,0.757,3,-3.374,1,0.0274,0.473,0.0,0.341,0.421,103.882,196400,4
2025-01-22 02:42,George Ezra,Blame It on Me,6076,george ezra - blame it on me,127960,George Ezra,Blame It on Me,2vzMWO0T008m86yDnXwkII,67,2014,folk,0.537,0.757,3,-3.374,1,0.0274,0.473,0.0,0.341,0.421,103.882,196400,4
2025-01-22 02:42,Arctic Monkeys,I Wanna Be Yours,183956,arctic monkeys - i wanna be yours,77591,Arctic Monkeys,I Wanna Be Yours,5XeFesFbtLpXzIVDNQP22n,91,2013,garage,0.464,0.417,0,-9.345,0,0.0256,0.136,0.022,0.0974,0.479,67.528,183956,4
2025-01-22 02:45,Arctic Monkeys,I Wanna Be Yours,183956,arctic monkeys - i wanna be yours,77591,Arctic Monkeys,I Wanna Be Yours,5XeFesFbtLpXzIVDNQP22n,91,2013,garage,0.464,0.417,0,-9.345,0,0.0256,0.136,0.022,0.0974,0.479,67.528,183956,4
2025-01-22 02:48,George Ezra,Blame It on Me,196400,george ezra - blame it on me,127960,George Ezra,Blame It on Me,2vzMWO0T008m86yDnXwkII,67,2014,folk,0.537,0.757,3,-3.374,1,0.0274,0.473,0.0,0.341,0.421,103.882,196400,4
2025-01-22 17:59,Bastille,Flaws,160132,bastille - flaws,93679,Bastille,Flaws,67wABU4SjBlnDHB0KiU3HL,47,2013,pop,0.57,0.657,8,-6.987,1,0.0356,0.405,1.86e-06,0.0723,0.41,144.247,218800,4
2025-01-23 02:52,Bastille,Flaws,58687,bastille - flaws,93679,Bastille,Flaws,67wABU4SjBlnDHB0KiU3HL,47,2013,pop,0.57,0.657,8,-6.987,1,0.0356,0.405,1.86e-06,0.0723,0.41,144.247,218800,4
2025-01-23 03:02,Chappell Roan,Femininomenon,219710,chappell roan - femininomenon,562187,Chappell Roan,Femininomenon,1YlOZY3puELE0PgxD1enZo,50,2022,indie-pop,0.645,0.789,3,-5.324,1,0.0545,0.339,6.32e-05,0.0821,0.31,124.951,219711,4
2025-01-23 03:16,Chappell Roan,Casual,40632,chappell roan - casual,562026,Chappell Roan,Casual,1UTGAopFU1g7qoxTE8sE3D,57,2022,indie-pop,0.508,0.411,1,-6.95,1,0.0269,0.226,0.0,0.0571,0.34,131.008,232796,4
2025-01-23 03:16,Wallows,Are You Bored Yet? (feat. Clairo),2659,wallows - are you bored yet? (feat. clairo),399066,Wallows,Are You Bored Yet? (feat. Clairo),57RA3JGafJm5zRtKJiKPIm,77,2019,indie-pop,0.682,0.683,8,-6.444,0,0.0287,0.156,2.32e-05,0.273,0.64,120.023,178000,4
2025-01-23 03:22,Billie Eilish,Happier Than Ever - Edit,151444,billie eilish - happier than ever - edit,494164,Billie Eilish,Happier Than Ever - Edit,32BeYxKPrig1LefHsC0Xuo,78,2021,electro,0.334,0.599,0,-5.742,1,0.0365,0.0468,0.000392,0.205,0.127,161.74,151444,3
2025-01-23 03:47,Ashnikko,Daisy,146523,ashnikko - daisy,433258,Ashnikko,Daisy,0AUvWawuP0ibk4SQ3sIZjk,67,2020,dance,0.834,0.663,8,-6.143,1,0.133,0.235,0.0,0.372,0.774,121.876,146523,4
2025-01-23 04:08,Maroon 5,Sugar,182578,maroon 5 - sugar,146779,Maroon 5,Sugar,2iuZJX9X9P0GKaE93xcPjk,80,2014,pop,0.748,0.788,1,-7.055,1,0.0334,0.0591,0.0,0.0863,0.884,120.076,235493,4
2025-01-23 20:30,Maroon 5,Sugar,53937,maroon 5 - sugar,146779,Maroon 5,Sugar,2iuZJX9X9P0GKaE93xcPjk,80,2014,pop,0.748,0.788,1,-7.055,1,0.0334,0.0591,0.0,0.0863,0.884,120.076,235493,4
2025-01-23 20:34,Imagine Dragons,Gold,216813,imagine dragons - gold,150140,Imagine Dragons,Gold,1WQFOwtI6EfsvRz7wcDbQm,51,2014,rock,0.416,0.459,9,-6.814,0,0.0317,0.0801,0.00653,0.0551,0.286,164.929,216813,3
2025-01-23 20:37,Sia,Unstoppable,217746,sia - unstoppable,224449,Sia,Unstoppable,1yvMUkIOTeUNtNWlWRgANS,81,2016,dance,0.468,0.779,9,-4.839,1,0.0779,0.112,0.000373,0.101,0.26,173.799,217747,4
2025-01-23 20:41,5 Seconds of Summer,Valentine,196628,5 seconds of summer - valentine,321222,5 Seconds of Summer,Valentine,19hh7DkfRBrpRGYfKlw7jb,59,2018,dance,0.746,0.767,1,-2.907,0,0.0374,0.0601,1.07e-05,0.0859,0.773,94.007,196628,4
2025-01-23 20:45,Ruth B.,Lost Boy,276066,ruth b. - lost boy,197564,Ruth B.,Lost Boy,4h0zU3O9R5xzuTmNO7dNDU,70,2015,pop,0.71,0.0565,7,-15.099,1,0.0534,0.965,0.0,0.0889,0.348,123.994,275280,4
2025-01-23 20:49,Selena Gomez,Souvenir,161605,selena gomez - souvenir,433284,Selena Gomez,Souvenir,3ZCBSFcZSRM9Z48ew28Zrf,68,2020,dance,0.841,0.479,0,-5.837,0,0.0376,0.207,1.16e-05,0.122,0.454,112.968,161606,4
2025-01-23 20:56,Bastille,Pompeii,214147,bastille - pompeii,93569,Bastille,Pompeii,3gbBpTdY8lnQwqxNCcf795,71,2013,pop,0.679,0.715,9,-6.383,1,0.0407,0.0755,0.0,0.271,0.571,127.435,214148,4
2025-01-23 21:16,Shawn Mendes,If I Can't Have You,162578,shawn mendes - if i can't have you,377716,Shawn Mendes,If I Can't Have You,6LsAAHotRLMOHfCsSfYCsz,70,2019,dance,0.692,0.809,2,-4.198,1,0.0602,0.524,0.0,0.147,0.864,123.911,190800,4
2025-01-23 22:20,Shawn Mendes,If I Can't Have You,4608,shawn mendes - if i can't have you,377716,Shawn Mendes,If I Can't Have You,6LsAAHotRLMOHfCsSfYCsz,70,2019,dance,0.692,0.809,2,-4.198,1,0.0602,0.524,0.0,0.147,0.864,123.911,190800,4
2025-01-23 22:24,Katy Perry,Hot N Cold,220226,katy perry - hot n cold,591125,Katy Perry,Hot N Cold,7EwtjRuTb94kUL90BgeChM,3,2023,dance,0.706,0.842,7,-3.956,1,0.0417,7.73e-05,0.0,0.0688,0.861,132.032,220227,4
2025-01-23 22:27,OneRepublic,Rich Love (with Seeb),201256,onerepublic - rich love (with seeb),292688,OneRepublic,Rich Love (with Seeb),7dOeiXeTSfA1ixaYmQcWu7,63,2017,piano,0.401,0.872,1,-3.641,0,0.314,0.167,0.0,0.362,0.472,104.592,201257,4
2025-01-23 22:30,Justin Bieber,Sorry,200786,justin bieber - sorry,197532,Justin Bieber,Sorry,09CtPGIpYB4BrO8qb1RGsF,80,2015,pop,0.654,0.76,0,-3.669,0,0.045,0.0797,0.0,0.299,0.41,99.945,200787,4
2025-01-23 22:34,Dream Note,Waqt Ki Baatein,243310,dream note - waqt ki baatein,341886,Dream Note,Waqt Ki Baatein,0cJTjTH3XVTTJh8F4Uq1db,68,2018,indian,0.556,0.202,4,-16.397,1,0.0324,0.915,0.0381,0.112,0.2,145.017,243310,3
2025-01-23 22:38,Camila Cabello,Easy,194686,camila cabello - easy,377937,Camila Cabello,Easy,46D0hYb1B7qiU33VtXt21W,58,2019,dance,0.574,0.593,4,-5.731,0,0.0463,0.411,1.55e-06,0.0966,0.355,128.073,194686,4
2025-01-23 22:42,Anuv Jain,Riha,287312,anuv jain - riha,398195,Anuv Jain,Riha,6Ln89sczgIcAJXGAIdS94R,58,2019,indian,0.389,0.148,3,-11.011,1,0.03,0.897,0.0,0.114,0.4,142.611,287324,4
2025-01-23 22:46,NF,Time,240428,nf - time,397271,NF,Time,6MxMqCgqmekcr0VwSU7AVH,70,2019,hip-hop,0.677,0.688,0,-4.058,0,0.0633,0.138,0.0,0.114,0.198,98.049,240429,4
2025-01-23 22:50,Shawn Mendes,I Know What You Did Last Summer,223853,shawn mendes - i know what you did last summer,197568,Shawn Mendes,I Know What You Did Last Summer,2GyA33q5rti5IxkMQemRDH,70,2015,pop,0.687,0.761,9,-4.582,0,0.0876,0.102,0.0,0.147,0.743,113.939,223853,4
2025-01-24 01:20,Lil Nas X,MONTERO (Call Me By Your Name),71264,lil nas x - montero (call me by your name),506706,Lil Nas X,MONTERO (Call Me By Your Name),1SC5rEoYDGUK4NfG82494W,79,2021,hip-hop,0.593,0.503,8,-6.725,0,0.22,0.293,0.0,0.405,0.71,178.781,137704,4
2025-01-24 23:37,Sub Urban,Cradles,13026,sub urban - cradles,399077,Sub Urban,Cradles,5sSYvDVyP0CP9TUiqy3fuF,70,2019,indie-pop,0.537,0.586,6,-1.864,1,0.314,0.265,7.04e-05,0.175,0.624,79.056,209829,4
2025-01-24 23:37,Taylor Swift,I Did Something Bad,900,taylor swift - i did something bad,293488,Taylor Swift,I Did Something Bad,4svZDCRz4cJoneBpjpx8DJ,74,2017,pop,0.696,0.602,0,-6.156,0,0.159,0.0679,2.11e-05,0.0696,0.305,82.989,238253,4
2025-01-24 23:37,Lil Nas X,MONTERO (Call Me By Your Name),1334,lil nas x - montero (call me by your name),506706,Lil Nas X,MONTERO (Call Me By Your Name),1SC5rEoYDGUK4NfG82494W,79,2021,hip-hop,0.593,0.503,8,-6.725,0,0.22,0.293,0.0,0.405,0.71,178.781,137704,4
2025-01-25 01:04,GAYLE,abcdefu,168601,gayle - abcdefu,515596,GAYLE,abcdefu,4fouWK6XVHhzl78KzQ1UjL,82,2021,pop,0.695,0.54,4,-5.692,1,0.0493,0.299,0.0,0.367,0.415,121.932,168602,4
2025-01-25 01:07,Dua Lipa,Levitating (feat. DaBaby),203064,dua lipa - levitating (feat. dababy),433210,Dua Lipa,Levitating (feat. DaBaby),5nujrmhLynf4yMoMtj8AQF,82,2020,dance,0.702,0.825,6,-3.787,0,0.0601,0.00883,0.0,0.0674,0.915,102.977,203064,4
2025-01-25 01:10,Lewis Capaldi,Before You Go,215106,lewis capaldi - before you go,406375,Lewis Capaldi,Before You Go,2gMXnyrvIjhVBUZwvLZDMP,83,2019,pop,0.459,0.575,3,-4.858,1,0.0573,0.604,0.0,0.0885,0.183,111.881,215107,4
2025-01-25 01:14,The Score,Born For This,237375,the score - born for this,367657,The Score,Born For This,5Sco7mbJy7p7vdDtJW10fZ,62,2019,alt-rock,0.631,0.684,5,-6.27,0,0.0405,0.0576,0.0,0.0938,0.528,129.974,234013,4
2025-01-25 01:18,Halsey,Control,214761,halsey - control,175417,Halsey,Control,3SKzTIl9mW0DadTys9SFo3,69,2015,electro,0.549,0.675,4,-5.637,0,0.0332,0.399,0.0,0.181,0.206,119.898,214762,4
2025-01-25 01:28,Imagine Dragons,Demons,175200,imagine dragons - demons,43789,Imagine Dragons,Demons,3LlAyCYU26dvFZBDUIMb7a,73,2012,rock,0.505,0.71,3,-3.015,1,0.0321,0.19,0.00025,0.329,0.428,89.938,175200,4
2025-01-25 01:31,Maroon 5,Memories,189486,maroon 5 - memories,515583,Maroon 5,Memories,4cktbXiXOapiLBMprHFErI,84,2021,pop,0.775,0.327,11,-7.241,1,0.0557,0.841,0.0,0.0821,0.595,91.05,189486,4
2025-01-25 01:35,Maroon 5,Payphone,231386,maroon 5 - payphone,40350,Maroon 5,Payphone,4P0osvTXoSYZZC2n8IFH3c,70,2012,pop,0.739,0.756,4,-4.828,1,0.0394,0.0136,0.0,0.37,0.523,110.028,231387,4
2025-01-25 01:38,Maroon 5,Memories,189486,maroon 5 - memories,515583,Maroon 5,Memories,4cktbXiXOapiLBMprHFErI,84,2021,pop,0.775,0.327,11,-7.241,1,0.0557,0.841,0.0,0.0821,0.595,91.05,189486,4
2025-01-25 01:41,MARINA,About Love - From The Netflix Film “To All The Boys: P.S. I Still Love You”,214040,marina - about love - from the netflix film “to all the boys: p.s. i still love you”,433604,MARINA,About Love - From The Netflix Film “To All The Boys: P.S. I Still Love You”,4XII12nbsvJblXfG1I2QR4,55,2020,dance,0.636,0.758,0,-5.567,1,0.0427,0.331,1.01e-05,0.16,0.281,97.025,214107,4
2025-01-25 01:45,Ellise,911,188386,ellise - 911,327841,Ellise,911,3bHZeMMosfnAS633rWpf09,52,2018,electro,0.698,0.611,10,-6.754,0,0.0686,0.571,5.3e-06,0.0587,0.507,130.098,190000,4
2025-01-25 01:53,Ed Sheeran,Give Me Love,526386,ed sheeran - give me love,1450904,Ed Sheeran,Give Me Love,0SuG9kyzGRpDqrCWtgD6Lq,69,2011,pop,0.526,0.328,1,-9.864,1,0.0461,0.694,0.0,0.112,0.11,116.068,526387,4
2025-01-25 01:56,Shawn Mendes,Wonder,172692,shawn mendes - wonder,433265,Shawn Mendes,Wonder,5KCbr5ndeby4y4ggthdiAb,68,2020,dance,0.333,0.637,1,-4.904,0,0.0581,0.131,1.8e-05,0.149,0.132,139.898,172693,4
2025-01-25 01:59,Panic! At The Disco,High Hopes,190946,panic! at the disco - high hopes,354035,Panic! At The Disco,High Hopes,1rqqCSm0Qe4I9rUvWncaom,80,2018,rock,0.579,0.904,5,-2.729,1,0.0618,0.193,0.0,0.064,0.681,82.014,190947,4
2025-01-25 02:03,Doja Cat,Say So,237893,doja cat - say so,377669,Doja Cat,Say So,3Dv1eDb0MEgF93GpLXlucZ,76,2019,dance,0.787,0.673,11,-4.583,0,0.159,0.264,3.35e-06,0.0904,0.779,110.962,237893,4
2025-01-25 02:12,Ellie Goulding,"Love Me Like You Do - From ""Fifty Shades Of Grey""",252534,"ellie goulding - love me like you do - from ""fifty shades of grey""",174670,Ellie Goulding,"Love Me Like You Do - From ""Fifty Shades Of Grey""",1ip2IGDWMrUmlaepEbWlL8,61,2015,edm,0.258,0.659,5,-5.903,0,0.0596,0.253,0.0,0.111,0.272,189.558,250267,4
2025-01-25 02:17,Farruko,Pepas,287120,farruko - pepas,506697,Farruko,Pepas,5fwSHlTEWpluwOM0Sxnh5k,82,2021,hip-hop,0.762,0.766,7,-3.955,1,0.0343,0.00776,6.98e-05,0.128,0.442,130.001,287120,4
2025-01-25 02:20,Conan Gray,Crush Culture,204120,conan gray - crush culture,350250,Conan Gray,Crush Culture,2sHwSBNDZN2yjCtgwStYt1,65,2018,pop,0.522,0.765,0,-5.395,1,0.193,0.146,0.0,0.0866,0.455,180.065,204120,4
2025-01-25 02:25,Lindsey Stirling,Shatter Me Featuring Lzzy Hale,280799,lindsey stirling - shatter me featuring lzzy hale,146861,Lindsey Stirling,Shatter Me Featuring Lzzy Hale,2K7j4xrQENCi5r3Hii4cVe,54,2014,pop,0.483,0.947,9,-3.018,0,0.0594,0.000742,0.0,0.14,0.347,144.948,280800,4
2025-01-25 02:29,Tom Odell,Another Love,244360,tom odell - another love,7578,Tom Odell,Another Love,5FKnuwsKf7YFpmhA5Wnl0q,65,2012,chill,0.443,0.54,4,-8.536,0,0.04,0.697,1.04e-05,0.102,0.133,119.161,250973,4
2025-01-25 02:32,Caroline Polachek,Sunset,162909,caroline polachek - sunset,547848,Caroline Polachek,Sunset,2eQ9B2SsQFU2qCnHSas3eQ,55,2022,electro,0.462,0.745,11,-5.356,0,0.0652,0.589,0.00015,0.288,0.648,122.051,163116,4
2025-01-25 02:35,Halsey,Graveyard,181805,halsey - graveyard,433250,Halsey,Graveyard,2ufmtcIFdFpuUYBPXK5f67,67,2020,dance,0.667,0.583,11,-5.127,0,0.0747,0.231,4.48e-05,0.181,0.187,92.043,181806,4
2025-01-25 02:39,BTS,ON,246380,bts - on,456863,BTS,ON,0fZRNhPJ4AGmwY7rkpdbqK,71,2020,k-pop,0.583,0.817,9,-5.146,0,0.099,0.118,0.0,0.338,0.437,105.935,246381,4
2025-01-25 02:47,RAYE,Escapism.,272373,raye - escapism.,541578,RAYE,Escapism.,5Z2MiIZ5I3jJvvmeWMLbOQ,90,2022,dance,0.538,0.742,2,-5.355,1,0.114,0.138,4.67e-05,0.0934,0.25,96.107,272373,4
2025-01-25 02:51,ZAYN,Entertainer,202600,zayn - entertainer,321253,ZAYN,Entertainer,4By48hpAtUx7F7F1yxvwvm,64,2018,dance,0.697,0.568,5,-8.017,1,0.0369,0.475,2.51e-05,0.0922,0.502,153.931,202600,4
2025-01-25 02:55,Naughty Boy,No One’s Here To Sleep,272547,naughty boy - no one’s here to sleep,120104,Naughty Boy,No One’s Here To Sleep,2oyiRrtSRCSdSSLWPS3E8j,36,2014,dance,0.636,0.497,0,-6.876,0,0.0313,0.0312,0.00148,0.108,0.148,122.026,272547,4
2025-01-25 02:58,Olivia Rodrigo,good 4 u,178146,olivia rodrigo - good 4 u,515567,Olivia Rodrigo,good 4 u,4ZtFanR9U6ndgddUvNcjcG,84,2021,pop,0.563,0.664,9,-5.044,1,0.154,0.335,0.0,0.0849,0.688,166.928,178147,4
2025-01-25 03:02,Sean Paul,Temperature,218573,sean paul - temperature,13070,Sean Paul,Temperature,2BDTYAe51lKG7w5XMCVeyg,20,2012,dancehall,0.951,0.6,0,-4.675,0,0.0686,0.106,0.0,0.0712,0.822,125.04,218573,4
2025-01-25 03:02,Sean Paul,Temperature,218573,sean paul - temperature,996291,Sean Paul,TEMPERATURE,6zSThntwhPtWU3my2y9I1F,39,2005,dance,0.86,0.625,0,-6.129,0,0.0528,0.105,5.01e-06,0.0844,0.841,125.015,219520,4
2025-01-25 03:10,Calvin Harris,How Deep Is Your Love,212640,calvin harris - how deep is your love,174636,Calvin Harris,How Deep Is Your Love,22mek4IiqubGD9ctzxc69s,76,2015,edm,0.738,0.868,11,-4.373,0,0.0731,0.0392,0.00169,0.388,0.336,122.003,212640,4
2025-01-25 03:14,Katy Perry,Roar,223546,katy perry - roar,66276,Katy Perry,Roar,27tNWlhdAryQY04Gb2ZhUI,77,2013,dance,0.671,0.771,7,-4.821,0,0.0316,0.00492,7.28e-06,0.354,0.436,90.003,223546,4
2025-01-25 03:18,OneRepublic,Secrets,224693,onerepublic - secrets,1308468,OneRepublic,Secrets,1NhPKVLsHhFUHIOZ32QnS2,74,2009,piano,0.516,0.764,2,-6.223,1,0.0366,0.0717,0.0,0.115,0.376,148.021,224693,4
2025-01-25 03:25,Alec Benjamin,Water Fountain,218893,alec benjamin - water fountain,327775,Alec Benjamin,Water Fountain,4IhKLu7Vk3j2TLmnFPl6To,75,2018,electro,0.723,0.504,8,-5.572,1,0.0392,0.388,7.4e-05,0.087,0.551,133.975,218893,4
2025-01-25 03:29,Maroon 5,Daylight,225306,maroon 5 - daylight,40371,Maroon 5,Daylight,6TwfdLbaxTKzQi3AgsZNzx,61,2012,pop,0.657,0.679,2,-5.511,1,0.0269,0.00246,0.0,0.211,0.331,120.007,225307,4
2025-01-25 03:38,Conan Gray,Maniac,185773,conan gray - maniac,462007,Conan Gray,Maniac,6KfoDhO4XUWSbnyKjNp9c4,77,2020,pop,0.628,0.639,8,-5.46,1,0.0435,0.00162,0.0,0.354,0.493,108.045,185773,4
2025-01-25 03:44,Niall Horan,Nice To Meet Ya,158805,niall horan - nice to meet ya,377800,Niall Horan,Nice To Meet Ya,3cphb8kdsjElYR7r5icK3H,61,2019,dance,0.591,0.841,4,-4.351,0,0.0304,0.0119,0.0,0.395,0.392,109.034,158805,4
2025-01-25 03:47,French Montana,Unforgettable,233901,french montana - unforgettable,284831,French Montana,Unforgettable,3B54sVLJ402zGa6Xm4YGNe,81,2017,hip-hop,0.726,0.769,6,-5.043,1,0.123,0.0293,0.0101,0.104,0.733,97.985,233902,4
2025-01-25 03:51,BTS,Dynamite,199053,bts - dynamite,456848,BTS,Dynamite,5QDLhrAOJJdNAmCTJ8xMyW,81,2020,k-pop,0.746,0.765,6,-4.41,0,0.0993,0.0112,0.0,0.0936,0.737,114.044,199054,4
2025-01-25 03:54,Avicii,"Tough Love (feat. Agnes, Vargas & Lagola)",191248,"avicii - tough love (feat. agnes, vargas & lagola)",378133,Avicii,"Tough Love (feat. Agnes, Vargas & Lagola)",1yfyIdEw5U2bD5I6gxQCxW,56,2019,dance,0.402,0.754,8,-4.837,1,0.0432,0.143,0.0,0.358,0.621,108.17,191248,4
2025-01-25 03:58,Rihanna,Diamonds,225146,rihanna - diamonds,40343,Rihanna,Diamonds,1z9kQ14XBSN0r2v6fx4IdG,75,2012,pop,0.564,0.71,11,-4.92,0,0.0461,0.00125,0.0,0.109,0.393,91.972,225147,4
2025-01-25 04:01,Ed Sheeran,Lego House,185093,ed sheeran - lego house,1450873,Ed Sheeran,Lego House,5ubHAQtKuFfiG4FXfLP804,72,2011,pop,0.592,0.637,11,-8.48,1,0.0992,0.562,0.0,0.13,0.565,159.701,185093,4
2025-01-25 04:04,Twenty One Pilots,Stressed Out,202333,twenty one pilots - stressed out,201246,Twenty One Pilots,Stressed Out,3CRDbSIZ4r5MsZ0YwxuEkn,83,2015,rock,0.734,0.637,4,-5.677,0,0.141,0.0462,2.29e-05,0.0602,0.648,169.977,202333,4
2025-01-25 04:07,Alec Benjamin,Outrunning Karma,188850,alec benjamin - outrunning karma,327785,Alec Benjamin,Outrunning Karma,2W0AJEbIC2vdZTV2nVSAsg,65,2018,electro,0.416,0.649,11,-5.271,0,0.0385,0.655,2.82e-06,0.12,0.474,112.482,188851,3
2025-01-25 04:14,Ellie Goulding,Hate Me (with Juice WRLD),186223,ellie goulding - hate me (with juice wrld),377683,Ellie Goulding,Hate Me (with Juice WRLD),6kls8cSlUyHW2BUOkDJIZE,72,2019,dance,0.657,0.768,8,-4.628,1,0.0507,0.108,0.0,0.144,0.759,75.025,186223,4
2025-01-25 04:17,Halsey,New Americana,183808,halsey - new americana,175436,Halsey,New Americana,6Xs7OKt6i0Ddq8B4M5Dgvr,61,2015,electro,0.339,0.707,0,-5.121,0,0.0428,0.0113,0.0,0.337,0.359,173.993,183808,4
2025-01-25 04:21,Troye Sivan,Lucky Strike,208967,troye sivan - lucky strike,321352,Troye Sivan,Lucky Strike,4RoArPM0AsuW3h8hW8xtnr,55,2018,dance,0.612,0.694,2,-7.363,1,0.0514,0.579,0.0,0.0914,0.564,103.031,208967,4
2025-01-25 04:23,MARINA,Bubblegum Bitch,154666,marina - bubblegum bitch,12117,MARINA,Bubblegum Bitch,6IbnUaczZBT34DhaD6S18F,76,2012,dance,0.495,0.856,0,-5.123,0,0.0311,0.000219,0.0,0.103,0.609,158.024,154667,4
2025-01-25 04:27,Joel Adams,Please Don't Go,210580,joel adams - please don't go,197597,Joel Adams,Please Don't Go,3cNjgVBKTJ1SvKhunrCdVy,67,2015,pop,0.513,0.768,4,-4.868,0,0.0587,0.0118,1.94e-05,0.294,0.235,84.264,210580,4
2025-01-25 04:30,DJ Snake,Let Me Love You,205946,dj snake - let me love you,224458,DJ Snake,Let Me Love You,0lYBSQXN6rCTvUZvg9S0lU,82,2016,dance,0.649,0.716,8,-5.371,1,0.0349,0.0863,2.63e-05,0.135,0.163,99.988,205947,4
2025-01-25 04:32,Bastille,Doom Days,138115,bastille - doom days,410232,Bastille,Doom Days,1TkXApzsz0a6YRArjbqprt,54,2019,rock,0.665,0.619,10,-8.327,0,0.0663,0.596,0.0,0.14,0.541,137.043,138115,4
2025-01-25 04:34,Halsey,Walls Could Talk,101789,halsey - walls could talk,264782,Halsey,Walls Could Talk,5ln5yQdUywVbf8HhFsOcd6,74,2017,dance,0.626,0.423,1,-6.035,1,0.0513,0.128,0.0,0.18,0.571,95.162,101790,4
2025-01-25 04:39,BTS,We are Bulletproof : the Eternal,261542,bts - we are bulletproof : the eternal,456885,BTS,We are Bulletproof : the Eternal,133ocfbXXG4HTk76qgSeUb,68,2020,k-pop,0.522,0.574,9,-5.225,0,0.0317,0.224,0.0,0.108,0.176,84.044,261543,4
2025-01-25 04:43,Imagine Dragons,Who We Are,249346,imagine dragons - who we are,201310,Imagine Dragons,Who We Are,2x2SotEkKozaFh6H1aVnOZ,51,2015,rock,0.407,0.656,6,-7.088,0,0.0413,0.00746,0.255,0.343,0.39,173.954,249347,4
2025-01-26 00:41,SZA,Kill Bill,153946,sza - kill bill,569184,SZA,Kill Bill,1Qrg8KqiBpW07V7PNxwwwL,94,2022,pop,0.644,0.735,8,-5.747,1,0.0391,0.0521,0.144,0.161,0.418,88.98,153947,4
2025-01-26 00:44,Alessia Cara,Scars To Your Beautiful,230226,alessia cara - scars to your beautiful,175407,Alessia Cara,Scars To Your Beautiful,0wI7QkCcs8FUQE1OkXUIqd,77,2015,electro,0.573,0.739,0,-5.74,1,0.129,0.0285,0.0,0.111,0.451,97.085,230240,4
2025-01-26 00:52,Seafret,Atlantis,229173,seafret - atlantis,232723,Seafret,Atlantis,1Fid2jjqsHViMX6xNH70hE,85,2016,folk,0.4,0.479,8,-7.989,0,0.0308,0.0529,2.14e-06,0.115,0.213,166.159,229173,4
2025-01-26 00:59,Charlie Puth,Attention,208786,charlie puth - attention,321026,Charlie Puth,Attention,5cF0dROlMOK5uNZtivgu50,81,2018,dance,0.775,0.613,3,-4.586,0,0.0542,0.109,2.33e-05,0.134,0.797,100.066,208787,4
2025-01-26 01:13,One Direction,Story of My Life,39142,one direction - story of my life,93572,One Direction,Story of My Life,4nVBt6MZDDP6tRVdQTgxJg,81,2013,pop,0.6,0.663,3,-5.802,1,0.0477,0.225,0.0,0.119,0.286,121.07,245493,4
2025-01-26 09:35,Coldplay,The Scientist,1726,coldplay - the scientist,612576,Coldplay,The Scientist,1wY0wINntG4wsaukSY1YZq,1,2023,pop,0.557,0.442,5,-7.224,1,0.0243,0.731,1.46e-05,0.11,0.213,146.277,309600,4
2025-01-26 09:35,Coldplay,Yellow,0,coldplay - yellow,612578,Coldplay,Yellow,2SMr5VizKY9Bv0vIPIcm5R,1,2023,pop,0.429,0.661,11,-7.227,1,0.0281,0.00239,0.000121,0.234,0.285,173.372,266773,4
2025-01-26 09:35,One Direction,Story of My Life,3244,one direction - story of my life,93572,One Direction,Story of My Life,4nVBt6MZDDP6tRVdQTgxJg,81,2013,pop,0.6,0.663,3,-5.802,1,0.0477,0.225,0.0,0.119,0.286,121.07,245493,4
2025-01-26 09:40,Coldplay,Yellow,266773,coldplay - yellow,612578,Coldplay,Yellow,2SMr5VizKY9Bv0vIPIcm5R,1,2023,pop,0.429,0.661,11,-7.227,1,0.0281,0.00239,0.000121,0.234,0.285,173.372,266773,4
2025-01-26 09:47,Coldplay,The Scientist,419177,coldplay - the scientist,612576,Coldplay,The Scientist,1wY0wINntG4wsaukSY1YZq,1,2023,pop,0.557,0.442,5,-7.224,1,0.0243,0.731,1.46e-05,0.11,0.213,146.277,309600,4
2025-01-26 09:52,Coldplay,Yellow,266773,coldplay - yellow,612578,Coldplay,Yellow,2SMr5VizKY9Bv0vIPIcm5R,1,2023,pop,0.429,0.661,11,-7.227,1,0.0281,0.00239,0.000121,0.234,0.285,173.372,266773,4
2025-01-26 09:59,Tove Lo,Habits (Stay High),209160,tove lo - habits (stay high),119678,Tove Lo,Habits (Stay High),14OxJlLdcHNpgsm4DRwDOB,71,2014,dance,0.729,0.65,5,-3.539,1,0.0313,0.0702,6.69e-05,0.0829,0.347,110.02,209160,4
2025-01-26 10:03,Arctic Monkeys,505,253586,arctic monkeys - 505,1145378,Arctic Monkeys,505,58ge6dfP91o9oXMzq3XkIS,80,2007,garage,0.52,0.852,0,-5.866,1,0.0543,0.00237,5.79e-05,0.0733,0.234,140.267,253587,4
2025-01-26 10:07,Foster The People,Pumped Up Kicks,239600,foster the people - pumped up kicks,1457398,Foster The People,Pumped Up Kicks,7w87IxuO7BDcJ3YUqCyMTT,81,2011,rock,0.733,0.71,5,-5.849,0,0.0292,0.145,0.115,0.0956,0.965,127.975,239600,4
2025-01-26 10:11,Sara Bareilles,No Such Thing,237388,sara bareilles - no such thing,365913,Sara Bareilles,No Such Thing,6UpCNcYmYBrkqbNQAR9U3H,44,2019,acoustic,0.677,0.45,1,-9.352,1,0.0326,0.29,0.00175,0.0992,0.433,119.922,237388,4
2025-01-26 10:17,blackbear,hot girl bummer,30971,blackbear - hot girl bummer,439846,blackbear,hot girl bummer,6jRq8gaZhMUyy5RclRPcAf,77,2020,electro,0.782,0.559,6,-7.106,0,0.0767,0.125,0.0,0.385,0.685,129.992,188344,1
2025-01-26 10:17,blackbear,hot girl bummer,30971,blackbear - hot girl bummer,439958,blackbear,Hot Girl Bummer,7lu8ZYHhRpH4sgCMIibdKO,46,2020,electro,0.786,0.548,6,-7.068,0,0.078,0.129,0.0,0.34,0.687,129.99,188344,4
2025-01-27 17:18,blackbear,hot girl bummer,158381,blackbear - hot girl bummer,439846,blackbear,hot girl bummer,6jRq8gaZhMUyy5RclRPcAf,77,2020,electro,0.782,0.559,6,-7.106,0,0.0767,0.125,0.0,0.385,0.685,129.992,188344,1
2025-01-27 17:18,blackbear,hot girl bummer,158381,blackbear - hot girl bummer,439958,blackbear,Hot Girl Bummer,7lu8ZYHhRpH4sgCMIibdKO,46,2020,electro,0.786,0.548,6,-7.068,0,0.078,0.129,0.0,0.34,0.687,129.99,188344,4
2025-01-27 17:30,The Chainsmokers,Something Just Like This,247626,the chainsmokers - something just like this,264768,The Chainsmokers,Something Just Like This,6RUKPb4LETWmmr3iAEQktW,83,2017,dance,0.617,0.635,11,-6.769,0,0.0317,0.0498,1.44e-05,0.164,0.446,103.019,247160,4
2025-01-27 17:33,James TW,When You Love Someone,216560,james tw - when you love someone,406468,James TW,When You Love Someone,0TXNKTzawI6VgLoA9UauRp,71,2019,pop,0.681,0.453,7,-6.09,1,0.0278,0.263,0.0,0.0543,0.348,125.772,216560,4
2025-01-27 17:37,Fall Out Boy,Centuries,228360,fall out boy - centuries,176367,Fall Out Boy,Centuries,04aAxqtGp5pv12UXAg4pkq,78,2015,emo,0.393,0.858,4,-2.868,0,0.0729,0.00359,0.0,0.102,0.56,176.042,228360,4
2025-01-27 17:44,Kali Uchis,Melting,208853,kali uchis - melting,197515,Kali Uchis,Melting,2kSb3wYSOV996xA2NSmpck,81,2015,pop,0.574,0.479,8,-7.776,1,0.0355,0.179,0.0803,0.106,0.303,115.263,208854,4
2025-01-27 17:48,Jaymes Young,Infinity,237720,jaymes young - infinity,286612,Jaymes Young,Infinity,1SOClUWhOi8vHZYMz3GluK,81,2017,indie-pop,0.671,0.673,11,-6.941,0,0.0444,0.148,5.29e-05,0.304,0.494,121.963,237720,4
2025-01-27 18:03,Duncan Laurence,Arcade,183624,duncan laurence - arcade,406428,Duncan Laurence,Arcade,1Xi84slp6FryDSCbzq4UCD,77,2019,pop,0.45,0.329,9,-12.603,0,0.0441,0.818,0.00109,0.135,0.266,71.884,183624,3
2025-01-27 18:09,Wallows,Are You Bored Yet? (feat. Clairo),178000,wallows - are you bored yet? (feat. clairo),399066,Wallows,Are You Bored Yet? (feat. Clairo),57RA3JGafJm5zRtKJiKPIm,77,2019,indie-pop,0.682,0.683,8,-6.444,0,0.0287,0.156,2.32e-05,0.273,0.64,120.023,178000,4
2025-01-27 18:13,Imagine Dragons,Believer,204346,imagine dragons - believer,297308,Imagine Dragons,Believer,0pqnGHJpmpxLKifKRmU6WP,86,2017,rock,0.776,0.78,10,-4.374,0,0.128,0.0622,0.0,0.081,0.666,124.949,204347,4
2025-01-27 18:17,Troye Sivan,FOOLS,220402,troye sivan - fools,197700,Troye Sivan,FOOLS,0tjfognbowyFM3RHTdxjPK,52,2015,pop,0.292,0.678,10,-5.595,1,0.0724,0.192,0.0,0.146,0.365,87.436,220403,4
2025-01-27 22:22,Harry Styles,Falling,240133,harry styles - falling,406378,Harry Styles,Falling,1ZMiCix7XSAbfAJlEZWMCp,82,2019,pop,0.567,0.267,4,-6.502,1,0.0299,0.839,1.46e-06,0.089,0.0592,110.011,240133,4
2025-01-27 22:24,Hailee Steinfeld,Starving,147487,hailee steinfeld - starving,224469,Hailee Steinfeld,Starving,4Ce37cRWvM1vIGGynKcs22,73,2016,dance,0.728,0.616,4,-4.238,1,0.0645,0.378,0.0,0.105,0.508,99.962,181880,4
2025-01-27 22:28,Maggie Lindemann,Couple of Kids,222656,maggie lindemann - couple of kids,197881,Maggie Lindemann,Couple of Kids,0aLJRIFLFZ0Tjr8XZb2uMX,49,2015,pop,0.62,0.422,4,-4.525,1,0.0309,0.64,9.05e-06,0.213,0.234,128.154,222656,4
2025-01-27 22:41,Kurt Hugo Schneider,Sweater Weather,139063,kurt hugo schneider - sweater weather,293664,Kurt Hugo Schneider,Sweater Weather,0kn9QwZW8Ow9eTuZgxVEz8,63,2017,pop,0.606,0.328,10,-7.824,1,0.0305,0.876,0.0,0.138,0.393,124.041,228387,4
2025-01-27 22:44,Kurt Hugo Schneider,Sweater Weather,89339,kurt hugo schneider - sweater weather,293664,Kurt Hugo Schneider,Sweater Weather,0kn9QwZW8Ow9eTuZgxVEz8,63,2017,pop,0.606,0.328,10,-7.824,1,0.0305,0.876,0.0,0.138,0.393,124.041,228387,4
2025-01-27 22:50,Daisy the Great,Record Player (with AJR),149538,daisy the great - record player (with ajr),508549,Daisy the Great,Record Player (with AJR),4jYt1pQqg2mIZmY4FWCZEM,62,2021,indie-pop,0.665,0.684,11,-7.049,0,0.106,0.247,0.0,0.0636,0.927,73.986,149538,4
2025-01-27 22:53,Alec Benjamin,Boy In The Bubble,181705,alec benjamin - boy in the bubble,327781,Alec Benjamin,Boy In The Bubble,60cYr5uuMoxvyuIx45rGEW,67,2018,electro,0.817,0.578,11,-7.579,0,0.0824,0.224,0.00103,0.251,0.851,143.982,181705,4
2025-01-27 22:56,Olivia Rodrigo,deja vu,215506,olivia rodrigo - deja vu,515572,Olivia Rodrigo,deja vu,6HU7h9RYOaPRFeh0R3UeAr,83,2021,pop,0.442,0.612,2,-7.222,1,0.112,0.584,5.7e-06,0.37,0.178,180.917,215507,4
2025-01-27 23:00,GROUPLOVE,Tongue Tied,218013,grouplove - tongue tied,1403307,GROUPLOVE,Tongue Tied,0GO8y8jQk1PkHzS31d699N,77,2011,alt-rock,0.56,0.936,3,-5.835,1,0.0439,0.00847,0.0,0.161,0.371,112.96,218013,4
2025-01-27 23:03,FLETCHER,If You're Gonna Lie,196027,fletcher - if you're gonna lie,377895,FLETCHER,If You're Gonna Lie,0mPTZjG5PElXTUIxj1nqgp,54,2019,dance,0.671,0.763,8,-5.877,1,0.305,0.607,2.16e-05,0.495,0.469,149.87,203113,4
2025-01-27 23:06,Alec Benjamin,Let Me Down Slowly,169353,alec benjamin - let me down slowly,327774,Alec Benjamin,Let Me Down Slowly,2qxmye6gAegTMjLKEBoR3d,83,2018,electro,0.652,0.557,1,-5.714,0,0.0318,0.74,0.0,0.124,0.483,150.073,169354,4
2025-01-27 23:09,Halsey,Ghost,153656,halsey - ghost,175451,Halsey,Ghost,5dcYoYFAXh0f0qI05AoufB,57,2015,electro,0.57,0.606,7,-8.085,1,0.129,0.0529,0.000727,0.134,0.212,95.038,153657,4
2025-01-28 22:16,Maroon 5,Maps,189960,maroon 5 - maps,146767,Maroon 5,Maps,4gbVRS8gloEluzf0GzDOFc,82,2014,pop,0.742,0.713,1,-5.522,0,0.0303,0.0205,0.0,0.059,0.879,120.032,189960,4
2025-01-28 22:18,The Kid LAROI,WITHOUT YOU,161384,the kid laroi - without you,506701,The Kid LAROI,WITHOUT YOU,1KMkcUvF7m3SDChDOa7i5L,77,2021,hip-hop,0.662,0.413,0,-7.357,1,0.0299,0.213,0.0,0.134,0.467,93.005,161385,4
2025-01-28 22:22,Troye Sivan,Happy Little Pill,224874,troye sivan - happy little pill,119910,Troye Sivan,Happy Little Pill,4z8Ll8nU1jMqB8HvKTyLP1,50,2014,dance,0.567,0.593,4,-7.127,0,0.0375,0.000848,2.09e-06,0.114,0.0398,91.703,224874,4
2025-01-28 22:26,Martin Garrix,Ocean (feat. Khalid),216419,martin garrix - ocean (feat. khalid),321115,Martin Garrix,Ocean (feat. Khalid),3nc420PXjTdBV5TN0gCFkS,66,2018,dance,0.506,0.693,0,-7.265,0,0.0412,0.584,9.58e-05,0.0891,0.221,139.912,216420,4
2025-01-28 22:30,Taylor Swift,Delicate,232253,taylor swift - delicate,293475,Taylor Swift,Delicate,6NFyWDv5CjfwuzoCkw47Xf,78,2017,pop,0.75,0.404,9,-10.178,0,0.0682,0.216,0.000357,0.0911,0.0499,95.045,232253,4
2025-01-28 22:33,Tones And I,Dance Monkey,209438,tones and i - dance monkey,406401,Tones And I,Dance Monkey,2XU0oxnq2qxCpomAAuJY8K,76,2019,pop,0.824,0.588,6,-6.4,0,0.0924,0.692,0.000104,0.149,0.513,98.027,209438,4
2025-01-28 22:36,Half an Orange,Blink 182,184000,half an orange - blink 182,383901,Half an Orange,Blink 182,0GUCG3rXFQXFBwl3hExO2p,47,2019,edm,0.59,0.469,10,-7.387,0,0.0525,0.206,0.0,0.109,0.37,149.86,184000,4
2025-01-28 23:18,Bishop Briggs,River,187902,bishop briggs - river,254952,Bishop Briggs,River,0TGTE9TEh9qzuFwmtRNICn,53,2017,alt-rock,0.726,0.484,2,-6.707,0,0.0477,0.274,2.44e-06,0.0874,0.561,62.493,214280,4
2025-01-29 05:10,Alec Benjamin,If I Killed Someone For You,3415,alec benjamin - if i killed someone for you,327779,Alec Benjamin,If I Killed Someone For You,0WHi11uzahqpEtPGYCW6oQ,70,2018,electro,0.514,0.605,7,-5.363,1,0.0337,0.774,2.91e-06,0.121,0.409,120.894,185123,4
2025-01-29 05:11,The Weeknd,Blinding Lights,48460,the weeknd - blinding lights,461991,The Weeknd,Blinding Lights,0VjIjW4GlUZAMYd2vXMi3b,90,2020,pop,0.514,0.73,1,-5.934,1,0.0598,0.00146,9.54e-05,0.0897,0.334,171.005,200040,4
2025-01-29 05:11,Rachel Platten,Fight Song,791,rachel platten - fight song,224464,Rachel Platten,Fight Song,37f4ITSlgPX81ad2EvmVQr,75,2016,dance,0.564,0.714,7,-4.987,1,0.129,0.0549,0.0,0.155,0.33,175.924,204013,4
2025-01-29 05:11,The Chainsmokers,Hope,9166,the chainsmokers - hope,321126,The Chainsmokers,Hope,4BiiOzZCrXEzHRLYcYFiD5,64,2018,dance,0.773,0.699,1,-5.982,0,0.0958,0.488,3.6e-06,0.0814,0.513,104.941,180120,4
2025-01-29 05:11,BTS,Dope,1078,bts - dope,192414,BTS,Dope,7jPCPDYoiaKeK7cgNGpIzq,66,2015,k-pop,0.595,0.89,10,-3.109,0,0.245,0.0486,0.0,0.32,0.62,154.071,240021,4
2025-01-29 05:11,Rihanna,Unfaithful,948,rihanna - unfaithful,1097385,Rihanna,Unfaithful,13xxBnXOuiBxVxJI458B0i,72,2006,pop,0.588,0.391,0,-8.607,0,0.0334,0.839,0.0,0.227,0.349,144.069,226973,4
2025-01-29 05:11,BLACKPINK,BOOMBAYAH,981,blackpink - boombayah,247529,BLACKPINK,BOOMBAYAH,13MF2TYuyfITClL1R2ei6e,75,2016,k-pop,0.661,0.836,5,-3.164,0,0.059,0.00268,0.0,0.497,0.396,124.952,240793,4
2025-01-29 05:14,Stephen Sanchez,Until I Found You (with Em Beihold) - Em Beihold Version,176440,stephen sanchez - until i found you (with em beihold) - em beihold version,569194,Stephen Sanchez,Until I Found You (with Em Beihold) - Em Beihold Version,1Y3LN4zO1Edc2EluIoSPJN,91,2022,pop,0.551,0.55,10,-5.339,1,0.0286,0.777,0.0,0.202,0.342,101.19,176440,3
2025-01-29 05:22,BANNERS,Someone to You,219813,banners - someone to you,286620,BANNERS,Someone To You,14BH4qO7pgCmIe6mgLKOK3,71,2017,indie-pop,0.468,0.936,2,-3.683,1,0.0455,0.00568,0.0,0.24,0.663,75.05,219800,4
2025-01-29 05:25,All Time Low,A Love Like War (feat. Vic Fuentes),213740,all time low - a love like war (feat. vic fuentes),93632,All Time Low,A Love Like War (feat. Vic Fuentes),0TPF6uW7fhMXJPoBERqTy5,56,2013,pop,0.475,0.987,5,-3.515,0,0.121,0.00028,2.4e-06,0.335,0.632,162.005,213741,4
2025-01-29 05:28,salem ilese,Mad at Disney,136838,salem ilese - mad at disney,454787,salem ilese,Mad at Disney,7aGyRfJWtLqgJaZoG9lJhE,69,2020,indie-pop,0.738,0.621,0,-7.313,1,0.0486,0.424,7.39e-06,0.692,0.715,113.968,136839,4
2025-01-29 05:30,MEDUZA,Piece Of Your Heart,152913,meduza - piece of your heart,377720,MEDUZA,Piece Of Your Heart,1DFD5Fotzgn6yYXkYsKiGs,75,2019,dance,0.677,0.744,10,-6.806,0,0.0295,0.0404,0.00016,0.074,0.631,124.08,152913,4
2025-01-29 05:33,LISA,MONEY,168227,lisa - money,510745,LISA,MONEY,7hU3IHwjX150XLoTVmjD0q,76,2021,k-pop,0.831,0.554,1,-9.998,0,0.218,0.161,6.12e-05,0.152,0.396,140.026,168228,4
2025-01-29 05:44,Queen,Bohemian Rhapsody - Remastered 2011,637070,queen - bohemian rhapsody - remastered 2011,150190,Queen,Bohemian Rhapsody - Remastered 2011,6ljkRMigoNtu0x1mlTEsKc,42,2014,rock,0.393,0.398,0,-9.973,0,0.0514,0.256,0.0,0.195,0.236,143.353,355467,4
2025-01-29 05:47,Confetti,Ghost,169413,confetti - ghost,406443,Confetti,Ghost,30uCmqegKQnH5AbOE51gPD,72,2019,pop,0.766,0.673,5,-5.066,0,0.239,0.00286,0.000594,0.486,0.705,84.947,169413,4
2025-01-29 05:50,BØRNS,Electric Love,218106,børns - electric love,197517,BØRNS,Electric Love,2GiJYvgVaD2HtM8GqD9EgQ,79,2015,pop,0.611,0.797,6,-7.627,0,0.0533,0.00543,0.00137,0.26,0.518,120.041,218107,4
2025-01-29 06:07,Little Mix,"Secret Love Song, Pt. II",95410,"little mix - secret love song, pt. ii",197685,Little Mix,"Secret Love Song, Pt. II",0NyRSfiU6ri61vku1xiLoD,64,2015,pop,0.558,0.361,9,-8.346,1,0.0328,0.754,0.0,0.0926,0.165,95.161,266926,4
2025-01-29 17:41,Little Mix,"Secret Love Song, Pt. II",13701,"little mix - secret love song, pt. ii",197685,Little Mix,"Secret Love Song, Pt. II",0NyRSfiU6ri61vku1xiLoD,64,2015,pop,0.558,0.361,9,-8.346,1,0.0328,0.754,0.0,0.0926,0.165,95.161,266926,4
2025-01-29 17:44,Vance Joy,Riptide,204280,vance joy - riptide,74623,Vance Joy,Riptide,423RKXolCbgBbkF8WanOwA,44,2013,folk,0.484,0.731,1,-6.694,1,0.0379,0.431,0.0,0.151,0.51,101.654,204280,4
2025-01-29 17:48,Troye Sivan,Take Yourself Home,249369,troye sivan - take yourself home,433696,Troye Sivan,Take Yourself Home,21063p4OKSg1gQOx4Fzv77,53,2020,dance,0.366,0.606,5,-9.188,0,0.0832,0.0743,0.00034,0.106,0.294,100.694,249370,4
2025-01-29 17:52,Camila Cabello,Bam Bam (feat. Ed Sheeran),206070,camila cabello - bam bam (feat. ed sheeran),541611,Camila Cabello,Bam Bam (feat. Ed Sheeran),0QBzMgT7NIeoCYy3sJCof1,80,2022,dance,0.756,0.697,8,-6.377,1,0.0401,0.182,0.0,0.333,0.956,94.996,206071,4
2025-01-29 17:55,Sabrina Carpenter,Paris,218080,sabrina carpenter - paris,321279,Sabrina Carpenter,Paris,359HNzfOXhCMHB1pNKhyfH,55,2018,dance,0.576,0.671,2,-6.408,0,0.0474,0.0482,0.0,0.114,0.226,114.839,218080,4
2025-01-29 17:59,Fitz and The Tantrums,Out of My League,209386,fitz and the tantrums - out of my league,56397,Fitz and The Tantrums,Out of My League,2AYEOC02WLhUiOoaig2SEH,71,2013,alt-rock,0.545,0.968,9,-3.553,0,0.0853,0.0387,0.00325,0.331,0.527,169.965,209386,4
2025-01-29 18:05,Bea Miller,Fire N Gold,211866,bea miller - fire n gold,175454,Bea Miller,Fire N Gold,7xAdO0zdl7lGf0ecg4IGhQ,52,2015,electro,0.539,0.869,6,-5.341,1,0.0471,0.00463,0.0,0.324,0.362,143.987,211573,4
2025-01-29 18:09,The Weeknd,Save Your Tears (with Ariana Grande) (Remix),191013,the weeknd - save your tears (with ariana grande) (remix),515589,The Weeknd,Save Your Tears (with Ariana Grande) (Remix),37BZB0z9T8Xu7U3e65qxFy,81,2021,pop,0.65,0.825,0,-4.645,1,0.0325,0.0215,2.44e-05,0.0936,0.593,118.091,191014,4
2025-01-29 18:12,Imagine Dragons,Radioactive,186813,imagine dragons - radioactive,43790,Imagine Dragons,Radioactive,4G8gkOterJn0Ywt6uhqbhp,71,2012,rock,0.448,0.784,9,-3.686,1,0.0627,0.106,0.000108,0.668,0.236,136.245,186813,4
2025-01-29 18:18,Lauv,I Like Me Better,197436,lauv - i like me better,321018,Lauv,I Like Me Better,0EcQcdcbQeVJn9fknj44Be,80,2018,dance,0.753,0.505,9,-7.621,1,0.255,0.534,2.58e-06,0.104,0.419,91.972,197437,4
2025-01-29 18:21,Alesso,REMEDY,190295,alesso - remedy,321190,Alesso,REMEDY,6jreFSOTUAViWjKyzOC4Kg,63,2018,dance,0.601,0.775,0,-4.612,1,0.0473,0.269,0.0,0.0883,0.483,119.964,190295,4
2025-01-29 18:25,Halsey,Castle,277623,halsey - castle,175424,Halsey,Castle,16w8ZGVSjI4TlTLV8VimBY,64,2015,electro,0.626,0.571,7,-7.461,0,0.0327,0.25,0.0,0.0946,0.164,129.959,277623,4
2025-01-29 18:30,Marshmello,Happier,178481,marshmello - happier,321014,Marshmello,Happier,2dpaYNEQHiRxtZbfNsse99,81,2018,dance,0.687,0.792,5,-2.749,1,0.0452,0.191,0.0,0.167,0.671,100.015,214290,4
2025-01-31 03:54,Lola Blanc,Angry Too,204088,lola blanc - angry too,406531,Lola Blanc,Angry Too,3DgxdsUHAvQgWPdPij6IVw,62,2019,pop,0.55,0.742,8,-5.216,1,0.0724,0.0615,0.000241,0.0673,0.614,160.081,204089,4
2025-01-31 03:58,Charlotte Lawrence,Why Do You Love Me,171908,charlotte lawrence - why do you love me,378135,Charlotte Lawrence,Why Do You Love Me,2y8iBf0QRqCKFtePi9Rl2H,52,2019,dance,0.81,0.305,8,-6.165,0,0.0902,0.28,0.000116,0.203,0.732,120.013,171908,4
2025-01-31 22:08,Hikaru Shirosu,"Waltz No. 1, Op. 6 ""Collapse""",157647,"hikaru shirosu - waltz no. 1, op. 6 ""collapse""",461234,Hikaru Shirosu,"Waltz No. 1, Op. 6 ""Collapse""",0vkyBVcGTbdOW5BJirBjKx,55,2020,piano,0.537,0.0758,0,-26.395,0,0.043,0.993,0.9,0.225,0.412,154.438,157647,3
2025-01-31 22:12,Jacob LaVallee,Somewhere in Between,181992,jacob lavallee - somewhere in between,461231,Jacob LaVallee,Somewhere in Between,1DOMGngtpVWJBCQpu2jOeP,55,2020,piano,0.425,0.124,4,-19.731,0,0.0436,0.991,0.934,0.0858,0.308,139.027,181993,3
2025-01-31 22:15,Erik Satie,Gymnopédie No. 1,205866,erik satie - gymnopédie no. 1,538486,Erik Satie,Gymnopédie No. 1,2ODFM1lI4oWn8BNCpMIFV8,38,2022,classical,0.441,0.0553,7,-21.401,1,0.0394,0.893,0.877,0.111,0.219,134.468,326159,4
2025-01-31 22:29,Ben Crosland,Oceans Apart,78413,ben crosland - oceans apart,424347,Ben Crosland,Oceans Apart,1yqM5O07lL7R6UAdK5jvrR,63,2020,ambient,0.396,0.0559,9,-20.707,0,0.0599,0.987,0.935,0.11,0.278,95.217,78413,1
2025-01-31 22:36,aspidistrafly,Landscape With a Fairy,265253,aspidistrafly - landscape with a fairy,1451154,aspidistrafly,Landscape With a Fairy,19doORzyzOFARW6I0Fydc8,52,2011,pop,0.303,0.291,5,-12.932,1,0.0318,0.934,0.824,0.363,0.197,111.327,265253,3
2025-01-31 22:37,Luna Li,Misery Moon,68732,luna li - misery moon,562062,Luna Li,Misery Moon,5EwRVuWJpNNMYM4UkT561o,58,2022,indie-pop,0.797,0.313,3,-12.42,0,0.0421,0.819,0.23,0.108,0.432,119.78,68732,4
2025-01-31 22:45,Yehezkel Raz,Before You Left,110900,yehezkel raz - before you left,386375,Yehezkel Raz,Before You Left,6IVIZuZrtuSlSPghHR1vRU,42,2019,folk,0.473,0.00366,0,-37.476,0,0.0358,0.995,0.956,0.0996,0.296,94.988,110900,3
2025-01-31 22:55,Kapa Boy,Fine line - Instrumental,113880,kapa boy - fine line - instrumental,574410,Kapa Boy,Fine line - Instrumental,6Zdy7p43UjrScpi0wrjSjI,56,2022,sad,0.64,0.277,0,-16.244,1,0.0323,0.938,0.544,0.0985,0.0534,108.517,113880,4
2025-01-31 23:02,Claude Debussy,"Suite Bergamasque, L. 75: III. Clair de lune",305241,"claude debussy - suite bergamasque, l. 75: iii. clair de lune",116202,Claude Debussy,"Suite Bergamasque, L. 75: III. Clair de lune",1p6E7j1YIlrJ82hOoG1OM4,48,2014,classical,0.278,0.00448,1,-32.897,1,0.0528,0.993,0.926,0.0579,0.0391,70.871,333707,1
2025-01-31 23:02,Claude Debussy,"Suite Bergamasque, L. 75: III. Clair de lune",305241,"claude debussy - suite bergamasque, l. 75: iii. clair de lune",116584,Claude Debussy,"Suite bergamasque, L. 75: III. Clair de lune",6EiZyXxZ6L6AvJmQK3BUZC,15,2014,classical,0.125,0.0917,1,-19.596,1,0.0486,0.944,0.302,0.0969,0.0393,80.763,304493,4
2025-01-31 23:14,Emile Pandolfi,So This Is Love,172187,emile pandolfi - so this is love,403530,Emile Pandolfi,So This Is Love,0gsBQy8Q0eWlR67xDmoWFw,54,2019,new-age,0.279,0.234,7,-17.515,1,0.0396,0.975,0.871,0.0908,0.24,163.883,172187,1
2025-01-31 23:29,Ludovico Einaudi,Experience,488405,ludovico einaudi - experience,57299,Ludovico Einaudi,Experience,1BncfTJAWxrsxyT9culBrj,77,2013,ambient,0.447,0.449,2,-10.634,1,0.0376,0.934,0.961,0.0697,0.036,92.468,315427,4
2025-01-31 23:36,Illuminine,"Dear, Dolores - Dominique Charpentier Rework",122266,"illuminine - dear, dolores - dominique charpentier rework",424353,Illuminine,"Dear, Dolores - Dominique Charpentier Rework",52O4otaWg5dl0QoWJdaadw,61,2020,ambient,0.295,0.00814,11,-32.512,1,0.0454,0.993,0.894,0.124,0.152,84.328,122267,3
2025-01-31 23:37,Yehezkel Raz,Ballerina,71581,yehezkel raz - ballerina,386083,Yehezkel Raz,Ballerina,5lm18pjbwdth6ENVllxjfl,66,2019,folk,0.376,0.0207,3,-35.713,1,0.0678,0.993,0.954,0.0938,0.429,75.607,71581,1
2025-01-31 23:41,Ben Crosland,The Hourglass,120746,ben crosland - the hourglass,424363,Ben Crosland,The Hourglass,6AUxUEdwGIBjnUaifqYOHe,57,2020,ambient,0.441,0.146,4,-22.778,1,0.0492,0.963,0.934,0.111,0.102,112.506,120747,3
2025-02-01 00:16,Frédéric Chopin,Nocturne Op. 9 No. 2,302269,frédéric chopin - nocturne op. 9 no. 2,169285,Frédéric Chopin,Nocturne Op. 9 No. 2,61YM5SkqqeUjIBL7It56cs,61,2015,classical,0.446,0.0146,10,-31.047,1,0.12,0.991,0.945,0.116,0.0815,137.697,302269,1
2025-02-01 01:30,Adrien de la Salle,Prélude d'une nuit d'automne,160750,adrien de la salle - prélude d'une nuit d'automne,538359,Adrien de la Salle,Prélude d'une nuit d'automne,4gD6w9YOhwZTCVzVM1NI3c,45,2022,classical,0.499,0.0306,9,-24.52,1,0.0501,0.993,0.928,0.107,0.204,128.266,160750,3
2025-02-01 01:40,Patrick Watson,Je te laisserai des mots,160853,patrick watson - je te laisserai des mots,1354803,Patrick Watson,Je te laisserai des mots,0V5cvmTKsYmF5FmGGEAfmS,82,2010,folk,0.303,0.187,2,-16.757,1,0.0356,0.989,0.489,0.101,0.213,132.731,160853,4
2025-02-01 01:49,Yves Tumor,Limerence,329361,yves tumor - limerence,293590,Yves Tumor,Limerence,2wiV5iKq5F5A0KUee4OrlK,62,2017,pop,0.325,0.322,8,-16.613,1,0.03,0.887,0.214,0.118,0.724,182.073,329361,3
2025-02-01 01:50,Patrick Watson,Ode to Vivian,89601,patrick watson - ode to vivian,549445,Patrick Watson,Ode to Vivian,5fqYqPWlfQhIkcUY3XAJlm,65,2022,folk,0.496,0.15,0,-22.415,0,0.0355,0.981,0.94,0.123,0.464,134.311,89601,4
2025-02-01 01:53,Liana Flores,rises the moon,161929,liana flores - rises the moon,399062,Liana Flores,rises the moon,51Grh1RyUDcMBbpuyUIUHI,81,2019,indie-pop,0.483,0.129,5,-20.149,0,0.0349,0.947,0.145,0.106,0.203,137.35,161929,3
2025-02-01 01:57,Guthfrith Mason,Encounter,97050,guthfrith mason - encounter,612232,Guthfrith Mason,Encounter,46nvzh7xDGjeaxVFIaWnB0,25,2023,piano,0.311,0.0544,6,-24.463,0,0.0323,0.995,0.906,0.0939,0.116,80.988,97051,4
2025-02-01 02:07,Ludovico Einaudi,Wind Song,198649,ludovico einaudi - wind song,532845,Ludovico Einaudi,Wind Song,48i1p3R9l9f7zjcHPJysZZ,64,2022,ambient,0.339,0.00572,11,-32.309,0,0.0378,0.986,0.923,0.103,0.0616,72.7,198650,3
2025-02-01 02:33,Fabrizio Paterlini,Rue des trois frères,111442,fabrizio paterlini - rue des trois frères,1334241,Fabrizio Paterlini,Rue des trois frères,3lSOZb5rruEnFbe9xWELF6,67,2010,ambient,0.348,0.169,1,-18.45,1,0.0413,0.959,0.889,0.1,0.107,138.877,111443,3
2025-02-01 02:44,Chihei Hatakeyama,Images Of Broken Light,509280,chihei hatakeyama - images of broken light,1263113,Chihei Hatakeyama,Images Of Broken Light,3VGOjz1kIkGcGohvArNO2u,34,2009,ambient,0.156,0.0944,0,-20.858,1,0.0486,0.985,0.913,0.0647,0.0258,72.802,509280,3
2025-02-01 03:05,Jacob LaVallee,Enigma,144034,jacob lavallee - enigma,514838,Jacob LaVallee,Enigma,73RQF5UVnSL2FPsC5aMyD7,55,2021,piano,0.447,0.157,6,-17.807,1,0.0385,0.984,0.917,0.0954,0.175,65.906,144035,3
2025-02-01 03:07,On Piano,Chiar di Luna,114710,on piano - chiar di luna,429937,On Piano,Chiar di Luna,1GPW0LfE1D8RCJ4TgpMTwB,52,2020,classical,0.43,0.11,7,-21.554,0,0.052,0.992,0.855,0.104,0.0495,104.947,114710,3
2025-02-01 03:19,Jacob LaVallee,Hebel,152124,jacob lavallee - hebel,515345,Jacob LaVallee,Hebel,5k5Hp2PiUhNV7LslFlJq69,33,2021,piano,0.406,0.0846,7,-20.805,0,0.0344,0.99,0.919,0.101,0.0695,96.691,152125,1
2025-02-01 03:35,Jacob LaVallee,Evenfall,146504,jacob lavallee - evenfall,514953,Jacob LaVallee,Evenfall,5EwC7LIoLBhLJjlAgz2pXR,45,2021,piano,0.464,0.0497,5,-17.525,0,0.041,0.989,0.943,0.116,0.154,111.96,146504,5
2025-02-01 03:50,Lullatone,Falling Asleep with a Book on Your Chest (Piano Version),185957,lullatone - falling asleep with a book on your chest (piano version),368606,Lullatone,Falling Asleep with a Book on Your Chest (Piano Version),1wkwJswKpMJNVxPAOIw6mc,47,2019,ambient,0.444,0.00238,7,-28.583,1,0.0793,0.994,0.942,0.103,0.482,170.004,185957,5
2025-02-01 03:58,Ludovico Einaudi,Einaudi: Una mattina,190813,ludovico einaudi - einaudi: una mattina,424374,Ludovico Einaudi,Einaudi: Una mattina,0rFdP3ZfwsUajBLUuex0Kb,54,2020,ambient,0.0975,0.0077,9,-34.135,0,0.0471,0.988,0.83,0.0603,0.0989,87.152,190813,4
2025-02-01 03:59,Fabrizio Paterlini,Waltz,64788,fabrizio paterlini - waltz,424345,Fabrizio Paterlini,Waltz,73fZnvwSUlWwt9LLRkknzs,65,2020,ambient,0.27,0.0516,8,-33.766,0,0.0442,0.986,0.953,0.112,0.199,87.587,64788,4
2025-02-01 04:04,Hikaru Shirosu,"Waltz No. 1, Collapse",156038,"hikaru shirosu - waltz no. 1, collapse",568517,Hikaru Shirosu,"Waltz No. 1, Collapse",0J2lmSTQQWhTiglHDbhLWm,56,2022,piano,0.505,0.0239,9,-27.412,0,0.0445,0.994,0.956,0.123,0.193,155.588,156039,3
2025-02-01 04:11,Joep Beving,Sleeping Lotus,152000,joep beving - sleeping lotus,163852,Joep Beving,Sleeping Lotus,6c7uYlmHJtZPnenPjqG7Ir,61,2015,ambient,0.312,0.0268,7,-26.537,0,0.0369,0.994,0.885,0.107,0.188,68.524,152000,4
2025-02-01 04:16,Ben Crosland,Memento,119306,ben crosland - memento,424391,Ben Crosland,Memento,7rluktTepDJTxl6Jb35otq,52,2020,ambient,0.42,0.0284,8,-24.783,1,0.0368,0.985,0.942,0.0889,0.452,136.583,119307,3
2025-02-01 04:32,Arelius,Air,172000,arelius - air,429919,Arelius,Air,4F65GPn78BrRvP638wEQZP,45,2020,classical,0.376,0.109,2,-24.201,1,0.0422,0.981,0.901,0.104,0.285,68.307,172000,4
2025-02-01 04:34,Yehezkel Raz,Behind Every Decision,105940,yehezkel raz - behind every decision,386130,Yehezkel Raz,Behind Every Decision,2kbruQXVXFmxxm4l75zuwy,58,2019,folk,0.235,0.00362,3,-37.822,0,0.0441,0.995,0.79,0.0956,0.0885,69.677,105941,4
2025-02-01 05:09,Jacob LaVallee,Dolci Ricordi,135552,jacob lavallee - dolci ricordi,515247,Jacob LaVallee,Dolci Ricordi,2osd4NviejBEAeqWnQJm8V,34,2021,piano,0.463,0.115,5,-19.649,1,0.0372,0.989,0.937,0.105,0.24,113.966,198250,4
2025-02-04 17:51,Jacob LaVallee,Dolci Ricordi,2718,jacob lavallee - dolci ricordi,515247,Jacob LaVallee,Dolci Ricordi,2osd4NviejBEAeqWnQJm8V,34,2021,piano,0.463,0.115,5,-19.649,1,0.0372,0.989,0.937,0.105,0.24,113.966,198250,4
2025-02-04 18:15,Arelius,Training Wheels,183192,arelius - training wheels,538395,Arelius,Training Wheels,4SwoHJ6WZtsX4Uv9ro5BfH,44,2022,classical,0.44,0.0475,1,-27.377,1,0.0358,0.994,0.901,0.11,0.0664,133.953,183193,4
2025-02-04 18:24,Javi Lobe,Lost Time,140555,javi lobe - lost time,484606,Javi Lobe,Lost Time,1nJE8TEWK9hf9Bl0pekJCi,60,2021,classical,0.481,0.0639,2,-24.46,0,0.0449,0.991,0.942,0.0922,0.301,125.058,140556,4
2025-02-04 20:47,Arelius,Embers,145663,arelius - embers,430068,Arelius,Embers,3w5PezHvFMixBbUFgKRDuZ,36,2020,classical,0.464,0.121,9,-25.607,0,0.043,0.986,0.91,0.118,0.213,118.636,145663,4
2025-02-04 20:56,Ben Crosland,The Snow is Melting,178329,ben crosland - the snow is melting,312023,Ben Crosland,The Snow is Melting,3Ayo9cB28HCGOxDvtp6zi8,48,2018,ambient,0.163,0.221,5,-22.275,1,0.0473,0.976,0.943,0.0909,0.124,186.736,178329,3
2025-02-04 21:00,Jacob LaVallee,Perpetual Motion,137251,jacob lavallee - perpetual motion,568947,Jacob LaVallee,Perpetual Motion,5z0OIg2MtPXnjo2XnKn69V,32,2022,piano,0.405,0.161,2,-21.851,0,0.051,0.993,0.947,0.11,0.343,117.147,137251,4
2025-02-04 21:02,Arelius,Water,117409,arelius - water,429886,Arelius,Water,1U7Syyn2lRotoO9Zq8JpRI,55,2020,classical,0.328,0.194,6,-23.435,1,0.0471,0.976,0.886,0.109,0.0871,149.529,117410,3
2025-02-04 21:10,Ben Crosland,Acceptance,195840,ben crosland - acceptance,532911,Ben Crosland,Acceptance,4DE4fXnXftKMyl6IQEYWnp,45,2022,ambient,0.486,0.0774,1,-30.066,1,0.0453,0.991,0.926,0.107,0.161,111.956,195840,4
2025-02-04 21:16,Mattia Vlad Morleo,Latent Dream,232174,mattia vlad morleo - latent dream,312002,Mattia Vlad Morleo,Latent Dream,2SBkwSedtTogejeZhh61IC,50,2018,ambient,0.335,0.0615,4,-30.169,1,0.0435,0.995,0.927,0.109,0.0352,96.309,232175,4
2025-02-04 21:19,Javi Lobe,And it Starts to Rain,170148,javi lobe - and it starts to rain,484622,Javi Lobe,And it Starts to Rain,5DtE1VkhyWxvqUNRbdVZ1y,52,2021,classical,0.374,0.0333,4,-30.363,0,0.0403,0.995,0.941,0.0751,0.126,95.527,170149,3
2025-02-04 21:24,Jacob LaVallee,Somewhere in Between,181992,jacob lavallee - somewhere in between,461231,Jacob LaVallee,Somewhere in Between,1DOMGngtpVWJBCQpu2jOeP,55,2020,piano,0.425,0.124,4,-19.731,0,0.0436,0.991,0.934,0.0858,0.308,139.027,181993,3
2025-02-04 21:27,Ben Crosland,The Turn,167520,ben crosland - the turn,424565,Ben Crosland,The Turn,0yxIHbEaFdQJI4sStm13BF,40,2020,ambient,0.218,0.091,8,-26.912,0,0.0373,0.974,0.899,0.103,0.263,154.377,167520,3
2025-02-04 21:37,Ludovico Einaudi,The Tree,199166,ludovico einaudi - the tree,585603,Ludovico Einaudi,The Tree,6eir7TDacjXjFscPxDFHC4,69,2023,ambient,0.225,0.00332,5,-38.899,1,0.0546,0.994,0.945,0.0936,0.394,67.988,199167,3
2025-02-04 21:49,Edvard Kravchuk,Momentary,111525,edvard kravchuk - momentary,424354,Edvard Kravchuk,Momentary,4yOXEgQONTAdZddIkipZiO,62,2020,ambient,0.611,0.126,9,-30.213,0,0.0445,0.995,0.889,0.0725,0.185,115.179,111526,4
2025-02-04 21:52,Jacob LaVallee,Lambent,164107,jacob lavallee - lambent,569103,Jacob LaVallee,Lambent,6dTOQYKmig2I8eQ7ZgMBHq,32,2022,piano,0.4,0.0419,6,-23.622,0,0.0418,0.993,0.933,0.105,0.219,103.355,164107,3
2025-02-04 22:18,Tony Anderson,Éphémère,103090,tony anderson - éphémère,479265,Tony Anderson,Éphémère,4LurYqydfPdLc9IN7eQxTF,56,2021,ambient,0.278,0.0217,9,-37.438,0,0.0327,0.98,0.919,0.0926,0.223,104.541,103091,1
2025-02-04 22:24,Jacob LaVallee,Reverie,145534,jacob lavallee - reverie,515411,Jacob LaVallee,Reverie,27fwVOqgLun68LQAQwE6qd,31,2021,piano,0.47,0.0355,5,-23.999,1,0.0377,0.995,0.923,0.102,0.1,135.308,145535,3
2025-02-04 22:27,Hikaru Shirosu,"Waltz No. 1 in B Minor, Collapse",144071,"hikaru shirosu - waltz no. 1 in b minor, collapse",514916,Hikaru Shirosu,"Waltz No. 1 in B Minor, Collapse",1AxZdya49udSTKEhDV8VYp,49,2021,piano,0.483,0.0745,11,-24.502,0,0.04,0.994,0.917,0.133,0.385,168.357,144072,3
2025-02-04 22:39,Ben Crosland,First Rain of Summer,223033,ben crosland - first rain of summer,312398,Ben Crosland,First Rain of Summer,1kVH0MCiUREOriWkXQ0uHq,31,2018,ambient,0.264,0.114,10,-23.208,0,0.0324,0.986,0.923,0.103,0.126,90.375,223033,4
2025-02-04 23:28,Ludovico Einaudi,Experience,235555,ludovico einaudi - experience,57299,Ludovico Einaudi,Experience,1BncfTJAWxrsxyT9culBrj,77,2013,ambient,0.447,0.449,2,-10.634,1,0.0376,0.934,0.961,0.0697,0.036,92.468,315427,4
2025-02-10 21:51,Ludovico Einaudi,Experience,1601,ludovico einaudi - experience,57299,Ludovico Einaudi,Experience,1BncfTJAWxrsxyT9culBrj,77,2013,ambient,0.447,0.449,2,-10.634,1,0.0376,0.934,0.961,0.0697,0.036,92.468,315427,4
2025-02-10 21:55,Dean Lewis,Waves,240013,dean lewis - waves,406440,Dean Lewis,Waves,6w8pFOKn42O418qwcQElZ3,74,2019,pop,0.518,0.729,11,-7.193,0,0.0452,0.183,0.0,0.0643,0.343,156.879,240013,4
2025-02-10 21:59,NF,Time,240428,nf - time,397271,NF,Time,6MxMqCgqmekcr0VwSU7AVH,70,2019,hip-hop,0.677,0.688,0,-4.058,0,0.0633,0.138,0.0,0.114,0.198,98.049,240429,4
2025-02-10 22:13,Arctic Monkeys,I Wanna Be Yours,183956,arctic monkeys - i wanna be yours,77591,Arctic Monkeys,I Wanna Be Yours,5XeFesFbtLpXzIVDNQP22n,91,2013,garage,0.464,0.417,0,-9.345,0,0.0256,0.136,0.022,0.0974,0.479,67.528,183956,4
2025-02-10 22:16,George Ezra,Blame It on Me,196400,george ezra - blame it on me,127960,George Ezra,Blame It on Me,2vzMWO0T008m86yDnXwkII,67,2014,folk,0.537,0.757,3,-3.374,1,0.0274,0.473,0.0,0.341,0.421,103.882,196400,4
2025-02-10 22:24,Bastille,Flaws,218800,bastille - flaws,93679,Bastille,Flaws,67wABU4SjBlnDHB0KiU3HL,47,2013,pop,0.57,0.657,8,-6.987,1,0.0356,0.405,1.86e-06,0.0723,0.41,144.247,218800,4
2025-02-10 22:34,Chappell Roan,Femininomenon,213516,chappell roan - femininomenon,562187,Chappell Roan,Femininomenon,1YlOZY3puELE0PgxD1enZo,50,2022,indie-pop,0.645,0.789,3,-5.324,1,0.0545,0.339,6.32e-05,0.0821,0.31,124.951,219711,4
2025-02-11 03:51,Chappell Roan,Casual,18649,chappell roan - casual,562026,Chappell Roan,Casual,1UTGAopFU1g7qoxTE8sE3D,57,2022,indie-pop,0.508,0.411,1,-6.95,1,0.0269,0.226,0.0,0.0571,0.34,131.008,232796,4
2025-02-11 04:10,Wallows,Are You Bored Yet? (feat. Clairo),178000,wallows - are you bored yet? (feat. clairo),399066,Wallows,Are You Bored Yet? (feat. Clairo),57RA3JGafJm5zRtKJiKPIm,77,2019,indie-pop,0.682,0.683,8,-6.444,0,0.0287,0.156,2.32e-05,0.273,0.64,120.023,178000,4
2025-02-11 23:52,TK from Ling tosite sigure,unravel,238360,tk from ling tosite sigure - unravel,146819,TK from Ling tosite sigure,unravel,1rN9QoVxw5U7TJkyaUR8C1,70,2014,pop,0.508,0.889,7,-2.755,0,0.0862,0.0495,0.0,0.0984,0.332,135.014,238360,4
2025-02-11 23:56,Ikimonogakari,ブルーバード,215706,ikimonogakari - ブルーバード,1097434,Ikimonogakari,ブルーバード,2XpV9sHBexcNrz0Gyf3l18,67,2006,pop,0.536,0.966,6,-2.929,0,0.0558,0.121,0.0,0.0477,0.849,152.076,215707,4
2025-02-12 00:00,LiSA,紅蓮華,237586,lisa - 紅蓮華,410271,LiSA,紅蓮華,0nUKU6e9COOCgO5tAUtlST,53,2019,rock,0.544,0.979,4,-2.8,0,0.153,0.00336,0.000116,0.0775,0.31,135.001,238587,4
2025-02-12 00:17,yama,色彩,106022,yama - 色彩,569489,yama,色彩,1uveEvgKX4irLcp1BUTIFD,71,2022,pop,0.581,0.926,7,-3.268,0,0.0662,0.176,0.0,0.251,0.874,117.04,192176,4
2025-02-12 22:11,yama,色彩,74087,yama - 色彩,569489,yama,色彩,1uveEvgKX4irLcp1BUTIFD,71,2022,pop,0.581,0.926,7,-3.268,0,0.0662,0.176,0.0,0.251,0.874,117.04,192176,4
2025-02-12 22:18,Chappell Roan,Pink Pony Club,258034,chappell roan - pink pony club,562220,Chappell Roan,Pink Pony Club,6rcuy6XqlB9bqvtIRDl25u,49,2022,indie-pop,0.613,0.646,6,-6.393,1,0.0451,0.406,0.0,0.112,0.47,106.958,258035,4
2025-02-12 22:25,NF,Time,240428,nf - time,397271,NF,Time,6MxMqCgqmekcr0VwSU7AVH,70,2019,hip-hop,0.677,0.688,0,-4.058,0,0.0633,0.138,0.0,0.114,0.198,98.049,240429,4
2025-02-12 22:29,Dean Lewis,Waves,240013,dean lewis - waves,406440,Dean Lewis,Waves,6w8pFOKn42O418qwcQElZ3,74,2019,pop,0.518,0.729,11,-7.193,0,0.0452,0.183,0.0,0.0643,0.343,156.879,240013,4
2025-02-12 22:50,Arctic Monkeys,I Wanna Be Yours,181585,arctic monkeys - i wanna be yours,77591,Arctic Monkeys,I Wanna Be Yours,5XeFesFbtLpXzIVDNQP22n,91,2013,garage,0.464,0.417,0,-9.345,0,0.0256,0.136,0.022,0.0974,0.479,67.528,183956,4
2025-02-13 03:49,Chappell Roan,Casual,595,chappell roan - casual,562026,Chappell Roan,Casual,1UTGAopFU1g7qoxTE8sE3D,57,2022,indie-pop,0.508,0.411,1,-6.95,1,0.0269,0.226,0.0,0.0571,0.34,131.008,232796,4
2025-02-13 03:49,Chappell Roan,Casual,1631,chappell roan - casual,562026,Chappell Roan,Casual,1UTGAopFU1g7qoxTE8sE3D,57,2022,indie-pop,0.508,0.411,1,-6.95,1,0.0269,0.226,0.0,0.0571,0.34,131.008,232796,4
2025-02-13 03:49,Wallows,Are You Bored Yet? (feat. Clairo),2141,wallows - are you bored yet? (feat. clairo),399066,Wallows,Are You Bored Yet? (feat. Clairo),57RA3JGafJm5zRtKJiKPIm,77,2019,indie-pop,0.682,0.683,8,-6.444,0,0.0287,0.156,2.32e-05,0.273,0.64,120.023,178000,4
2025-02-13 03:49,Wallows,Are You Bored Yet? (feat. Clairo),796,wallows - are you bored yet? (feat. clairo),399066,Wallows,Are You Bored Yet? (feat. Clairo),57RA3JGafJm5zRtKJiKPIm,77,2019,indie-pop,0.682,0.683,8,-6.444,0,0.0287,0.156,2.32e-05,0.273,0.64,120.023,178000,4
2025-02-13 03:49,Wallows,Are You Bored Yet? (feat. Clairo),996,wallows - are you bored yet? (feat. clairo),399066,Wallows,Are You Bored Yet? (feat. Clairo),57RA3JGafJm5zRtKJiKPIm,77,2019,indie-pop,0.682,0.683,8,-6.444,0,0.0287,0.156,2.32e-05,0.273,0.64,120.023,178000,4
2025-02-13 03:49,Wallows,Are You Bored Yet? (feat. Clairo),627,wallows - are you bored yet? (feat. clairo),399066,Wallows,Are You Bored Yet? (feat. Clairo),57RA3JGafJm5zRtKJiKPIm,77,2019,indie-pop,0.682,0.683,8,-6.444,0,0.0287,0.156,2.32e-05,0.273,0.64,120.023,178000,4
2025-02-13 03:49,Arctic Monkeys,I Wanna Be Yours,2398,arctic monkeys - i wanna be yours,77591,Arctic Monkeys,I Wanna Be Yours,5XeFesFbtLpXzIVDNQP22n,91,2013,garage,0.464,0.417,0,-9.345,0,0.0256,0.136,0.022,0.0974,0.479,67.528,183956,4
2025-02-13 04:02,Chappell Roan,My Kink Is Karma,222578,chappell roan - my kink is karma,562106,Chappell Roan,My Kink is Karma,5nutMjOPSSB9I9CUGOg8lm,53,2022,indie-pop,0.582,0.526,2,-6.201,1,0.0624,0.0621,0.0,0.0847,0.273,86.256,222578,4
2025-02-16 02:46,fun.,Carry On,278373,fun. - carry on,40379,fun.,Carry On,7gpy7sfWPNuOKmUNs3XQYE,58,2012,pop,0.388,0.694,5,-5.769,1,0.0735,0.118,0.000293,0.082,0.365,145.434,278373,5
2025-02-16 23:10,Conan Gray,Family Line,216094,conan gray - family line,569244,Conan Gray,Family Line,0iNZGC211wst3VjtobNnC5,76,2022,pop,0.326,0.397,6,-8.145,1,0.0461,0.619,0.0,0.0979,0.276,153.713,216095,3
2025-02-16 23:14,Arctic Monkeys,505,253586,arctic monkeys - 505,1145378,Arctic Monkeys,505,58ge6dfP91o9oXMzq3XkIS,80,2007,garage,0.52,0.852,0,-5.866,1,0.0543,0.00237,5.79e-05,0.0733,0.234,140.267,253587,4
2025-02-16 23:18,Lana Del Rey,Young And Beautiful,236053,lana del rey - young and beautiful,93567,Lana Del Rey,Young And Beautiful,2nMeu6UenVvwUktBCpLMK9,81,2013,pop,0.324,0.416,11,-8.92,0,0.0368,0.262,3.69e-05,0.11,0.151,113.986,236053,4
2025-02-19 02:36,Pritam,Ye Tune Kya Kiya,314239,pritam - ye tune kya kiya,86654,Pritam,Ye Tune Kya Kiya,2cPUB8EOT6AfJ8oxhyoNXL,66,2013,indian,0.578,0.798,7,-6.01,1,0.0699,0.58,0.0,0.111,0.728,91.96,314240,4
2025-02-19 02:43,Ashnikko,Daisy,146523,ashnikko - daisy,433258,Ashnikko,Daisy,0AUvWawuP0ibk4SQ3sIZjk,67,2020,dance,0.834,0.663,8,-6.143,1,0.133,0.235,0.0,0.372,0.774,121.876,146523,4
2025-02-19 02:46,Fitz and The Tantrums,Out of My League,209386,fitz and the tantrums - out of my league,56397,Fitz and The Tantrums,Out of My League,2AYEOC02WLhUiOoaig2SEH,71,2013,alt-rock,0.545,0.968,9,-3.553,0,0.0853,0.0387,0.00325,0.331,0.527,169.965,209386,4
2025-02-19 02:50,New West,Those Eyes,220750,new west - those eyes,399063,New West,Those Eyes,50x1Ic8CaXkYNvjmxe3WXy,87,2019,indie-pop,0.593,0.352,4,-8.296,1,0.0284,0.695,2.22e-05,0.3,0.226,119.988,220750,3
2025-02-19 02:55,Anuv Jain,Riha,287312,anuv jain - riha,398195,Anuv Jain,Riha,6Ln89sczgIcAJXGAIdS94R,58,2019,indian,0.389,0.148,3,-11.011,1,0.03,0.897,0.0,0.114,0.4,142.611,287324,4
2025-02-19 03:00,Olivia Rodrigo,deja vu,3239,olivia rodrigo - deja vu,515572,Olivia Rodrigo,deja vu,6HU7h9RYOaPRFeh0R3UeAr,83,2021,pop,0.442,0.612,2,-7.222,1,0.112,0.584,5.7e-06,0.37,0.178,180.917,215507,4
2025-02-19 03:14,Chappell Roan,Pink Pony Club,258034,chappell roan - pink pony club,562220,Chappell Roan,Pink Pony Club,6rcuy6XqlB9bqvtIRDl25u,49,2022,indie-pop,0.613,0.646,6,-6.393,1,0.0451,0.406,0.0,0.112,0.47,106.958,258035,4
2025-02-19 03:23,Pritam,Ye Tune Kya Kiya,314239,pritam - ye tune kya kiya,86654,Pritam,Ye Tune Kya Kiya,2cPUB8EOT6AfJ8oxhyoNXL,66,2013,indian,0.578,0.798,7,-6.01,1,0.0699,0.58,0.0,0.111,0.728,91.96,314240,4
2025-02-19 03:31,Atif Aslam,Jeene Laga Hoon,236933,atif aslam - jeene laga hoon,93764,Atif Aslam,Jeene Laga Hoon,3t3wsY5IdLVzB9WidegJSU,65,2013,pop,0.533,0.732,7,-7.901,0,0.0424,0.166,0.000189,0.138,0.554,90.315,236933,4
2025-02-19 03:34,Anuv Jain,Alag Aasmaan,212750,anuv jain - alag aasmaan,453815,Anuv Jain,Alag Aasmaan,74kCarkFBzXYXNkkYJIsG0,68,2020,indian,0.699,0.299,6,-12.599,1,0.0403,0.869,0.0,0.0724,0.459,118.969,212773,4
2025-02-20 23:04,Vishal-Shekhar,Khuda Jaane,197957,vishal-shekhar - khuda jaane,1238805,Vishal-Shekhar,Khuda Jaane,0gPgdRfB4jdGrlyXS0Vx78,70,2008,pop,0.382,0.632,8,-6.393,1,0.0411,0.391,0.000486,0.0922,0.716,78.936,333584,4
2025-02-24 20:19,Vishal-Shekhar,Khuda Jaane,94918,vishal-shekhar - khuda jaane,1238805,Vishal-Shekhar,Khuda Jaane,0gPgdRfB4jdGrlyXS0Vx78,70,2008,pop,0.382,0.632,8,-6.393,1,0.0411,0.391,0.000486,0.0922,0.716,78.936,333584,4
2025-02-24 21:37,Grimes,Kill V. Maim,44940,grimes - kill v. maim,175427,Grimes,Kill V. Maim,3WXhshrs1fzwF3rQE399Gq,62,2015,electro,0.578,0.947,11,-2.431,0,0.0359,0.00744,0.0816,0.105,0.456,134.033,246007,4
2025-02-25 16:02,Grimes,Kill V. Maim,57307,grimes - kill v. maim,175427,Grimes,Kill V. Maim,3WXhshrs1fzwF3rQE399Gq,62,2015,electro,0.578,0.947,11,-2.431,0,0.0359,0.00744,0.0816,0.105,0.456,134.033,246007,4
2025-02-25 17:51,Grimes,Kill V. Maim,28222,grimes - kill v. maim,175427,Grimes,Kill V. Maim,3WXhshrs1fzwF3rQE399Gq,62,2015,electro,0.578,0.947,11,-2.431,0,0.0359,0.00744,0.0816,0.105,0.456,134.033,246007,4
2025-02-25 18:05,Caroline Polachek,Sunset,162909,caroline polachek - sunset,547848,Caroline Polachek,Sunset,2eQ9B2SsQFU2qCnHSas3eQ,55,2022,electro,0.462,0.745,11,-5.356,0,0.0652,0.589,0.00015,0.288,0.648,122.051,163116,4
2025-02-25 18:11,Billie Eilish,watch,177523,billie eilish - watch,271631,Billie Eilish,watch,7eB1V5LvAdxCc7brfGhRRo,77,2017,electro,0.441,0.599,0,-8.985,1,0.225,0.333,0.00198,0.103,0.35,165.212,177523,4
2025-02-25 18:27,All Time Low,Monsters (feat. blackbear),174067,all time low - monsters (feat. blackbear),462037,All Time Low,Monsters (feat. blackbear),0tyR7Bu9P086aWBFZ4QJoo,69,2020,pop,0.369,0.845,0,-3.449,0,0.0611,0.0493,0.0,0.416,0.782,78.532,174068,4
2025-02-25 18:34,Bryce Fox,Golden Boy,168555,bryce fox - golden boy,479236,Bryce Fox,Golden Boy,6PQkriCkh2BjZGeK7qTC0q,33,2021,alt-rock,0.694,0.78,9,-6.844,1,0.0728,0.00184,0.0,0.222,0.621,130.058,168555,4
2025-02-25 18:45,Kali Uchis,Melting,208853,kali uchis - melting,197515,Kali Uchis,Melting,2kSb3wYSOV996xA2NSmpck,81,2015,pop,0.574,0.479,8,-7.776,1,0.0355,0.179,0.0803,0.106,0.303,115.263,208854,4
2025-02-25 18:48,Lizzy McAlpine,ceilings,182887,lizzy mcalpine - ceilings,549416,Lizzy McAlpine,ceilings,2L9N0zZnd37dwF0clgxMGI,89,2022,folk,0.516,0.322,9,-11.762,1,0.0292,0.473,0.00194,0.215,0.261,148.005,182888,3
2025-02-25 18:52,BLACKPINK,Kill This Love,191050,blackpink - kill this love,401157,BLACKPINK,Kill This Love,6hvczQ05jc1yGlp9zhb95V,73,2019,k-pop,0.763,0.835,2,-5.234,0,0.191,0.323,0.00221,0.225,0.645,131.875,191050,4
2025-02-25 19:00,RAYE,Escapism.,272373,raye - escapism.,541578,RAYE,Escapism.,5Z2MiIZ5I3jJvvmeWMLbOQ,90,2022,dance,0.538,0.742,2,-5.355,1,0.114,0.138,4.67e-05,0.0934,0.25,96.107,272373,4
2025-02-25 19:03,SZA,Kill Bill,153946,sza - kill bill,569184,SZA,Kill Bill,1Qrg8KqiBpW07V7PNxwwwL,94,2022,pop,0.644,0.735,8,-5.747,1,0.0391,0.0521,0.144,0.161,0.418,88.98,153947,4
2025-02-25 19:06,Anne-Marie,PSYCHO,162666,anne-marie - psycho,541643,Anne-Marie,PSYCHO,1eprzC29mwUQqcVj0eILdx,75,2022,dance,0.62,0.681,9,-4.915,1,0.356,0.0138,0.0,0.0248,0.741,160.743,162493,4
2025-02-25 19:09,Stephen Sanchez,Until I Found You (with Em Beihold) - Em Beihold Version,176440,stephen sanchez - until i found you (with em beihold) - em beihold version,569194,Stephen Sanchez,Until I Found You (with Em Beihold) - Em Beihold Version,1Y3LN4zO1Edc2EluIoSPJN,91,2022,pop,0.551,0.55,10,-5.339,1,0.0286,0.777,0.0,0.202,0.342,101.19,176440,3
2025-02-25 19:15,BoyWithUke,Sick of U (with Oliver Tree),168676,boywithuke - sick of u (with oliver tree),574201,BoyWithUke,Sick of U (with Oliver Tree),5IXdkgrT4lb9sKIb8tbOQ3,73,2022,sad,0.676,0.814,0,-3.213,1,0.0585,0.277,0.0,0.0953,0.601,92.554,168676,4
2025-02-25 19:18,Sachin-Jigar,Saibo,195253,sachin-jigar - saibo,516629,Sachin-Jigar,Saibo,4qCcvSPIEDs1mCPAsaHFyC,12,2021,pop-film,0.619,0.429,2,-7.867,1,0.028,0.738,1.35e-05,0.136,0.545,90.058,195253,4
2025-02-25 19:22,Taylor Swift,Lavender Haze,202395,taylor swift - lavender haze,569193,Taylor Swift,Lavender Haze,5jQI2r1RdgtuT8S3iG8zFC,86,2022,pop,0.733,0.436,10,-10.489,1,0.08,0.258,0.000573,0.157,0.0976,96.985,202396,4
2025-02-25 19:25,WILLOW,Wait a Minute!,196520,willow - wait a minute!,197518,WILLOW,Wait a Minute!,0y60itmpH0aPKsFiGxmtnh,79,2015,pop,0.764,0.705,3,-5.279,0,0.0278,0.0371,1.94e-05,0.0943,0.672,101.003,196520,4
2025-02-25 19:28,Daisy the Great,Record Player (with AJR),149538,daisy the great - record player (with ajr),508549,Daisy the Great,Record Player (with AJR),4jYt1pQqg2mIZmY4FWCZEM,62,2021,indie-pop,0.665,0.684,11,-7.049,0,0.106,0.247,0.0,0.0636,0.927,73.986,149538,4
2025-02-25 19:31,Sia,Unstoppable,217746,sia - unstoppable,224449,Sia,Unstoppable,1yvMUkIOTeUNtNWlWRgANS,81,2016,dance,0.468,0.779,9,-4.839,1,0.0779,0.112,0.000373,0.101,0.26,173.799,217747,4
2025-02-25 19:34,ILLENIUM,Story Of My Life (feat. Trippie Redd),191124,illenium - story of my life (feat. trippie redd),487951,ILLENIUM,Story Of My Life (feat. Trippie Redd),1g7j5AxiNKTGjryhFIlAsA,63,2021,dance,0.521,0.892,3,-4.029,1,0.0433,0.0539,0.0,0.117,0.369,96.991,191124,4
2025-02-25 19:37,Half an Orange,Blink 182,184000,half an orange - blink 182,383901,Half an Orange,Blink 182,0GUCG3rXFQXFBwl3hExO2p,47,2019,edm,0.59,0.469,10,-7.387,0,0.0525,0.206,0.0,0.109,0.37,149.86,184000,4
2025-02-25 19:40,The Kid LAROI,WITHOUT YOU,161384,the kid laroi - without you,506701,The Kid LAROI,WITHOUT YOU,1KMkcUvF7m3SDChDOa7i5L,77,2021,hip-hop,0.662,0.413,0,-7.357,1,0.0299,0.213,0.0,0.134,0.467,93.005,161385,4
2025-02-25 19:44,Lana Del Rey,Summertime Sadness (Lana Del Rey Vs. Cedric Gervais) - Cedric Gervais Remix,214912,lana del rey - summertime sadness (lana del rey vs. cedric gervais) - cedric gervais remix,93586,Lana Del Rey,Summertime Sadness (Lana Del Rey Vs. Cedric Gervais) - Cedric Gervais Remix,6PUIzlqotEmPuBfjbwYWOB,71,2013,pop,0.572,0.81,1,-5.791,0,0.0558,0.0157,6.53e-06,0.13,0.11,126.052,214912,4
2025-02-25 19:48,Halsey,Colors,249499,halsey - colors,175423,Halsey,Colors,1TnUURhehaoMWKAqQtirm6,65,2015,electro,0.512,0.812,1,-4.809,1,0.0617,0.0534,0.0,0.092,0.521,100.02,249500,4
2025-02-25 19:51,Conan Gray,People Watching,158536,conan gray - people watching,515647,Conan Gray,People Watching,4JeOesjcWWlprTAvucDSJX,67,2021,pop,0.53,0.593,5,-7.286,1,0.0545,0.385,0.0,0.314,0.538,125.723,158537,4
2025-02-25 19:54,Olivia Rodrigo,happier,175933,olivia rodrigo - happier,515580,Olivia Rodrigo,happier,2tGvwE8GcFKwNdAXMnlbfl,82,2021,pop,0.395,0.443,6,-9.72,1,0.133,0.765,9.67e-06,0.0839,0.338,168.924,175933,3
2025-02-25 19:58,Conan Gray,Memories,248818,conan gray - memories,569229,Conan Gray,Memories,5UXJzLFdBn6u9FJTCnoHrH,81,2022,pop,0.34,0.684,11,-6.306,1,0.044,0.00979,0.0,0.348,0.556,112.969,248819,4
2025-02-25 20:01,Panic! At The Disco,House of Memories,208706,panic! at the disco - house of memories,614809,Panic! At The Disco,House of Memories,45o7a1TpJadHENVHLnR78t,0,2023,rock,0.506,0.817,11,-5.052,0,0.0336,0.00283,0.0,0.0486,0.49,109.955,208707,4
2025-02-25 20:05,Eminem,Lucky You (feat. Joyner Lucas),244679,eminem - lucky you (feat. joyner lucas),340927,Eminem,Lucky You (feat. Joyner Lucas),60SdxE8apGAxMiRrpbmLY0,73,2018,hip-hop,0.876,0.786,10,-4.884,0,0.306,0.0627,0.0,0.127,0.575,153.068,244679,4
2025-02-25 20:08,Dove Cameron,Boyfriend,153000,dove cameron - boyfriend,569224,Dove Cameron,Boyfriend,59CfNbkERJ3NoTXDvoURjj,81,2022,pop,0.345,0.612,7,-6.543,0,0.0608,0.232,0.0,0.194,0.232,179.773,153000,3
2025-02-25 20:12,Suki Waterhouse,Good Looking,214800,suki waterhouse - good looking,561974,Suki Waterhouse,Good Looking,0j3mqDTK4Z6lvrLzFCUUz6,78,2022,indie-pop,0.364,0.554,4,-9.076,1,0.0301,0.077,0.000297,0.125,0.257,150.079,214800,3
2025-02-25 20:15,Suki Waterhouse,Good Looking,214800,suki waterhouse - good looking,561974,Suki Waterhouse,Good Looking,0j3mqDTK4Z6lvrLzFCUUz6,78,2022,indie-pop,0.364,0.554,4,-9.076,1,0.0301,0.077,0.000297,0.125,0.257,150.079,214800,3
2025-02-25 20:19,lovelytheband,broken,204878,lovelytheband - broken,311050,lovelytheband,broken,6XcfKZvJio9Z0fQy11GnNX,67,2018,alt-rock,0.666,0.728,7,-5.808,1,0.0419,0.00175,4.26e-06,0.0429,0.51,122.996,204878,4
2025-02-25 20:22,Billie Eilish,Six Feet Under,189613,billie eilish - six feet under,231076,Billie Eilish,Six Feet Under,2VlLbhGLVJgdOW7kKdWWFc,72,2016,electro,0.576,0.307,11,-12.732,0,0.0428,0.807,0.000355,0.0792,0.157,67.513,189613,4
2025-02-25 20:25,Anuv Jain,Alag Aasmaan,212750,anuv jain - alag aasmaan,453815,Anuv Jain,Alag Aasmaan,74kCarkFBzXYXNkkYJIsG0,68,2020,indian,0.699,0.299,6,-12.599,1,0.0403,0.869,0.0,0.0724,0.459,118.969,212773,4
2025-02-25 20:29,BTS,Life Goes On,207481,bts - life goes on,456852,BTS,Life Goes On,5FVbvttjEvQ8r2BgUcJgNg,76,2020,k-pop,0.566,0.716,1,-5.733,1,0.0424,0.00691,0.0,0.37,0.45,81.068,207481,4
2025-02-25 20:33,BTS,We are Bulletproof : the Eternal,261542,bts - we are bulletproof : the eternal,456885,BTS,We are Bulletproof : the Eternal,133ocfbXXG4HTk76qgSeUb,68,2020,k-pop,0.522,0.574,9,-5.225,0,0.0317,0.224,0.0,0.108,0.176,84.044,261543,4
2025-02-25 20:37,BTS,Dope,240020,bts - dope,192414,BTS,Dope,7jPCPDYoiaKeK7cgNGpIzq,66,2015,k-pop,0.595,0.89,10,-3.109,0,0.245,0.0486,0.0,0.32,0.62,154.071,240021,4
2025-02-25 20:41,BTS,Burning Up (Fire),203351,bts - burning up (fire),247536,BTS,Burning Up (Fire),0aE3V0zgSD2YwkEHW42gxG,70,2016,k-pop,0.626,0.706,10,-3.201,0,0.0596,0.00225,0.0,0.122,0.534,99.939,203352,4
2025-02-25 20:41,BTS,Burning Up (Fire),203351,bts - burning up (fire),564348,BTS,Burning Up (FIRE),5cQPIQAF2T1elxWs7EqB9W,60,2022,k-pop,0.63,0.668,3,-4.266,0,0.0714,0.00287,0.0,0.125,0.529,99.949,203958,4
2025-02-25 20:45,BTS,ON,246380,bts - on,456863,BTS,ON,0fZRNhPJ4AGmwY7rkpdbqK,71,2020,k-pop,0.583,0.817,9,-5.146,0,0.099,0.118,0.0,0.338,0.437,105.935,246381,4
2025-02-25 20:55,Naughty Boy,No One’s Here To Sleep,3275,naughty boy - no one’s here to sleep,120104,Naughty Boy,No One’s Here To Sleep,2oyiRrtSRCSdSSLWPS3E8j,36,2014,dance,0.636,0.497,0,-6.876,0,0.0313,0.0312,0.00148,0.108,0.148,122.026,272547,4
2025-02-25 22:16,Naughty Boy,No One’s Here To Sleep,11020,naughty boy - no one’s here to sleep,120104,Naughty Boy,No One’s Here To Sleep,2oyiRrtSRCSdSSLWPS3E8j,36,2014,dance,0.636,0.497,0,-6.876,0,0.0313,0.0312,0.00148,0.108,0.148,122.026,272547,4
2025-02-26 17:56,Naughty Boy,No One’s Here To Sleep,1545,naughty boy - no one’s here to sleep,120104,Naughty Boy,No One’s Here To Sleep,2oyiRrtSRCSdSSLWPS3E8j,36,2014,dance,0.636,0.497,0,-6.876,0,0.0313,0.0312,0.00148,0.108,0.148,122.026,272547,4
2025-02-27 02:19,Naughty Boy,No One’s Here To Sleep,39585,naughty boy - no one’s here to sleep,120104,Naughty Boy,No One’s Here To Sleep,2oyiRrtSRCSdSSLWPS3E8j,36,2014,dance,0.636,0.497,0,-6.876,0,0.0313,0.0312,0.00148,0.108,0.148,122.026,272547,4
2025-02-27 02:21,Yehezkel Raz,Before You Left,110900,yehezkel raz - before you left,386375,Yehezkel Raz,Before You Left,6IVIZuZrtuSlSPghHR1vRU,42,2019,folk,0.473,0.00366,0,-37.476,0,0.0358,0.995,0.956,0.0996,0.296,94.988,110900,3
2025-02-27 02:26,Ludovico Einaudi,Experience,315426,ludovico einaudi - experience,57299,Ludovico Einaudi,Experience,1BncfTJAWxrsxyT9culBrj,77,2013,ambient,0.447,0.449,2,-10.634,1,0.0376,0.934,0.961,0.0697,0.036,92.468,315427,4
2025-02-27 02:43,Emile Pandolfi,So This Is Love,172187,emile pandolfi - so this is love,403530,Emile Pandolfi,So This Is Love,0gsBQy8Q0eWlR67xDmoWFw,54,2019,new-age,0.279,0.234,7,-17.515,1,0.0396,0.975,0.871,0.0908,0.24,163.883,172187,1
2025-02-27 03:00,Hikaru Shirosu,"Waltz No. 1, Op. 6 ""Collapse""",157647,"hikaru shirosu - waltz no. 1, op. 6 ""collapse""",461234,Hikaru Shirosu,"Waltz No. 1, Op. 6 ""Collapse""",0vkyBVcGTbdOW5BJirBjKx,55,2020,piano,0.537,0.0758,0,-26.395,0,0.043,0.993,0.9,0.225,0.412,154.438,157647,3
2025-02-27 03:06,aspidistrafly,Landscape With a Fairy,265253,aspidistrafly - landscape with a fairy,1451154,aspidistrafly,Landscape With a Fairy,19doORzyzOFARW6I0Fydc8,52,2011,pop,0.303,0.291,5,-12.932,1,0.0318,0.934,0.824,0.363,0.197,111.327,265253,3
2025-02-27 03:09,Ben Crosland,The Hourglass,120746,ben crosland - the hourglass,424363,Ben Crosland,The Hourglass,6AUxUEdwGIBjnUaifqYOHe,57,2020,ambient,0.441,0.146,4,-22.778,1,0.0492,0.963,0.934,0.111,0.102,112.506,120747,3
2025-02-27 03:16,Frédéric Chopin,Nocturne Op. 9 No. 2,302269,frédéric chopin - nocturne op. 9 no. 2,169285,Frédéric Chopin,Nocturne Op. 9 No. 2,61YM5SkqqeUjIBL7It56cs,61,2015,classical,0.446,0.0146,10,-31.047,1,0.12,0.991,0.945,0.116,0.0815,137.697,302269,1
2025-02-27 03:26,Jacob LaVallee,Somewhere in Between,181992,jacob lavallee - somewhere in between,461231,Jacob LaVallee,Somewhere in Between,1DOMGngtpVWJBCQpu2jOeP,55,2020,piano,0.425,0.124,4,-19.731,0,0.0436,0.991,0.934,0.0858,0.308,139.027,181993,3
2025-02-27 03:33,Patrick Watson,Je te laisserai des mots,160853,patrick watson - je te laisserai des mots,1354803,Patrick Watson,Je te laisserai des mots,0V5cvmTKsYmF5FmGGEAfmS,82,2010,folk,0.303,0.187,2,-16.757,1,0.0356,0.989,0.489,0.101,0.213,132.731,160853,4
2025-02-27 04:27,Ludovico Einaudi,Experience,5281,ludovico einaudi - experience,57299,Ludovico Einaudi,Experience,1BncfTJAWxrsxyT9culBrj,77,2013,ambient,0.447,0.449,2,-10.634,1,0.0376,0.934,0.961,0.0697,0.036,92.468,315427,4
2025-02-27 04:30,Selena Gomez,Souvenir,161605,selena gomez - souvenir,433284,Selena Gomez,Souvenir,3ZCBSFcZSRM9Z48ew28Zrf,68,2020,dance,0.841,0.479,0,-5.837,0,0.0376,0.207,1.16e-05,0.122,0.454,112.968,161606,4
2025-02-27 04:37,Olivia Rodrigo,drivers license,235159,olivia rodrigo - drivers license,515574,Olivia Rodrigo,drivers license,5wANPM4fQCJwkGd4rN57mH,84,2021,pop,0.561,0.431,10,-8.81,1,0.0578,0.768,1.42e-05,0.106,0.137,143.875,242013,4
2025-02-27 04:38,Rachel Platten,Fight Song,1851,rachel platten - fight song,224464,Rachel Platten,Fight Song,37f4ITSlgPX81ad2EvmVQr,75,2016,dance,0.564,0.714,7,-4.987,1,0.129,0.0549,0.0,0.155,0.33,175.924,204013,4
2025-02-27 04:38,Olivia Rodrigo,drivers license,6856,olivia rodrigo - drivers license,515574,Olivia Rodrigo,drivers license,5wANPM4fQCJwkGd4rN57mH,84,2021,pop,0.561,0.431,10,-8.81,1,0.0578,0.768,1.42e-05,0.106,0.137,143.875,242013,4
2025-02-27 04:38,Alesso,REMEDY,1382,alesso - remedy,321190,Alesso,REMEDY,6jreFSOTUAViWjKyzOC4Kg,63,2018,dance,0.601,0.775,0,-4.612,1,0.0473,0.269,0.0,0.0883,0.483,119.964,190295,4
2025-02-27 04:42,Sub Urban,Cradles,209829,sub urban - cradles,399077,Sub Urban,Cradles,5sSYvDVyP0CP9TUiqy3fuF,70,2019,indie-pop,0.537,0.586,6,-1.864,1,0.314,0.265,7.04e-05,0.175,0.624,79.056,209829,4
2025-02-27 04:45,Imagine Dragons,Natural,189466,imagine dragons - natural,354036,Imagine Dragons,Natural,2FY7b99s15jUprqC0M5NCT,80,2018,rock,0.704,0.611,2,-6.112,1,0.0409,0.217,0.0,0.0812,0.22,100.0,189467,4
2025-02-27 04:48,Tove Lo,Habits (Stay High),209160,tove lo - habits (stay high),119678,Tove Lo,Habits (Stay High),14OxJlLdcHNpgsm4DRwDOB,71,2014,dance,0.729,0.65,5,-3.539,1,0.0313,0.0702,6.69e-05,0.0829,0.347,110.02,209160,4
2025-02-27 04:52,Chappell Roan,Femininomenon,219710,chappell roan - femininomenon,562187,Chappell Roan,Femininomenon,1YlOZY3puELE0PgxD1enZo,50,2022,indie-pop,0.645,0.789,3,-5.324,1,0.0545,0.339,6.32e-05,0.0821,0.31,124.951,219711,4
2025-02-27 04:55,Bruno Mars,Count on Me,197469,bruno mars - count on me,1380396,Bruno Mars,Count on Me,7l1qvxWjxcKpB9PCtBuTbU,73,2010,pop,0.589,0.389,0,-5.972,1,0.028,0.851,0.0,0.0772,0.501,89.1,197470,4
2025-02-27 04:59,Sam Smith,How Do You Sleep?,202204,sam smith - how do you sleep?,406469,Sam Smith,How Do You Sleep?,6b2RcmUt1g9N9mQ3CbjX2Y,71,2019,pop,0.477,0.682,1,-4.931,0,0.0925,0.153,0.0,0.0763,0.345,110.567,202205,5
2025-02-27 22:40,Twenty One Pilots,Ride,46807,twenty one pilots - ride,201247,Twenty One Pilots,Ride,2Z8WuEywRWYTKe1NybPQEW,80,2015,rock,0.645,0.713,6,-5.355,1,0.0393,0.00835,0.0,0.113,0.566,74.989,214507,4
2025-02-28 20:17,Dhruv,double take,75120,dhruv - double take,373153,dhruv,double take,47isJpIIO8m7BJEhiFhnaf,72,2019,chill,0.456,0.437,8,-11.156,1,0.0867,0.839,0.0,0.218,0.209,108.678,171743,4
2025-02-28 23:15,Billie Eilish,Therefore I Am,7749,billie eilish - therefore i am,439847,Billie Eilish,Therefore I Am,54bFM56PmE4YLRnqpW6Tha,72,2020,electro,0.889,0.34,11,-7.773,0,0.0697,0.218,0.13,0.055,0.716,94.009,174321,4
2025-02-28 23:15,Camila Cabello,Easy,642,camila cabello - easy,377937,Camila Cabello,Easy,46D0hYb1B7qiU33VtXt21W,58,2019,dance,0.574,0.593,4,-5.731,0,0.0463,0.411,1.55e-06,0.0966,0.355,128.073,194686,4
2025-02-28 23:20,John Legend,All of Me,269560,john legend - all of me,93570,John Legend,All of Me,3U4isOIWM3VvDubwSI3y7a,83,2013,pop,0.422,0.264,8,-7.064,1,0.0322,0.922,0.0,0.132,0.331,119.93,269560,4
2025-02-28 23:26,Taylor Swift,Lover,5936,taylor swift - lover,406372,Taylor Swift,Lover,1dGr1c8CrMLDpV6mPbImSI,83,2019,pop,0.359,0.543,7,-7.582,1,0.0919,0.492,1.58e-05,0.118,0.453,68.534,221307,4
2025-02-28 23:29,Halsey,Graveyard,181805,halsey - graveyard,433250,Halsey,Graveyard,2ufmtcIFdFpuUYBPXK5f67,67,2020,dance,0.667,0.583,11,-5.127,0,0.0747,0.231,4.48e-05,0.181,0.187,92.043,181806,4
2025-02-28 23:36,Maroon 5,Daylight,225306,maroon 5 - daylight,40371,Maroon 5,Daylight,6TwfdLbaxTKzQi3AgsZNzx,61,2012,pop,0.657,0.679,2,-5.511,1,0.0269,0.00246,0.0,0.211,0.331,120.007,225307,4
2025-02-28 23:38,MEDUZA,Piece Of Your Heart,152913,meduza - piece of your heart,377720,MEDUZA,Piece Of Your Heart,1DFD5Fotzgn6yYXkYsKiGs,75,2019,dance,0.677,0.744,10,-6.806,0,0.0295,0.0404,0.00016,0.074,0.631,124.08,152913,4
2025-02-28 23:42,BLACKPINK,BOOMBAYAH,240793,blackpink - boombayah,247529,BLACKPINK,BOOMBAYAH,13MF2TYuyfITClL1R2ei6e,75,2016,k-pop,0.661,0.836,5,-3.164,0,0.059,0.00268,0.0,0.497,0.396,124.952,240793,4
